t_bmjd,flux,model_sym,model_asym,ramp,res_sym
61021.455243605225,1.0007910023162454,1.0006063933867102,1.0006098126843532,1.0006063933867102,0.00018460892953520158
61021.45532735498,1.001712561681535,1.000609675201999,1.000613046571632,1.000609675201999,0.001102886479535936
61021.45541110473,1.0009093193865835,1.0006129337382121,1.0006162575470663,1.0006129337382121,0.0002963856483713112
61021.45549485448,1.001480918356941,1.0006161690995519,1.0006194457125595,1.0006161690995519,0.000864749257389219
61021.45557860424,1.000492653596629,1.0006193813897815,1.0006226111695915,1.0006193813897815,-0.00012672779315248128
61021.45566235399,1.0002891351042515,1.0006225707113976,1.0006257540183998,1.0006225707113976,-0.0003334356071460487
61021.45574610374,1.0000093140796427,1.0006257371673095,1.0006288743596337,1.0006257371673095,-0.0006164230876668508
61021.45582985349,1.0012717299707707,1.0006288808597188,1.000631972293253,1.0006288808597188,0.0006428491110519463
61021.45591360324,1.0008415260947965,1.0006320018904038,1.0006350479188066,1.0006320018904038,0.00020952420439268593
61021.45599735299,1.0016864101927845,1.0006351003607206,1.0006381013354324,1.0006351003607206,0.001051309832063918
61021.45608110274,1.000445322752462,1.0006381763716046,1.0006411326418618,1.0006381763716046,-0.0001928536191426744
61021.4561648525,1.0018218451612126,1.0006412300238372,1.0006441419366787,1.0006412300238372,0.0011806151373754403
61021.45624860225,1.0003261337160916,1.0006442614169873,1.0006471293172796,1.0006442614169873,-0.0003181277008956762
61021.456332352,1.0017990898933355,1.0006472706510057,1.0006500948814436,1.0006472706510057,0.0011518192423298768
61021.456416101755,1.0015661777648504,1.0006502578254224,1.0006530387265395,1.0006502578254224,0.0009159199394279671
61021.45649985151,1.0008514659630823,1.0006532230388334,1.0006559609490244,1.0006532230388334,0.00019824292424885925
61021.45658360126,0.9992427831684636,1.0006561663894336,1.0006588616449636,1.0006561663894336,-0.0014133832209699548
61021.45666735101,1.000717681626744,1.0006590879755215,1.0006617409105325,1.0006590879755215,5.859365122251603e-05
61021.45675110076,1.001915541031029,1.0006619878947314,1.0006645988412566,1.0006619878947314,0.0012535531362976027
61021.45683485051,1.0008277771238328,1.0006648662442916,1.0006674355322678,1.0006648662442916,0.0001629108795411227
61021.45691860026,1.001000831396121,1.000667723121028,1.0006702510783065,1.000667723121028,0.0003331082750930303
61021.45700235002,1.0015992421261017,1.0006705586216091,1.000673045573966,1.0006705586216091,0.0009286835044926001
61021.45708609977,1.0006011581191436,1.0006733728415664,1.0006758191127223,1.0006733728415664,-7.221472242280313e-05
61021.45716984953,1.0000286172921693,1.000676165877014,1.0006785717886326,1.000676165877014,-0.000647548584844726
61021.45725359928,1.0018292823860515,1.000678937822695,1.0006813036944089,1.000678937822695,0.001150344563356498
61021.45733734903,1.0002384719274142,1.000681688773687,1.0006840149230978,1.000681688773687,-0.0004432168462726871
61021.45742109878,0.999996401280803,1.0006844188244295,1.0006867055671231,1.0006844188244295,-0.0006880175436264624
61021.45750484853,1.0009172287251586,1.0006871280689713,1.0006893757185298,1.0006871280689713,0.00023010065618733755
61021.45758859828,1.0007034074026586,1.00068981660097,1.0006920254689824,1.00068981660097,1.3590801688723175e-05
61021.45767234803,1.0010902548963398,1.0006924845136953,1.0006946549097682,1.0006924845136953,0.00039777038264454667
61021.457756097785,1.0003754599317678,1.000695131900259,1.0006972641320258,1.000695131900259,-0.000319671968491253
61021.457839847535,1.0013658758739077,1.0006977588526986,1.0006998532258387,1.0006977588526986,0.0006681170212090581
61021.457923597285,0.9994716758177281,1.0007003654633584,1.0007024222815997,1.0007003654633584,-0.0012286896456302765
61021.45800734704,1.0001635193037635,1.0007029518241932,1.0007049713893232,1.0007029518241932,-0.0005394325204297612
61021.45809109679,1.0009976789978483,1.0007055180261053,1.0007075006379904,1.0007055180261053,0.00029216097174300515
61021.45817484655,1.00066588570836,1.0007080641605115,1.0007100101170963,1.0007080641605115,-4.217845215159777e-05
61021.4582585963,0.9997774590789067,1.0007105903175644,1.0007124999148949,1.0007105903175644,-0.0009331312386576807
61021.45834234605,1.0010829778580916,1.000713096587705,1.000714970119929,1.000713096587705,0.00036988127038672935
61021.4584260958,1.000249518018412,1.000715583060777,1.000717420820159,1.000715583060777,-0.00046606504236490487
61021.45850984555,1.001622189304389,1.0007180498262522,1.000719852103184,1.0007180498262522,0.0009041394781368339
61021.45859359531,1.0011142759919083,1.0007204969734427,1.0007222640564504,1.0007204969734427,0.00039377901846560093
61021.45867734506,1.0013686724928574,1.0007229245906542,1.0007246567664176,1.0007229245906542,0.0006457479022032864
61021.45876109481,1.0002766834316048,1.000725332766463,1.0007270303198177,1.000725332766463,-0.00044864933485810887
61021.458844844565,0.9999169299027819,1.0007277215890713,1.0007293848030192,1.0007277215890713,-0.0008107916862893916
61021.458928594315,1.0009427204501773,1.0007300911456956,1.0007317203014232,1.0007300911456956,0.00021262930448173734
61021.459012344065,1.000039640256909,1.0007324415238115,1.0007340369006923,1.0007324415238115,-0.0006928012669025208
61021.459096093815,1.0009992204329956,1.0007347728103242,1.0007363346859315,1.0007347728103242,0.0002644476226714154
61021.459179843565,1.0007154242839928,1.0007370850917792,1.000738613741896,1.0007370850917792,-2.1660807786316738e-05
61021.459263593315,1.0003000130821038,1.0007393784543621,1.0007408741529917,1.0007393784543621,-0.00043936537225830463
61021.459347343065,1.001599951323015,1.0007416529839008,1.000743116003277,1.0007416529839008,0.0008582983391141052
61021.45943109282,1.0020056101782278,1.000743908766063,1.0007453393766568,1.000743908766063,0.0012617014121647507
61021.45951484257,1.0007206639788417,1.0007461458855746,1.0007475443561127,1.0007461458855746,-2.5481906732904847e-05
61021.45959859233,1.0008843133141625,1.000748364427589,1.0007497310250524,1.000748364427589,0.00013594888657353366
61021.45968234208,1.0010135963866638,1.0007505644761328,1.000751899465779,1.0007505644761328,0.0002630319105310086
61021.45976609183,1.0017050029745709,1.0007527461154628,1.0007540497608258,1.0007527461154628,0.0009522568591080471
61021.45984984158,1.0002857573775727,1.000754909429293,1.0007561819921962,1.000754909429293,-0.0004691520517201564
61021.45993359133,1.0015015672226382,1.0007570545009896,1.0007582962415567,1.0007570545009896,0.0007445127216485492
61021.46001734108,1.00044521132995,1.000759181413574,1.0007603925902362,1.000759181413574,-0.00031397008362388235
61021.46010109083,1.0011598426513877,1.000761290249722,1.0007624711192304,1.000761290249722,0.00039855240166564165
61021.46018484059,1.0016755104910353,1.000763381091948,1.000764531909379,1.000763381091948,0.000912129399087247
61021.460268590345,1.0006283737019932,1.0007654540220603,1.00076657504083,1.0007654540220603,-0.00013708032006709558
61021.460352340095,0.999965402458938,1.0007675091215322,1.0007686005934073,1.0007675091215322,-0.0008021066625942819
61021.46043608985,1.000598451219307,1.0007695464720343,1.0007706086471322,1.0007695464720343,-0.00017109525272740456
61021.4605198396,1.0004558401693375,1.0007715661541874,1.0007725992809975,1.0007715661541874,-0.00031572598484985726
61021.46060358935,1.0015362113672341,1.0007735682488095,1.000774572574193,1.0007735682488095,0.0007626431184246663
61021.4606873391,1.0005795783299707,1.000775552836206,1.0007765286054089,1.000775552836206,-0.00019597450623520807
61021.46077108885,1.0002071808918132,1.000777519996348,1.00077846745301,1.000777519996348,-0.000570339104534856
61021.4608548386,1.0012950387269948,1.0007794698088766,1.0007803891950406,1.0007794698088766,0.0005155689181182144
61021.46093858835,1.0003788235604258,1.0007814023531008,1.000782293909222,1.0007814023531008,-0.0004025787926749125
61021.46102233811,1.0012366623084787,1.0007833177081678,1.0007841816731189,1.0007833177081678,0.0004533446003109898
61021.46110608786,1.0005645719243683,1.0007852159523976,1.0007860525634873,1.0007852159523976,-0.00022064402802923766
61021.46118983761,1.0011651182897572,1.0007870971642838,1.0007879066572576,1.0007870971642838,0.0003780211254733601
61021.46127358737,1.000873539616303,1.0007889614219903,1.0007897440310387,1.0007889614219903,8.457819431284541e-05
61021.46135733712,1.00101604349239,1.0007908088028707,1.0007915647606462,1.0007908088028707,0.0002252346895192936
61021.46144108687,1.0009923662281885,1.0007926393844442,1.0007933689220632,1.0007926393844442,0.00019972684374436334
61021.46152483662,0.9990759267515373,1.000794453243746,1.0007951565907984,1.000794453243746,-0.0017185264922087162
61021.46160858637,1.000466641035916,1.0007962504574912,1.000796927842051,1.0007962504574912,-0.00032960942157522766
61021.46169233612,1.0007063452363036,1.0007980311020777,1.0007986827507103,1.0007980311020777,-9.168586577401605e-05
61021.46177608587,1.0008962628208808,1.0007997952535848,1.0008004213913575,1.0007997952535848,9.646756729608796e-05
61021.461859835625,1.0009376907539167,1.0008015429879298,1.0008021438384151,1.0008015429879298,0.00013614776598691591
61021.461943585375,1.0005025435078991,1.0008032743802584,1.0008038501655525,1.0008032743802584,-0.0003007308723592672
61021.46202733513,1.001616478573506,1.0008049895060087,1.0008055404467298,1.0008049895060087,0.0008114890674972841
61021.46211108488,1.0010819840863843,1.000806688439709,1.0008072147550133,1.000806688439709,0.0002752956466751666
61021.46219483463,1.0005534368820723,1.000808371256024,1.0008088731636098,1.000808371256024,-0.0002549343739517429
61021.46227858438,1.0012497868242325,1.0008100380291602,1.0008105157452767,1.0008100380291602,0.00043974879507224784
61021.46236233413,0.9997670462424754,1.0008116888330154,1.000812142572472,1.0008116888330154,-0.0010446425905400458
61021.46244608388,1.0014097376927609,1.0008133237411816,1.000813753717356,1.0008133237411816,0.0005964139515792777
61021.46252983363,1.0017341275940286,1.0008149428269453,1.0008153492517915,1.0008149428269453,0.0009191847670833031
61021.46261358339,1.0002807405598921,1.000816546163427,1.0008169292474822,1.000816546163427,-0.0005358056035349446
61021.46269733314,1.0003246410436215,1.0008181338230284,1.0008184937754259,1.0008181338230284,-0.0004934927794069122
61021.46278108289,1.0002662026001121,1.0008197058782673,1.00082004290674,1.0008197058782673,-0.0005535032781551763
61021.46286483265,1.0013518700441135,1.000821262401356,1.0008215767122433,1.000821262401356,0.0005306076427575857
61021.4629485824,1.001222415703519,1.000822803463803,1.0008230952620658,1.000822803463803,0.00039961223971607396
61021.46303233215,1.0003559660501935,1.000824329137225,1.0008245986264475,1.000824329137225,-0.0004683630870314648
61021.463116081904,1.0035325380658222,1.0008258394929377,1.0008260868753343,1.0008258394929377,0.002706698572884525
61021.463199831654,1.000129478535837,1.000827334601567,1.0008275600779974,1.000827334601567,-0.0006978560657300292
61021.463283581405,1.0005111144732701,1.0008288145338406,1.0008290183038115,1.0008288145338406,-0.0003177000605705249
61021.463367331155,1.0003127430203915,1.0008302793600605,1.000830461621735,1.0008302793600605,-0.0005175363396690003
61021.46345108091,1.0000844152532447,1.0008317291503626,1.0008318901005662,1.0008317291503626,-0.0007473138971179072
61021.46353483066,1.001401897524753,1.0008331639742154,1.0008333038084494,1.0008331639742154,0.0005687335505375479
61021.46361858041,1.0010785407861411,1.0008345839011763,1.0008347028136197,1.0008345839011763,0.00024395688496481327
61021.46370233017,1.000685889430916,1.0008359890005094,1.0008360871840278,1.0008359890005094,-0.0001500995695933316
61021.46378607992,1.0000215594225836,1.0008373793408267,1.0008374569869838,1.0008373793408267,-0.0008158199182430881
61021.46386982967,1.0011749211961187,1.0008387549908213,1.0008388122898815,1.0008387549908213,0.0003361662052974168
61021.46395357942,0.9997965030728035,1.0008401160187796,1.0008401531597175,1.0008401160187796,-0.0010436129459761023
61021.46403732917,1.0008168460847082,1.0008414624927038,1.000841479663212,1.0008414624927038,-2.4616407995559086e-05
61021.46412107892,1.0002341035668911,1.0008427944803142,1.0008427918668097,1.0008427944803142,-0.0006086909134230822
61021.46420482867,1.0014500022412596,1.000844112049051,1.0008440898366844,1.000844112049051,0.0006058901922085802
61021.46428857843,1.0015575818327411,1.0008454152661865,1.0008453736388458,1.0008454152661865,0.0007121665665545951
61021.46437232818,1.0004855629807692,1.000846704198375,1.0008466433386993,1.000846704198375,-0.000361141217605887
61021.464456077934,0.9992624863507624,1.0008479789124451,1.0008478990018241,1.0008479789124451,-0.001585492561682722
61021.464539827684,1.0015865074638624,1.0008492394745019,1.000849140693091,1.0008492394745019,0.0007372679893604683
61021.464623577434,0.9997823955792586,1.0008504859507097,1.0008503684774315,1.0008504859507097,-0.0010680903714510581
61021.464707327184,1.001421613530554,1.0008517184068464,1.0008515824193998,1.0008517184068464,0.0005698951237076422
61021.464791076934,1.0025124020168261,1.0008529369084178,1.0008527825832845,1.0008529369084178,0.001659465108408309
61021.464874826685,1.0010431659285788,1.0008541415206569,1.0008539690331102,1.0008541415206569,0.00018902440792190056
61021.464958576435,1.0010659100823944,1.0008553323085272,1.0008551418326368,1.0008553323085272,0.00021057777386723764
61021.46504232619,1.0007897495370386,1.000856509336824,1.0008563010454625,1.000856509336824,-6.67597997854319e-05
61021.46512607594,1.0001415351153353,1.000857672669768,1.0008574467346234,1.000857672669768,-0.000716137554432672
61021.46520982569,1.0003851517925946,1.000858822371619,1.0008585789631965,1.000858822371619,-0.0004736705790244766
61021.46529357545,1.0012725132094284,1.0008599585063682,1.0008596977939956,1.0008599585063682,0.00041255470306023057
61021.4653773252,0.9994027620313457,1.000861081137444,1.0008608032892856,1.000861081137444,-0.0014583191060983935
61021.46546107495,1.001213459828147,1.0008621903283086,1.0008618955113657,1.0008621903283086,0.0003512694998384358
61021.4655448247,0.9997613846948823,1.0008632861420623,1.000862974522182,1.0008632861420623,-0.0011019014471800315
61021.46562857445,1.0008633468535235,1.0008643686415428,1.000864040383425,1.0008643686415428,-1.0217880193064133e-06
61021.4657123242,1.001080318866608,1.0008654378893276,1.000865093156532,1.0008654378893276,0.00021488097728039612
61021.46579607395,1.0017140878894013,1.0008664939477339,1.0008661329026864,1.0008664939477339,0.0008475939416674461
61021.46587982371,1.0007293783692732,1.0008675368789122,1.0008671596829095,1.0008675368789122,-0.0001381585096389415
61021.46596357346,1.0002214112641907,1.0008685667444823,1.0008681735577032,1.0008685667444823,-0.0006471554802915946
61021.46604732321,1.0016800655256841,1.0008695836060812,1.0008691745875902,1.0008695836060812,0.0008104819196028679
61021.466131072964,1.001925009486103,1.0008705875250856,1.0008701628328371,1.0008705875250856,0.0010544219610173489
61021.466214822714,1.0017930338813958,1.000871578562357,1.0008711383532076,1.000871578562357,0.0009214553190388663
61021.466298572464,1.0013575511269779,1.0008725567787657,1.000872101208477,1.0008725567787657,0.00048499434821214216
61021.466382322214,1.001764157658784,1.0008735222348424,1.0008730514580868,1.0008735222348424,0.0008906354239415215
61021.466466071965,0.9999832163389727,1.0008744749908665,1.0008739891612355,1.0008744749908665,-0.0008912586518937671
61021.466549821715,0.9996783765298275,1.0008754151068673,1.0008749143768771,1.0008754151068673,-0.0011970385770397884
61021.46663357147,1.0005544572229774,1.0008763426427048,1.0008758271638014,1.0008763426427048,-0.0003218854197273302
61021.46671732122,1.0013023825404566,1.0008772576577512,1.0008767275803205,1.0008772576577512,0.0004251248827054077
61021.46680107097,1.0007745782343573,1.0008781602113719,1.0008776156847428,1.0008781602113719,-0.00010358197701454408
61021.46688482073,1.0014759705949594,1.0008790503626834,1.0008784915351328,1.0008790503626834,0.000596920232275977
61021.46696857048,1.000596480136526,1.0008799281703258,1.0008793551890898,1.0008799281703258,-0.00028344803379987127
61021.46705232023,1.0005776852213024,1.0008807936929276,1.000880206704203,1.0008807936929276,-0.00030310847162517973
61021.46713606998,1.0011989737493503,1.000881646988796,1.0008810461377486,1.000881646988796,0.0003173267605542929
61021.46721981973,1.0015193395658588,1.0008824881159972,1.0008818735467673,1.0008824881159972,0.0006368514498615863
61021.46730356948,1.000083075860136,1.0008833171323566,1.0008826889880642,1.0008833171323566,-0.0008002412722205587
61021.46738731923,1.001236197308438,1.0008841340954582,1.0008834925182117,1.0008841340954582,0.00035206321297986953
61021.46747106899,0.999014909589127,1.0008849390627181,1.0008842841936167,1.0008849390627181,-0.0018700294735911616
61021.46755481874,1.0022373474950694,1.000885732091105,1.0008850640702485,1.000885732091105,0.0013516154039643347
61021.46763856849,0.9997787314143005,1.0008865132375602,1.0008858322040524,1.0008865132375602,-0.001107781823259657
61021.467722318244,1.0001750348245086,1.0008872825587858,1.0008865886507399,1.0008872825587858,-0.0007122477342771383
61021.467806067994,1.0017134056394443,1.0008880401110485,1.0008873334655966,1.0008880401110485,0.0008253655283958494
61021.467889817744,1.001386606108721,1.0008887859505817,1.0008880667038775,1.0008887859505817,0.0004978201581393726
61021.467973567494,1.0002748016913219,1.0008895201333197,1.0008887884205442,1.0008895201333197,-0.0006147184419977858
61021.468057317245,1.0008289130147472,1.0008902427149633,1.0008894986703316,1.0008902427149633,-6.132970021610618e-05
61021.468141066995,1.0009354181463863,1.0008909537509836,1.0008901975077509,1.0008909537509836,4.446439540273239e-05
61021.468224816745,1.0004462649549675,1.0008916532966203,1.0008908849870868,1.0008916532966203,-0.0004453883416528637
61021.4683085665,1.0003083571524767,1.0008923414069437,1.00089156116246,1.0008923414069437,-0.0005839842544670404
61021.46839231625,1.0023801773592818,1.0008930181366176,1.0008922260875937,1.0008930181366176,0.0014871592226641805
61021.468476066,1.001235389435852,1.000893683540258,1.000892879816164,1.000893683540258,0.00034170589559412434
61021.46855981576,1.0010920247752997,1.00089433767225,1.000893522401624,1.00089433767225,0.00019768710304979287
61021.46864356551,0.9998837708923589,1.0008949805865843,1.00089415389704,1.0008949805865843,-0.0010112096942254123
61021.46872731526,1.0003807163989435,1.000895612337198,1.0008947743554262,1.000895612337198,-0.0005148959382543783
61021.46881106501,0.9998377057207031,1.0008962329777462,1.0008953838295238,1.0008962329777462,-0.0010585272570431403
61021.46889481476,1.0019608344420348,1.0008968425616631,1.0008959823718566,1.0008968425616631,0.0010639918803716508
61021.46897856451,1.0000580228880882,1.0008974411421603,1.0008965700347312,1.0008974411421603,-0.0008394182540720774
61021.46906231427,1.001906750580754,1.000898028772279,1.0008971468702899,1.000898028772279,0.0010087218084748883
61021.46914606402,1.0004245496495403,1.000898605504689,1.0008977129303098,1.000898605504689,-0.00047405585514859183
61021.46922981377,1.0005931185061145,1.0008991713919935,1.0008982682665055,1.0008991713919935,-0.00030605288587892687
61021.469313563524,1.001156300342584,1.0008997264865742,1.0008988129303755,1.0008997264865742,0.00025657385600985627
61021.469397313274,1.0008838394790374,1.0009002708404526,1.0008993469730645,1.0009002708404526,-1.6431361415270018e-05
61021.469481063024,1.0019380280186827,1.0009008045055778,1.0008998704456487,1.0009008045055778,0.001037223513104868
61021.469564812774,1.000408911420539,1.0009013275336358,1.0009003833989474,1.0009013275336358,-0.0004924161130968052
61021.469648562525,1.0008340239595777,1.0009018399760974,1.0009008858835693,1.0009018399760974,-6.781601651972835e-05
61021.469732312275,1.0015617684433125,1.0009023418842207,1.0009013779499158,1.0009023418842207,0.0006594265590917914
61021.469816062025,1.0008271685470314,1.0009028333090504,1.000901859648181,1.0009028333090504,-7.566476201903427e-05
61021.46989981178,1.0004054163775824,1.0009033143014616,1.000902331028391,1.0009033143014616,-0.0004978979238792203
61021.46998356153,1.0012104966104196,1.000903784911993,1.0009027921402467,1.000903784911993,0.0003067116984265539
61021.47006731128,1.001131518528974,1.0009042451910988,1.000903243033365,1.0009042451910988,0.0002272733378752001
61021.47015106104,1.0009816021190636,1.0009046951890215,1.000903683757156,1.0009046951890215,7.690693004214211e-05
61021.47023481079,1.0009182741302027,1.0009051349556781,1.0009041143607127,1.0009051349556781,1.313917452461233e-05
61021.47031856054,1.000589712036635,1.0009055645408953,1.0009045348930397,1.0009055645408953,-0.00031585250426036104
61021.47040231029,1.0010373370292014,1.0009059839942545,1.0009049454029022,1.0009059839942545,0.00013135303494693495
61021.47048606004,0.9998854773023909,1.0009063933651305,1.0009053459388648,1.0009063933651305,-0.0010209160627396852
61021.47056980979,1.0003637862698591,1.0009067927026951,1.0009057365492913,1.0009067927026951,-0.0005430064328360018
61021.47065355954,1.0004689831543037,1.0009071820559141,1.0009061172823481,1.0009071820559141,-0.0004381989016104537
61021.4707373093,1.000495081264791,1.0009075614735836,1.0009064881860328,1.0009075614735836,-0.0004124802087925872
61021.47082105905,0.9998027858644822,1.0009079310041988,1.0009068493080513,1.0009079310041988,-0.0011051451397166012
61021.470904808804,1.0012122381228055,1.0009082906961841,1.0009072006960393,1.0009082906961841,0.00030394742662132046
61021.470988558554,1.0001420990548417,1.0009086405976357,1.0009075423973126,1.0009086405976357,-0.0007665415427939859
61021.471072308304,1.001037358675897,1.000908980756545,1.000907874459084,1.000908980756545,0.00012837791935194076
61021.471156058054,1.0012048169368588,1.000909311220672,1.0009081969283422,1.000909311220672,0.0002955057161868613
61021.471239807805,1.0005425980242588,1.0009096320375792,1.0009085098518808,1.0009096320375792,-0.00036703401332038865
61021.471323557555,1.001245094567,1.0009099432546318,1.000908813276302,1.0009099432546318,0.00033515131236816487
61021.471407307305,0.999824975736919,1.0009102449189977,1.0009091072480159,1.0009102449189977,-0.0010852691820787408
61021.47149105706,1.001142966303656,1.0009105370776756,1.0009093918132659,1.0009105370776756,0.000232429225980324
61021.47157480681,1.0007144758719997,1.0009108197773915,1.0009096670180309,1.0009108197773915,-0.0001963439053918048
61021.47165855656,1.001262771897749,1.0009110930647562,1.0009099329081754,1.0009110930647562,0.00035167883299269675
61021.47174230632,1.0007944989009585,1.000911356986182,1.000910189529372,1.000911356986182,-0.0001168580852235479
61021.47182605607,0.9999884056018162,1.0009116115878223,1.0009104369270383,1.0009116115878223,-0.0009232059860060371
61021.47190980582,1.0008320684832683,1.000911856915706,1.0009106751464734,1.000911856915706,-7.978843243772182e-05
61021.47199355557,1.0008355563751234,1.0009120930156494,1.0009109042327653,1.0009120930156494,-7.653664052598153e-05
61021.47207730532,1.0002334064559038,1.000912319933278,1.0009111242308186,1.000912319933278,-0.0006789134773741434
61021.47216105507,1.0016531958815456,1.0009125377140278,1.0009113351853511,1.0009125377140278,0.0007406581675177826
61021.47224480482,1.0002578804769588,1.0009127464031473,1.0009115371408979,1.0009127464031473,-0.0006548659261884637
61021.47232855458,1.0010128038712531,1.0009129460457136,1.0009117301418264,1.0009129460457136,9.985782553956213e-05
61021.47241230433,1.000794197060311,1.0009131366865647,1.0009119142322724,1.0009131366865647,-0.00011893962625375565
61021.47249605408,0.9999116609185298,1.0009133183704062,1.0009120894562389,1.0009133183704062,-0.0010016574518764143
61021.472579803834,1.001400267592652,1.000913491141754,1.000912255857547,1.000913491141754,0.0004867764508980077
61021.472663553584,1.0005082770009812,1.0009136550448956,1.0009124134797924,1.0009136550448956,-0.0004053780439143839
61021.472747303334,1.0014276785606877,1.0009138101239792,1.0009125623664359,1.0009138101239792,0.0005138684367085311
61021.472831053085,1.002203809708832,1.0009139564229557,1.0009127025607456,1.0009139564229557,0.0012898532858762746
61021.472914802835,0.9999535991711851,1.0009140939855923,1.0009128341058096,1.0009140939855923,-0.0009604948144071868
61021.47299855258,0.9987937530314728,1.0009142228554648,1.0009129570445292,1.0009142228554648,-0.002120469823992055
61021.47308230233,0.999723044485548,1.0009143430760012,1.0009130714196612,1.0009143430760012,-0.0011912985904531936
61021.473166052085,1.0012713816627334,1.0009144546904245,1.0009131772737623,1.0009144546904245,0.0003569269723089352
61021.473249801835,0.9990245813099923,1.000914557741762,1.0009132746491984,1.000914557741762,-0.001889976431769691
61021.47333355159,1.0009754853424115,1.0009146522728987,1.000913363588195,1.0009146522728987,6.083306951287781e-05
61021.47341730134,1.0003171087719074,1.000914738326508,1.0009134441327727,1.000914738326508,-0.0005976295546006316
61021.47350105109,1.0008187163467637,1.0009148159451113,1.0009135163248026,1.0009148159451113,-9.609959834766535e-05
61021.47358480084,1.0012319330667752,1.000914885171045,1.0009135802059748,1.000914885171045,0.00031704789573017145
61021.47366855059,0.9998267514098326,1.000914946046469,1.000913635817808,1.000914946046469,-0.0010881946366364526
61021.47375230034,1.0006140164599602,1.0009149986133705,1.0009136832016499,1.0009149986133705,-0.0003009821534103452
61021.47383605009,1.0009573769600706,1.0009150429135598,1.0009137223986782,1.0009150429135598,4.233404651077244e-05
61021.47391979985,1.0008893726848362,1.0009150789886787,1.0009137534499037,1.0009150789886787,-2.5706303842465417e-05
61021.4740035496,1.0008990747169597,1.0009151068801863,1.00091377639616,1.0009151068801863,-1.603216322654255e-05
61021.47408729935,1.0019001301507189,1.0009151266293792,1.0009137912781212,1.0009151266293792,0.000985003521339678
61021.47417104911,1.0009290181882953,1.0009151382773802,1.0009137981362914,1.0009151382773802,1.3879910915060023e-05
61021.47425479886,1.0009845103429968,1.000915141865139,1.0009137970110071,1.000915141865139,6.936847785787847e-05
61021.47433854861,1.0009396763740965,1.0009151374334386,1.0009137879424395,1.0009151374334386,2.4538940657903296e-05
61021.47442229836,1.0007777829153826,1.0009151250228918,1.0009137709705946,1.0009151250228918,-0.000137342107509264
61021.47450604811,1.0007171910565757,1.000915104673942,1.0009137461353133,1.000915104673942,-0.00019791361736620772
61021.47458979786,1.0002130953797523,1.000915076426866,1.0009137134762727,1.000915076426866,-0.000701981047113609
61021.47467354761,1.000535516956387,1.0009150403217728,1.0009136730329868,1.0009150403217728,-0.00037952336538582543
61021.474757297365,1.0001611942781181,1.000914996398601,1.0009136248448012,1.000914996398601,-0.000753802120482927
61021.474841047115,1.0004824641346985,1.0009149446971353,1.0009135689509143,1.0009149446971353,-0.00043248056243672117
61021.474924796865,0.9995966055582672,1.0009148852569847,1.0009135053903493,1.0009148852569847,-0.0013182796987174505
61021.47500854662,0.9999322507532329,1.0009148181175904,1.0009134342019668,1.0009148181175904,-0.0009825673643575339
61021.47509229637,1.0007590674301934,1.0009147433182484,1.000913355424487,1.0009147433182484,-0.00015567588805498467
61021.47517604612,1.0007209770482535,1.0009146608980741,1.000913269096451,1.0009146608980741,-0.00019368384982065834
61021.47525979587,1.0007922089595804,1.0009145708960268,1.0009131752562483,1.0009145708960268,-0.00012236193644632465
61021.47534354562,1.0024554525966203,1.000914473350903,1.00091307394211,1.000914473350903,0.0015409792457172777
61021.47542729537,1.0005734496804446,1.0009143683013402,1.0009129651921094,1.0009143683013402,-0.00034091862089558056
61021.47551104512,1.0002646839953615,1.000914255785814,1.000912849044164,1.000914255785814,-0.0006495717904524412
61021.47559479488,1.0012222159636979,1.0009141358426292,1.0009127255360233,1.0009141358426292,0.00030808012106864346
61021.47567854463,1.0014437901989455,1.0009140085099655,1.0009125947053144,1.0009140085099655,0.0005297816889799911
61021.47576229439,1.0006865640720506,1.0009138738257994,1.000912456589465,1.0009138738257994,-0.00022730975374884999
61021.47584604414,1.0005129157898915,1.0009137318279957,1.000912311225796,1.0009137318279957,-0.000400816038104157
61021.47592979388,1.0002835303456477,1.0009135825542415,1.000912158651452,1.0009135825542415,-0.000630052208593801
61021.47601354363,1.0003832644459933,1.0009134260420385,1.000911998903397,1.0009134260420385,-0.0005301615960451311
61021.47609729338,1.0007359904488349,1.0009132623287722,1.0009118320184807,1.0009132623287722,-0.00017727187993732407
61021.47618104313,1.000581571716968,1.0009130914516602,1.0009116580333908,1.0009130914516602,-0.0003315197346922538
61021.47626479288,1.0018639389221777,1.0009129134477661,1.0009114769846617,1.0009129134477661,0.0009510254744116153
61021.47634854264,1.0010137632080556,1.0009127283539823,1.000911288908661,1.0009127283539823,0.00010103485407331192
61021.47643229239,1.0001537299891026,1.0009125362070976,1.0009110938416579,1.0009125362070976,-0.0007588062179950672
61021.47651604214,1.0007996815013296,1.0009123370437,1.0009108918197211,1.0009123370437,-0.0001126555423704989
61021.476599791895,1.0002326071481373,1.0009121309002234,1.0009106828787697,1.0009121309002234,-0.0006795237520860198
61021.476683541645,1.0016846615703545,1.0009119178130046,1.0009104670546296,1.0009119178130046,0.0007727437573499252
61021.476767291395,0.9998035410396143,1.0009116978181758,1.0009102443829252,1.0009116978181758,-0.0011081567785614643
61021.476851041145,1.0003060654812226,1.0009114709517373,1.0009100148991512,1.0009114709517373,-0.0006054054705146861
61021.476934790895,1.001218859402249,1.0009112372495406,1.0009097786386578,1.0009112372495406,0.0003076221527085199
61021.477018540645,1.0023040768314868,1.0009109967472871,1.000909535636648,1.0009109967472871,0.0013930800841996938
61021.477102290395,0.9999465579156165,1.0009107494805316,1.0009092859281814,1.0009107494805316,-0.0009641915649151178
61021.47718604015,1.0001507016790747,1.000910495484658,1.0009090295481493,1.000910495484658,-0.0007597938055832199
61021.4772697899,1.0005574199985303,1.0009102347949705,1.0009087665313676,1.0009102347949705,-0.0003528147964402262
61021.47735353965,1.0009105773367952,1.0009099674465605,1.0009084969124418,1.0009099674465605,6.09890234759547e-07
61021.47743728941,1.0013667566131292,1.0009096934743715,1.0009082207258329,1.0009096934743715,0.0004570631387577073
61021.47752103916,1.0009589806660268,1.0009094129132743,1.0009079380059318,1.0009094129132743,4.9567752752555094e-05
61021.47760478891,1.000611052823853,1.000909125797924,1.000907648786917,1.000909125797924,-0.0002980729740709176
61021.47768853866,1.0014002593364315,1.000908832162854,1.0009073531028496,1.000908832162854,0.0004914271735774189
61021.47777228841,1.0000488904463325,1.0009085320424564,1.0009070509876503,1.0009085320424564,-0.0008596415961239501
61021.47785603816,1.0007219799434006,1.0009082254709796,1.0009067424751006,1.0009082254709796,-0.0001862455275789543
61021.4779397879,1.0007396526953023,1.0009079124825573,1.00090642759887,1.0009079124825573,-0.00016825978725498736
61021.47802353766,0.9999165335063477,1.0009075931110725,1.0009061063923796,1.0009075931110725,-0.0009910596047247866
61021.47810728741,1.002410611753316,1.0009072673904311,1.000905778889078,1.0009072673904311,0.0015033443628849064
61021.47819103717,1.001911412956524,1.0009069353542608,1.0009054451221369,1.0009069353542608,0.0010044776022632984
61021.47827478692,1.0013486800416258,1.0009065970361632,1.0009051051247055,1.0009065970361632,0.00044208300546255686
61021.47835853667,1.001009260615887,1.0009062524695143,1.0009047589297115,1.0009062524695143,0.00010300814637265177
61021.47844228642,1.0004584010443482,1.000905901687581,1.0009044065699737,1.000905901687581,-0.0004475006432327344
61021.47852603617,1.0012934724762557,1.0009055447234914,1.0009040480781775,1.0009055447234914,0.00038792775276430547
61021.47860978592,1.0010221074667238,1.0009051816102368,1.0009036834868728,1.0009051816102368,0.0001169258564870379
61021.47869353567,1.0005386498417714,1.0009048123806705,1.0009033128284757,1.0009048123806705,-0.0003661625388990952
61021.478777285425,1.0014428135042763,1.0009044370674778,1.0009029361352368,1.0009044370674778,0.0005383764367985489
61021.478861035175,1.001436800315285,1.0009040557033062,1.0009025534393703,1.0009040557033062,0.0005327446119787194
61021.478944784925,1.0014228199076716,1.0009036683205699,1.0009021647728624,1.0009036683205699,0.0005191515871016961
61021.47902853468,1.0013447626697416,1.0009032749515472,1.0009017701675638,1.0009032749515472,0.000441487718194411
61021.47911228443,1.000607357237087,1.0009028756284841,1.0009013696552973,1.0009028756284841,-0.00029551839139707603
61021.47919603418,1.0005308100762909,1.0009024703833922,1.000900963267653,1.0009024703833922,-0.00037166030710134024
61021.47927978393,1.0007384160316033,1.000902059248183,1.000900551036125,1.000902059248183,-0.00016364321657968972
61021.47936353368,1.0014078569832996,1.000901642254636,1.0009001329920766,1.000901642254636,0.0005062147286636343
61021.47944728343,1.001108629036653,1.000901219434399,1.0008997091667429,1.000901219434399,0.0002074096022541827
61021.47953103318,1.0005303767689002,1.0009007908189882,1.0008992795912306,1.0009007908189882,-0.0003704140500879749
61021.47961478294,1.0005468624845646,1.0009003564397512,1.0008988442964795,1.0009003564397512,-0.000353493955186579
61021.47969853268,1.0006410652229474,1.0008999163280576,1.000898403313455,1.0008999163280576,-0.0002588511051102582
61021.47978228243,1.0017005806802588,1.0008994705149195,1.0008979566727663,1.0008994705149195,0.0008011101653393471
61021.47986603219,1.0010377598272269,1.0008990190313316,1.0008975044050097,1.0008990190313316,0.00013874079589526467
61021.47994978194,1.0005280743638783,1.0008985619082407,1.0008970465407347,1.0008985619082407,-0.00037048754436241893
61021.48003353169,1.0013318454353042,1.0008980991763479,1.0008965831102485,1.0008980991763479,0.00043374625895631347
61021.48011728144,1.0008838046366035,1.0008976308662654,1.0008961141437722,1.0008976308662654,-1.3826229661839662e-05
61021.48020103119,0.9999315743114843,1.0008971570084795,1.0008956396714022,1.0008971570084795,-0.0009655826969952042
61021.48028478094,1.0006344581355693,1.0008966776333486,1.0008951597231117,1.0008966776333486,-0.00026221949777927023
61021.48036853069,1.0002488764685207,1.0008961927711062,1.00089467432875,1.0008961927711062,-0.0006473163025855211
61021.48045228045,1.0025586579798744,1.000895702451817,1.0008941835180005,1.000895702451817,0.001662955528057397
61021.4805360302,1.0006093496190813,1.0008952067055494,1.0008936873205527,1.0008952067055494,-0.0002858570864681109
61021.480619779955,1.001355113887232,1.0008947055620758,1.000893185765803,1.0008947055620758,0.0004604083251562585
61021.480703529705,1.0006689633028285,1.000894199051217,1.0008926788831993,1.000894199051217,-0.00022523574838850813
61021.480787279455,1.0009968918084324,1.0008936872025422,1.0008921667019386,1.0008936872025422,0.00010320460589019476
61021.480871029205,1.000530470333023,1.0008931700455392,1.0008916492511406,1.0008931700455392,-0.0003626997125163456
61021.480954778955,1.0007189532283371,1.0008926476095743,1.0008911265598046,1.0008926476095743,-0.00017369438123715497
61021.481038528706,1.0006331783057978,1.0008921199238918,1.0008905986568124,1.0008921199238918,-0.00025894161809403293
61021.48112227845,1.0006663951519577,1.000891587017661,1.0008900655709707,1.000891587017661,-0.0002251918657032448
61021.481206028206,1.0016433522587787,1.0008910489197447,1.0008895273307843,1.0008910489197447,0.0007523033390339773
61021.481289777956,1.0010146569510094,1.0008905056591646,1.0008889839649178,1.0008905056591646,0.00012415129184484286
61021.481373527706,1.0010222318876285,1.000889957264636,1.0008884355017322,1.000889957264636,0.00013227462299258974
61021.48145727746,1.0000274140574525,1.0008894037647533,1.0008878819694709,1.0008894037647533,-0.000861989707300781
61021.48154102721,1.0004250574916174,1.000888845188137,1.0008873233964044,1.000888845188137,-0.00046378769651966856
61021.48162477696,1.0006953894792558,1.0008882815631448,1.000886759810543,1.0008882815631448,-0.0001928920838889514
61021.48170852671,1.0010101985726125,1.000887712918064,1.0008861912398308,1.000887712918064,0.000122485654548532
61021.48179227646,1.0011432228529027,1.0008871392810657,1.0008856177120946,1.0008871392810657,0.0002560835718370402
61021.48187602621,1.0005699103737988,1.0008865606802033,1.000885039255049,1.0008865606802033,-0.00031665030640448677
61021.48195977596,0.999356260615298,1.000885977143414,1.0008844558962933,1.000885977143414,-0.0015297165281159542
61021.48204352572,1.0008580763013888,1.0008853886984677,1.0008838676632614,1.0008853886984677,-2.7312397078871342e-05
61021.48212727547,1.000280880650335,1.0008847953731728,1.0008832745834289,1.0008847953731728,-0.0006039147228378283
61021.48221102522,1.001146225199854,1.0008841971950697,1.0008826766840049,1.0008841971950697,0.0002620280047842538
61021.48229477498,1.0001206605676303,1.0008835941915817,1.000882073992084,1.0008835941915817,-0.0007629336239514117
61021.48237852473,0.999922579345327,1.0008829863901765,1.000881466534808,1.0008829863901765,-0.0009604070448494539
61021.48246227447,1.0010727574927258,1.0008823738181047,1.0008808543391026,1.0008823738181047,0.0001903836746210974
61021.48254602422,1.000675055593272,1.0008817565023957,1.000880237431675,1.0008817565023957,-0.00020670090912378036
61021.48262977397,1.0011016630886094,1.0008811344701258,1.0008796158392825,1.0008811344701258,0.00022052861848353977
61021.48271352372,1.0013998532161412,1.000880507748207,1.0008789895885182,1.000880507748207,0.0005193454679341958
61021.48279727347,1.0002119345422613,1.0008798763634383,1.000878358705867,1.0008798763634383,-0.0006679418211770205
61021.48288102323,1.0005793022046336,1.0008792403424533,1.000877723217648,1.0008792403424533,-0.0002999381378196997
61021.48296477298,0.9999819419085945,1.0008785997119407,1.000877083150239,1.0008785997119407,-0.0008966578033462458
61021.483048522736,1.0016739825957406,1.0008779544982562,1.0008764385296867,1.0008779544982562,0.0007960280974843581
61021.483132272486,1.0005766448860771,1.0008773047278703,1.0008757893821545,1.0008773047278703,-0.0003006598417931716
61021.483216022236,1.0005130474006974,1.000876650426975,1.00087513573353,1.000876650426975,-0.00036360302627769236
61021.483299771986,1.0005330809200739,1.0008759916217107,1.00087447760965,1.0008759916217107,-0.0003429107016368338
61021.483383521736,1.0004554272928874,1.0008753283381084,1.0008738150362457,1.0008753283381084,-0.00041990104522104943
61021.483467271486,1.0008608214057775,1.0008746606020908,1.0008731480389406,1.0008746606020908,-1.383919631336994e-05
61021.483551021236,1.0015029409332947,1.0008739884394746,1.0008724766432546,1.0008739884394746,0.0006289524938201119
61021.48363477099,1.000884334324275,1.0008733118759086,1.0008718008745425,1.0008733118759086,1.1022448366482251e-05
61021.483718520736,1.0002916372426705,1.0008726309371716,1.000871120758291,1.0008726309371716,-0.0005809936945011529
61021.483802270486,1.000693125308,1.0008719456485835,1.0008704363195284,1.0008719456485835,-0.0001788203405834743
61021.48388602024,1.0005842715920685,1.0008712560355317,1.000869747583355,1.0008712560355317,-0.00028698444346320073
61021.48396976999,1.0012379768952224,1.0008705621234222,1.000869054574889,1.0008705621234222,0.0003674147718002452
61021.48405351974,1.0001406706276978,1.0008698639373743,1.0008683573189663,1.0008698639373743,-0.000729193309676468
61021.484137269494,1.001425292309312,1.0008691615024634,1.0008676558403788,1.0008691615024634,0.000556130806848687
61021.484221019244,1.0009510717356929,1.0008684548436608,1.0008669501638185,1.0008684548436608,8.261689203203915e-05
61021.484304768994,1.0007199199528478,1.0008677439858342,1.0008662403138737,1.0008677439858342,-0.00014782403298641
61021.484388518744,1.0008437884066466,1.000867028953749,1.0008655263150334,1.000867028953749,-2.3240547102343356e-05
61021.4844722685,1.0012660632413937,1.0008663097720034,1.0008648081916214,1.0008663097720034,0.0003997534693902516
61021.48455601825,1.001067942442901,1.0008655864652825,1.0008640859680493,1.0008655864652825,0.00020235597761852908
61021.484639768,1.0010615516169878,1.0008648590579816,1.0008633596684422,1.0008648590579816,0.0001966925590062285
61021.48472351776,1.0014605338649993,1.000864127574393,1.0008626293168232,1.000864127574393,0.0005964062906063106
61021.4848072675,1.0010863649182575,1.000863392038964,1.000861894937372,1.000863392038964,0.00022297287929351484
61021.48489101725,1.0000270670075824,1.000862652475657,1.0008611565537866,1.000862652475657,-0.0008355854680746067
61021.484974767,1.000144817089669,1.0008619089085902,1.000860414189922,1.0008619089085902,-0.0007170918189212117
61021.48505851675,1.0011927323544578,1.0008611613617187,1.000859667869471,1.0008611613617187,0.0003315709927391719
61021.4851422665,1.0013207956819479,1.0008604098588978,1.00085891761603,1.0008604098588978,0.00046038582305008013
61021.48522601626,1.0014145017780518,1.0008596544238177,1.0008581634530307,1.0008596544238177,0.000554847354234056
61021.48530976601,0.9998907601678618,1.000858895080268,1.0008574054040067,1.000858895080268,-0.0009681349124061045
61021.48539351576,0.9998515712118318,1.000858131851742,1.0008566434921984,1.000858131851742,-0.0010065606399102256
61021.485477265516,1.000404368068236,1.0008573647616354,1.0008558777407475,1.0008573647616354,-0.0004529966933994878
61021.485561015266,1.0006285248686988,1.0008565938334462,1.0008551081729022,1.0008565938334462,-0.00022806896474736327
61021.485644765016,1.0009538196164625,1.0008558190903754,1.0008543348116143,1.0008558190903754,9.80005260871053e-05
61021.48572851477,1.0009396849567498,1.000855040555594,1.0008535576798083,1.000855040555594,8.464440115574234e-05
61021.48581226452,0.9997374184238982,1.000854258252177,1.000852776800314,1.000854258252177,-0.001116839828278926
61021.48589601426,1.0002562910779416,1.000853472203173,1.0008519921959347,1.000853472203173,-0.0005971811252314385
61021.48597976401,0.9999630031660044,1.0008526824313284,1.0008512038891775,1.0008526824313284,-0.0008896792653240171
61021.48606351377,1.0013830023765915,1.0008518889594322,1.00085041190259,1.0008518889594322,0.0005311134171592791
61021.48614726352,1.0014226004759679,1.000851091810316,1.0008496162587655,1.000851091810316,0.0005715086656519208
61021.48623101327,1.0009687880501732,1.0008502910065118,1.0008488169799996,1.0008502910065118,0.00011849704366140301
61021.486314763024,0.9998384991903188,1.0008494865704565,1.0008480140884943,1.0008494865704565,-0.0010109873801377178
61021.486398512774,0.9999449539832643,1.0008486785247026,1.0008472076065686,1.0008486785247026,-0.0009037245414382777
61021.486482262524,1.0009357525175784,1.0008478668915015,1.0008463975562423,1.0008478668915015,8.788562607686679e-05
61021.486566012274,1.0007003067221034,1.0008470516930805,1.0008455839595123,1.0008470516930805,-0.00014674497097710848
61021.486649762024,0.9999139362726233,1.0008462329515753,1.000844766838287,1.0008462329515753,-0.0009322966789520049
61021.486733511774,1.0010058429039943,1.0008454106890294,1.0008439462143828,1.0008454106890294,0.00016043221496486737
61021.486817261524,1.001203136177821,1.0008445849273948,1.0008431221095273,1.0008445849273948,0.00035855125042627556
61021.486901011274,1.0005425906441427,1.0008437556885337,1.0008422945453581,1.0008437556885337,-0.0003011650443909275
61021.486984761024,1.0012570339765743,1.000842922994216,1.0008414635434244,1.000842922994216,0.0004141109823583289
61021.487068510774,1.0007566158305772,1.0008420868661223,1.0008406291251861,1.0008420868661223,-8.547103554512603e-05
61021.48715226053,1.000800176081627,1.0008412473257695,1.0008397913119422,1.0008412473257695,-4.107124414254315e-05
61021.48723601028,1.0010456815290358,1.0008404043948045,1.0008389501251218,1.0008404043948045,0.00020527713423135197
61021.48731976003,1.000557589542426,1.0008395580945657,1.000838105585849,1.0008395580945657,-0.00028196855213979966
61021.48740350978,1.0000890242806841,1.0008387084463766,1.0008372577152327,1.0008387084463766,-0.0007496841656924325
61021.48748725953,1.0007099780583453,1.0008378554714705,1.0008364065342943,1.0008378554714705,-0.0001278774131252547
61021.48757100928,1.000469825914234,1.000836999190995,1.0008355520639705,1.000836999190995,-0.0003671732767609459
61021.48765475904,1.0006143331943738,1.0008361396259327,1.000834694325035,1.0008361396259327,-0.0002218064315588908
61021.48773850879,0.9999154157851097,1.000835276797404,1.0008338333384008,1.000835276797404,-0.000919861012294354
61021.48782225853,1.0013070312568417,1.000834410726295,1.0008329691247473,1.000834410726295,0.00047262053054675235
61021.48790600829,1.0014479275855623,1.0008335414331764,1.0008321017044408,1.0008335414331764,0.0006143861523859595
61021.48798975804,1.0015076313530469,1.0008326689389857,1.0008312310982164,1.0008326689389857,0.0006749624140611754
61021.48807350779,1.0006596149180442,1.0008317932642727,1.0008303573264221,1.0008317932642727,-0.00017217834622851313
61021.48815725754,1.0008147598855877,1.000830914429578,1.0008294804093976,1.000830914429578,-1.6154543990287706e-05
61021.48824100729,1.0014250331327075,1.0008300324553552,1.0008286003673992,1.0008300324553552,0.0005950006773522976
61021.48832475704,1.0003413517206912,1.000829147361975,1.0008277172205993,1.000829147361975,-0.00048779564128387243
61021.48840850679,1.0012331809728305,1.000828259169722,1.000826830989088,1.000828259169722,0.00040492180310858217
61021.48849225655,1.0010108093039078,1.00082736789872,1.0008259416927945,1.00082736789872,0.00018344140518777863
61021.4885760063,1.001404754352163,1.0008264735692416,1.0008250493517978,1.0008264735692416,0.0005782807829213255
61021.48865975605,1.0012278156171242,1.000825576201243,1.000824153985864,1.000825576201243,0.00040223941588113377
61021.4887435058,1.001190379489995,1.0008246758146748,1.0008232556147534,1.0008246758146748,0.00036570367532018366
61021.48882725555,1.0012566973904047,1.0008237724294056,1.0008223542581458,1.0008237724294056,0.0004329249609991148
61021.4889110053,0.9998698516131339,1.0008228660652208,1.0008214499356398,1.0008228660652208,-0.0009530144520868422
61021.48899475505,1.0011111521375766,1.0008219567418237,1.0008205426667531,1.0008219567418237,0.00028919539575289477
61021.4890785048,1.0004471438232359,1.0008210444788366,1.000819632470924,1.0008210444788366,-0.00037390065560072294
61021.48916225455,1.0009945541242793,1.0008201292957997,1.0008187193675093,1.0008201292957997,0.0001744248284796246
61021.4892460043,1.000518850625733,1.0008192112121723,1.000817803375787,1.0008192112121723,-0.00030036058643934105
61021.489329754055,1.0000712030248349,1.000818290247253,1.0008168845148762,1.000818290247253,-0.0007470872224182301
61021.489413503805,1.0005690677860055,1.0008173664205005,1.000815962804056,1.0008173664205005,-0.0002482986344949367
61021.48949725356,1.0008778633569901,1.000816439750972,1.0008150382622063,1.000816439750972,6.142360601812946e-05
61021.489581003305,1.0000928613502484,1.000815510258048,1.0008141109085318,1.000815510258048,-0.0007226489077996057
61021.489664753055,1.0013571069202445,1.000814577960546,1.0008131807616751,1.000814577960546,0.0005425289596985294
61021.489748502805,1.0010938590758889,1.0008136428775265,1.0008122478405237,1.0008136428775265,0.0002802161983623819
61021.489832252555,1.0004400331253795,1.0008127050278908,1.0008113121638067,1.0008127050278908,-0.0003726719025112235
61021.489916002305,1.0000466531043626,1.0008117644304622,1.000810373750176,1.0008117644304622,-0.0007651113260995768
61021.489999752055,1.0008667136717355,1.0008108211039852,1.0008094326182075,1.0008108211039852,5.5892567750293054e-05
61021.49008350181,1.00141641631055,1.0008098750670449,1.000808488786318,1.0008098750670449,0.0006065412435050099
61021.49016725156,1.0012407836951713,1.000808926338395,1.000807542273094,1.000808926338395,0.00043185735677631065
61021.49025100131,1.0010726467746607,1.0008079749364664,1.0008065930968009,1.0008079749364664,0.00026467183819423035
61021.49033475107,1.0002502590855487,1.0008070208796118,1.0008056412756272,1.0008070208796118,-0.0005567617940631653
61021.49041850081,1.0004564873056292,1.0008060641864396,1.0008046868280176,1.0008060641864396,-0.0003495768808103872
61021.49050225056,0.9996943094248746,1.0008051048749835,1.0008037297718453,1.0008051048749835,-0.0011107954501089479
61021.49058600031,1.0011218347144017,1.0008041429635346,1.0008027701252395,1.0008041429635346,0.00031769175086715506
61021.49066975006,1.0021023280724783,1.000803178470224,1.0008018079061731,1.000803178470224,0.0012991496022543014
61021.49075349981,1.001608785028359,1.0008022114131088,1.0008008431325444,1.0008022114131088,0.0008065736152502723
61021.49083724956,1.0001034612941335,1.0008012418101702,1.0007998758221783,1.0008012418101702,-0.000697780516036639
61021.49092099932,1.0007358285012098,1.0008002696792313,1.0007989059927425,1.0008002696792313,-6.444117802151261e-05
61021.49100474907,1.0008162771159232,1.0007992950382933,1.0007979336620827,1.0007992950382933,1.6982077629901227e-05
61021.49108849882,1.0008978473055776,1.0007983179050308,1.0007969588477215,1.0007983179050308,9.952940054680504e-05
61021.49117224858,1.0000291054892652,1.0007973382970445,1.0007959815671068,1.0007973382970445,-0.0007682328077793787
61021.49125599832,1.0011067579782564,1.0007963562322013,1.0007950018379543,1.0007963562322013,0.0003104017460551223
61021.49133974807,1.0011666446625958,1.0007953717277844,1.0007940196773992,1.0007953717277844,0.0003712729348113175
61021.49142349782,1.0001884428531935,1.0007943848013452,1.000793035102843,1.0007943848013452,-0.000605941948151667
61021.49150724757,1.0008722259252847,1.000793395470277,1.0007920481315322,1.000793395470277,7.883045500767238e-05
61021.49159099732,1.0011292605227806,1.0007924037519014,1.0007910587806428,1.0007924037519014,0.0003368567708792458
61021.49167474707,1.000903350919323,1.0007914096634682,1.000790067067279,1.0007914096634682,0.00011194125585478609
61021.49175849683,1.0015158173662664,1.0007904132220684,1.0007890730083884,1.0007904132220684,0.0007254041441979719
61021.49184224658,1.0014162341275092,1.0007894144449825,1.0007880766211081,1.0007894144449825,0.000626819682526758
61021.491925996335,1.0005391926245306,1.0007884133490723,1.000787077922159,1.0007884133490723,-0.00024922072454169886
61021.49200974608,1.0010457488549962,1.0007874099515643,1.0007860769286274,1.0007874099515643,0.00025833890343185395
61021.49209349583,1.0011687418791704,1.0007864042690924,1.000785073657007,1.0007864042690924,0.0003823376100779985
61021.49217724558,1.0009943644669521,1.0007853963185678,1.000784068124072,1.0007853963185678,0.00020896814838433642
61021.49226099533,1.001259620508148,1.0007843861167458,1.00078306034644,1.0007843861167458,0.0004752343914022905
61021.49234474508,1.0005889754086879,1.000783373680312,1.0007820503406606,1.000783373680312,-0.00019439827162415213
61021.49242849483,1.0009032088249892,1.0007823590258824,1.0007810381232152,1.0007823590258824,0.00012084979910675919
61021.492512244586,1.0010386963224354,1.000781342169916,1.000780023710429,1.000781342169916,0.0002573541525192624
61021.492595994336,1.000596261482832,1.0007803231290682,1.0007790071188238,1.0007803231290682,-0.0001840616462360778
61021.492679744086,1.0001355621236563,1.000779301919661,1.000777988364591,1.000779301919661,-0.0006437397960046276
61021.492763493836,1.0011854142360026,1.0007782785580366,1.000776967463942,1.0007782785580366,0.00040713567796601957
61021.492847243586,1.0008482014590283,1.000777253060469,1.000775944433022,1.000777253060469,7.094839855925628e-05
61021.492930993336,1.0003377070104633,1.0007762254431662,1.0007749192879094,1.0007762254431662,-0.0004385184327029279
61021.493014743086,1.0001548205512902,1.0007751957222675,1.0007738920446159,1.0007751957222675,-0.0006203751709772387
61021.493098492836,1.0003355517536763,1.0007741639138454,1.0007728627190886,1.0007741639138454,-0.0004386121601691606
61021.493182242586,1.0009231862528074,1.0007731300339062,1.0007718313272083,1.0007731300339062,0.00015005621890118448
61021.493265992336,1.0006656747298157,1.0007720940983893,1.0007707978847902,1.0007720940983893,-0.0001064193685735848
61021.49334974209,1.0006235891736446,1.000771056123079,1.0007697624074947,1.000771056123079,-0.00014746694943434946
61021.49343349184,1.001714605770494,1.0007700161239623,1.0007687249111872,1.0007700161239623,0.0009445896465316572
61021.493517241586,1.0002588346210337,1.000768974116783,1.0007676854114893,1.000768974116783,-0.0005101394957491845
61021.49360099134,1.0016986804367862,1.0007679301169452,1.0007666439236864,1.0007679301169452,0.0009307503198410227
61021.49368474109,1.0006468991698656,1.0007668841403334,1.000765600463542,1.0007668841403334,-0.00011998497046783463
61021.493768490844,1.000724211517448,1.0007658362024034,1.0007645550463948,1.0007658362024034,-4.162468495549909e-05
61021.493852240594,1.0006574287260859,1.0007647863186382,1.0007635076876102,1.0007647863186382,-0.00010735759255231514
61021.493935990344,1.000120568350324,1.0007637345044564,1.000762458402491,1.0007637345044564,-0.0006431661541324019
61021.494019740094,1.0007928958054373,1.0007626807752124,1.0007614072062752,1.0007626807752124,3.021503022493377e-05
61021.494103489844,1.0013230878354462,1.0007616251461966,1.0007603541141394,1.0007616251461966,0.0005614626892496144
61021.494187239594,1.000421447949217,1.000760567632637,1.000759299141198,1.000760567632637,-0.0003391196834199306
61021.494270989344,1.0010463824699274,1.000759508249697,1.0007582423025028,1.000759508249697,0.0002868742202304375
61021.4943547391,1.0004877633224278,1.000758447012386,1.0007571836129507,1.000758447012386,-0.00027068368995819547
61021.49443848885,1.0017246745425206,1.0007573839359274,1.0007561230876547,1.0007573839359274,0.0009672906065931741
61021.4945222386,0.9995216237361593,1.0007563190352045,1.000755060741389,1.0007563190352045,-0.0012346952990451854
61021.49460598835,1.0001838995841572,1.0007552523251324,1.0007539965889594,1.0007552523251324,-0.0005713527409751951
61021.4946897381,1.000473354986717,1.000754183820563,1.0007529306451104,1.000754183820563,-0.00028082883384583646
61021.49477348785,1.0002767728379869,1.0007531135362868,1.0007518629245253,1.0007531135362868,-0.0004763406982999374
61021.494857237594,1.0007789012998314,1.0007520414871265,1.0007507934419215,1.0007520414871265,2.685981270489357e-05
61021.49494098735,0.999868550214416,1.0007509676874706,1.0007497222115822,1.0007509676874706,-0.0008824174730546197
61021.4950247371,1.0008313393346546,1.0007498921522067,1.00074864924829,1.0007498921522067,8.14471824479579e-05
61021.49510848685,1.001047285435498,1.0007488148957875,1.0007475745663956,1.0007488148957875,0.00029847053971043813
61021.49519223661,1.0008123446530295,1.0007477359326062,1.0007464981801897,1.0007477359326062,6.460872042324262e-05
61021.49527598636,1.0002051492114674,1.0007466552772768,1.0007454201041839,1.0007466552772768,-0.0005415060658093829
61021.49535973611,1.0009929075655957,1.000745572944072,1.000744340352551,1.000745572944072,0.00024733462152370933
61021.49544348586,0.9996950669869614,1.0007444889472985,1.000743258939498,1.0007444889472985,-0.0010494219603370825
61021.49552723561,1.0015087837161742,1.0007434033012041,1.0007421758791744,1.0007434033012041,0.000765380414970096
61021.49561098535,1.000975785512866,1.0007423160200721,1.0007410911857637,1.0007423160200721,0.00023346949279390294
61021.4956947351,1.0002126915199656,1.0007412271178429,1.000740004873111,1.0007412271178429,-0.0005285355978772444
61021.49577848486,1.00013159490735,1.0007401366085873,1.0007389169551906,1.0007401366085873,-0.000608541701237364
61021.49586223461,1.0014018232028974,1.0007390445065074,1.000737827446108,1.0007390445065074,0.0006627786963899762
61021.49594598436,1.000992988882885,1.0007379508254632,1.0007367363596302,1.0007379508254632,0.00025503805742177477
61021.49602973412,1.0001559011732937,1.0007368555792562,1.0007356437094639,1.0007368555792562,-0.0005809544059625082
61021.49611348387,1.0002593255653849,1.0007357587819157,1.0007345495095454,1.0007357587819157,-0.0004764332165307916
61021.49619723361,1.000764832975284,1.0007346604472236,1.000733453773565,1.0007346604472236,3.017252806047921e-05
61021.49628098336,1.001280427014616,1.0007335605887135,1.000732356514965,1.0007335605887135,0.0005468664259025147
61021.49636473311,1.001427201699911,1.0007324592201485,1.0007312577474181,1.0007324592201485,0.0006947424797625334
61021.49644848286,0.9992491520970668,1.0007313563551397,1.0007301574844454,1.0007313563551397,-0.0014822042580728834
61021.49653223261,1.0002580283325586,1.0007302520072412,1.0007290557395123,1.0007302520072412,-0.0004722236746825814
61021.49661598237,0.9990002949615914,1.0007291461898553,1.000727952525933,1.0007291461898553,-0.001728851228263939
61021.49669973212,1.0003505638228776,1.0007280389166153,1.0007268478572546,1.0007280389166153,-0.0003774750937377558
61021.496783481874,0.999640645505803,1.0007269302007171,1.0007257417465845,1.0007269302007171,-0.0010862846949141192
61021.49686723162,1.0008002642616034,1.0007258200557791,1.000724634207457,1.0007258200557791,7.444420582425337e-05
61021.49695098137,1.0012218242301079,1.0007247084947888,1.0007235252527737,1.0007247084947888,0.0004971157353190758
61021.49703473112,1.0006175264037158,1.0007235955310627,1.000722414895768,1.0007235955310627,-0.00010606912734689722
61021.49711848087,1.0011672224773198,1.0007224811777666,1.000721303149522,1.0007224811777666,0.0004447412995531863
61021.49720223062,1.0011489623995526,1.0007213654480116,1.0007201900270635,1.0007213654480116,0.0004275969515410427
61021.49728598037,1.0010563683141351,1.0007202483548547,1.0007190755413684,1.0007202483548547,0.00033611995928040095
61021.497369730125,0.9998502188025529,1.0007191299112008,1.000717959705261,1.0007191299112008,-0.0008689111086479517
61021.497453479875,1.0004084548853855,1.0007180101301931,1.000716842531803,1.0007180101301931,-0.00030955524480758
61021.49753722962,1.0002327190595681,1.0007168890247269,1.0007157240338107,1.0007168890247269,-0.000484169965158765
61021.497620979375,0.9999048849863523,1.0007157666073514,1.0007146042237542,1.0007157666073514,-0.000810881620999071
61021.497704729125,0.9996548169539703,1.0007146428911469,1.000713483114636,1.0007146428911469,-0.0010598259371765728
61021.497788478875,1.000733909759262,1.0007135178887514,1.0007123607190167,1.0007135178887514,2.0391870510616528e-05
61021.497872228625,1.0016900055110394,1.0007123916128466,1.0007112370495015,1.0007123916128466,0.0009776138981927307
61021.497955978375,1.0015250448581094,1.000711264076063,1.0007101121186446,1.000711264076063,0.0008137807820465248
61021.498039728125,1.0018125470267236,1.0007101352909775,1.0007089859389475,1.0007101352909775,0.0011024117357461005
61021.49812347787,1.0004640165612024,1.0007090052702137,1.0007078585229598,1.0007090052702137,-0.00024498870901124015
61021.498207227625,0.9993658939096617,1.0007078740259499,1.0007067298827863,1.0007078740259499,-0.0013419801162881662
61021.498290977375,1.0002644107248522,1.0007067415709021,1.0007056000310692,1.0007067415709021,-0.0004423308460499431
61021.498374727125,1.0007047185769853,1.0007056079173429,1.0007044689800086,1.0007056079173429,-8.893403575793712e-07
61021.49845847688,1.0006953388450421,1.000704473077491,1.0007033367417528,1.000704473077491,-9.134232448859692e-06
61021.49854222663,1.0010126885595985,1.0007033370638123,1.0007022033286948,1.0007033370638123,0.0003093514957861476
61021.49862597638,1.0027575748765332,1.0007021998884245,1.0007010687528832,1.0007021998884245,0.0020553749881087047
61021.498709726126,0.9999950338666656,1.000701061563592,1.0006999330265125,1.000701061563592,-0.0007060276969265145
61021.498793475876,1.0003620669652062,1.0006999221012334,1.0006987961614324,1.0006999221012334,-0.000337855136027132
61021.498877225626,1.001079162713699,1.0006987815135124,1.000697658169738,1.0006987815135124,0.00038038120018657473
61021.498960975376,1.0007501042020044,1.0006976398124445,1.0006965190633776,1.0006976398124445,5.246438955985866e-05
61021.49904472513,1.0011651557947856,1.0006964970098953,1.0006953788541502,1.0006964970098953,0.0004686587848903301
61021.49912847488,1.0016520428225633,1.0006953531179796,1.0006942375541028,1.0006953531179796,0.0009566897045836242
61021.49921222464,1.0013255680464164,1.0006942081483647,1.0006930951748385,1.0006942081483647,0.0006313598980516311
61021.49929597438,1.0014090333229009,1.0006930621131662,1.0006919517284072,1.0006930621131662,0.000715971209734656
61021.49937972413,0.9997431595689431,1.0006919150238542,1.0006908072262146,1.0006919150238542,-0.0009487554549111321
61021.49946347388,1.0003965096637621,1.0006907668922471,1.0006896616800156,1.0006907668922471,-0.00029425722848497315
61021.49954722363,1.0001064006509166,1.0006896177300157,1.0006885151014178,1.0006896177300157,-0.0005832170790991409
61021.49963097338,1.0010564810384337,1.0006884675487822,1.0006873675019814,1.0006884675487822,0.0003680134896515419
61021.49971472313,1.0009267320942656,1.0006873163601204,1.0006862188932182,1.0006873163601204,0.00023941573414520967
61021.49979847289,1.00075710093679,1.000686164175457,1.000685069286493,1.000686164175457,7.093676133296256e-05
61021.49988222263,1.0001175549696706,1.00068501100657,1.0006839186935241,1.00068501100657,-0.0005674560368993387
61021.49996597238,1.0006195864260892,1.0006838568645902,1.0006827671253815,1.0006838568645902,-6.427043850099068e-05
61021.50004972214,1.0008301422106243,1.0006827017609,1.0006816145933894,1.0006827017609,0.00014744044972436754
61021.50013347189,1.0002265093585698,1.0006815457070366,1.0006804611090254,1.0006815457070366,-0.0004550363484667752
61021.50021722164,1.001983404485673,1.0006803887141884,1.0006793066834199,1.0006803887141884,0.0013030157714846169
61021.50030097139,1.000110081076962,1.0006792307935977,1.0006781513277578,1.0006792307935977,-0.0005691497166355752
61021.50038472114,0.999389477626193,1.00067807195646,1.0006769950531778,1.00067807195646,-0.0012885943302670677
61021.500468470884,1.000589031059091,1.0006769122140258,1.0006758378708729,1.0006769122140258,-8.788115493474358e-05
61021.500552220634,1.0004444903963325,1.0006757515771951,1.0006746797916894,1.0006757515771951,-0.0002312611808625853
61021.50063597039,1.000293141055474,1.000674590057026,1.0006735208266289,1.000674590057026,-0.0003814490015519034
61021.50071972014,1.001617286611252,1.0006734276647302,1.0006723609868489,1.0006734276647302,0.000943858946521825
61021.50080346989,1.0007837311043561,1.0006722644111727,1.00067120028316,1.0006722644111727,0.00011146669318340408
61021.50088721965,1.0000006512026052,1.0006711003071727,1.0006700387263276,1.0006711003071727,-0.0006704491045674832
61021.5009709694,1.0002040146892541,1.000669935363805,1.0006688763273757,1.000669935363805,-0.0004659206745509792
61021.50105471914,1.0013660755291331,1.0006687695919014,1.000667713097081,1.0006687695919014,0.0006973059372317181
61021.50113846889,1.0006350766023087,1.0006676030020427,1.000666549045974,1.0006676030020427,-3.2526399734056355e-05
61021.50122221864,1.001677745210145,1.0006664356050703,1.0006653841848452,1.0006664356050703,0.0010113096050747838
61021.50130596839,1.0013372072874032,1.0006652674116794,1.0006642185243384,1.0006652674116794,0.0006719398757237816
61021.50138971814,1.0000784628527344,1.0006640984325206,1.0006630520750546,1.0006640984325206,-0.0005856355797861923
61021.5014734679,1.0008021896455674,1.0006629286780988,1.0006618848474498,1.0006629286780988,0.00013926096746863514
61021.50155721764,1.0005295616504708,1.0006617581592825,1.0006607168523414,1.0006617581592825,-0.00013219650881168832
61021.5016409674,1.0018018683341736,1.0006605868861829,1.0006595480997946,1.0006605868861829,0.0011412814479907496
61021.50172471715,1.001568859648242,1.000659414869581,1.000658378600541,1.000659414869581,0.0009094447786608395
61021.5018084669,0.999986667762275,1.0006582421198065,1.0006572083648633,1.0006582421198065,-0.0006715743575315125
61021.50189221665,1.0010688448594578,1.0006570686472482,1.0006560374031033,1.0006570686472482,0.00041177621220955807
61021.5019759664,1.0002689974205583,1.0006558944622514,1.0006548657255603,1.0006558944622514,-0.0003868970416931461
61021.50205971615,1.0014266311133055,1.0006547195751188,1.0006536933424908,1.0006547195751188,0.0007719115381867869
61021.50214346589,1.0012938149204362,1.0006535439962123,1.0006525202642111,1.0006535439962123,0.000640270924223918
61021.50222721565,1.0002471169359757,1.0006523677354424,1.0006513465005884,1.0006523677354424,-0.0004052507994667387
61021.5023109654,1.0014147532514306,1.0006511908032907,1.0006501720620589,1.0006511908032907,0.0007635624481399095
61021.50239471515,1.0007231925558873,1.000650013209788,1.0006489969586094,1.000650013209788,7.317934609929466e-05
61021.50247846491,1.0003292575408738,1.0006488349649219,1.0006478212001853,1.0006488349649219,-0.00031957742404808975
61021.50256221466,1.0014222314235923,1.0006476560789463,1.0006466447969966,1.0006476560789463,0.000774575344645978
61021.5026459644,1.0010055653042191,1.0006464765618686,1.0006454677590089,1.0006464765618686,0.0003590887423505773
61021.50272971415,1.0010790273834846,1.000645296423449,1.0006442900959411,1.000645296423449,0.00043373096003573863
61021.5028134639,1.0003547033488993,1.0006441156737147,1.000643111817778,1.0006441156737147,-0.0002894123248153857
61021.50289721365,1.000624149365294,1.0006429343225487,1.000641932934363,1.0006429343225487,-1.878495725460283e-05
61021.5029809634,0.9995344201440771,1.000641752379793,1.0006407534554973,1.000641752379793,-0.0011073322357159077
61021.50306471316,1.0001418095717027,1.000640569855146,1.0006395733908398,1.000640569855146,-0.0004987602834432003
61021.5031484629,1.0004427089456862,1.0006393867586767,1.0006383927504194,1.0006393867586767,-0.0001966778129904867
61021.50323221265,1.001003885019449,1.0006382030997971,1.0006372115436097,1.0006382030997971,0.00036568191965180574
61021.50331596241,1.0011910837047584,1.0006370188881868,1.0006360297800525,1.0006370188881868,0.0005540648165716089
61021.50339971216,1.0002615295317865,1.0006358341336916,1.0006348474695548,1.0006358341336916,-0.0003743046019051288
61021.50348346191,1.0017434229106128,1.000634648845808,1.0006336646215754,1.000634648845808,0.0011087740648048072
61021.50356721166,1.0001585746821016,1.0006334630340954,1.000632481245638,1.0006334630340954,-0.0004748883519938296
61021.5036509614,1.0004176572939367,1.0006322767081781,1.000631297351329,1.0006322767081781,-0.00021461941424139042
61021.50373471115,1.0008754524029986,1.0006310898773303,1.0006301129478872,1.0006310898773303,0.00024436252566828465
61021.50381846091,1.00027346287394,1.0006299025509933,1.000628928044718,1.0006299025509933,-0.000356439677053233
61021.50390221066,1.000250090058125,1.0006287147387756,1.000627742651395,1.0006287147387756,-0.00037862468065053
61021.50398596041,0.9993612787187052,1.0006275264499371,1.0006265567771437,1.0006275264499371,-0.001266247731231962
61021.504069710165,1.0012361167119763,1.0006263376936995,1.000625370431151,1.0006263376936995,0.000609779018276857
61021.504153459915,1.0014837740137559,1.0006251484795547,1.0006241836228744,1.0006251484795547,0.0008586255342011295
61021.50423720966,1.0015209349128567,1.0006239588167507,1.0006229963615287,1.0006239588167507,0.0008969760961059503
61021.50432095941,1.0005908803178192,1.0006227687142886,1.000621808656083,1.0006227687142886,-3.188839646939279e-05
61021.50440470916,1.0007640656132497,1.0006215781814434,1.0006206205157786,1.0006215781814434,0.00014248743180633738
61021.50448845891,1.0004839554593392,1.0006203872273474,1.0006194319497164,1.0006203872273474,-0.0001364317680081495
61021.50457220866,1.0008445659008598,1.000619195861095,1.000618242966959,1.000619195861095,0.00022537003976474956
61021.504655958415,0.999756754349192,1.0006180040916406,1.0006170535764292,1.0006180040916406,-0.000861249742448611
61021.50473970816,1.0002542110442605,1.0006168119283134,1.0006158637874252,1.0006168119283134,-0.00036260088405293267
61021.50482345791,1.0011953690142692,1.0006156193797857,1.0006146736085895,1.0006156193797857,0.000579749634483484
61021.504907207665,1.0010927657851678,1.0006144264550014,1.0006134830488356,1.0006144264550014,0.0004783393301663885
61021.504990957415,1.0000957376957704,1.0006132331630762,1.000612292117249,1.0006132331630762,-0.0005174954673057286
61021.505074707165,1.0011955094257214,1.0006120395127769,1.0006111008225682,1.0006120395127769,0.0005834699129445564
61021.50515845691,1.0002806859086695,1.0006108455130411,1.000609909173701,1.0006108455130411,-0.00033015960437166036
61021.50524220666,1.0002870848637182,1.0006096511724594,1.0006087171792106,1.0006096511724594,-0.0003225663087411679
61021.50532595641,1.0023615024379562,1.0006084564998952,1.0006075248479325,1.0006084564998952,0.0017530459380610264
61021.50540970616,1.000045504186335,1.000607261504074,1.0006063321885632,1.000607261504074,-0.0005617573177389978
61021.505493455916,1.0001918271595178,1.00060606619358,1.000605139209661,1.00060606619358,-0.00041423903406223594
61021.505577205666,1.0017853551422906,1.0006048705772734,1.0006039459200584,1.0006048705772734,0.0011804845650171814
61021.50566095541,1.0002247152187926,1.0006036746637703,1.0006027523283452,1.0006036746637703,-0.00037895944497767786
61021.505744705166,1.0023452590316697,1.0006024784613394,1.0006015584427652,1.0006024784613394,0.0017427805703302823
61021.505828454916,1.0003116507585366,1.0006012819788384,1.0006003642721484,1.0006012819788384,-0.00028963122030178923
61021.505912204666,1.0012646712530082,1.0006000852246726,1.000599169824876,1.0006000852246726,0.0006645860283356342
61021.505995954416,1.0001616160450246,1.000598888207316,1.0005979751093972,1.000598888207316,-0.0004372721622913911
61021.506079704166,1.0012862885765965,1.0005976909352083,1.0005967801341265,1.0005976909352083,0.0006885976413881778
61021.50616345391,1.0003351202562447,1.0005964934168576,1.0005955849075483,1.0005964934168576,-0.00026137316061292104
61021.506247203666,1.0009351320507238,1.0005952956603212,1.0005943894376956,1.0005952956603212,0.0003398363904025814
61021.506330953416,0.9999829891102618,1.0005940976742456,1.0005931937331922,1.0005940976742456,-0.0006111085639837199
61021.506414703166,1.0006711153528594,1.0005928994668272,1.0005919978022104,1.0005928994668272,7.821588603218466e-05
61021.50649845292,1.0003683289444358,1.0005917010462269,1.0005908016528895,1.0005917010462269,-0.00022337210179101952
61021.50658220267,1.0012918258691805,1.0005905024208852,1.0005896052936465,1.0005905024208852,0.0007013234482953212
61021.50666595242,1.0007575919400875,1.0005893035989983,1.0005884087326564,1.0005893035989983,0.00016828834108917334
61021.50674970217,1.0011228245751076,1.0005881045885219,1.000587211977853,1.0005881045885219,0.0005347199865857188
61021.50683345192,1.0008818808162219,1.0005869053976892,1.0005860150374482,1.0005869053976892,0.0002949754185326281
61021.50691720167,1.0003725264307148,1.000585706034596,1.0005848179195163,1.000585706034596,-0.00021317960388111956
61021.50700095142,1.0008836887161343,1.000584506507304,1.0005836206320997,1.000584506507304,0.00029918220883029534
61021.50708470117,1.0004293185454864,1.0005833068238426,1.0005824231832057,1.0005833068238426,-0.00015398827835610973
61021.50716845092,1.0007243951360068,1.0005821069922063,1.0005812255808102,1.0005821069922063,0.00014228814380046195
61021.50725220067,1.0003759710856786,1.0005809070203573,1.0005800278328558,1.0005809070203573,-0.0002049359346787405
61021.507335950424,1.0002857346583582,1.000579706916121,1.000578829947148,1.000579706916121,-0.0002939722577628423
61021.507419700174,1.0014933319256976,1.000578506687602,1.0005776319317725,1.000578506687602,0.0009148252380954958
61021.507503449924,1.0010700707707598,1.0005773063425596,1.0005764337944705,1.0005773063425596,0.0004927644282002319
61021.50758719967,1.001504112972677,1.0005761058889284,1.0005752355431576,1.0005761058889284,0.0009280070837485166
61021.50767094942,1.001007049017363,1.000574905334299,1.0005740371854075,1.000574905334299,0.0004321436830641012
61021.50775469917,1.001958205103586,1.000573704686541,1.000572838729071,1.000573704686541,0.0013845004170449648
61021.50783844892,1.000172928053409,1.0005725039533893,1.0005716401818665,1.0005725039533893,-0.00039957589998018683
61021.507922198674,1.0021056652911973,1.0005713031424406,1.0005704415513736,1.0005713031424406,0.001534362148756685
61021.50800594842,1.0013748450334252,1.0005701022616775,1.000569242845558,1.0005701022616775,0.0008047427717476907
61021.508089698174,1.0007999469031603,1.0005689013183212,1.000568044071625,1.0005689013183212,0.00023104558483910687
61021.508173447924,1.0010313282003334,1.0005677003202909,1.000566845237477,1.0005677003202909,0.0004636278800425053
61021.508257197675,1.0007433666975447,1.000566499275057,1.000565646350569,1.000566499275057,0.00017686742248779197
61021.508340947425,1.0004256098750635,1.0005652981901632,1.0005644474184294,1.0005652981901632,-0.00013968831509969526
61021.508424697175,1.000882122155283,1.0005640970731209,1.0005632484485545,1.0005640970731209,0.0003180250821621655
61021.50850844692,1.0011404665592472,1.000562895931516,1.000562049448515,1.000562895931516,0.0005775706277311166
61021.50859219667,1.0009482301175654,1.0005616947725895,1.0005608504255379,1.0005616947725895,0.00038653534497590236
61021.508675946425,0.99980880580729,1.0005604936037604,1.000559651387028,1.0005604936037604,-0.0007516877964703905
61021.508759696175,1.0011951320776586,1.0005592924326256,1.000558452340568,1.0005592924326256,0.0006358396450329984
61021.508843445925,0.9999991520436147,1.0005580912664382,1.000557253293397,1.0005580912664382,-0.0005589392228235734
61021.508927195675,1.0001350619442961,1.000556890112526,1.0005560542528298,1.000556890112526,-0.0004218281682297764
61021.509010945425,1.0013564493479605,1.0005556889781846,1.0005548552261494,1.0005556889781846,0.0008007603697759436
61021.509094695175,1.0000865629559645,1.0005544878706814,1.0005536562206097,1.0005544878706814,-0.00046792491471681075
61021.509178444925,1.0000121868201703,1.0005532867972522,1.0005524572434343,1.0005532867972522,-0.0005410999770818492
61021.509262194675,0.9998187046069714,1.0005520857651027,1.0005512583018172,1.0005520857651027,-0.0007333811581312633
61021.509345944425,1.000593785698375,1.0005508847814106,1.0005500594029233,1.0005508847814106,4.290091696446119e-05
61021.50942969417,1.000211583973733,1.0005496838534262,1.0005488605539912,1.0005496838534262,-0.00033809987969313227
61021.509513443925,1.0000984384926073,1.0005484829879532,1.0005476617618148,1.0005484829879532,-0.00045004449534591373
61021.509597193675,1.000949685130231,1.0005472821923924,1.0005464630337821,1.0005472821923924,0.000402402937838664
61021.509680943425,1.0001928823494983,1.000546081473697,1.0005452643768367,1.000546081473697,-0.0003531991241987331
61021.50976469318,1.0006013310005335,1.0005448808387924,1.0005440657978926,1.0005448808387924,5.6450161741050664e-05
61021.509848442925,1.0006582292647719,1.0005436802949907,1.0005428673042513,1.0005436802949907,0.00011454896978113638
61021.509932192675,1.0007868103434665,1.0005424798489493,1.0005416689025615,1.0005424798489493,0.0002443304945172198
61021.510015942426,1.0006129908272072,1.0005412795077147,1.000540470599859,1.0005412795077147,7.171131949257337e-05
61021.510099692176,1.0010080948293207,1.0005400792781995,1.0005392724030469,1.0005400792781995,0.00046801555112119253
61021.510183441926,1.0000969950040905,1.0005388791672882,1.0005380743190009,1.0005388791672882,-0.0004418841631976811
61021.51026719167,1.0010783964316627,1.0005376791819403,1.0005368763546711,1.0005376791819403,0.0005407172497224888
61021.510350941426,1.0006043052521842,1.0005364793286708,1.0005356785165644,1.0005364793286708,6.782592351339822e-05
61021.510434691176,1.0010372567469004,1.000535279614591,1.0005344808117835,1.000535279614591,0.0005019771323093725
61021.51051844093,1.000471428448568,1.0005340800462632,1.0005332832468823,1.0005340800462632,-6.265159769514028e-05
61021.51060219068,1.0003377385675958,1.0005328806306386,1.0005320858288036,1.0005328806306386,-0.00019514206304283022
61021.510685940426,1.0009490758892834,1.0005316813744318,1.000530888564255,1.0005316813744318,0.00041739451485156565
61021.510769690176,1.000633455893204,1.0005304822841214,1.000529691459707,1.0005304822841214,0.00010297360908251285
61021.510853439926,0.9996728344188998,1.0005292833664707,1.0005284945219164,1.0005292833664707,-0.0008564489475709758
61021.510937189676,1.0005869768557683,1.000528084628111,1.0005272977575068,1.000528084628111,5.889222765720348e-05
61021.511020939426,1.0005120723015648,1.000526886075646,1.0005261011730764,1.000526886075646,-1.4813774081190445e-05
61021.511104689176,1.001617291550599,1.000525687715653,1.0005249047751947,1.000525687715653,0.0010916038349459978
61021.511188438926,1.0004645852815508,1.000524489554681,1.0005237085704044,1.000524489554681,-5.990427313018465e-05
61021.511272188676,1.0000843406704543,1.0005232915992521,1.0005225125652228,1.0005232915992521,-0.00043895092879786546
61021.51135593843,0.9994732447376307,1.000522093855757,1.0005213167660343,1.000522093855757,-0.001048849118126416
61021.51143968818,1.0005377817607375,1.0005208963308725,1.0005201211795094,1.0005208963308725,1.688542986499897e-05
61021.51152343793,1.0007073359145313,1.0005196990310399,1.0005189258120846,1.0005196990310399,0.0001876368834914377
61021.51160718768,1.0009088883511879,1.0005185019624654,1.000517730669961,1.0005185019624654,0.00039038638872246345
61021.51169093743,1.0000916639125659,1.0005173051316412,1.0005165357596264,1.0005173051316412,-0.00042564121907529007
61021.51177468718,1.0006079178765033,1.000516108544929,1.0005153410874372,1.000516108544929,9.18093315742663e-05
61021.51185843693,1.0014242908656315,1.0005149122086636,1.0005141466597238,1.0005149122086636,0.0009093786569678297
61021.51194218668,0.9995030410654802,1.000513716129154,1.0005129524827916,1.000513716129154,-0.0010106750636738049
61021.51202593643,1.0005774103924667,1.0005125203126832,1.0005117585629186,1.0005125203126832,6.489007978349726e-05
61021.51210968618,1.0005025765063487,1.0005113247655075,1.0005105649063581,1.0005113247655075,-8.748259158863902e-06
61021.512193435934,1.001003551440633,1.0005101294937537,1.0005093715192337,1.0005101294937537,0.0004934219468792911
61021.512277185684,1.000605770916417,1.0005089345038345,1.0005081784079537,1.0005089345038345,9.683641258240172e-05
61021.51236093543,1.0015305447103657,1.0005077398019286,1.0005069855786948,1.0005077398019286,0.0010228049084370916
61021.51244468518,1.0011812183693263,1.0005065453939828,1.0005057930373995,1.0005065453939828,0.0006746729753435154
61021.51252843493,1.0003565186855083,1.0005053512862279,1.0005046007902971,1.0005053512862279,-0.00014883260071951732
61021.51261218468,0.9996677134915001,1.0005041574847668,1.0005034088434879,1.0005041574847668,-0.0008364439932667667
61021.51269593443,1.000558772064631,1.0005029639956764,1.0005022172030462,1.0005029639956764,5.580806895455481e-05
61021.51277968418,1.001022103696589,1.0005017708250095,1.0005010258750224,1.0005017708250095,0.0005203328715794875
61021.51286343393,1.0017015450020212,1.0005005779787928,1.0004998348654415,1.0005005779787928,0.001200967023228472
61021.512947183684,0.9995781883419458,1.0004993854629238,1.0004986441802002,1.0004993854629238,-0.0009211971209780456
61021.513030933434,1.0003686285441618,1.0004981932835877,1.0004974538254812,1.0004981932835877,-0.00012956473942593583
61021.513114683185,1.0006327743258534,1.000497001446633,1.000496263807131,1.000497001446633,0.00013577287922039716
61021.51319843293,1.0004591030939431,1.0004958099580903,1.000495074131181,1.0004958099580903,-3.6706864147140195e-05
61021.51328218268,1.000569309802003,1.0004946188236559,1.0004938848033256,1.0004946188236559,7.469097834711391e-05
61021.51336593243,1.00076546614426,1.000493428049312,1.0004926958295461,1.000493428049312,0.00027203809494791287
61021.51344968218,1.000810184645865,1.0004922376409122,1.0004915072156961,1.0004922376409122,0.00031794700495280104
61021.513533431935,1.0006784894067875,1.0004910476041833,1.0004903189675018,1.0004910476041833,0.00018744180260421572
61021.51361718168,1.0010308746947338,1.0004898579452408,1.0004891310910788,1.0004898579452408,0.0005410167494930285
61021.51370093143,1.0003411440856058,1.0004886686695567,1.0004879435918983,1.0004886686695567,-0.00014752458395084211
61021.513784681185,1.0009468814648954,1.000487479782888,1.000486756475719,1.000487479782888,0.00045940168200742093
61021.513868430935,1.0003349210335566,1.0004862912911758,1.0004855697484811,1.0004862912911758,-0.00015137025761924328
61021.513952180685,1.001478575151015,1.000485103200026,1.0004843834157913,1.000485103200026,0.0009934719509889778
61021.51403593043,0.9993470868211801,1.0004839155152283,1.0004831974834407,1.0004839155152283,-0.0011368286940481864
61021.51411968018,1.0009717869026873,1.000482728242239,1.0004820119568865,1.000482728242239,0.0004890586604482383
61021.51420342993,1.0014054185583858,1.000481541386801,1.0004808268418717,1.000481541386801,0.0009238771715849303
61021.51428717968,1.0007965957396725,1.0004803549545291,1.0004796421440139,1.0004803549545291,0.0003162407851433624
61021.51437092943,1.0004829191305495,1.0004791689510164,1.0004784578689065,1.0004791689510164,3.7501795331351673e-06
61021.51445467918,1.0015286510918422,1.0004779833818322,1.000477274022121,1.0004779833818322,0.0010506677100099449
61021.51453842893,1.0008549779368519,1.0004767982525227,1.0004760906092054,1.0004767982525227,0.0003781796843291829
61021.514622178685,1.0014634862639116,1.0004756135685078,1.000474907635582,1.0004756135685078,0.0009878726954037909
61021.514705928435,0.9999466530359455,1.0004744293354946,1.0004737251069586,1.0004744293354946,-0.000527776299549032
61021.51478967818,1.0019709597512259,1.0004732455589596,1.000472543028815,1.0004732455589596,0.0014977141922662973
61021.51487342793,0.99974572750873,1.000472062244152,1.0004713614064038,1.000472062244152,-0.0007263347354220517
61021.51495717768,1.000749663314429,1.0004708793966073,1.0004701802452616,1.0004708793966073,0.0002787839178217677
61021.51504092743,0.9989577396453466,1.0004696970217348,1.0004689995508014,1.0004696970217348,-0.0015119573763882066
61021.51512467718,1.0002631383676805,1.0004685151249215,1.000467819328413,1.0004685151249215,-0.00020537675724097149
61021.51520842693,1.0005077331827892,1.0004673337115326,1.000466639583465,1.0004673337115326,4.039947125655807e-05
61021.51529217668,1.000798832528815,1.0004661527869103,1.0004654603213023,1.0004661527869103,0.00033267974190476224
61021.515375926436,1.0001142150955367,1.000464972356273,1.0004642815471474,1.000464972356273,-0.0003507572607364118
61021.515459676186,1.0012066726166413,1.0004637924251238,1.0004631032665063,1.0004637924251238,0.0007428801915174699
61021.51554342593,1.0002855004686102,1.0004626129987393,1.0004619254846598,1.0004626129987393,-0.00017711253012908657
61021.51562717568,1.001398850280234,1.0004614340821687,1.000460748206661,1.0004614340821687,0.0009374161980653106
61021.51571092543,1.0005273142519466,1.0004602556807474,1.0004595714378497,1.0004602556807474,6.705857119926328e-05
61021.51579467518,1.0003267793835975,1.0004590777996862,1.0004583951834407,1.0004590777996862,-0.0001322984160887497
61021.51587842493,1.0009684118050715,1.000457900444175,1.0004572194486276,1.000457900444175,0.0005105113608965262
61021.51596217468,1.000983564994982,1.0004567236193813,1.0004560442385833,1.0004567236193813,0.0005268413756007728
61021.51604592443,1.000297197807429,1.0004555473304517,1.0004548695584585,1.0004555473304517,-0.00015834952302262728
61021.51612967418,0.9991617727198026,1.000454371582511,1.0004536954133836,1.000454371582511,-0.0012925988627083829
61021.516213423936,1.0006938407691204,1.0004531963805612,1.000452521808365,1.0004531963805612,0.0002406443885591969
61021.516297173686,1.0002127036777078,1.0004520217298893,1.0004513487486948,1.0004520217298893,-0.00023931805218158075
61021.51638092343,1.000081971576092,1.0004508476355565,1.0004501762394393,1.0004508476355565,-0.00036887605946445134
61021.51646467318,1.0007623868287614,1.0004496741023998,1.0004490042854413,1.0004496741023998,0.00031271272636157477
61021.51654842293,0.9997895211921637,1.0004485011355402,1.0004478328918274,1.0004485011355402,-0.000658979943376492
61021.51663217268,1.0006231671478067,1.0004473287399775,1.0004466620636023,1.0004473287399775,0.00017583840782919857
61021.51671592242,1.001002463301679,1.0004461569207912,1.0004454918058516,1.0004461569207912,0.0005563063808877722
61021.51679967218,1.000421371713237,1.0004449856826332,1.000444322123234,1.0004449856826332,-2.3613969396096834e-05
61021.51688342193,1.0009647861094104,1.000443815030746,1.0004431530209972,1.000443815030746,0.000520971078664445
61021.51696717168,0.9992428910997908,1.0004426449699444,1.0004419845039623,1.0004426449699444,-0.001199753870153586
61021.51705092144,1.0004961924903657,1.0004414755050228,1.0004408165769305,1.0004414755050228,5.471698534287306e-05
61021.51713467118,1.0002079451349886,1.0004403066411618,1.0004396492450875,1.0004403066411618,-0.0002323615061732287
61021.51721842093,1.000256090518621,1.000439138382912,1.0004384825129924,1.000439138382912,-0.00018304786429101938
61021.51730217068,1.0002602637130436,1.000437970735211,1.0004373163855877,1.000437970735211,-0.00017770702216735046
61021.51738592043,1.0013619959919806,1.000436803702873,1.0004361508676967,1.000436803702873,0.0009251922891075903
61021.51746967017,1.000617966035997,1.0004356372907959,1.0004349859642214,1.0004356372907959,0.00018232874520118791
61021.51755341992,1.000966618630183,1.0004344715035516,1.0004338216797435,1.0004344715035516,0.0005321471266315214
61021.51763716968,1.000597712322676,1.0004333063458966,1.0004326580190253,1.0004333063458966,0.0001644059767793582
61021.51772091943,0.9998116384801358,1.000432141822769,1.0004314949870123,1.000432141822769,-0.0006205033426333051
61021.51780466918,1.0018925572383364,1.000430977938784,1.0004303325883277,1.000430977938784,0.0014615792995522625
61021.51788841893,1.000345669545616,1.0004298146986381,1.0004291708276754,1.0004298146986381,-8.414515302201941e-05
61021.51797216868,1.001808924615192,1.0004286521070092,1.0004280097097402,1.0004286521070092,0.0013802725081828449
61021.51805591843,1.0003686239049163,1.0004274901685548,1.0004268492391881,1.0004274901685548,-5.886626363849068e-05
61021.51813966818,0.9999774924749271,1.0004263288879134,1.0004256894206658,1.0004263288879134,-0.0004488364129863198
61021.51822341792,1.0004951211483566,1.0004251682698049,1.0004245302589012,1.0004251682698049,6.995287855171561e-05
61021.51830716767,0.9998699706133001,1.0004240083186284,1.0004233717583009,1.0004240083186284,-0.0005540377053283585
61021.51839091743,1.0010522887841977,1.0004228490389648,1.0004222139234549,1.0004228490389648,0.0006294397452328848
61021.51847466718,1.0004385264813465,1.0004216904355778,1.0004210567591347,1.0004216904355778,1.683604576863118e-05
61021.51855841692,0.9996456440734646,1.0004205325130104,1.000419900269892,1.0004205325130104,-0.0007748884395458733
61021.51864216668,1.000895576883895,1.000419375275485,1.0004187444599582,1.000419375275485,0.00047620160840988746
61021.51872591643,1.0004807765216197,1.000418218727809,1.000417589334149,1.000418218727809,6.255779381070248e-05
61021.51880966618,1.0003767935136672,1.0004170628743687,1.0004164348968594,1.0004170628743687,-4.0269360701561396e-05
61021.51889341592,1.0005532356940716,1.000415907719733,1.0004152811526672,1.000415907719733,0.0001373279743386302
61021.51897716567,1.0016069846518552,1.0004147532681504,1.0004141281058307,1.0004147532681504,0.0011922313837047227
61021.51906091542,1.000070420796163,1.000413599524153,1.0004129757608906,1.000413599524153,-0.00034317872798994564
61021.51914466517,1.0003557367031262,1.0004124464921536,1.0004118241222688,1.0004124464921536,-5.67097890273871e-05
61021.51922841493,0.9994820984907865,1.0004112941764465,1.0004106731942695,1.0004112941764465,-0.000929195685659967
61021.51931216467,1.0013080759184465,1.000410142581709,1.0004095229815788,1.000410142581709,0.0008979333367375997
61021.51939591442,1.0012012936815273,1.0004089917119978,1.0004083734882638,1.0004089917119978,0.0007923019695295075
61021.51947966418,1.0002292245157842,1.0004078415716549,1.000407224718675,1.0004078415716549,-0.00017861705587063348
61021.51956341393,1.0007072738286094,1.0004066921652006,1.0004060766773442,1.0004066921652006,0.0003005816634087388
61021.519647163674,1.0005922613194047,1.0004055434969406,1.0004049293685844,1.0004055434969406,0.00018671782246415525
61021.519730913424,1.0003087904855488,1.0004043955709603,1.0004037827964938,1.0004043955709603,-9.56050854115098e-05
61021.519814663174,1.0001806586796833,1.0004032483916288,1.0004026369654497,1.0004032483916288,-0.0002225897119454423
61021.519898412924,1.001123116893171,1.000402101963197,1.0004014918797137,1.000402101963197,0.0007210149299738955
61021.51998216267,1.0007012640016464,1.0004009562899976,1.0004003475436285,1.0004009562899976,0.0003003077116487951
61021.520065912424,1.00040752717934,1.000399811375948,1.0003992039611223,1.000399811375948,7.7158033919833e-06
61021.520149662174,1.0008639105296142,1.0003986672255447,1.0003980611367016,1.0003986672255447,0.0004652433040694959
61021.52023341193,1.0014399001454328,1.0003975238427694,1.0003969190743593,1.0003975238427694,0.0010423763026634614
61021.520317161674,1.000363291147257,1.000396381232084,1.0003957777785668,1.000396381232084,-3.309008482688114e-05
61021.520400911424,0.9992611115087181,1.0003952393973368,1.0003946372531838,1.0003952393973368,-0.0011341278886186634
61021.520484661174,1.0005557617706993,1.000394098342756,1.000393497502449,1.000394098342756,0.000161663427943326
61021.520568410924,1.0002774063019522,1.0003929580724533,1.0003923585304857,1.0003929580724533,-0.0001155517705011544
61021.520652160674,0.9999813741380809,1.0003918185905234,1.000391220341399,1.0003918185905234,-0.0004104444524425377
61021.52073591042,1.0016564205411762,1.0003906799011437,1.000390082939377,1.0003906799011437,0.0012657406400324867
61021.520819660174,0.9999039011879797,1.000389542008078,1.0003889463281954,1.000389542008078,-0.00048564082009827647
61021.520903409924,1.0005321929676971,1.0003884049156673,1.0003878105122057,1.0003884049156673,0.00014378805202985845
61021.520987159674,1.0015031108949806,1.0003872686278397,1.000386675495348,1.0003872686278397,0.0011158422671408985
61021.521070909424,1.0005934122642777,1.0003861331486061,1.000385541281644,1.0003861331486061,0.00020727911567153257
61021.521154659174,1.0005198397861634,1.0003849984819604,1.0003844078750994,1.0003849984819604,0.0001348413042030483
61021.521238408925,1.0010940982540082,1.0003838646318801,1.0003832752797033,1.0003838646318801,0.0007102336221280758
61021.521322158675,1.0013759903673274,1.0003827316023262,1.0003821434994276,1.0003827316023262,0.000993258765001226
61021.52140590842,0.9996611928394298,1.0003815993973413,1.0003810125383277,1.0003815993973413,-0.0007204065579115015
61021.52148965817,1.000066212666867,1.000380468020657,1.0003798824001462,1.000380468020657,-0.00031425535379003833
61021.52157340792,1.0004867685581775,1.0003793374762837,1.0003787530889057,1.0003793374762837,0.00010743108189381623
61021.521657157675,1.0013068516780315,1.0003782077680183,1.0003776246084153,1.0003782077680183,0.0009286439100131272
61021.52174090742,1.0010004852387544,1.0003770789000355,1.0003764969628606,1.0003770789000355,0.0006234063387189348
61021.52182465717,0.9994699735074708,1.0003759508759036,1.0003753701558231,1.0003759508759036,-0.0009059773684327865
61021.521908406925,1.001038795506174,1.0003748236994705,1.0003742441911625,1.0003748236994705,0.0006639718067034117
61021.521992156675,1.0010388609827219,1.0003736973747634,1.0003731190729188,1.0003736973747634,0.00066516360795843
61021.52207590642,1.0002770041743358,1.000372571905598,1.0003719948049186,1.000372571905598,-9.556773126218054e-05
61021.52215965617,1.001806392463494,1.0003714472955776,1.0003708713907788,1.0003714472955776,0.0014349451679163128
61021.52224340592,1.0004580300981327,1.0003703235485848,1.0003697488343941,1.0003703235485848,8.770654954792789e-05
61021.52232715567,1.0006863742116212,1.0003692006683873,1.0003686271395444,1.0003692006683873,0.00031717354323390623
61021.52241090542,0.999976709693052,1.000368078658738,1.0003675063099957,1.000368078658738,-0.00039136896568592316
61021.52249465517,1.0005324726899194,1.0003669575233736,1.0003663863494971,1.0003669575233736,0.00016551516654583764
61021.52257840492,0.9995982499108073,1.0003658372660158,1.0003652672617835,1.0003658372660158,-0.0007675873552085433
61021.522662154675,0.9998346403323717,1.0003647178902741,1.0003641490504762,1.0003647178902741,-0.0005300775579024641
61021.52274590442,1.0013074810475124,1.0003635994001299,1.0003630317195702,1.0003635994001299,0.0009438816473825717
61021.52282965417,0.9997307026217552,1.0003624817989678,1.0003619152724625,1.0003624817989678,-0.0006317791772125769
61021.52291340392,1.0010345058355843,1.0003613650905447,1.0003607997129238,1.0003613650905447,0.0006731407450395466
61021.52299715367,1.0005107250831797,1.0003602492785058,1.0003596850446115,1.0003602492785058,0.00015047580467397736
61021.52308090341,1.0012132572518786,1.000359134366578,1.000358571271266,1.000359134366578,0.0008541228853005123
61021.52316465316,1.000749080840372,1.000358020358182,1.0003574583963213,1.000358020358182,0.00039106048218995326
61021.52324840292,1.0008566001896912,1.0003569072569185,1.000356346423391,1.0003569072569185,0.000499692932772744
61021.52333215267,1.0008499347883437,1.0003557950665654,1.0003552353562666,1.0003557950665654,0.0004941397217783638
61021.52341590241,1.0006270820237664,1.0003546837906925,1.0003541251985306,1.0003546837906925,0.00027239823307390054
61021.52349965217,1.0001336544369868,1.0003535734325655,1.0003530159534633,1.0003535734325655,-0.0002199189955787162
61021.52358340192,1.000213713637044,1.0003524639960149,1.0003519076249074,1.0003524639960149,-0.00013875035897092935
61021.52366715167,0.9999848050137699,1.0003513554844694,1.0003508002163064,1.0003513554844694,-0.00036655047069955593
61021.52375090141,1.0012200009558447,1.000350247901537,1.0003496937312806,1.000350247901537,0.0008697530543078091
61021.52383465116,1.0006696673261424,1.0003491412505212,1.0003485881731484,1.0003491412505212,0.00032052607562116364
61021.52391840091,1.0005878470999847,1.000348035535001,1.0003474835455015,1.000348035535001,0.00023981156498376066
61021.52400215066,1.0010965660504776,1.0003469307584438,1.0003463798518213,1.0003469307584438,0.0007496352920337568
61021.52408590041,1.000300808172424,1.0003458269243029,1.0003452770955752,1.0003458269243029,-4.501875187878923e-05
61021.52416965016,1.0008229711754193,1.0003447240360173,1.0003441752802158,1.0003447240360173,0.00047824713940203267
61021.52425339991,1.0009630066479287,1.000343622097012,1.0003430744091824,1.000343622097012,0.0006193845509165907
61021.52433714967,1.000612066245811,1.0003425211106018,1.0003419744858033,1.0003425211106018,0.0002695451352090483
61021.52442089941,1.000793800093861,1.00034142108047,1.0003408755137755,1.00034142108047,0.0004523790133910133
61021.52450464916,1.001060826238693,1.0003403220097113,1.000339777496209,1.0003403220097113,0.0007205042289817332
61021.52458839891,1.0007857714910735,1.0003392239017908,1.0003386804365815,1.0003392239017908,0.00044654758928275307
61021.52467214866,1.0003187381731773,1.000338126760062,1.000337584338262,1.000338126760062,-1.9388586884661052e-05
61021.524755898405,1.0009055277189354,1.0003370305879606,1.0003364892046998,1.0003370305879606,0.0005684971309747322
61021.52483964816,1.0010554188726026,1.000335935388528,1.0003353950389504,1.000335935388528,0.00071948348407469
61021.52492339791,0.9999086246440108,1.0003348411653614,1.0003343018446262,1.0003348411653614,-0.0004262165213506641
61021.525007147655,1.000521139525618,1.0003337479217613,1.0003332096250404,1.0003337479217613,0.00018739160385661258
61021.52509089741,1.0008856707378955,1.0003326556607266,1.0003321183832081,1.0003326556607266,0.0005530150771688724
61021.52517464716,1.000004198910866,1.0003315643858146,1.0003310281227,1.0003315643858146,-0.0003273654749487154
61021.52525839691,0.999366582692037,1.0003304741001884,1.000329938846694,1.0003304741001884,-0.0009638914081513406
61021.525342146655,1.000115524061284,1.000329384807187,1.0003288505585437,1.000329384807187,-0.00021386074590301618
61021.525425896405,1.000928773982519,1.0003282965098523,1.0003277632613057,1.0003282965098523,0.0006004774726666717
61021.525509646155,1.0017798768914778,1.0003272092114972,1.0003266769583068,1.0003272092114972,0.001452667679980646
61021.525593395905,1.0004089964509082,1.0003261229153253,1.0003255916527662,1.0003261229153253,8.287353558289468e-05
61021.525677145655,1.0000169313939475,1.0003250376245285,1.0003245073478904,1.0003250376245285,-0.0003081062305809734
61021.525760895405,1.0010102903871638,1.0003239533422845,1.0003234240468712,1.0003239533422845,0.0006863370448793038
61021.525844645155,1.0000992325590654,1.000322870071758,1.0003223417528881,1.000322870071758,-0.00022363751269249832
61021.52592839491,0.9997965564540022,1.000321787816006,1.0003212604690142,1.000321787816006,-0.0005252313620037752
61021.526012144655,1.0016171244300822,1.0003207065784498,1.0003201801986843,1.0003207065784498,0.0012964178516323699
61021.526095894405,1.0010962515448036,1.0003196263619327,1.0003191009447572,1.0003196263619327,0.0007766251828709159
61021.526179644155,1.0007389794136885,1.0003185471696612,1.0003180227104542,1.0003185471696612,0.0004204322440273245
61021.526263393906,1.0003385118534194,1.0003174690047347,1.0003169454988898,1.0003174690047347,2.104284868464923e-05
61021.52634714365,1.000855470534736,1.0003163918703337,1.0003158693132599,1.0003163918703337,0.0005390786644021706
61021.5264308934,1.0010953809661176,1.0003153157693452,1.0003147941564652,1.0003153157693452,0.0007800651967724281
61021.526514643156,1.0025261028998735,1.0003142407048302,1.000313720031584,1.0003142407048302,0.0022118621950433237
61021.5265983929,1.0015997376269206,1.000313166680118,1.0003126469419588,1.000313166680118,0.0012865709468026232
61021.526682142656,1.0003807994735985,1.0003120936978707,1.0003115748902676,1.0003120936978707,6.870577572781755e-05
61021.526765892406,1.0001498301119411,1.0003110217613913,1.000310503879829,1.0003110217613913,-0.00016119164945016529
61021.526849642156,1.0007312684487697,1.0003099508735978,1.0003094339135756,1.0003099508735978,0.00042131757517194224
61021.5269333919,1.000060186044377,1.000308881037581,1.0003083649946136,1.000308881037581,-0.0002486949932041238
61021.52701714165,0.9993420179092828,1.0003078122561408,1.0003072971257587,1.0003078122561408,-0.0009657943468580621
61021.5271008914,1.0006592471098923,1.0003067445323441,1.0003062303100922,1.0003067445323441,0.00035250257754815273
61021.52718464115,1.0008443217954346,1.0003056778691517,1.0003051645505912,1.0003056778691517,0.000538643926282889
61021.5272683909,1.000617564114156,1.000304612269512,1.0003040998502195,1.000304612269512,0.0003129518446438606
61021.52735214065,1.0015961502656274,1.0003035477363627,1.0003030362119294,1.0003035477363627,0.0012926025292647747
61021.5274358904,1.000481357078509,1.0003024842726276,1.000301973638661,1.0003024842726276,0.00017887280588135823
61021.52751964015,1.0008993356071423,1.0003014218812185,1.0003009121333413,1.0003014218812185,0.000597913725923771
61021.5276033899,1.0001635198801717,1.0003003605650367,1.0002998516988868,1.0003003605650367,-0.00013684068486496948
61021.52768713965,1.0013223163778997,1.0002993003269698,1.0002987923382007,1.0002993003269698,0.0010230160509299147
61021.5277708894,1.0001884297745383,1.0002982411698937,1.0002977340541757,1.0002982411698937,-0.00010981139535548579
61021.52785463914,1.0012649562755118,1.000297183096765,1.0002966768497825,1.000297183096765,0.0009677731787467447
61021.52793838889,0.9998037547356029,1.0002961261102528,1.000295620727706,1.0002961261102528,-0.0004923713746498581
61021.52802213864,1.0015757015626525,1.0002950702132887,1.0002945656908946,1.0002950702132887,0.0012806313493638477
61021.5281058884,1.0009037806713132,1.00029401540861,1.0002935117421003,1.00029401540861,0.0006097652627032879
61021.52818963814,1.0010771879818288,1.0002929616993093,1.0002924588844317,1.0002929616993093,0.0007842262825195068
61021.52827338789,1.0002774063972906,1.0002919090879168,1.0002914071204343,1.0002919090879168,-1.4502690626194692e-05
61021.52835713765,1.0010100527637622,1.000290857577226,1.0002903564529184,1.000290857577226,0.0007191951865361812
61021.52844088739,1.0003766158024703,1.000289807170294,1.0002893068849563,1.000289807170294,8.680863217636059e-05
61021.52852463714,1.0000524842329581,1.000288757869617,1.0002882584190593,1.000288757869617,-0.0002362736366587903
61021.52860838689,1.0010147177476725,1.0002877096780454,1.000287211058095,1.0002877096780454,0.0007270080696271108
61021.52869213664,1.0015445241438856,1.0002866625983269,1.000286164804826,1.0002866625983269,0.001257861545558736
61021.528775886385,1.0001437603311034,1.0002856166332887,1.0002851196620959,1.0002856166332887,-0.00014185630218532808
61021.528859636135,1.0014311537964755,1.0002845717854738,1.0002840756324634,1.0002845717854738,0.0011465820110017066
61021.52894338589,1.0011479172037563,1.000283528057597,1.000283032718659,1.000283528057597,0.0008643891461592723
61021.52902713564,1.0003144620800053,1.000282485452541,1.0002819909235818,1.000282485452541,3.1976627464347374e-05
61021.52911088539,1.0014429397377371,1.0002814439729066,1.0002809502498486,1.0002814439729066,0.001161495764830489
61021.52919463514,1.000844660777567,1.0002804036213744,1.0002799107001552,1.0002804036213744,0.0005642571561925713
61021.52927838489,1.0012464348825336,1.0002793644006125,1.0002788722771867,1.0002793644006125,0.0009670704819211284
61021.529362134635,1.0004228888417463,1.0002783263133692,1.000277834983707,1.0002783263133692,0.00014456252837713457
61021.529445884385,1.0004363106795562,1.0002772893621112,1.0002767988221986,1.0002772893621112,0.00015902131744494064
61021.529529634136,1.0007108632665325,1.0002762535495642,1.0002757637954036,1.0002762535495642,0.00043460971696829276
61021.529613383886,0.9998877627504434,1.0002752188783535,1.0002747299059633,1.0002752188783535,-0.00038745612791002415
61021.529697133636,1.0004102759441713,1.0002741853510928,1.0002736971565078,1.0002741853510928,0.00013609059307850835
61021.529780883386,1.0002801735950941,1.0002731529703854,1.000272665549656,1.0002731529703854,7.020624708697909e-06
61021.529864633136,0.9999875901305008,1.000272121738824,1.000271635088017,1.000272121738824,-0.0002845316083232019
61021.529948382886,1.0004952451318834,1.00027109165899,1.0002706057741881,1.00027109165899,0.0002241534728932848
61021.530032132636,1.0011977484564392,1.0002700627334544,1.000269577610757,1.0002700627334544,0.0009276857229847391
61021.530115882386,1.00153181455478,1.000269034964777,1.0002685506003,1.000269034964777,0.0012627795900030936
61021.530199632136,1.000475304219049,1.0002680083555082,1.0002675247453823,1.0002680083555082,0.00020729586354084617
61021.53028338188,1.0002117031716107,1.0002669829082758,1.000266500048649,1.0002669829082758,-5.527973666508146e-05
61021.53036713163,1.0005042847439658,1.0002659586254299,1.0002654765124661,1.0002659586254299,0.00023832611853591423
61021.53045088138,1.0001771078452013,1.0002649355095783,1.000264454139458,1.0002649355095783,-8.782766437698264e-05
61021.53053463113,0.9996670201204952,1.0002639135632285,1.0002634329321476,1.0002639135632285,-0.0005968934427332817
61021.53061838088,1.0016058856087557,1.0002628927888773,1.0002624128930493,1.0002628927888773,0.0013429928198784857
61021.53070213063,0.9993925545132227,1.0002618731890118,1.0002613940246654,1.0002618731890118,-0.0008693186757890992
61021.530785880386,1.0007176077208066,1.0002608547660203,1.0002603763294007,1.0002608547660203,0.0004567529547863103
61021.53086963013,1.0002543445686158,1.0002598375226344,1.0002593598100031,1.0002598375226344,-5.4929540185266745e-06
61021.53095337988,1.0008140332848878,1.0002588214610444,1.0002583444686797,1.0002588214610444,0.0005552118238434378
61021.53103712963,1.0011466390301873,1.000257806583785,1.0002573303079816,1.000257806583785,0.0008888324464022546
61021.53112087937,1.0008942977234996,1.0002567928933799,1.0002563173304477,1.0002567928933799,0.0006375048301197062
61021.53120462912,0.999389406153279,1.0002557803920789,1.0002553055383452,1.0002557803920789,-0.0008663742387998719
61021.53128837887,1.0002820506642867,1.000254769082385,1.0002542949341933,1.000254769082385,2.7281581901572594e-05
61021.53137212863,1.0004791450810566,1.0002537589666165,1.0002532855203266,1.0002537589666165,0.00022538611444011813
61021.53145587837,1.0004789089247126,1.000252750047432,1.00025227729942,1.000252750047432,0.00022615887728050232
61021.53153962813,0.9995307958642063,1.0002517423268669,1.000251270273525,1.0002517423268669,-0.0007209464626605211
61021.53162337788,1.0000278918814105,1.0002507358075587,1.0002502644452964,1.0002507358075587,-0.00022284392614824178
61021.53170712762,1.0024978637901234,1.0002497304918745,1.0002492598171167,1.0002497304918745,0.002248133298248911
61021.53179087737,1.0009182604549984,1.0002487263819946,1.000248256391183,1.0002487263819946,0.0006695340730038524
61021.53187462712,1.0011089483866085,1.0002477234803526,1.0002472541699463,1.0002477234803526,0.0008612249062558419
61021.53195837687,1.0013273843628947,1.000246721789286,1.0002462531557585,1.000246721789286,0.001080662573608615
61021.532042126615,1.0010940043489833,1.0002457213112077,1.000245253351051,1.0002457213112077,0.0008482830377756212
61021.53212587637,0.9994073506820694,1.0002447220481752,1.0002442547578962,1.0002447220481752,-0.0008373713661057325
61021.53220962612,1.0002958393593684,1.0002437240027557,1.0002432573788789,1.0002437240027557,5.2115356612647545e-05
61021.532293375865,1.0016918941401258,1.0002427271772478,1.0002422612163135,1.0002427271772478,0.0014491669628780013
61021.53237712562,1.0005383672071928,1.00024173157368,1.0002412662722453,1.00024173157368,0.0002966356335127873
61021.53246087537,1.0009248750571589,1.0002407371945912,1.000240272549229,1.0002407371945912,0.000684137862567713
61021.532544625115,1.0010778686061408,1.0002397440422504,1.000239280049551,1.0002397440422504,0.00083812456389043
61021.532628374865,1.00261595761307,1.0002387521187452,1.0002382887753147,1.0002387521187452,0.002377205494324741
61021.532712124616,1.0003834750351088,1.000237761426413,1.0002372987288746,1.000237761426413,0.00014571360869575223
61021.532795874366,1.001591277559581,1.0002367719674956,1.000236309912488,1.0002367719674956,0.0013545055920853866
61021.53287962411,1.0005256364650665,1.00023578374431,1.00023532232849,1.00023578374431,0.00028985272075643387
61021.532963373866,1.0002673567111435,1.0002347967588225,1.0002343359788621,1.0002347967588225,3.2559952320987406e-05
61021.533047123616,1.0008344481648617,1.000233811013504,1.000233350866092,1.000233811013504,0.0006006371513576081
61021.53313087336,1.000569546510568,1.0002328265105587,1.0002323669924005,1.0002328265105587,0.0003367200000092829
61021.533214623116,1.0006024553506603,1.0002318432519257,1.0002313843597428,1.0002318432519257,0.00037061209873456846
61021.533298372866,1.001350889430987,1.0002308612400472,1.0002304029705784,1.0002308612400472,0.0011200281909398146
61021.53338212261,1.0007172230372445,1.0002298804771008,1.0002294228271005,1.0002298804771008,0.0004873425601437109
61021.53346587236,1.0006154954796023,1.0002289009650835,1.0002284439313238,1.0002289009650835,0.0003865945145187233
61021.53354962211,1.0008948947302407,1.0002279227062403,1.000227466285509,1.0002279227062403,0.0006669720240004562
61021.53363337186,1.0008314871350719,1.0002269457027213,1.0002264898918227,1.0002269457027213,0.0006045414323505582
61021.5337171216,1.00080895615242,1.0002259699567526,1.0002255147525076,1.0002259699567526,0.0005829861956674343
61021.53380087136,1.0009566628394175,1.0002249954702123,1.0002245408694583,1.0002249954702123,0.0007316673692052689
61021.53388462111,1.0005591843835715,1.0002240222454784,1.0002235682450693,1.0002240222454784,0.000335162138093148
61021.53396837086,1.0017602936355854,1.0002230502845804,1.0002225968813876,1.0002230502845804,0.0015372433510050243
61021.53405212061,1.0014354534326222,1.000222079589625,1.0002216267805348,1.000222079589625,0.0012133738429971341
61021.53413587036,1.0005639836885858,1.0002211101627094,1.0002206579446256,1.0002211101627094,0.00034287352587636377
61021.5342196201,1.0009465065363852,1.000220142006006,1.0002196903758482,1.000220142006006,0.0007263645303792199
61021.53430336985,1.000497457367123,1.0002191751214267,1.0002187240761315,1.0002191751214267,0.0002782822456963707
61021.5343871196,1.0007488399767344,1.0002182095111265,1.0002177590476475,1.0002182095111265,0.000530630465607862
61021.53447086935,1.0002090587870336,1.0002172451771687,1.0002167952924752,1.0002172451771687,-8.18639013511202e-06
61021.5345546191,1.0007709558436872,1.000216282121607,1.0002158328126856,1.000216282121607,0.00055467372208029
61021.53463836885,1.000434872583446,1.0002134952875252,1.0002131387146884,1.0002153203464874,0.00022137729592075495
61021.5347221186,1.000589021192346,1.0001975549556257,1.0001972593786683,1.0002143598538467,0.0003914662367203725
61021.53480586835,1.0004021751828727,1.0001737014825425,1.0001734079058573,1.000213400645714,0.00022847370033018954
61021.5348896181,0.9996291719145823,1.0001441204555679,1.0001438048004314,1.0002124427241093,-0.0005149485409855492
61021.53497336785,1.0010203303436063,1.0001098323568187,1.0001094806774584,1.0002114860910447,0.0009104979867875507
61021.535057117595,0.9990532994129988,1.0000714778318174,1.0000710812172477,1.0002105307486062,-0.0010181784188185716
61021.535140867345,0.9998334979410964,1.0000295132989003,1.000029065885966,1.000209576698624,-0.00019601535780389145
61021.535224617095,1.000009628946035,0.9999842887455751,0.999983786724703,1.0002086239431673,2.5340200459855744e-05
61021.535308366845,0.9999841512683216,0.9999360859241347,0.9999355269660649,1.0002076724842153,4.806534418688724e-05
61021.535392116595,1.0001788956443314,0.9998851396964551,0.9998845225888964,1.0002067223237383,0.0002937559478762841
61021.535475866345,1.0001958360998364,0.9998316510469499,0.9998309754490844,1.0002057734636989,0.00036418505288648984
61021.535559616095,0.9995976712368189,0.9997757955442648,0.9997750618120133,1.0002048259060514,-0.0001781243074459038
61021.535643365845,1.0003515892748291,0.9997177291213732,0.9997169381785543,1.0002038796527417,0.0006338601534559007
61021.535727115595,0.9989006959906912,0.999657592182496,0.999656745422578,1.0002029347057075,-0.0007568961918047457
61021.535810865345,0.9991713839006012,0.9995955126155562,0.9995946118249726,1.0002019910668796,-0.0004241287149550077
61021.53589461509,0.999785639361231,0.9995316080677681,0.9995306553649367,1.0002010487382613,0.00025403129346290854
61021.53597836484,0.9997643414503631,0.9994659876730319,0.9994649854587021,1.000200107721603,0.00029835377733122836
61021.53606211459,0.999461355136946,0.999398753460693,0.9993977043773199,1.0001991680188929,6.260167625304902e-05
61021.53614586433,0.998939392467551,0.9993300014398603,0.9993289083373921,1.0001982296321104,-0.0003906089723092476
61021.53622961409,0.9991090681443825,0.9992598224681339,0.9992586883754673,1.000197292562902,-0.00015075432375144526
61021.53631336384,0.9991061862248883,0.9991883030480735,0.9991871311486323,1.0001963568133936,-8.211682318515212e-05
61021.53639711359,0.998811910047632,0.9991155258809111,0.9991143194914917,1.0001954223853793,-0.0003036158332790917
61021.53648086334,0.9994723470116536,0.999041570414689,0.9990403329673997,1.0001944892807257,0.00043077659696455495
61021.53656461309,0.9981187591859053,0.9989665132808611,0.9989652483071573,1.000193557501292,-0.0008477540949557438
61021.53664836284,0.9992200452097779,0.9988904286756547,0.9988891397925356,1.0001926270489296,0.00032961653412322267
61021.53673211258,0.9987918481933864,0.99881338869951,0.9988120795970542,1.000191697925563,-2.1540506123574055e-05
61021.53681586233,0.9995506126302268,0.9987354636229938,0.9987341380534607,1.000190770132867,0.000815149007233007
61021.53689961208,0.9987962403764536,0.9986567221872342,0.9986553839553624,1.0001898436727508,0.00013951818921942305
61021.53698336183,0.9989694991425183,0.998577231811294,0.998575884765484,1.0001889185470352,0.00039226733122432744
61021.53706711158,0.9983132741658309,0.9984970588106284,0.9984957068351983,1.0001879947575334,-0.00018378464479751333
61021.53715086133,0.9988776833869509,0.9984162685920036,0.9984149155998547,1.000187072306052,0.0004614147949473235
61021.53723461108,0.9969952366874751,0.9983349258332908,0.998333575759683,1.000186151194389,-0.0013396891458156146
61021.53731836083,0.9976658548147092,0.9982530946524941,0.9982517514488968,1.000185231424335,-0.0005872398377849697
61021.53740211058,0.9983998045708632,0.9981708387672771,0.9981695063962018,1.000184312997674,0.00022896580358611196
61021.537485860325,0.9982727162639126,0.9980882216552642,0.998086904085401,1.0001833959162614,0.00018449460864833345
61021.537569610075,0.9980719559637179,0.9980053066735061,0.9980040078750523,1.0001824801817065,6.664929021182875e-05
61021.537653359825,0.9982703188477087,0.9979221572468366,0.9979208811872282,1.0001815657958504,0.0003481616008720323
61021.53773710957,0.9973623506902655,0.9978388369903204,0.997837587630735,1.0001806527605273,-0.00047648630005492354
61021.537820859325,0.9975500141435745,0.9977554098247633,0.9977541911163802,1.0001797410772448,-0.00020539568118882467
61021.537904609075,0.9976164964874861,0.997671940196047,0.9976707560766084,1.0001788307479818,-5.544370856092051e-05
61021.53798835882,0.9973979932477675,0.997588493160252,0.9975873475512277,1.000177921774469,-0.000190499912484543
61021.538072108575,0.9973670770020897,0.9975051345400688,0.9975040313436244,1.0001770141581954,-0.00013805753797913045
61021.538155858325,0.9970054752918517,0.9974219311541429,0.9974208742505543,1.0001761079011162,-0.00041645586229122067
61021.538239608075,0.9979600530283573,0.9973389509187074,0.9973379441637985,1.0001752030048625,0.0006211021096499403
61021.53832335782,0.9978305750289442,0.9972562630772611,0.9972553103001506,1.0001742994712168,0.0005743119516831152
61021.53840710757,0.9971717239211024,0.9971739383664943,0.9971730433672373,1.0001733973017197,-2.214445391834907e-06
61021.53849085732,0.997820286359891,0.9970920492798269,0.9970912158274928,1.0001724964981382,0.0007282370800640869
61021.53857460706,0.9979607440011514,0.9970106702886201,0.997009902119193,1.0001715970622338,0.0009500737125313075
61021.53865835682,0.9963660861892055,0.9969298780846969,0.9969291788992145,1.000170698995448,-0.0005637918954913834
61021.53874210657,0.9965148128955209,0.9968497519541349,0.9968491254169504,1.0001698022996832,-0.0003349390586140366
61021.53882585632,0.9981341223822856,0.9967703740509125,0.9967698237878594,1.000168906976524,0.0013637483313730936
61021.53890960607,0.996788539045311,0.996691829825312,0.9966913594221856,1.000168013027625,9.670921999893611e-05
61021.53899335582,0.9961113156655302,0.996614208470497,0.9966138214711828,1.0001671204546339,-0.0005028928049667369
61021.53907710556,0.9963022292971352,0.9965376034577796,0.996537303362736,1.0001662292592697,-0.0002353741606444526
61021.53916085531,0.9965040440752652,0.9964621131320892,0.9964619033965312,1.0001653394430121,4.1930943175949587e-05
61021.53924460506,0.9965791360542436,0.9963878414922456,0.9963877255243132,1.000164451007566,0.00019129456199806771
61021.539328354804,0.9953228584288092,0.9963148990611222,0.996314880219774,1.0001635639546294,-0.0009920406323130626
61021.53941210456,0.9958293254818632,0.9962434039469228,0.9962434855395674,1.0001626782855855,-0.00041407846505958634
61021.53949585431,0.9974804802413547,0.9961734832481873,0.9961736685275937,1.0001617940022731,0.0013069969931673864
61021.539579604054,0.9957077436191247,0.9961052746822052,0.9961055668427358,1.0001609111062926,-0.0003975310630804918
61021.53966335381,0.995696315224932,0.9960389287413026,0.9960393309134031,1.0001600295990074,-0.00034261351637066007
61021.53974710356,0.9958628694621449,0.9959746115548921,0.9959751267976977,1.0001591494822364,-0.00011174209274722458
61021.539830853304,0.9960532400456293,0.9959125085901223,0.9959131398797593,1.000158270757559,0.00014073145550708155
61021.539914603054,0.9953939569706332,0.9958528298171692,0.9958535800291202,1.000157393426398,-0.000458872846536007
61021.539998352804,0.9951653566762196,0.9957958170681027,0.9957966889476932,1.0001565174903972,-0.0006304603918830809
61021.54008210255,0.9957369104476308,0.9957417548909469,0.9957427510030628,1.0001556429511937,-4.844443316054381e-06
61021.5401658523,0.9942831318600915,0.995690987542853,0.9956921101796258,1.0001547698101911,-0.0014078556827614719
61021.540249602054,0.9961994016411027,0.9956439475669978,0.9956451985637812,1.0001538980689375,0.0005554540741048442
61021.5403333518,0.9963172727598185,0.9956012086948801,0.9956025890200234,1.000153027729203,0.0007160640649384042
61021.54041710155,0.9958744407861904,0.9955635995453632,0.9955651082017611,1.0001521587922952,0.00031084124082714215
61021.540500851304,0.9949472516750152,0.9955325208982665,0.9955341507877657,1.0001512912597448,-0.0005852692232513057
61021.54058460105,0.9957073351975024,0.9955119238096013,0.9955135936949115,1.0001504251333,0.00019541138790113433
61021.5406683508,0.9961164757922247,0.9955030174398457,0.9955049278330793,1.0001495604142516,0.000613458352379026
61021.54075210055,0.9952987830528429,0.995494496948588,0.995496633679527,1.0001486971041853,-0.00019571389574513098
61021.54083585029,0.9955270100697505,0.9954862771779371,0.9954886287222113,1.0001478352046802,4.073289181338868e-05
61021.54091960004,0.9953474162095167,0.9954783138043252,0.9954808702491139,1.0001469747170844,-0.00013089759480844343
61021.5410033498,0.9947598716735131,0.9954705769223762,0.9954733294834504,1.00014611564289,-0.000710705248863075
61021.54108709954,0.9968304958061924,0.9954630442340335,0.9954659849843276,1.0001452579838057,0.0013674515721588953
61021.54117084929,0.9954822178978532,0.99545569814479,0.995458819841134,1.0001444017410872,2.6519753063225515e-05
61021.54125459905,0.9953841210149459,0.9954485242571128,0.995451820220246,1.0001435469162085,-6.440324216694382e-05
61021.54133834879,0.9955921468157212,0.9954415104797879,0.995444974506664,1.000142693510859,0.00015063633593326298
61021.54142209854,0.9951495302315435,0.9954346464540317,0.9954382727512391,1.0001418415262773,-0.0002851162224881687
61021.54150584829,0.9961004281920389,0.9954279231750046,0.9954317063064362,1.0001409909639922,0.0006725050170343083
61021.54158959803,0.9956465711444579,0.9954213327171301,0.995425267561999,1.0001401418255262,0.00022523842732780075
61021.54167334778,0.9953564640340467,0.9954148680329977,0.9954189497514943,1.0001392941121752,-5.840399895107318e-05
61021.54175709753,0.9941541311803836,0.9954085228064348,0.9954127468110651,1.0001384478254494,-0.0012543916260511212
61021.54184084728,0.9960893859997448,0.9954022913341799,0.9954066532656444,1.0001376029667801,0.0006870946655649357
61021.54192459703,0.9952251198802519,0.9953961684351345,0.9954006641417141,1.0001367595375918,-0.0001710485548825913
61021.54200834678,0.9948173512486814,0.9953901493772414,0.9953947748970425,1.000135917539304,-0.000572798128559926
61021.54209209653,0.995478645115444,0.9953842298181352,0.9953889813636416,1.00013507697333,9.441529730880305e-05
61021.54217584628,0.9959926936525123,0.9953784057562878,0.9953832797008362,1.000134237841077,0.0006142878962245302
61021.54225959603,0.9953831771043948,0.9953726734904151,0.9953776663562439,1.0001334001439461,1.0503613979695459e-05
61021.542343345776,0.9955316840332366,0.9953670295858447,0.9953721380334984,1.0001325638834062,0.00016465444739188762
61021.54242709553,0.995398831339467,0.9953614708436553,0.9953666916625331,1.000131729060702,3.73604958117113e-05
61021.54251084528,0.9960536396112664,0.995355994278921,0.9953613243787895,1.0001308956772896,0.0006976453323453979
61021.54259459502,0.9955135803348442,0.9953505970979852,0.9953560335013183,1.0001300637346202,0.0001629832368589268
61021.54267834478,0.9961492713886441,0.9953452766782157,0.9953508165133186,1.0001292332338496,0.0008039947104283574
61021.54276209453,0.9955620896488763,0.995340030556656,0.9953456710513339,1.0001284041765617,0.00022205909222028364
61021.54284584427,0.9951696086739553,0.995334856411783,0.9953405948876344,1.0001275765641175,-0.00016524773782766733
61021.54292959403,0.9960975615371405,0.9953297520512424,0.9953355859184684,1.000126750397657,0.0007678094858980522
61021.54301334378,0.9953253208058064,0.9953247154049438,0.9953306421574832,1.0001259256787456,6.0540086255223e-07
61021.54309709352,0.9955716053239694,0.9953197445113201,0.9953257617224701,1.0001251024087277,0.00025186081264927385
61021.54318084327,0.995765353653412,0.9953148375091901,0.9953209428275559,1.0001242805887989,0.0004505161442218686
61021.54326459302,0.9956343973546464,0.9953099926321715,0.9953161837778852,1.000123460220364,0.0003244047224749691
61021.54334834276,0.9965553072533122,0.9953052082004178,0.9953114829616474,1.0001226413048228,0.0012500990528944156
61021.54343209252,0.9948794979188571,0.9953004826127156,0.9953068388424781,1.000121823843283,-0.0004209846938585393
61021.54351584227,0.9959574683757316,0.9952958143449723,0.9953022499580757,1.0001210078372758,0.000661654030759351
61021.54359959201,0.9956185689510844,0.9952912019413602,0.9952977149116271,1.0001201932881114,0.00032736700972413324
61021.54368334177,0.9956487582692722,0.9952866440097214,0.9952932323674003,1.0001193801968842,0.00036211425955079424
61021.54376709151,0.9960454889919791,0.9952821392213055,0.9952888010505744,1.000118568565177,0.0007633497706736048
61021.54385084126,0.995792917360718,0.9952776863013351,0.9952844197380676,1.0001177583940732,0.0005152310593828924
61021.54393459101,0.9961135389443116,0.9952732840298167,0.9952800872594001,1.000116949684933,0.000840254914494909
61021.544018340755,0.995465301445448,0.995268931236693,0.9952758024920215,1.0001161424391112,0.00019637020875495903
61021.544102090505,0.9949957000584047,0.995264626797738,0.9952715643573282,1.0001153366577464,-0.00026892673933331945
61021.544185840256,0.9951461122408998,0.9952603696340812,0.9952673718202792,1.0001145323421823,-0.00011425739318138284
61021.544269590006,0.9952291124208186,0.9952561587081631,0.9952632238854505,1.0001137294936877,-2.7046287344512088e-05
61021.544353339756,0.9949526668214508,0.995251993021752,0.995259119595175,1.000112928113526,-0.0002993262003012642
61021.544437089506,0.9960711733041944,0.9952478716137948,0.9952550580274522,1.0001121282029546,0.0008233016903995694
61021.544520839256,0.9957942341761421,0.9952437935583985,0.9952510382940205,1.000111329763227,0.0005504406177435639
61021.544604589006,0.9965133352809131,0.995239757962962,0.9952470595385664,1.00011053279559,0.00127357731795108
61021.544688338756,0.9952307399845441,0.9952357639664436,0.9952431209350582,1.0001097373012864,-5.0239818994990415e-06
61021.5447720885,0.9950574321876489,0.9952318107380833,0.9952392216865354,1.0001089432816226,-0.00017437855043445083
61021.54485583825,0.9963103469036987,0.9952278974745306,0.9952353610223024,1.0001081507376923,0.0010824494291681308
61021.544939588,0.9949561410598193,0.9952240234004971,0.9952315381986238,1.000107359670792,-0.00026788234067776084
61021.54502333774,0.9958211944012658,0.9952201877663871,0.9952277524964163,1.0001065700822114,0.0006010066348787202
61021.5451070875,0.9956462588763423,0.9952163898457711,0.995224003218785,1.0001057819729628,0.00042986903057118386
61021.54519083725,0.9945777709035724,0.9952126289375343,0.9952202896931859,1.0001049953444627,-0.0006348580339619048
61021.545274587,0.9955041755933195,0.9952089043614851,0.9952166112671081,1.00010421019785,0.0002952712318343709
61021.54535833675,0.9944388684899185,0.9952052154590012,0.9952129673087452,1.0001034265343258,-0.0007663469690827318
61021.54544208649,0.9951166963431315,0.9952015615920471,0.9952093572060616,1.0001026443551553,-8.486524891559988e-05
61021.54552583624,0.9958438111271745,0.9951979421410265,0.9952057803646781,1.0001018636613945,0.000645868986147935
61021.54560958599,0.9949715239500426,0.9951943565058283,0.9952022362089394,1.0001010844542981,-0.00022283255578570138
61021.545693335735,0.9953749028877814,0.995190804104068,0.9951987241802048,1.000100306735115,0.0001840987837133934
61021.545777085485,0.994158861983084,0.9951872843694279,0.9951952437352125,1.0000995305048885,-0.0010284223863439301
61021.54586083524,0.9943654570130586,0.995183796752488,0.9951917943469367,1.0000987557647898,-0.0008183397394294634
61021.545944584985,0.9957804231776303,0.9951803407203329,0.995188375504213,1.0000979825161889,0.0006000824572973684
61021.546028334735,0.9945711632884316,0.9951769157532032,0.9951849867084493,1.0000972107600459,-0.0006057524647715695
61021.54611208449,0.9976718025342202,0.9951735213466287,0.9951816274757442,1.0000964404975192,0.0024982811875914335
61021.546195834235,0.9948265686753052,0.9951701570108091,0.9951782973362999,1.000095671729962,-0.0003435883355039637
61021.546279583985,0.995316956078888,0.9951668222674428,0.9951749958312973,1.000094904458322,0.00015013381144524107
61021.546363333735,0.9953630651292878,0.9951635166521515,0.9951717225153137,1.0000941386838096,0.0001995484771363243
61021.54644708348,0.99524664640009,0.9951602397128108,0.9951684769546774,1.000093374407629,8.640668727921685e-05
61021.54653083323,0.9946507363893474,0.9951569910082428,0.9951652587261997,1.000092611630782,-0.0005062546188954187
61021.54661458297,0.9946273915459243,0.9951537701097674,0.9951620674187106,1.0000918503545297,-0.0005263785638430774
61021.54669833273,0.9951080529150871,0.9951505765982466,0.9951589026301546,1.000091090579799,-4.2523683159489956e-05
61021.54678208248,0.994743787958505,0.99514741006676,0.9951557639702538,1.0000903323079076,-0.0004036221082549529
61021.54686583222,0.9954794950208501,0.9951442701177141,0.9951526510576436,1.0000895755399701,0.00033522490313597775
61021.54694958198,0.9940984501506787,0.995141156362516,0.9951495635195752,1.0000888202769,-0.0010427062118373298
61021.54703333173,0.9951368254727632,0.9951380684236624,0.9951465009939908,1.0000880665200007,-1.2429508992051197e-06
61021.54711708147,0.9943452875115948,0.9951350059319668,0.9951434631267798,1.0000873142703728,-0.0007897184203720098
61021.54720083122,0.995651902044689,0.9951319685265355,0.9951404495717822,1.0000865635289824,0.0005199335181534925
61021.54728458097,0.9953779201687476,0.9951289558558006,0.9951374599917941,1.0000858142969873,0.0002489643129469643
61021.547368330714,0.9950069565190743,0.9951259675764185,0.9951344940575167,1.00008506657554,-0.00011901105734413164
61021.547452080464,0.9942606192671244,0.9951230033522287,0.9951315514465103,1.0000843203655938,-0.0008623840851043063
61021.54753583022,0.9963661221566561,0.9951200628553047,0.9951286318442503,1.0000835756682276,0.0012460593013513543
61021.547619579964,0.9948124191078006,0.9951171457659195,0.9951257349441106,1.0000828324847095,-0.0003047266581188701
61021.54770332972,0.9946928848829926,0.9951142517697867,0.9951228604446132,1.000082090815852,-0.0004213668867941722
61021.547787079464,0.9960405144548086,0.9951113805616151,0.9951200080529923,1.0000813506629769,0.00092913389319349
61021.547870829214,0.9953327635405109,0.995108531841125,0.9951171774812146,1.0000806120269525,0.0002242316993859017
61021.547954578964,0.9959789992192886,0.9951057053155796,0.9951143684485327,1.0000798749089002,0.0008732939037089382
61021.54803832871,0.9942813019906633,0.9951029006985875,0.9951115806802782,1.0000791393099349,-0.0008215987079241982
61021.54812207846,0.9952439472011678,0.9951001177091822,0.9951088139069594,1.0000784052309775,0.00014382949198565864
61021.54820582821,0.9944484001359235,0.9950973560730909,0.9951060678655383,1.000077672673135,-0.0006489559371674058
61021.54828957796,0.9945014111233863,0.9950946155215874,0.9951033422982847,1.0000769416374464,-0.000593204398201097
61021.54837332771,0.9950574665924175,0.9950918957915627,0.9951006369528583,1.000076212124947,-3.4429199145202816e-05
61021.54845707745,0.9941670019894503,0.9950891966255876,0.9950979515823755,1.0000754841367296,-0.0009221946361372968
61021.54854082721,0.9943863579541773,0.9950865177705945,0.995095285944103,1.0000747576736322,-0.0007001598164172451
61021.54862457696,0.994605844486441,0.9950838589800493,0.9950926398016288,1.0000740327368651,-0.00047801449360829196
61021.5487083267,0.9954288808487223,0.9950812200117075,0.9950900129226289,1.0000733093274463,0.0003476608370147627
61021.54879207645,0.9954872394866547,0.9950786006277192,0.9950874050789761,1.0000725874462635,0.000408638858935495
61021.5488758262,0.9953823091501978,0.9950760005956367,0.9950848160477513,1.0000718670943887,0.0003063085545610411
61021.54895957594,0.9956460923816927,0.9950734196875852,0.9950822456104264,1.0000711482728895,0.0005726726941074345
61021.54904332569,0.9950495996820554,0.9950708576794723,0.995079693552072,1.0000704309826423,-2.125799741692358e-05
61021.54912707545,0.9948330827898486,0.9950683143519937,0.995077159662372,1.0000697152246438,-0.00023523156214511065
61021.54921082519,0.99547802659901,0.9950657894907132,0.9950746437357005,1.0000690010000737,0.00041223710829674243
61021.54929457494,0.9951085663283232,0.9950632828839752,0.9950721455690553,1.0000682883097334,4.5283444348065416e-05
61021.54937832469,0.9942948662537756,0.9950607943249963,0.9950696649641357,1.00006757715467,-0.0007659280712206673
61021.54946207444,0.9953464379310732,0.9950583236106576,0.995067201726152,1.000066867535864,0.00028811432041564444
61021.54954582419,0.9954928547017687,0.9950558705416249,0.9950647556639435,1.000066159454291,0.00043698416014381625
61021.549629573936,0.9949708644305686,0.9950534349224603,0.9950623265900945,1.0000654529109856,-8.257049189175358e-05
61021.549713323686,0.994054565502065,0.9950510165606815,0.995059914319998,1.0000647479067928,-0.0009964510586165654
61021.549797073436,0.9955600647901861,0.9950486152679331,0.9950575186730416,1.0000640444427376,0.0005114495222530158
61021.54988082318,0.9959694981777723,0.995046230859273,0.9950551394718703,1.0000633425198424,0.0009232673184992324
61021.549964572936,0.9951271177503029,0.9950438631522474,0.995052776541498,1.0000626421388794,8.325459805558211e-05
61021.55004832268,0.9957801296799855,0.9950415119690889,0.9950504297114784,1.0000619433010454,0.0007386177108966718
61021.550132072436,0.995231042049647,0.9950391771335446,0.9950480988127657,1.0000612460070455,0.00019186491610234668
61021.550215822186,0.9951521096306593,0.9950368584738739,0.9950457836806901,1.0000605502580056,0.00011525115678534537
61021.55029957193,0.9952925358990118,0.9950345558207253,0.9950434841528549,1.0000598560548661,0.0002579800782864794
61021.55038332168,0.9952474228806408,0.9950322690072859,0.9950412000692754,1.0000591633984433,0.00021515387335491187
61021.55046707143,0.995050810036321,0.9950299978702014,0.9950389312733176,1.0000584722897294,2.081216611959924e-05
61021.55055082117,0.9946303599751614,0.9950277422489091,0.995036677611018,1.0000577827297141,-0.00039738227374774837
61021.55063457092,0.994219915519985,0.9950255019849861,0.9950344389304482,1.0000570947192016,-0.0008055864650010625
61021.55071832067,0.9949840448451673,0.9950232769232594,0.9950322150828129,1.0000564082591739,-3.923207809208851e-05
61021.55080207042,0.9962550300263231,0.9950210669109599,0.9950300059216234,1.0000557233505478,0.001233963115363168
61021.55088582017,0.9955963894594302,0.9950188717978592,0.9950278113028244,1.0000550399942367,0.000577517661570992
61021.55096956992,0.9945580680526771,0.995016691436211,0.9950256310847378,1.0000543581911507,-0.00045862338353386267
61021.55105331967,0.9946131938301448,0.9950145256806953,0.9950234651280185,1.0000536779421956,-0.00040133185055046816
61021.55113706942,0.9950951195732366,0.9950123743883573,0.9950213132955891,1.0000529992482734,8.274518487927374e-05
61021.551220819165,0.9945421854203672,0.9950102374187481,0.9950191754527824,1.000052322110342,-0.0004680519983808473
61021.551304568915,0.9953734201944019,0.9950081146331248,0.9950170514665416,1.0000516465291776,0.00036530556127711833
61021.55138831866,0.9943023973027407,0.9950060058956999,0.9950149412066805,1.0000509725057891,-0.0007036085929591485
61021.55147206841,0.9945502843849503,0.9950039110721114,0.9950128445443509,1.0000503000409466,-0.00045362668716109056
61021.551555818165,0.9951790912661972,0.9950018300304913,0.9950107613531044,1.000049629135534,0.00017726123570593888
61021.55163956791,0.9954922576813665,0.9949997626415765,0.9950086915090198,1.0000489597906064,0.0004924950397899863
61021.55172331766,0.9957903031648772,0.9949977087770466,0.9950066348890374,1.0000482920068652,0.0007925943878305253
61021.55180706741,0.9956234162257438,0.9949956683112926,0.9950045913727187,1.000047625785241,0.0006277479144511933
61021.55189081716,0.9941821797791434,0.994993641120458,0.9950025608413078,1.0000469611266036,-0.000811461341314601
61021.55197456691,0.9936338524945095,0.9949916270825901,0.9950005431778735,1.0000462980318177,-0.001357774588080618
61021.55205831665,0.9948141871128263,0.9949896260777678,0.9949985382674355,1.0000456365018031,-0.0001754389649414323
61021.5521420664,0.9948579173777219,0.9949876379873702,0.9949965459962417,1.000044976537303,-0.00012972060964833165
61021.55222581615,0.9940657026238369,0.994985662695079,0.994994566252775,1.0000443181392298,-0.0009199600712421763
61021.552309565894,0.9950594588327687,0.9949837000863209,0.9949925989271844,1.0000436613084918,7.575874644782932e-05
61021.55239331565,0.9952668043092119,0.9949817500475493,0.9949906439105793,1.0000430060457652,0.0002850542616625873
61021.552477065394,0.9954465744253045,0.9949798124680824,0.9949887010968664,1.0000423523521222,0.0004667619572220616
61021.55256081515,0.9952256455916745,0.9949778872375264,0.9949867703801724,1.0000417002281765,0.00024775835414803105
61021.5526445649,0.99551799595141,0.994975974248275,0.9949848516573448,1.0000410496749355,0.0005420217031349983
61021.552728314644,0.9952747960089574,0.9949740733937886,0.9949829448262373,1.0000404006932322,0.0003007226151687803
61021.552812064394,0.9951485832279058,0.9949721845687466,0.9949810497858537,1.0000397532837837,0.00017639865915919373
61021.55289581414,0.994844250438387,0.9949703076700017,0.9949791664373124,1.0000391074475303,-0.00012605723161474014
61021.55297956389,0.9948066969064701,0.9949684425952336,0.9949772946824993,1.0000384631851826,-0.00016174568876359263
61021.55306331364,0.9959249595149036,0.9949665892440699,0.9949754344251868,1.0000378204976161,0.000958370270833675
61021.55314706339,0.9937347434932438,0.9949647475173987,0.9949735855703515,1.0000371793856486,-0.0012300040241549626
61021.55323081314,0.9942936125060491,0.9949629173175119,0.9949717480243131,1.0000365398500928,-0.0006693048114627675
61021.55331456289,0.9950479179129371,0.9949610985480705,0.9949699216947102,1.0000359018917584,8.681936486665265e-05
61021.55339831264,0.9952754883744044,0.9949592911140832,0.994968106490467,1.0000352655114515,0.00031619726032117157
61021.55348206239,0.9947371636667529,0.9949574949218798,0.9949663023217803,1.0000346307099757,-0.00022033125512688212
61021.55356581213,0.9943613082339324,0.9949557098792408,0.9949645091002421,1.0000339974881858,-0.000594401645308329
61021.55364956188,0.9953508613779652,0.9949539358947538,0.994962726738202,1.000033365846768,0.00039692548321146326
61021.55373331163,0.9954432760354794,0.9949521728787202,0.9949609551496669,1.0000327357865704,0.000491103156759265
61021.55381706137,0.9945047285818847,0.9949504207426643,0.9949591942498237,1.000032107308438,-0.0004456921607796094
61021.55390081112,0.9946978956265764,0.994948679398854,0.9949574439545487,1.0000314804130472,-0.0002507837722776074
61021.55398456087,0.9953389101665522,0.9949469487611982,0.9949557041813119,1.000030855101237,0.00039196140535402435
61021.55406831062,0.9946080181930208,0.9949452287446086,0.9949539748485413,1.0000302313737868,-0.00033721055158775215
61021.55415206037,0.9945652422830604,0.9949435192651394,0.9949522558757562,1.0000296092314738,-0.0003782769820789289
61021.55423581012,0.9938693732429204,0.9949418202399601,0.9949505471835501,1.0000289886750717,-0.0010724469970397887
61021.55431955987,0.9946913490496642,0.9949401315873379,0.9949488486935665,1.0000283697053505,-0.0002487825376736863
61021.554403309616,0.994177871296269,0.9949384532267636,0.994947160328632,1.0000277523231313,-0.0007605819304945527
61021.554487059366,0.9948649226570012,0.9949367850783523,0.9949454820121482,1.000027136529071,-7.186242135104326e-05
61021.554570809116,0.9944187511482557,0.9949351270636964,0.9949438136689556,1.000026522323984,-0.0005163759154406256
61021.55465455886,0.9942043816473718,0.9949334791054061,0.9949421552248712,1.0000259097086812,-0.000729097458034289
61021.55473830861,0.9948489400196514,0.9949318411266688,0.994940506606245,1.00002529868381,-8.290110701736353e-05
61021.55482205836,0.9948265272510284,0.9949302130520898,0.9949388677408084,1.0000246892501767,-0.00010368580106145941
61021.55490580811,0.9943605980636012,0.9949285948070998,0.9949372385570734,1.0000240814085286,-0.0005679967434986111
61021.554989557866,0.9953998740044818,0.9949269863179446,0.9949356189843328,1.0000234751595585,0.0004728876865371934
61021.55507330761,0.9950806129520813,0.9949253875123647,0.9949340089533362,1.000022870504166,0.00015522543971657754
61021.55515705736,0.9945094279505126,0.9949237983181883,0.9949324083948772,1.000022267442933,-0.00041437036767577595
61021.5552408071,0.994683970061021,0.9949222186648413,0.9949308172413169,1.0000216659767003,-0.00023824860382026802
61021.55532455685,0.9943398286431935,0.9949206484820908,0.994929235425317,1.0000210661060958,-0.0005808198388973507
61021.5554083066,0.9939214727202601,0.9949190877009951,0.9949276628807947,1.0000204678319018,-0.0009976149807350287
61021.555492056345,0.9958524336578991,0.9949175362534688,0.9949260995424896,1.000019871154897,0.0009348974044303127
61021.5555758061,0.9940432458012856,0.9949159940717354,0.9949245453454159,1.0000192760756503,-0.000872748270449808
61021.555659555845,0.9953579225750642,0.994914461089794,0.9949230002263291,1.0000186825950892,0.00044346148527019125
61021.555743305595,0.9953847326248019,0.994912937241528,0.9949214641218314,1.0000180907137766,0.0004717953832739097
61021.55582705535,0.9963731589493882,0.9949114224620259,0.9949199369697037,1.0000175004324277,0.001461736487362253
61021.555910805095,0.9942271727452866,0.9949099166875683,0.994918418708883,1.0000169117519084,-0.0006827439422817383
61021.555994554845,0.9943561057154892,0.9949084198544267,0.9949169092782619,1.000016324672774,-0.0005523141389375263
61021.55607830459,0.9942348812385162,0.994906931900292,0.99491540861813,1.0000157391958322,-0.0006720506617757804
61021.55616205434,0.9941563060112247,0.9949054527630983,0.9949139166689802,1.000015155321685,-0.0007491467518735417
61021.55624580409,0.9947378883936537,0.9949039823819091,0.9949124333724088,1.0000145730510825,-0.00016609398825540023
61021.55632955383,0.9951779316243734,0.9949025206965222,0.9949109586707148,1.000013992384773,0.00027541092785121624
61021.55641330359,0.9952066137484079,0.9949010676469461,0.9949094925063762,1.0000134133233003,0.0003055461014618288
61021.55649705333,0.9945681319367635,0.9948996231747871,0.9949080348234479,1.0000128358675564,-0.0003314912380235624
61021.55658080308,0.9955047670782152,0.9948981872214657,0.9949065855657622,1.0000122600180796,0.0006065798567495007
61021.55666455284,0.9944845078789669,0.9948967597294768,0.9949051446781965,1.0000116857755559,-0.00041225185050985935
61021.55674830258,0.9955759179703844,0.9948953406423551,0.9949037121066506,1.0000111131408178,0.0006805773280292859
61021.55683205233,0.9956343637001772,0.9948939299035667,0.9949022877969169,1.000010542114396,0.0007404337966104846
61021.55691580207,0.9940488339527215,0.9948925274578496,0.9949008716960398,1.000009972697067,-0.0008436935051281402
61021.55699955182,0.9937755274594107,0.9948911332501006,0.9948994637511914,1.0000094048894064,-0.001115605790689922
61021.55708330157,0.995374610808068,0.9948897472262209,0.9948980639105259,1.0000088386921353,0.00048486358184707257
61021.557167051316,0.994718435656555,0.9948883693327383,0.9948966721227976,1.000008274105972,-0.00016993367618323152
61021.557250801074,0.9953038707028478,0.9948869995163219,0.9948952883368715,1.0000077111314352,0.00041687118652589117
61021.55733455082,0.9951606724790059,0.994885637725085,0.9948939125030416,1.0000071497693843,0.0002750347539208775
61021.557418300574,0.9943696597718582,0.9948842839067924,0.9948925445712201,1.0000065900202844,-0.000514624134934194
61021.557502050324,0.9943810220935878,0.9948829380106314,0.9948911844927214,1.00000603188494,-0.0005019159170436271
61021.55758580007,0.9954518282072654,0.9948815999860148,0.9948898322190618,1.0000054753640055,0.0005702282212506349
61021.55766954982,0.9946408199506813,0.9948802697826996,0.9948884877020745,1.0000049204580368,-0.0002394498320182903
61021.55775329956,0.9948049172942744,0.9948789473514771,0.9948871508946098,1.00000436716778,-7.403005720263423e-05
61021.55783704931,0.9952390908334617,0.994877632643233,0.9948858217495822,1.000003815493786,0.00036145819022870285
61021.55792079906,0.9953261416687941,0.9948763256097527,0.994884500220788,1.0000032654367477,0.00044981605904137467
61021.55800454881,0.9937838030713657,0.9948750262032459,0.9948831862624257,1.0000027169973058,-0.001091223131880148
61021.55808829856,0.9956233480052912,0.9948737343764615,0.9948818798292103,1.0000021701761004,0.0007496136288296373
61021.5581720483,0.9959247150788043,0.9948724500827865,0.994880580876472,1.0000016249738148,0.0010522649960178487
61021.55825579806,0.994838415204089,0.9948711732756821,0.9948792893595937,1.0000010813909406,-3.275807159308641e-05
61021.5583395478,0.9941800777876855,0.9948699039099026,0.9948780052352355,1.0000005394282978,-0.0006898261222171298
61021.55842329755,0.9948262423573295,0.9948686419399346,0.9948767284597588,0.999999999086374,-4.239958260510157e-05
61021.5585070473,0.994585507897234,0.9948673873212013,0.9948754589904515,0.9999994603658418,-0.0002818794239672906
61021.558590797045,0.9951132142604415,0.9948661400096207,0.9948741967850718,0.9999989232673708,0.00024707425082082235
61021.558674546795,0.9949178045058427,0.9948648999612711,0.9948729418015153,0.9999983877914893,5.2904544571519274e-05
61021.55875829654,0.9942321356203502,0.9948636671331406,0.9948716939985749,0.9999978539389074,-0.0006315315127903842
61021.558842046295,0.9948906941445548,0.9948624414821577,0.9948704533349532,0.9999973217101028,2.8252662397032502e-05
61021.558925796046,0.9943005130743596,0.9948612229663539,0.9948692197704505,0.9999967911058266,-0.0005607098919943043
61021.55900954579,0.9948822458876028,0.9948600115439017,0.9948679932649809,0.9999962621266894,2.2234343701077464e-05
61021.559093295546,0.9958182938739566,0.9948588071731145,0.9948667737785797,0.999995734773161,0.000959486700842116
61021.55917704529,0.9948225044403368,0.9948576098134857,0.9948655612724503,0.9999952090460303,-3.51053731488804e-05
61021.55926079504,0.99442085843965,0.9948564194242221,0.994864355707484,0.9999946849457634,-0.000435560984572092
61021.55934454478,0.9944842323323058,0.9948552359654839,0.9948631570455131,0.9999941624730512,-0.0003710036331781019
61021.55942829453,0.9941978929721943,0.994854059397451,0.9948619652483691,0.9999936416284012,-0.0006561664252566768
61021.55951204428,0.9952527113124955,0.9948528896810387,0.9948607802786007,0.9999931224124542,0.00039982163145679817
61021.55959579403,0.9962258249108973,0.9948517267774764,0.9948596020990562,0.9999926048258031,0.0013740981334209312
61021.55967954378,0.9954230376309471,0.994850570648409,0.9948584306729822,0.9999920888690386,0.0005724669825381001
61021.559763293524,0.9955190234496389,0.9948494212559887,0.9948572659641144,0.9999915745427931,0.0006696021936501984
61021.55984704328,0.993810743089734,0.9948482785623757,0.994856107936178,0.9999910618475185,-0.0010375354726416264
61021.55993079303,0.9943508984692274,0.9948471425307259,0.9948549565538812,0.9999905507839322,-0.0004962440614985075
61021.560014542774,0.9946490865600481,0.9948460131242854,0.9948538117820076,0.999990041352614,-0.0001969265642373097
61021.560098292524,0.99488063237175,0.9948448903064987,0.994852673585515,0.9999895335540542,3.574206525125412e-05
61021.56018204227,0.9944071736541253,0.9948437740415821,0.9948515419301271,0.9999890273889168,-0.00043660038745674257
61021.56026579202,0.9947903136955055,0.9948426642937432,0.9948504167815363,0.9999885228576876,-5.235059823771593e-05
61021.56034954176,0.9956649155983335,0.9948415610279514,0.9948492981061863,0.9999880199610252,0.0008233545703820733
61021.56043329152,0.9947366022981248,0.994840464209067,0.994848185870389,0.9999875186993678,-0.00010386191094224895
61021.56051704127,0.9957945891229345,0.9948393738028859,0.9948470800413882,0.9999870190734126,0.000955215320048608
61021.56060079101,0.9958279841434992,0.9948382897752809,0.9948459805864814,0.9999865210837237,0.0009896943682182746
61021.56068454077,0.9950893371571347,0.9948372120921974,0.9948448874730235,0.9999860247307327,0.0002521250649372142
61021.56076829051,0.9957345438361586,0.9948361407205901,0.9948438006693733,0.9999855300151721,0.0008984031155684358
61021.56085204026,0.9959043291634188,0.9948350756271094,0.9948427201435591,0.9999850369374695,0.001069253536309378
61021.56093579,0.9943459190953764,0.9948340167792115,0.9948416458644092,0.9999845454982657,-0.0004880976838350648
61021.56101953975,0.9941246290970636,0.9948329641443248,0.9948405778007053,0.9999840556980278,-0.0007083350472611993
61021.5611032895,0.9943536242164832,0.9948319176904893,0.9948395159218306,0.9999835675373487,-0.00047829347400607514
61021.561187039246,0.9947818222055546,0.9948308773860748,0.9948384601974841,0.9999830810168187,-4.9055180520229946e-05
61021.561270789,0.9948699591632085,0.9948298431994178,0.9948374105973123,0.9999825961368567,4.011596379072113e-05
61021.561354538746,0.9955212505742592,0.9948288150998102,0.9948363670919139,0.9999821128981748,0.0006924354744489714
61021.561438288496,0.9943830024816784,0.9948277930562338,0.9948353296515547,0.999981631301188,-0.00044479057455537596
61021.561522038246,0.9947169077447249,0.9948267770383473,0.9948342982471701,0.9999811513464772,-0.00010986929362244435
61021.561605787996,0.9944122073165137,0.9948257670160298,0.9948332728499005,0.9999806730345792,-0.00041355969951606397
61021.561689537746,0.995177681962305,0.9948247629594744,0.994832253431188,0.9999801963660285,0.0003529190028306317
61021.56177328749,0.993882116223201,0.9948237648392604,0.9948312399628526,0.9999797213413985,-0.0009416486160593873
61021.56185703724,0.9957468036026684,0.9948227726260157,0.9948302324167406,0.9999792479611365,0.0009240309766527233
61021.56194078698,0.9952365141022468,0.994821786291009,0.9948292307653377,0.999978776225853,0.00041472781123774727
61021.56202453674,0.994053891360963,0.994820805805377,0.9948282349809752,0.9999783061359505,-0.000766914444414013
61021.56210828648,0.9944223649928845,0.9948198311411454,0.9948272450368731,0.9999778376921162,-0.000397466148260861
61021.56219203623,0.9952855173398886,0.994818862270034,0.9948262609059223,0.999977370894749,0.0004666550698545491
61021.56227578599,0.9955556923980666,0.9948178991643046,0.9948252825615491,0.9999769057443685,0.0007377932337619963
61021.56235953573,0.9954186543073597,0.9948169417967501,0.9948243099777033,0.9999764422416128,0.0006017125106095866
61021.56244328548,0.9958993138556842,0.9948159901399433,0.9948233431280932,0.9999759803868754,0.0010833237157409359
61021.562527035225,0.9948009140166065,0.9948150441671466,0.9948223819871175,0.9999755201807495,-1.4130150540081488e-05
61021.562610784975,0.99508191757789,0.9948141038515705,0.9948214265290982,0.9999750616236658,0.00026781372631945466
61021.56269453472,0.994729580902419,0.9948131691670202,0.9948204767289516,0.9999746047162124,-8.358826460119761e-05
61021.56277828447,0.9949028111777455,0.9948122400872446,0.9948195325615212,0.9999741494588162,9.057109050092382e-05
61021.562862034225,0.9943867301821001,0.9948113165864212,0.994818594002069,0.999973695851982,-0.0004245864043210812
61021.56294578397,0.994358758987103,0.9948103986392264,0.9948176610263508,0.99997324389633,-0.000451639652123359
61021.56302953372,0.9947767204646092,0.9948094862201187,0.9948167336098843,0.9999727935922421,-3.276575550947847e-05
61021.56311328347,0.9951003878854349,0.9948085793041307,0.9948158117287573,0.9999723449402557,0.000291808581304176
61021.56319703322,0.9935343244002779,0.9948076778664703,0.9948148953592194,0.9999718979408669,-0.001273353466192395
61021.56328078296,0.9954016037185823,0.9948067818826736,0.9948139844778422,0.9999714525946084,0.0005948218359087543
61021.56336453271,0.9943671749857909,0.9948058913282927,0.9948130790611955,0.9999710089018943,-0.00043871634250181035
61021.56344828246,0.9943673231058715,0.994805006179358,0.9948121790863251,0.9999705668632534,-0.0004376830734864612
61021.5635320322,0.9951010670910332,0.9948041264121429,0.9948112845305068,0.9999701264792114,0.0002969406788903006
61021.56361578195,0.9951695536102413,0.994803252002933,0.9948103953710156,0.9999696877501778,0.00036630160730832806
61021.5636995317,0.9941740482844063,0.9948023829284808,0.9948095115855883,0.9999692506766746,-0.0006283346440745241
61021.563783281454,0.994846102455855,0.9948015191656996,0.99480863315211,0.9999688152591835,4.458329015544216e-05
61021.563867031204,0.9944190715876645,0.9948006606917359,0.9948077600486906,0.9999683814981843,-0.00038158910407137814
61021.563950780954,0.9949290633044794,0.9947998074839672,0.9948068922536616,0.999967949394155,0.000129255820512153
61021.564034530704,0.9941813542516416,0.9947989595200012,0.9948060297455739,0.9999675189475709,-0.0006176052683596334
61021.56411828045,0.9944867374461914,0.9947981167777448,0.9948051725032712,0.9999670901589431,-0.00031137933155334085
61021.5642020302,0.9947221544626208,0.9947972792351114,0.994804320505588,0.9999666630286692,-7.5124772490609e-05
61021.56428577994,0.995060288521405,0.9947964468705272,0.9948034737318705,0.999966237557293,0.000263841650877894
61021.56436952969,0.9942079365217596,0.9947956196623489,0.9948026321613802,0.9999658137452088,-0.0005876831405892124
61021.56445327944,0.9943772550845384,0.9947947975893697,0.9948017957738096,0.9999653915929192,-0.00041754250483128086
61021.56453702919,0.9955686856628141,0.9947939806305263,0.9948009645489835,0.9999649711008888,0.0007747050322878257
61021.56462077893,0.9949690912686953,0.9947931687650373,0.9948001384670038,0.9999645522696154,0.0001759225036579437
61021.56470452869,0.9947047568128573,0.9947923619720559,0.9947993175078895,0.9999641350994509,-8.760515919858936e-05
61021.56478827844,0.9946416208763885,0.9947915602313647,0.9947985016522919,0.9999637195909623,-0.00014993935497620292
61021.56487202818,0.9949903672310146,0.9947907635227418,0.9947976908808428,0.9999633057446055,0.00019960370827287743
61021.56495577793,0.9949548149880703,0.9947899718260359,0.9947968851742336,0.9999628935607632,0.000164843162034356
61021.565039527675,0.995744881897478,0.9947891851215743,0.9947960845136332,0.9999624830399596,0.0009556967759036805
61021.565123277425,0.9972566664028553,0.9947884033896138,0.9947952888801231,0.999962074182574,0.002468263013241434
61021.56520702717,0.9951100457670573,0.9947876266108828,0.9947944982552569,0.9999616669891266,0.00032241915617448047
61021.565290776925,0.9942719082353645,0.9947868547659723,0.9947937126204335,0.9999612614599583,-0.000514946530607796
61021.56537452667,0.994171598228211,0.9947860878361381,0.9947929319577172,0.9999608575956555,-0.0006144896079270934
61021.56545827642,0.9943410796261282,0.9947853258023635,0.9947921562488855,0.9999604553965556,-0.0004442461762352856
61021.565542026176,0.994538652634885,0.9947845686460263,0.9947913854761053,0.9999600548631009,-0.0002459160111413228
61021.56562577592,0.9948876342232078,0.9947838163488912,0.9947906196219249,0.9999596559958351,0.00010381787431656964
61021.56570952567,0.9947462608558275,0.9947830688925207,0.9947898586686744,0.9999592587950918,-3.6808036693147805e-05
61021.56579327541,0.9953878119310035,0.9947823262589899,0.9947891025991984,0.9999588632613762,0.0006054856720135726
61021.56587702516,0.9948856372875046,0.9947815884303028,0.9947883513962554,0.9999584693950535,0.00010404885720172175
61021.565960774904,0.9952131365825716,0.994780855388905,0.9947876050430434,0.9999580771966247,0.0004322811936665616
61021.566044524654,0.9954810729296932,0.9947801271171698,0.9947868635226744,0.9999576866664524,0.0007009458125234458
61021.566128274404,0.9945897060519632,0.9947794035978444,0.994786126818631,0.9999572978049994,-0.0001896975458812733
61021.566212024154,0.995379254395515,0.9947786848137902,0.994785394914504,0.9999569106126928,0.0006005695817248302
61021.56629577391,0.995336116363515,0.9947779707479868,0.9947846677939898,0.9999565250899246,0.0005581456155282494
61021.566379523654,0.9945121906773482,0.9947772613838377,0.994783945441209,0.9999561412372184,-0.0002650707064895119
61021.566463273404,0.9963238924276888,0.9947765567045521,0.994783227840071,0.9999557590548958,0.0015473357231367002
61021.56654702315,0.9945635845438804,0.9947758566938185,0.9947825149749671,0.9999553785434432,-0.00021227214993813082
61021.5666307729,0.994104902407531,0.9947751613352565,0.9947818068302036,0.9999549997032126,-0.0006702589277254312
61021.56671452264,0.9942419497060486,0.9947744706128987,0.9947811033905001,0.9999546225346866,-0.0005325209068500758
61021.56679827239,0.99451835728383,0.9947737845107054,0.9947804046404913,0.9999542470382143,-0.0002554272268754376
61021.56688202214,0.9957768847274657,0.9947731030129885,0.9947797105651599,0.9999538732142418,0.0010037817144772365
61021.56696577189,0.9944487476952545,0.9947724261041629,0.9947790211495846,0.9999535010631806,-0.00032367840890845656
61021.56704952163,0.9949830952519,0.9947717537688705,0.9947783363790632,0.9999531305854719,0.0002113414830294813
61021.56713327139,0.9953938065270226,0.9947710859916828,0.9947776562388146,0.9999527617814279,0.000622720535339738
61021.56721702114,0.9938690444374363,0.9947704227576839,0.9947769807145692,0.9999523946515511,-0.0009013783202476144
61021.56730077088,0.9943594708963164,0.9947697640519456,0.9947763097920328,0.9999520291962454,-0.00041029315562923774
61021.56738452063,0.9946760875165922,0.9947691098595843,0.9947756434569504,0.9999516654158507,-9.302234299213286e-05
61021.567468270376,0.9944070431785286,0.9947684601661052,0.9947749816954518,0.9999513033108308,-0.0003614169875766349
61021.567552020126,0.9948991561817688,0.9947678149569454,0.9947743244935873,0.9999509428815231,0.00013134122482338917
61021.56763576987,0.9945634645917766,0.9947671742179219,0.9947736718377883,0.9999505841283877,-0.00020370962614535415
61021.567719519626,0.9944264337417598,0.9947665379347309,0.9947730237143483,0.9999502270517276,-0.0003401041929711468
61021.56780326937,0.9953289173182045,0.994765906093609,0.994772380110106,0.999949871652062,0.0005630112245954555
61021.56788701912,0.995365139420847,0.9947652786805599,0.994771741011654,0.9999495179296902,0.0005998607402871725
61021.56797076887,0.9952712804440088,0.9947646556819609,0.9947711064059523,0.9999491658850352,0.0005066247620478803
61021.56805451862,0.99502189218831,0.9947640370842831,0.9947704762800511,0.9999488155184868,0.00025785510402698275
61021.56813826837,0.994470037413144,0.9947634228741483,0.9947698506211463,0.9999484668304324,-0.00029338546100432517
61021.56822201811,0.9930518540349812,0.9947628130383812,0.994769229416626,0.9999481198212895,-0.0017109590034000144
61021.56830576786,0.9954260270397131,0.9947622075637933,0.9947686126538604,0.9999477744913823,0.000663819475919758
61021.568389517604,0.9941130432199198,0.9947616064375541,0.9947680003205754,0.9999474308411538,-0.0006485632176342904
61021.568473267354,0.995784180294096,0.9947610096467703,0.9947673924044232,0.9999470888709264,0.0010231706473257107
61021.568557017104,0.9950537842012043,0.9947604171788483,0.9947667888933527,0.9999467485811102,0.00029336702235593926
61021.568640766855,0.9943852574105333,0.9947598290212868,0.9947661897753962,0.999946409972084,-0.00037457161075349354
61021.568724516605,0.9949811210407015,0.9947592451617261,0.9947655950387264,0.9999460730442243,0.00022187587897537497
61021.568808266355,0.995195527838538,0.9947586655879483,0.9947650046716477,0.9999457377979067,0.00043686225058969796
61021.5688920161,0.9940672779829383,0.9947580902879246,0.9947644186626519,0.9999454042335342,-0.0006908123049863546
61021.56897576585,0.9954489412453696,0.9947575192496176,0.9947638370002103,0.9999450723514208,0.0006914219957520062
61021.5690595156,0.9947096827332289,0.9947569524612779,0.9947632596730818,0.9999447421519668,-4.7269728049026405e-05
61021.56914326534,0.9935952525459462,0.9947563899112912,0.9947626866701541,0.9999444136355697,-0.0011611373653450663
61021.56922701509,0.9956799929189226,0.9947558315880352,0.9947621179802977,0.99994408680254,0.000924161330887463
61021.56931076484,0.9945899668652405,0.9947552774801673,0.9947615535926613,0.9999437616532727,-0.00016531061492686128
61021.56939451459,0.9949028934970281,0.9947547275764348,0.9947609934964748,0.9999434381881326,0.0001481659205933017
61021.56947826433,0.993761819709377,0.9947541818657613,0.9947604376811439,0.9999431164075103,-0.0009923621563842078
61021.56956201409,0.9945035958821518,0.9947536403370184,0.9947598861360081,0.9999427963116843,-0.00025004445486664917
61021.56964576383,0.9951104756412072,0.9947531029795379,0.9947593388508704,0.9999424779011258,0.0003573726616693529
61021.56972951358,0.9946794786067036,0.9947525697824543,0.9947587958153258,0.9999421611761101,-7.309117575071689e-05
61021.569813263326,0.9955937618069262,0.9947520407352667,0.9947582570193311,0.9999418461370498,0.0008417210716594736
61021.569897013076,0.9946198102531396,0.9947515158274166,0.9947577224527789,0.9999415327842455,-0.0001317055742769968
61021.56998076282,0.9951468370691381,0.9947509950486617,0.9947571921058724,0.9999412211181061,0.00039584202047637795
61021.57006451257,0.9948788976195628,0.9947504783887021,0.9947566659687517,0.99994091113893,0.00012841923086071017
61021.57014826232,0.994361141108441,0.9947499658375031,0.9947561440318189,0.9999406028470958,-0.0003888247290620983
61021.57023201207,0.9945946122140181,0.9947494573851112,0.9947556262855488,0.9999402962429534,-0.0001548451710930987
61021.57031576182,0.9950906455430589,0.9947489530216965,0.9947551127205387,0.999939991326851,0.00034169252136240225
61021.57039951157,0.9944511272510818,0.9947484527375563,0.9947546033275052,0.9999396880991357,-0.00029732548647454227
61021.57048326132,0.9944774965411671,0.9947479565231111,0.994754098097282,0.9999393865601529,-0.00027045998194397125
61021.57056701106,0.9939985919228402,0.994747464368947,0.9947535970208673,0.9999390867102728,-0.0007488724461067742
61021.57065076081,0.9940569148624286,0.9947469762656453,0.9947531000892444,0.9999387885497858,-0.0006900614032167018
61021.570734510555,0.9944334134714463,0.9947464922040787,0.9947526072936875,0.9999384920790848,-0.00031307873263242136
61021.570818260305,0.9948658195772653,0.9947460121750737,0.994752118625415,0.9999381972984585,0.00011980740219152963
61021.57090201005,0.9954716803651583,0.994745536169744,0.9947516340759324,0.9999379042082962,0.00072614419541428
61021.570985759805,0.9952484531012299,0.9947450641791152,0.9947511536366482,0.9999376128088586,0.0005033889221146559
61021.57106950955,0.9948015649049313,0.9947445961946222,0.9947506772993776,0.999937323100583,5.696871030913542e-05
61021.571153259305,0.9942361372276065,0.9947441322074897,0.9947502050557185,0.9999370350837027,-0.0005079949798831862
61021.57123700905,0.9945110633921241,0.9947436722093842,0.9947497368977103,0.9999367487586506,-0.00023260881726006044
61021.5713207588,0.9958755222543266,0.9947432161918085,0.9947492728172179,0.9999364641256834,0.0011323060625181292
61021.57140450854,0.9955521511671976,0.9947427641465815,0.9947488128064214,0.9999361811851806,0.0008093870206161702
61021.57148825829,0.9948832848176393,0.9947423160654799,0.9947483568574519,0.9999358999374216,0.0001409687521594094
61021.57157200803,0.9951236037445503,0.9947418719405529,0.9947479049627099,0.9999356203827828,0.00038173180399747597
61021.57165575778,0.9947653917484709,0.9947414317638078,0.9947474571145476,0.9999353425215413,2.3959984663091127e-05
61021.57173950754,0.9936424294734464,0.9947409955274465,0.9947470133055076,0.9999350663540225,-0.0010985660540001607
61021.57182325728,0.9938450460429268,0.9947405632238943,0.9947465735283537,0.9999347918806214,-0.0008955171809674756
61021.57190700703,0.9944709059216823,0.9947401348454644,0.9947461377757292,0.9999345191015879,-0.0002692289237821166
61021.57199075678,0.9959023874496891,0.9947397103847331,0.9947457060405366,0.9999342480172669,0.0011626770649559859
61021.572074506534,0.994205759227399,0.9947392898343502,0.9947452783157494,0.9999339786279775,-0.0005335306069512713
61021.57215825628,0.9943567937302437,0.9947388731871145,0.9947448545944839,0.9999337109340609,-0.0003820794568708541
61021.57224200603,0.995204411858974,0.9947384604358239,0.9947444348698506,0.9999334449357871,0.0004659514231500905
61021.57232575577,0.9949499090086787,0.9947380515735341,0.9947440191352145,0.9999331806335178,0.00021185743514462452
61021.57240950552,0.9942929372027166,0.9947376465932644,0.9947436073838989,0.9999329180275209,-0.0004447093905477484
61021.57249325526,0.9945893047110875,0.9947372454882881,0.9947431996094763,0.9999326571181548,-0.00014794077720059473
61021.57257700502,0.9943236137927267,0.9947368482518094,0.9947427958054449,0.9999323979056635,-0.00041323445908270084
61021.57266075476,0.9950813548271601,0.9947364548773849,0.9947423959656543,0.9999321403904465,0.00034489994977515703
61021.57274450451,0.9940725506261834,0.9947360653584368,0.9947420000838113,0.999931884572746,-0.0006635147322534563
61021.57282825426,0.9946055624542617,0.9947356796886322,0.9947416081538655,0.9999316304528916,-0.00013011723437050815
61021.57291200401,0.9953860931761502,0.9947352978617099,0.9947412201698328,0.9999313780311897,0.0006507953144403444
61021.572995753755,0.9952796635655936,0.9947349198715488,0.9947408361258647,0.9999311273079671,0.0005447436940447803
61021.573079503505,0.9944714271146163,0.9947345457120336,0.9947404560161155,0.9999308782834837,-0.0002631185974172334
61021.57316325325,0.9950790369815268,0.9947341753772863,0.9947400798349704,0.9999306309580855,0.0003448616042405206
61021.573247003,0.9950556468513383,0.9947338088614038,0.9947397075767865,0.9999303853320308,0.0003218379899344592
61021.57333075274,0.9942675549591564,0.9947334461587163,0.9947393392361502,0.9999301414056623,-0.0004658911995598647
61021.5734145025,0.9956581759405424,0.9947330872634986,0.9947389748075862,0.9999298991792153,0.0009250886770437727
61021.57349825225,0.9950151209851499,0.9947327321703187,0.9947386142859109,0.9999296586530505,0.0002823888148312248
61021.573582002,0.9940904799890024,0.994732380873722,0.9947382576659122,0.9999294198274432,-0.0006419008847196039
61021.57366575175,0.9943287241217621,0.9947320333683879,0.9947379049425086,0.9999291827026885,-0.0004033092466257937
61021.57374950149,0.9946559379327309,0.9947316896491282,0.994737556110747,0.9999289472791005,-7.575171639728762e-05
61021.57383325124,0.9948291527298923,0.9947313497107678,0.9947372111656797,0.999928713556931,9.780301912443168e-05
61021.573917000984,0.9944581393003321,0.994731013548351,0.9947368701025803,0.9999284815365119,-0.00027287424801891724
61021.574000750734,0.9940756760422524,0.9947306811569073,0.9947365329166975,0.999928251218093,-0.000655005114654883
61021.57408450048,0.9938806075177283,0.994730352531683,0.9947361996034966,0.9999280226020036,-0.0008497450139546281
61021.574168250234,0.9948659112555049,0.9947300276678813,0.9947358701583934,0.9999277956884719,0.00013588358762361974
61021.57425199998,0.9943212923297816,0.9947297065610052,0.9947355445771028,0.9999275704778632,-0.0004084142312236194
61021.57433574973,0.9948753301449426,0.9947293892064603,0.9947352228552325,0.9999273469704043,0.00014594093848230294
61021.57441949948,0.9942295944791268,0.9947290755998641,0.9947349049886043,0.9999271251663988,-0.0004994811207372774
61021.57450324923,0.9940704504677583,0.9947287657369065,0.9947345909731017,0.9999269050661299,-0.0006583152691481686
61021.57458699897,0.9955950819138473,0.9947284596134006,0.994734280804735,0.9999266866698983,0.0008666223004466511
61021.57467074872,0.9954525401773289,0.9947281572251826,0.9947339744795267,0.9999264699779465,0.0007243829521462741
61021.57475449846,0.9951056149631389,0.9947278585682899,0.9947336719937003,0.9999262549905923,0.0003777563948489382
61021.57483824821,0.9948295714058532,0.9947275636387565,0.9947333733434697,0.9999260417080761,0.00010200776709667903
61021.574921997955,0.9942118590026221,0.9947272724328159,0.994733078525247,0.9999258301307125,-0.0005154134301937896
61021.57500574771,0.9947892707552698,0.9947269849466749,0.9947327875354102,0.9999256202587226,6.228580859490851e-05
61021.575089497455,0.9948048858961003,0.9947267011768117,0.9947325003706082,0.9999254120924539,7.81847192885543e-05
61021.575173247205,0.9948894669051216,0.9947264211196293,0.9947322170274076,0.9999252056321264,0.00016304578549231064
61021.575256996955,0.9951448463184854,0.9947261447717269,0.9947319375025689,0.9999250008780304,0.00041870154675849314
61021.575340746705,0.9951802141314181,0.9947258721297765,0.9947316617929209,0.9999247978304375,0.00045434200164162775
61021.57542449645,0.9941279695661508,0.9947256031905697,0.9947313898954095,0.9999245964896355,-0.0005976336244188918
61021.5755082462,0.9941396552885237,0.9947253379509267,0.9947311218070023,0.9999243968558588,-0.0005856826624029976
61021.57559199594,0.9951568539754612,0.9947250764078567,0.9947308575248544,0.9999241989294104,0.0004317775676044855
61021.57567574569,0.9951720482709971,0.9947248185583734,0.99473059704612,0.9999240027105225,0.00044722971262378675
61021.575759495434,0.9948081092400068,0.9947245643996788,0.9947303403681397,0.9999238081994954,8.354484032802034e-05
61021.57584324519,0.9948905229091993,0.9947243139289603,0.994730087488232,0.9999236153965434,0.0001662089802390021
61021.575926994934,0.9941391202135944,0.9947240671436542,0.9947298384039649,0.9999234243019974,-0.0005849469300598376
61021.57601074469,0.9949042675751021,0.9947238240411213,0.9947295931128227,0.9999232349160533,0.00018044353398083413
61021.576094494434,0.9936764544017495,0.994723584618989,0.9947293516125544,0.9999230472390388,-0.001047130217239567
61021.576178244184,0.9945864121336097,0.994723348874832,0.9947291139008528,0.999922861271165,-0.0001369367412223932
61021.57626199393,0.9952273461293081,0.9947231168064274,0.9947288799756083,0.9999226770127239,0.0005042293228806338
61021.57634574368,0.9950783297449269,0.9947228884115658,0.9947286498347204,0.9999224944639413,0.0003554413333611839
61021.57642949342,0.9935329432646575,0.9947226636882138,0.9947284234762628,0.9999223136251066,-0.0011897204235563619
61021.57651324317,0.9940145036170396,0.9947224426343564,0.9947282008983199,0.9999221344964445,-0.0007079390173168054
61021.57659699292,0.9953548183690436,0.9947222252481317,0.9947279820991303,0.9999219570782257,0.0006325931209119062
61021.57668074267,0.9936698773617729,0.9947220115277562,0.994727767077002,0.9999217813707044,-0.001052134165983265
61021.57676449241,0.9949092436317847,0.9947218014715598,0.9947275558303557,0.9999216073741486,0.00018744216022492655
61021.57684824217,0.9946932264222366,0.9947215950778948,0.9947273483576299,0.9999214350887649,-2.8368655658250752e-05
61021.57693199191,0.9943860526323534,0.9947213923453381,0.9947271446574825,0.9999212645148645,-0.0003353397129847169
61021.57701574166,0.9943096192695513,0.9947211932724351,0.994726944728537,0.9999210956526525,-0.00041157400288382995
61021.577099491406,0.9937816458444684,0.994720997857916,0.9947267485695989,0.9999209285024068,-0.0009393520134476363
61021.577183241156,0.9946779652779756,0.9947208061005396,0.9947265561794953,0.9999207630643463,-4.284082256400534e-05
61021.5772669909,0.9934080889419915,0.9947206179992266,0.9947263675572144,0.9999205993387467,-0.0013125290572351123
61021.57735074065,0.9948487808390117,0.9947204335529278,0.9947261827017692,0.999920437325825,0.00012834728608390744
61021.5774344904,0.9950992850332953,0.994720252760741,0.9947260016123141,0.9999202770258404,0.0003790322725542028
61021.57751824015,0.9948083644432933,0.9947200756218416,0.9947258242880797,0.9999201184390366,8.828882145173189e-05
61021.57760198989,0.9933023124269743,0.9947199021355171,0.9947256507284038,0.9999199615656699,-0.0014175897085427769
61021.57768573965,0.9949411814174385,0.9947197323010915,0.9947254809326558,0.9999198064059412,0.0002214491163470278
61021.57776948939,0.995151502957647,0.9947195661180878,0.9947253149004022,0.9999196529601453,0.0004319368395592216
61021.57785323914,0.9950788469709421,0.9947194035860236,0.9947251526311984,0.9999195012284816,0.0003594433849184453
61021.577936988884,0.9943859820931317,0.9947192447045843,0.9947249941247637,0.9999193512112149,-0.0003332626114526116
61021.578020738634,0.9951809762826455,0.9947190894734956,0.9947248393808537,0.9999192029085574,0.00046188680914982516
61021.57810448838,0.9950295902557887,0.9947189378926334,0.9947246883993713,0.9999190563207712,0.000310652363155306
61021.578188238134,0.9946978727168914,0.9947187899619055,0.9947245411802461,0.9999189114480542,-2.0917245014184793e-05
61021.57827198788,0.9942817103592032,0.9947186456814043,0.9947243977235896,0.9999187682906915,-0.0004369353222011263
61021.57835573763,0.9947947029700265,0.9947185050512304,0.9947091416562761,0.9999186268488791,7.619791879609483e-05
61021.57843948738,0.9943450812827721,0.9947183680716318,0.9947090057337036,0.9999184871228628,-0.000373286788859728
61021.57852323713,0.9946119301076488,0.9947182347429387,0.994708873580308,0.9999183491128742,-0.00010630463528993328
61021.57860698687,0.9950319100035826,0.994718105065589,0.9947087451965301,0.9999182128191559,0.0003138049379936003
61021.57869073662,0.9940229427608696,0.9947179790400847,0.9947086205828704,0.9999180782419146,-0.0006950362792151887
61021.57877448636,0.994543647432257,0.9947178566670662,0.9947084997399663,0.9999179453814022,-0.00017420923480926387
61021.57885823611,0.9949619975725945,0.9947177379472296,0.9947083826685028,0.9999178142378238,0.00024425962536489543
61021.578941985856,0.995388127857052,0.9947176228814057,0.9947082693693021,0.9999176848114293,0.0006705049756462467
61021.57902573561,0.9945880183084409,0.994717511470476,0.9947081598432277,0.9999175571024113,-0.0001294931620351436
61021.579109485356,0.9951323838007549,0.9947174037154821,0.9947080540913026,0.9999174311110395,0.00041498008527274255
61021.579193235106,0.995423581694656,0.9947172996174974,0.9947079521145771,0.9999173068375049,0.0007062820771585043
61021.579276984856,0.9942596720590404,0.9947171991777283,0.9947078539142302,0.9999171842820422,-0.00045752711868785045
61021.579360734606,0.9949617654968019,0.994717102397468,0.9947077594915259,0.9999170634448735,0.0002446630993339083
61021.57944448435,0.9946192479567604,0.9947170092781144,0.9947076688478261,0.9999169443262308,-9.776132135397297e-05
61021.5795282341,0.9944189467659716,0.994716919821138,0.9947075819845642,0.9999168269263141,-0.0002979730551663229
61021.57961198384,0.9943155901004654,0.9947168340281347,0.9947074989032951,0.9999167112453632,-0.0004012439276692703
61021.57969573359,0.9947552343554544,0.9947167519007687,0.9947074196056376,0.9999165972835767,3.848245468573985e-05
61021.579779483334,0.993489576878585,0.994716673440828,0.994707344093331,0.9999164850411927,-0.0012270965622430685
61021.57986323309,0.994872835035426,0.9947165986501649,0.9947072723681731,0.9999163745183985,0.00015623638526107708
61021.579946982834,0.9949093138214558,0.9947165275307701,0.9947072044321007,0.999916265715449,0.00019278629068564257
61021.580030732584,0.9950323262157094,0.9947164600846887,0.9947071402870986,0.9999161586325308,0.00031586613102063676
61021.580114482334,0.9953936182582508,0.9947163963140863,0.9947070799352666,0.9999160532698674,0.00067722194416453
61021.580198232085,0.9945628301425179,0.9947163362212177,0.9947070233787941,0.9999159496276726,-0.00015350607869979438
61021.58028198183,0.9949075229166034,0.9947162798084397,0.9947069706199662,0.9999158477061673,0.00019124310816376333
61021.58036573158,0.9944859403990807,0.9947162270781895,0.9947069216611462,0.9999157475055452,-0.0002302866791088487
61021.58044948132,0.9943444294915079,0.9947161780330209,0.9947068765048097,0.9999156490260351,-0.0003717485415130062
61021.58053323107,0.9939614776084063,0.9947161326755665,0.9947068351535058,0.9999155522678292,-0.0007546550671602148
61021.58061698082,0.9937531968835649,0.9947160910085672,0.9947067976098908,0.9999154572311455,-0.0009628941250022782
61021.58070073057,0.9948605054976765,0.9947160530348552,0.9947067638767089,0.9999153639161917,0.0001444524628212429
61021.58078448031,0.9941439803583482,0.9947160187573642,0.9947067339567984,0.9999152723231833,-0.0005720383990159839
61021.58086823007,0.994456783819037,0.9947159881791123,0.9947067078530828,0.9999151824523032,-0.0002592043600753158
61021.58095197981,0.9934558377902301,0.9947159613032327,0.9947066855685933,0.9999150943037876,-0.0012601235130026422
61021.58103572956,0.9943271443785191,0.9947159381329379,0.9947066671064406,0.9999150078778184,-0.0003887937544188036
61021.581119479306,0.9951828938422567,0.9947159186715481,0.9947066524698356,0.9999149231746142,0.0004669751707085945
61021.581203229056,0.9954334024517443,0.9947159029224745,0.9947066416620796,0.9999148401943636,0.000717499529269805
61021.5812869788,0.9942895379297684,0.9947158908892294,0.994706634686569,0.9999147589372829,-0.00042635295946102936
61021.58137072855,0.995373765785814,0.9947158825754198,0.994706631546793,0.9999146794035596,0.0006578832103942833
61021.5814544783,0.9940376574459071,0.9947158779847518,0.9947066322463343,0.999914601593401,-0.0006782205388446982
61021.58153822805,0.9946768499676705,0.9947158771210279,0.9947066367888712,0.9999145255070068,-3.902715335746265e-05
61021.58162197779,0.9953378502335568,0.9947158799881488,0.9947066451781721,0.9999144511445823,0.0006219702454079989
61021.58170572754,0.9943080980339493,0.9947158865901123,0.9947066574181057,0.9999143785063127,-0.0004077885561630801
61021.58178947729,0.9947820392843363,0.9947158969310158,0.9947066735126291,0.9999143075924015,6.614235332047524e-05
61021.581873227035,0.995093604929057,0.9947159110150522,0.9947066934657948,0.9999142384030512,0.00037769391400477303
61021.581956976785,0.9944184720966528,0.9947159288465177,0.9947067172817554,0.9999141709384451,-0.00029745674986492165
61021.58204072653,0.9958778004529178,0.9947159504298004,0.9947067449647501,0.99991410519879,0.0011618500231174167
61021.58212447628,0.9940960547755282,0.9947159757693947,0.9947067765191236,0.999914041184268,-0.0006199209938665406
61021.58220822602,0.9943909419163207,0.9947160048698863,0.9947068119493035,0.9999139788950834,-0.00032506295356560244
61021.58229197578,0.9953561934533081,0.9947160377359732,0.9947068512598304,0.9999139183314127,0.0006401557173348893
61021.58237572552,0.9949966754964653,0.9947160743724323,0.9947068944553167,0.9999138594934687,0.00028060112403305304
61021.58245947528,0.9945038014450178,0.9947161147841656,0.9947069415404984,0.9999138023814211,-0.00021231333914772943
61021.58254322502,0.9940561077290996,0.9947161589761478,0.9947069925201785,0.9999137469954801,-0.0006600512470482656
61021.58262697477,0.9938835911590314,0.9947162069534806,0.9947070473992856,0.9999136933358201,-0.0008326157944492651
61021.58271072451,0.9947606319222975,0.994716258721346,0.994707106182822,0.9999136414026387,4.437320095151964e-05
61021.58279447426,0.9949874116334874,0.9947163142850449,0.9947071688759082,0.9999135911961147,0.0002710973484424395
61021.582878224006,0.9940141452402443,0.9947163736499602,0.9947072354837405,0.9999135427164433,-0.0007022284097158993
61021.582961973756,0.994860042271635,0.9947164368215983,0.9947073060116357,0.9999134959638024,0.00014360545003677672
61021.583045723506,0.9946846357764529,0.9947165038055514,0.9947073804649925,0.9999134509383814,-3.1868029098491846e-05
61021.583129473256,0.9945376810693014,0.9947165746075197,0.9947074588493133,0.999913407640365,-0.00017889353821831655
61021.583213223,0.9950148851849202,0.9947166492332993,0.994707541170193,0.9999133660699401,0.00029823595162092875
61021.583296972756,0.9949002877202392,0.9947167276888168,0.9947076274333538,0.9999133262272794,0.00018356003142239175
61021.5833807225,0.9951254410633685,0.9947168099800537,0.9947077176445672,0.9999132881125787,0.00040863108331479214
61021.58346447224,0.994599567935956,0.9947168961131395,0.994707811809748,0.9999132517260126,-0.00011732817718346222
61021.58354822199,0.9943010967878448,0.9947169860942995,0.9947079099349084,0.9999132170677589,-0.00041588930645464206
61021.583631971735,0.9949295843665696,0.9947170799298424,0.9947080120261329,0.9999131841380035,0.0002125044367272677
61021.583715721485,0.9947737728157428,0.9947171776262125,0.9947081180896428,0.9999131529369197,5.659518953027298e-05
61021.58379947123,0.9941468928186213,0.9947172791899291,0.9947082281317275,0.9999131234646916,-0.0005703863713077961
61021.583883220985,0.9953086342053553,0.99471738462766,0.9947083421588224,0.9999130957214895,0.0005912495776952964
61021.58396697073,0.9948421891150464,0.9947174939461164,0.9947084601774,0.9999130697074998,0.0001246951689299891
61021.58405072048,0.9951137773607613,0.9947176071521812,0.9947085821941053,0.9999130454228919,0.00039617020858018215
61021.58413447023,0.9945791796185961,0.9947177242528089,0.9947087082156448,0.9999130228678439,-0.0001385446342128116
61021.58421821998,0.9951089189196963,0.9947178452550703,0.9947088382488417,0.9999130020425303,0.0003910736646259849
61021.58430196972,0.9940485355831906,0.9947179701661334,0.9947089723006094,0.9999129829471266,-0.0006694345829427739
61021.58438571947,0.9950499502150206,0.99471809899331,0.9947091103780044,0.9999129655818032,0.00033185122171064396
61021.58446946921,0.9953957004371957,0.9947182317439759,0.9947092524881385,0.9999129499467355,0.0006774686932198293
61021.58455321896,0.9950760093194511,0.9947183684256644,0.9947093986382803,0.999912936042093,0.0003576408937866482
61021.584636968706,0.9940158116891864,0.99471850904597,0.994709548835755,0.9999129238680489,-0.0007026973567836325
61021.58472071846,0.9943077572216619,0.9947186536126623,0.994709703088058,0.999912913424771,-0.00041089639100044817
61021.584804468206,0.9951965692071227,0.9947188021335339,0.9947098614027021,0.9999129047124328,0.00047776707358881954
61021.584888217956,0.9942621710665263,0.994718954616578,0.994710023787399,0.9999128977312007,-0.00045678355005174254
61021.584971967706,0.9947829739940522,0.994719111069851,0.9947101902499185,0.9999128924812439,6.386292420124118e-05
61021.58505571745,0.995031148498341,0.9947192715015207,0.9947103607981361,0.9999128889627307,0.0003118769968202262
61021.5851394672,0.9949556199036214,0.9947194359199119,0.9947105354400821,0.9999128871758268,0.00023618398370950366
61021.58522321694,0.9951407298605519,0.9947196043334062,0.9947107141838379,0.9999128871206994,0.00042112552714568263
61021.58530696669,0.9945845079427115,0.99471977675056,0.9947108970376569,0.9999128887975138,-0.000135268807848532
61021.585390716435,0.9950708411784196,0.9947199531799864,0.9947110840098413,0.9999128922064348,0.0003508879984331914
61021.58547446619,0.9952380013105563,0.9947201336304909,0.9947112751088864,0.9999128973476274,0.0005178676800653426
61021.585558215935,0.9945906760276996,0.9947203181108871,0.9947114703432861,0.9999129042212539,-0.00012964208318755333
61021.585641965685,0.9948274381757495,0.9947205066302178,0.994711669721762,0.9999129128274785,0.00010693154553165218
61021.585725715435,0.9947516353851487,0.9947206991975794,0.9947118732530851,0.9999129231664627,3.093618756921934e-05
61021.585809465185,0.9941235505379501,0.9947208958222056,0.9947120809461568,0.9999129352383683,-0.0005973452842554794
61021.58589321493,0.9952749697083361,0.9947210965134301,0.9947122928099759,0.9999129490433548,0.0005538731949059628
61021.58597696468,0.9943242423610972,0.9947213012807606,0.9947125088537119,0.9999129645815849,-0.0003970589196634622
61021.58606071442,0.9946552260910478,0.9947215101337563,0.9947127290865777,0.9999129818532149,-6.628404270847543e-05
61021.58614446416,0.9950770280539146,0.9947217230821517,0.9947129535179577,0.9999130008584055,0.0003553049717629486
61021.58622821391,0.9951812584469607,0.9947219401358038,0.9947131821573587,0.9999130215973167,0.0004593183111568644
61021.58631196366,0.994347629968972,0.9947221613046577,0.9947134150143663,0.9999130440701044,-0.00037453133568576824
61021.58639571341,0.9949492105621448,0.994722386598801,0.9947136520987028,0.9999130682769256,0.00022682396334383625
61021.586479463156,0.9940926893216233,0.9947226160284239,0.994713893420192,0.9999130942179337,-0.0006299267068006209
61021.58656321291,0.9943392127093177,0.9947228496039248,0.9947141389888615,0.9999131218932922,-0.0003836368946070756
61021.586646962656,0.9948204264679208,0.9947230873356867,0.994714388814714,0.9999131513031458,9.733913223408663e-05
61021.586730712406,0.9946426418438045,0.9947233292343624,0.9947146429080236,0.9999131824476564,-8.068739055788754e-05
61021.58681446215,0.9958583112737277,0.9947235753106289,0.9947149012790772,0.9999132153269722,0.0011347359630987652
61021.5868982119,0.9950697885001943,0.9947238255753782,0.9947151639383768,0.999913249941252,0.00034596292481614555
61021.58698196164,0.9950341305172014,0.9947240800395436,0.9947154308964589,0.9999132862906424,0.00031005047765775284
61021.587065711385,0.994740772149351,0.9947243387142561,0.9947157021640525,0.9999133243752977,1.6433435094831417e-05
61021.58714946114,0.9951447979936812,0.9947246016108011,0.99471597775204,0.9999133641953764,0.0004201963828800448
61021.587233210885,0.9948335310264073,0.9947248687404594,0.9947162576712861,0.9999134057510152,0.0001086622859478581
61021.58731696064,0.9948752228845098,0.994725140114829,0.9947165419329762,0.9999134490423781,0.0001500827696807594
61021.587400710385,0.9945151924684774,0.9947254157454549,0.9947168305482292,0.9999134940695996,-0.00021022327697750587
61021.587484460135,0.9958863327993096,0.9947256956441831,0.994717123528468,0.99991354083284,0.0011606371551264871
61021.58756820988,0.995578170528002,0.9947259798228731,0.9947174208851196,0.9999135893322388,0.0008521907051288746
61021.58765195963,0.9954672960262478,0.9947262682936218,0.9947177226298458,0.9999136395679524,0.0007410277326260761
61021.58773570937,0.995272025068511,0.9947265610685622,0.9947180287743348,0.9999136915401183,0.0005454639999488142
61021.58781945912,0.9927207695045304,0.9947268581600686,0.9947183393305166,0.999913745248892,-0.0020060886555381963
61021.58790320887,0.993661603664012,0.9947271595805773,0.994718654310374,0.9999138006944148,-0.0010655559165653194
61021.58798695861,0.9942782892803983,0.9947274653426637,0.9947189737260229,0.9999138578768263,-0.0004491760622653551
61021.58807070836,0.9954226131814161,0.994727775459125,0.9947192975898016,0.9999139167962812,0.000694837722291064
61021.58815445811,0.9955503570966352,0.9947280899428214,0.9947196259140992,0.9999139774529182,0.0008222671538138382
61021.58823820786,0.9963858759987467,0.9947284088067816,0.994719958711472,0.9999140398468803,0.001657467191965134
61021.588321957606,0.9951503357896129,0.9947287320641525,0.9947202959945853,0.9999141039783049,0.0004216037254604066
61021.588405707356,0.9946733466912612,0.9947290597283092,0.9947206377763333,0.9999141698473448,-5.571303704798858e-05
61021.5884894571,0.9949013360369383,0.9947293918126612,0.9947209840696327,0.9999142374541302,0.00017194422427713185
61021.58857320685,0.994820234835735,0.9947297283308795,0.9947213348876617,0.9999143067988135,9.050650485553646e-05
61021.58865695659,0.9951085864330975,0.9947300692966682,0.9947216902436208,0.9999143778815229,0.00037851713642933493
61021.58874070635,0.9946392723346645,0.9947304147240298,0.9947220501510085,0.9999144507024171,-9.114238936525076e-05
61021.58882445609,0.9947688165095647,0.9947307646269066,0.994722414623251,0.9999145252616095,3.805188265815218e-05
61021.588908205835,0.9953954419671994,0.9947311190195731,0.9947227836741072,0.9999146015592514,0.0006643229476263057
61021.58899195559,0.9945807442167599,0.9947314779164612,0.9947231573174874,0.9999146795954944,-0.0001507336997013109
61021.589075705335,0.9953148424051359,0.9947318413319683,0.9947235355672546,0.9999147593704487,0.000583001073167555
61021.589159455085,0.9944914237726791,0.9947322092808668,0.9947239184376486,0.9999148408842716,-0.00024078550818773525
61021.58924320483,0.994766111367477,0.994732581777928,0.9947243059428983,0.9999149241370855,3.352958954894181e-05
61021.58932695458,0.994643576589748,0.9947329588382088,0.9947246980975155,0.99991500912904,-8.938224846077869e-05
61021.58941070432,0.9959191131871833,0.9947333404767951,0.9947250949160313,0.9999150958602557,0.001185772710388222
61021.58949445407,0.9947941077708199,0.9947337267090672,0.994725496413268,0.9999151843308823,6.0381061752656784e-05
61021.58957820382,0.9955878571735963,0.9947341175504648,0.9947259026041003,0.9999152745410461,0.0008537396231315109
61021.58966195356,0.9955145943335912,0.9947345130165919,0.9947263135035578,0.9999153664908729,0.0007800813169993592
61021.58974570332,0.9937505773147614,0.9947349131233509,0.9947267291269725,0.9999154601805192,-0.000984335808589587
61021.58982945306,0.9954010508547073,0.9947353178865719,0.9947271494895833,0.9999155556100854,0.0006657329681354351
61021.58991320281,0.99438665089841,0.9947357273224928,0.9947275746070419,0.9999156527797275,-0.0003490764240827726
61021.589996952556,0.9946952536290866,0.9947361414473437,0.9947280044949822,0.9999157516895597,-4.088781825706267e-05
61021.590080702306,0.9950337419457557,0.9947365602776684,0.994728439169347,0.9999158523397302,0.0002971816680872319
61021.59016445205,0.9951551277132482,0.9947369838300381,0.9947288786460955,0.9999159547303516,0.0004181438832101536
61021.5902482018,0.9944700687986722,0.9947374121213399,0.9947293229415032,0.9999160588615712,-0.00026734332266775684
61021.59033195155,0.9948149368463557,0.9947378451685274,0.9947297720719002,0.9999161647335094,7.70916778283226e-05
61021.59041570129,0.9953952373318339,0.994738282988726,0.9947302260537829,0.9999162723462851,0.0006569543431078628
61021.59049945104,0.9946026731359401,0.9947387255993538,0.9947306849039368,0.9999163817000453,-0.00013605246341374944
61021.59058320079,0.9940622403994892,0.9947391730178919,0.9947311486392012,0.9999164927949079,-0.0006769326184027369
61021.59066695054,0.9947938747398494,0.9947396252620411,0.9947316172766264,0.9999166056309998,5.424947780829914e-05
61021.590750700285,0.9953568383079732,0.9947400823496416,0.9947320908333991,0.9999167202084378,0.0006167559583315496
61021.590834450035,0.9950618339641194,0.994740544298836,0.994732569327002,0.9999168365273672,0.00032128966528344183
61021.59091819978,0.994295569196632,0.9947410111277944,0.9947330527749327,0.9999169545878936,-0.00044544193116247133
61021.59100194953,0.9943066575751486,0.9947414828550318,0.9947335411950345,0.9999170743901622,-0.00043482527988325526
61021.59108569927,0.9956350857507278,0.9947419594990896,0.994734034605163,0.9999171959342762,0.0008931262516381766
61021.59116944902,0.9950065954910539,0.9947424410788619,0.9947345330235264,0.9999173192203811,0.00026415441219196367
61021.59125319877,0.9949329587007212,0.9947429276133113,0.9947350364683891,0.9999174442485892,0.00019003108740989205
61021.59133694851,0.9954457792913449,0.994743419121591,0.9947355449581983,0.9999175710190126,0.0007023601697538906
61021.59142069827,0.994368968841658,0.9947439156232213,0.9947360585117683,0.9999176995318066,-0.0003749467815632457
61021.59150444801,0.9951067373095467,0.9947444171376167,0.9947365771477886,0.9999178297870486,0.0003623201719299418
61021.59158819776,0.9950459872745981,0.9947449236846939,0.9947371008854543,0.9999179617848932,0.0003010635899042269
61021.591671947506,0.9946260661138363,0.9947454352843498,0.9947376297439271,0.9999180955254385,-0.00011936917051347251
61021.59175569725,0.9952630918954409,0.9947459519568158,0.9947381637426991,0.999918231008816,0.0005171399386251219
61021.591839447,0.9936610498204655,0.9947464737225289,0.9947387029014593,0.9999183682351577,-0.0010854239020633427
61021.59192319674,0.9947917579857605,0.9947470006019958,0.9947392472399572,0.9999185072045588,4.475738376463756e-05
61021.5920069465,0.9939449792387577,0.9947475326161593,0.994739796778375,0.9999186479171747,-0.0008025533774016491
61021.59209069624,0.9949393360351242,0.9947480697858488,0.9947403515367649,0.9999187903730746,0.00019126624927534586
61021.592174446,0.9942493655056612,0.9947486121324756,0.9947409115357659,0.999918934572426,-0.0004992466268143314
61021.59225819574,0.9954857872673107,0.9947491596772919,0.9947414767958369,0.9999190805152958,0.0007366275900188013
61021.592341945485,0.9952520389241089,0.9947497124420462,0.9947420473379324,0.9999192282018261,0.0005023264820626094
61021.592425695235,0.9948670255344478,0.9947502704486593,0.994742623183174,0.9999193776321461,0.00011675508578856686
61021.59250944498,0.9948573904965492,0.9947508337191272,0.9947432043527412,0.9999195288063457,0.00010655677742199554
61021.59259319473,0.9943408237830184,0.9947514022758623,0.9947437908682304,0.9999196817245664,-0.0004105784928439826
61021.59267694447,0.994894543793184,0.9947519761413043,0.9947443827512499,0.999919836386897,0.00014256765187969922
61021.59276069423,0.9938689858753852,0.994752555338368,0.9947449800238841,0.999919992793492,-0.0008835694629828472
61021.59284444397,0.9948460162587154,0.9947531398898452,0.9947455827080723,0.9999201509444108,9.287636887023165e-05
61021.59292819371,0.9952834394437281,0.994753729819061,0.9947461908262911,0.9999203108397946,0.0005297096246671407
61021.59301194347,0.9941255162126807,0.9947543251495761,0.9947468044012401,0.999920472479784,-0.0006288089368953198
61021.59309569321,0.9945720167347687,0.9947549259048779,0.9947474234555301,0.9999206358644358,-0.00018290917010921337
61021.59317944296,0.9943751684783239,0.994755532109052,0.9947480480123726,0.9999208009939041,-0.00038036363072813106
61021.593263192706,0.9938106547832044,0.9947561437861641,0.9947486780949414,0.999920967868272,-0.0009454890029596541
61021.593346942456,0.9953372647456903,0.9947567609607355,0.9947493137268625,0.9999211364876799,0.0005805037849547778
61021.5934306922,0.9947544322117443,0.9947573836573168,0.9947499549317788,0.9999213068522086,-2.9514455724966027e-06
61021.59351444194,0.9941519331323138,0.9947580119008692,0.9947506017337353,0.9999214789619831,-0.0006060787685554514
61021.5935981917,0.9935268616657085,0.9947586457166593,0.9947512541570791,0.9999216528171436,-0.0012317840509508127
61021.59368194144,0.9947016817065014,0.9947592851298797,0.9947519122260589,0.999921828417739,-5.760342337823854e-05
61021.59376569119,0.9952290375737699,0.994759930166359,0.9947525759655683,0.9999220057639236,0.00046910740741090695
61021.59384944094,0.995027729833861,0.9947605808519692,0.9947532454005208,0.999922184855791,0.00026714898189184044
61021.59393319069,0.9957746378936173,0.9947612372128947,0.9947539205561385,0.9999223656934485,0.0010134006807226426
61021.594016940435,0.9935331039011916,0.9947618992755256,0.9947546014578378,0.9999225482769882,-0.0012287953743339575
61021.59410069018,0.994485578074511,0.9947625670666361,0.9947552881314122,0.9999227326065325,-0.00027698899212513783
61021.59418443993,0.9943612850362484,0.99476324061327,0.9947559806029135,0.9999229186822046,-0.00040195557702160656
61021.59426818967,0.9954733995542893,0.9947639199425684,0.9947566788984773,0.9999231065040779,0.0007094796117208535
61021.59435193942,0.9947212787805333,0.9947646050821817,0.9947573830447454,0.9999232960722911,-4.3326301648383136e-05
61021.59443568917,0.9942233129530527,0.994765296059864,0.9947580930684444,0.9999234873869332,-0.0005419831068113057
61021.59451943892,0.9939011027043188,0.9947659929037078,0.9947588089966369,0.9999236804481088,-0.0008648901993890679
61021.59460318867,0.9946511612513341,0.9947666956420916,0.9947595308566545,0.9999238752559226,-0.00011553439075751015
61021.59468693841,0.9944688395495185,0.9947674043036183,0.9947602586760457,0.9999240718104614,-0.0002985647540998393
61021.59477068816,0.9950336063311056,0.9947681189173684,0.9947609924828276,0.9999242701118628,0.00026548741373721985
61021.594854437906,0.9936657580346454,0.9947688395124691,0.9947617323050473,0.9999244701601957,-0.0011030814778236753
61021.594938187656,0.9947412723636048,0.9947695661185932,0.9947624781712952,0.9999246719555975,-2.8293754988473196e-05
61021.5950219374,0.9945664200718805,0.9947702987654633,0.9947632301101912,0.9999248754981351,-0.0002038786935828485
61021.59510568715,0.9946786922407669,0.994771037483361,0.9947639881509124,0.9999250807879461,-9.234524259416066e-05
61021.5951894369,0.9947665952735218,0.9947717823026849,0.9947647523227313,0.9999252878251141,-5.187029163078449e-06
61021.59527318664,0.9945928887692973,0.9947725332541415,0.994765522655224,0.999925496609722,-0.00017964448484419915
61021.59535693639,0.9950618864534029,0.9947732903689487,0.9947662991784662,0.9999257071419068,0.0002885960844541957
61021.59544068614,0.9957938315103694,0.9947740536784485,0.9947670819226422,0.9999259194217501,0.001019777831920865
61021.59552443589,0.9948316161668637,0.9947748232143686,0.9947678709183135,0.9999261334493523,5.6792952495055005e-05
61021.595608185635,0.9946188689087748,0.9947755990086983,0.9947686661962851,0.9999263492247937,-0.00015673009992345222
61021.59569193538,0.995078586220237,0.9947763810938859,0.9947694677878187,0.9999265667481916,0.0003022051263511516
61021.59577568513,0.9946183284513905,0.9947771695027211,0.9947702757244993,0.9999267860196637,-0.00015884105133057158
61021.59585943487,0.9951396768903357,0.9947779642681222,0.9947710900380256,0.9999270070392701,0.00036171262221351697
61021.59594318462,0.9948256687485155,0.994778765423626,0.9947719107607088,0.9999272298071471,4.690332488954674e-05
61021.59602693437,0.9958323019784397,0.9947795730029068,0.9947727379249798,0.9999274543233724,0.0010527289755329905
61021.59611068412,0.9942255366154394,0.9947803870400587,0.9947735715636792,0.9999276805880433,-0.0005548504246192243
61021.59619443386,0.9938959794698926,0.9947812075694603,0.9947744117099141,0.9999279086012361,-0.0008852280995677031
61021.59627818361,0.9940324041892559,0.9947820346260599,0.9947752583973568,0.9999281383630869,-0.000749630436803983
61021.59636193336,0.9949686378697862,0.9947828682449564,0.9947761116598112,0.9999283698736713,0.0001857696248297458
61021.596445683106,0.9944946511143742,0.994783708461617,0.9947769715314311,0.9999286031330645,-0.00028905734724282706
61021.596529432856,0.995801693476481,0.9947845553120954,0.9947778380469555,0.999928838141402,0.0010171381643855337
61021.5966131826,0.9945848122347258,0.9947854088325319,0.9947787112411836,0.9999290748987373,-0.00020059659780602423
61021.59669693234,0.9943258056210612,0.9947862690596674,0.9947795911495119,0.9999293134051848,-0.00046046343860617345
61021.5967806821,0.99307441183298,0.9947871360307075,0.9947804778077828,0.9999295536608803,-0.0017127241977274998
61021.59686443184,0.9946937975246607,0.9947880097827964,0.9947813712517576,0.9999297956658336,-9.421225813566192e-05
61021.59694818159,0.9944885555540864,0.9947888903540022,0.9947822715181165,0.9999300394202004,-0.00030033479991575796
61021.59703193134,0.9952164209428404,0.9947897777824932,0.9947831786436181,0.9999302849240526,0.0004266431603471288
61021.59711568109,0.9957554594558199,0.9947906721069152,0.994784092665488,0.9999305321774823,0.0009647873489047054
61021.597199430835,0.9953454281666073,0.9947915733662521,0.994785013621269,0.9999307811805592,0.0005538548003551913
61021.59728318058,0.994209426956084,0.994792481600057,0.994785941549065,0.9999310319333967,-0.0005830546439729023
61021.59736693033,0.9954604550593726,0.9947933968483088,0.9947868764873894,0.9999312844361075,0.0006670582110638312
61021.59745068007,0.9950736931208596,0.9947943191511754,0.9947878184749218,0.9999315386887385,0.00027937396968413797
61021.59753442982,0.9939867376667703,0.9947952485495767,0.9947887675510853,0.9999317946914242,-0.0008085108828064236
61021.59761817957,0.994277814154389,0.9947961850846319,0.9947897237554836,0.9999320524442326,-0.000518370930242873
61021.59770192931,0.9940763691489805,0.9947971287979028,0.9947906871281439,0.9999323119472303,-0.0007207596489223755
61021.59778567906,0.995341171236639,0.9947980797316474,0.9947916577097795,0.999932573200552,0.0005430915049916551
61021.59786942881,0.9955255586489486,0.9947990379283351,0.9947926355412927,0.9999328362042635,0.0007265207206135216
61021.59795317856,0.9945736366389748,0.9948000034309806,0.9947936206641165,0.9999331009584539,-0.00022636679200582766
61021.598036928306,0.9943478937236576,0.9948009762829813,0.9947946131200467,0.9999333674631875,-0.0004530825593236365
61021.59812067805,0.9947825989752027,0.9948019565283795,0.9947956129515129,0.9999336357185751,-1.9357553176835296e-05
61021.5982044278,0.9949363234847867,0.9948029442117033,0.9947966202014071,0.9999339057247276,0.00013337927308332276
61021.59828817754,0.9940932812325954,0.9948039393777096,0.9947976349128322,0.9999341774816851,-0.0007106581451141736
61021.59837192729,0.9948653751250086,0.9948049420719951,0.9947986571297199,0.9999344509895814,6.0433053013508875e-05
61021.59845567704,0.9942869873629623,0.9948059523404021,0.9947996868962189,0.9999347262484793,-0.0005189649774398619
61021.598539426785,0.9941370286901963,0.9948069702292771,0.9948007242569681,0.9999350032584404,-0.0006699415390808428
61021.598623176535,0.9942810189904114,0.9948079957857482,0.9948017692573748,0.9999352820195985,-0.0005269767953367532
61021.598706926285,0.9939396749608752,0.9948090290572055,0.9948028219430795,0.9999355625320147,-0.000869354096330266
61021.598790676035,0.9962565277708288,0.9948100700916533,0.994803882360323,0.999935844795774,0.0014464576791755057
61021.59887442578,0.9947546721513515,0.9948111189375476,0.9948049505557752,0.9999361288109361,-5.6446786196096e-05
61021.59895817552,0.995770565655635,0.9948121756440689,0.9948060265768132,0.9999364145776094,0.0009583900115661681
61021.59904192527,0.9938467672915123,0.9948132402609556,0.9948071104713537,0.9999367020959029,-0.0009664729694432994
61021.59912567501,0.9955314518698463,0.9948143128382314,0.9948082022875708,0.9999369913658501,0.0007171390316148551
61021.59920942477,0.995113719551234,0.994815393426952,0.994809302074661,0.9999372823876096,0.0002983261242819335
61021.59929317451,0.9956605638388615,0.9948164820781005,0.9948104098817121,0.9999375751611631,0.0008440817607610063
61021.599376924256,0.9953439298445484,0.9948175788438053,0.994811525758949,0.9999378696866436,0.0005263510007431638
61021.59946067401,0.9956924386365481,0.9948186837767976,0.9948126497571766,0.9999381659641843,0.0008737548597504974
61021.599544423756,0.9952562511463365,0.994819796929838,0.9948137819271939,0.9999384639937646,0.00043645421649851635
61021.599628173506,0.9946827208410198,0.9948209183569695,0.994814922321078,0.9999387637755427,-0.00013819751594967844
61021.59971192325,0.996069843726995,0.9948220481123775,0.9948160709910102,0.9999390653095481,0.0012477956146175195
61021.59979567299,0.9953752915708897,0.9948231862511681,0.9948172279900815,0.9999393685958872,0.0005521053197216075
61021.59987942274,0.994459222119472,0.9948243328290938,0.9948183933720014,0.999939673634667,-0.00036511070962175207
61021.599963172484,0.9942180499948055,0.9948254879022589,0.9948195671908026,0.9999399804259145,-0.0006074379074534342
61021.60004692224,0.9954502207201369,0.9948266515279275,0.9948207495016651,0.9999402889697896,0.0006235691922094055
61021.600130671985,0.9941797956707249,0.9948278237633317,0.9948219403596981,0.9999405992662647,-0.0006480280926067783
61021.60021442173,0.9946584376536725,0.9948290046669884,0.99482313982128,0.999940911315472,-0.0001705670133159698
61021.600298171485,0.9950914155494806,0.9948301942981143,0.994824347943466,0.999941225117545,0.0002612212513662948
61021.60038192123,0.9947325543583747,0.9948313927160071,0.9948255647833563,0.9999415406724532,-9.883835763235815e-05
61021.60046567098,0.9949675837172652,0.9948325999814027,0.9948267903994745,0.9999418579803565,0.000134983735862515
61021.60054942072,0.9943059168086074,0.9948338161552414,0.9948280248505141,0.9999421770412776,-0.0005278993466339976
61021.60063317046,0.9945600645272943,0.994835041299514,0.9948292681961978,0.9999424978553214,-0.00027497677221965944
61021.60071692021,0.994993563550819,0.9948362754769632,0.9948305204969726,0.9999428204225931,0.00015728807385584354
61021.600800669956,0.9944474337706645,0.9948375187507686,0.9948317818136904,0.9999431447431135,-0.00039008498010417725
61021.60088441971,0.9952365407525774,0.9948387711854241,0.9948330522084949,0.9999434708170438,0.00039776956715331657
61021.600968169456,0.9954188466412838,0.9948400328454449,0.9948343317435144,0.9999437986443467,0.0005788137958389061
61021.601051919206,0.9945777669761116,0.9948413037969088,0.9948356204824237,0.9999441282251835,-0.00026353682079727214
61021.601135668956,0.9945432906547594,0.9948425841062679,0.9948369184892288,0.9999444595596012,-0.00029929345150847553
61021.6012194187,0.9946659983653996,0.994843873840792,0.9948382258287327,0.999944792647646,-0.00017787547539238613
61021.60130316845,0.9951057434780257,0.9948451730689278,0.9948395425668823,0.9999451274894506,0.0002605704090978822
61021.60138691819,0.9946225378854162,0.9948464818595234,0.9948408687699931,0.9999454640850314,-0.00022394397410718803
61021.601470667934,0.993244332755166,0.9948478002826279,0.9948422045055535,0.9999458024344918,-0.001603467527461877
61021.601554417684,0.9938309070547922,0.994849128409178,0.9948435498419068,0.9999461425379356,-0.0010182213543858953
61021.601638167434,0.9953704329885134,0.9948504663107702,0.9948449048480246,0.9999464843954066,0.0005199666777431222
61021.601721917184,0.9952109765526514,0.9948518140600325,0.9948462695938712,0.9999468280069786,0.0003591624926189141
61021.60180566693,0.9936991666982561,0.9948531717303933,0.9948476441501832,0.9999471733726943,-0.0011540050321372508
61021.60188941668,0.9944570707560086,0.9948545393965796,0.994849028588965,0.9999475204926868,-0.00039746864057099707
61021.60197316643,0.9949156127195968,0.994855917133925,0.9948504229827841,0.9999478693669984,5.969558567187061e-05
61021.60205691617,0.9949726916670744,0.9948573050187306,0.9948518274051451,0.9999482199956704,0.00011538664834376267
61021.60214066591,0.9949339852168012,0.9948587031285306,0.9948532419307506,0.9999485723788056,7.528208827056737e-05
61021.60222441566,0.9954300485442588,0.9948601115418716,0.9948546666352804,0.9999489265165058,0.0005699370023871664
61021.602308165406,0.9945962793751452,0.9948615303379594,0.9948561015950302,0.999949282408781,-0.0002652509628142674
61021.602391915156,0.995445351112745,0.9948629595975356,0.9948575468878024,0.9999496400557639,0.0005823915152094461
61021.602475664906,0.9949256055787488,0.994864399402034,0.9948590025920486,0.9999499994574943,6.120617671478978e-05
61021.60255941465,0.9956507100792862,0.9948658498339739,0.9948604687872606,0.9999503606140113,0.0007848602453123243
61021.6026431644,0.9943800134778484,0.9948673109773468,0.9948619455543771,0.9999507235254476,-0.00048729749949838475
61021.60272691415,0.9953771871310256,0.9948687829168951,0.9948634329750341,0.9999510881918415,0.0005084042141305645
61021.6028106639,0.9947693429264978,0.9948702657386256,0.9948649311320976,0.9999514546132628,-0.00010092281212781273
61021.60289441364,0.9951386150921185,0.9948717595295798,0.9948664401094252,0.9999518227897486,0.0002668555625386926
61021.602978163384,0.9945625991803224,0.9948732643782445,0.994867959992275,0.9999521927213996,-0.0003106651979221109
61021.603061913134,0.9943864007795553,0.994874780374315,0.9948694908670743,0.9999525644083167,-0.0004883795947596692
61021.60314566288,0.9943330477815335,0.9948763076083211,0.9948710328210372,0.9999529378505035,-0.000543259826787601
61021.60322941263,0.9949798959664307,0.9948778461725767,0.9948725859431196,0.9999533130480934,0.0001020497938539755
61021.60331316238,0.9951693524630351,0.9948793961602723,0.9948741503231041,0.9999536900011216,0.0002899563027627394
61021.60339691212,0.994576064482982,0.9948809576658972,0.9948757260520272,0.9999540687096226,-0.0003048931829152668
61021.60348066188,0.9943882710095053,0.9948825307858083,0.9948773132227507,0.9999544491737624,-0.0004942597763030188
61021.60356441162,0.9948637044905785,0.9948841156167614,0.9948789119284761,0.9999548313934762,-2.0411126182895423e-05
61021.60364816136,0.9944818413168351,0.9948857122577098,0.9948805222645615,0.9999552153688963,-0.00040387094087468434
61021.60373191111,0.9948386261429885,0.994887320808876,0.9948821443275833,0.9999556011001226,-4.869466588752758e-05
61021.603815660856,0.9960761891995861,0.9948889413714983,0.9948837782150752,0.9999559885871544,0.0011872478280877674
61021.603899410606,0.9949833095356785,0.9948905740488325,0.9948854240265478,0.9999563778301249,9.273548684596289e-05
61021.60398316035,0.995408650431713,0.9948922189450635,0.9948870818623751,0.9999567688290318,0.0005164314866494824
61021.6040669101,0.9952995983476831,0.9948938761664601,0.994888751824971,0.9999571615840087,0.00040572218122303383
61021.60415065985,0.9953543698937591,0.9948955458204172,0.9948904340178122,0.9999575560950866,0.00045882407334196795
61021.60423440959,0.99569258177096,0.9948972280159036,0.9948921285458968,0.9999579523622955,0.0007953537550563494
61021.60431815934,0.9948465944438023,0.9948989228639431,0.9948938355162196,0.999958350385769,-5.232842014080141e-05
61021.60440190909,0.9945236372472107,0.9949006304767659,0.9948955550369224,0.999958750165537,-0.0003769932295552003
61021.604485658834,0.9953064251405954,0.9949023509682791,0.9948972872177656,0.9999591517016283,0.0004040741723163599
61021.604569408584,0.9949127248271188,0.9949040844545567,0.9948990321706116,0.9999595549941765,8.640372562096488e-06
61021.60465315833,0.995050426565894,0.9949058310528212,0.9949007900084117,0.999959960043175,0.0001445955130728871
61021.60473690807,0.9944440625438357,0.9949075908825363,0.9949025608462959,0.9999603668487219,-0.00046352833870066945
61021.60482065782,0.995131681702863,0.9949093640649981,0.9949043448011585,0.9999607754109155,0.00022231763786495495
61021.60490440757,0.9952262926881125,0.9949111507230588,0.9949061419913832,0.9999611857297835,0.00031514196505366687
61021.60498815731,0.9939402774720394,0.994912950981474,0.9949079525371909,0.9999615978053523,-0.0009726735094346406
61021.60507190706,0.9944513945634917,0.9949147649674138,0.9949097765611494,0.9999620116377554,-0.00046337040392208095
61021.60515565681,0.9943360081708861,0.9949165928095716,0.9949116141872756,0.9999624272270192,-0.0005805846386854885
61021.60523940656,0.9952829608166339,0.9949184346388258,0.9949134655417011,0.9999628445732052,0.00036452617780813323
61021.605323156306,0.9946330373894643,0.9949202905879778,0.9949153307524033,0.9999632636763383,-0.00028725319851352626
61021.60540690605,0.9944104832487268,0.9949221607922661,0.994917209949727,0.999963684536516,-0.0005116775435393128
61021.6054906558,0.9956040017031907,0.9949240453891139,0.9949191032661199,0.9999641071538354,0.0006799563140768017
61021.60557440554,0.9958906490355641,0.9949259445176687,0.994921010835678,0.9999645315282841,0.0009647045178954317
61021.605658155284,0.9949590884476687,0.9949278583198391,0.9949229327951783,0.9999649576599591,3.123012782957346e-05
61021.60574190504,0.994039119931686,0.9949297869400359,0.9949248692838152,0.9999653855489947,-0.0008906670083498325
61021.605825654784,0.9947946999569036,0.9949317305240363,0.9949268204420637,0.9999658151953023,-0.0001370305671326566
61021.60590940454,0.9954568316461989,0.9949336892213978,0.9949287864140978,0.9999662465990908,0.0005231424248011152
61021.605993154284,0.9954272842915534,0.9949356631828069,0.9949307673451319,0.9999666797602695,0.0004916211087464539
61021.60607690403,0.9958860813259641,0.994937652562524,0.9949327633838587,0.9999671146789725,0.0009484287634401456
61021.60616065378,0.9952865386143188,0.9949396575172497,0.9949347746813272,0.9999675513552964,0.0003468810970691516
61021.60624440352,0.9946939712101227,0.9949416782058343,0.9949368013906326,0.9999679897892242,-0.00024770699571163846
61021.60632815326,0.994613230575298,0.9949437147903832,0.994938843668038,0.999968429980852,-0.00033048421508519166
61021.60641190301,0.9953944105582858,0.9949457674358116,0.9949409016725116,0.9999688719302764,0.00044864312247416827
61021.60649565276,0.9951281333778957,0.9949478363095484,0.9949429755654365,0.9999693156375172,0.00018029706834732373
61021.60657940251,0.9949814392222922,0.9949499215821429,0.9949450655112099,0.9999697611026321,3.151764014930336e-05
61021.606663152255,0.9953343550133733,0.9949520234269703,0.9949471716769537,0.9999702083256394,0.00038233158640299525
61021.606746902005,0.9975351031503596,0.9949541420210517,0.9949492942333216,0.9999706573066741,0.002580961129307946
61021.606830651755,0.9946253757832901,0.9949562775440229,0.9949514333534749,0.9999711080457543,-0.00033090176073280464
61021.6069144015,0.9956462794686278,0.9949584301787661,0.9949535892137046,0.9999715605428975,0.0006878492898617639
61021.60699815124,0.9951438647256077,0.9949606001118682,0.994955761993891,0.9999720147981991,0.00018326461373951997
61021.60708190099,0.9953173692505093,0.9949627875333398,0.9949579518772187,0.9999724708117549,0.0003545817171695109
61021.607165650734,0.9947135043836426,0.9949649926361305,0.9949601590496845,0.9999729285835418,-0.00025148825248788587
61021.60724940048,0.9954529347869521,0.9949672156173567,0.9949623837013326,0.9999733881136552,0.00048571916959538886
61021.607333150234,0.9954691784249581,0.9949694566780324,0.9949646260259727,0.9999738494022308,0.0004997217469256965
61021.60741689998,0.9941867310288501,0.9949717160218001,0.9949668862199057,0.9999743124491637,-0.0007849849929499886
61021.60750064973,0.9944778870923849,0.9949739938575605,0.9949691644845635,0.9999747772546291,-0.0004961067651755302
61021.60758439948,0.9946861854884196,0.9949762903974371,0.9949714610244534,0.9999752438186422,-0.00029010490901748565
61021.60766814922,0.9944141278690145,0.9949786058576635,0.9949737760480513,0.9999757121412168,-0.0005644779886490037
61021.60775189897,0.9959326215342839,0.9949809404592954,0.9949761097685138,0.9999761822224882,0.0009516810749884419
61021.60783564871,0.9942711513875717,0.9949832944269351,0.9949784624023871,0.9999766540624294,-0.0007121430393633998
61021.607919398455,0.9950190270897579,0.9949856679902547,0.994980834171131,0.9999771276611348,3.3359099503194045e-05
61021.608003148205,0.9947198548778474,0.994988061383529,0.9949832253006525,0.9999776030186995,-0.00026820650568160076
61021.60808689795,0.9945203628254126,0.9949904748451358,0.994985636020796,0.9999780801350946,-0.00047011201972324557
61021.6081706477,0.9958851818121485,0.9949929086191504,0.9949880665669352,0.9999785590104562,0.0008922731929981165
61021.60825439745,0.9950697675440278,0.9949953629540247,0.994990517178647,0.9999790396447958,7.440459000307431e-05
61021.6083381472,0.9948837286681635,0.9949978381035737,0.9949929881006923,0.9999795220381664,-0.00011410943541012575
61021.60842189695,0.9951987449376395,0.9950003343269195,0.9949954795829573,0.9999800061906207,0.00019841061072001231
61021.60850564669,0.994288317299934,0.9950028518884304,0.994997991880385,0.9999804921021688,-0.0007145345884963517
61021.608589396434,0.9951948198169688,0.9950053910585416,0.9950005252537913,0.9999809797729047,0.00018942875842720142
61021.608673146184,0.9938574561766396,0.9950079521135026,0.9950030799696056,0.9999814692029229,-0.0011504959368630052
61021.60875689593,0.9946938056510841,0.9950105353348757,0.9950056562993684,0.9999819603921903,-0.0003167296837915945
61021.60884064567,0.9942530240597183,0.9950131410110644,0.995008254521244,0.9999824533408008,-0.0007601169513461459
61021.60892439543,0.9964490362944496,0.9950157694370764,0.9950108749197825,0.9999829480488921,0.0014332668573732166
61021.60900814517,0.9949061659827843,0.9950184209131147,0.9950135177845116,0.9999834445163429,-0.00011225493033040213
61021.60909189491,0.9948992947070041,0.9950210957475316,0.9950161834128691,0.9999839427432903,-0.00012180104052750274
61021.60917564467,0.9949965214978425,0.9950237942557012,0.9950188721090735,0.9999844427298717,-2.7272757858742835e-05
61021.60925939441,0.9942066924127756,0.9950265167588161,0.9950215841829283,0.999984944475964,-0.0008198243460405541
61021.609343144155,0.9947239638090104,0.9950292635869507,0.9950243199528492,0.9999854479817043,-0.0003052997779402489
61021.609426893905,0.995406189494091,0.9950320350776819,0.9950270797444941,0.9999859532471865,0.0003741544164090893
61021.60951064365,0.9946043015593472,0.9950348315758412,0.9950298638905126,0.9999864602723725,-0.0004305300164939574
61021.6095943934,0.9952654318171674,0.9950376534354973,0.995032672732502,0.9999869690574004,0.00022777838167009623
61021.60967814314,0.9951085207530123,0.9950405010182862,0.995035506619346,0.999987479602231,6.801973472603251e-05
61021.60976189289,0.995159486287011,0.9950433746956796,0.9950383659094512,0.999987991907002,0.00011611159133140259
61021.60984564264,0.99452203106442,0.9950462748475709,0.9950412509693523,0.9999885059717187,-0.0005242437831508573
61021.60992939238,0.9949379280082181,0.9950492018633373,0.9950441621747389,0.9999890217963847,-0.0001112738551192205
61021.61001314213,0.9947612779579174,0.9950521561429565,0.9950470999115708,0.9999895393811383,-0.0002908781850391451
61021.61009689188,0.9944960155158886,0.9950551380958494,0.995050064574906,0.9999900587259833,-0.0005591225799608246
61021.610180641626,0.9954842026870236,0.9950581481420032,0.9950530565700207,0.9999905798309224,0.0004260545450204267
61021.61026439137,0.994641335503251,0.9950611867129021,0.9950560763133176,0.9999911026960489,-0.0004198512096511564
61021.61034814112,0.9949334153219098,0.9950642542514462,0.9950591242322283,0.999991627321456,-0.00013083892953635878
61021.61043189086,0.9952463905170947,0.9950673512115679,0.9950622007648323,0.9999921537071002,0.00017903930552687353
61021.610515640605,0.9955165375737262,0.995070478060302,0.9950653063618964,0.9999926818530744,0.0004460595134241352
61021.61059939036,0.9948501307248543,0.9950736352777618,0.9950684414868325,0.9999932117595183,-0.00022350455290753857
61021.610683140105,0.9953006891147886,0.9950768233557148,0.9950716066142881,0.9999937434262948,0.0002238657590738491
61021.610766889855,0.9954502800196282,0.9950800428017025,0.9950748022342011,0.9999942768535888,0.0003702372179257285
61021.610850639605,0.9945924746440139,0.995083294136575,0.9950780288493623,0.9999948120414008,-0.0004908194925611342
61021.61093438935,0.9945823179152762,0.9950865778962001,0.9950812869770799,0.9999953489897309,-0.0005042599809239601
61021.61101813909,0.9953068714449641,0.9950898946326684,0.9950845771503652,0.9999958876986715,0.00021697681229571053
61021.61110188884,0.9943863099428533,0.9950932449144192,0.9950878999180438,0.9999964281683156,-0.0007069349715659312
61021.61118563858,0.9941645243680607,0.9950966293260577,0.9950912558445613,0.9999969703986156,-0.0009321049579970042
61021.61126938833,0.9946683897610927,0.9951000484711692,0.9950946455127477,0.9999975143897109,-0.0004316587100764435
61021.61135313808,0.9964490453993985,0.9951035029710513,0.9950980695225535,0.9999980601416004,0.0013455424283471684
61021.611436887826,0.9955166514859132,0.9951069934664489,0.9951015284927439,0.9999986076542814,0.00040965801946424296
61021.611520637576,0.9954067647998504,0.9951105206193681,0.9951050230626803,0.9999991569278943,0.0002962441804822413
61021.611604387326,0.9959071546592164,0.9951140851122225,0.9951085538914572,0.9999997079624368,0.0007930695469938742
61021.61168813707,0.9949219003729054,0.9951176876497413,0.9951121216597641,1.000000260757905,-0.00019578727683589037
61021.61177188682,0.9952919107950564,0.9951213289610205,0.9951157270719014,1.00000081531444,0.0001705818340359544
61021.61185563656,0.995270122282244,0.9951250097984704,0.9951193708547093,1.0000013716319895,0.00014511248377357955
61021.611939386305,0.9955160589727212,0.9951287309412645,0.9951230537609714,1.000001929710646,0.0003873280314566907
61021.612023136055,0.9956631684420139,0.9951324931957307,0.9951267765697603,1.0000024895505022,0.000530675246283141
61021.6121068858,0.9946725472977519,0.9951362973957619,0.9951305400868218,1.0000030511515046,-0.00046375009801002953
61021.61219063555,0.9942790188076329,0.9951401444066288,0.9951343451483342,1.0000036145137943,-0.000861125598995871
61021.6122743853,0.9948292355725452,0.9951440351243104,0.995138192620195,1.0000041796373662,-0.00031479955176516583
61021.61235813504,0.9943111487418809,0.9951479704781991,0.9951420834006777,1.0000047465222142,-0.0008368217363182717
61021.61244188479,0.9946720787753989,0.9951519514340336,0.9951460184233063,1.00000531516848,-0.00047987265863469464
61021.61252563454,0.9951155360217391,0.9951559789938554,0.9951499986567649,1.0000058855761575,-4.0442972116361275e-05
61021.61260938428,0.9960081842397468,0.9951600541992177,0.9951540251080415,1.000006457745239,0.0008481300405290826
61021.612693134026,0.9956779123596702,0.9951641781342417,0.995158098825409,1.0000070316758174,0.0005137342254284416
61021.612776883776,0.9948361865213092,0.995168351927497,0.9951622209002423,1.0000076073679847,-0.0003321654061877455
61021.61286063352,0.9947313505218702,0.9951725767536509,0.9951663924686183,1.000008184821683,-0.000441226231780667
61021.61294438326,0.9945573552753014,0.995176853838654,0.9951706147163762,1.0000087640370046,-0.0006194985633525274
61021.61302813302,0.9960893591100509,0.9951811844623256,0.9951748888816413,1.0000093450140923,0.0009081746477253017
61021.61311188276,0.994876002081321,0.9951855699592503,0.9951792162556494,1.000009927752786,-0.0003095678779293509
61021.61319563251,0.9953122712364919,0.9951900117275916,0.9951835981914112,1.0000105122532787,0.00012225950890032422
61021.61327938226,0.9943828292028537,0.9951945112292092,0.9951880361037538,1.0000110985155612,-0.0008116820263555091
61021.613363132004,0.9937710035087532,0.995199069995827,0.9951925314753785,1.000011686539624,-0.0014280664870737203
61021.61344688175,0.9950166393118568,0.9952036896350172,0.9951970858626907,1.0000122763255583,-0.00018705032316035375
61021.6135306315,0.9947699659898015,0.9952083718351297,0.9952017009005996,1.0000128678734568,-0.0004384058453281714
61021.61361438124,0.9951041454994396,0.9952131183703542,0.9952063783074575,1.0000134611832572,-0.00010897287091460317
61021.61369813098,0.9948498284824262,0.9952179311101611,0.9952111198943062,1.0000140562550512,-0.0003681026277349009
61021.61378188074,0.9942110418901876,0.995222812026354,0.9952159275717406,1.0000146530889835,-0.001011770136166379
61021.61386563048,0.9961652881463058,0.9952277631987647,0.9952208033554796,1.0000152516848866,0.0009375249475410685
61021.613949380226,0.996086719885902,0.9952327868301416,0.9952257493809665,1.0000158520429037,0.0008539330557604252
61021.61403312998,0.9948473487526538,0.9952378852546846,0.995230767911691,1.00001645416318,-0.0003905365020308027
61021.614116879726,0.9948543930504954,0.995243060947798,0.995235861348749,1.0000170580455454,-0.0003886678973026303
61021.61420062947,0.9955335778353043,0.9952483165455712,0.9952410322499643,1.0000176636901439,0.000285261289733052
61021.61428437922,0.99498208183388,0.9952536548579171,0.9952462833427654,1.0000182710970684,-0.00027157302403701955
61021.61436812896,0.995268997892583,0.9952590788861698,0.9952516175414703,1.0000188802662517,9.919006413228182e-06
61021.614451878704,0.9950347097042521,0.9952645918473556,0.9952570379711688,1.000019491197786,-0.0002298821431034881
61021.614535628454,0.9949127017951451,0.9952701971978304,0.9952625479909637,1.000020103891763,-0.0003574954026852595
61021.614619378204,0.995971757001587,0.9952758986615349,0.9952681512218534,1.000020718348169,0.0006958583400521468
61021.61470312795,0.9942442566152468,0.9952817002655219,0.9952738515817552,1.0000213345669884,-0.0010374436502750273
61021.6147868777,0.9945681814583701,0.9952876063826603,0.9952796533277304,1.000021952548367,-0.000719424924290224
61021.61487062745,0.9948301124646368,0.9952936217781849,0.9952855611020968,1.0000225722922889,-0.000463509313548105
61021.61495437719,0.9944505779253224,0.9952997516714677,0.9952915799936735,1.0000231937987392,-0.0008491737461452376
61021.61503812694,0.9949078425215828,0.9953060018120005,0.9952977156133359,1.000023817067863,-0.0003981592904176434
61021.61512187668,0.9952596221899098,0.9953123785686335,0.9953039741829793,1.0000244420995896,-5.27563787237062e-05
61021.615205626425,0.9946475542299013,0.9953188890516409,0.9953103626575535,1.0000250688940113,-0.0006713348217396442
61021.615289376175,0.9939857790078942,0.9953255412647173,0.9953168888775379,1.0000256974512198,-0.001339762256823085
61021.615373125926,0.9956107716679606,0.9953323443078902,0.9953235617734699,1.0000263277711983,0.00027842736007044344
61021.61545687567,0.9949950883386106,0.99533930865782,0.9953303916498292,1.0000269598539282,-0.00034422031920944285
61021.61554062542,0.9952739792459556,0.9953464465655224,0.995337390590483,1.0000275936995568,-7.246731956678243e-05
61021.61562437517,0.9953761179414351,0.9953537726400074,0.9953445730590335,1.0000282293080665,2.234530142775082e-05
61021.61570812491,0.9953686280814825,0.9953613047749839,0.9953519568627744,1.0000288666794377,7.323306498663307e-06
61021.61579187466,0.9959085359791878,0.9953690657342533,0.9953595648294445,1.0000295058138182,0.0005394702449345035
61021.615875624404,0.996367261059896,0.9953770862172518,0.9953674281373819,1.000030146711133,0.000990174842644187
61021.61595937415,0.9954843817906941,0.9953854122452729,0.9953755947633576,1.000030789371474,9.89695454212125e-05
61021.6160431239,0.995209699051871,0.9953942253054827,0.9953852665887405,1.0000314337949332,-0.0001845262536117609
61021.61612687364,0.9958197854793123,0.9954159356075374,0.9954088945595291,1.0000320799814344,0.0004038498717748862
61021.61621062339,0.995891004359534,0.9954473804476405,0.9954413469822772,1.0000327279311259,0.00044362391189356476
61021.61629437314,0.9958232504839616,0.9954852078230924,0.9954799209144058,1.0000333776439867,0.00033804266086923107
61021.61637812288,0.9942017779522685,0.9955280857368954,0.9955234048413972,1.0000340291199963,-0.0013263077846269455
61021.61646187263,0.9951103846351788,0.9955752125961815,0.9955710461840622,1.000034682359303,-0.00046482796100277834
61021.61654562238,0.9950484773169677,0.99562602870408,0.9956223110063097,1.000035337361885,-0.0005775513871123517
61021.616629372125,0.9959501722791253,0.9956801099361353,0.9956767907414436,1.0000359941277208,0.0002700623429899851
61021.61671312187,0.9952968889976906,0.9957371175737557,0.9957341569401456,1.000036652656902,-0.0004402285760650715
61021.61679687162,0.9962309462242618,0.9957967709662214,0.9957941361651292,1.0000373129495204,0.00043417525804034796
61021.61688062136,0.9957796026122285,0.9958588311322917,0.9958564947412393,1.0000379750054957,-7.922852006314596e-05
61021.616964371104,0.9959710572289915,0.9959230902697092,0.9959210289109134,1.0000386388249205,4.7966959282330635e-05
61021.61704812086,0.9952761403208008,0.9959893646239989,0.9959875580916613,1.000039304407944,-0.00071322430319809
61021.617131870604,0.9965654261597507,0.9960574894226111,0.9960559200563589,1.0000399717543698,0.0005079367371396692
61021.61721562035,0.9964829718671474,0.9961273152783309,0.9961259675002806,1.0000406408643467,0.00035565658881653306
61021.6172993701,0.995063566165764,0.9961987054002794,0.9961975653636727,1.0000413117379676,-0.0011351392345154698
61021.61738311985,0.9957413137842751,0.9962715334752732,0.9962705887924932,1.000041984375208,-0.0005302196909980905
61021.61746686959,0.9966772606379057,0.9963456820251759,0.9963449215529547,1.0000426587760425,0.0003315786127298104
61021.61755061933,0.9969603962946992,0.9964210411010226,0.9964204547679828,1.000043334940563,0.0005393551936766494
61021.61763436908,0.9966441427344053,0.9964975072020247,0.9964970858685281,1.000044012868862,0.00014663553238059013
61021.617718118825,0.9978585005622342,0.9965749823777421,0.9965747177199441,1.0000446925608548,0.0012835181844921273
61021.617801868575,0.9972407841352163,0.9966533735449097,0.9966532579584393,1.0000453740166928,0.0005874105903066473
61021.617885618325,0.9964917693273204,0.9967325918267532,0.9967326183449444,1.0000460572363494,-0.00024082249943280232
61021.61796936807,0.996211915101098,0.9968125520508273,0.9968127142753171,1.000046742219798,-0.0006006369497293385
61021.61805311782,0.9965614254246905,0.9968931723215461,0.9968934643624168,1.0000474289671906,-0.0003317468968555559
61021.61813686757,0.9970706969465577,0.9969743735898191,0.9969747900136389,1.0000481174784994,9.632335673859238e-05
61021.61822061731,0.9979782237747057,0.9970560793330786,0.9970566151173753,1.0000488077536982,0.0009221444416270819
61021.61830436705,0.9974444828676486,0.9971382152689156,0.9971388657619509,1.0000494997928773,0.00030626759873308984
61021.6183881168,0.9963092722876455,0.9972207090731972,0.9972214699582179,1.0000501935961303,-0.0009114367855516115
61021.618471866546,0.9967988812855256,0.9973034901171461,0.9973043573799506,1.0000508891633682,-0.0005046088316205122
61021.61855561629,0.9976617117512055,0.9973864892917796,0.9973874591916951,1.0000515864946826,0.0002752224594259056
61021.61863936605,0.9976107008553184,0.9974696387929758,0.9974707078362401,1.0000522855902276,0.00014106206234265617
61021.61872311579,0.9974072864697762,0.9975528718858968,0.9975540368007398,1.0000529864497916,-0.00014558541612064158
61021.61880686553,0.9977967600238038,0.9976361228179764,0.9976373805322192,1.000053689073527,0.00016063720582737417
61021.61889061528,0.9975491641851548,0.9977193266055819,0.9977206742247364,1.000054393461527,-0.00017016242042711127
61021.61897436503,0.9967230869742606,0.9978024188704571,0.9978038536576543,1.000055099613761,-0.001079331896196467
61021.619058114775,0.9983479423248862,0.997885335704271,0.9978868550607256,1.0000558075301993,0.0004626066206152579
61021.61914186452,0.996877234448557,0.997968013536602,0.9979696149827825,1.0000565172109332,-0.001090779088045002
61021.61922561427,0.9980023610056215,0.9980503889758854,0.9980520701331074,1.0000572286560563,-4.80279702639308e-05
61021.61930936401,0.9980052799893477,0.9981323986440958,0.9981341572165326,1.0000579418654751,-0.0001271186547480152
61021.61939311375,0.9980766079399049,0.998213979074217,0.9982158128306458,1.000058656839282,-0.00013737113431211423
61021.61947686351,0.9983034360403089,0.9982950665472481,0.9982969733029223,1.0000593735776317,8.369493060822464e-06
61021.61956061325,0.9984834545592575,0.9983755968895368,0.9983775744875653,1.0000600920803062,0.0001078576697206568
61021.619644363,0.9989213989456819,0.9984555054039835,0.9984575516961629,1.0000608123475219,0.00046589354169834785
61021.61972811275,1.0003650422291779,0.9985347266231086,0.9985368394499762,1.0000615343792474,0.0018303156060692771
61021.619811862496,0.9987546135316175,0.9986131941563028,0.9986153713262227,1.0000622581754488,0.00014141937531475524
61021.61989561224,0.998396711340952,0.9986908405076672,0.9986930797742466,1.000062983736219,-0.00029412916671522904
61021.61997936199,0.9990094810013218,0.9987675968480423,0.9987698958863108,1.0000637110616502,0.00024188415327952573
61021.62006311173,0.9993724555810815,0.9988433927599526,0.9988457491400726,1.0000644401516467,0.0005290628211288562
61021.620146861474,0.9991910228875118,0.9989181560147972,0.9989205671734805,1.0000651710063004,0.00027286687271466104
61021.620230611225,1.0005832853939818,0.99899181225692,0.9989942754655325,1.0000659036257042,0.0015914731370617607
61021.620314360975,0.9995755854976183,0.9990642846550714,0.9990667969840656,1.000066638009824,0.0005113008425469134
61021.62039811072,0.9984348787642912,0.9991354935297334,0.9991380518084436,1.0000673741586248,-0.0007006147654422534
61021.62048186047,0.9994239097845276,0.9992053559239485,0.9992079566942064,1.0000681120722636,0.00021855386057900716
61021.62056561022,1.0000393149027365,0.9992737850409416,0.9992764245040316,1.0000688517507053,0.0007655298617949002
61021.62064935996,0.9984424987474858,0.9993406896410897,0.9993433635951352,1.0000695931939139,-0.0008981908936038785
61021.6207331097,0.9999042450395098,0.9994059733063426,0.99940867707255,1.000070336401982,0.0004982717331671882
61021.62081685945,0.9991359513557573,0.9994695335201336,0.9994722618540162,1.0000710813750033,-0.0003335821643762893
61021.620900609196,0.9998045520777105,0.9995312605326557,0.9995340075162468,1.0000718281128766,0.0002732915450547324
61021.62098435894,0.9991386229009539,0.9995910359935537,0.9995937949017863,1.0000725766156946,-0.00045241309259980156
61021.62106810869,0.99914986788685,0.9996487311502988,0.9996514942827702,1.0000733268835509,-0.0004988632634488344
61021.62115185844,0.9990454539635171,0.9997042045203604,0.9997069629847438,1.0000740789164082,-0.0006587505568432794
61021.62123560818,0.9998527673039767,0.999757298818992,0.9997600422459737,1.0000748327142288,9.546848498465099e-05
61021.62131935793,0.9987715815973957,0.9998078367602004,0.9998105529161654,1.000075588277172,-0.0010362551628047
61021.62140310768,0.9998406040887323,0.9998556150834368,0.9998582893267978,1.000076345605199,-1.5010994704467429e-05
61021.621486857424,1.0002766258593956,0.999900395835407,0.9999030103184376,1.0000771046982724,0.0003762300239885663
61021.62157060717,0.9991025596843288,0.9999418928865715,0.9999444253175312,1.0000778655564848,-0.0008393332022427202
61021.62165435692,0.9999126353430706,0.9999797496675696,0.9999821712424547,1.0000786281799297,-6.7114324499018e-05
61021.62173810666,0.9994934181891388,1.000013498986492,1.000015770554999,1.000079392568502,-0.0005200807973531063
61021.6218218564,1.0003888801493825,1.0000424802290269,1.0000445439618229,1.0000801587222947,0.0003463999203556778
61021.62190560615,0.9996775108600187,1.0000656262136776,1.000067381585512,1.000080926641402,-0.00038811535365890215
61021.6219893559,0.9994926702374232,1.0000805458829873,1.00008169634734,1.000081696325784,-0.0005878756455641732
61021.62207310565,1.0006133113671158,1.0000824677754672,1.00008319129462,1.0000824677754672,0.0005308435916486776
61021.622156855396,0.9998435067762994,1.0000832409904115,1.000083967407081,1.0000832409904115,-0.00023973421411205287
61021.622240605146,1.000127766201247,1.0000840159707771,1.0000847452894752,1.0000840159707771,4.3750230469985496e-05
61021.62232435489,1.0000329455760315,1.0000847927164562,1.0000855249416951,1.0000847927164562,-5.184714042472116e-05
61021.62240810463,1.0006384776604216,1.0000855712275427,1.000086306363835,1.0000855712275427,0.0005529064328788635
61021.62249185438,1.0000686679093584,1.0000863515041296,1.0000870895559912,1.0000863515041296,-1.768359477116732e-05
61021.622575604124,1.0005231567093267,1.0000871335461081,1.0000878745180541,1.0000871335461081,0.0004360231632185574
61021.622659353874,1.001340113537986,1.0000879173536403,1.0000886612501871,1.0000879173536403,0.0012521961843456886
61021.62274310362,0.9995865350460076,1.000088702926615,1.0000894497522812,1.000088702926615,-0.0005021678806074181
61021.62282685337,0.9998924012436102,1.0000894902651953,1.0000902400244995,1.0000894902651953,-0.00019708902158510622
61021.62291060312,1.0009684488590866,1.0000902793693385,1.0000910320668008,1.0000902793693385,0.0008781694897481707
61021.62299435286,1.0005182817026212,1.000091070239001,1.0000918258791422,1.000091070239001,0.00042721146362034723
61021.62307810261,1.0000078037070403,1.0000918628743458,1.000092621461689,1.0000918628743458,-8.405916730547247e-05
61021.62316185235,1.0012502225870386,1.0000926572752606,1.0000934188143284,1.0000926572752606,0.0011575653117779083
61021.623245602095,0.9993038509453979,1.0000934534418393,1.0000942179371566,1.0000934534418393,-0.0007896024964414439
61021.62332935184,1.0011137692703167,1.0000942513741073,1.0000950188301994,1.0000942513741073,0.0010195178962093543
61021.62341310159,1.0011446918153584,1.000095051072159,1.0000958214935525,1.000095051072159,0.0010496407431994648
61021.62349685134,1.0004272208977036,1.0000958525359496,1.0000966259271724,1.0000958525359496,0.0003313683617540697
61021.62358060108,1.0008098761921866,1.0000966557654347,1.0000974321310152,1.0000966557654347,0.000713220426751926
61021.62366435083,0.9993650641456875,1.0000974607607782,1.0000982401052465,1.0000974607607782,-0.0007323966150907246
61021.62374810058,1.001262804753612,1.0000982675219354,1.0000990498498223,1.0000982675219354,0.0011645372316766434
61021.623831850324,0.9995119242763536,1.00009907604886,1.0000998613646972,1.00009907604886,-0.0005871517725063446
61021.623915600074,1.0014158408175011,1.000099886341717,1.0001006746500383,1.000099886341717,0.0013159544757841424
61021.62399934982,0.9997024597115532,1.0001006984003906,1.0001014897057285,1.0001006984003906,-0.00039823868883737124
61021.62408309956,1.0018192861591497,1.000101512224974,1.0001023065318644,1.000101512224974,0.0017177739341758258
61021.6241668493,0.9993245969616523,1.0001023278154924,1.0001031251284713,1.0001023278154924,-0.0007777308538400307
61021.62425059905,1.002020515244542,1.0001031451720404,1.000103945495645,1.0001031451720404,0.0019173700725017007
61021.6243343488,1.0010134322901094,1.000103964294571,1.00010476763334,1.000103964294571,0.0009094679955383711
61021.624418098545,1.0006422674326967,1.0001047851830371,1.0001055915415091,1.0001047851830371,0.0005374822496595488
61021.6245018483,1.0004377956108061,1.0001056078376762,1.000106417220392,1.0001056078376762,0.00033218777312993275
61021.624585598045,1.0010278749439467,1.000106432258226,1.0001072446697266,1.000106432258226,0.000921442685720697
61021.62466934779,1.0011806921496147,1.0001072584448532,1.0001080738896806,1.0001072584448532,0.0010734337047615394
61021.62475309753,1.001596126462177,1.0001080863975806,1.000108904880278,1.0001080863975806,0.001488040064596463
61021.62483684728,1.0007414649252397,1.0001089161165044,1.0001097376416166,1.0001089161165044,0.0006325488087353115
61021.62492059702,1.0011959558416472,1.000109747601503,1.0001105721735752,1.000109747601503,0.0010862082401441597
61021.625004346766,1.0002734012842525,1.0001105808526718,1.00011140847625,1.0001105808526718,0.00016282043158066806
61021.62508809652,0.9990853559853777,1.000111415870179,1.0001122465498113,1.000111415870179,-0.0010260598848012004
61021.625171846266,1.001035676161739,1.0001122526537571,1.0001130863939918,1.0001122526537571,0.0009234235079818021
61021.62525559601,0.9995368091171924,1.0001130912035745,1.0001139280089602,1.0001130912035745,-0.0005762820863820517
61021.62533934576,1.000681984298105,1.0001139315197267,1.000114771394814,1.0001139315197267,0.0005680527783782363
61021.62542309551,1.0014419398300867,1.0001147736021634,1.000115616551504,1.0001147736021634,0.001327166227923282
61021.62550684525,1.0003554021294432,1.0001156174508337,1.0001164634789796,1.0001156174508337,0.00023978467860952257
61021.625590594995,0.9994583959099075,1.0001164630658335,1.000117312177338,1.0001164630658335,-0.0006580671559259788
61021.625674344745,1.0000922457352683,1.0001173104472587,1.0001181626466762,1.0001173104472587,-2.5064711990374633e-05
61021.62575809449,0.9994304995037003,1.000118159594984,1.00011901488687,1.000118159594984,-0.0006876600912836262
61021.62584184423,1.001155932830426,1.0001190105091058,1.0001198688980157,1.0001190105091058,0.0010369223213202439
61021.62592559398,0.9995360400080685,1.00011986318972,1.0001207246802117,1.00011986318972,-0.0005838231816513995
61021.62600934373,1.000670288191146,1.0001207176367743,1.0001215822334062,1.0001207176367743,0.0005495705543716589
61021.62609309347,1.000035227094491,1.0001215738502165,1.0001224415575476,1.0001215738502165,-8.63467557254971e-05
61021.62617684322,1.0004168394570316,1.0001224318302178,1.0001233026528078,1.0001224318302178,0.0002944076268138751
61021.626260592966,1.001368802545671,1.0001232915766496,1.00012416551906,1.0001232915766496,0.0012455109690214794
61021.626344342716,1.0005195175655106,1.000124153089684,1.0001250301564768,1.000124153089684,0.000395364475826554
61021.62642809246,1.0012668656705805,1.0001250163691924,1.0001258965649304,1.0001250163691924,0.0011418493013881648
61021.6265118422,1.0012240981719178,1.000125881415271,1.000126764744518,1.000125881415271,0.001098216756646897
61021.62659559195,1.0006037858430907,1.0001267482280167,1.0001276346953378,1.0001267482280167,0.0004770376150740052
61021.626679341694,1.0014583808234772,1.0001276168073,1.0001285064172607,1.0001276168073,0.001330764016177266
61021.626763091444,1.0007089698984526,1.0001284871532927,1.0001293799104607,1.0001284871532927,0.0005804827451598715
61021.62684684119,1.0008630957616633,1.0001293592658655,1.0001302551748075,1.0001293592658655,0.0007337364957977766
61021.626930590945,1.000837146891177,1.0001302331452662,1.0001311322105517,1.0001302331452662,0.0007069137459108088
61021.62701434069,1.0003543589218156,1.0001311087912126,1.0001320110174101,1.0001311087912126,0.00022325013060298105
61021.62709809043,0.9997596827603876,1.0001319862038769,1.0001328915955572,1.0001319862038769,-0.0003723034434892636
61021.62718184018,1.0003452075107808,1.000132865383356,1.000133773945091,1.000132865383356,0.00021234212742471392
61021.62726558992,1.0008293573500913,1.0001337463295183,1.00013465806588,1.0001337463295183,0.0006956110205729171
61021.627349339666,1.0005399853708108,1.0001346290424606,1.000135543958022,1.0001346290424606,0.00040535632835014823
61021.62743308941,1.000564719323818,1.0001355135222034,1.0001364316215386,1.0001355135222034,0.0004292058016146516
61021.627516839166,1.000154118808781,1.000136399768921,1.000137321056606,1.000136399768921,1.7719039860031316e-05
61021.62760058891,1.0013953488000122,1.000137287782326,1.000138212262936,1.000137287782326,0.0012580610176862184
61021.62768433865,1.0008873308400978,1.0001381775625924,1.0001391052407043,1.0001381775625924,0.0007491532775054655
61021.6277680884,1.0005168689726545,1.000139069109818,1.0001399999900098,1.000139069109818,0.0003777998628364809
61021.62785183815,1.0007238561204272,1.0001399624239453,1.0001408965107959,1.0001399624239453,0.0005838936964819297
61021.627935587894,1.0003563630787982,1.0001408575049169,1.0001417948030051,1.0001408575049169,0.00021550557388128055
61021.62801933764,0.9999098704802872,1.00014175435283,1.0001426948667365,1.00014175435283,-0.00023188387254269305
61021.62810308739,1.0006461475747686,1.0001426529677824,1.000143596702089,1.0001426529677824,0.0005034946069861768
61021.62818683713,1.0003978564214966,1.0001435533496381,1.0001445003089267,1.0001435533496381,0.0002543030718584749
61021.62827058687,1.0005490757974633,1.0001444554984944,1.000145405687348,1.0001444554984944,0.00040462029896892737
61021.62835433662,0.9999322073592586,1.0001453594144496,1.0001463128374528,1.0001453594144496,-0.00021315205519101266
61021.62843808637,1.0007255965060657,1.000146265097445,1.0001472217591822,1.000146265097445,0.0005793314086206536
61021.628521836115,1.0010789642946947,1.0001471725474207,1.000148132452478,1.0001471725474207,0.0009317917472739801
61021.628605585865,1.0007754958636497,1.0001480817645545,1.0001490449175183,1.0001480817645545,0.0006274140990951693
61021.62868933561,1.0015515839187736,1.000148992748707,1.0001499591541647,1.000148992748707,0.0014025911700665805
61021.62877308536,1.0008642987465506,1.000149905500056,1.000150875162596,1.000149905500056,0.0007143932464945824
61021.6288568351,1.0003364715608414,1.000150820018462,1.0001517929426733,1.000150820018462,0.00018565154237948356
61021.628940584844,1.0015779464939087,1.0001517363040227,1.0001527124944958,1.0001517363040227,0.0014262101898860902
61021.62902433459,1.000349992188431,1.0001526543567576,1.000153633818083,1.0001526543567576,0.00019733783167330543
61021.62910808434,1.0000523986088663,1.0001535741767658,1.0001545569135353,1.0001535741767658,-0.00010117556789945858
61021.62919183409,1.0002806814916265,1.0001544957639854,1.0001554817807923,1.0001544957639854,0.0001261857276411149
61021.62927558383,1.000057541693781,1.0001554191183557,1.0001564084197931,1.0001554191183557,-9.787742457478821e-05
61021.62935933359,1.0004012336170767,1.0001563442401358,1.0001573368307983,1.0001563442401358,0.0002448893769408933
61021.62944308333,1.000829425180189,1.000157271129023,1.0001582670135054,1.000157271129023,0.0006721540511660518
61021.62952683307,1.0004869592455918,1.0001581997851963,1.0001591989680947,1.0001581997851963,0.0003287594603955668
61021.629610582815,1.0000905326159755,1.0001591302086736,1.000160132694585,1.0001591302086736,-6.85975926981719e-05
61021.629694332565,1.0003596559197894,1.0001600623995552,1.000161068193077,1.0001600623995552,0.00019959352023413146
61021.62977808231,1.0003135688362743,1.0001609963576967,1.0001620054634275,1.0001609963576967,0.00015257247857758394
61021.62986183205,1.0011928382971753,1.0001619320831974,1.0001629445057367,1.0001619320831974,0.0010309062139779446
61021.6299455818,1.0009619688382585,1.000162869576157,1.000163885320105,1.000162869576157,0.0007990992621014215
61021.63002933155,1.000207266420977,1.000163808836512,1.0001648279064694,1.000163808836512,4.345758446500092e-05
61021.63011308129,0.9990357236186144,1.0001647498641986,1.0001657722647677,1.0001647498641986,-0.001129026245584197
61021.63019683104,1.001387179919149,1.0001656926593985,1.0001667183951817,1.0001656926593985,0.0012214872597504645
61021.630280580786,0.9997896099538632,1.0001666372219653,1.0001676662975658,1.0001666372219653,-0.0003770272681020703
61021.63036433054,0.9996331605321617,1.0001675835520811,1.0001686159721035,1.0001675835520811,-0.0005344230199194611
61021.63044808028,1.000338362750976,1.0001685316495992,1.0001695674186482,1.0001685316495992,0.00016983110137691604
61021.63053183002,0.9997248623294831,1.0001694815146185,1.0001705206373002,1.0001694815146185,-0.00044461918513538645
61021.630615579765,1.0001801445017375,1.0001704331471577,1.0001714756280786,1.0001704331471577,9.711354579833298e-06
61021.630699329515,1.000098971011953,1.000171386547316,1.0001724323910839,1.000171386547316,-7.241553536307954e-05
61021.630783079265,1.0016930177512045,1.0001723417150292,1.0001733909262525,1.0001723417150292,0.001520676036175228
61021.63086682901,1.0005750116989969,1.000173298650231,1.000174351233518,1.000173298650231,0.00040171304876590597
61021.63095057875,0.999490981059331,1.000174257353021,1.0001753133129818,1.000174257353021,-0.0006832762936900272
61021.63103432851,1.0001636546414874,1.000175217823584,1.00017627716483,1.000175217823584,-1.1563182096718805e-05
61021.63111807825,1.0012730131026406,1.000176180061603,1.0001772427887448,1.000176180061603,0.0010968330410376925
61021.63120182799,1.000608783053225,1.0001771440672618,1.0001782101849117,1.0001771440672618,0.00043163898596332295
61021.63128557774,1.0003998094911841,1.0001781098406615,1.000179179353433,1.0001781098406615,0.0002216996505226554
61021.631369327486,1.0007936463868374,1.0001790773816506,1.000180150294157,1.0001790773816506,0.0006145690051868602
61021.63145307723,1.0005051200498902,1.0001800466903303,1.0001811230071862,1.0001800466903303,0.0003250733595598909
61021.63153682697,1.0004280559535481,1.0001810177667174,1.000182097492538,1.0001810177667174,0.0002470381868306948
61021.63162057673,1.0013173619898623,1.000181990610997,1.0001830737503992,1.000181990610997,0.0011353713788653241
61021.63170432647,1.0002471031610345,1.0001829652228482,1.0001840517804481,1.0001829652228482,6.413793818627056e-05
61021.63178807622,1.000452081860339,1.000183941602541,1.0001850315829568,1.000183941602541,0.00026814025779797745
61021.631871825964,1.0004369916190792,1.0001849197499229,1.000186013157772,1.0001849197499229,0.00025207186915632285
61021.631955575715,1.000379038261093,1.0001858996651793,1.0001869965050816,1.0001858996651793,0.00019313859591374438
61021.63203932546,1.0004227148560896,1.0001868813481565,1.0001879816247317,1.0001868813481565,0.0002358335079331031
61021.6321230752,1.0008482765910949,1.0001878647989562,1.0001889685168246,1.0001878647989562,0.0006604117921387154
61021.63220682494,1.0005798843198985,1.000188850017594,1.0001899571813775,1.000188850017594,0.0003910343023045826
61021.63229057469,1.0017472838094983,1.0001898370041722,1.0001909476184931,1.0001898370041722,0.0015574468053261015
61021.63237432444,1.0012215511539433,1.0001908257586214,1.0001919398281025,1.0001908257586214,0.0010307253953218964
61021.632458074186,1.0013828871353925,1.000191816280871,1.0001929338101359,1.000191816280871,0.0011910708545215254
61021.63254182393,1.0003105683219837,1.0001928085710234,1.000193929564696,1.0001928085710234,0.00011775975096028901
61021.632625573686,1.0003118990638922,1.0001938026292665,1.000194927091973,1.0001938026292665,0.00011809643462568076
61021.63270932343,0.9992705224432478,1.0001947984552713,1.000195926391637,1.0001947984552713,-0.000924276012023495
61021.63279307317,1.0002942148679959,1.000195796049226,1.0001969274638771,1.000195796049226,9.841881876981873e-05
61021.632876822914,1.0008683804871714,1.000196795411146,1.0001979303087098,1.000196795411146,0.0006715850760254938
61021.632960572664,1.0005687266755892,1.0001977965411337,1.0001989349262392,1.0001977965411337,0.0003709301344554383
61021.63304432241,1.0004895904976119,1.0001987994390313,1.0001999413163065,1.0001987994390313,0.00029079105858054177
61021.63312807215,0.9998042072787064,1.0001998041049407,1.0002009494790152,1.0001998041049407,-0.00039559682623424575
61021.6332118219,1.0007783131329073,1.0002008105389648,1.0002019594144693,1.0002008105389648,0.0005775025939425138
61021.63329557165,0.99961190510992,1.0002018187410322,1.0002029711225973,1.0002018187410322,-0.00058991363111216
61021.63337932139,1.0000886591967553,1.0002028287110698,1.0002039846033273,1.0002028287110698,-0.0001141695143145327
61021.63346307114,1.0000246560284032,1.0002038404492684,1.0002049998568507,1.0002038404492684,-0.00017918442086517494
61021.633546820885,1.0005911352877035,1.0002048539554675,1.0002060168830074,1.0002048539554675,0.0003862813322359493
61021.633630570635,1.0008199758486076,1.000205869229858,1.0002070356819899,1.000205869229858,0.0006141066187494992
61021.63371432038,1.0000795563330565,1.000206886272279,1.0002080562536368,1.000206886272279,-0.00012732993922259794
61021.63379807012,1.0002902960593085,1.000207905082833,1.0002090785980522,1.000207905082833,8.239097647555482e-05
61021.633881819864,1.0010964591183373,1.0002089256615354,1.0002101027152515,1.0002089256615354,0.0008875334568019255
61021.63396556962,1.0007297354826699,1.0002099480085782,1.0002111286054287,1.0002099480085782,0.0005197874740916486
61021.634049319364,1.0010000320070642,1.0002109721236214,1.0002121562682431,1.0002109721236214,0.0007890598834427998
61021.63413306911,0.9998189039430566,1.0002119980068571,1.0002131857038878,1.0002119980068571,-0.00039309406380050316
61021.63421681886,1.000763959433191,1.0002130256583892,1.0002142169124681,1.0002130256583892,0.000550933774801754
61021.6343005686,1.0006505743441991,1.0002140550780536,1.0002152498938197,1.0002140550780536,0.0004365192661455186
61021.63438431835,1.0006019191020676,1.0002150862660437,1.0002162846481377,1.0002150862660437,0.0003868328360239204
61021.63446806809,1.0005135745572729,1.000216119222195,1.000217321175257,1.000216119222195,0.0002974553350778564
61021.634551817835,1.0001331827507085,1.0002171539466114,1.000218359475283,1.0002171539466114,-8.39711959028655e-05
61021.63463556758,1.0013380886866903,1.0002181904393073,1.0002193995482305,1.0002181904393073,0.001119898247383011
61021.63471931733,0.9993795986522879,1.0002192287003868,1.0002204413942049,1.0002192287003868,-0.0008396300480989494
61021.63480306708,1.0003617322228968,1.0002202687297745,1.000221485013131,1.0002202687297745,0.00014146349312227358
61021.63488681682,1.001311091943131,1.000221310527394,1.0002225304049326,1.000221310527394,0.0010897814157369012
61021.63497056656,1.000607058010451,1.0002223540933495,1.000223577569715,1.0002223540933495,0.0003847039171014366
61021.63505431632,1.0000889780315603,1.000223399427837,1.0002246265076757,1.000223399427837,-0.0001344213962766183
61021.63513806606,1.001702347801164,1.000224446530507,1.0002256772184646,1.000224446530507,0.001477901270656945
61021.635221815806,1.0000930325524702,1.0002254954015553,1.0002267297022782,1.0002254954015553,-0.00013246284908507988
61021.63530556555,0.9998597534654209,1.0002265460409954,1.0002277839591314,1.0002265460409954,-0.00036679257557448164
61021.6353893153,1.000300099029824,1.0002275984489326,1.0002288399891301,1.0002275984489326,7.250058089147693e-05
61021.63547306504,0.9998387023579158,1.0002286526251982,1.0002298977921056,1.0002286526251982,-0.0003899502672823907
61021.635556814785,1.001244054201315,1.0002297085698968,1.0002309573681638,1.0002297085698968,0.001014345631418223
61021.635640564535,1.0009745980670215,1.000230766283134,1.0002320187174112,1.000230766283134,0.0007438317838874831
61021.635724314285,1.0012726434915908,1.0002318257648326,1.0002330818397702,1.0002318257648326,0.0010408177267582364
61021.63580806403,1.00114006500305,1.0002328870149126,1.000234146735162,1.0002328870149126,0.000907177988137331
61021.63589181378,1.0002259271554226,1.0002339500335726,1.0002352134037862,1.0002339500335726,-8.022878150049095e-06
61021.63597556352,1.0012554130100024,1.0002350148206411,1.0002362818454713,1.0002350148206411,0.0010203981893612823
61021.63605931326,1.0011066846118466,1.0002360813762237,1.000237352060324,1.0002360813762237,0.0008706032356229354
61021.63614306301,1.0014414676092702,1.0002371497004268,1.0002384240484514,1.0002371497004268,0.0012043179088434552
61021.636226812756,1.0007874592717594,1.0002382197930777,1.0002394978096811,1.0002382197930777,0.0005492394786816845
61021.6363105625,1.000853332259334,1.000239291654283,1.00024057334412,1.000239291654283,0.0006140406050509917
61021.63639431225,1.0004694728683934,1.0002403652841485,1.0002416506518756,1.0002403652841485,0.00022910758424488087
61021.636478062,1.0008944655789644,1.0002414406825944,1.0002427297328682,1.0002414406825944,0.0006530248963700913
61021.63656181174,1.0007519077253637,1.00024251784954,1.0002438105870175,1.00024251784954,0.0005093898758237181
61021.63664556149,1.001949255784044,1.0002435967851857,1.0002448932145247,1.0002435967851857,0.0017056589988582171
61021.636729311234,0.9993317903501492,1.0002446774893567,1.0002459776152157,1.0002446774893567,-0.0009128871392075633
61021.636813060984,1.000083944815189,1.000245759962254,1.000247063789292,1.000245759962254,-0.0001618151470650364
61021.63689681073,0.9990241242920076,1.000246844203702,1.0002481517365782,1.000246844203702,-0.0012227199116944254
61021.63698056047,1.0005332768858837,1.0002479302138076,1.0002492414571826,1.0002479302138076,0.0002853466720760256
61021.63706431021,0.9999071365239869,1.0002490179925836,1.000250332951118,1.0002490179925836,-0.0003418814685967053
61021.637148059956,1.000853424774433,1.000250107540042,1.000251426218398,1.000250107540042,0.0006033172343908877
61021.63723180971,1.0007599349885512,1.0002511988563862,1.0002525212592255,1.0002511988563862,0.0005087361321649553
61021.637315559456,1.0000354983733653,1.000252291941249,1.0002536180732342,1.000252291941249,-0.00021679356788384396
61021.6373993092,1.0011771242895404,1.000253386794832,1.0002547166606266,1.000253386794832,0.0009237374947084209
61021.63748305895,1.0000678844195163,1.0002544834172435,1.000255817021512,1.0002544834172435,-0.00018659899772721644
61021.6375668087,1.0015130897719615,1.000255581808401,1.0002569191558073,1.000255581808401,0.0012575079635606112
61021.63765055844,1.0010615709693427,1.0002566819682206,1.0002580230634297,1.0002566819682206,0.0008048890011220777
61021.637734308184,1.0006451246734578,1.0002577838968103,1.0002591287444882,1.0002577838968103,0.00038734077664748234
61021.63781805793,0.9994383375504431,1.0002588875941825,1.0002602361989952,1.0002588875941825,-0.0008205500437393765
61021.63790180768,1.0003420992196983,1.000259993060445,1.0002613454270601,1.000259993060445,8.210615925330345e-05
61021.63798555742,1.0012378873471115,1.0002611002954185,1.000262456428503,1.0002611002954185,0.0009767870516930177
61021.63806930717,1.000872151816859,1.0002622092993068,1.0002635692035293,1.0002622092993068,0.0006099425175523088
61021.63815305691,0.9999659813670828,1.0002633200719298,1.0002646837519584,1.0002633200719298,-0.0002973387048469389
61021.638236806655,1.0004642826349421,1.0002644326133954,1.0002658000738998,1.0002644326133954,0.0001998500215467658
61021.63832055641,0.9990056497002584,1.00026554692391,1.0002669181695603,1.00026554692391,-0.001259897223651496
61021.638404306155,1.001683735758746,1.000266663003097,1.0002680380385636,1.000266663003097,0.0014170727556490625
61021.6384880559,1.0008549253341708,1.0002677808511629,1.0002691596811162,1.0002677808511629,0.0005871444830078953
61021.63857180564,1.001174896518474,1.000268900468119,1.0002702830972308,1.000268900468119,0.000905996050355018
61021.63865555539,1.0004256874755657,1.0002700218540743,1.0002714082870177,1.0002700218540743,0.0001556656214913854
61021.638739305134,1.0005073236660953,1.0002711450088462,1.000272535250293,1.0002711450088462,0.0002361786572491198
61021.638823054884,1.0003799463512904,1.0002722699326412,1.0002736639872651,1.0002722699326412,0.00010767641864917188
61021.63890680463,0.9994602435990997,1.0002733966252755,1.0002747944977504,1.0002733966252755,-0.0008131530261757947
61021.63899055437,0.9998656640790259,1.0002745250868583,1.0002759267818584,1.0002745250868583,-0.0004088610078324395
61021.63907430413,1.0002336941690195,1.0002756553175975,1.0002770608397988,1.0002756553175975,-4.1961148578018026e-05
61021.63915805387,0.999947779041705,1.0002767873171121,1.0002781966711896,1.0002767873171121,-0.00032900827540716104
61021.63924180361,0.9996160026353351,1.0002779210856092,1.0002793342762388,1.0002779210856092,-0.0006619184502740794
61021.639325553355,1.0010125439342499,1.0002790566231008,1.0002804736549593,1.0002790566231008,0.0007334873111490836
61021.639409303105,1.0005494678291404,1.0002801939296968,1.0002816148074618,1.0002801939296968,0.000269273899443645
61021.63949305285,1.0006603148589335,1.0002813330052107,1.0002827577335598,1.0002813330052107,0.0003789818537227596
61021.63957680259,0.999661725533961,1.0002824738497529,1.0002839024333647,1.0002824738497529,-0.0006207483157918414
61021.63966055234,1.001285465388245,1.0002836164634334,1.000285048906987,1.0002836164634334,0.001001848924811588
61021.63974430208,1.0008238310075706,1.0002847608460654,1.0002861971542398,1.0002847608460654,0.0005390701615051174
61021.63982805183,0.9996649084074986,1.0002859069978582,1.000287347175334,1.0002859069978582,-0.0006209985903596893
61021.63991180158,1.000095756887677,1.0002870549187237,1.0002884989701817,1.0002870549187237,-0.00019129803104678267
61021.639995551326,1.0023169066818625,1.0002882046085728,1.0002896525386937,1.0002882046085728,0.0020287020732896455
61021.64007930107,1.0008904143425439,1.0002893560675166,1.000290807880982,1.0002893560675166,0.0006010582750273219
61021.64016305081,1.0005505571969333,1.0002905092955656,1.0002919649970576,1.0002905092955656,0.0002600479013676882
61021.64024680056,0.9992893465658901,1.0002916642928312,1.000293123887033,1.0002916642928312,-0.0010023177269411487
61021.640330550304,1.0003349988697208,1.0002928210591233,1.0002942845507183,1.0002928210591233,4.2177810597454624e-05
61021.64041430005,1.0007298680269323,1.0002939795945534,1.000295446988225,1.0002939795945534,0.00043588843237896135
61021.6404980498,1.0000685448605053,1.0002951398992326,1.0002966111996656,1.0002951398992326,-0.00022659503872723974
61021.64058179955,1.0008027381215128,1.000296301973071,1.0002977771849508,1.000296301973071,0.0005064361484417024
61021.6406655493,1.000664097863893,1.0002974658160797,1.0002989449440916,1.0002974658160797,0.00036663204781328673
61021.64074929904,1.0000430127817574,1.0002986314281679,1.000300114476997,1.0002986314281679,-0.0002556186464104382
61021.64083304878,1.0005769438315915,1.0002997988094466,1.00030128578378,1.0002997988094466,0.0002771450221448202
61021.640916798526,1.0005844659717653,1.0003009679599266,1.0003024588644513,1.0003009679599266,0.00028349801183868983
61021.641000548276,1.0000430219706657,1.0003021388797206,1.000303633719124,1.0003021388797206,-0.0002591169090548906
61021.64108429802,1.000774706127628,1.000303311568635,1.0003048103476053,1.000303311568635,0.0004713945589929214
61021.64116804776,1.0000412194236994,1.000304486026782,1.0003059887500076,1.000304486026782,-0.0002632666030826236
61021.64125179751,1.000645032503069,1.0003056622542743,1.0003071689264447,1.0003056622542743,0.00033937024879460154
61021.641335547254,1.0008106803863872,1.0003068402509177,1.000308350876722,1.0003068402509177,0.0005038401354695576
61021.641419297004,0.9997148958909483,1.000308020016927,1.000309534601056,1.000308020016927,-0.0005931241259786724
61021.641503046754,1.0009811023316353,1.0003092015522101,1.0003107200993548,1.0003092015522101,0.0006719007794251386
61021.6415867965,1.0009146686630563,1.0003103848566748,1.0003119073715254,1.0003103848566748,0.0006042838063815559
61021.64167054624,1.0004097334979478,1.0003115699304335,1.0003130964176818,1.0003115699304335,9.816356751435329e-05
61021.64175429599,1.0009271432203712,1.0003127567735992,1.0003142872379378,1.0003127567735992,0.0006143864467720306
61021.64183804573,0.999941165409494,1.000313945385976,1.000315479832097,1.000313945385976,-0.0003727799764819961
61021.641921795475,1.0007297468659373,1.0003151357676765,1.0003166742002736,1.0003151357676765,0.00041461109826079756
61021.64200554522,1.0001530269261967,1.000316327918711,1.0003178703424782,1.000316327918711,-0.00016330099251438135
61021.64208929497,0.9998162193271838,1.0003175218391935,1.0003190682588246,1.0003175218391935,-0.0005013025120097492
61021.64217304472,0.999766699011331,1.00031871752903,1.0003202679492198,1.00031871752903,-0.0005520185176990378
61021.64225679446,1.001078848138923,1.0003199149881261,1.0003214694135696,1.0003199149881261,0.0007589331507968922
61021.64234054421,1.000808913944874,1.0003211142167,1.0003226726520933,1.0003211142167,0.00048779972817403205
61021.642424293954,1.0003197816242546,1.0003223152145526,1.0003238776645913,1.0003223152145526,-2.5335902980039293e-06
61021.6425080437,1.0010906366819916,1.0003235179817982,1.0003250844511793,1.0003235179817982,0.0007671187001934143
61021.64259179345,1.0002329492048732,1.000324722518551,1.0003262930119718,1.000324722518551,-9.177331367782315e-05
61021.64267554319,0.9991651321118139,1.0003259288246114,1.0003275033467691,1.0003259288246114,-0.0011607967127974517
61021.64275929293,1.0008350885258734,1.0003271369000932,1.0003287154556864,1.0003271369000932,0.0005079516257802119
61021.642843042675,1.0005456485769155,1.0003283467450066,1.0003299293387335,1.0003283467450066,0.0002173018319089337
61021.642926792425,1.000215950885761,1.0003295583594656,1.0003311449960257,1.0003295583594656,-0.0001136074737044801
61021.643010542175,1.0005038910903041,1.0003307717433751,1.0003323624274683,1.0003307717433751,0.0001731193469289849
61021.643094291925,0.9996702039863637,1.0003319868967449,1.000333581633071,1.0003319868967449,-0.0006617829103811035
61021.64317804167,1.0003831262249645,1.0003332038194779,1.0003348026127372,1.0003332038194779,4.99224054866243e-05
61021.64326179141,1.0016294826143655,1.0003344225116895,1.000336025366583,1.0003344225116895,0.0012950601026759934
61021.64334554115,1.0003536688859713,1.0003356429733885,1.0003372498946177,1.0003356429733885,1.8025912582819714e-05
61021.6434292909,1.0006357770660705,1.0003368652046907,1.0003384761969578,1.0003368652046907,0.00029891186137986914
61021.643513040646,1.0008334226763116,1.0003380892053932,1.0003397042734004,1.0003380892053932,0.0004953334709183466
61021.64359679039,1.0006404611724022,1.0003393149756106,1.000340934124061,1.0003393149756106,0.00030114619679166843
61021.64368054014,1.0007129673581718,1.0003405425154597,1.0003421657490568,1.0003405425154597,0.00037242484271216014
61021.64376428988,1.0000212940348194,1.0003417718247356,1.0003433991481825,1.0003417718247356,-0.0003204777899161737
61021.64384803963,1.000499522551338,1.0003430029036613,1.0003446343216633,1.0003430029036613,0.00015651964767671167
61021.64393178938,0.9993943567140188,1.000344235752139,1.0003458712694007,1.000344235752139,-0.0009498790381202715
61021.644015539125,1.0006196127736542,1.0003454703700703,1.0003471099912966,1.0003454703700703,0.0002741424035839213
61021.64409928887,1.0002367735156348,1.0003467067575715,1.000348350487468,1.0003467067575715,-0.00010993324193675491
61021.64418303861,1.0002576460552866,1.000347944914651,1.000349592757924,1.000347944914651,-9.029885936451265e-05
61021.64426678836,0.9996445059617483,1.000349184841426,1.0003508368027825,1.000349184841426,-0.0007046788796778447
61021.6443505381,1.0004506266320645,1.00035042653769,1.0003520826218362,1.00035042653769,0.00010020009437461397
61021.644434287846,1.001757266636489,1.0003516700035588,1.000353330215203,1.0003516700035588,0.0014055966329300507
61021.644518037596,1.0003721562291141,1.0003529152391502,1.0003545795830002,1.0003529152391502,1.9240989963975608e-05
61021.64460178734,1.0003975559823113,1.000354162244256,1.00035583072502,1.000354162244256,4.3393738055286235e-05
61021.64468553709,1.0001872426337945,1.0003554110191017,1.0003570836414892,1.0003554110191017,-0.00016816838530719913
61021.64476928684,1.0003087105321824,1.0003566615635882,1.000358338332308,1.0003566615635882,-4.7951031405757405e-05
61021.64485303658,1.0012651411126003,1.0003579138776146,1.0003595947973765,1.0003579138776146,0.000907227234985708
61021.644936786324,1.0012938141328973,1.0003591679612984,1.0003608530368124,1.0003591679612984,0.0009346461715988852
61021.64502053607,1.000572001096714,1.0003604238146482,1.000362113050625,1.0003604238146482,0.000211577282065889
61021.64510428582,1.0015273612171665,1.0003616814377816,1.000363374838933,1.0003616814377816,0.001165679779384865
61021.64518803556,0.9996458849656382,1.000362940830489,1.0003646384015257,1.000362940830489,-0.0007170558648508241
61021.6452717853,1.0001708244558278,1.0003642019928878,1.0003659037385217,1.0003642019928878,-0.00019337753705994665
61021.64535553505,1.000190716032576,1.0003654649250961,1.0003671708500403,1.0003654649250961,-0.00017474889252011572
61021.645439284795,1.000835198859111,1.0003667296269032,1.0003684397358699,1.0003667296269032,0.00046846923220789094
61021.64552303455,1.0004208672322774,1.000367996098647,1.0003697103963503,1.000367996098647,5.287113363050544e-05
61021.645606784296,1.0004643751278688,1.0003692643398954,1.0003709828310487,1.0003692643398954,9.51107879734181e-05
61021.64569053404,1.0010000697876502,1.0003705343508775,1.0003722570401943,1.0003705343508775,0.000629535436772688
61021.64577428378,0.9996786960803838,1.0003718061316007,1.000373533023796,1.0003718061316007,-0.0006931100512168609
61021.645858033524,1.0014325252926655,1.0003730796820738,1.0003748107818624,1.0003730796820738,0.0010594456105916805
61021.64594178327,1.0002568438973938,1.0003743550023045,1.0003760903144021,1.0003743550023045,-0.00011751110491076133
61021.64602553302,1.0010074421675113,1.0003756320924124,1.000377371621535,1.0003756320924124,0.0006318100750988265
61021.64610928277,1.0003169450599128,1.0003769109522949,1.0003786547031586,1.0003769109522949,-5.996589238210781e-05
61021.64619303251,0.9994001559608499,1.0003781915818482,1.0003799395591693,1.0003781915818482,-0.0009780356209982966
61021.64627678225,0.999801557487591,1.000379473981192,1.0003812261896878,1.000379473981192,-0.0005779164936009495
61021.646360532,1.0005907460442578,1.0003807581504456,1.000382514594834,1.0003807581504456,0.0002099878938122135
61021.64644428175,1.0009701800647786,1.0003820440895057,1.0003838047745046,1.0003820440895057,0.0005881359752728521
61021.646528031495,1.0005357000745756,1.0003833317982682,1.0003850967285959,1.0003833317982682,0.0001523682763073797
61021.64661178124,0.9998610450567699,1.000384621276853,1.0003863904572279,1.000384621276853,-0.000523576220083144
61021.64669553098,1.0006620971220754,1.0003859125252677,1.000387685960409,1.0003859125252677,0.0002761845968077825
61021.64677928072,0.999650891807262,1.0003872055435203,1.0003889832381476,1.0003872055435203,-0.000736313736258376
61021.64686303047,1.0013890248174098,1.0003885003317314,1.000390282290565,1.0003885003317314,0.0010005244856783335
61021.64694678022,1.0001812057136816,1.0003897968897957,1.0003915831175565,1.0003897968897957,-0.00020859117611404798
61021.647030529966,0.9996841849020409,1.000391095217609,1.000392885719017,1.000391095217609,-0.0007069103155680212
61021.64711427971,1.0013943355050952,1.000392395315291,1.0003941900950675,1.000392395315291,0.0010019401898042624
61021.64719802946,1.0004781298882512,1.000393697182963,1.00039549624583,1.000393697182963,8.443270528823987e-05
61021.6472817792,0.9998489608856723,1.000395000820406,1.0003968041710853,1.000395000820406,-0.0005460399347337885
61021.64736552895,1.0002595723842527,1.0003963062278545,1.000398113871069,1.0003963062278545,-0.00013673384360179952
61021.647449278695,0.9999307733900196,1.0003976134050894,1.0003994253455608,1.0003976134050894,-0.00046684001506980266
61021.64753302844,1.0008047751917546,1.0003989223522312,1.0004007385946834,1.0003989223522312,0.0004058528395234351
61021.64761677818,1.0002927942405369,1.0004002330692874,1.0004020536184441,1.0004002330692874,-0.0001074388287505279
61021.64770052792,0.9992688590870362,1.0004015455562658,1.0004033704168507,1.0004015455562658,-0.0011326864692295935
61021.64778427768,0.9998261188040337,1.0004028598134023,1.0004046889901406,1.0004028598134023,-0.0005767410093685532
61021.64786802742,1.0000167211364495,1.0004041758402475,1.0004060093378635,1.0004041758402475,-0.00038745470379808467
61021.64795177717,1.0002039878826623,1.0004054936371516,1.0004073314603708,1.0004054936371516,-0.00020150575448929509
61021.648035526916,1.0006473411723473,1.0004068132038932,1.0004086553574407,1.0004068132038932,0.00024052796845408508
61021.64811927666,1.0001087532325894,1.000408134540594,1.0004099810291958,1.000408134540594,-0.00029938130800455376
61021.6482030264,1.000197604038303,1.0004094576472609,1.0004113084756439,1.0004094576472609,-0.0002118536089579237
61021.64828677615,1.000486065561605,1.000410782524017,1.0004126376969076,1.000410782524017,7.528303758808086e-05
61021.648370525894,1.000539207726909,1.0004121091706388,1.0004139686927642,1.0004121091706388,0.00012709855627024425
61021.64845427564,1.0002699243829343,1.000413437587249,1.0004153014633363,1.000413437587249,-0.00014351320431482684
61021.64853802539,1.000267261769938,1.00041476777397,1.000416636008748,1.00041476777397,-0.00014750600403212744
61021.64862177513,1.0007016950494108,1.0004160997305784,1.0004179723287747,1.0004160997305784,0.00028559531883232125
61021.64870552488,1.000962740483684,1.0004174334573124,1.000419310423656,1.0004174334573124,0.0005453070263716775
61021.64878927463,1.0005501958060634,1.0004187689540633,1.0004206502932835,1.0004187689540633,0.00013142685200007165
61021.64887302437,0.9999749800094687,1.0004201062207223,1.0004219919375477,1.0004201062207223,-0.0004451262112535881
61021.648956774116,1.0003666280494101,1.000421445257412,1.000423335356573,1.000421445257412,-5.481720800193379e-05
61021.64904052386,1.0001247583018091,1.0004227860641401,1.0004246805503663,1.0004227860641401,-0.00029802776233101014
61021.6491242736,1.0002908715850867,1.0004241286409128,1.000426027518935,1.0004241286409128,-0.00013325705582611924
61021.64920802335,1.0002006740238005,1.0004254729878541,1.0004273762624039,1.0004254729878541,-0.00022479896405358524
61021.649291773094,1.0005876230608732,1.0004268191047379,1.0004287267805456,1.0004268191047379,0.00016080395613538023
61021.649375522844,0.9999807673000829,1.0004281669918043,1.0004300790736025,1.0004281669918043,-0.00044739969172136185
61021.64945927259,1.0006222792307733,1.0004295166488264,1.0004314331413464,1.0004295166488264,0.00019276258194689255
61021.64954302233,0.9995880819626456,1.000430868075928,1.0004327889839022,1.000430868075928,-0.0008427861132823677
61021.64962677208,1.0004840586142685,1.0004322212732335,1.000434146601395,1.0004322212732335,5.183734103497706e-05
61021.64971052183,0.9999059325230506,1.0004335762406322,1.0004355059937144,1.0004335762406322,-0.0005276437175816273
61021.64979427157,0.9999997006277784,1.0004349329780131,1.0004368671607489,1.0004349329780131,-0.0004352323502346822
61021.649878021315,1.0004604445910188,1.0004362914855007,1.0004382301026238,1.0004362914855007,2.4153105518065487e-05
61021.64996177106,1.0002521634319084,1.0004376517631017,1.0004395948193463,1.0004376517631017,-0.00018548833119336194
61021.6500455208,1.000514268931917,1.0004390138108221,1.0004409613109233,1.0004390138108221,7.525512109496368e-05
61021.65012927054,1.0008241355741354,1.0004403776286694,1.0004423295773617,1.0004403776286694,0.00038375794546596786
61021.6502130203,1.001567859010601,1.0004417432168875,1.0004436996189068,1.0004417432168875,0.001126115793713467
61021.65029677004,1.0006142760263328,1.000443110575008,1.0004450714350892,1.000443110575008,0.000171165451324784
61021.65038051979,1.0013665567020065,1.000444479703394,1.0004464450262738,1.000444479703394,0.0009220769986124644
61021.650464269536,1.0001637994592105,1.000445850601814,1.000447820392228,1.000445850601814,-0.00028205114260337893
61021.65054801928,1.0002924347842643,1.0004472232703934,1.0004491975330783,1.0004472232703934,-0.00015478848612904272
61021.65063176902,1.0018167766636528,1.0004485977091389,1.0004505764488314,1.0004485977091389,0.00136817895451391
61021.65071551877,1.0002941336598241,1.000449973918176,1.0004519571396147,1.000449973918176,-0.00015584025835191362
61021.650799268515,1.000836662422881,1.0004513518972726,1.0004533396051947,1.0004513518972726,0.0003853105256084177
61021.65088301826,1.0003152371615605,1.0004527316465546,1.0004547238456976,1.0004527316465546,-0.0001374944849941162
61021.65096676801,1.000957091556707,1.000454113166148,1.000456109861251,1.000454113166148,0.0005029783905590168
61021.65105051775,0.9991636510302977,1.0004554964558192,1.0004574976516207,1.0004554964558192,-0.0012918454255215206
61021.65113426749,0.9996181216342296,1.000456881515695,1.000458887216934,1.000456881515695,-0.0008387598814653119
61021.65121801725,1.0006210458702487,1.0004582683460221,1.0004602785574392,1.0004582683460221,0.0001627775242265539
61021.65130176699,1.0001053286620472,1.0004596569463258,1.0004616716726593,1.0004596569463258,-0.0003543282842786155
61021.651385516736,1.0002322942994617,1.0004610473168523,1.0004630665628425,1.0004610473168523,-0.00022875301739055942
61021.65146926648,1.0014476784025348,1.0004624394576078,1.0004644632279955,1.0004624394576078,0.0009852389449269694
61021.65155301622,0.9997211257496902,1.0004638333685991,1.0004658616681248,1.0004638333685991,-0.0007427076189089332
61021.651636765964,1.0004359708860824,1.0004652290498321,1.000467261883237,1.0004652290498321,-2.9258163749767974e-05
61021.651720515714,1.0001323118073566,1.0004666265014341,1.0004686638734603,1.0004666265014341,-0.0003343146940775199
61021.651804265464,1.0002404921812809,1.0004680257232905,1.0004700676386797,1.0004680257232905,-0.00022753354200966136
61021.65188801521,1.000018769766117,1.0004694267152856,1.0004714731787792,1.0004694267152856,-0.0004506569491686818
61021.65197176495,1.0001935927174193,1.0004708294775464,1.0004728804938874,1.0004708294775464,-0.00027723676012714193
61021.6520555147,1.0011327534954133,1.0004722340102017,1.000474289584133,1.0004722340102017,0.0006605194852116192
61021.65213926444,1.0011307801482539,1.0004736403130132,1.0004757004492775,1.0004736403130132,0.0006571398352406277
61021.65222301419,1.0018850570632687,1.0004750483862312,1.0004771130895724,1.0004750483862312,0.0014100086770374443
61021.652306763935,1.0006595745339575,1.000476458229617,1.0004785275047785,1.000476458229617,0.00018311630434042492
61021.65239051368,1.0006883337564398,1.0004778698432992,1.0004799436950247,1.0004778698432992,0.00021046391314061275
61021.65247426342,1.0001495231971869,1.0004792832272829,1.0004813616603174,1.0004792832272829,-0.00032976003009599353
61021.65255801317,1.0005619473104241,1.0004806983816978,1.000482781400786,1.0004806983816978,8.12489287262963e-05
61021.652641762914,0.9995595087217285,1.0004821153063033,1.0004842029161904,1.0004821153063033,-0.00092260658457477
61021.652725512664,1.0009856605090175,1.0004835340013518,1.0004856262067834,1.0004835340013518,0.0005021265076656789
61021.652809262414,0.999889344670584,1.0004849544667263,1.0004870512724477,1.0004849544667263,-0.0005956097961422602
61021.65289301216,1.0007833800338437,1.0004863767023084,1.0004884781130654,1.0004863767023084,0.0002970033315352616
61021.6529767619,1.0008333744567164,1.0004878007082274,1.0004899067287665,1.0004878007082274,0.0003455737484889809
61021.65306051164,1.0000711162024494,1.0004892264844893,1.0004913371195574,1.0004892264844893,-0.000418110282039974
61021.653144261385,1.0003982640499247,1.0004906540310996,1.0004927692854433,1.0004906540310996,-9.238998117488961e-05
61021.653228011135,1.0006428473733953,1.0004920833481883,1.0004942032265551,1.0004920833481883,0.00015076402520697307
61021.65331176088,1.0009327724381158,1.000493514435513,1.0004956389426503,1.000493514435513,0.0004392580026029158
61021.65339551063,0.9993818211859313,1.0004949472933276,1.0004970764339838,1.0004949472933276,-0.0011131261073962229
61021.65347926037,0.9984343999444271,1.0004963819213886,1.0004985157003115,1.0004963819213886,-0.002061981976961502
61021.65356301011,1.0006687625828838,1.0004978183198265,1.0004999567417647,1.0004978183198265,0.00017094426305730437
61021.65364675986,0.9996299563434231,1.000499256488772,1.0005013995584744,1.000499256488772,-0.0008693001453489169
61021.653730509606,1.0003194270939553,1.0005006964279803,1.0005028441501957,1.0005006964279803,-0.00018126933402506928
61021.653814259356,0.9991326211514481,1.000502138137707,1.0005042905171861,1.000502138137707,-0.0013695169862589784
61021.6538980091,0.9999002952157146,1.0005035816177081,1.0005057386591991,1.0005035816177081,-0.0006032864019935857
61021.65398175884,0.9997512560267432,1.0005050268681133,1.0005071885763668,1.0005050268681133,-0.0007537708413700717
61021.654065508585,0.9995721652174366,1.0005064738889282,1.0005086402686947,1.0005064738889282,-0.0009343086714915794
61021.65414925833,0.999841912263693,1.0005079226801588,1.0005100937361886,1.0005079226801588,-0.0006660104164657454
61021.65423300808,1.0000270699869023,1.0005093732419361,1.0005115489789809,1.0005093732419361,-0.00048230325503384464
61021.65431675783,1.000554098654616,1.00051082557414,1.0005130059969507,1.00051082557414,4.327308047602507e-05
61021.65440050757,1.0006937780296745,1.000512279676649,1.000514464789977,1.000512279676649,0.00018149835302549988
61021.65448425732,1.0004653297806432,1.0005137355497218,1.0005159253583193,1.0005137355497218,-4.840576907860772e-05
61021.65456800706,1.000912270834108,1.0005151931931104,1.000517387701729,1.0005151931931104,0.0003970776409976118
61021.654651756806,1.0000002993722215,1.0005166526069464,1.000518851820339,1.0005166526069464,-0.0005163532347249866
61021.65473550655,1.0002418468131304,1.0005181137912351,1.0005203177141542,1.0005181137912351,-0.0002762669781046778
61021.65481925629,0.9996262456765871,1.0005195767459825,1.0005217853831807,1.0005195767459825,-0.0008933310693953755
61021.65490300604,1.000333346894357,1.00052104147132,1.0005232548275518,1.00052104147132,-0.0001876945769629934
61021.65498675579,1.0013388485351766,1.0005225079671267,1.0005247260471453,1.0005225079671267,0.0008163405680499114
61021.655070505534,1.0010803797833203,1.00052397623328,1.0005261990418386,1.00052397623328,0.0005564035500402742
61021.65515425528,0.9998807238121085,1.0005254462699118,1.0005276738117652,1.0005254462699118,-0.0006447224578033373
61021.65523800503,0.9999361973041745,1.000526918077156,1.0005291503570588,1.000526918077156,-0.0005907207729816122
61021.65532175477,1.0001220180276842,1.0005283916547616,1.0005306286774682,1.0005283916547616,-0.00040637362707740543
61021.65540550451,1.000495335510271,1.0005298670028617,1.000532108773127,1.0005298670028617,-3.453149259069477e-05
61021.65548925426,1.0012509175113462,1.0005313441215895,1.0005335906441697,1.0005313441215895,0.0007195733897567003
61021.655573004005,1.0007190517516587,1.0005328230106938,1.0005350742903438,1.0005328230106938,0.00018622874096485553
61021.65565675375,0.9998452660169258,1.0005343036703076,1.0005365597117832,1.0005343036703076,-0.0006890376533817966
61021.65574050349,0.9995575863504413,1.0005357861004363,1.0005380469084935,1.0005357861004363,-0.0009781997499949124
61021.65582425324,1.000503467257373,1.0005372703012134,1.0005395358806097,1.0005372703012134,-3.3803043840485714e-05
61021.655908002984,0.9987862250511363,1.0005387562723864,1.000541026627878,1.0005387562723864,-0.0017525312212500754
61021.65599175273,1.0000936669405533,1.0005402440140891,1.0005425191504327,1.0005402440140891,-0.0004465770735357921
61021.656075502484,1.0000529426352998,1.0005417335265854,1.0005440134485393,1.0005417335265854,-0.0004887908912856176
61021.65615925223,1.0014387705475862,1.0005432248093624,1.0005455095216835,1.0005432248093624,0.000895545738223813
61021.65624300197,1.0001523633642113,1.0005447178626838,1.00054700737013,1.0005447178626838,-0.0003923544984725247
61021.65632675171,0.9994458851409689,1.0005462126865547,1.0005485069938838,1.0005462126865547,-0.0011003275455858663
61021.656410501455,1.0020296419236214,1.0005477092809798,1.0005500083929502,1.0005477092809798,0.0014819326426416257
61021.6564942512,1.0003224933975055,1.0005492076459637,1.0005515115673345,1.0005492076459637,-0.0002267142484582152
61021.65657800094,0.9984890961973002,1.0005507077815117,1.0005530165170413,1.0005507077815117,-0.0020616115842114757
61021.6566617507,1.0011306826390047,1.0005522096878894,1.0005545232423383,1.0005522096878894,0.0005784729511153497
61021.65674550044,1.0009649091744561,1.0005537133645797,1.0005560317427062,1.0005537133645797,0.00041119580987647453
61021.65682925018,1.0004318529710077,1.0005552188118483,1.0005575420184125,1.0005552188118483,-0.00012336584084060576
61021.65691299993,1.0008346205107432,1.0005567260298307,1.0005590540695932,1.0005567260298307,0.00027789448091253277
61021.656996749676,0.9997614821221101,1.0005582350182702,1.0005605678959906,1.0005582350182702,-0.0007967528961601023
61021.65708049942,1.0018350295223146,1.0005597457773021,1.000562083497741,1.0005597457773021,0.001275283745012512
61021.65716424916,1.0011915130324485,1.000561258306931,1.0005636008748493,1.000561258306931,0.0006302547255174762
61021.65724799891,1.000814442155315,1.0005627726072934,1.0005651200274523,1.0005627726072934,0.00025166954802147146
61021.657331748655,1.0011463807305985,1.0005642886781307,1.0005666409552916,1.0005642886781307,0.0005820920524677309
61021.657415498405,0.9999336785998905,1.0005658065197112,1.000568163658636,1.0005658065197112,-0.0006321279198207019
61021.65749924815,1.0001346623701555,1.0005673261317753,1.0005696881372255,1.0005673261317753,-0.0004326637616198781
61021.65758299789,0.9997801753171706,1.0005688475144598,1.0005712143911976,1.0005688475144598,-0.0007886721972892863
61021.65766674764,0.9997164278579399,1.0005703706679017,1.0005727424206896,1.0005703706679017,-0.0008539428099617608
61021.65775049738,1.000243458124486,1.0005718955918408,1.0005742722254412,1.0005718955918408,-0.00032843746735489177
61021.65783424713,1.0001401446487928,1.000573422286546,1.0005758038057226,1.000573422286546,-0.0004332776377533598
61021.657917996876,1.0012843767833097,1.0005749507517578,1.0005773371612727,1.0005749507517578,0.0007094260315518852
61021.65800174662,1.0005518156654376,1.0005764809876123,1.0005788722922293,1.0005764809876123,-2.4665322174710624e-05
61021.65808549636,0.9997936969510084,1.0005780129941144,1.0005804091985973,1.0005780129941144,-0.0007843160431060259
61021.658169246104,1.0012465815526905,1.0005795467712684,1.0005819478803808,1.0005795467712684,0.00066703478142216
61021.658252995854,1.000084219026316,1.0005810823192118,1.000583488337719,1.0005810823192118,-0.0004968632928958883
61021.6583367456,0.9996193319116304,1.000582619637683,1.0005850305703485,1.000582619637683,-0.0009632877260525863
61021.65842049534,0.9995712280573413,1.0005841587268194,1.0005865745784077,1.0005841587268194,-0.0010129306694780515
61021.6585042451,0.9996789044988219,1.0005856995868931,1.0005881203621705,1.0005856995868931,-0.0009067950880712328
61021.65858799484,0.999442414241016,1.0005872422173734,1.000589667921104,1.0005872422173734,-0.0011448279763573987
61021.65867174458,1.0004265350840076,1.000588786618532,1.0005912172554812,1.000588786618532,-0.00016225153452431584
61021.658755494325,0.9994546116150156,1.000590332790373,1.0005927683653066,1.000590332790373,-0.0011357211753573182
61021.65883924407,1.0005371862588743,1.0005918807329013,1.000594321250585,1.0005918807329013,-5.46944740269506e-05
61021.65892299381,1.000139412983336,1.0005934304461204,1.000595875911321,1.0005934304461204,-0.0004540174627842841
61021.65900674355,1.0006534430848084,1.0005949819300355,1.0005974323475189,1.0005949819300355,5.846115477292635e-05
61021.65909049331,1.0005989832933435,1.00059653518492,1.0005989905594541,1.00059653518492,2.448108423536155e-06
61021.659174243054,1.0008532524032543,1.000598090210239,1.0006005505465898,1.000598090210239,0.0002551621930153569
61021.659257992804,1.0005167081411395,1.0005996470064018,1.0006021123093367,1.0005996470064018,-8.293886526233862e-05
61021.65934174255,0.9999140153259946,1.000601205573142,1.000603675847428,1.000601205573142,-0.0006871902471473623
61021.65942549229,0.9999187619020072,1.0006027659105983,1.0006052411610034,1.0006027659105983,-0.0006840040085910326
61021.65950924203,1.0007545467394654,1.0006043280187757,1.0006068082500674,1.0006043280187757,0.00015021872068965436
61021.659592991775,1.0006812935234928,1.0006058918976783,1.0006083771146248,1.0006058918976783,7.540162581443077e-05
61021.65967674152,1.00023410247546,1.0006074575473098,1.00060994775468,1.0006074575473098,-0.00037335507184987904
61021.65976049127,1.0004839010049495,1.0006090249678115,1.0006115201703734,1.0006090249678115,-0.00012512396286190608
61021.65984424102,1.0006525702193878,1.0006105941590502,1.0006130943615732,1.0006105941590502,4.197606033762291e-05
61021.65992799076,0.9998725624455879,1.0006121651208943,1.0006146703281473,1.0006121651208943,-0.0007396026753064833
61021.6600117405,0.9998768257740515,1.000613737853484,1.000616248070236,1.000613737853484,-0.0007369120794326056
61021.66009549025,1.0002922022020362,1.0006153123569599,1.0006178275879811,1.0006153123569599,-0.0003231101549237003
61021.660179239996,0.9992180019853871,1.0006168886310531,1.0006194088811127,1.0006168886310531,-0.0013988866456660087
61021.66026298974,1.0007287173595576,1.000618466675904,1.000620991949772,1.000618466675904,0.00011025068365366764
61021.66034673948,1.0014323676950694,1.0006200464915165,1.000622576793963,1.0006200464915165,0.0008123212035529015
61021.66043048923,1.0003785447560658,1.000621628078032,1.0006241634138284,1.000621628078032,-0.00024308332196620874
61021.660514238974,1.000239044690652,1.0006232114351798,1.000625751809096,1.0006232114351798,-0.0003841667445279029
61021.66059798872,1.0011545523675192,1.0006247965631012,1.0006273419799083,1.0006247965631012,0.0005297558044179418
61021.66068173847,1.0006153982376946,1.0006263834619384,1.0006289339264078,1.0006263834619384,-1.09852242438091e-05
61021.66076548821,1.0001192569902324,1.0006279721314189,1.0006305276483218,1.0006279721314189,-0.0005087151411864443
61021.66084923795,1.000249154042396,1.000629562571685,1.0006321231457929,1.000629562571685,-0.0003804085292891113
61021.6609329877,1.000280568167496,1.0006311547828786,1.000633720418964,1.0006311547828786,-0.0003505866153825643
61021.661016737446,1.0015683228245524,1.000632748764727,1.0006353194675615,1.000632748764727,0.0009355740598253615
61021.661100487196,1.0006482326982957,1.0006343445175114,1.0006369202918675,1.0006343445175114,1.388818078429388e-05
61021.66118423694,1.0001799348471028,1.0006359420409578,1.0006385228916077,1.0006359420409578,-0.00045600719385507915
61021.66126798668,1.0005446396892936,1.000637541335209,1.0006401272669254,1.000637541335209,-9.290164591546635e-05
61021.661351736424,1.0002052234103993,1.000639142400269,1.0006417334178246,1.000639142400269,-0.0004339189898696638
61021.66143548617,0.9984854276085178,1.0006407452361408,1.0006433413443092,1.0006407452361408,-0.002155317627622999
61021.66151923592,0.9990734835960096,1.0006423498429682,1.0006449510465232,1.0006423498429682,-0.0015688662469586223
61021.66160298566,0.9996730054948434,1.000643956220476,1.000646562524191,1.000643956220476,-0.000970950725632691
61021.66168673541,1.0004065914886715,1.0006455643689474,1.0006481757775962,1.0006455643689474,-0.00023897288027585617
61021.66177048515,0.9993250863241281,1.0006471742881065,1.0006497908064629,1.0006471742881065,-0.001322087963978369
61021.6618542349,1.0003782160765173,1.0006487859782365,1.000651407611075,1.0006487859782365,-0.0002705699017191421
61021.661937984645,1.000576315163065,1.0006503994390614,1.0006530261911568,1.0006503994390614,-7.408427599631118e-05
61021.66202173439,1.0009283906244733,1.0006520146707247,1.0006546465468509,1.0006520146707247,0.00027637595374852
61021.66210548413,1.0007911191806425,1.0006536316732297,1.0006562686781624,1.0006536316732297,0.00013748750741271465
61021.66218923387,1.0003542678153634,1.000655250446581,1.0006578925850944,1.000655250446581,-0.0003009826312176944
61021.66227298362,1.0000148162225497,1.0006568709909223,1.0006595182677929,1.0006568709909223,-0.0006420547683725353
61021.662356733366,1.0005078922936403,1.0006584933059757,1.0006611457259789,1.0006584933059757,-0.0001506010123353274
61021.66244048311,1.000429723229826,1.000660117391886,1.000662774959797,1.000660117391886,-0.0002303941620600547
61021.66252423287,0.9999038426692497,1.000661743248939,1.0006644059695349,1.000661743248939,-0.0007579005796893856
61021.66260798261,1.0000882785856124,1.0006633708765735,1.0006660387546296,1.0006633708765735,-0.0005750922909610878
61021.66269173235,1.0013957931253334,1.0006650002750754,1.0006676733153677,1.0006650002750754,0.0007307928502580108
61021.662775482095,1.000227765078458,1.0006666314444481,1.0006693096517536,1.0006666314444481,-0.00043886636599022033
61021.66285923184,1.0000579455510892,1.0006682643846954,1.000670947763791,1.0006682643846954,-0.0006103188336061827
61021.66294298158,1.000174216902313,1.0006698990958205,1.0006725876514833,1.0006698990958205,-0.0004956821935075961
61021.66302673132,1.0005611915411985,1.000671535577827,1.0006742293148343,1.000671535577827,-0.0001103440366285735
61021.66311048107,1.000111444790661,1.0006731738308612,1.0006758727539902,1.0006731738308612,-0.0005617290402002428
61021.663194230816,1.000607232242046,1.000674813854641,1.00067751796867,1.000674813854641,-6.75816125950135e-05
61021.663277980566,1.0001309099574287,1.0006764556494558,1.0006791649591624,1.0006764556494558,-0.0005455456920271384
61021.663361730316,1.0012187488336832,1.0006780992151665,1.0006808137253287,1.0006780992151665,0.000540649618516742
61021.66344548006,1.001183614301941,1.0006797445516329,1.000682464267029,1.0006797445516329,0.0005038697503081391
61021.6635292298,1.0007884736701498,1.0006813916590016,1.0006841165844096,1.0006813916590016,0.00010708201114817406
61021.663612979544,1.0004975636431566,1.000683040537276,1.000685770677475,1.000683040537276,-0.00018547689411940738
61021.66369672929,1.0006784727413216,1.0006846911864595,1.000687426546228,1.0006846911864595,-6.218445137928796e-06
61021.66378047903,1.0009762065131382,1.0006863436065552,1.0006890841906726,1.0006863436065552,0.00028986290658306046
61021.66386422877,1.0001106940045912,1.0006879977975667,1.000690743610812,1.0006879977975667,-0.0005773037929754921
61021.66394797852,0.9999513708872969,1.0006896537596415,1.0006924048067944,1.0006896537596415,-0.0007382828723445645
61021.66403172827,1.0014480962301575,1.0006913114926388,1.0006940677784795,1.0006913114926388,0.0007567847375187231
61021.66411547802,0.9993821676455525,1.000692970996562,1.0006957325258703,1.000692970996562,-0.0013108033510094153
61021.664199227765,0.9994364655058418,1.0006946322712704,1.000697399048826,1.0006946322712704,-0.00125816676542867
