t_bmjd,flux,model_sym,model_asym,ramp,res_sym
60365.336528531574,0.999315054859649,1.0002492334405084,1.0002489186490804,1.0002492334405084,-0.0009341785808594238
60365.33670623099,1.0005298522218304,1.000248480627026,1.0002481638225944,1.000248480627026,0.00028137159480445817
60365.33688393042,1.0001052932945775,1.000247728860488,1.0002474100532521,1.000247728860488,-0.00014243556591053697
60365.33706162984,1.0007202091933813,1.0002469781409258,1.0002466573410842,1.0002469781409258,0.0004732310524555583
60365.33723932926,0.9999951223689706,1.0002462284683695,1.0002459056861217,1.0002462284683695,-0.00025110609939893447
60365.337417028684,0.9999997182578724,1.0002454798427585,1.0002451550883025,1.0002454798427585,-0.000245761584886095
60365.33759472811,1.0002235336392618,1.000244732264123,1.000244405547658,1.000244732264123,-2.1198624861273885e-05
60365.33777242753,1.00023567501197,1.0002439857324938,1.0002436570642188,1.0002439857324938,-8.310720523763138e-06
60365.33795012696,1.0003245662997569,1.0002432402477788,1.0002429096378924,1.0002432402477788,8.132605197808118e-05
60365.33812782638,0.9999650523420813,1.0002424958101008,1.000242163268802,1.0002424958101008,-0.00027744346801950037
60365.3383055258,1.0001790372474058,1.0002417524193676,1.0002414179568555,1.0002417524193676,-6.271517196188015e-05
60365.338483225234,1.000711265797672,1.00024101007558,1.0002406737020528,1.00024101007558,0.0004702557220919168
60365.33866092465,0.9992872006306819,1.0002402687788285,1.0002399305044858,1.0002402687788285,-0.000953068148146663
60365.33883862408,1.0000561120714828,1.0002395285290222,1.0002391883640624,1.0002395285290222,-0.00018341645753938707
60365.3390163235,1.0000085775604879,1.0002387893261917,1.0002384472808137,1.0002387893261917,-0.00023021176570381385
60365.33919402292,1.0003784787173586,1.000238051170367,1.00023770725477,1.000238051170367,0.0001404275469916172
60365.339371722344,1.0003708341878252,1.0002373140614875,1.0002369682858698,1.0002373140614875,0.00013352012633771615
60365.33954942177,1.0000320733582286,1.0002365779995839,1.0002362303741448,1.0002365779995839,-0.00020450464135524093
60365.33972712119,1.0000548870737913,1.0002358429846856,1.0002354935196238,1.0002358429846856,-0.00018095591089428709
60365.33990482061,0.9998494738236513,1.0002351090167332,1.0002347577222475,1.0002351090167332,-0.0003856351930818791
60365.34008252003,1.0003829701034312,1.0002343760957864,1.0002340229820756,1.0002343760957864,0.00014859400764488662
60365.340260219455,1.0010847084978678,1.000233644221785,1.0002332892990482,1.000233644221785,0.0008510642760828357
60365.34043791888,1.0005353040738096,1.0002329133947592,1.000232556673195,1.0002329133947592,0.00030239067905046824
60365.340615618305,0.999722798100309,1.000232183614709,1.0002318251045164,1.000232183614709,-0.0005093855144000514
60365.34079331773,1.0003421722612074,1.0002314548816345,1.0002310945930124,1.0002314548816345,0.00011071737957291106
60365.340971017155,1.0000283681746194,1.0002307271955355,1.0002303651386828,1.0002307271955355,-0.000202359020916143
60365.34114871657,1.0006714095026756,1.0002300005564422,1.0002296367415575,1.0002300005564422,0.00044140894623345694
60365.341326416004,0.9997369536592677,1.0002292749642645,1.000228909401547,1.0002292749642645,-0.0004923213049967679
60365.34150411542,0.9998713601844065,1.0002285504191224,1.0002281831187705,1.0002285504191224,-0.0003571902347159206
60365.34168181485,1.000287243710456,1.000227826920926,1.0002274578931387,1.000227826920926,5.9416789530031267e-05
60365.34185951427,1.0015393850650807,1.000227104469705,1.0002267337246817,1.000227104469705,0.0013122805953755812
60365.34203721369,1.0002150391703297,1.0002263830654892,1.0002260106134284,1.0002263830654892,-1.1343895159443562e-05
60365.342214913115,0.9993864066723435,1.0002256627082196,1.0002252885593201,1.0002256627082196,-0.0008392560358760903
60365.34239261253,1.0007907929070752,1.000224943397955,1.0002245675624155,1.000224943397955,0.0005658495091200866
60365.34257031196,1.0009203191561689,1.0002242251346365,1.0002238476226561,1.0002242251346365,0.0006960940215323674
60365.34274801138,1.0002058195669303,1.0002235079182937,1.0002231287400714,1.0002235079182937,-1.7688351363398525e-05
60365.3429257108,1.0002173018586642,1.0002227917489557,1.00022241091469,1.0002227917489557,-5.48989029147684e-06
60365.343103410225,0.9999820867168697,1.0002220766265641,1.0002216941464541,1.0002220766265641,-0.0002399899096944269
60365.34328110964,1.0002560776578766,1.0002213625511773,1.0002209784354217,1.0002213625511773,3.471510669927902e-05
60365.343458809075,1.0000116315321186,1.0002206495227077,1.0002202637815052,1.0002206495227077,-0.00020901799058914428
60365.3436365085,0.9999940532996276,1.000219937541243,1.0002195501847928,1.000219937541243,-0.00022588424161540388
60365.34381420792,0.9998933557267462,1.0002192266067829,1.0002188376452836,1.0002192266067829,-0.00032587088003666054
60365.34399190735,1.0007211085995027,1.0002185167192403,1.0002181261628909,1.0002185167192403,0.0005025918802623597
60365.34416960677,0.999657439848913,1.0002178078787314,1.0002174157377306,1.0002178078787314,-0.0005603680298184033
60365.34434730619,0.9996566363863975,1.000217100085169,1.0002167063697158,1.000217100085169,-0.0005604636987714962
60365.34452500562,0.9997510476200817,1.0002163933385821,1.0002159980588756,1.0002163933385821,-0.0004653457185004317
60365.344702705035,1.0011393848039853,1.000215687639,1.0002152908052386,1.000215687639,0.0009236971649853043
60365.34488040446,1.0004729563141894,1.0002149829863647,1.0002145846087473,1.0002149829863647,0.00025797332782473426
60365.34505810388,1.0005193401459151,1.0002142793807334,1.0002138794694593,1.0002142793807334,0.00030506076518177494
60365.3452358033,0.9997385740117241,1.000213576822049,1.0002131753873167,1.000213576822049,-0.00047500281032497593
60365.34541350273,0.9997199456833725,1.0002128753103403,1.000212472362349,1.0002128753103403,-0.0004929296269677863
60365.345591202145,0.9999424363877827,1.000212174845636,1.0002117703945839,1.000212174845636,-0.0002697384578533857
60365.34576890157,1.0007059052858474,1.0002114754278784,1.000211069483965,1.0002114754278784,0.0004944298579689921
60365.34594660099,1.0001711214545743,1.000210777057125,1.0002103696305489,1.000210777057125,-3.9655602550592306e-05
60365.34612430041,0.9993731646896964,1.0002100797333187,1.0002096708342787,1.0002100797333187,-0.0008369150436222661
60365.346301999845,0.9998414729477351,1.0002093834564596,1.0002089730951544,1.0002093834564596,-0.0003679105087245338
60365.34647969926,0.9998879839533952,1.0002086882266328,1.0002082764132618,1.0002086882266328,-0.0003207042732376042
60365.34665739869,0.9997960947089214,1.0002079940437536,1.0002075807885151,1.0002079940437536,-0.00041189933483221086
60365.34683509811,1.0008665399948689,1.0002073009078498,1.0002068862209426,1.0002073009078498,0.0006592390870190368
60365.34701279754,1.0005118007533238,1.0002066088189214,1.0002061927105448,1.0002066088189214,0.00030519193440237125
60365.34719049696,1.0000087560071598,1.0002059177769689,1.0002055002573216,1.0002059177769689,-0.0001971617698091066
60365.34736819638,1.0002651438609707,1.00020522778202,1.000204808861301,1.00020522778202,5.9916078950728036e-05
60365.347545895806,1.0004059129301308,1.0002045388340186,1.0002041185224266,1.0002045388340186,0.0002013740961122057
60365.34772359522,0.9995753251140772,1.000203850933021,1.0002034292407547,1.000203850933021,-0.0006285258189439036
60365.34790129465,1.00008715874557,1.0002031640789708,1.0002027410162293,1.0002031640789708,-0.00011600533340083707
60365.348078994066,1.0003240073111366,1.000202478271924,1.0002020538489063,1.000202478271924,0.00012152903921247571
60365.34825669349,1.0005655738447048,1.000201793511825,1.0002013677387298,1.000201793511825,0.0003637803328797595
60365.348434392916,0.9999372383634533,1.0002011097987018,1.0002006826857277,1.0002011097987018,-0.0002638714352485305
60365.34861209233,1.0002829351157956,1.000200427132582,1.000199998689928,1.000200427132582,8.250798321363106e-05
60365.34878979176,0.999538664528302,1.0001997455134097,1.0001993157512747,1.0001997455134097,-0.0006610809851077537
60365.348967491176,1.0010000900591598,1.000199064941241,1.0001986338698239,1.000199064941241,0.0008010251179189076
60365.34914519061,1.0002942147508995,1.0001983854159922,1.0001979530454919,1.0001983854159922,9.582933490737133e-05
60365.349322890026,1.0003669091647236,1.0001977069377745,1.0001972732783897,1.0001977069377745,0.00016920222694905007
60365.34950058945,0.9998457558636967,1.0001970295065046,1.0001965945684343,1.0001970295065046,-0.0003512736428078478
60365.34967828888,1.0000192548097258,1.000196353122183,1.0001959169156258,1.000196353122183,-0.0001770983124571579
60365.3498559883,0.999862504466122,1.0001956777848922,1.0001952403200471,1.0001956777848922,-0.00033317331877014134
60365.350033687726,1.0003442466524053,1.0001950034945493,1.0001945647816153,1.0001950034945493,0.00014924315785602715
60365.350211387144,0.9997314469494917,1.0001943302512093,1.0001938903003853,1.0001943302512093,-0.0004628833017176204
60365.35038908657,1.0004132255559457,1.0001936580548176,1.0001932168763024,1.0001936580548176,0.00021956750112805956
60365.350566785986,0.9999872044363722,1.0001929869054291,1.0001925445094213,1.0001929869054291,-0.00020578246905689213
60365.35074448541,1.0005019072081913,1.0001923168029887,1.000191873199687,1.0001923168029887,0.00030959040520261993
60365.35092218483,1.0000296869002059,1.000191647747551,1.0001912029471551,1.000191647747551,-0.00016196084734509952
60365.351099884254,1.0002321151259266,1.0001909797390616,1.0001905337517698,1.0001909797390616,4.113538686500995e-05
60365.35127758368,0.9994132427310816,1.000190312777548,1.000189865613559,1.000190312777548,-0.0007770700464664326
60365.3514552831,0.999581447747624,1.0001896468630371,1.00018919853255,1.0001896468630371,-0.0006081991154130995
60365.35163298252,0.9999567707079015,1.0001889819954746,1.0001885325086883,1.0001889819954746,-0.00023221128757311416
60365.35181068195,1.0007108368133004,1.0001883181748876,1.000187867542001,1.0001883181748876,0.0005225186384127944
60365.35198838137,1.0002293681996166,1.0001876554012765,1.000187203632488,1.0001876554012765,4.171279834008779e-05
60365.35216608079,0.9998349203028105,1.0001869936746677,1.0001865407801769,1.0001869936746677,-0.0003520733718571645
60365.35234378022,1.0008122326434374,1.0001863329949807,1.0001858789849858,1.0001863329949807,0.0006258996484567181
60365.35252147964,0.999334479610701,1.0001856733623231,1.0001852182470234,1.0001856733623231,-0.0008511937516221257
60365.352699179064,1.0006266218220272,1.0001850147766145,1.0001845585662084,1.0001850147766145,0.00044160704541273965
60365.35287687849,1.0009060616377405,1.0001843572378812,1.0001838999425678,1.0001843572378812,0.000721704399859302
60365.35305457791,1.000246811062397,1.0001837007461505,1.0001832423761288,1.0001837007461505,6.311031624650631e-05
60365.35323227733,0.9997276716810721,1.0001830453013685,1.000182585866837,1.0001830453013685,-0.000455373620296351
60365.35340997675,0.9996691075207619,1.000182390903589,1.0001819304147468,1.000182390903589,-0.0005132833828270789
60365.353587676174,1.0009160977817646,1.000181737552758,1.000181276019804,1.000181737552758,0.0007343602290066364
60365.35376537559,1.0004210728447573,1.0001810852489295,1.0001806226820624,1.0001810852489295,0.0002399875958278841
60365.35394307502,1.0001971640254783,1.0001804339920497,1.0001799704014689,1.0001804339920497,1.6730033428613567e-05
60365.354120774435,1.0010532216146968,1.0001797837821724,1.0001793191780761,1.0001797837821724,0.0008734378325243597
60365.35429847386,1.0002107373761697,1.000179134619244,1.0001786690118313,1.000179134619244,3.1602756925819264e-05
60365.35447617328,1.0004351400735805,1.0001784865033176,1.0001780199027872,1.0001784865033176,0.00025665357026283253
60365.35465387271,0.9993782878185388,1.000177839434314,1.0001773718508649,1.000177839434314,-0.0007995516157751625
60365.35483157213,1.0001756240202466,1.0001771934123387,1.0001767248561697,1.0001771934123387,-1.5693920920600846e-06
60365.35500927155,1.0003965913444894,1.0001765484373126,1.0001760789186227,1.0001765484373126,0.00022004290717680952
60365.355186970985,1.0000840929478194,1.000175904509236,1.0001754340382238,1.000175904509236,-9.181156141657709e-05
60365.3553646704,1.0009945530317306,1.0001752616281874,1.000174790215052,1.0001752616281874,0.0008192914035431986
60365.35554236983,0.9996798859166752,1.0001746197940884,1.0001741474490284,1.0001746197940884,-0.0004947338774131671
60365.355720069245,0.9994407878042044,1.000173979006991,1.0001735057402057,1.000173979006991,-0.0007331912027865872
60365.35589776867,0.9998954544115441,1.000173339266843,1.0001728650885309,1.000173339266843,-0.0002778848552988933
60365.35607546809,1.0005807383914787,1.000172700573697,1.000172225494057,1.000172700573697,0.00040803781778175896
60365.35625316751,1.0006198646980604,1.0001720629275,1.0001715869567311,1.0001720629275,0.0004478017705604742
60365.35643086693,0.9995071946947702,1.000171426328305,1.000170949476606,1.000171426328305,-0.0006642316335347953
60365.356608566355,1.0001674780007672,1.0001707907760595,1.000170313053629,1.0001707907760595,-3.31277529230789e-06
60365.35678626577,0.9998350554935792,1.0001701562708154,1.0001696776878526,1.0001701562708154,-0.0003351007772361969
60365.3569639652,1.0010498516913424,1.000169522812521,1.0001690433792245,1.000169522812521,0.0008803288788215013
60365.357141664615,1.0003697900831625,1.0001688904012282,1.000168410127797,1.0001688904012282,0.00020089968193426344
60365.35731936404,1.0003095801129156,1.000168259036885,1.000167777933518,1.000168259036885,0.0001413210760305983
60365.357497063465,0.9992162303312037,1.0001676287195174,1.0001671467964135,1.0001676287195174,-0.0009513983883137067
60365.35767476289,1.000519460804555,1.0001669994491256,1.0001665167164835,1.0001669994491256,0.0003524613554293232
60365.35785246231,1.0002737536484163,1.000166371225735,1.0001658876937534,1.000166371225735,0.0001073824226813791
60365.35803016174,1.000346610838072,1.0001657440492684,1.0001652597281465,1.0001657440492684,0.00018086678880369078
60365.35820786116,1.0003133472648638,1.0001651179198292,1.0001646328197655,1.0001651179198292,0.0001482293450345562
60365.35838556058,0.9996369034363753,1.0001644928373397,1.0001640069685334,1.0001644928373397,-0.0005275894009643123
60365.35856326,1.000074502357341,1.0001638688018513,1.000163382174501,1.0001638688018513,-8.936644451029707e-05
60365.358740959426,1.0002569903193768,1.0001632458133127,1.0001627584376176,1.0001632458133127,9.374450606403073e-05
60365.35891865884,0.9996147450829793,1.0001626238717758,1.0001621357579344,1.0001626238717758,-0.0005478787887964742
60365.35909635827,1.0001424994594696,1.0001620029771885,1.0001615141353999,1.0001620029771885,-1.9503517718844066e-05
60365.359274057686,1.0003385702144236,1.0001613831296023,1.0001608935700654,1.0001613831296023,0.0001771870848212842
60365.35945175711,1.000043256458805,1.0001607643289665,1.00016027406188,1.0001607643289665,-0.00011750787016140407
60365.35962945653,0.9999485921507295,1.0001601465753316,1.0001596556108943,1.0001601465753316,-0.0002115544246020784
60365.35980715595,1.0001531479109318,1.0001595298686468,1.0001590382170575,1.0001595298686468,-6.381957714962638e-06
60365.35998485538,1.000244605985839,1.0001589142089375,1.0001584218803954,1.0001589142089375,8.569177690143093e-05
60365.3601625548,0.9999777571216397,1.0001582995962042,1.0001578066009078,1.0001582995962042,-0.00018054247456444905
60365.36034025423,0.9998219744450453,1.0001576860304462,1.0001571923785946,1.0001576860304462,-0.00033571158540091073
60365.360517953646,0.9994768452080123,1.000157073511689,1.000156579213481,1.000157073511689,-0.0006802283036766443
60365.36069565307,1.0008413304872188,1.0001564620398826,1.0001559671055167,1.0001564620398826,0.0006848684473361732
60365.360873352496,1.0001272250541475,1.0001558516150515,1.000155356054727,1.0001558516150515,-2.862656090396598e-05
60365.36105105192,0.9996528995465419,1.000155242237196,1.0001547460611115,1.000155242237196,-0.0005023426906540784
60365.36122875134,0.999496643132679,1.000154633906341,1.0001541371246956,1.000154633906341,-0.0006579907736619095
60365.36140645076,1.0008803297639672,1.0001540266224618,1.0001535292454542,1.0001540266224618,0.0007263031415054577
60365.36158415018,1.000340570729606,1.0001534203855331,1.0001529224233623,1.0001534203855331,0.0001871503440729061
60365.3617618496,1.000415347383303,1.0001528151956047,1.0001523166584694,1.0001528151956047,0.00026253218769833886
60365.361939549024,0.9997990423733872,1.000152211052627,1.0001517119507264,1.000152211052627,-0.00035316867923984585
60365.36211724844,1.0000259981723132,1.0001516079566501,1.0001511083001824,1.0001516079566501,-0.00012560978433695524
60365.36229494787,1.0003400866851107,1.0001510059076237,1.0001505057067883,1.0001510059076237,0.00018908077748691632
60365.362472647284,1.000306338227354,1.0001504049055976,1.0001499041705932,1.0001504049055976,0.0001559333217564518
60365.36265034671,1.0007315029407369,1.0001498049505226,1.000149303691548,1.0001498049505226,0.0005816979902142361
60365.36282804613,0.999948248502565,1.0001492060424477,1.0001487042697017,1.0001492060424477,-0.0002009575398826957
60365.36300574556,1.0008135278332733,1.0001486081812994,1.0001481059049808,1.0001486081812994,0.0006649196519739053
60365.36318344498,1.0002976592531112,1.0001480113671757,1.0001475085974836,1.0001480113671757,0.00014964788593552214
60365.3633611444,1.0004867206277668,1.000147415600003,1.000146912347136,1.000147415600003,0.0003393050277638032
60365.36353884383,0.9998026998363204,1.0001468208798059,1.0001463171539633,1.0001468208798059,-0.000344121043485468
60365.36371654325,1.0005880607241637,1.0001462272065844,1.000145723017965,1.0001462272065844,0.0004418335175793153
60365.36389424267,1.000487717811887,1.0001456345803628,1.000145129939165,1.0001456345803628,0.00034208323152418174
60365.364071942095,1.0000607993940416,1.0001450430010925,1.0001445379175158,1.0001450430010925,-8.424360705094891e-05
60365.36424964151,1.0006109229437647,1.0001444524688223,1.0001439469530646,1.0001444524688223,0.00046647047494241534
60365.36442734094,0.9999077934538639,1.0001438629835033,1.0001433570457643,1.0001438629835033,-0.00023606952963939332
60365.364605040355,1.000813192054208,1.000143274545184,1.000142768195662,1.000143274545184,0.0006699175090241205
60365.36478273978,1.000949431217954,1.000142687153816,1.0001421804027104,1.000142687153816,0.0008067440641381651
60365.3649604392,1.000151456935592,1.000142100809448,1.000141593666957,1.000142100809448,9.356126144055565e-06
60365.36513813862,1.0001740450716692,1.0001415155120312,1.0001410079883544,1.0001415155120312,3.2529559637950456e-05
60365.36531583804,1.0002086686939362,1.000140931261614,1.0001404233669497,1.000140931261614,6.77374323221347e-05
60365.365493537465,0.9995191993757537,1.0001403480581488,1.000139839802696,1.0001403480581488,-0.0006211486823950452
60365.36567123688,1.0005028865746817,1.0001397659016829,1.0001392572956405,1.0001397659016829,0.0003631206729988179
60365.36584893631,0.999689875221278,1.0001391847921686,1.0001386758457356,1.0001391847921686,-0.0004493095708906214
60365.36602663573,1.0000345682944196,1.00013860472963,1.000138095453005,1.00013860472963,-0.00010403643521028627
60365.36620433515,1.0006420709773407,1.0001380257140906,1.0001375161174726,1.0001380257140906,0.0005040452632500969
60365.36638203458,0.9999239731326592,1.0001374477454796,1.0001369378390674,1.0001374477454796,-0.00021347461282039681
60365.366559734,1.00017402206404,1.0001368708238916,1.000136360617884,1.0001368708238916,3.715124014846971e-05
60365.366737433425,1.000084494324021,1.0001362949492554,1.0001357844538512,1.0001362949492554,-5.1800625234355024e-05
60365.36691513284,1.000034070675035,1.000135720121618,1.0001352093470168,1.000135720121618,-0.00010164944658308528
60365.36709283227,1.0004279559439373,1.0001351463409331,1.0001346352973328,1.0001351463409331,0.0002928096030041516
60365.367270531686,0.9996459280877061,1.0001345736072473,1.0001340623048471,1.0001345736072473,-0.0004886455195411976
60365.36744823111,1.000087613341477,1.0001340019205136,1.0001334903695123,1.0001340019205136,-4.638857903649374e-05
60365.36762593053,0.9995469681754784,1.0001334312807786,1.0001329194913753,1.0001334312807786,-0.0005864631053001945
60365.36780362995,0.9999304298557652,1.000132861687996,1.0001323496703893,1.000132861687996,-0.00020243183223089822
60365.36798132937,1.00051897675629,1.0001322931422125,1.0001317809066013,1.0001322931422125,0.00038668361407756535
60365.36815902879,0.9996641597297764,1.0001317256434041,1.0001312131999873,1.0001317256434041,-0.00046756591362773214
60365.368336728214,1.000247055363944,1.0001311591915483,1.0001306465505249,1.0001311591915483,0.00011589617239571304
60365.36851442764,1.0005771944672406,1.000130593786668,1.0001300809582367,1.000130593786668,0.00044660068057256197
60365.368692127064,1.0001182695943922,1.0001300294287636,1.000129516423123,1.0001300294287636,-1.1759834371405375e-05
60365.36886982648,1.0002049094436578,1.0001294661178577,1.000128952945207,1.0001294661178577,7.544332580011748e-05
60365.369047525906,1.0007320409812044,1.0001289038539043,1.0001283905244422,1.0001289038539043,0.0006031371273000907
60365.36922522533,0.9987549302836044,1.0001283426369265,1.0001278291608522,1.0001283426369265,-0.001373412353322112
60365.369402924756,1.0003033924495384,1.0001277824669244,1.0001272688544365,1.0001277824669244,0.00017560998261401117
60365.369580624174,1.0002275673931427,1.0001272233439207,1.000126709605218,1.0001272233439207,0.0001003440492219898
60365.36975832359,0.9997238492825963,1.0001266652678926,1.000126151413174,1.0001266652678926,-0.0004028159852963453
60365.36993602302,0.9998372819516227,1.0001261082388173,1.0001255942782814,1.0001261082388173,-0.0002888262871946212
60365.370113722434,1.0003101684892972,1.00012555225674,1.0001250382005864,1.00012555225674,0.00018461623255716653
60365.37029142186,1.0003393291664455,1.000124997321616,1.0001244831800427,1.000124997321616,0.0002143318448295517
60365.37046912128,1.0001132034390048,1.0001244434334902,1.0001239292166966,1.0001244434334902,-1.1239994485379157e-05
60365.3706468207,0.9996215762409496,1.000123890592317,1.0001233763105017,1.000123890592317,-0.0005023143513674944
60365.37082452012,0.9994347943698871,1.0001233387981423,1.0001228244615044,1.0001233387981423,-0.0006885444282551667
60365.371002219545,0.9999266880367473,1.0001227880509205,1.0001222736696587,1.0001227880509205,-0.0001961000141731395
60365.37117991896,0.9998593128422733,1.000122238350697,1.00012172393501,1.000122238350697,-0.00026292550842366147
60365.37135761839,0.9992331844687343,1.0001216896974263,1.0001211752575132,1.0001216896974263,-0.0008885052286919937
60365.37153531781,1.000129888046987,1.0001211420911313,1.0001206276371908,1.0001211420911313,8.745955855760101e-06
60365.37171301723,1.0005015578176197,1.0001205955318342,1.0001200810740654,1.0001205955318342,0.0003809622857855466
60365.37189071666,1.0004198083955567,1.0001200500194682,1.0001195355680697,1.0001200500194682,0.0002997583760884215
60365.37206841608,0.9996858568400814,1.0001195055541225,1.000118991119293,1.0001195055541225,-0.0004336487140411682
60365.372246115505,1.0006938964161056,1.0001189621357298,1.0001184477276686,1.0001189621357298,0.0005749342803758051
60365.37242381492,1.0003073811006837,1.0001184197643351,1.0001179053932407,1.0001184197643351,0.00018896133634860313
60365.37260151434,1.0004016335453905,1.000117878439916,1.0001173641159875,1.000117878439916,0.00028375510547440363
60365.372779213765,0.9995924252862876,1.0001173381624502,1.0001168238958862,1.0001173381624502,-0.0005249128761626309
60365.37295691318,1.0000714055376672,1.000116798931982,1.0001162847329819,1.000116798931982,-4.53933943147522e-05
60365.37313461261,1.0003204950818712,1.0001162607484675,1.0001157466272295,1.0001162607484675,0.00020423433340366337
60365.373312312026,1.0005414645998958,1.0001157236119504,1.0001152095786738,1.0001157236119504,0.00042574098794534443
60365.37349001145,1.0006673107685686,1.000115187522387,1.0001146735872704,1.000115187522387,0.0005521232461815906
60365.37366771087,1.0002505369428865,1.0001146524798212,1.0001141386530636,1.0001146524798212,0.00013588446306522783
60365.373845410286,0.9991866411259497,1.000114118484231,1.000113604776031,1.000114118484231,-0.0009274773582813589
60365.37402310971,0.9991815832223215,1.0001135855355943,1.000113071956151,1.0001135855355943,-0.0009320023132727284
60365.374200809136,1.0000440566342428,1.0001130536339333,1.0001125401934456,1.0001130536339333,-6.89969996905404e-05
60365.37437850856,1.0009390944670118,1.000112522779248,1.0001120094879146,1.000112522779248,0.0008265716877637885
60365.37455620798,1.0003993969179068,1.0001119929715598,1.0001114798395798,1.0001119929715598,0.00028740394634696464
60365.3747339074,1.0010941741739254,1.0001114642108255,1.0001109512483977,1.0001114642108255,0.0009827099630999037
60365.37491160683,1.0002561736097346,1.000110936497067,1.00011042371439,1.000110936497067,0.00014523711266756223
60365.375089306246,1.0002645183423704,1.0001104098303057,1.0001098972375784,1.0001104098303057,0.0001541085120646546
60365.37526700567,1.000331776881093,1.0001098842104983,1.0001093718179197,1.0001098842104983,0.00022189267059480322
60365.37544470509,1.0007442222816576,1.000109359637688,1.0001088474554571,1.000109359637688,0.0006348626439696137
60365.375622404514,0.9994776675707692,1.0001088361118318,1.0001083241501472,1.0001088361118318,-0.0006311685410625989
60365.37580010393,0.9990228104356358,1.0001083136329727,1.0001078019020333,1.0001083136329727,-0.0010855031973369123
60365.37597780335,1.0001633884354526,1.000107792201089,1.0001072807110938,1.000107792201089,5.559623436357519e-05
60365.376155502774,1.0000725039428986,1.0001072718161597,1.0001067605773073,1.0001072718161597,-3.4767873261065674e-05
60365.37633320219,1.0001780140227137,1.0001067524782272,1.0001062415007165,1.0001067524782272,7.126154448644506e-05
60365.37651090162,1.0000359455522498,1.000106234187249,1.0001057234812791,1.000106234187249,-7.028863499924931e-05
60365.376688601034,0.9997829423898811,1.0001057169432674,1.000105206519037,1.0001057169432674,-0.0003227745533863624
60365.37686630045,1.0000931581620478,1.0001052007462616,1.0001046906139697,1.0001052007462616,-1.2042584213833862e-05
60365.377043999884,1.0007757983258465,1.000104685596189,1.0001041757660345,1.000104685596189,0.0006711127296574748
60365.3772216993,1.000567380933366,1.0001041714931345,1.0001036619753156,1.0001041714931345,0.00046320944023148236
60365.37739939873,0.998889261193099,1.0001036584370342,1.0001031492417505,1.0001036584370342,-0.001214397243935239
60365.37757709815,1.0002578719590767,1.0001031464279098,1.0001026375653597,1.0001031464279098,0.00015472553116691046
60365.37775479757,1.0001483993928382,1.0001026354657816,1.0001021269461643,1.0001026354657816,4.5763927056574616e-05
60365.377932496995,1.0006675767870234,1.0001021255506082,1.0001016173841224,1.0001021255506082,0.0005654512364152708
60365.37811019641,0.9999896931960733,1.0001016166824312,1.000101108879276,1.0001016166824312,-0.00011192348635791216
60365.37828789584,0.9996844289248956,1.000101108861209,1.0001006014315827,1.000101108861209,-0.0004166799363134466
60365.378465595255,1.0001601666333169,1.0001006020869831,1.0001000950410852,1.0001006020869831,5.956454633371244e-05
60365.37864329467,0.9998982486024673,1.000100096359733,1.0000995897077618,1.000100096359733,-0.00020184775726572735
60365.3788209941,0.9997339135037656,1.0000995916794375,1.000099085431592,1.0000995916794375,-0.00036567817567190186
60365.378998693515,0.9999165720241691,1.0000990880461382,1.0000985822126176,1.0000990880461382,-0.00018251602196917016
60365.37917639293,1.0001465064261168,1.0000985854598148,1.0000980800508175,1.0000985854598148,4.7920966302017476e-05
60365.37935409236,0.999733475116134,1.000098083920446,1.0000975789461712,1.000098083920446,-0.0003646088043121054
60365.379531791776,1.0001337388669105,1.0000975834280734,1.0000970788987198,1.0000975834280734,3.615543883705996e-05
60365.37970949121,0.9996008376041347,1.0000970839826357,1.000096579908402,1.0000970839826357,-0.0004962463785010973
60365.379887190626,1.000088755452572,1.000096585584214,1.0000960819752995,1.000096585584214,-7.830131642183602e-06
60365.38006489004,1.000006688724784,1.0000960882327685,1.0000955850993716,1.0000960882327685,-8.939950798447782e-05
60365.380242589476,0.999959031022908,1.0000955919282577,1.0000950892805773,1.0000955919282577,-0.0001365609053497474
60365.38042028889,0.9987909790267602,1.000095096670763,1.000094594518998,1.000095096670763,-0.0013041176440027336
60365.38059798831,1.0008813303770494,1.0000946024602435,1.0000941008145932,1.0000946024602435,0.000786727916805896
60365.380775687736,0.9995656196097337,1.00009410929668,1.0000936081673426,1.00009410929668,-0.0005284896869462985
60365.38095338715,1.0003550034813322,1.0000936171801118,1.0000931165772868,1.0000936171801118,0.00026138630122041207
60365.38113108658,1.000452472733276,1.000093126110499,1.000092626044385,1.000093126110499,0.00035934662277692375
60365.381308785996,1.0004524410714146,1.0000926360878823,1.000092136568678,1.0000926360878823,0.00035980498353227475
60365.381486485414,1.0002771389249827,1.0000921471122408,1.000091648150145,1.0000921471122408,0.00018499181274189702
60365.38166418484,1.0005364305318851,1.000091659183555,1.0000911607887668,1.000091659183555,0.0004447713483302085
60365.38184188426,1.0021935601762542,1.0000911723018646,1.0000906744845828,1.0000911723018646,0.002102387874389544
60365.382019583674,1.0000434160378993,1.00009068646715,1.0000901892375733,1.00009068646715,-4.72704292506787e-05
60365.3821972831,1.000052460546433,1.0000902016793909,1.0000897050477182,1.0000902016793909,-3.7741132957958e-05
60365.38237498252,1.0005783948362883,1.000089717938627,1.0000892219150574,1.000089717938627,0.0004886768976612998
60365.38255268195,1.0000817372756714,1.0000892352447994,1.0000887398395317,1.0000892352447994,-7.49796912802303e-06
60365.38273038137,1.0002830794530622,1.000088753597987,1.0000882588212199,1.000088753597987,0.00019432585507517253
60365.382908080785,0.9995569785917086,1.00008827299815,1.0000877788600824,1.00008827299815,-0.000531294406441396
60365.38308578022,1.0000457294811511,1.0000877934452495,1.00008729995608,1.0000877934452495,-4.206396409833779e-05
60365.383263479634,0.9998639486164621,1.0000873149393634,1.0000868221092913,1.0000873149393634,-0.00022336632290131941
60365.38344117905,1.000230957372558,1.0000868374804532,1.000086345319677,1.0000868374804532,0.00014411989210483256
60365.38361887848,1.0001136709266116,1.0000863610684991,1.000085869587218,1.0000863610684991,2.7309858112500862e-05
60365.383796577895,1.0000112936574355,1.0000858857035397,1.0000853949119524,1.0000858857035397,-7.45920461042715e-05
60365.38397427731,1.0005673777423154,1.0000854113855562,1.0000849212938614,1.0000854113855562,0.0004819663567592336
60365.38415197674,1.0006423776084041,1.0000849381145287,1.0000844487329252,1.0000849381145287,0.0005574394938754335
60365.384329676155,1.0004117519400297,1.0000844658904962,1.0000839772291832,1.0000844658904962,0.00032728604953358165
60365.38450737558,0.9996379773971508,1.0000839947134197,1.0000835067825962,1.0000839947134197,-0.0004460173162689207
60365.384685075,0.9996566499703138,1.0000835245833384,1.0000830373932028,1.0000835245833384,-0.00042687461302459706
60365.384862774416,1.0005381508463365,1.0000830555002325,1.0000825690609836,1.0000830555002325,0.00045509534610399527
60365.38504047384,1.0006556677372012,1.000082587464083,1.00008210178592,1.000082587464083,0.0005730802731180873
60365.38521817326,1.000521455002962,1.0000821204749284,1.00008163556805,1.0000821204749284,0.00043933452803357476
60365.38539587268,0.9994527477954422,1.00008165453273,1.000081170407335,1.00008165453273,-0.000628906737287771
60365.38557357211,1.001322409902753,1.0000811896375073,1.0000807063037949,1.0000811896375073,0.001241220265245646
60365.385751271526,1.000023871617235,1.000080725789279,1.0000802432574478,1.000080725789279,-5.685417204404075e-05
60365.38592897095,0.9991969807733376,1.0000802629880075,1.0000797812682565,1.0000802629880075,-0.0008832822146698227
60365.386106670376,1.0010830899702203,1.0000798012337118,1.0000793203362395,1.0000798012337118,0.0010032887365085674
60365.38628436979,1.0000210945099703,1.0000793405264103,1.0000788604614157,1.0000793405264103,-5.824601644000005e-05
60365.38646206921,1.0000708971475676,1.0000788808660843,1.0000784016437665,1.0000788808660843,-7.983718516735294e-06
60365.386639768636,1.0000360492160718,1.0000784222527153,1.0000779438832728,1.0000784222527153,-4.237303664345049e-05
60365.386817468054,1.0010045269782353,1.0000779646863407,1.0000774871799725,1.0000779646863407,0.0009265622918945837
60365.38699516747,1.0003142225216397,1.0000775081669413,1.0000770315338463,1.0000775081669413,0.0002367143546984085
60365.3871728669,1.0001391227466032,1.0000770526944989,1.0000765769448763,1.0000770526944989,6.207005210434602e-05
60365.387350566314,1.000304344238336,1.000076598269051,1.0000761234130988,1.000076598269051,0.00022774596928498703
60365.38752826573,1.0003662055544615,1.0000761448905782,1.0000756709384961,1.0000761448905782,0.0002900606638833736
60365.38770596516,1.00072828314763,1.0000756925590626,1.0000752195210492,1.0000756925590626,0.000652590588567481
60365.387883664574,1.0005615202837936,1.0000752412745413,1.0000747691607952,1.0000752412745413,0.000486279009252355
60365.388061364,1.0001396489957664,1.000074791036977,1.000074319857697,1.000074791036977,6.485795878941047e-05
60365.388239063424,1.0002517959548631,1.0000743418463882,1.0000738716117736,1.0000743418463882,0.00017745410847491705
60365.38841676284,1.0006223487999637,1.0000738937027933,1.0000734244230427,1.0000738937027933,0.0005484550971703861
60365.38859446226,0.9996316039050581,1.000073446606174,1.0000729782914863,1.000073446606174,-0.00044184270111591317
60365.38877216169,0.999888847866478,1.0000730005564937,1.0000725332170681,1.0000730005564937,-0.00018415269001570422
60365.38894986111,1.0005729431215145,1.0000725555538257,1.0000720891998605,1.0000725555538257,0.0005003875676887759
60365.38912756053,1.0002843809668518,1.000072111598133,1.0000716462398274,1.000072111598133,0.0002122693687187649
60365.38930525995,1.0004325995944865,1.0000716686893978,1.0000712043369504,1.0000716686893978,0.00036093090508870773
60365.38948295937,1.0005428180264366,1.0000712268276566,1.0000707634912662,1.0000712268276566,0.0004715911987800414
60365.38966065879,0.999705540860699,1.0000707860128903,1.0000703237027564,1.0000707860128903,-0.00036524515219138465
60365.38983835821,0.9997852961060857,1.000070346245082,1.000069884971403,1.000070346245082,-0.00028505013899626785
60365.39001605763,1.000487125004039,1.0000699075242674,1.0000694472972418,1.0000699075242674,0.0004172174797716366
60365.39019375705,0.9991916862380451,1.000069469850428,1.0000690106802552,1.000069469850428,-0.0008777836123828875
60365.39037145647,1.0004170440441398,1.0000690332235462,1.0000685751204248,1.0000690332235462,0.00034801082059354727
60365.39054915589,1.0000210938121814,1.0000685976436583,1.0000681406177871,1.0000685976436583,-4.7503831476891634e-05
60365.39072685531,0.9998073741248578,1.0000681631107455,1.0000677071723234,1.0000681631107455,-0.0002607889858877721
60365.39090455474,1.0005708149226165,1.000067729624773,1.0000672747839991,1.000067729624773,0.0005030852978433753
60365.39108225416,1.0008238996082728,1.0000672971858113,1.0000668434528845,1.0000672971858113,0.0007566024224614498
60365.391259953576,1.0003136623156228,1.0000668657938256,1.0000664131789443,1.0000668657938256,0.0002467965217971546
60365.391437653,0.9999699652081269,1.0000664354487976,1.0000659839621608,1.0000664354487976,-9.647024067072074e-05
60365.391615352426,0.9997470840861518,1.0000660061507451,1.000065555802552,1.0000660061507451,-0.00031892206459338546
60365.391793051844,1.0001288435026234,1.0000655778996856,1.000065128700135,1.0000655778996856,6.326560293778982e-05
60365.39197075126,1.000517435462194,1.000065150695602,1.0000647026548923,1.000065150695602,0.0004522847665919816
60365.39214845069,0.9998874797141662,1.0000647245384764,1.0000642776668067,1.0000647245384764,-0.000177244824310141
60365.392326150104,0.9999142639034936,1.0000642994283437,1.000063853735913,1.0000642994283437,-0.00015003552485015614
60365.39250384952,0.9999175073785762,1.0000638753651867,1.0000634308621936,1.0000638753651867,-0.0001463679866104961
60365.39268154895,1.0005773792068018,1.0000634523489877,1.0000630090456313,1.0000634523489877,0.0005139268578140399
60365.392859248364,0.9993219032456663,1.0000630303797817,1.0000625882862608,1.0000630303797817,-0.0007411271341154491
60365.39303694778,1.0004467399877264,1.0000626094575513,1.0000621685840647,1.0000626094575513,0.00038413053017505305
60365.39321464721,1.000757216391144,1.0000621895822792,1.0000617499390259,1.0000621895822792,0.000695026808864796
60365.393392346625,0.9997985487810632,1.0000617707539998,1.0000613323511784,1.0000617707539998,-0.0002632219729366003
60365.39357004604,1.0003508090713482,1.000061352972696,1.0000609158205056,1.000061352972696,0.00028945609865216326
60365.39374774547,0.9992712034081268,1.0000609362383508,1.0000605003469898,1.0000609362383508,-0.0007897328302239881
60365.39392544489,1.0003977250645104,1.000060520550981,1.0000600859306488,1.000060520550981,0.00033720451352947656
60365.39410314431,1.000023890988992,1.0000601059106038,1.0000596725714992,1.0000601059106038,-3.621492161176576e-05
60365.394280843735,1.0005480891222058,1.0000596923171852,1.0000592602695069,1.0000596923171852,0.0004883968050206633
60365.39445854316,0.9997737722471833,1.0000592797707424,1.0000588490246893,1.0000592797707424,-0.0002855075235590476
60365.39463624258,1.0000885935431847,1.000058868271292,1.0000584388370628,1.000058868271292,2.972527189259999e-05
60365.394813941995,0.9994159008666379,1.000058457818817,1.0000580297066108,1.000058457818817,-0.0006425569521790742
60365.39499164141,1.0001947666433897,1.0000580484133177,1.000057621633333,1.0000580484133177,0.00013671823007199713
60365.39516934084,1.0009182704650297,1.0000576400547772,1.0000572146172133,1.0000576400547772,0.0008606304102525275
60365.395347040256,1.000336594894848,1.0000572327432289,1.0000568086582844,1.0000572327432289,0.00027936215161905587
60365.39552473967,1.0001563337792356,1.0000568264786562,1.00005640375653,1.0000568264786562,9.950730057939339e-05
60365.3957024391,1.0001159492016343,1.0000564212610423,1.0000559999119332,1.0000564212610423,5.952794059194133e-05
60365.395880138516,1.0009517023250383,1.0000560170904207,1.0000555971245277,1.0000560170904207,0.0008956852346175825
60365.396057837934,1.0002063441561269,1.0000556139667747,1.0000551953942964,1.0000556139667747,0.0001507301893521884
60365.39623553735,0.9997761074586058,1.000055211890104,1.0000547947212397,1.000055211890104,-0.00027910443149825603
60365.396413236784,0.9998382063051833,1.0000548108603764,1.0000543951053247,1.0000548108603764,-0.00021660455519312283
60365.3965909362,1.0009860087283429,1.0000544108776568,1.0000539965466164,1.0000544108776568,0.0009315978506860834
60365.39676863562,1.0000155897558092,1.000054011941913,1.0000535990450827,1.000054011941913,-3.8422186103836964e-05
60365.396946335044,0.9999203626839687,1.0000536140531284,1.0000532026007074,1.0000536140531284,-0.00013325136915975921
60365.39712403447,1.000055434367138,1.0000532172113195,1.0000528072135066,1.0000532172113195,2.2171558184957973e-06
60365.39730173389,1.0002116992430496,1.000052821416502,1.0000524128834962,1.000052821416502,0.00015887782654755433
60365.397479433304,1.0003054996993896,1.0000524266686606,1.0000520196106604,1.0000524266686606,0.0002530730307290785
60365.39765713273,1.0001674377416416,1.0000520329677784,1.0000516273949827,1.0000520329677784,0.00011540477386318138
60365.39783483215,0.9993519258797289,1.0000516403138877,1.0000512362364955,1.0000516403138877,-0.0006997144341588379
60365.398012531565,1.0000491847960418,1.0000512487069728,1.0000508461351827,1.0000512487069728,-2.0639109310494064e-06
60365.39819023098,1.0002228897571201,1.0000508581470333,1.0000504570910445,1.0000508581470333,0.00017203161008683132
60365.39836793041,0.9992665968804164,1.0000504686340534,1.0000500691040646,1.0000504686340534,-0.0007838717536370332
60365.398545629825,1.0000546775565133,1.0000500801680652,1.0000496821742753,1.0000500801680652,4.597388448157602e-06
60365.39872332924,1.000227786381123,1.000049692749052,1.0000492963016598,1.000049692749052,0.00017809363207099693
60365.39890102867,1.0006064895437896,1.000049306376999,1.0000489114862035,1.000049306376999,0.0005571831667905425
60365.399078728085,1.0004017675248416,1.0000489210519374,1.0000485277279372,1.0000489210519374,0.0003528464729041225
60365.39925642751,0.9993765410599804,1.0000485367738354,1.0000481450268297,1.0000485367738354,-0.0006719957138550114
60365.39943412693,0.9999430759459345,1.0000481535427248,1.0000477633829121,1.0000481535427248,-0.00010507759679034834
60365.39961182635,1.0004290437712176,1.000047771358574,1.0000473827961534,1.000047771358574,0.0003812724126435185
60365.39978952578,1.0004848713128491,1.0000473902213989,1.0000470032665694,1.0000473902213989,0.0004374810914502536
60365.399967225196,1.0002366536608907,1.000047010131215,1.000046624794175,1.000047010131215,0.00018964352967554277
60365.40014492461,1.0002796431913412,1.0000466310880067,1.0000462473789553,1.0000466310880067,0.00023301210333448452
60365.40032262404,1.0001321832127639,1.0000462530917584,1.0000458710208944,1.0000462530917584,8.593012100543973e-05
60365.400500323456,1.0003417370858225,1.000045876142501,1.0000454957200233,1.000045876142501,0.0002958609433214576
60365.400678022874,1.000504970225312,1.0000455002402193,1.0000451214763266,1.0000455002402193,0.0004594699850926087
60365.40085572229,0.9998798072637441,1.000045125384913,1.0000447482898045,1.000045125384913,-0.0001653181211688226
60365.40103342172,1.0000409482816606,1.0000447515765671,1.0000443761604414,1.0000447515765671,-3.8032949065680555e-06
60365.401211121134,1.0005356317037963,1.000044378815212,1.000044005088268,1.000044378815212,0.0004912528885843148
60365.40138882055,1.000216154455792,1.0000440071008323,1.0000436350732689,1.0000440071008323,0.00017214735495962863
60365.40156651997,0.9987353116662957,1.0000436364334284,1.0000432661154441,1.0000436364334284,-0.001308324767132718
60365.401744219394,1.0003114040226162,1.0000432668129848,1.0000428982147789,1.0000432668129848,0.00026813720963136944
60365.40192191881,1.0003919953043081,1.0000428982395317,1.0000425313713033,1.0000428982395317,0.00034909706477637137
60365.40209961824,1.0002963627865038,1.0000425307130394,1.0000421655849867,1.0000425307130394,0.0002538320734644106
60365.402277317655,0.9996190040104426,1.0000421642335375,1.0000418008558598,1.0000421642335375,-0.0004231602230949649
60365.40245501708,0.9999780006359733,1.0000417988009964,1.0000414371838922,1.0000417988009964,-6.379816502311009e-05
60365.402632716505,1.0000624339496222,1.0000414344154307,1.0000410745690993,1.0000414344154307,2.0999534191545877e-05
60365.40281041592,1.0000711733527112,1.0000410710768555,1.0000407130114954,1.0000410710768555,3.0102275855758975e-05
60365.40298811534,0.9995169686741144,1.000040708785256,1.0000403525110662,1.000040708785256,-0.0005237401111416462
60365.403165814765,0.9995209031070031,1.0000403475406172,1.0000399930677966,1.0000403475406172,-0.0005194444336140691
60365.40334351418,1.0002095941993012,1.0000399873429686,1.000039634681716,1.0000399873429686,0.00016960685633260475
60365.4035212136,1.0006931213179702,1.0000396281922956,1.0000392773528097,1.0000396281922956,0.0006534931256745313
60365.40369891302,1.0001004966641533,1.000039270088598,1.000038921081078,1.000039270088598,6.122657555529543e-05
60365.40387661244,0.9996506076180732,1.0000389130318617,1.0000385658665063,1.0000389130318617,-0.00038830541378842565
60365.40405431186,0.9998891838102536,1.0000385570221155,1.0000382117091233,1.0000385570221155,-0.0001493732118619251
60365.40423201128,1.0001831003781103,1.0000382020593446,1.0000378586089147,1.0000382020593446,0.00014489831876574044
60365.404409710696,0.9998926954396504,1.0000378481435495,1.0000375065658806,1.0000378481435495,-0.0001451527038990319
60365.404587410114,1.0004551745372854,1.0000374952747295,1.0000371555800207,1.0000374952747295,0.00041767926255587007
60365.40476510954,1.0000973035350609,1.000037143452871,1.0000368056513211,1.000037143452871,6.0160082189897324e-05
60365.404942808964,0.999935709448223,1.000036792677988,1.0000364567797961,1.000036792677988,-0.00010108322976509765
60365.40512050838,1.0000678511593861,1.0000364429500952,1.0000361089654595,1.0000364429500952,3.140820929092847e-05
60365.4052982078,0.999854050432886,1.0000360942691775,1.0000357622082972,1.0000360942691775,-0.00018204383629150112
60365.40547590723,0.9999961434988343,1.0000357466352072,1.0000354165082812,1.0000357466352072,-3.960313637296764e-05
60365.40565360665,1.0004033326555635,1.0000354000482408,1.000035071865468,1.0000354000482408,0.0003679326073227074
60365.40583130607,0.9999549182392469,1.0000350545082501,1.0000347282798292,1.0000350545082501,-8.013626900327253e-05
60365.406009005485,0.9993760357597377,1.0000347100152347,1.000034385751365,1.0000347100152347,-0.0006586742554970382
60365.40618670491,1.0001308032661484,1.0000343665691809,1.0000340442800606,1.0000343665691809,9.643669696757229e-05
60365.40636440433,0.9998270201855561,1.0000340241701169,1.000033703865945,1.0000340241701169,-0.00020700398456074964
60365.406542103745,1.000180105820457,1.000033682818028,1.0000333645090038,1.000033682818028,0.00014642300242884154
60365.40671980316,0.9996528017345871,1.000033342512915,1.000033026209237,1.000033342512915,-0.0003805407783279424
60365.40689750258,1.000366171814684,1.0000330032547775,1.0000326889666444,1.0000330032547775,0.0003331685599063938
60365.407075202005,1.0002316448500579,1.0000326650436016,1.0000323527812127,1.0000326650436016,0.00019897980645633417
60365.40725290142,0.9996881571544468,1.0000323278794152,1.000032017652969,1.0000323278794152,-0.0003441707249683956
60365.40743060084,1.0005803932569834,1.0000319917622043,1.0000316835818999,1.0000319917622043,0.0005484014947791938
60365.407608300266,1.0002333735519664,1.0000316566919552,1.0000313505679912,1.0000316566919552,0.00020171686001124733
60365.40778599968,1.0005707365881724,1.0000313226686954,1.0000310186112709,1.0000313226686954,0.0005394139194769831
60365.40796369911,1.0004086201034394,1.0000309896923976,1.000030687711711,1.0000309896923976,0.0003776304110418849
60365.40814139853,0.999857735570379,1.000030657763075,1.0000303578693261,1.000030657763075,-0.00017292219269604558
60365.40831909795,1.0004948931409965,1.000030326880742,1.0000300290841289,1.000030326880742,0.0004645662602544842
60365.40849679737,0.9996259663193588,1.0000299970453845,1.0000297013561061,1.0000299970453845,-0.0004040307260256837
60365.40867449679,1.0004266577135936,1.000029668256989,1.0000293746852444,1.000029668256989,0.00039698945660471274
60365.40885219621,1.0004285918973315,1.0000293405155825,1.0000290490715704,1.0000293405155825,0.00039925138174901065
60365.40902989563,1.0010095993654222,1.0000290138211516,1.0000287245150707,1.0000290138211516,0.0009805855442706068
60365.40920759505,1.0012570087762536,1.000028688173696,1.0000284010157456,1.000028688173696,0.0012283206025576199
60365.409385294464,1.0000673783368144,1.0000283635732163,1.0000280785735947,1.0000283635732163,3.901476359802203e-05
60365.40956299389,0.999822667961971,1.0000280400196986,1.0000277571886051,1.0000280400196986,-0.00020537205772763745
60365.40974069331,1.0001679123139458,1.0000277175131698,1.000027436860803,1.0000277175131698,0.00014019480077598345
60365.409918392725,1.000317931422602,1.0000273960536163,1.0000271175901756,1.0000273960536163,0.00029053536898571153
60365.41009609214,0.9998683429604194,1.0000270756410388,1.0000267993767222,1.0000270756410388,-0.00015873268061938894
60365.41027379156,1.0000127573294872,1.0000267562754366,1.0000264822204437,1.0000267562754366,-1.399894594933393e-05
60365.41045149099,1.000105409096022,1.000026437956784,1.0000261661213135,1.000026437956784,7.897113923793775e-05
60365.41062919041,1.0001485240102066,1.000026120685133,1.0000258510793834,1.000026120685133,0.0001224033250735168
60365.41080688983,1.0008525719105226,1.0000258044604575,1.0000255370946278,1.0000258044604575,0.0008267674500650468
60365.41098458925,1.0003148976405005,1.0000254892827445,1.0000252241670338,1.0000254892827445,0.000289408357756038
60365.41116228867,1.0011142172267269,1.0000251751520202,1.0000249122966272,1.0000251751520202,0.0010890420747067253
60365.41133998809,1.0002016359103127,1.0000248620682715,1.0000246014833947,1.0000248620682715,0.000176773842041289
60365.41151768751,0.9996739610815214,1.0000245500314853,1.000024291727324,1.0000245500314853,-0.00035058894996387036
60365.41169538693,0.9997581227979043,1.0000242390416874,1.0000239830284405,1.0000242390416874,-0.0002661162437830322
60365.41187308635,1.000392279572739,1.0000239290988653,1.0000236753867315,1.0000239290988653,0.0003683504738736243
60365.412050785766,1.0000665165557237,1.0000236202030186,1.0000233688021967,1.0000236202030186,4.2896352705046326e-05
60365.412228485184,1.0004560107598925,1.0000233123541475,1.0000230632748366,1.0000233123541475,0.0004326984057450023
60365.41240618461,1.000854484422275,1.0000230055522394,1.000022758804638,1.0000230055522394,0.0008314788700356512
60365.41258388403,1.0007970957329773,1.0000226997973192,1.0000224553916266,1.0000226997973192,0.0007743959356580898
60365.412761583444,1.0002280537266324,1.000022395089375,1.0000221530357893,1.000022395089375,0.00020565863725741096
60365.41293928286,0.9994915671857916,1.000022091428406,1.0000218517371267,1.000022091428406,-0.0005305242426143497
60365.41311698228,1.0007451960250302,1.0000217888144125,1.000021551495638,1.0000217888144125,0.0007234072106176992
60365.413294681704,1.0004290784671144,1.0000214872473823,1.0000212523113121,1.0000214872473823,0.0004075912197321063
60365.41347238113,1.0001442171040638,1.0000211867273276,1.0000209541841603,1.0000211867273276,0.00012303037673611072
60365.41365008055,0.9996194785322393,1.0000208872542609,1.0000206571141952,1.0000208872542609,-0.00040140872202154565
60365.41382777997,0.9992905119819215,1.0000205888281575,1.0000203611013923,1.0000205888281575,-0.0007300768462359386
60365.41400547939,0.9993683740159925,1.000020291449042,1.000020066145776,1.000020291449042,-0.000651917433049376
60365.41418317881,0.9996160978482735,1.0000199951169018,1.000019772247334,1.0000199951169018,-0.0004038972686282172
60365.41436087823,1.0006814980146876,1.000019699831725,1.0000194794060546,1.000019699831725,0.0006617981829626363
60365.41453857765,1.000038833401848,1.000019405593536,1.0000191876219615,1.000019405593536,1.942780831187818e-05
60365.41471627707,1.0000512065516223,1.0000191124023226,1.000018896895043,1.0000191124023226,3.2094149299721764e-05
60365.414893976485,1.0005468101670618,1.0000188202580849,1.0000186072252986,1.0000188202580849,0.0005279899089769557
60365.4150716759,1.000694564630447,1.0000185291608223,1.0000183186127287,1.0000185291608223,0.0006760354696246917
60365.41524937532,0.9994922471504994,1.0000182391105357,1.000018031057333,1.0000182391105357,-0.0005259919600362206
60365.415427074746,1.0006920974312972,1.0000179501072124,1.0000177445591003,1.0000179501072124,0.0006741473240847728
60365.41560477416,1.0004603903596756,1.0000176621508765,1.0000174591180535,1.0000176621508765,0.00044272820879909247
60365.41578247358,1.0001113099425527,1.0000173752415165,1.0000171747341813,1.0000173752415165,9.393470103624679e-05
60365.415960173006,1.0001693595014363,1.00001708937912,1.0000168914074716,1.00001708937912,0.0001522701223162226
60365.416137872424,0.9992430417096757,1.0000168045637108,1.0000166091379483,1.0000168045637108,-0.000773762854035076
60365.41631557184,0.9999695539560594,1.0000165207952771,1.0000163279255991,1.0000165207952771,-4.696683921778799e-05
60365.41649327127,0.9994641858122713,1.0000162380738078,1.0000160477704132,1.0000162380738078,-0.0005520522615365397
60365.41667097069,1.000112169657816,1.0000159563993138,1.0000157686724014,1.0000159563993138,9.621325850206475e-05
60365.41684867011,1.0007780279622487,1.0000156757718068,1.0000154906315755,1.0000156757718068,0.0007623521904418507
60365.41702636953,0.9991863934759513,1.0000153961912754,1.000015213647924,1.0000153961912754,-0.0008290027153241564
60365.417204068945,0.9997826263924181,1.0000151176577197,1.0000149377214471,1.0000151176577197,-0.00023249126530155984
60365.41738176836,0.9998503481900055,1.0000148401711393,1.0000146628521442,1.0000148401711393,-0.00016449198113377417
60365.41755946778,0.9998895936619866,1.0000145637315347,1.0000143890400162,1.0000145637315347,-0.00012497006954814704
60365.417737167205,1.0001823942187829,1.0000142883388943,1.0000141162850509,1.0000142883388943,0.0001681058798885804
60365.41791486662,1.0003168389896295,1.0000140139932405,1.0000138445872717,1.0000140139932405,0.0003028249963890062
60365.41809256604,1.0001861876793365,1.0000137406945624,1.0000135739466665,1.0000137406945624,0.00017244698477414389
60365.41827026546,0.9989211229050617,1.0000134684428599,1.000013304363236,1.0000134684428599,-0.001092345537798134
60365.418447964876,1.000417045524003,1.0000131972381328,1.0000130358369794,1.0000131972381328,0.0004038482858701453
60365.41862566429,1.000088563822901,1.0000129270803813,1.0000127683678977,1.0000129270803813,7.563674251964692e-05
60365.41880336372,1.0007610572201449,1.0000126579695943,1.0000125019559791,1.0000126579695943,0.000748399250550591
60365.41898106314,1.0003526630653008,1.000012389905783,1.0000122366012354,1.000012389905783,0.00034027315951790094
60365.41915876256,1.0000000953899555,1.0000121228889582,1.0000119723036767,1.0000121228889582,-1.2027499002753572e-05
60365.419336461986,1.0004249622051635,1.000011856919098,1.0000117090632816,1.000011856919098,0.0004131052860654183
60365.419514161404,1.000388250725278,1.0000115919962242,1.0000114468800718,1.0000115919962242,0.0003766587290536805
60365.41969186082,1.0002761173479708,1.0000113281203262,1.0000111857540364,1.0000113281203262,0.0002647892276446129
60365.41986956024,1.0005840181485923,1.0000110652914034,1.0000109256851752,1.0000110652914034,0.0005729528571889464
60365.42004725966,0.9994781900272772,1.0000108035094564,1.0000106666734887,1.0000108035094564,-0.0005326134821791451
60365.42022495908,0.9997775493751279,1.000010542774474,1.0000104087189658,1.000010542774474,-0.00023299339934623742
60365.4204026585,0.9997696016077142,1.000010283086478,1.000010151821628,1.000010283086478,-0.00024068147876388224
60365.42058035792,0.9994557936673215,1.0000100244454577,1.0000098959814645,1.0000100244454577,-0.000554230778136211
60365.420758057335,1.0003282135529759,1.0000097668514127,1.0000096411984756,1.0000097668514127,0.00031844670156311317
60365.42093575675,0.9992386337834279,1.0000095103043432,1.0000093874726608,1.0000095103043432,-0.0007708765209152313
60365.42111345617,1.0001742276733399,1.0000092548042494,1.0000091348040208,1.0000092548042494,0.00016497286909045172
60365.42129115559,1.0003987681596456,1.000009000351131,1.0000088831925547,1.000009000351131,0.0003897678085145184
60365.42146885501,0.9997000602682279,1.0000087469449779,1.0000086326382531,1.0000087469449779,-0.00030868667674999184
60365.42164655444,1.0002113548549507,1.0000084945858005,1.0000083831411257,1.0000084945858005,0.00020286026915017352
60365.421824253855,0.9996683062101263,1.0000082432736086,1.000008134701183,1.0000082432736086,-0.00033993706348234287
60365.42200195327,1.0003733298926356,1.0000079930083925,1.0000078873184148,1.0000079930083925,0.00036533688424311705
60365.4221796527,1.0008801950012542,1.0000077437901418,1.000007640992811,1.0000077437901418,0.0008724512111124572
60365.422357352116,1.000168937150635,1.0000074956188767,1.0000073957243916,1.0000074956188767,0.00016144153175834397
60365.42253505153,1.0009103029420565,1.0000072484945872,1.0000071515131466,1.0000072484945872,0.0009030544474692981
60365.42271275095,0.9998269696474095,1.0000070024172734,1.000006908359076,1.0000070024172734,-0.0001800327698638915
60365.422890450376,1.0006488176541524,1.000006757386925,1.0000066662621698,1.000006757386925,0.0006420602672274622
60365.423068149794,0.9996485283346559,1.000006513403562,1.0000064252224479,1.000006513403562,-0.00035798506890616366
60365.42324584921,1.0002544673664044,1.0000062704671748,1.0000061852399005,1.0000062704671748,0.0002481968992296135
60365.42342354863,1.0000539822651355,1.000006028577763,1.0000059463145274,1.000006028577763,4.7953687372537246e-05
60365.42360124805,1.0005880384440617,1.0000057877353268,1.000005708446329,1.0000057877353268,0.000582250708734966
60365.423778947465,0.9996772410977318,1.0000055479398662,1.0000054716353046,1.0000055479398662,-0.0003283068421343627
60365.42395664688,1.0004801689750162,1.000005309191381,1.0000052358814548,1.000005309191381,0.00047485978363526193
60365.4241343463,0.9998716734743557,1.0000050714898714,1.0000050011847792,1.0000050714898714,-0.00013339801551570662
60365.424312045725,0.9997650537854623,1.0000048348353274,1.0000047675452688,1.0000048348353274,-0.0002397810498651065
60365.42448974515,1.0001330937193438,1.0000045992277593,1.0000045349629325,1.0000045992277593,0.00012849449158447435
60365.42466744457,1.000243002107274,1.0000043646671766,1.0000043034377804,1.0000043646671766,0.00023863744009733345
60365.424845143985,1.0002476490625676,1.000004131153569,1.0000040729698023,1.000004131153569,0.0002435179089985695
60365.42502284341,1.0006893281879445,1.0000038986869277,1.0000038435589897,1.0000038986869277,0.0006854295010167988
60365.42520054283,0.9997294555476082,1.0000036672672714,1.0000036152053606,1.0000036672672714,-0.0002742117196632421
60365.425378242246,1.0009015844414892,1.0000034368945905,1.000003387908906,1.0000034368945905,0.0008981475468987643
60365.42555594166,0.9998955717338386,1.0000032075688854,1.0000031616696257,1.0000032075688854,-0.0001076358350468043
60365.42573364108,1.0000707815720296,1.0000029792901557,1.00000293648752,1.0000029792901557,6.780228187386328e-05
60365.4259113405,0.9999526436668231,1.0000027520584014,1.0000027123625885,1.0000027520584014,-5.010839157826297e-05
60365.426089039924,0.9998125673879642,1.0000025258736136,1.0000024892948223,1.0000025258736136,-0.00018995848564939966
60365.42626673934,1.0004119086037935,1.0000023007358105,1.0000022672842397,1.0000023007358105,0.0004096078679829418
60365.42644443876,1.0000173884461665,1.0000020766449829,1.0000020463308315,1.0000020766449829,1.5311801183637286e-05
60365.42662213818,1.0008069240535806,1.000001853601131,1.0000018264345976,1.000001853601131,0.0008050704524495966
60365.426799837594,1.0001969178804577,1.0000016316042546,1.0000016075955382,1.0000016316042546,0.00019528627620313266
60365.42697753701,1.0000198933130322,1.0000014106543538,1.000001389813653,1.0000014106543538,1.8482658678431463e-05
60365.42715523644,0.9996151492695295,1.0000011907514192,1.0000011730889335,1.0000011907514192,-0.00038604148188969845
60365.427332935855,0.9998261315185206,1.0000009718954694,1.0000009574213973,1.0000009718954694,-0.00017484037694881494
60365.42751063527,0.9999676318373557,1.0000007540864952,1.0000007428110356,1.0000007540864952,-3.312224913953887e-05
60365.4276883347,0.9996235927340085,1.0000005373244876,1.000000529257839,1.0000005373244876,-0.00037694459047910023
60365.427866034115,0.9991225693764373,1.0000003216094644,1.0000003167618263,1.0000003216094644,-0.000877752233027107
60365.42804373354,1.000373996611113,1.000000106941408,1.0000001053229788,1.000000106941408,0.0003738896697049743
60365.42822143296,0.9997378101483465,0.9999998933203359,0.9999998949413147,0.9999998933203359,-0.00026208317198939124
60365.428399132375,0.9999632511212151,0.9999996807462393,0.9999996856168248,0.9999996807462393,-3.642962502425906e-05
60365.42857683179,1.000100462319791,0.9999994692191183,0.9999994773495094,0.9999994692191183,0.0001009931006727971
60365.42875453121,0.9999451101504917,0.9999992587389729,0.9999992701393684,0.9999992587389729,-5.414858848118431e-05
60365.42893223063,1.0003995322690407,0.999999049305803,0.9999990639864017,0.999999049305803,0.0004004829632376916
60365.429109930046,1.0006589032393356,0.9999988409196086,0.9999988588906095,0.9999988409196086,0.0006600623197270394
60365.429287629464,1.0005343535250044,0.9999986335803898,0.9999986548519916,0.9999986335803898,0.0005357199446146543
60365.42946532888,0.9996293777991594,0.9999984272881464,0.9999984518705481,0.9999984272881464,-0.0003690494889869722
60365.4296430283,0.9991300885668912,0.9999982220428786,0.9999982499462791,0.9999982220428786,-0.0008681334759873538
60365.42982072772,0.9998840002027966,0.9999980178445864,0.9999980490791842,0.9999980178445864,-0.00011401764178986529
60365.42999842714,0.9995923000123366,0.9999978146932613,0.9999978492692558,0.9999978146932613,-0.00040551468092475673
60365.43017612657,1.0009843539991077,0.999997612588912,0.9999976505165018,0.999997612588912,0.000986741410195724
60365.430353825985,1.0001654943510156,0.9999974115315463,0.9999974528209303,0.9999974115315463,0.00016808281946933956
60365.43053152541,1.0002433532571204,0.9999972115211482,0.9999972561825252,0.9999972115211482,0.00024614173597226063
60365.43070922483,0.9997675179274707,0.9999970125577337,0.9999970606013027,0.9999970125577337,-0.0002294946302630052
60365.430886924245,1.000549531881367,0.9999968146412948,0.9999968660772545,0.9999968146412948,0.0005527172400723313
60365.43106462366,1.0006574080632027,0.9999966177718314,0.9999966726103806,0.9999966177718314,0.0006607902913713382
60365.43124232308,0.9995084430785095,0.9999964219493434,0.9999964802006811,0.9999964219493434,-0.0004879788708338495
60365.4314200225,1.0001525362835308,0.9999962271738311,0.9999962888481561,0.9999962271738311,0.0001563091096997704
60365.431597721916,0.9998205010007801,0.9999960334452943,0.9999960985528054,0.9999960334452943,-0.00017553244451418148
60365.43177542133,0.9993619450440007,0.999995840763733,0.999995909314629,0.999995840763733,-0.0006338957197323802
60365.43195312075,1.0000888973902753,0.9999956491291473,0.9999957211336271,0.9999956491291473,9.324826112799833e-05
60365.43213082017,0.9997981733145558,0.999995458541537,0.9999955340097997,0.999995458541537,-0.0001972852269812586
60365.43230851959,1.0003190314852966,0.9999952690009024,0.9999953479431465,0.9999952690009024,0.0003237624843941411
60365.432486219004,0.9996807206933591,0.9999950805072433,0.9999951629336677,0.9999950805072433,-0.00031435981388416856
60365.43266391842,1.0001276105148094,0.9999948930605598,0.9999892608411355,0.9999948930605598,0.0001327174542495868
60365.432841617854,0.9995671029314823,0.9999342828676712,0.9999068427642671,0.9999947066608363,-0.0003671799361888439
60365.43301931727,1.0001208211355352,0.999818446326632,0.9997864827177985,0.999994521308104,0.00030237480890327184
60365.43319701669,1.00034950133018,0.9996817082443661,0.9996514363067508,0.9999943370023471,0.0006677930858138836
60365.433374716114,0.9989858722410413,0.9995402709856394,0.999516991487278,0.9999941537435582,-0.0005543987445980614
60365.43355241553,0.9998035841865572,0.9994090018995064,0.9993992960453298,0.9999939715317524,0.0003945822870508042
60365.43373011495,0.9995194053823471,0.9993082614278017,0.9993291882668583,0.9999937903669222,0.0002111439545453564
60365.43390781437,0.9988444508462732,0.9992854022559357,0.9993266932621663,0.9999936102490674,-0.00044095140966249335
60365.434085513785,0.9986635748406657,0.9992831638526153,0.9993242222621904,0.9999934311781882,-0.0006195890119495839
60365.4342632132,0.9991602137544908,0.9992809559663106,0.9993217751830628,0.9999932531542846,-0.00012074221181979095
60365.43444091262,0.9990914735554749,0.9992787753800815,0.9993193520056548,0.9999930761773563,-0.0001873018246065783
60365.43461861204,0.9992341157140188,0.9992766204471221,0.9993169527298255,0.9999929002474037,-4.250473310329905e-05
60365.434796311456,0.9992528424747257,0.9992744901599098,0.9993145773640973,0.9999927253644266,-2.164768518408966e-05
60365.434974010874,0.9997841280352454,0.9992723838422881,0.9993122259216612,0.9999925515284251,0.0005117441929572975
60365.43515171029,0.9995248685580191,0.9992703010131022,0.9993098984184664,0.9999923787393992,0.00025456754491692823
60365.43532940971,0.9988859981559721,0.9992682413156978,0.9993075948721838,0.9999922069973487,-0.00038224315972568146
60365.435507109134,0.9989366635243982,0.9992662044775479,0.999305315301501,0.9999920363022667,-0.00032954095314963183
60365.43568480855,0.9991075406290277,0.9992641902858618,0.9993030597261099,0.9999918666541674,-0.0001566496568340403
60365.43586250797,0.9994503930153206,0.9992621985710728,0.9993008281658922,0.9999916980530436,0.0001881944442477801
60365.436040207394,0.9994380022311983,0.9992602291962741,0.9992986206410291,0.9999915304988884,0.00017777303492416685
60365.43621790681,0.9982877474030992,0.9992582820498928,0.9992964371721456,0.9999913639917157,-0.0009705346467935305
60365.43639560624,0.9994857629258213,0.9992563570396847,0.9992942777795888,0.9999911985315117,0.00022940588613651336
60365.436573305655,0.9990104327939456,0.9992544540893622,0.9992921424840777,0.9999910341182902,-0.00024402129541656326
60365.43675100507,0.9995868550548938,0.9992525731350216,0.9992900313060301,0.9999908707520441,0.00033428191987217026
60365.43692870449,0.9994051812293845,0.9992507141231488,0.9992879442658782,0.9999907084327736,0.00015446710623567839
60365.43710640391,0.9995596522951435,0.999248877008741,0.9992858813839495,0.9999905471604785,0.0003107752864025537
60365.437284103326,0.9997277226461037,0.9992470617538883,0.9992838426804417,0.9999903869351591,0.00048066089221532327
60365.43746180274,0.9999057600927523,0.9992452683266397,0.9992818281754035,0.999990227756815,0.0006604917661126031
60365.43763950216,0.9992696222056001,0.9992434967000883,0.9992798378887187,0.9999900696254467,2.612550551184256e-05
60365.43781720158,0.999017488033721,0.9992417468516224,0.9992778718400925,0.9999899125410538,-0.00022425881790133495
60365.437994900996,0.9994549314402993,0.9992400187623126,0.9992759300490416,0.9999897565036364,0.00021491267798667835
60365.438172600414,0.9990660604366666,0.9992383124163996,0.999274012534884,0.9999896015131947,-0.00017225197973302908
60365.43835029984,0.9996326140831993,0.9992366278007987,0.9992721193166553,0.9999894475697221,0.0003959862824005622
60365.43852799926,0.9994960225733396,0.9992349649050145,0.9992702504134104,0.9999892946732314,0.00026105766832507094
60365.438705698674,0.9994831275568474,0.9992333237204222,0.999268405843754,0.9999891428237162,0.0002498038364252553
60365.4388833981,0.9996488324762376,0.9992317042402171,0.9992665856260711,0.9999889920211704,0.0004171282360204698
60365.43906109752,0.9988173141102782,0.9992301064593869,0.9992647897787438,0.9999888422656064,-0.0004127923491087371
60365.439238796935,0.9988802107799998,0.9992285303741207,0.9992630183196997,0.9999886935570179,-0.0003483195941209605
60365.43941649635,0.9988257031356671,0.9992269759819078,0.9992612712667076,0.9999885458954049,-0.0004012728462406967
60365.43959419577,0.9991372595006286,0.9992254432813259,0.9992595486373003,0.9999883992807674,-8.818378069730404e-05
60365.43977189519,0.9994150860542228,0.999223932271914,0.9992578504487715,0.9999882537131055,0.0001911537823088283
60365.439949594605,0.998983978427416,0.9992224429540605,0.9992561767181745,0.9999881091924192,-0.00023846452664444406
60365.44012729402,0.9992783722021248,0.999220975328905,0.9992545274623189,0.9999879657187082,5.7396873219817124e-05
60365.44030499344,0.999445944193062,0.9992195293982516,0.999252902697771,0.9999878232919729,0.00022641479481033677
60365.44048269286,0.9991654697056397,0.9992181051644919,0.9992513024408498,0.9999876819122131,-5.2635458852257067e-05
60365.440660392276,0.9991424382401243,0.9992167026305354,0.9992497267076276,0.9999875415794289,-7.426439041113841e-05
60365.440838091694,0.9989166895168607,0.9992153217997491,0.9992481755139273,0.9999874022936202,-0.00029863228288840027
60365.44101579111,0.9988403197986976,0.999213962675903,0.9992466488753222,0.999987264054787,-0.00037364287720542677
60365.44119349054,0.9993291925239051,0.9992126252630654,0.9992451468070735,0.9999871268629238,0.00011656726083963953
60365.441371189954,0.9995301211875814,0.9992113095657775,0.9992436693243745,0.9999869907180416,0.0003188116218039161
60365.44154888937,0.9989537886696138,0.9992100155886852,0.9992422164419805,0.9999868556201351,-0.0002562269190713451
60365.4417265888,0.9991760921843575,0.99920874333667,0.9992407881743973,0.9999867215691987,-3.2651152312435094e-05
60365.441904288215,0.9997676623778499,0.9992074928149702,0.9992393845360512,0.9999865885652433,0.000560169562879631
60365.44208198763,1.000049315115754,0.999206264028837,0.9992380055409373,0.9999864566082634,0.0008430510869168462
60365.44225968705,0.9996856496182936,0.9992050569837181,0.9992366512028544,0.999986325698259,0.0004805926345755607
60365.44243738647,0.999733277463138,0.9992038716851791,0.9992353215353443,0.9999861958352302,0.0005294057779589023
60365.442615085885,0.9984299228462921,0.9992027081388823,0.9992340165516924,0.9999860670191768,-0.0007727852925902834
60365.4427927853,0.9991195363967273,0.9992015663505651,0.9992327362649266,0.9999859392500989,-8.202995383777001e-05
60365.44297048472,0.9986319003115495,0.999200446326022,0.9992314806878165,0.9999858125279968,-0.0005685460144725374
60365.44314818414,0.9992361790197057,0.9991993480710858,0.9992302498328741,0.99998568685287,3.683094861994807e-05
60365.443325883556,0.9991271362718026,0.9991982715916135,0.9992290437123518,0.9999855622247189,-7.113531981084442e-05
60365.443503582974,0.998676576145686,0.9991972168934701,0.9992278623382433,0.9999854386435433,-0.0005206407477841291
60365.44368128239,0.9997663171995134,0.9991961839825159,0.9992267057222829,0.9999853161093432,0.0005701332169975037
60365.44385898182,0.9992407289907331,0.9991951728645527,0.9992255738758983,0.9999851946221137,4.555612618040161e-05
60365.444036681234,0.9998392134933505,0.9991941835454773,0.9992244668103962,0.9999850741818647,0.000645029947873188
60365.44421438065,0.9994588543585725,0.9991932160310217,0.9992233845366829,0.9999849547885912,0.00026563832755077676
60365.44439208007,1.000034382081406,0.9991922703269106,0.9992223270654508,0.9999848364422933,0.0008421117544953338
60365.444569779494,0.9991177462948025,0.999191346438772,0.999221294407089,0.9999847191429662,-7.360014396950998e-05
60365.44474747891,0.9990712521972303,0.9991904443722801,0.9992202865718514,0.9999846028906193,-0.00011919217504985369
60365.44492517833,0.9994465173652292,0.9991895641329196,0.9992193035696031,0.9999844876852481,0.0002569532323095647
60365.44510287775,0.9994155121140453,0.9991887057261307,0.99921834540999,0.9999843735268523,0.00022680638791461316
60365.445280577165,0.9988257892084228,0.9991878691572644,0.9992174121023952,0.9999842604154321,-0.0003620799488416315
60365.44545827658,0.9993334221272763,0.9991870544315755,0.9992165036559398,0.9999841483509874,0.00014636769570075536
60365.445635976,0.9994742316961669,0.9991862615542171,0.9992156200794817,0.9999840373335181,0.0002879701419498115
60365.44581367542,0.9994215978069407,0.9991854905302346,0.9992147613816165,0.9999839273630245,0.0002361072767060879
60365.445991374836,0.9982946822810169,0.9991847413645611,0.9992139275706756,0.9999838184395065,-0.0008900590835442257
60365.446169074254,0.9989680383400277,0.9991840140620114,0.9992131186547277,0.999983710562964,-0.00021597572198372994
60365.44634677367,0.9993858821839938,0.9991833086272791,0.9992123346415778,0.999983603733397,0.00020257355671471355
60365.44652447309,0.9996821580993474,0.9991826250649307,0.9992115755387669,0.9999834979508055,0.0004995330344166327
60365.446702172514,0.9992630643320778,0.999181963379376,0.9992108413535425,0.9999833932151853,8.110095270175144e-05
60365.44687987193,0.9993056801196855,0.9991813235749721,0.9992101320929776,0.9999832895265449,0.00012435654471332214
60365.44705757135,0.9989461092017679,0.9991807056558561,0.9992094477637897,0.9999831868848801,-0.00023459645408829832
60365.447235270774,0.999468672016355,0.9991801096260283,0.9992087883724369,0.9999830852901866,0.0002885623903267076
60365.44741297019,0.9993107859888076,0.9991795354894183,0.9992081539251918,0.9999829847424729,0.00013125049938933486
60365.44759066961,0.9990662071664537,0.9991789832497348,0.9992075444279812,0.9999828852417347,-0.00011277608328108535
60365.44776836903,0.9993909357761369,0.9991784529105624,0.9992069598864949,0.999982786787972,0.0002124828655745148
60365.447946068445,0.9989189910953813,0.9991779444753345,0.9992064003061565,0.999982689381185,-0.00025895337995318624
60365.44812376786,0.9986899535296674,0.9991774579473297,0.999205865692125,0.9999825930213733,-0.0004875044176623211
60365.44830146728,0.9992160998753087,0.9991769933296714,0.9992053560492942,0.9999824977085372,3.9106545637324075e-05
60365.4484791667,0.9994590673734973,0.999176550625324,0.9992048713822919,0.9999824034426766,0.00028251674817336703
60365.448656866116,0.9984237938912823,0.9991761298370934,0.9992044116954809,0.9999823102237917,-0.0007523359458110335
60365.44883456553,0.9997904249135233,0.9991757309676228,0.9992039769929583,0.9999822180518823,0.0006146939459005241
60365.449012264944,0.999196836717459,0.9991753540194085,0.999203567278572,0.9999821269269521,2.1482698050467874e-05
60365.44918996436,0.9989439902671265,0.9991749989947359,0.9992031825558542,0.9999820368489937,-0.00023100872760939417
60365.44936766378,0.9993933053796158,0.9991746658957722,0.9992028228281232,0.9999819478180108,0.00021863948384359677
60365.449545363204,0.9989482677723387,0.9991743547244899,0.999202488098401,0.9999818598339998,-0.00022608695215120544
60365.44972306262,0.9991610742287995,0.9991740654827315,0.9992021783694847,0.999981772896968,-1.2991253931948776e-05
60365.44990076204,0.9987935666268916,0.9991737981721326,0.999201893643865,0.9999816870069117,-0.00038023154524102765
60365.450078461465,0.9981524597634303,0.9991735527941639,0.9992016339237715,0.9999816021638276,-0.0010210930307336108
60365.45025616088,0.9996199768816467,0.9991733293501552,0.9992013992112002,0.9999815183677224,0.0004466475314914842
60365.4504338603,0.9989388914879143,0.9991731278412365,0.9992011895078502,0.9999814356185927,-0.0002342363533222036
60365.45061155972,0.9995993964929867,0.9991729482683774,0.9992010048151667,0.9999813539164386,0.0004264482246092438
60365.450789259135,0.9995140319180157,0.9991727906323765,0.999200845134331,0.9999812732612601,0.0003412412856391711
60365.45096695855,0.9994344050216734,0.9991726549338614,0.9992007104662597,0.999981193653057,0.00026175008781192943
60365.45114465797,0.9997916665344627,0.9991725411732887,0.999200600811605,0.9999811150918296,0.0006191253611740333
60365.45132235739,0.998819409206015,0.9991724493509424,0.999133424211394,0.9999810375775776,-0.0003530401449274301
60365.451500056806,0.9994661577260131,0.9991723794669364,0.9991333656381167,0.9999809611103012,0.00029377825907672683
60365.451677756224,0.9991668979942284,0.9991723315212121,0.999133334136675,0.9999808856900003,-5.43352698367805e-06
60365.45185545564,0.998817555531647,0.9991723055135396,0.9991333297066307,0.999980811316675,-0.0003547499818926658
60365.45203315506,0.9988501471846338,0.9991723014435173,0.9991333523472585,0.9999807379903252,-0.00032215425888348914
60365.452210854484,0.9987325250775739,0.9991723193105737,0.9991334020575493,0.999980665710948,-0.0004397942329997795
60365.4523885539,0.998966412434795,0.9991723591139631,0.9991334788362004,0.9999805944785493,-0.00020594667916806753
60365.45256625331,0.9989521046350588,0.9991724208527677,0.9991335826816228,0.9999805242931289,-0.00022031621770890464
60365.45274395273,0.9989869043704693,0.999172504525907,0.9991337135919516,0.9999804551546811,-0.00018560015543767072
60365.452921652155,0.9993038502683267,0.9991726101321277,0.9991338715650299,0.9999803870632062,0.00013124013619902897
60365.45309935157,0.999059542038556,0.9991727376699951,0.9991340565983966,0.9999803200187097,-0.00011319563143918909
60365.45327705099,0.9990079651299199,0.9991728871379181,0.9991342686893221,0.9999802540211886,-0.00016492200799822498
60365.45345475041,0.9997255444494092,0.9991730585341331,0.9991345078347823,0.9999801890706431,0.0005524859152761241
60365.453632449826,0.9983721634574387,0.9991732518567086,0.9991347740314653,0.9999801251670732,-0.0008010883992698448
60365.45381014924,0.9980122863275717,0.999173467103546,0.9991350672757711,0.9999800623104788,-0.0011611807759743797
60365.45398784866,0.9988532264895797,0.9991737042723815,0.9991353875638114,0.9999800005008599,-0.00032047778280175354
60365.45416554808,0.9986580466006546,0.999173963360786,0.9991357348914094,0.9999799397382165,-0.0005159167601314074
60365.4543432475,0.9994876833845617,0.999174244366167,0.9991361092540998,0.9999798800225487,0.00031343901839475663
60365.454520946914,0.9984555037100207,0.9991745472857704,0.9991365106471295,0.9999798213538563,-0.0007190435757497005
60365.45469864633,0.9990463946693646,0.999174872116681,0.9991369390654565,0.9999797637321395,-0.00012847744731636634
60365.45487634575,0.999788780478298,0.999175218855826,0.9991373945037507,0.9999797071573983,0.0006135616224719476
60365.455054045175,0.9990521317346656,0.9991755874999902,0.9991378769564139,0.9999796516296303,-0.00012345576532468705
60365.455231744585,0.9993129313931248,0.9991759780457423,0.9991383864174792,0.9999795971488424,0.00013695334738250686
60365.455409444,0.9987912484273065,0.9991763904895912,0.9991389228808126,0.9999795437150278,-0.0003851420622846824
60365.45558714343,0.9994585397816993,0.9991768248278518,0.9991394863399361,0.9999794913281865,0.00028171495384754497
60365.455764842845,0.9990266867254914,0.9991772810566533,0.9991400767880328,0.9999794399883231,-0.00015059433116182408
60365.45594254226,0.9986939328659441,0.9991777591720329,0.9991406942180683,0.9999793896954351,-0.00048382630608878596
60365.45612024168,0.9988141129400151,0.9991782591698685,0.9991413386226976,0.9999793404495226,-0.0003641462298533682
60365.4562979411,0.9994071734328818,0.9991787810458993,0.9991420099942893,0.9999792922505857,0.00022839238698246778
60365.456475640516,0.999597254608457,0.9991793247957292,0.9991427083249242,0.9999792450986242,0.00041792981272781304
60365.456653339934,0.9995598031111607,0.9991798904148304,0.9991434336063975,0.9999791989936384,0.000379912696330309
60365.45683103935,0.9992401950921369,0.9991804778985466,0.9991441858302164,0.999979153935628,5.9717193590325124e-05
60365.45700873877,0.9988511705885273,0.999181087242099,0.9991449649876029,0.9999791099245932,-0.0003299166535716269
60365.45718643819,0.9993736068428964,0.9991817184405886,0.999145771069493,0.999979066960534,0.00019188840230788262
60365.4573641376,0.9989425028740039,0.9991823714889748,0.9991466040665014,0.9999790250434519,-0.00023986861497093948
60365.457541837015,0.9997244145655709,0.9991830463821884,0.9991474639690607,0.9999789841733437,0.0005413681833825734
60365.45771953643,0.9989620961346709,0.9991837431149763,0.9991483507672164,0.9999789443502111,-0.00022164698030535668
60365.45789723586,0.9985545979591313,0.9991844616820429,0.9991492644508001,0.9999789055740522,-0.0006298637229116277
60365.458074935275,0.9997174237919689,0.9991852020779128,0.999150205009246,0.9999788678448707,0.0005322217140560914
60365.45825263469,0.9988919450596799,0.9991859642971125,0.9991511724318155,0.9999788311626646,-0.0002940192374325523
60365.45843033412,0.9990387173989838,0.999186748334094,0.99915216670749,0.9999787955274326,-0.0001480309351102882
60365.458608033536,0.9992628234697463,0.9991875541831422,0.9991531878248441,0.9999787609391777,7.526928660406274e-05
60365.45878573295,0.9994335161139641,0.999188381838576,0.9991542357722909,0.9999787273978983,0.00024513427538819244
60365.45896343237,0.9992301314099907,0.9991892312946289,0.9991553105379194,0.9999786949035944,4.090011536184157e-05
60365.45914113179,0.9993430488477056,0.9991901025454916,0.9991564121095361,0.999978663456266,0.00015294630221407424
60365.4593188312,0.9995000573696117,0.9991909955852843,0.9991575404746179,0.9999786330559144,0.0003090617843273247
60365.45949653062,0.9989386766867462,0.9991919104082158,0.9991586956204982,0.9999786037025371,-0.00025323372146957013
60365.459674230035,0.9995604496467508,0.9991928470083751,0.9991598775340914,0.9999785753961353,0.00036760263837576357
60365.45985192945,0.9988533605746028,0.9991938053798914,0.9991610862020753,0.9999785481367091,-0.0003404448052886089
60365.46002962887,0.9993854453832154,0.9991947855169114,0.999162321610847,0.9999785219242583,0.00019065986630395493
60365.46020732829,0.998922806061443,0.9991957874136149,0.9991635837465234,0.9999784967587831,-0.0002729813521719082
60365.460385027705,0.9995437537122884,0.9991968110642311,0.9991648725949404,0.9999784726402835,0.00034694264805734676
60365.46056272712,1.0004433155685062,0.9991978564630578,0.9991661881416554,0.9999784495687593,0.0012454591054483766
60365.46074042655,0.9996118131266978,0.9991989236045252,0.999167530372002,0.9999784275442098,0.0004128895221725548
60365.46091812596,1.0000054224734907,0.9992000124829968,0.9991688992708133,0.9999784065666376,0.0008054099904938328
60365.461095825376,0.9996471430118288,0.9992011230932344,0.999170294822978,0.9999783866360401,0.00044601991859438694
60365.4612735248,0.9997192746573056,0.9992022554300303,0.9991717170129444,0.9999783677524173,0.0005170192272753171
60365.46145122422,0.998690521465762,0.9992034094882697,0.9991731658247648,0.999978349915771,-0.000512888022507707
60365.46162892364,0.9989251303648378,0.9992045852631968,0.9991746412423904,0.9999783331261001,-0.0002794548983590106
60365.461806623054,0.9987797278812515,0.9992057827502646,0.99917614324944,0.9999783173834047,-0.00042605486901314826
60365.46198432247,0.9986236207339628,0.9992070019452202,0.9991776718292594,0.999978302687685,-0.0005833812112573389
60365.46216202189,0.9986401682374336,0.9992082428441458,0.9991792269649208,0.9999782890389406,-0.0005680746067121545
60365.46233972131,0.9997986112998606,0.9992095054435078,0.999180808639226,0.9999782764371719,0.0005891058563527451
60365.46251742072,0.9989306222148637,0.9992107897401552,0.9991824168346396,0.9999782648823791,-0.0002801675252914748
60365.462695120135,0.9992217327037499,0.9992120957315898,0.9991840515335564,0.9999782543745613,9.636972160165236e-06
60365.46287281955,0.9988473979914909,0.9992134234157168,0.999185712717906,0.9999782449137191,-0.0003660254242259242
60365.46305051897,0.9994434499598175,0.9992147727911279,0.9991874003694187,0.9999782364998525,0.00022867716868957277
60365.46322821839,0.9994882010388606,0.9992161438571319,0.9991891144695604,0.9999782291329614,0.0002720571817287354
60365.46340591781,0.999765299311033,0.9992175366139062,0.9991908549996078,0.9999782228130455,0.0005477626971267524
60365.46358361723,0.999332666625449,0.9992189510623746,0.999192621940364,0.9999782175401055,0.00011371556307437913
60365.46376131665,0.9989900277062039,0.9992203872046695,0.9991944152725888,0.999978213314141,-0.00023035949846561543
60365.46393901607,0.9989417086168887,0.9992218450440441,0.9991962349767178,0.9999782101351521,-0.00028013642715540854
60365.464116715484,0.9987471665973834,0.9992233245850862,0.9991980810329367,0.9999782080031386,-0.000476157987702841
60365.4642944149,0.9995162938088804,0.999224825833902,0.999199953421185,0.9999782069181008,0.0002914679749783655
60365.46447211432,0.9992255255185373,0.9992263487983262,0.9992018521211605,0.9999782068800385,-8.232797888974019e-07
60365.46464981374,0.9988869932335376,0.9992278934881684,0.9992037771123249,0.9999782078889516,-0.0003409002546308493
60365.464827513155,0.999152017541175,0.9992294599155012,0.9992057283739094,0.9999782099448403,-7.74423743261643e-05
60365.46500521257,0.9997031662047174,0.999231048094997,0.9992077058849221,0.9999782130477045,0.0004721181097204763
60365.46518291198,0.999801953166573,0.9992326580442636,0.9992097096240741,0.9999782171975442,0.00056929512230941
60365.4653606114,1.0001989770549027,0.9992342897845846,0.999211739570117,0.9999782223943594,0.0009646872703180653
60365.46553831082,0.9990139082659155,0.9992359433410982,0.9992137957013654,0.9999782286381502,-0.0002220350751827027
60365.465716010236,0.9989853703461671,0.9992376187437533,0.9992158779960356,0.9999782359289167,-0.00025224839758619666
60365.465893709654,0.9982611927823374,0.9992393160280906,0.9992179864321835,0.9999782442666585,-0.000978123245753193
60365.46607140907,0.9991429356884428,0.9992410352362889,0.9992201209877252,0.9999782536513759,-9.809954784611996e-05
60365.4662491085,0.9986803858946356,0.9992427764185379,0.9992222816405529,0.9999782640830693,-0.0005623905239022786
60365.466426807914,0.9993292181932746,0.999244539634395,0.9992244683682134,0.9999782755617378,8.467855887961395e-05
60365.466604507325,0.9991841282162293,0.9992463249552399,0.9992266811483923,0.9999782880873812,-6.219673901064482e-05
60365.46678220675,0.9990772803430203,0.999248132467082,0.9992289199590708,0.9999783016600013,-0.00017085212406164896
60365.46695990617,0.9994184334296583,0.9992499622734919,0.9992311847777774,0.9999783162795964,0.000168471156166361
60365.467137605585,0.99917767384649,0.999251814501177,0.999233475582598,0.9999783319461671,-7.414065468691611e-05
60365.467315305,0.9984774787419669,0.9992536893062762,0.9992357923518569,0.9999783486597134,-0.0007762105643093209
60365.46749300442,0.9995108709663686,0.9992555868838583,0.9992381350644023,0.9999783664202351,0.00025528408251029866
60365.46767070383,1.0002635234239567,0.9992575074815976,0.999240503699791,0.9999783852277315,0.001006015942359162
60365.46784840325,1.0002005178571336,0.9992594514209728,0.9992428982391088,0.9999784050822043,0.0009410664361607646
60365.468026102666,0.9985847448644498,0.9992614191300891,0.9992453186650772,0.9999784259836525,-0.0006766742656393321
60365.468203802084,0.9995507699390348,0.9992634112005665,0.9992477649636172,0.9999784479320762,0.00028735873846830184
60365.4683815015,0.9992984692100615,0.9992654284923708,0.9992502371259487,0.9999784709274756,3.3040717690724364e-05
60365.46855920092,0.999055381671994,0.9992674723552433,0.9992527351532783,0.9999784949698505,-0.00021209068324923308
60365.46873690034,0.9996748703463665,0.9992695452120274,0.9992552590694391,0.999978520059201,0.00040532513433910733
60365.46891459975,0.9983773763028246,0.9992725335789339,0.9992612326579211,0.9999785461955258,-0.0008951572761092264
60365.46909229917,0.9993426157503233,0.9993506919491216,0.9993452509280346,0.9999785733788283,-8.076198798279144e-06
60365.46926999859,0.9990463155933145,0.9994734111868422,0.9994701798826644,0.9999786016091053,-0.0004270955935277154
60365.46944769801,0.9992526953995965,0.9996127164455365,0.9996105966499766,0.999978630886358,-0.0003600210459400177
60365.46962539743,0.9995961561439056,0.999752768977813,0.9997512354529147,0.9999786612105873,-0.0001566128339073325
60365.46980309685,1.0007606664936273,0.9998785687414992,0.9998774835689027,0.999978692581791,0.0008820977521281081
60365.46998079626,0.9992816896460663,0.9999682253365066,0.9999680816784305,0.9999787249999686,-0.0006865356904403042
60365.47015849568,1.0001374296625667,0.9999787584651234,0.9999798098075723,0.9999787584651234,0.00015867119744328306
60365.470336195096,1.0001702094571367,0.9999787929772536,0.9999798499762392,0.9999787929772536,0.00019141647988318855
60365.470513894514,0.9995061162078587,0.9999788285363593,0.9999798912020806,0.9999788285363593,-0.00047271232850065736
60365.47069159393,1.0000976711303182,0.9999788651424406,0.9999799334850963,0.9999788651424406,0.00011880598787761265
60365.47086929335,1.000177666994853,0.9999789027954974,0.9999799768252865,0.9999789027954974,0.00019876419935560552
60365.47104699276,1.0002595836241723,0.9999789414955282,0.9999800212226493,0.9999789414955282,0.000280642128644093
60365.47122469218,0.9999187478772177,0.999978981242536,0.9999800666771881,0.999978981242536,-6.023336531835177e-05
60365.471402391595,1.0001514982331368,0.9999790220365193,0.9999801131889015,0.9999790220365193,0.00017247619661742153
60365.47158009101,0.9999509900058928,0.9999790638774783,0.999980160757789,0.9999790638774783,-2.8073871585432286e-05
60365.47175779044,1.0016134357168454,0.9999791067654145,0.9999802093838531,0.9999791067654145,0.0016343289514308967
60365.471935489855,1.000236662509235,0.9999791507003244,0.9999802590670896,0.9999791507003244,0.0002575118089105377
60365.472113189266,0.9997731414363545,0.9999791956822082,0.9999803098074984,0.9999791956822082,-0.0002060542458536263
60365.47229088868,0.99964455905082,0.9999792417110692,0.9999803616050836,0.9999792417110692,-0.00033468266024927473
60365.47246858811,0.9990914079829609,0.9999792887869077,0.9999804144598454,0.9999792887869077,-0.0008878808039467501
60365.472646287526,1.0003876611816345,0.9999793369097199,0.9999804683717795,0.9999793369097199,0.0004083242719146174
60365.472823986944,1.0002852145620758,0.9999793860795075,0.9999805233408879,0.9999793860795075,0.0003058284825682156
60365.473001686354,1.0003269680736946,0.9999794362962687,0.9999805793671684,0.9999794362962687,0.00034753177742585795
60365.47317938577,0.9997271528494057,0.9999794875600074,0.9999806364506256,0.9999794875600074,-0.0002523347106017093
60365.47335708519,0.9998640920598654,0.9999795398707215,0.9999806945912572,0.9999795398707215,-0.00011544781085615075
60365.47353478461,1.000007090264964,0.9999795932284113,0.9999807537890631,0.9999795932284113,2.7497036552692755e-05
60365.473712484025,0.999987834348823,0.9999796476330766,0.9999808140440435,0.9999796476330766,8.186715746427708e-06
60365.47389018344,0.9997831159823027,0.9999797030847175,0.9999808753561982,0.9999797030847175,-0.00019658710241476918
60365.47406788285,0.999125894681723,0.9999797595833315,0.9999809377255248,0.9999797595833315,-0.0008538649016085476
60365.47424558227,1.000043110237691,0.9999798171289234,0.9999810011520281,0.9999798171289234,6.329310876762584e-05
60365.47442328169,1.0001341501210645,0.9999798757214908,0.9999810656357061,0.9999798757214908,0.00015427439957371725
60365.47460098111,1.0001921281719743,0.9999799353610361,0.9999811311765611,0.9999799353610361,0.0002121928109382054
60365.47477868053,0.9993974585968863,0.9999799960475547,0.9999811977745878,0.9999799960475547,-0.0005825374506683856
60365.47495637994,1.0005901586176988,0.999980057781046,0.999981265429786,0.999980057781046,0.0006101008366528049
60365.47513407937,1.0006378204424347,0.9999801205615182,0.9999813341421643,0.9999801205615182,0.0006576998809164625
60365.475311778784,1.000468739321618,0.9999801843889633,0.9999814039117141,0.9999801843889633,0.0004885549326547611
60365.4754894782,1.0000710245900393,0.9999802492633839,0.9999814747384383,0.9999802492633839,9.077532665535681e-05
60365.47566717762,0.9998773660977919,0.9999803151847801,0.999981546622337,0.9999803151847801,-0.00010294908698826877
60365.47584487703,1.000135180571037,0.9999803821531491,0.9999816195634069,0.9999803821531491,0.0001547984178879025
60365.47602257645,0.999120703173273,0.9999804501684962,0.9999816935616543,0.9999804501684962,-0.0008597469952232872
60365.476200275865,0.9999101077405775,0.999980519230819,0.9999817686170761,0.999980519230819,-7.041149024145099e-05
60365.47637797528,0.9995098057187585,0.9999805893401172,0.9999818447296722,0.9999805893401172,-0.0004707836213587724
60365.4765556747,1.00019263630529,0.999980660496391,0.9999819218994428,0.999980660496391,0.0002119758088989787
60365.47673337411,0.9996752118611624,0.9999807326996374,0.9999820001263845,0.9999807326996374,-0.0003055208384750152
60365.47691107353,0.9994841243920449,0.9999808059498622,0.9999820794105038,0.9999808059498622,-0.0004966815578172357
60365.47708877295,0.9989570978544399,0.9999808802470626,0.9999821597517974,0.9999808802470626,-0.0010237823926226852
60365.477266472364,1.0002764897436556,0.9999809555912385,0.9999822411502655,0.9999809555912385,0.00029553415241712067
60365.47744417179,1.000671077751735,0.999981031982393,0.9999823236059113,0.999981031982393,0.0006900457693419515
60365.4776218712,1.0008412921388672,0.9999811094205168,0.9999824071187248,0.9999811094205168,0.0008601827183504218
60365.47779957062,0.9996163683981953,0.9999811879056193,0.999982491688716,0.9999811879056193,-0.0003648195074239524
60365.47797727004,0.9996932639245407,0.9999812674377005,0.9999825773158851,0.9999812674377005,-0.0002880035131598291
60365.47815496946,0.9999291825517739,0.9999813480167542,0.9999826640002252,0.9999813480167542,-5.216546498032493e-05
60365.47833266887,1.0001475285920562,0.9999814296427798,0.999982751741736,0.9999814296427798,0.00016609894927643865
60365.47851036829,1.0006572481302785,0.9999815123157845,0.9999828405404247,0.9999815123157845,0.0006757358144939829
60365.478688067706,0.9998781943858865,0.9999815960357646,0.9999829303962879,0.9999815960357646,-0.00010340164987809874
60365.47886576712,0.9995748772536854,0.9999816808027203,0.9999830213093255,0.9999816808027203,-0.00040680354903488425
60365.47904346654,1.0003031921506491,0.9999817666166515,0.9999831132795374,0.9999817666166515,0.0003214255339976102
60365.47922116595,1.0005049259584449,0.9999818534775547,0.99998320630692,0.9999818534775547,0.0005230724808901188
60365.47939886537,1.0003073324002816,0.9999819413854371,0.9999833003914805,0.9999819413854371,0.0003253910148445227
60365.47957656479,0.9994114778496961,0.9999820303402946,0.9999833955332157,0.9999820303402946,-0.0005705524905985637
60365.479754264205,1.0002724406997054,0.999982120342128,0.9999834917321251,0.999982120342128,0.0002903203575774782
60365.479931963615,0.9993692179235043,0.9999822113909331,0.999983588988205,0.9999822113909331,-0.000612993467428824
60365.48010966304,1.0004819886266574,0.9999823034867212,0.9999836873014673,0.9999823034867212,0.0004996851399361457
60365.48028736246,1.000095602954943,0.9999823966294812,0.9999837866718999,0.9999823966294812,0.0001132063254618565
60365.480465061875,0.999782817938091,0.9999824908192166,0.9999838870995069,0.9999824908192166,-0.0001996728811256565
60365.48064276129,0.9997750779609992,0.9999825860559276,0.9999839885842883,0.9999825860559276,-0.00020750809492842137
60365.48082046071,1.0003818656735186,0.9999826823396141,0.9999840911262441,0.9999826823396141,0.0003991833339045403
60365.48099816013,1.0005015367781354,0.9999827796702762,0.9999841947253743,0.9999827796702762,0.0005187571078592024
60365.481175859546,1.0004882755081705,0.9999828780479137,0.9999842993816788,0.9999828780479137,0.0005053974602567957
60365.481353558964,1.0000765263048097,0.9999829774725267,0.9999844050951578,0.9999829774725267,9.354883228296362e-05
60365.481531258374,0.9996403390084705,0.9999830779441112,0.9999845118658068,0.9999830779441112,-0.00034273893564074065
60365.48170895779,1.0005318228277194,0.9999831794626755,0.9999846196936345,0.9999831794626755,0.0005486433650438993
60365.48188665721,1.000237209551019,0.9999832820282151,0.9999847285786365,0.9999832820282151,0.0002539275228039539
60365.48206435663,0.999957111370736,0.9999833856407303,0.999984838520813,0.9999833856407303,-2.6274269994353006e-05
60365.48224205604,0.999504655731683,0.9999834903002167,0.9999849495201594,0.9999834903002167,-0.00047883456853370365
60365.482419755455,1.0002901709314156,0.9999835960066829,0.9999850615766847,0.9999835960066829,0.00030657492473273873
60365.48259745487,0.999613321259423,0.9999837027601246,0.9999851746903843,0.9999837027601246,-0.0003703815007015665
60365.48277515429,0.9996587926907395,0.999983810560542,0.9999852888612583,0.999983810560542,-0.0003250178698024353
60365.48295285371,1.000134762935031,0.9999839194079347,0.9999854040893066,0.9999839194079347,0.00015084352709626714
60365.483130553126,1.0001442236677782,0.9999840293023031,0.9999855203745294,0.9999840293023031,0.00016019436547509702
60365.483308252544,1.0002107513306076,0.999984140243647,0.9999856377169265,0.999984140243647,0.00022661108696053756
60365.48348595197,1.0004372208480303,0.9999842522319711,0.999985756116503,0.9999842522319711,0.0004529686160592572
60365.48366365139,1.0002163399376867,0.9999843652672661,0.9999858755732489,0.9999843652672661,0.00023197467042057607
60365.4838413508,0.9994778109561249,0.9999844793495319,0.9999859960871644,0.9999844793495319,-0.0005066683934070726
60365.484019050215,1.0008357911056942,0.999984594478778,0.9999861176582591,0.999984594478778,0.0008511966269162397
60365.48419674963,1.0005492605070967,0.9999847106549995,0.9999862402865283,0.9999847106549995,0.0005645498520971959
60365.48437444905,1.0002738025991007,0.9999848278781965,0.9999863639719717,0.9999848278781965,0.0002889747209041671
60365.48455214846,1.0002019915910279,0.9999849461483643,0.9999864887145845,0.9999849461483643,0.00021704544266354375
60365.48472984788,1.0002677991304871,0.9999850654655125,0.9999866145143768,0.9999850654655125,0.0002827336649746659
60365.484907547296,1.0003846286713634,0.999985185829636,0.9999867413713434,0.999985185829636,0.0003994428417273266
60365.485085246706,1.0004173633282094,0.9999853072407303,0.9999868692854791,0.9999853072407303,0.0004320560874790935
60365.485262946124,1.000129833223855,0.999985429698805,0.9999869982567945,0.999985429698805,0.00014440352505007414
60365.48544064554,1.0007119577923522,0.9999855532038551,0.9999871282852842,0.9999855532038551,0.0007264045884971537
60365.48561834496,1.0003342667797297,0.9999856777558808,0.9999872593709483,0.9999856777558808,0.0003485890238489331
60365.48579604438,1.0000051267100036,0.9999858033548821,0.9999873915137869,0.9999858033548821,1.9323355121558805e-05
60365.485973743795,1.0000589844502508,0.9999859300008589,0.9999875247137998,0.9999859300008589,7.305444939187389e-05
60365.48615144321,0.9999796790957224,0.9999860576938112,0.9999876589709872,0.9999860576938112,-6.37859808882979e-06
60365.48632914264,1.000210324211429,0.9999861864337444,0.9999877942853544,0.9999861864337444,0.00022413777768470755
60365.48650684205,0.9994224736159106,0.9999863162206426,0.9999879306568848,0.9999863162206426,-0.0005638426047319678
60365.486684541465,0.9998285410168626,0.9999864470545214,0.9999880680855954,0.9999864470545214,-0.00015790603765886146
60365.48686224088,0.9998286548583958,0.999986578935376,0.9999882065714802,0.999986578935376,-0.00015792407698023148
60365.4870399403,1.0001245060672836,0.999986711863206,0.9999883461145396,0.999986711863206,0.00013779420407766807
60365.48721763971,1.0002633544499517,0.9999868458380059,0.9999884867147675,0.9999868458380059,0.000276508611945836
60365.48739533913,1.0000060886048319,0.999986980859787,0.9999886283721754,0.999986980859787,1.9107745044877333e-05
60365.48757303855,1.000046334261807,0.9999871169285436,0.9999887710867578,0.9999871169285436,5.921733326330614e-05
60365.487750737964,0.9999015514298019,0.9999872540442757,0.9999889148585146,0.9999872540442757,-8.570261447382599e-05
60365.487928437375,1.0001128119606133,0.9999873922069776,0.9999890596874398,0.9999873922069776,0.00012541975363566937
60365.48810613679,0.9995509397595674,0.9999875314166607,0.9999892055735453,0.9999875314166607,-0.0004365916570933104
60365.48828383621,0.9996855104121144,0.9999876716733194,0.9999893525168252,0.9999876716733194,-0.00030216126120496956
60365.48846153562,0.9992617407158838,0.9999878129769477,0.9999895005172734,0.9999878129769477,-0.0007260722610639148
60365.488639235045,0.9997595670465119,0.9999879553275632,0.9999896495749081,0.9999879553275632,-0.00022838828105131714
60365.48881693446,1.000506922882805,0.9999880987251485,0.9999897996897112,0.9999880987251485,0.0005188241576564723
60365.48899463388,1.0002568756533503,0.9999882431697092,0.9999899508616887,0.9999882431697092,0.0002686324836410625
60365.4891723333,1.0003734238226385,0.9999883886612456,0.9999901030908406,0.9999883886612456,0.0003850351613928771
60365.489350032716,1.0005674388047092,0.9999885351997575,0.9999902563771669,0.9999885351997575,0.0005789036049517193
60365.489527732134,1.0001398733384121,0.9999886827852449,0.9999904107206674,0.9999886827852449,0.0001511905531672575
60365.489705431544,0.999969075642275,0.9999888314177017,0.9999905661213361,0.9999888314177017,-1.9755775426677502e-05
60365.48988313096,0.9998015322370142,0.9999889810971401,0.9999907225791854,0.9999889810971401,-0.0001874488601258939
60365.49006083038,0.9997845236724305,0.999989131823554,0.9999908800942092,0.999989131823554,-0.0002046081511234421
60365.4902385298,0.9997050863589039,0.9999892835969435,0.9999910386664074,0.9999892835969435,-0.0002841972380396296
60365.49041622921,1.0006853686995243,0.9999894364173022,0.9999911982957733,0.9999894364173022,0.0006959322822220892
60365.490593928625,1.0003862361407514,0.9999895902846427,0.9999913589823202,0.9999895902846427,0.0003966458561086572
60365.49077162804,1.0005608999150988,0.9999897451989588,0.9999915207260415,0.9999897451989588,0.0005711547161399988
60365.49094932745,0.9999139382892338,0.9999899011602439,0.9999916835269305,0.9999899011602439,-7.596287101008237e-05
60365.49112702687,1.0000090906336523,0.9999900581685109,0.9999918473850005,0.9999900581685109,1.9032465141344268e-05
60365.491304726296,1.0005927334098181,0.99999021622376,0.9999920123002516,0.99999021622376,0.0006025171860580825
60365.491482425714,0.9990954973256256,0.9999903753259782,0.9999921782726705,0.9999903753259782,-0.0008948780003525947
60365.491660125124,0.9992726735111637,0.9999905354751654,0.9999923453022568,0.9999905354751654,-0.0007178619640016981
60365.49183782455,1.0001834101956368,0.9999906966713411,0.9999925133890312,0.9999906966713411,0.00019271352429572897
60365.49201552397,0.9998203685521233,0.9999908589144859,0.9999926825329732,0.9999908589144859,-0.0001704903623626075
60365.49219322338,0.9995981590976615,0.9999910222045996,0.9999928527340827,0.9999910222045996,-0.00039286310693809057
60365.492370922795,0.9998986137705336,0.9999911865416954,0.9999930239923734,0.9999911865416954,-9.257277116181406e-05
60365.49254862221,1.0004135221515387,0.9999913519257667,0.9999931963078386,0.9999913519257667,0.0004221702257719562
60365.49272632162,0.9998060186983679,0.9999915183568067,0.9999933696804709,0.9999915183568067,-0.00018549965843872585
60365.49290402104,1.0000869702679807,0.999991685834829,0.9999935441102847,0.999991685834829,9.528443315165447e-05
60365.49308172046,0.9995764601705578,0.9999918543598268,0.999993719597273,0.9999918543598268,-0.00041539418926905824
60365.493259419876,1.0000470570691569,0.9999920239318003,0.9999938961414356,0.9999920239318003,5.5033137356552686e-05
60365.49343711929,0.9999638166653431,0.9999921945507423,0.9999940737427654,0.9999921945507423,-2.8377885399222258e-05
60365.493614818704,0.9998859960638186,0.9999923662166668,0.9999942524012767,0.9999923662166668,-0.00010637015284820084
60365.49379251812,0.9999143912515283,0.9999925389295666,0.9999944321169625,0.9999925389295666,-7.814767803837608e-05
60365.49397021753,1.0004064339142837,0.999992712689435,0.9999946128898153,0.999992712689435,0.00041372122484872875
60365.49414791696,1.0007043446228334,0.9999928874962931,0.9999947947198572,0.9999928874962931,0.0007114571265403047
60365.494325616375,0.9999170471572314,0.9999930633501197,0.9999949776070661,0.9999930633501197,-7.60161928883285e-05
60365.494503315786,0.9996146211843142,0.9999932402509146,0.9999951615514419,0.9999932402509146,-0.00037861906660041633
60365.49468101521,0.9998870356804419,0.9999934181986995,0.9999953465530071,0.9999934181986995,-0.00010638251825756395
60365.49485871463,1.0006333227125563,0.9999935971934527,0.9999955326117392,0.9999935971934527,0.0006397255191036288
60365.49503641404,0.999362204646108,0.999993777235174,0.9999957197276381,0.999993777235174,-0.0006315725890659873
60365.495214113456,1.0005137227793626,0.9999939583238782,0.9999959079007189,0.9999939583238782,0.0005197644554844061
60365.495391812874,1.000381930569287,0.9999941404595579,0.9999960971309741,0.9999941404595579,0.00038779010972900263
60365.49556951229,0.9999786843542595,0.9999943236422132,0.9999962874184039,0.9999943236422132,-1.5639287953672643e-05
60365.4957472117,0.9995734763525103,0.9999945078718364,0.9999964787629999,0.9999945078718364,-0.0004210315193261538
60365.49592491112,0.9991192531125631,0.9999946931484427,0.9999966711647783,0.9999946931484427,-0.0008754400358795822
60365.49610261054,1.0003851022454733,0.9999948794720246,0.999996864623731,0.9999948794720246,0.0003902227734486896
60365.49628030995,1.0000567665549904,0.9999950668425741,0.9999970591398502,0.9999950668425741,6.169971241631877e-05
60365.496458009366,1.0001989792865227,0.999995255260107,0.9999972547131516,0.999995255260107,0.00020372402641566367
60365.49663570878,1.0001903555785159,0.9999954447246153,0.9999974513436275,0.9999954447246153,0.00019491085390055396
60365.496813408194,0.999823957214679,0.9999956352360915,0.9999976490312696,0.9999956352360915,-0.00017167802141249133
60365.49699110762,1.0002027796898256,0.9999958267945588,0.9999978477761023,0.9999958267945588,0.00020695289526684313
60365.497168807036,1.0002814589407487,0.9999960193999937,0.9999980475781014,0.9999960193999937,0.0002854395407549948
60365.49734650645,1.0000969371936064,0.9999962130523963,0.9999982484372666,0.9999962130523963,0.00010072414121009565
60365.49752420587,0.9996755026060488,0.9999964077517903,0.9999984503536227,0.9999964077517903,-0.0003209051457415679
60365.49770190529,1.0001485266408832,0.9999966034981519,0.9999986533271448,0.9999966034981519,0.0001519231427312695
60365.4978796047,0.9998628381310101,0.9999968002914809,0.9999988573578331,0.9999968002914809,-0.0001339621604707908
60365.49805730412,0.9999285009603156,0.9999969981317934,0.999999062445704,0.9999969981317934,-6.849717147783263e-05
60365.498235003535,1.0006515019850428,0.9999971970190816,0.9999992685907494,0.9999971970190816,0.0006543049659611944
60365.498412702946,1.0001883855130536,0.9999973969533371,0.9999994757929606,0.9999973969533371,0.0001909885597164429
60365.49859040236,1.0004446607944777,0.9999975979345763,0.9999996840523546,0.9999975979345763,0.0004470628599013704
60365.49876810178,0.9992897139364746,0.9999977999627909,0.9999998933689231,0.9999977999627909,-0.0007080860263163347
60365.49894580119,0.9991111645086903,0.9999980030379728,1.0000001037426574,0.9999980030379728,-0.0008868385292825076
60365.49912350061,0.9998088543455357,0.9999982071601385,1.0000003151735744,0.9999982071601385,-0.00018935281460286113
60365.49930120003,1.000456969448137,0.9999984123292798,1.0000005276616661,0.9999984123292798,0.0004585571188571169
60365.49947889944,0.9995702207267759,0.9999986185453881,1.0000007412069234,0.9999986185453881,-0.0004283978186121473
60365.49965659886,0.9993325133888612,0.9999988258084889,1.0000009558093723,0.9999988258084889,-0.0006663124196276682
60365.49983429828,0.9999999046100445,0.9999990341185567,1.0000011714689871,0.9999990341185567,8.704914877810666e-07
60365.50001199769,0.9996608496437822,0.9999992434755915,1.0000013881857674,0.9999992434755915,-0.000338393831809336
60365.50018969711,1.0000930686536187,0.9999994538796104,1.0000016059597308,0.9999994538796104,9.361477400826601e-05
60365.500367396526,1.0002821028217481,0.9999996653306048,1.0000018247908686,0.9999996653306048,0.00028243749114331695
60365.50054509594,1.000528468521357,0.9999998778285747,1.000002044679181,0.9999998778285747,0.0005285906927822159
60365.50072279536,1.0006650154514574,1.0000000913735203,1.0000022656246677,1.0000000913735203,0.0006649240779370569
60365.50090049477,0.9998934314849427,1.0000003059654325,1.0000024876273195,1.0000003059654325,-0.00010687448048984916
60365.50107819419,1.0001645260255676,1.0000005216043288,1.000002710687155,1.0000005216043288,0.00016400442123876147
60365.50125589361,0.9999117069714104,1.000000738290201,1.0000029348041648,1.000000738290201,-8.90313187905667e-05
60365.50143359302,0.9993796782196331,1.0000009560230396,1.0000031599783397,1.0000009560230396,-0.0006212778034064836
60365.501611292435,0.9998679389718083,1.0000011748028625,1.0000033862096982,1.0000011748028625,-0.00013323583105429027
60365.50178899185,1.0004221676930414,1.0000013946296613,1.000003613498231,1.0000013946296613,0.00042077306338006437
60365.50196669126,0.9998016926315664,1.0000016155034264,1.000003841843929,1.0000016155034264,-0.00019992287185999214
60365.50214439068,1.000406465594355,1.000001837424176,1.0000040712468108,1.000001837424176,0.0004046281701790555
60365.5023220901,0.9997284006658298,1.000002060391901,1.0000043017068667,1.000002060391901,-0.00027365972607129585
60365.502499789516,0.999437564258905,1.0000022844066017,1.0000045332240972,1.0000022844066017,-0.0005647201476967068
60365.502677488934,1.0002607087799305,1.000002509468278,1.0000047657985018,1.000002509468278,0.0002581993116523851
60365.50285518835,1.0003336760512371,1.0000027355769296,1.000004999430081,1.0000027355769296,0.00033094047430748397
60365.50303288777,1.0003294204746451,1.0000029627325568,1.0000052341188348,1.0000029627325568,0.00032645774208828193
60365.50321058719,1.0001565389512943,1.0000031909351597,1.0000054698647627,1.0000031909351597,0.00015334801613464677
60365.5033882866,0.9998635874954773,1.0000034201847288,1.0000057066678554,1.0000034201847288,-0.0001398326892514401
60365.503565986015,1.0003223061525925,1.0000036504812826,1.000005944528132,1.0000036504812826,0.0003186556713099531
60365.50374368543,1.0004795040665544,1.000003881824812,1.0000061834455831,1.000003881824812,0.00047562224174235723
60365.50392138484,1.0001668212766257,1.0000041142153073,1.0000064234201989,1.0000041142153073,0.00016270706131837898
60365.50409908426,0.9996044360195084,1.0000043476527876,1.0000066644519987,1.0000043476527876,-0.0003999116332791264
60365.50427678368,1.0004070257571525,1.0000045821372436,1.000006906540973,1.0000045821372436,0.00040244361990882105
60365.50445448309,1.0002396141385428,1.0000048176686653,1.0000071496871115,1.0000048176686653,0.00023479646987745184
60365.50463218251,1.0004985821265215,1.0000050542470724,1.0000073938904346,1.0000050542470724,0.0004935278794491182
60365.50480988192,0.9998375602970226,1.0000052918724451,1.0000076391509218,1.0000052918724451,-0.00016773157542249173
60365.504987581335,0.9990027939637638,1.000005530544803,1.0000078854685934,1.000005530544803,-0.0010027365810392208
60365.50516528075,0.999728286335274,1.0000057702641365,1.0000081328434396,1.0000057702641365,-0.0002774839288625097
60365.50534298017,0.9999350974706994,1.0000060110304456,1.00000838127546,1.0000060110304456,-7.091355974619962e-05
60365.50552067959,1.000148284485035,1.0000062528437301,1.000008630764655,1.0000062528437301,0.00014203164130477397
60365.505698379005,0.9999727000977949,1.0000064957039903,1.0000088813110242,1.0000064957039903,-3.3795606195319294e-05
60365.50587607842,0.9999166517500997,1.000006739611226,1.000009132914568,1.000006739611226,-9.008786112629785e-05
60365.50605377784,0.9998340859472118,1.0000069845654371,1.0000093855752858,1.0000069845654371,-0.0001728986182253367
60365.50623147725,1.0000968449925594,1.000007230566614,1.0000096392931679,1.000007230566614,8.961442594546121e-05
60365.50640917667,0.9998470601745018,1.0000074776147758,1.0000098940682347,1.0000074776147758,-0.00016041744027406324
60365.50658687609,1.0004472624382106,1.0000077257099136,1.0000101499004759,1.0000077257099136,0.0004395367282969964
60365.5067645755,0.9998168862400606,1.0000079748520168,1.0000104067898807,1.0000079748520168,-0.00019108861195615834
60365.506942274915,1.0009734536055708,1.0000082250411055,1.0000106647364706,1.0000082250411055,0.000965228564465237
60365.507119974325,0.9995176572799198,1.0000084762771595,1.0000109237402244,1.0000084762771595,-0.0004908189972396837
60365.50729767374,0.999545523414832,1.0000087285601993,1.0000111838011632,1.0000087285601993,-0.00046320514536724033
60365.50747537316,0.9995045577382957,1.0000089818902145,1.000011444919276,1.0000089818902145,-0.0005044241519187587
60365.50765307257,1.0011053134235544,1.0000092362671948,1.0000117070945527,1.0000092362671948,0.0010960771563595095
60365.50783077199,1.000188807266934,1.0000094916911613,1.0000119703270145,1.0000094916911613,0.00017931557577277601
60365.50800847141,0.9996385073712303,1.0000097481621137,1.0000122346166616,1.0000097481621137,-0.00037124079088346473
60365.508186170824,1.0005010243939627,1.0000100056800205,1.0000124999634612,1.0000100056800205,0.0004910187139421929
60365.50836387024,1.0005321132007572,1.0000102642449136,1.000012766367446,1.0000102642449136,0.0005218489558436179
60365.50854156965,0.9998991053184906,1.0000105238567714,1.0000130338285944,1.0000105238567714,-0.00011141853828078307
60365.50871926908,0.9995974082374716,1.000010784515626,1.000013302346939,1.000010784515626,-0.00041337627815452027
60365.508896968495,0.9996139087568426,1.0000110462214455,1.0000135719224472,1.0000110462214455,-0.00039713746460290356
60365.509074667905,0.9995292565551319,1.0000113089742297,1.0000138425551186,1.0000113089742297,-0.0004820524190978226
60365.50925236732,1.000031721611928,1.0000115727740004,1.0000141142449754,1.0000115727740004,2.0148837927669305e-05
60365.50943006673,1.000018167473442,1.0000118376207356,1.0000143869919955,1.0000118376207356,6.329852706432604e-06
60365.50960776615,1.0000679895289042,1.0000121035144571,1.000014660796201,1.0000121035144571,5.588601444705965e-05
60365.50978546557,1.0004006125782186,1.0000123704551545,1.000014935657581,1.0000123704551545,0.00038824212306409756
60365.50996316498,1.0005404281907915,1.0000126384428158,1.000015211576124,1.0000126384428158,0.0005277897479756266
60365.5101408644,1.0001323379315863,1.0000129074774642,1.0000154885518526,1.0000129074774642,0.00011943045412210473
60365.51031856381,0.9994268521155852,1.0000131775590768,1.0000157665847444,1.0000131775590768,-0.0005863254434915754
60365.510496263225,0.9998736930190261,1.000013448687676,1.000016045674822,1.000013448687676,-0.00013975566864987687
60365.510673962635,0.999895021427487,1.0000137208632394,1.0000163258220622,1.0000137208632394,-0.00011869943575237851
60365.51085166206,0.9999515246034201,1.0000139940858008,1.0000166070264997,1.0000139940858008,-6.246948238075589e-05
60365.51102936148,0.9999550012327814,1.0000142683553266,1.0000168892881005,1.0000142683553266,-5.92671225452257e-05
60365.51120706089,0.9994035040942933,1.0000145436718166,1.0000171726068638,1.0000145436718166,-0.0006110395775232869
60365.51138476031,0.9997143752367543,1.0000148200353047,1.0000174569828248,1.0000148200353047,-0.0003004447985504033
60365.511562459724,1.000359681919874,1.0000150974457458,1.0000177424159369,1.0000150974457458,0.0003445844741281068
60365.51174015914,1.0011852072033023,1.0000153759031736,1.000018028906235,1.0000153759031736,0.0011698313001287097
60365.51191785856,1.000007367713077,1.000015655407577,1.0000183164537075,1.000015655407577,-8.287694500008769e-06
60365.51209555797,1.0000152200569319,1.0000159359589442,1.0000186050583426,1.0000159359589442,-7.159020123381765e-07
60365.51227325739,1.0000415013583224,1.0000162175572986,1.0000188947201638,1.0000162175572986,2.5283801023734398e-05
60365.5124509568,1.0001269824030403,1.0000165002026171,1.0000191854391476,1.0000165002026171,0.0001104822004232009
60365.512628656215,0.999305085793145,1.0000167838949225,1.0000194772153175,1.0000167838949225,-0.0007116981017775137
60365.512806355626,1.0002795498011612,1.0000170686341918,1.00001977004865,1.0000170686341918,0.00026248116696936385
60365.51298405504,1.0000367670805905,1.0000173544204485,1.0000200639391688,1.0000173544204485,1.9412660142048566e-05
60365.51316175446,1.0006470065387891,1.0000176412536803,1.0000203588868617,1.0000176412536803,0.0006293652851088183
60365.51333945387,0.9999262446449336,1.000017929133876,1.000020654891717,1.000017929133876,-9.168448894236736e-05
60365.51351715329,1.0002659053000074,1.000018218061059,1.0000209519537588,1.000018218061059,0.000247687238948302
60365.51369485271,1.00108840713605,1.0000185080352175,1.0000212500729753,1.0000185080352175,0.0010698991008324388
60365.513872552125,0.9993510728108982,1.0000187990563518,1.0000215492493658,1.0000187990563518,-0.000667726245453637
60365.514050251535,1.0001034633333152,1.0000190911244493,1.0000218494829185,1.0000190911244493,8.437220886592378e-05
60365.51422795096,1.0000349847115477,1.0000193842395466,1.0000221507736702,1.0000193842395466,1.5600472001109367e-05
60365.51440565038,1.0001493603147984,1.0000196784016073,1.000022453121584,1.0000196784016073,0.00012968191319107092
60365.51458334979,1.0000484490314216,1.0000199736106312,1.0000227565266597,1.0000199736106312,2.8475420790430306e-05
60365.514761049206,1.0000300241361815,1.000020269866643,1.0000230609889222,1.000020269866643,9.75426953853109e-06
60365.514938748616,0.9995965762892923,1.000020567169618,1.0000233665083467,1.000020567169618,-0.00042399088032574195
60365.515116448034,1.0003301009303458,1.0000208655195808,1.0000236730849579,1.0000208655195808,0.0003092354107649964
60365.515294147444,0.9996000263632907,1.0000211649165067,1.0000239807187308,1.0000211649165067,-0.0004211385532160161
60365.51547184686,1.0002199559565947,1.0000214653604205,1.000024289409691,1.0000214653604205,0.00019849059617427223
60365.51564954628,0.9998988746783275,1.0000217668513098,1.0000245991578252,1.0000217668513098,-0.00012289217298233623
60365.51582724569,0.999899254340643,1.0000220693891622,1.0000249099631213,1.0000220693891622,-0.000122815048519187
60365.51600494511,0.9993744877973684,1.0000223729740025,1.0000252218256045,1.0000223729740025,-0.0006478851766341664
60365.51618264452,1.0003432216841048,1.0000226776058059,1.0000255347452491,1.0000226776058059,0.0003205440782989566
60365.516360343936,0.9993958975219429,1.0000229832845973,1.000025848722081,1.0000229832845973,-0.0006270857626543558
60365.516538043354,1.0003484428276594,1.000023290010364,1.0000261637560872,1.000023290010364,0.00032515281729539325
60365.51671574277,1.000176078469796,1.0000235977831065,1.0000264798472678,1.0000235977831065,0.00015248068668949344
60365.51689344218,1.0001188421764395,1.0000239066028118,1.0000267969956098,1.0000239066028118,9.49355736277191e-05
60365.51707114161,0.998952568125356,1.000024216469518,1.0000271152011522,1.000024216469518,-0.0010716483441618463
60365.517248841024,0.9994621584188876,1.000024527383187,1.000027434463856,1.000024527383187,-0.0005623689642992868
60365.517426540435,1.0010067341158748,1.0000248393438187,1.000027754783721,1.0000248393438187,0.0009818947720561244
60365.51760423985,1.000407041310844,1.0000251523514387,1.0000280761607736,1.0000251523514387,0.0003818889594051633
60365.51778193926,1.000220470642232,1.0000254664060213,1.0000283985949874,1.0000254664060213,0.00019500423621066076
60365.51795963868,0.9994276738918448,1.0000257815075924,1.0000287220863886,1.0000257815075924,-0.0005981076157475229
60365.51813733809,0.9998531295155767,1.0000260976561262,1.000029046634951,1.0000260976561262,-0.00017296814054945653
60365.51831503751,1.0001382784912012,1.0000264148516482,1.000029372240701,1.0000264148516482,0.00011186363955295597
60365.51849273692,1.0002406816160727,1.0000267330941326,1.000029698903612,1.0000267330941326,0.0002139485219401216
60365.51867043634,0.9996425897308568,1.000027052383606,1.0000300266237108,1.000027052383606,-0.00038446265274905134
60365.51884813575,1.0004986554532356,1.0000273727200413,1.0000303554009704,1.0000273727200413,0.00047128273319430036
60365.519025835165,0.9993903025898703,1.0000276941034654,1.000030685235418,1.0000276941034654,-0.000637391513595098
60365.51920353459,0.9997983572346688,1.0000280165338784,1.0000310161270534,1.0000280165338784,-0.00022965929920959471
60365.519381234,0.9998899997038954,1.0000283400112404,1.000031348075836,1.0000283400112404,-0.00013834030734505287
60365.51955893342,0.9990143870680399,1.0000286645355911,1.0000316810818066,1.0000286645355911,-0.0010142774675512278
60365.519736632836,1.0000520068419567,1.0000289901069173,1.0000320151449518,1.0000289901069173,2.3016735039460556e-05
