t_bmjd,flux,model_sym,model_asym,ramp,res_sym
60088.126288500025,1.0009530962382462,1.0007245675499068,1.000724652977806,1.0007245675499068,0.00022852868833944662
60088.12637225261,1.0005605913477889,1.0007241924866925,1.0007242772891416,1.0007241924866925,-0.00016360113890367955
60088.12645600519,1.001165194017186,1.000723817517185,1.0007239016946754,1.000723817517185,0.00044137650000086737
60088.12653975777,1.00075682868121,1.0007234426413503,1.000723526194374,1.0007234426413503,3.338603985980626e-05
60088.126623510354,1.001140930536136,1.000723067859187,1.0007231507882353,1.000723067859187,0.00041786267694909895
60088.12670726293,1.0006113077135728,1.0007226931707265,1.0007227754762904,1.0007226931707265,-0.00011138545715372317
60088.126791015515,1.0005108804596008,1.0007223185758691,1.0007224002584405,1.0007223185758691,-0.00021143811626833653
60088.126874768095,1.0007217526130212,1.0007219440747115,1.000722025134781,1.0007219440747115,-1.9146169027983717e-07
60088.12695852068,1.0001845001424994,1.000721569667187,1.000721650105246,1.000721569667187,-0.0005370695246875723
60088.12704227326,1.000891656714994,1.0007211953533588,1.0007212751698997,1.0007211953533588,0.00017046136163512138
60088.12712602584,1.0011757134180654,1.0007208211331933,1.000720900328707,1.0007208211331933,0.00045489228487216593
60088.12720977842,1.0001813617800164,1.0007204470067217,1.0007205255816995,1.0007204470067217,-0.0005390852267053159
60088.127293531,1.00061011384046,1.0007200729738772,1.0007201509288104,1.0007200729738772,-0.00010995913341727004
60088.127377283585,1.000326948804602,1.0007196990346583,1.0007197763700386,1.0007196990346583,-0.0003927502300562491
60088.127461036165,1.0004436664083116,1.000719325189129,1.0007194019054468,1.000719325189129,-0.0002756587808174782
60088.12754478875,1.0006989092907337,1.0007189514372223,1.0007190275349698,1.0007189514372223,-2.0042146488652435e-05
60088.127628541326,1.000700082562115,1.0007185777790344,1.0007186532587031,1.0007185777790344,-1.84952169193231e-05
60088.127712293914,1.0006762246974852,1.000718204214434,1.0007182790765152,1.000718204214434,-4.197951694884239e-05
60088.12779604649,1.0002839240554657,1.0007178307435496,1.0007179049885346,1.0007178307435496,-0.0004339066880838516
60088.12787979907,1.0001881813218707,1.0007174573662818,1.0007175309946619,1.0007174573662818,-0.0005292760444111089
60088.127963551655,1.0009162842082469,1.0007170840826298,1.0007171570948963,1.0007170840826298,0.00019920012561702727
60088.128047304235,0.9999884603053337,1.000716710892657,1.0007167832893016,1.000716710892657,-0.0007282505873231759
60088.128131056816,1.0014677102211629,1.0007163377963288,1.0007164095778431,1.0007163377963288,0.0007513724248340292
60088.128214809396,1.0009652795929265,1.0007159647936443,1.0007160359605196,1.0007159647936443,0.00024931479928214095
60088.12829856198,1.000035588489994,1.0007155918846022,1.0007156624373295,1.0007155918846022,-0.0006800033946081641
60088.12838231456,1.0011027310698186,1.0007152190692004,1.0007152890082716,1.0007152190692004,0.00038751200061826196
60088.12846606714,1.0008434926559076,1.0007148463474385,1.0007149156733441,1.0007148463474385,0.00012864630846909364
60088.128549819725,1.0005284333469868,1.0007144737192812,1.0007145424325137,1.0007144737192812,-0.00018604037229441595
60088.1286335723,1.0010884982648065,1.000714101184825,1.0007141692858759,1.000714101184825,0.0003743970799814367
60088.128717324886,1.0013042663439966,1.0007137287439394,1.0007137962332993,1.0007137287439394,0.0005905376000572282
60088.12880107746,1.000505316421739,1.0007133563967519,1.0007134232749124,1.0007133563967519,-0.00020803997501284144
60088.12888483005,1.0003728372155556,1.000712984143131,1.000713050410584,1.000712984143131,-0.0003401469275754465
60088.12896858263,1.0013917998933213,1.0007126119831735,1.0007126776404096,1.0007126119831735,0.0006791879101477605
60088.12905233521,1.0011731775938488,1.0007122399168447,1.0007123049643558,1.0007122399168447,0.00046093767700416954
60088.129136087795,1.0001424886496657,1.0007118679441112,1.000711932382389,1.0007118679441112,-0.000569379294445449
60088.12921984037,1.0009240221215032,1.0007114960650685,1.0007115598946041,1.0007114960650685,0.00021252605643473643
60088.12930359295,1.0008714401341536,1.0007111242796176,1.000711187500903,1.0007111242796176,0.00016031585453601949
60088.12938734553,1.0005001692571187,1.0007107525877907,1.000710815201316,1.0007107525877907,-0.00021058333067203172
60088.12947109812,1.0004971317596183,1.0007103809895526,1.0007104429958102,1.0007103809895526,-0.00021324922993426476
60088.1295548507,1.0002866853993713,1.000710009484967,1.0007100708844483,1.000710009484967,-0.0004233240855957554
60088.12963860328,1.0005632070108608,1.0007096380740004,1.000709698867197,1.0007096380740004,-0.00014643106313960708
60088.12972235586,1.0004075697920982,1.000709266756651,1.0007093269440541,1.000709266756651,-0.00030169696455284445
60088.12980610843,1.000593933522654,1.0007088955329497,1.0007089551150505,1.0007088955329497,-0.00011496201029581599
60088.12988986102,1.000154150083605,1.0007085244027984,1.0007085833800886,1.0007085244027984,-0.0005543743191933626
60088.1299736136,1.0010166532101472,1.0007081533662923,1.0007082117392634,1.0007081533662923,0.000308499843854948
60088.13005736618,1.00058125962203,1.0007077824233974,1.000707840192541,1.0007077824233974,-0.00012652280136737915
60088.13014111877,1.00130826515358,1.0007074115740808,1.0007074687398878,1.0007074115740808,0.0006008535794992387
60088.13022487134,1.0014499247258903,1.0007070408184369,1.0007070973813994,1.0007070408184369,0.0007428839074534732
60088.13030862392,1.0004057781791162,1.000706670156368,1.000706726116977,1.000706670156368,-0.00030089197725180483
60088.1303923765,1.0006023347749138,1.0007062995879048,1.0007063549466515,1.0007062995879048,-0.00010396481299101978
60088.13047612908,1.0011447432867568,1.0007059291130453,1.000705983870422,1.0007059291130453,0.0004388141737114992
60088.13055988167,1.0006744622609138,1.0007055587317568,1.0007056128882548,1.0007055587317568,-3.109647084298395e-05
60088.13064363425,1.0013696228337103,1.000705188444102,1.000705242000212,1.000705188444102,0.0006644343896082816
60088.13072738683,1.0006177631512343,1.0007048182500466,1.000704871206261,1.0007048182500466,-8.705509881234974e-05
60088.1308111394,1.000426529344524,1.0007044481496221,1.0007045005064314,1.0007044481496221,-0.0002779188050980874
60088.13089489198,1.0002816746044452,1.000704078142762,1.0007041299006587,1.000704078142762,-0.0004224035383169067
60088.13097864457,1.0009003573647992,1.0007037082294656,1.0007037593889403,1.0007037082294656,0.00019664913533357087
60088.13106239715,1.0009266245043864,1.0007033384097954,1.0007033889713397,1.0007033384097954,0.0002232860945909909
60088.13114614974,1.0008151051209915,1.0007029686836855,1.0007030186477912,1.0007029686836855,0.00011213643730600964
60088.13122990231,1.0006228217426434,1.0007025990512308,1.0007026484183892,1.0007025990512308,-7.977730858743648e-05
60088.131313654885,1.0009578631085352,1.0007022295123658,1.0007022782830686,1.0007022295123658,0.0002556335961694245
60088.13139740747,1.0010201477770582,1.000701860067025,1.0007019082417632,1.000701860067025,0.0003182877100331716
60088.13148116005,1.0008532871183968,1.000701490715303,1.0007015382945685,1.000701490715303,0.00015179640309392894
60088.13156491264,1.0004555353688835,1.0007011214571337,1.000701168441418,1.0007011214571337,-0.0002455860882502048
60088.13164866522,0.9998031217506017,1.000700752292581,1.0007007986823753,1.000700752292581,-0.0008976305419793329
60088.131732417794,1.0004999418897618,1.0007003832216426,1.0007004290174386,1.0007003832216426,-0.00020044133188079627
60088.13181617038,1.0014003292291336,1.0007000142442206,1.0007000594465099,1.0007000142442206,0.0007003149849129642
60088.131899922955,1.000391839620906,1.0006996453604429,1.0006996899697165,1.0006996453604429,-0.000307805739536926
60088.13198367554,1.0002534493000481,1.0006992765701788,1.0006993205869283,1.0006992765701788,-0.0004458272701306498
60088.13206742812,1.0010119634660686,1.0006989078735231,1.000698951298241,1.0006989078735231,0.00031305559254546367
60088.132151180704,1.001116798636918,1.0006985392704428,1.0006985821036196,1.0006985392704428,0.00041825936647521544
60088.132234933284,1.001018595456348,1.0006981707609361,1.0006982130030635,1.0006981707609361,0.00032042469541182506
60088.132318685864,1.0009697223334262,1.0006978023450017,1.0006978439965708,1.0006978023450017,0.00027191998842446274
60088.132402438445,1.0010755737841017,1.000697434022638,1.0006974750841409,1.000697434022638,0.00037813976146372497
60088.132486191025,1.0006162347983603,1.0006970657938439,1.0006971062657717,1.0006970657938439,-8.083099548361616e-05
60088.132569943606,1.001052843122174,1.0006966976586171,1.000696737541462,1.0006966976586171,0.00035614546355677845
60088.13265369619,1.00129946206733,1.0006963296169253,1.0006963689111779,1.0006963296169253,0.0006031324504045532
60088.13273744877,1.0007430651711124,1.0006959616688622,1.0006960003750143,1.0006959616688622,4.7103502250234186e-05
60088.13282120135,1.0006854590627878,1.0006955938143307,1.0006956319328741,1.0006955938143307,-1.0134751542878462e-05
60088.13290495393,1.001400221286105,1.0006952260533613,1.0006952635847874,1.0006952260533613,0.0007049952327438103
60088.13298870651,1.0002248280125607,1.0006948583859527,1.000694895330753,1.0006948583859527,-0.00047003037339199416
60088.133072459095,1.001000438832666,1.0006944908120712,1.0006945271707373,1.0006944908120712,0.000305948020594915
60088.133156211676,1.0004858184720122,1.0006941233317792,1.0006941591048024,1.0006941233317792,-0.00020830485976697233
60088.13323996425,1.000464330467164,1.000693755945076,1.0006937911329474,1.000693755945076,-0.00022942547791182655
60088.13332371684,1.000611209560405,1.0006933886518632,1.000693423255075,1.0006933886518632,-8.217909145824542e-05
60088.13340746941,1.0004673127204438,1.000693021452268,1.0006930554713116,1.000693021452268,-0.000225708731824259
60088.13349122199,1.0013789278754823,1.0006926543461927,1.0006926877815596,1.0006926543461927,0.0006862735292896271
60088.13357497458,1.000840519241306,1.000692287333636,1.0006923201858176,1.000692287333636,0.0001482319076699934
60088.13365872716,1.000608644739959,1.0006919204146603,1.0006919526841482,1.0006919204146603,-8.327567470134412e-05
60088.133742479746,1.0007472367450208,1.0006915535892003,1.0006915852764862,1.0006915535892003,5.568315582049621e-05
60088.13382623232,1.0007363036752617,1.0006911868573503,1.000691217962925,1.0006911868573503,4.511681791141697e-05
60088.13390998489,1.00112062392674,1.0006908202190448,1.0006908507434007,1.0006908202190448,0.00042980370769529763
60088.13399373748,1.0006259703616078,1.000690453674219,1.0006904836178476,1.000690453674219,-6.448331261110773e-05
60088.13407749006,0.999978915553024,1.000690087222967,1.0006901165863595,1.000690087222967,-0.0007111716699429449
60088.13416124264,1.000345752542332,1.000689720865255,1.000689749648903,1.000689720865255,-0.00034396832292293844
60088.13424499523,1.000882446943497,1.0006893546010505,1.0006893828054453,1.0006893546010505,0.0001930923424464659
60088.1343287478,1.0007547876985607,1.000688988430447,1.0006890160560806,1.000688988430447,6.579926811367542e-05
60088.134412500374,1.0006018550982947,1.0006886223533795,1.0006886494007434,1.0006886223533795,-8.676725508482974e-05
60088.13449625296,1.0004374708825094,1.0006882563697832,1.0006882828393686,1.0006882563697832,-0.0002507854872737525
60088.13458000554,1.0008169699746197,1.0006878904797516,1.0006879163720503,1.0006878904797516,0.00012907949486806736
60088.13466375813,1.0007912959910439,1.00068752468322,1.0006875499987236,1.00068752468322,0.00010377130782379673
60088.13474751071,1.0007888820815471,1.0006871589802506,1.0006871837194504,1.0006871589802506,0.00010172310129652473
60088.13483126328,1.0000411032927845,1.0006867933708419,1.0006868175342296,1.0006867933708419,-0.0006456900780573704
60088.134915015864,1.0012798855932574,1.0006864278549283,1.0006864514429954,1.0006864278549283,0.000593457738329084
60088.134998768444,1.0012549545532796,1.000686062432541,1.000686085445779,1.000686062432541,0.0005688921207385178
60088.135082521025,1.0010147585595506,1.0006856971036784,1.000685719542579,1.0006856971036784,0.0003290614558721927
60088.13516627361,1.001260166371594,1.000685331868307,1.0006853537333613,1.000685331868307,0.0005748345032869917
60088.13525002619,0.9991864757712168,1.0006849667264888,1.000684988018189,1.0006849667264888,-0.0014984909552719916
60088.135333778766,1.000269503617785,1.0006846016782227,1.00068462239706,1.0006846016782227,-0.000415098060437602
60088.135417531346,1.0007203890968221,1.0006842367234432,1.0006842568699097,1.0006842367234432,3.6152373378950386e-05
60088.13550128393,1.0006631739334102,1.0006838718621816,1.0006838914367684,1.0006838718621816,-2.069792877135157e-05
60088.13558503651,1.0003067963939831,1.0006835070944355,1.000683526097634,1.0006835070944355,-0.0003767107004524206
60088.135668789095,1.0003038757225562,1.000683142420172,1.000683160852474,1.000683142420172,-0.0003792666976158987
60088.135752541675,1.0010449898389873,1.0006827778394534,1.0006827957013507,1.0006827778394534,0.00036221199953390126
60088.135836294256,1.0003883488089191,1.000682413352246,1.0006824306442303,1.000682413352246,-0.0002940645433269218
60088.135920046836,1.001573247693399,1.0006820489585493,1.0006820656811113,1.0006820489585493,0.0008911987348496631
60088.13600379941,1.0003135596051178,1.0006816846583924,1.0006817008120246,1.0006816846583924,-0.00036812505327454836
60088.136087552,1.000497923555455,1.0006813204516796,1.000681336036873,1.0006813204516796,-0.00018339689622459687
60088.13617130458,1.0001495294829947,1.0006809563385044,1.0006809713557505,1.0006809563385044,-0.0005314268555096646
60088.13625505716,1.0008008924570735,1.000680592318833,1.000680606768624,1.000680592318833,0.00012030013824038122
60088.13633880974,1.0000844464560255,1.0006802283926652,1.000680242275492,1.0006802283926652,-0.0005957819366397832
60088.13642256232,1.000795270161483,1.0006798645599984,1.0006798778763533,1.0006798645599984,0.00011540560148470824
60088.13650631489,1.0012536623187935,1.000679500820863,1.0006795135712374,1.000679500820863,0.0005741614979304366
60088.13659006748,1.0011876503902766,1.0006791371751638,1.0006791493600484,1.0006791371751638,0.0005085132151128047
60088.13667382006,1.0007297449116983,1.0006787736229927,1.00067878524288,1.0006787736229927,5.097128870557022e-05
60088.13675757264,1.0005954345185906,1.0006784101643174,1.0006784212196989,1.0006784101643174,-8.29756457267905e-05
60088.13684132522,1.000119366706979,1.0006780467991363,1.0006780572905036,1.0006780467991363,-0.0005586800921573154
60088.1369250778,1.0004915569885373,1.0006776835274482,1.0006776934552926,1.0006776835274482,-0.00018612653891092457
60088.137008830374,1.0005967092106058,1.000677320349283,1.0006773297140963,1.000677320349283,-8.061113867707803e-05
60088.13709258296,1.0002652076917906,1.0006769572645449,1.0006769660668184,1.0006769572645449,-0.0004117495727542497
60088.13717633554,1.0009984006663641,1.0006765942733264,1.0006766025135523,1.0006765942733264,0.00032180639303769354
60088.13726008812,1.0003962304444358,1.0006762313755952,1.000676239054265,1.0006762313755952,-0.0002800009311594298
60088.1373438407,1.0014193876112156,1.0006758685713497,1.0006758756889549,1.0006758685713497,0.0007435190398659142
60088.13742759328,1.000668523297787,1.0006755058605885,1.00067551241762,1.0006755058605885,-6.982562801516323e-06
60088.137511345856,1.0007220221330269,1.0006751432433414,1.0006751492402917,1.0006751432433414,4.687888968546439e-05
60088.137595098444,1.000872421606299,1.0006747807195127,1.0006747861568732,1.0006747807195127,0.00019764088678630998
60088.137678851024,1.0003982743330901,1.0006744182891953,1.0006744231674578,1.0006744182891953,-0.0002761439561052015
60088.137762603605,1.0003070407523635,1.0006740559523566,1.0006740602720121,1.0006740559523566,-0.0003670151999930482
60088.13784635619,1.0007963831685087,1.0006736937089633,1.000673697470504,1.0006736937089633,0.00012268945954541088
60088.137930108765,1.000897702703412,1.0006733315591088,1.000673334763026,1.0006733315591088,0.00022437114430329252
60088.13801386134,1.000270789950713,1.0006729695027279,1.0006729721495136,1.0006729695027279,-0.00040217955201482525
60088.138097613926,1.0002270253041805,1.0006726075397574,1.0006726096299026,1.0006726075397574,-0.00044558223557689125
60088.13818136651,1.000762274774662,1.0006722456702895,1.0006722472042862,1.0006722456702895,9.002910437261313e-05
60088.13826511909,1.0012481903017953,1.0006718838942914,1.0006718848726313,1.0006718838942914,0.0005763064075039459
60088.138348871675,1.0002728384045547,1.0006715222117304,1.000671522634905,1.0006715222117304,-0.0003986838071756704
60088.13843262425,1.000794285354672,1.000671160622699,1.0006711604912,1.000671160622699,0.00012312473197306772
60088.13851637682,1.0003207043996507,1.0006707991271333,1.0006707984414525,1.0006707991271333,-0.0003500947274825972
60088.13860012941,1.0002571208221869,1.0006704377249689,1.0006704364855976,1.0006704377249689,-0.0004133169027820127
60088.13868388199,1.0007975714645303,1.000670076416299,1.000670074623729,1.000670076416299,0.00012749504823128532
60088.13876763457,1.0006904834610584,1.00066971520109,1.0006697128558126,1.00066971520109,2.0768259968440006e-05
60088.13885138715,1.0006817886150339,1.0006693540793408,1.000669351181848,1.0006693540793408,1.2434535693106596e-05
60088.13893513973,1.0006262148887812,1.0006689930510502,1.0006689896018337,1.0006689930510502,-4.27781622689416e-05
60088.1390188923,1.0005466343508846,1.0006686321162477,1.000668628115799,1.0006686321162477,-0.00012199776536303553
60088.139102644884,1.000463054837447,1.0006682712748696,1.0006682667236806,1.0006682712748696,-0.0002052164374226617
60088.13918639747,1.0007780401877877,1.0006679105269145,1.0006679054254761,1.0006679105269145,0.00011012966087320386
60088.13927015005,1.000592457729041,1.000667549872443,1.0006675442212476,1.000667549872443,-7.509214340206682e-05
60088.13935390263,1.0002384231752441,1.000667189311423,1.0006671831109621,1.000667189311423,-0.0004287661361788153
60088.13943765521,0.9995898174895019,1.0006668288438525,1.0006668220946178,1.0006668288438525,-0.0010770113543505655
60088.139521407786,1.0004802392001195,1.000666468469762,1.000666461172245,1.000666468469762,-0.00018622926964240172
60088.139605160366,1.0002321931306641,1.0006661081890873,1.0006661003437798,1.0006661081890873,-0.00043391505842316214
60088.139688912954,1.0008537063458554,1.0006657480018266,1.0006657396092198,1.0006657480018266,0.000187958344028738
60088.139772665534,1.0002421282921607,1.0006653879080416,1.0006653789686273,1.0006653879080416,-0.0004232596158808555
60088.139856418115,0.9996060616938302,1.0006650279076987,1.0006650184219692,1.0006650279076987,-0.001058966213868584
60088.13994017069,1.0008917371554353,1.000664668000829,1.0006646579692755,1.000664668000829,0.00022706915460624089
60088.14002392327,1.0006809357540616,1.0006643081873674,1.0006642976104816,1.0006643081873674,1.662756669418286e-05
60088.14010767585,1.0007649584215472,1.0006639484673443,1.0006639373456176,1.0006639484673443,0.00010100995420292413
60088.14019142843,1.0007444868325284,1.0006635888407585,1.0006635771746828,1.0006635888407585,8.089799176991264e-05
60088.14027518102,1.0002157922129848,1.0006632293075766,1.0006632170976437,1.0006632293075766,-0.0004474370945917183
60088.1403589336,1.000107355042804,1.0006628698678603,1.0006628571145617,1.0006628698678603,-0.0005555148250564468
60088.14044268617,1.000379887457032,1.0006625105216078,1.0006624972254354,1.0006625105216078,-0.00028262306457582653
60088.14052643876,1.0000032380854544,1.0006621512687244,1.0006621374301696,1.0006621512687244,-0.000658913183269938
60088.14061019133,1.000989040536119,1.0006617921093328,1.0006617777288875,1.0006617921093328,0.0003272484267862197
60088.14069394391,1.0008413884152245,1.0006614330433388,1.0006614181214946,1.0006614330433388,0.00017995537188575383
60088.14077769649,1.0008444662718365,1.0006610740707715,1.0006610586080198,1.0006610740707715,0.00018339220106500242
60088.14086144908,1.001079549346534,1.0006607151915983,1.0006606991884317,1.0006607151915983,0.000418834154935821
60088.14094520165,1.0015751529613013,1.0006603564059122,1.0006603398628215,1.0006603564059122,0.0009147965553890636
60088.14102895423,1.000588816436921,1.0006599977136175,1.0006599806310945,1.0006599977136175,-7.118127669647478e-05
60088.14111270681,1.000463973254369,1.0006596391147438,1.0006596214932804,1.0006596391147438,-0.00019566586037478295
60088.14119645939,1.0004351122308117,1.0006592806092904,1.0006592624493778,1.0006592806092904,-0.0002241683784787174
60088.141280211974,1.0008881071643023,1.000658922197255,1.0006589034993858,1.000658922197255,0.00022918496704726898
60088.14136396456,1.0005069627092313,1.0006585638786056,1.0006585446432708,1.0006585638786056,-0.00015160116937429358
60088.141447717135,1.0010943174611857,1.0006582056534343,1.0006581858811257,1.0006582056534343,0.0004361118077513826
60088.141531469715,1.0003808832539762,1.000657847521646,1.000657827212855,1.000657847521646,-0.0002769642676698769
60088.14161522229,0.9994671026677769,1.0006574894833011,1.0006574686385203,1.0006574894833011,-0.0011903868155241915
60088.141698974876,1.0004779767674867,1.0006571315383057,1.000657110158026,1.0006571315383057,-0.0001791547708189789
60088.141782727456,1.0015125185366742,1.0006567736867513,1.0006567517714646,1.0006567736867513,0.0008557448499229015
60088.14186648004,1.0012862333746304,1.0006564159286053,1.0006563934788035,1.0006564159286053,0.0006298174460250827
60088.141950232624,1.001124444103277,1.0006560582638353,1.0006560352800098,1.0006560582638353,0.0004683858394416429
60088.1420339852,1.000277868525886,1.0006557006925332,1.0006556771751758,1.0006557006925332,-0.0003778321666472184
60088.14211773777,1.0005397781592245,1.0006553432146348,1.0006553191642378,1.0006553432146348,-0.00011556505541032713
60088.14220149035,1.0007718267266565,1.0006549858301086,1.0006549612471631,1.0006549858301086,0.00011684089654795393
60088.14228524294,1.0011602198266225,1.0006546285389526,1.0006546034239503,1.0006546285389526,0.0005055912876699153
60088.14236899552,1.0010829764521163,1.0006542713412274,1.00065424569466,1.0006542713412274,0.00042870511088888286
60088.1424527481,1.0005195956185358,1.000653914236901,1.0006538880592606,1.000653914236901,-0.00013431861836532555
60088.14253650067,1.0011729057859704,1.0006535572260027,1.0006535305177804,1.0006535572260027,0.0005193485599677139
60088.14262025325,1.0006114674449507,1.0006532003084687,1.0006531730701569,1.0006532003084687,-4.173286351805139e-05
60088.14270400583,1.0010687067319286,1.0006528434843294,1.0006528157164196,1.0006528434843294,0.0004158632475992352
60088.142787758414,1.0001095062130503,1.0006524867535826,1.0006524584565661,1.0006524867535826,-0.0005429805405323673
60088.142871511,0.9998852335422779,1.0006521301161961,1.0006521012905654,1.0006521301161961,-0.0007668965739182632
60088.14295526358,1.000789536350123,1.0006517735722311,1.0006517442184772,1.0006517735722311,0.00013776277789179225
60088.143039016155,0.9999369153526964,1.0006514171216856,1.0006513872403007,1.0006514171216856,-0.0007145017689892397
60088.14312276873,1.0001964127559748,1.000651060764527,1.0006510303560026,1.000651060764527,-0.0004546480085521054
60088.143206521316,1.0006438274246887,1.000650704500692,1.0006506735655198,1.000650704500692,-6.877076003330984e-06
60088.143290273896,0.9999275631002101,1.0006503483302729,1.0006503168689447,1.0006503483302729,-0.0007227852300627502
60088.14337402648,1.0010232030329134,1.000649992253236,1.000649960266244,1.000649992253236,0.0003732107796774464
60088.14345777906,1.0009364431040209,1.0006496362695811,1.0006496037574162,1.0006496362695811,0.00028680683443971233
60088.14354153164,1.0001431499708917,1.0006492803793061,1.0006492473424606,1.0006492803793061,-0.0005061304084144069
60088.14362528421,1.0009211673851846,1.0006489245824406,1.000648891021406,1.0006489245824406,0.0002722428027439605
60088.14370903679,1.0013304132849896,1.0006485688789213,1.0006485347941896,1.0006485688789213,0.0006818444060683326
60088.14379278937,1.0005413392324858,1.0006482132687784,1.0006481786608408,1.0006482132687784,-0.0001068740362926146
60088.14387654196,1.0008473578628774,1.0006478577519784,1.0006478226213271,1.0006478577519784,0.0001995001108989758
60088.14396029454,1.0000380060823049,1.0006475023285824,1.0006474666757093,1.0006475023285824,-0.0006094962462774856
60088.14404404711,1.000829918162583,1.000647146998589,1.0006471108239854,1.000647146998589,0.00018277116399412208
60088.14412779969,1.0000831379902493,1.0006467917619344,1.0006467550660927,1.0006467917619344,-0.000563653771685102
60088.14421155227,1.0003188868296389,1.0006464366186492,1.0006463994020605,1.0006464366186492,-0.0003275497890102841
60088.14429530485,1.0007606035408454,1.000646081568731,1.0006460438318872,1.000646081568731,0.00011452197211436754
60088.144379057434,1.0005747415215465,1.0006457266121784,1.0006456883555717,1.0006457266121784,-7.098509063196978e-05
60088.14446281002,1.000378598478325,1.0006453717489598,1.0006453329730816,1.0006453717489598,-0.00026677327063473477
60088.144546562595,1.000488666950177,1.0006450169791663,1.0006449776845079,1.0006450169791663,-0.00015635002898939376
60088.144630315175,1.000717505135507,1.0006446623027028,1.0006446224897567,1.0006446623027028,7.284283280428738e-05
60088.14471406775,1.0013618873327248,1.000644307719631,1.000644267388889,1.000644307719631,0.0007175796130938217
60088.144797820336,1.0012371000946774,1.0006439532298563,1.0006439123818092,1.0006439532298563,0.000593146864821037
60088.144881572916,1.0001727850499447,1.0006435988334694,1.0006435574686101,1.0006435988334694,-0.00047081378352475944
60088.1449653255,1.0000662860430867,1.000643244530439,1.0006432026492584,1.000643244530439,-0.0005769584873522859
60088.14504907807,1.0007308749985147,1.0006428903207938,1.000642847923784,1.0006428903207938,8.798467772086482e-05
60088.14513283066,1.0011551666266156,1.00064253620444,1.0006424932920932,1.00064253620444,0.0005126304221756417
60088.14521658323,1.0010558525053055,1.0006421821814997,1.0006421387543072,1.0006421821814997,0.0004136703238057926
60088.14530033581,1.0003385364895425,1.0006418282518788,1.0006417843103328,1.0006418282518788,-0.000303291762336233
60088.14538408839,1.000097760953329,1.000641474415607,1.0006414299601987,1.000641474415607,-0.0005437134622778839
60088.14546784098,1.0006618017952524,1.000641120672652,1.0006410757038733,1.000641120672652,2.0681122600452184e-05
60088.14555159355,1.0014578976819768,1.0006407670231043,1.0006407215414475,1.0006407670231043,0.0008171306588724558
60088.14563534613,1.0004198380305729,1.0006404134668707,1.0006403674728275,1.0006404134668707,-0.00022057543629783183
60088.145719098706,1.0014950548197303,1.0006400600040113,1.0006400134980729,1.0006400600040113,0.0008549948157190457
60088.14580285129,1.0003434265192082,1.0006397066344321,1.0006396596170908,1.0006397066344321,-0.0002962801152239791
60088.145886603874,1.0007615788465167,1.0006393533582243,1.0006393058299716,1.0006393533582243,0.00012222548829243784
60088.145970356454,1.0004653643041848,1.0006390001753553,1.0006389521366832,1.0006390001753553,-0.00017363587117058543
60088.14605410903,1.0004982424636044,1.000638647085855,1.0006385985372548,1.000638647085855,-0.00014040462225062278
60088.14613786161,1.0003839300147568,1.0006382940896599,1.0006382450316242,1.0006382940896599,-0.00025436407490309065
60088.14622161419,1.0005413855055494,1.0006379411867996,1.0006378916198195,1.0006379411867996,-9.655568125022107e-05
60088.14630536677,1.0004494571849156,1.000637588377273,1.0006375383018404,1.000637588377273,-0.00018813119235727704
60088.14638911935,1.000631690176107,1.0006372356610782,1.0006371850776854,1.0006372356610782,-5.545484971225534e-06
60088.14647287193,1.000803593657526,1.000636883038214,1.0006368319473524,1.000636883038214,0.00016671061931194942
60088.14655662452,1.0007055132278226,1.0006365305086482,1.0006364789108098,1.0006365305086482,6.898271917443743e-05
60088.14664037709,1.000448636476092,1.0006361780724715,1.000636125968148,1.0006361780724715,-0.0001875415963794591
60088.14672412966,1.0011844480637548,1.0006358257296213,1.0006357731193043,1.0006358257296213,0.0005486223341335528
60088.14680788224,1.0004150502677172,1.0006354734800653,1.000635420364247,1.0006354734800653,-0.0002204232123481642
60088.14689163483,1.0009556481658775,1.0006351213238023,1.0006350677029743,1.0006351213238023,0.000320526842075175
60088.14697538741,1.001213836071869,1.000634769260892,1.0006347151355461,1.000634769260892,0.0005790668109770802
60088.14705913999,1.0007248884801319,1.0006344172913024,1.0006343626619305,1.0006344172913024,9.047118882943295e-05
60088.147142892565,1.000619719891378,1.0006340654150627,1.0006340102821565,1.0006340654150627,-1.4345523684733408e-05
60088.14722664514,1.0002002319994114,1.000633713632141,1.0006336579961923,1.000633713632141,-0.00043348163272960427
60088.147310397726,1.0000392491053136,1.0006333619424748,1.0006333058039756,1.0006333619424748,-0.0005941128371611537
60088.147394150306,1.0010064852416787,1.0006330103461538,1.0006329537055958,1.0006330103461538,0.00037347489552486124
60088.14747790289,1.0004216232203267,1.000632658843147,1.0006326017010219,1.000632658843147,-0.00021103562282021038
60088.14756165547,1.0013414788565633,1.000632307433452,1.0006322497902522,1.000632307433452,0.0007091714231113322
60088.14764540805,1.0009120098310176,1.0006319561170682,1.000631897973285,1.0006319561170682,0.0002800537139493464
60088.14772916062,1.0006417333407704,1.0006316048940243,1.0006315462501496,1.0006316048940243,1.0128446746193731e-05
60088.1478129132,1.000284307168673,1.0006312537642579,1.0006311946207835,1.0006312537642579,-0.00034694659558498486
60088.14789666578,1.0004602873121191,1.000630902727798,1.000630843085216,1.000630902727798,-0.0001706154156788653
60088.14798041836,1.0008042958667107,1.0006305517846437,1.0006304916434456,1.0006305517846437,0.00017374408206705105
60088.14806417095,1.001062522874359,1.0006302009347627,1.0006301402954403,1.0006302009347627,0.00043232193959630294
60088.14814792352,1.000455720202541,1.000629850178245,1.0006297890412903,1.000629850178245,-0.0001741299757038739
60088.148231676096,1.0004562062140028,1.0006294995150284,1.0006294378809335,1.0006294995150284,-0.00017329330102566765
60088.148315428676,1.0005934377711168,1.000629148945081,1.0006290868143373,1.000629148945081,-3.571117396417023e-05
60088.148399181264,1.0003922627622295,1.000628798468401,1.0006287358415005,1.000628798468401,-0.00023653570617154784
60088.148482933844,1.0007339471471937,1.0006284480850487,1.0006283849624833,1.0006284480850487,0.00010549906214496474
60088.148566686425,1.0006282949206702,1.000628097794992,1.0006280341772533,1.000628097794992,1.9712567822516291e-07
60088.148650439,1.0012968102907764,1.000627747598259,1.0006276834858396,1.000627747598259,0.0006690626925174303
60088.14873419157,1.001568114179327,1.0006273974948194,1.0006273328882103,1.0006273974948194,0.0009407166845074588
60088.14881794416,1.0004919662944143,1.0006270474846097,1.000626982384303,1.0006270474846097,-0.00013508119019545184
60088.14890169674,1.000481216798266,1.0006266975677203,1.0006266319742083,1.0006266975677203,-0.0001454807694543092
60088.14898544932,1.0004194965775597,1.0006263477441193,1.0006262816578937,1.0006263477441193,-0.00020685116655960734
60088.1490692019,1.000857205600378,1.0006259980138055,1.0006259314353576,1.0006259980138055,0.00023120758657246832
60088.14915295447,1.0002692947101395,1.0006256483768075,1.0006255813066294,1.0006256483768075,-0.0003563536666679745
60088.14923670706,1.00032539858959,1.000625298833033,1.0006252312716166,1.000625298833033,-0.0002999002434431741
60088.14932045963,1.0009390262150086,1.000624949382602,1.0006248813304395,1.000624949382602,0.00031407683240658457
60088.149404212214,1.0000175518535381,1.0006246000254218,1.0006245314830051,1.0006246000254218,-0.0006070481718836174
60088.149487964794,1.0001811483029208,1.0006242507615222,1.0006241817293426,1.0006242507615222,-0.0004431024586013521
60088.149571717375,1.0005801784078996,1.0006239015909009,1.0006238320694503,1.0006239015909009,-4.372318300127631e-05
60088.149655469955,1.0007167796443135,1.0006235525135565,1.0006234825033273,1.0006235525135565,9.322713075698985e-05
60088.149739222536,1.0011997115057836,1.0006232035294882,1.0006231330309718,1.0006232035294882,0.0005765079762953818
60088.14982297511,1.0007655882362747,1.0006228546387246,1.000622783652413,1.0006228546387246,0.0001427335975501265
60088.14990672769,1.0006073796089645,1.0006225058412035,1.000622434367589,1.0006225058412035,-1.512623223898224e-05
60088.14999048027,0.9997308946356966,1.0006221571369545,1.000622085176528,1.0006221571369545,-0.0008912625012578168
60088.15007423286,1.0002774724671382,1.0006218085259448,1.000621736079199,1.0006218085259448,-0.0003443360588066824
60088.15015798543,1.0007894000820943,1.0006214600082648,1.000621387075691,1.0006214600082648,0.00016794007382947562
60088.15024173801,1.0002089549229998,1.0006211115838217,1.0006210381659126,1.0006211115838217,-0.00041215666082194957
60088.150325490584,1.0005201884605683,1.0006207632526751,1.000620689349922,1.0006207632526751,-0.00010057479210678899
60088.150409243164,1.0013683243627631,1.0006204150147626,1.0006203406276575,1.0006204150147626,0.0007479093480005083
60088.15049299575,1.001492386160269,1.000620066870083,1.000619991999118,1.000620066870083,0.0008723192901858301
60088.15057674833,1.0004181569403316,1.0006197188186958,1.0006196434643624,1.0006197188186958,-0.00020156187836417594
60088.15066050091,1.0004328691468984,1.0006193708605688,1.0006192950233592,1.0006193708605688,-0.00018650171367040613
60088.150744253486,1.0005064544063973,1.0006190229957312,1.0006189466761373,1.0006190229957312,-0.00011256858933395009
60088.15082800606,1.000631676265211,1.000618675224151,1.0006185984226645,1.000618675224151,1.3001041059945706e-05
60088.15091175864,1.000569395694439,1.000618327545797,1.0006182502629097,1.000618327545797,-4.89318513579029e-05
60088.15099551123,1.0000674554122673,1.0006179799606674,1.0006179021968715,1.0006179799606674,-0.0005505245484000998
60088.15107926381,1.0004353180184833,1.0006176324688216,1.0006175542246087,1.0006176324688216,-0.00018231445033833893
60088.15116301639,1.0002417144051465,1.0006172850702275,1.00061720634609,1.0006172850702275,-0.000375570665080982
60088.15124676896,1.0004545999966323,1.0006169377649146,1.0006168585613437,1.0006169377649146,-0.000162337768282228
60088.151330521534,1.000635250187601,1.0006165905528508,1.0006165108703389,1.0006165905528508,1.8659634750228804e-05
60088.15141427412,1.0002283287621656,1.0006162434339745,1.0006161632730133,1.0006162434339745,-0.0003879146718088755
60088.1514980267,1.0004780736732852,1.0006158964083747,1.0006158157694562,1.0006158964083747,-0.00013782273508944343
60088.15158177928,1.000326951225737,1.0006155494760203,1.0006154683596364,1.0006155494760203,-0.0002885982502833784
60088.15166553186,1.0006266739623177,1.000615202636909,1.0006151210435514,1.000615202636909,1.1471325408685118e-05
60088.151749284436,1.0009596886409347,1.0006148558910706,1.0006147738212317,1.0006148558910706,0.00034483274986407686
60088.15183303701,1.0007886096820493,1.0006145092384726,1.0006144266926444,1.0006145092384726,0.00017410044357668575
60088.1519167896,1.0009748864693155,1.000614162679054,1.0006140796577279,1.000614162679054,0.00036072379026164114
60088.15200054218,1.000801033977038,1.0006138162129037,1.0006137327165716,1.0006138162129037,0.00018721776413421765
60088.15208429476,1.0003654547895733,1.00061346983999,1.0006133858691442,1.00061346983999,-0.0002480150504167167
60088.15216804734,1.000539216226256,1.0006131235603115,1.0006130391154437,1.0006131235603115,-7.390733405543415e-05
60088.15225179991,1.0005824389030702,1.0006127773738973,1.0006126924554992,1.0006127773738973,-3.0338470827118158e-05
60088.15233555249,1.0010393887992597,1.0006124312806852,1.0006123458892493,1.0006124312806852,0.00042695751857446673
60088.15241930507,1.0003171266306865,1.0006120852807046,1.000611999416722,1.0006120852807046,-0.0002949586500180512
60088.15250305765,1.0009455599381687,1.000611739373953,1.0006116530379168,1.000611739373953,0.00033382056421560335
60088.15258681023,0.9997182356910667,1.0006113935604304,1.0006113067528315,1.0006113935604304,-0.0008931578693637254
60088.15267056281,1.0005423448331234,1.0006110478401344,1.000610960561465,1.0006110478401344,-6.870300701100618e-05
60088.152754315386,1.001166113171279,1.0006107022130941,1.0006106144638467,1.0006107022130941,0.0005554109581848987
60088.15283806797,1.0008396877008012,1.0006103566792477,1.0006102684599134,1.0006103566792477,0.00022933102155353602
60088.15292182055,1.000402787629974,1.0006100112386245,1.0006099225496958,1.0006100112386245,-0.000207223608650553
60088.15300557313,1.0000110675179599,1.0006096658912225,1.0006095767331906,1.0006096658912225,-0.0005985983732625932
60088.15308932571,1.0006612978495493,1.0006093206370401,1.000609231010398,1.0006093206370401,5.1977212509157766e-05
60088.15317307829,1.0006288529618956,1.0006089754760765,1.0006088853813158,1.0006089754760765,1.9877485819108642e-05
60088.15325683086,1.0006633221978098,1.0006086304083601,1.0006085398459725,1.0006086304083601,5.4691789449723416e-05
60088.15334058344,1.0005889649843123,1.0006082854338296,1.0006081944043073,1.0006082854338296,-1.932044951735712e-05
60088.15342433602,1.0008605560988246,1.0006079405525137,1.0006078490563481,1.0006079405525137,0.0002526155463109525
60088.1535080886,1.000698756526364,1.0006075957644105,1.0006075038020943,1.0006075957644105,9.116076195359035e-05
60088.15359184118,0.9997771439936856,1.000607251069519,1.0006071586415437,1.000607251069519,-0.0008301070758334195
60088.15367559376,1.0005132588937384,1.0006069064678376,1.000606813574695,1.0006069064678376,-9.36475740991316e-05
60088.153759346336,0.999787996859351,1.0006065619593953,1.0006064686015776,1.0006065619593953,-0.0008185651000442995
60088.15384309892,1.0003191795617399,1.0006062175441304,1.0006061237221298,1.0006062175441304,-0.0002870379823904923
60088.1539268515,1.0004265645797272,1.0006058732220717,1.0006057789363796,1.0006058732220717,-0.00017930864234450006
60088.15401060408,1.000135441981969,1.0006055289932174,1.0006054342443265,1.0006055289932174,-0.000470087011248399
60088.15409435666,1.0009796425562363,1.0006051848575666,1.0006050896459682,1.0006051848575666,0.0003744576986697279
60088.15417810924,1.000022629603072,1.0006048408151176,1.0006047451413038,1.0006048408151176,-0.0005822112120454914
60088.15426186181,1.0003783162917919,1.0006044968658994,1.0006044007303623,1.0006044968658994,-0.00022618057410750403
60088.15434561439,1.000424525210247,1.0006041530098497,1.0006040564130816,1.0006041530098497,-0.00017962779960267738
60088.154429366965,1.0002940674706895,1.0006038092470284,1.0006037121895204,1.0006038092470284,-0.0003097417763389121
60088.15451311955,1.0001776336252306,1.0006034655773433,1.000603368059588,1.0006034655773433,-0.0004258319521126541
60088.15459687213,0.9995119620057122,1.000603122000883,1.0006030240233725,1.000603122000883,-0.0010911599951708428
60088.15468062471,1.000767290249127,1.0006027785176164,1.0006026800808423,1.0006027785176164,0.00016451173151055265
60088.154764377294,1.0007587815486325,1.0006024351275422,1.0006023362319967,1.0006024351275422,0.00015634642109030317
60088.15484812987,1.0010617355696771,1.0006020918306884,1.0006019924768634,1.0006020918306884,0.00045964373898876865
60088.15493188244,1.000556679272906,1.000601748627024,1.0006016488154115,1.000601748627024,-4.506935411807689e-05
60088.15501563502,1.0008139002205958,1.0006014055165182,1.0006013052476102,1.0006014055165182,0.00021249470407758153
60088.15509938761,1.0000143377641975,1.0006010624991686,1.0006009617734573,1.0006010624991686,-0.0005867247349711224
60088.15518314019,1.0004554798403968,1.0006007195750346,1.0006006183930116,1.0006007195750346,-0.00014523973463775874
60088.15526689277,1.000644284901348,1.0006003767440845,1.0006002751062417,1.0006003767440845,4.390815726340591e-05
60088.15535064534,1.00081227413411,1.0006000340063468,1.0005999319131762,1.0006000340063468,0.00021224012776310808
60088.155434397915,1.0002060600237748,1.0005996913617896,1.000599588813784,1.0005996913617896,-0.00039363133801484373
60088.155518150495,1.0010158626368642,1.0005993488103828,1.0005992458080333,1.0005993488103828,0.00041651382648133506
60088.155601903076,1.0004352557697593,1.0005990063521544,1.0005989028959532,1.0005990063521544,-0.00016375058239503915
60088.15568565566,1.0011852733466025,1.0005986639870732,1.0005985600775122,1.0005986639870732,0.0005866093595292554
60088.155769408244,1.0009109246490042,1.0005983217151972,1.0005982173527688,1.0005983217151972,0.00031260293380697135
60088.15585316082,1.0010298199724925,1.0005979795365252,1.000597874721721,1.0005979795365252,0.00043184043596733446
60088.15593691339,1.0011644871743053,1.000597637451026,1.0005975321843386,1.000597637451026,0.0005668497232793612
60088.15602066597,1.000466187539042,1.0005972954586684,1.0005971897405892,1.0005972954586684,-0.00013110791962644974
60088.15610441855,1.0001412200948292,1.0005969535594812,1.000596847390502,1.0005969535594812,-0.00045573346465199727
60088.15618817113,1.0007625081752145,1.0005966117534626,1.0005965051340757,1.0005966117534626,0.00016589642175190988
60088.15627192372,1.0003726911593223,1.0005962700405813,1.000596162971279,1.0005962700405813,-0.00022357888125901226
60088.15635567629,1.0003985272154194,1.0005959284209254,1.0005958209022,1.0005959284209254,-0.00019740120550593154
60088.156439428865,1.001021089579805,1.0005955868944343,1.0005954789267768,1.0005955868944343,0.0004255026853707822
60088.156523181446,1.0006697756987724,1.000595245461076,1.0005951370449795,1.000595245461076,7.453023769632416e-05
60088.156606934026,1.000715059362997,1.0005949041208801,1.0005947952568357,1.0005949041208801,0.00012015524211683726
60088.15669068661,0.9997629079490219,1.0005945628738446,1.0005944535623448,1.0005945628738446,-0.0008316549248227334
60088.15677443919,1.000852558439034,1.0005942217199677,1.0005941119615045,1.0005942217199677,0.00025833671906627664
60088.15685819176,1.0004210475876716,1.0005938806592785,1.0005937704543435,1.0005938806592785,-0.00017283307160687045
60088.15694194434,1.000100171483647,1.0005935396917156,1.0005934290408012,1.0005935396917156,-0.0004933682080685564
60088.15702569692,0.9999973047938309,1.0005931988173078,1.000593087720906,1.0005931988173078,-0.0005958940234769283
60088.1571094495,1.0002981510782336,1.0005928580360535,1.000592746494656,1.0005928580360535,-0.0002947069578198569
60088.15719320208,1.000145374048611,1.0005925173479508,1.0005924053620505,1.0005925173479508,-0.0004471432993398139
60088.15727695466,1.0005261280881075,1.000592176752999,1.0005920643230872,1.000592176752999,-6.604866489157146e-05
60088.157360707235,1.001424683090198,1.0005918362512265,1.0005917233777955,1.0005918362512265,0.0008328468389715571
60088.157444459815,1.000570926689596,1.0005914958425721,1.0005913825261137,1.0005914958425721,-2.056915297621309e-05
60088.15752821239,1.0007885411860624,1.0005911555270939,1.0005910417681005,1.0005911555270939,0.00019738565896854077
60088.15761196497,1.000677293132465,1.0005908153047316,1.0005907011036947,1.0005908153047316,8.647782773341106e-05
60088.15769571756,1.001330864326667,1.0005904751754835,1.0005903605328952,1.0005904751754835,0.0007403891511834626
60088.15777947014,1.0008685505080555,1.000590135139407,1.0005900200557598,1.000590135139407,0.0002784153686483659
60088.15786322271,1.0003186710830732,1.0005897951965015,1.0005896796722873,1.0005897951965015,-0.00027112411342833376
60088.15794697529,1.0017178666224829,1.0005894553467063,1.0005893393824168,1.0005894553467063,0.001128411275776564
60088.158030727864,1.0007686061223,1.0005891155900783,1.000588999186206,1.0005891155900783,0.00017949053222166
60088.158114480444,1.0006750373690947,1.0005887759265584,1.000588659083595,1.0005887759265584,8.626144253631729e-05
60088.158198233024,1.0011258096160252,1.0005884363561741,1.0005883190746117,1.0005884363561741,0.0005373732598510372
60088.158281985605,1.0011914889686186,1.0005880968789236,1.0005879791592545,1.0005880968789236,0.0006033920896950651
60088.15836573818,1.0003942682672926,1.0005877574948354,1.0005876393375515,1.0005877574948354,-0.00019348922754280906
60088.158449490766,1.0007675936951133,1.00058741820382,1.000587299609413,1.00058741820382,0.00018017549129334398
60088.15853324334,1.0010393254739218,1.0005870790059932,1.000586959974956,1.0005870790059932,0.00045224646792862977
60088.15861699592,1.0002894619228675,1.000586739901266,1.00058662043409,1.000586739901266,-0.00029727797839851355
60088.1587007485,1.0007522524434886,1.000586400889666,1.0005862809868433,1.000586400889666,0.00016585155382253802
60088.15878450108,1.0001044694824133,1.0005860619711917,1.0005859416332146,1.0005860619711917,-0.0004815924887784373
60088.15886825365,1.0005983333302158,1.0005857231458717,1.000585602373232,1.0005857231458717,1.2610184344064024e-05
60088.15895200623,1.0007921532027382,1.0005853844136454,1.0005852632068353,1.0005853844136454,0.00020676878909275942
60088.15903575881,1.0009900030908263,1.0005850457745704,1.0005849241340818,1.0005850457745704,0.00040495731625589393
60088.15911951139,1.0010199953976817,1.0005847072285865,1.0005845851549118,1.0005847072285865,0.00043528816909521595
60088.15920326397,1.0005215193299521,1.0005843687757212,1.0005842462693522,1.0005843687757212,-6.284944576906426e-05
60088.159287016555,1.000953212165165,1.0005840304159446,1.0005839074773735,1.0005840304159446,0.00036918174922040414
60088.159370769135,1.0007391255218654,1.0005836921493136,1.0005835687790325,1.0005836921493136,0.00015543337255174983
60088.15945452171,1.0005466387171567,1.0005833539758267,1.000583230174328,1.0005833539758267,-3.671525866999481e-05
60088.15953827428,1.0007388152689372,1.0005830158954536,1.0005828916632291,1.0005830158954536,0.0001557993734835339
60088.15962202686,1.0008089583222914,1.0005826779081637,1.000582553245705,1.0005826779081637,0.00022628041412775524
60088.15970577944,1.000379043665162,1.000582340013984,1.0005822149217838,1.000582340013984,-0.00020329634882187975
60088.15978953202,1.0003936182515594,1.0005820022129142,1.0005818766914645,1.0005820022129142,-0.00018838396135478774
60088.1598732846,1.0005738225175647,1.0005816645049528,1.000581538554745,1.0005816645049528,-7.841987388124139e-06
60088.159957037176,1.0011861677694394,1.0005813268901265,1.0005812005116534,1.0005813268901265,0.0006048408793128957
60088.16004078975,1.000877744646508,1.0005809893684061,1.0005808625621597,1.0005809893684061,0.00029675527810191227
60088.16012454233,1.0001129647197915,1.0005806519397604,1.0005805247062327,1.0005806519397604,-0.00046768721996892637
60088.16020829492,1.0008819092334797,1.0005803146041878,1.0005801869438709,1.0005803146041878,0.0003015946292919125
60088.1602920475,1.0004412720382196,1.000579977361746,1.0005798492751317,1.000579977361746,-0.0001387053235264446
60088.16037580008,1.0001848911309619,1.0005796402124039,1.0005795116999845,1.0005796402124039,-0.00039474908144199183
60088.16045955265,1.0005769546339132,1.0005793031561894,1.0005791742184573,1.0005793031561894,-2.348522276207632e-06
60088.160543305225,1.0011089469123082,1.0005789661930724,1.0005788368305193,1.0005789661930724,0.000529980719235823
60088.160627057805,1.0005585180557628,1.0005786293230212,1.00057849953614,1.0005786293230212,-2.0111267258426935e-05
60088.160710810385,1.0003757852758701,1.000578292546065,1.0005781623353467,1.000578292546065,-0.00020250727019477388
60088.160794562966,1.0002690184767973,1.0005779558622017,1.000577825228139,1.0005779558622017,-0.0003089373854043842
60088.160878315546,1.0007052372678198,1.00057761927143,1.0005774882145146,1.00057761927143,0.0001276179963898283
60088.16096206812,1.0005241997197716,1.0005772827737778,1.0005771512945025,1.0005772827737778,-5.308305400619773e-05
60088.16104582069,1.0003116597320345,1.0005769463692147,1.0005768144680707,1.0005769463692147,-0.0002652866371801732
60088.16112957327,1.0002202100678392,1.0005766100577094,1.0005764777351898,1.0005766100577094,-0.00035639998987013755
60088.16121332585,1.0004328988966025,1.0005762738392905,1.0005761410958867,1.0005762738392905,-0.00014337494268801265
60088.16129707844,1.0005324366297312,1.0005759377139274,1.0005758045501316,1.0005759377139274,-4.3501084196151396e-05
60088.16138083102,1.0004492221875514,1.0005756016816767,1.0005754680979813,1.0005756016816767,-0.00012637949412530602
60088.161464583594,1.000856827576425,1.0005752657425375,1.0005751317394342,1.0005752657425375,0.0002815618338873893
60088.16154833617,1.0002333919950686,1.000574929896479,1.0005747954744602,1.000574929896479,-0.00034153790141044915
60088.16163208875,1.0008516674591421,1.00057459414347,1.0005744593030284,1.00057459414347,0.0002770733156720606
60088.16171584133,0.999770554938779,1.0005742584835398,1.0005741232251664,1.0005742584835398,-0.000803703544760781
60088.16179959391,1.0001354919536698,1.0005739229166861,1.0005737872408733,1.0005739229166861,-0.000438430963016323
60088.16188334649,1.0009882305220357,1.0005735874429071,1.0005734513501472,1.0005735874429071,0.0004146430791285294
60088.16196709906,1.0003459849325247,1.0005732520622315,1.0005731155530169,1.0005732520622315,-0.00022726712970677632
60088.16205085164,1.0008014406638899,1.0005729167745994,1.0005727798494217,1.0005729167745994,0.0002285238892905106
60088.162134604216,1.0008300539599775,1.000572581580067,1.0005724442394188,1.000572581580067,0.0002574723799104728
60088.162218356796,1.0014611967154863,1.0005722464785758,1.000572108722949,1.0005722464785758,0.0008889502369104907
60088.16230210938,1.000175998226929,1.0005719114701528,1.0005717733000397,1.0005719114701528,-0.00039591324322385546
60088.16238586196,1.0006586434518547,1.0005715765547964,1.0005714379706894,1.0005715765547964,8.706689705828552e-05
60088.16246961453,1.0003839795692555,1.0005712417325354,1.000571102734926,1.0005712417325354,-0.00018726216327991096
60088.16255336712,1.0003432346641905,1.0005709070032802,1.000570767592661,1.0005709070032802,-0.00022767233908971285
60088.16263711969,1.0004311488348403,1.000570572367146,1.000570432544009,1.000570572367146,-0.00013942353230578242
60088.16272087227,1.0004983317691185,1.0005702378240446,1.0005700975888818,1.0005702378240446,-7.190605492612967e-05
60088.16280462485,0.9995119143239881,1.0005699033740034,1.000569762727307,1.0005699033740034,-0.0010579890500153066
60088.16288837743,1.0003064800017796,1.000569569017021,1.0005694279592832,1.000569569017021,-0.0002630890152415244
60088.162972130005,1.0001131111908896,1.0005692347531254,1.000569093284838,1.0005692347531254,-0.0004561235622357884
60088.163055882585,1.0001980483968844,1.0005689005822562,1.0005687587039118,1.0005689005822562,-0.0003708521853718061
60088.16313963516,1.0007801605828626,1.0005685665044712,1.0005684242165622,1.0005685665044712,0.0002115940783913306
60088.16322338774,1.0003018685433402,1.0005682325197107,1.0005680898227287,1.0005682325197107,-0.00026636397637047615
60088.16330714032,1.0002883598537171,1.000567898628002,1.0005677555224395,1.000567898628002,-0.00027953877428488205
60088.1633908929,0.9996212533628552,1.000567564829344,1.0005674213156928,1.000567564829344,-0.000946311466488714
60088.16347464548,1.000249292921772,1.0005672311237357,1.000567087202488,1.0005672311237357,-0.00031793820196379663
60088.16355839805,1.0005254248343882,1.0005668975112039,1.0005667531828522,1.0005668975112039,-4.1472676815645926e-05
60088.16364215063,1.0006637508348006,1.0005665639917187,1.0005664192567552,1.0005665639917187,9.718684308190895e-05
60088.16372590321,1.000573830473442,1.00056623056525,1.000566085424166,1.00056623056525,7.599908191879834e-06
60088.16380965579,1.0006926443129631,1.0005658972318248,1.0005657516851134,1.0005658972318248,0.00012674708113835642
60088.16389340837,1.000783350808535,1.0005655639914426,1.0005654180395955,1.0005655639914426,0.00021778681709250236
60088.16397716095,1.0002460157112385,1.000565230844101,1.0005650844876108,1.000565230844101,-0.0003192151328625936
60088.16406091352,1.0008158196045813,1.0005648977898283,1.0005647510291868,1.0005648977898283,0.00025092181475305786
60088.1641446661,0.999831278733934,1.0005645648285653,1.000564417664265,1.0005645648285653,-0.0007332860946313025
60088.16422841868,1.0006939982365526,1.000564231960339,1.000564084392872,1.000564231960339,0.00012976627621363868
60088.16431217126,1.0004827553674078,1.0005638991851487,1.0005637512150067,1.0005638991851487,-8.114381774082524e-05
60088.16439592384,1.0003825716697474,1.000563566502993,1.0005634181306686,1.000563566502993,-0.00018099483324562904
60088.16447967642,1.0003039351647984,1.00056323391387,1.0005630851398553,1.00056323391387,-0.0002592987490714904
60088.164563428996,1.0007467540140547,1.0005629014178072,1.0005627522425944,1.0005629014178072,0.00018385259624742467
60088.16464718157,1.0003562105318402,1.0005625690147752,1.0005624194388563,1.0005625690147752,-0.00020635848293504289
60088.16473093415,1.0004844594289513,1.000562236704743,1.0005620867286105,1.000562236704743,-7.777727579183491e-05
60088.16481468673,1.000852448986405,1.0005619044877383,1.0005617541118839,1.0005619044877383,0.0002905444986667227
60088.16489843931,1.000152173585621,1.0005615723637598,1.0005614215886762,1.0005615723637598,-0.0004093987781388364
60088.16498219189,1.000561897836419,1.0005612403328061,1.0005610891589853,1.0005612403328061,6.575036128886325e-07
60088.165065944464,1.0008495634858237,1.000560908394905,1.000560756822839,1.000560908394905,0.000288655090918688
60088.16514969704,1.0006650817449174,1.0005605765500258,1.0005604245802069,1.0005605765500258,0.00010450519489157983
60088.16523344962,1.0005395722635257,1.0005602447981385,1.0005600924310591,1.0005602447981385,-2.0672534612797833e-05
60088.1653172022,1.0004388574193814,1.0005599131392706,1.0005597603754228,1.0005599131392706,-0.00012105571988918484
60088.16540095478,1.0008963013509282,1.000559581573421,1.0005594284132968,1.000559581573421,0.0003367197775072661
60088.16548470736,1.000704986698092,1.0005592501005878,1.0005590965446796,1.0005592501005878,0.00014573659750416468
60088.16556845993,1.000406110249005,1.0005589187207988,1.0005587647695988,1.0005589187207988,-0.00015280847179388601
60088.165652212505,1.0000990121657063,1.0005585874340237,1.000558433088024,1.0005585874340237,-0.0004595752683174137
60088.165735965085,1.0004714424770116,1.0005582562402326,1.0005581014999254,1.0005582562402326,-8.681376322106082e-05
60088.165819717666,1.000241564817779,1.0005579251394527,1.0005577700053305,1.0005579251394527,-0.0003163603216738142
60088.165903470246,1.0005712056604679,1.0005575941316827,1.0005574386042375,1.0005575941316827,1.3611528785206772e-05
60088.16598722283,1.001377074699349,1.0005572632169213,1.000557107296645,1.0005572632169213,0.0008198114824276015
60088.1660709754,1.0006328366925843,1.000556932395196,1.000556776082581,1.000556932395196,7.59042973883517e-05
60088.16615472798,1.0006835013585256,1.0005566016664473,1.0005564449619866,1.0005566016664473,0.0001268996920782417
60088.16623848055,1.0009547350056225,1.0005562710307323,1.0005561139349173,1.0005562710307323,0.00039846397489018415
60088.16632223313,1.000985459123578,1.0005559404879916,1.0005557830013143,1.0005559404879916,0.00042951863558648995
60088.166405985714,0.9999245542639478,1.0005556100382524,1.0005554521612057,1.0005556100382524,-0.0006310557743046674
60088.166489738294,1.0010654649550583,1.0005552796815143,1.0005551214145896,1.0005552796815143,0.0005101852735440726
60088.16657349087,1.001216203258288,1.0005549494178034,1.0005547907614938,1.0005549494178034,0.0006612538404846546
60088.16665724345,1.0003106794486463,1.0005546192470618,1.0005544602018588,1.0005546192470618,-0.0002439397984155267
60088.16674099602,1.0007303993941319,1.0005542891693453,1.0005541297357414,1.0005542891693453,0.00017611022478658533
60088.1668247486,1.0011987409307823,1.0005539591845947,1.0005537993630824,1.0005539591845947,0.0006447817461876504
60088.16690850118,1.000438282265687,1.000553629292838,1.0005534690839095,1.000553629292838,-0.00011534702715110257
60088.16699225376,1.0009359729010692,1.0005532994940738,1.0005531388982212,1.0005532994940738,0.0003826734069953819
60088.167076006335,1.0005632743153272,1.000552969788329,1.000552808806044,1.000552969788329,1.0304526998128338e-05
60088.16715975892,1.0002410287335561,1.0005526401755167,1.0005524788072921,1.0005526401755167,-0.00031161144196056867
60088.167243511496,1.0009719914744,1.00055231065575,1.0005521489020779,1.00055231065575,0.00041968081865007
60088.16732726408,1.0004816269156396,1.0005519812289412,1.0005518190903142,1.0005519812289412,-7.035431330160158e-05
60088.16741101666,1.0005086293984637,1.0005516518951183,1.000551489372028,1.0005516518951183,-4.302249665455449e-05
60088.16749476924,1.0005688002651452,1.0005513226542795,1.0005511597472183,1.0005513226542795,1.7477610865679338e-05
60088.16757852181,1.0006658338097985,1.000550993506452,1.0005508302159127,1.000550993506452,0.00011484030334640849
60088.16766227439,1.0006651467693188,1.0005506644515776,1.0005505007780517,1.0005506644515776,0.00011448231774124906
60088.167746026964,1.0008079469726021,1.000550335489712,1.0005501714336922,1.000550335489712,0.0002576114828900522
60088.167829779544,1.000289691920482,1.0005500066207966,1.000549842182775,1.0005500066207966,-0.00026031470031462334
60088.167913532125,1.0001445520762178,1.0005496778448584,1.0005495130253272,1.0005496778448584,-0.0004051257686406018
60088.167997284705,1.000028208944051,1.0005493491618966,1.000549183961348,1.0005493491618966,-0.0005211402178455504
60088.168081037285,1.0005404846400163,1.0005490205719096,1.000548854990836,1.0005490205719096,-8.535931893316473e-06
60088.16816478986,1.0004836279737201,1.0005486920749243,1.0005485261138178,1.0005486920749243,-6.506410120410422e-05
60088.16824854243,1.0004495139615726,1.000548363670911,1.0005481973302643,1.000548363670911,-9.884970933837778e-05
60088.16833229501,1.0003144861270996,1.0005480353598402,1.000547868640145,1.0005480353598402,-0.00023354923274054862
60088.16841604759,1.000283390896118,1.0005477071417386,1.0005475400434873,1.0005477071417386,-0.0002643162456206216
60088.16849980017,1.000395654312078,1.0005473790166048,1.0005472115402902,1.0005473790166048,-0.0001517247045268455
60088.16858355275,1.000095925124587,1.0005470509844379,1.0005468831305515,1.0005470509844379,-0.00045112585985096487
60088.16866730533,1.0003490628322167,1.0005467230452652,1.000546554814299,1.0005467230452652,-0.00019766021304845616
60088.1687510579,1.0008073928260377,1.0005463951990554,1.000546226591503,1.0005463951990554,0.00026099762698228446
60088.16883481048,1.000299227498938,1.0005460674457805,1.0005458984621334,1.0005460674457805,-0.000246839946842492
60088.16891856306,1.0003431705763912,1.0005457397854671,1.0005455704262172,1.0005457397854671,-0.00020256920907590903
60088.16900231564,1.0007526978705157,1.0005454122181128,1.0005452424837533,1.0005454122181128,0.00020728565240291097
60088.16908606822,0.9992213680913773,1.0005450847437176,1.0005449146347403,1.0005450847437176,-0.0013237166523403232
60088.16916982079,1.0011271885655044,1.0005447573623367,1.000544586879233,1.0005447573623367,0.0005824312031676993
60088.16925357336,1.000139553695828,1.0005444300738828,1.0005442592171463,1.0005444300738828,-0.00040487637805486365
60088.16933732594,1.0009507283595904,1.0005441028783553,1.0005439316484777,1.0005441028783553,0.00040662548123515663
60088.16942107852,1.0009062924646421,1.000543775775781,1.0005436041732547,1.000543775775781,0.00036251668886122523
60088.1695048311,1.0001225531086693,1.0005434487661584,1.0005432767914755,1.0005434487661584,-0.0004208956574891509
60088.16958858368,1.000893037427952,1.0005431218494865,1.000542949503139,1.0005431218494865,0.0003499155784656427
60088.169672336255,1.0009232172602367,1.000542795025792,1.000542622308273,1.000542795025792,0.0003804222344447883
60088.16975608883,1.001010317279554,1.0005424682950452,1.0005422952068466,1.0005424682950452,0.0004678489845086897
60088.16983984141,1.00034654623413,1.0005421416572167,1.0005419681988306,1.0005421416572167,-0.00019559542308655864
60088.16992359399,1.0011693061065094,1.0005418151123329,1.000541641284252,1.0005418151123329,0.0006274909941765827
60088.17000734657,1.0010149063232763,1.0005414886603934,1.0005413144631095,1.0005414886603934,0.0004734176628828912
60088.17009109915,1.0001154868706716,1.0005411623013962,1.0005409877354017,1.0005411623013962,-0.00042567543072458136
60088.17017485172,1.0005277871104414,1.0005408360353683,1.0005406611011558,1.0005408360353683,-1.3048924926817307e-05
60088.1702586043,0.9993625319864732,1.0005405098622522,1.0005403345603137,1.0005405098622522,-0.0011779778757790016
60088.170342356876,1.0011087712423077,1.0005401837821024,1.0005400081129303,1.0005401837821024,0.0005685874602052721
60088.17042610946,1.0006897683225346,1.0005398577948614,1.000539681758948,1.0005398577948614,0.00014991052767321378
60088.17050986204,1.001196850074419,1.0005395319005563,1.000539355498394,1.0005395319005563,0.0006573181738627198
60088.17059361462,1.0004183678308958,1.0005392060991856,1.0005390293312664,1.0005392060991856,-0.00012083826828979127
60088.17067736719,1.0001235392737675,1.0005388803907758,1.0005387032575925,1.0005388803907758,-0.00041534111700824994
60088.17076111977,0.9996903007831892,1.0005385547752699,1.0005383772773144,1.0005385547752699,-0.0008482539920806609
60088.170844872344,1.0008838329725849,1.0005382292527223,1.0005380513904873,1.0005382292527223,0.0003456037198625861
60088.170928624924,0.9999804977843784,1.0005379038230757,1.0005377255970531,1.0005379038230757,-0.0005574060386973612
60088.171012377505,1.0002096156239022,1.0005375784863568,1.0005373998970388,1.0005375784863568,-0.0003279628624546227
60088.171096130085,1.0009475778591144,1.0005372532425638,1.0005370742904431,1.0005372532425638,0.0004103246165505503
60088.17117988266,1.0005065339800028,1.0005369280917245,1.0005367487772932,1.0005369280917245,-3.039411172167661e-05
60088.17126363524,1.0007846198763939,1.0005366030337806,1.000536423357531,1.0005366030337806,0.00024801684261333
60088.17134738781,1.0004161000557108,1.0005362780687868,1.0005360980312115,1.0005362780687868,-0.00012017801307595555
60088.17143114039,1.0003679716576206,1.0005359531966862,1.000535772798277,1.0005359531966862,-0.0001679815390656092
60088.17151489297,1.000545461158764,1.000535628417505,1.0005354476587547,1.000535628417505,9.832741258986033e-06
60088.17159864555,1.0010003703884123,1.000535303731242,1.0005351226126429,1.000535303731242,0.0004650666571701656
60088.171682398126,1.0007263706365646,1.0005349791379243,1.0005347976599686,1.0005349791379243,0.00019139149864022542
60088.17176615071,1.0004396822390873,1.0005346546374942,1.000534472800674,1.0005346546374942,-9.497239840694505e-05
60088.17184990328,1.001407810870137,1.000534330230006,1.0005341480348142,1.000534330230006,0.0008734806401309303
60088.17193365586,1.0010208156264768,1.0005340059154033,1.0005338233623315,1.0005340059154033,0.00048680971107351034
60088.17201740844,1.0011016849613235,1.0005336816937114,1.0005334987832528,1.0005336816937114,0.0005680032676120828
60088.17210116102,1.001100218633415,1.00053335756493,1.0005331742975763,1.00053335756493,0.000566861068485025
60088.1721849136,1.0005033533596035,1.0005330335290579,1.0005328499053012,1.0005330335290579,-2.9680169454371352e-05
60088.17226866617,1.0004666855110622,1.0005327095861494,1.0005325256064828,1.0005327095861494,-6.602407508715658e-05
60088.17235241874,1.0008506237324912,1.000532385736119,1.000532201401034,1.000532385736119,0.00031823799637220596
60088.17243617132,1.0002172279751287,1.0005320619789653,1.0005318772889549,1.0005320619789653,-0.0003148340038365838
60088.1725199239,1.0003464157226651,1.0005317383147152,1.0005315532702717,1.0005317383147152,-0.0001853225920500634
60088.17260367648,1.0010924239555128,1.0005314147433673,1.0005312293449828,1.0005314147433673,0.0005610092121455246
60088.17268742906,1.0006099723099935,1.0005310912649203,1.0005309055130873,1.0005310912649203,7.888104507314253e-05
60088.172771181635,1.0011047706189706,1.000530767879401,1.000530581774612,1.000530767879401,0.0005740027395695346
60088.17285493421,1.0003602051608655,1.00053044458678,1.0005302581295268,1.00053044458678,-0.0001702394259144313
60088.17293868679,0.9999671200671736,1.0005301213870275,1.000529934577803,1.0005301213870275,-0.000563001319853873
60088.17302243937,1.0008127994686102,1.0005297982801709,1.000529611119467,1.0005297982801709,0.00028300118843938016
60088.17310619195,1.0005650925070744,1.0005294752662084,1.0005292877545178,1.0005294752662084,3.5617240865981614e-05
60088.17318994453,1.0010422239752998,1.0005291523451385,1.0005289644829534,1.0005291523451385,0.0005130716301613436
60088.1732736971,1.0006300745413963,1.0005288295169883,1.0005286413048011,1.0005288295169883,0.0001012450244080032
60088.173357449676,1.000193598501425,1.0005285067817287,1.0005283182200317,1.0005285067817287,-0.0003349082803036918
60088.173441202256,1.00027227185701,1.0005281841393292,1.000527995228615,1.0005281841393292,-0.0002559122823191373
60088.17352495484,1.000803537642541,1.0005278615898179,1.0005276723305785,1.0005278615898179,0.00027567605272316165
60088.17360870742,1.0003223845277354,1.0005275391331927,1.0005273495259204,1.0005275391331927,-0.0002051546054573361
60088.17369246,0.99995191373755,1.000527216769452,1.0005270268146398,1.000527216769452,-0.0005753030319021191
60088.17377621257,1.0002385245111451,1.0005268944986232,1.000526704196763,1.0005268944986232,-0.0002883699874780543
60088.173859965136,1.0005894995969715,1.0005265723207044,1.0005263816722885,1.0005265723207044,6.29272762671107e-05
60088.17394371772,0.9999161149242061,1.0005262502356105,1.0005260592411314,1.0005262502356105,-0.0006101353114044139
60088.1740274703,1.000708918495381,1.0005259282433963,1.0005257369033462,1.0005259282433963,0.00018299025198476038
60088.17411122288,1.0004954462546412,1.0005256063440597,1.0005254146589317,1.0005256063440597,-3.0160089418584946e-05
60088.17419497546,1.0006202290541937,1.0005252845376007,1.0005250925078863,1.0005252845376007,9.494451659297631e-05
60088.17427872803,1.0000745445789316,1.000524962824045,1.000524770450237,1.000524962824045,-0.000450418245113271
60088.174362480604,1.0003826985639872,1.0005246412033633,1.0005244484859541,1.0005246412033633,-0.0001419426393760581
60088.174446233184,1.0018277338818518,1.0005243196755267,1.0005241266150084,1.0005243196755267,0.0013034142063250709
60088.174529985765,1.0005811357429342,1.0005239982405616,1.0005238048374263,1.0005239982405616,5.713750237257287e-05
60088.174613738345,1.0005090175083673,1.0005236768984664,1.0005234831532073,1.0005236768984664,-1.4659390099147629e-05
60088.174697490926,1.0004938108707924,1.0005233556492406,1.0005231615623496,1.0005233556492406,-2.954477844818726e-05
60088.1747812435,0.9998981681119224,1.0005230344929097,1.0005228400648796,1.0005230344929097,-0.0006248663809872435
60088.17486499608,1.0001890901537398,1.0005227134294175,1.0005225186607403,1.0005227134294175,-0.0003336232756776525
60088.17494874865,1.0013669795578408,1.000522392458818,1.0005221973499856,1.000522392458818,0.0008445870990227977
60088.17503250123,1.0006488608492226,1.000522071581054,1.0005218761325596,1.000522071581054,0.00012678926816844793
60088.175116253806,0.9999843094408515,1.00052175079618,1.000521555008516,1.00052175079618,-0.0005374413553286272
60088.175200006386,1.000121205820998,1.0005214301041394,1.0005212339777978,1.0005214301041394,-0.0004002242831413483
60088.17528375896,1.0004354988655793,1.000521109504986,1.0005209130404593,1.000521109504986,-8.561063940670799e-05
60088.17536751154,1.0007522083905496,1.000520788998663,1.0005205921964437,1.000520788998663,0.00023141939188664473
60088.17545126411,1.0005838004098038,1.0005204685852247,1.0005202714458055,1.0005204685852247,6.33318245790715e-05
60088.17553501669,0.9999426139683528,1.000520148264614,1.0005199507884868,1.000520148264614,-0.0005775342962611729
60088.17561876927,1.0007127029432885,1.000519828036858,1.0005196302245152,1.000519828036858,0.00019287490643060679
60088.175702521854,1.0001146214301093,1.0005195079019547,1.000519309753889,1.0005195079019547,-0.0004048864718453338
60088.17578627443,1.0006215695108573,1.0005191878599304,1.0005189893766342,1.0005191878599304,0.00010238165092690821
60088.17587002701,1.0012548231204055,1.000518867910729,1.0005186690926944,1.000518867910729,0.0007359552096763977
60088.17595377958,1.0002445764487695,1.0005185480544039,1.0005183489021237,1.0005185480544039,-0.00027397160563435996
60088.17603753216,1.0008086718573923,1.0005182282908993,1.0005180288048652,1.0005182282908993,0.00029044356649299274
60088.176121284734,1.0000998093974567,1.0005179086202682,1.0005177088009736,1.0005179086202682,-0.0004180992228115521
60088.176205037315,1.0004950698756048,1.0005175890424542,1.000517388890391,1.0005175890424542,-2.25191668494773e-05
60088.176288789895,1.0006390853247196,1.000517269557484,1.0005170690731446,1.000517269557484,0.00012181576723557797
60088.17637254247,1.0004612734748877,1.0005169501653841,1.0005167493492608,1.0005169501653841,-5.5676690496442305e-05
60088.17645629504,1.0002737656476628,1.0005166308661246,1.0005164297187106,1.0005166308661246,-0.00024286521846184073
60088.17654004762,1.0011231030495413,1.0005163116596774,1.0005161101814641,1.0005163116596774,0.0006067913898639699
60088.1766238002,0.9999309642847143,1.0005159925460687,1.0005157907375486,1.0005159925460687,-0.0005850282613544255
60088.17670755278,1.0010074031285758,1.0005156735252965,1.0005154713869628,1.0005156735252965,0.0004917296032793672
60088.17679130536,1.0007448476345897,1.0005153545973604,1.0005151521297047,1.0005153545973604,0.00022949303722930026
60088.176875057936,1.0008606237958029,1.000515035762286,1.0005148329658011,1.000515035762286,0.0003455880335168082
60088.17695881051,1.00073197191852,1.0005147170200448,1.0005145138952232,1.0005147170200448,0.0002172548984751277
60088.17704256308,1.0004683636122234,1.000514398370635,1.0005141949179694,1.000514398370635,-4.603475841169491e-05
60088.17712631566,1.0008605889791908,1.000514079814028,1.0005138760340104,1.000514079814028,0.0003465091651628782
60088.17721006824,1.00047196351858,1.0005137613502502,1.0005135572433732,1.0005137613502502,-4.179783167024276e-05
60088.17729382082,1.0001972716979004,1.0005134429793001,1.0005132385460558,1.0005134429793001,-0.00031617128139971307
60088.1773775734,0.9999099611032122,1.0005131247012036,1.0005129199420852,1.0005131247012036,-0.0006031635979913963
60088.17746132597,0.9999762687071331,1.0005128065159326,1.000512601431432,1.0005128065159326,-0.0005365378087994754
60088.17754507855,1.0014713498527241,1.0005124884234577,1.0005122830140674,1.0005124884234577,0.0009588614292663777
60088.17762883113,1.0009247769975353,1.000512170423805,1.0005119646900171,1.000512170423805,0.0004126065737304341
60088.17771258371,1.00066378584596,1.0005118525169734,1.000511646459281,1.0005118525169734,0.0001519333289865532
60088.17779633629,1.0007296448324157,1.0005115347029618,1.0005113283218567,1.0005115347029618,0.00021811012945383013
60088.17788008886,1.0002758730609862,1.0005112169818235,1.000511010277799,1.0005112169818235,-0.00023534392083734978
60088.17796384143,0.9996834464570516,1.000510899353475,1.0005106923270228,1.000510899353475,-0.0008274528964233863
60088.17804759401,1.0005174923309337,1.0005105818179145,1.0005103744695274,1.0005105818179145,6.910513019153797e-06
60088.17813134659,1.0013712175299914,1.0005102643751689,1.0005100567053389,1.0005102643751689,0.0008609531548224858
60088.17821509917,1.0007141029061475,1.0005099470252359,1.000509739034456,1.0005099470252359,0.00020415588091160508
60088.17829885175,1.000866487970022,1.0005096297681149,1.0005094214568775,1.0005096297681149,0.0003568582019071176
60088.178382604325,1.000673543797592,1.000509312603832,1.0005091039726295,1.000509312603832,0.0001642311937599672
60088.1784663569,1.0006585953205032,1.0005089955323585,1.0005087865816833,1.0005089955323585,0.0001495997881446609
60088.17855010948,1.0010851073922655,1.000508678553665,1.0005084692840094,1.000508678553665,0.0005764288386005401
60088.17863386206,1.0006330634325091,1.0005083616677781,1.0005081520796348,1.0005083616677781,0.00012470176473100558
60088.17871761463,1.0004240191711251,1.0005080448747241,1.0005078349685854,1.0005080448747241,-8.402570359899997e-05
60088.17880136721,1.0006889766597111,1.0005077281744463,1.000507517950805,1.0005077281744463,0.00018124848526479553
60088.178885119785,1.0001623188533049,1.000507411566999,1.0005072010263472,1.000507411566999,-0.0003450927136940951
60088.178968872366,1.0007397810109222,1.000507095052325,1.000506884195155,1.000507095052325,0.00023268595859726737
60088.17905262494,0.9999940031814394,1.0005067786304787,1.0005065674572833,1.0005067786304787,-0.0005127754490392711
60088.17913637752,1.0008861663115718,1.0005064623014035,1.0005062508126752,1.0005064623014035,0.00037970401016829136
60088.1792201301,1.0006315695702364,1.0005061460651252,1.0005059342613567,1.0005061460651252,0.00012542350511113298
60088.17930388268,1.0008099394060157,1.0005058299216434,1.000505617803327,1.0005058299216434,0.0003041094843723169
60088.179387635246,1.0001187615077545,1.0005055138710113,1.0005053014386385,1.0005055138710113,-0.00038675236325680373
60088.179471387826,1.000598576305938,1.000505197913117,1.0005049851671817,1.000505197913117,9.337839282097526e-05
60088.1795551404,1.0007590916552334,1.0005048820480427,1.0005046689890367,1.0005048820480427,0.00025420960719069186
60088.17963889298,1.0001816058053399,1.0005045662757315,1.0005043529041473,1.0005045662757315,-0.0003229604703915978
60088.17972264556,1.0001944735228137,1.0005042505962094,1.00050403691254,1.0005042505962094,-0.000309777073395745
60088.17980639814,1.001460698966542,1.000503935009476,1.0005037210142131,1.000503935009476,0.0009567639570660091
60088.17989015071,1.000156440871544,1.0005036195155563,1.000503405209193,1.0005036195155563,-0.000347178644012347
60088.179973903294,1.0007087760254918,1.0005033041143947,1.0005030894974234,1.0005033041143947,0.00020547191109709928
60088.18005765586,1.000624539684854,1.0005029888060721,1.0005027738789851,1.0005029888060721,0.00012155087878196191
60088.18014140844,1.0006733665482674,1.0005026735904774,1.0005024583537672,1.0005026735904774,0.0001706929577900418
60088.18022516102,1.0006948312695534,1.0005023584676644,1.0005021429218235,1.0005023584676644,0.00019247280188894322
60088.1803089136,1.001009785993032,1.0005020434376317,1.0005018275831525,1.0005020434376317,0.0005077425554003145
60088.180392666174,1.0007774620976397,1.0005017285004048,1.00050151233778,1.0005017285004048,0.0002757335972349839
60088.180476418755,1.0008929940656972,1.0005014136559283,1.0005011971856503,1.0005014136559283,0.0003915804097689435
60088.18056017133,1.0010706246141852,1.000501098904255,1.0005008821268169,1.000501098904255,0.0005695257099300743
60088.18064392391,1.001084381681331,1.0005007842453297,1.0005005671612233,1.0005007842453297,0.0005835974360013374
60088.18072767648,1.0004958174185896,1.0005004696792055,1.000500252288923,1.0005004696792055,-4.6522606158561075e-06
60088.18081142906,1.000834479043834,1.000500155205826,1.0004999375098604,1.000500155205826,0.00033432383800802157
60088.18089518164,1.0007544842442178,1.0004998408252175,1.0004996228240615,1.0004998408252175,0.00025464341900027776
60088.180978934215,1.001397796280732,1.000499526537406,1.0004993082315514,1.000499526537406,0.0008982697433261855
60088.18106268679,1.0003732192355208,1.0004992123423628,1.0004989937323026,1.0004992123423628,-0.00012599310684202614
60088.18114643937,1.0008063057289964,1.000498898240059,1.000498679326286,1.000498898240059,0.00030740748893731684
60088.18123019195,1.0004634562831076,1.0004985842305214,1.0004983650135277,1.0004985842305214,-3.5127947413782223e-05
60088.18131394452,1.0008931661266753,1.000498270313775,1.0004980507940533,1.000498270313775,0.00039489581290030884
60088.1813976971,1.0012417333106476,1.000497956489765,1.0004977366678076,1.000497956489765,0.0007437768208826689
60088.181481449676,1.0013374889229067,1.0004976427585435,1.0004974226348433,1.0004976427585435,0.0008398461643632782
60088.18156520225,1.000129458886593,1.0004973291200825,1.0004971086951322,1.0004973291200825,-0.0003678702334894979
60088.18164895483,1.000918433431582,1.0004970155743538,1.000496794848645,1.0004970155743538,0.00042141785722815683
60088.18173270741,1.000267810382123,1.0004967021213824,1.0004964810954085,1.0004967021213824,-0.00022889173925944029
60088.18181645999,1.0002663211704554,1.000496388761168,1.0004961674354207,1.000496388761168,-0.0002300675907125349
60088.18190021256,1.0009324492513825,1.0004960754937358,1.0004958538687083,1.0004960754937358,0.00043637375764671305
60088.181983965136,1.0005860503173967,1.0004957623190571,1.000495540395242,1.0004957623190571,9.028799833954437e-05
60088.18206771771,1.0004848248061953,1.0004954492371316,1.0004952270150211,1.0004954492371316,-1.0624430936356788e-05
60088.18215147029,1.000945291718857,1.0004951362479297,1.0004949137280166,1.0004951362479297,0.0004501554709273048
60088.18223522287,1.0002082506536074,1.000494823351478,1.0004946005342543,1.000494823351478,-0.0002865726978706906
60088.18231897545,0.9999817808791328,1.0004945105477752,1.0004942874337337,1.0004945105477752,-0.0005127296686423533
60088.18240272803,1.00028805017913,1.0004941978368194,1.0004939744264527,1.0004941978368194,-0.0002061476576893373
60088.1824864806,1.0003696582383337,1.0004938852186638,1.0004936615124649,1.0004938852186638,-0.00012422698033009993
60088.18257023317,1.0003625613626475,1.0004935726932263,1.000493348691687,1.0004935726932263,-0.00013101133057880077
60088.18265398575,1.0007181117224075,1.0004932602605046,1.0004930359641175,1.0004932602605046,0.00022485146190298622
60088.18273773833,1.0008247017538894,1.0004929479205251,1.0004927233297831,1.0004929479205251,0.0003317538333642567
60088.18282149091,1.0010360515455727,1.0004926356732864,1.0004924107886821,1.0004926356732864,0.0005434158722863458
60088.18290524349,1.0004502598809464,1.000492323518787,1.000492098340813,1.000492323518787,-4.206363784065026e-05
60088.18298899606,1.0003703991055617,1.0004920114570803,1.0004917859862288,1.0004920114570803,-0.0001216123515186407
60088.18307274863,1.000527386958264,1.000491699488083,1.0004914737248467,1.000491699488083,3.5687470181011705e-05
60088.18315650121,1.0005686582532611,1.0004913876117945,1.000491161556666,1.0004913876117945,7.727064146667573e-05
60088.18324025379,1.0002389563512037,1.0004910758282402,1.0004908494817117,1.0004910758282402,-0.00025211947703640547
60088.18332400637,1.0001227411010762,1.0004907641374186,1.0004905374999828,1.0004907641374186,-0.00036802303634231315
60088.18340775895,1.0004999912632087,1.0004904525393288,1.0004902256114785,1.0004904525393288,9.538723879876088e-06
60088.18349151152,1.000669233513059,1.0004901410340232,1.0004899138162513,1.0004901410340232,0.0001790924790356918
60088.1835752641,1.000082911266435,1.0004898296213927,1.0004896021141914,1.0004898296213927,-0.00040691835495776374
60088.18365901667,1.0004274757896572,1.000489518301517,1.0004892905053786,1.000489518301517,-6.204251185981668e-05
60088.18374276925,1.0000993702215022,1.0004892070743403,1.0004889789897577,1.0004892070743403,-0.0003898368528381102
60088.18382652183,0.9996092559885696,1.0004888959398892,1.0004886675673543,1.0004888959398892,-0.0008796399513195663
60088.18391027441,1.0012617324917192,1.0004885848981617,1.0004883562381677,1.0004885848981617,0.0007731475935575105
60088.18399402698,1.0006379640114849,1.0004882739492105,1.00048804500225,1.0004882739492105,0.00014969006227438797
60088.18407777956,0.9999416509713361,1.0004879630929264,1.000487733859492,1.0004879630929264,-0.0005463121215902866
60088.18416153213,1.0006835418856863,1.0004876523293895,1.0004874228099734,1.0004876523293895,0.00019588955629679106
60088.18424528471,1.0008869197198222,1.0004873416585438,1.0004871118536391,1.0004873416585438,0.0003995780612784383
60088.18432903729,1.0006736773890434,1.0004870310804157,1.0004868009905143,1.0004870310804157,0.000186646308627747
60088.18441278987,1.0004283767580007,1.0004867205950034,1.0004864902205983,1.0004867205950034,-5.8343837002761134e-05
60088.18449654244,1.0007403353039122,1.0004864102023594,1.0004861795439433,1.0004864102023594,0.0002539251015527544
60088.18458029502,1.0008027406442002,1.000486099902375,1.0004858689604403,1.000486099902375,0.000316640741825136
60088.18466404759,1.000791361506415,1.0004857896951296,1.0004855584701688,1.0004857896951296,0.0003055718112854322
60088.18474780017,1.0007122455830197,1.000485479580568,1.000485248073074,1.000485479580568,0.00022676600245175038
60088.18483155275,1.001089151772416,1.000485169558716,1.000484937769181,1.000485169558716,0.0006039822137000606
60088.18491530533,1.0008817728194757,1.0004848596295715,1.0004846275584884,1.0004848596295715,0.0003969131899042022
60088.18499905791,1.0011616206854737,1.0004845497931614,1.0004843174410223,1.0004845497931614,0.0006770708923122815
60088.18508281048,1.0004471775015977,1.0004842400494562,1.0004840074167547,1.0004842400494562,-3.706254785851293e-05
60088.18516656305,1.0009082264320683,1.0004839303984556,1.0004836974856834,1.0004839303984556,0.0004242960336127144
60088.18525031563,1.0006626215854562,1.000483620840131,1.0004833876477808,1.000483620840131,0.00017900074532506416
60088.185334068214,1.0003765540770764,1.000483311374508,1.000483077903072,1.000483311374508,-0.00010675729743159224
60088.18541782079,1.00052492290474,1.000483002001612,1.0004827682515838,1.000483002001612,4.1920903127934395e-05
60088.18550157337,1.000264129886478,1.0004826927213883,1.00048245869326,1.0004826927213883,-0.00021856283491028528
60088.18558532594,1.0005202203064412,1.000482383533889,1.000482149228153,1.000482383533889,3.783677255220219e-05
60088.18566907851,1.0006854997626546,1.000482074439086,1.0004818398562354,1.000482074439086,0.00020342532356854015
60088.185752831094,1.0006580536136092,1.0004817654369516,1.0004815305774784,1.0004817654369516,0.00017628817665760188
60088.18583658367,1.000496609005708,1.000481456527537,1.0004812213919347,1.000481456527537,1.5152478170854522e-05
60088.18592033625,1.0016348835363735,1.000481147710789,1.0004809122995493,1.000481147710789,0.0011537358255844232
60088.18600408883,1.0004763174371447,1.0004808389867317,1.0004806033003475,1.0004808389867317,-4.5215495869666e-06
60088.1860878414,0.9999944958237126,1.0004805303553912,1.0004802943943552,1.0004805303553912,-0.0004860345316786141
60088.186171593974,1.0005996306537173,1.0004802218167395,1.0004799855815438,1.0004802218167395,0.00011940883697780791
60088.186255346554,0.9999435777558782,1.0004799133707476,1.0004796768618858,1.0004799133707476,-0.000536335614869432
60088.18633909913,1.0005107966205182,1.000479605017469,1.000479368235433,1.000479605017469,3.119160304931867e-05
60088.18642285171,1.0007262750081054,1.0004792967568483,1.000479059702131,1.0004792967568483,0.0002469782512570795
60088.18650660429,1.0001086577596758,1.0004789885889105,1.0004787512620046,1.0004789885889105,-0.0003703308292346552
60088.18659035686,1.0003226464885138,1.0004786805136818,1.00047844291508,1.0004786805136818,-0.00015603402516806142
60088.186674109435,1.000420396242492,1.0004783725311341,1.0004781346613283,1.0004783725311341,-5.797628864212534e-05
60088.18675786201,1.000460264927614,1.0004780646412657,1.0004778265007492,1.0004780646412657,-1.7799713651678317e-05
60088.18684161459,1.0006853673902467,1.0004777568440488,1.000477518433314,1.0004777568440488,0.00020761054619788943
60088.18692536717,1.0010271995327304,1.0004774491395088,1.000477210459048,1.0004774491395088,0.0005497503932216929
60088.18700911975,1.0006374121950137,1.000477141527644,1.0004769025779505,1.000477141527644,0.0001602706673695664
60088.18709287232,1.0000059795602954,1.0004768340084806,1.0004765947900467,1.0004768340084806,-0.0004708544481852872
60088.18717662489,1.0008883285927301,1.0004765265820166,1.000476287095335,1.0004765265820166,0.0004118020107135578
60088.18726037747,1.0006672193628168,1.0004762192481713,1.0004759794937343,1.0004762192481713,0.00019100011464545652
60088.18734413005,1.0005544221087632,1.000475912006996,1.0004756719852965,1.000475912006996,7.85101017672929e-05
60088.18742788263,0.9997740845559063,1.00047560485849,1.0004753645700208,1.00047560485849,-0.0007015203025836358
60088.1875116352,0.999904621067097,1.0004752978026783,1.0004750572479322,1.0004752978026783,-0.0005706767355813103
60088.187595387775,1.0011354624090627,1.0004749908395332,1.0004747500190023,1.0004749908395332,0.0006604715695295305
60088.187679140356,1.0002611183705725,1.0004746839690266,1.0004744428832038,1.0004746839690266,-0.00021356559845409073
60088.18776289293,1.0006699688136989,1.0004743771912104,1.0004741358405886,1.0004743771912104,0.00019559162248850015
60088.18784664551,1.0003154896891222,1.0004740705060304,1.0004738288911015,1.0004740705060304,-0.000158580816908227
60088.18793039808,1.0012632761777722,1.0004737639135381,1.0004735220347956,1.0004737639135381,0.0007895122642340713
60088.18801415066,1.0002316846498405,1.000473457413679,1.0004732152716154,1.000473457413679,-0.00024177276383863244
60088.188097903236,1.0002957496173512,1.0004731510065057,1.0004729086016133,1.0004731510065057,-0.00017740138915445236
60088.188181655816,1.000754518664473,1.0004728446919633,1.000472602024734,1.0004728446919633,0.0002816739725097772
60088.18826540839,1.000135687116762,1.000472538470103,1.0004722955410312,1.000472538470103,-0.00033685135334105
60088.18834916096,1.0005797164957282,1.000472232340898,1.0004719891504754,1.000472232340898,0.00010748415483008422
60088.18843291354,1.0006437144153073,1.00047192630432,1.0004716828530391,1.00047192630432,0.00017178811098728097
60088.18851666612,1.0009690670950435,1.0004716203603938,1.0004713766487476,1.0004716203603938,0.0004974467346496869
60088.188600418696,1.0003234692815692,1.0004713145091455,1.0004710705376263,1.0004713145091455,-0.00014784522757627094
60088.18868417127,1.0009419658315393,1.0004710087505464,1.0004707645196476,1.0004710087505464,0.00047095708099287314
60088.18876792384,0.9998717050201723,1.0004707030845963,1.0004704585948097,1.0004707030845963,-0.0005989980644239834
60088.18885167642,1.0007056734088542,1.0004703975112663,1.0004701527630853,1.0004703975112663,0.00023527589758787215
60088.188935429,1.0005296208639731,1.000470092030582,1.0004698470244988,1.000470092030582,5.952883339110926e-05
60088.189019181584,1.0005140466054774,1.0004697866425425,1.0004695413790496,1.0004697866425425,4.425996293488943e-05
60088.18910293416,1.0007303531297866,1.0004694813471726,1.000469235826763,1.0004694813471726,0.000260871782614025
60088.18918668673,1.000708041238493,1.0004691761444442,1.0004689303676106,1.0004691761444442,0.0002388650940488013
60088.1892704393,1.0002944381206542,1.0004688710343568,1.0004686250015917,1.0004688710343568,-0.0001744329137025602
60088.18935419188,1.0009787175774514,1.0004685660168817,1.0004683197286786,1.0004685660168817,0.0005101515605696605
60088.18943794446,1.000401321237314,1.0004682610920717,1.000468014548922,1.0004682610920717,-6.693985475769715e-05
60088.18952169704,1.0004479052136266,1.0004679562598715,1.0004677094622685,1.0004679562598715,-2.0051046244917714e-05
60088.18960544962,1.0009400640175476,1.0004676515203068,1.0004674044687436,1.0004676515203068,0.0004724124972408372
60088.18968920219,1.000629446528222,1.000467346873403,1.0004670995683713,1.000467346873403,0.00016209965481883692
60088.18977295476,0.9997454996658537,1.0004670423191322,1.0004667947611248,1.0004670423191322,-0.0007215426532785063
60088.18985670734,1.0011959693106411,1.0004667378574923,1.0004664900470028,1.0004667378574923,0.0007292314531488486
60088.18994045992,1.0005974351310973,1.0004664334884565,1.0004661854259769,1.0004664334884565,0.0001310016426407934
60088.1900242125,1.0000780275325034,1.0004661292120496,1.000465880898073,1.0004661292120496,-0.00038810167954617114
60088.19010796508,1.0008546966193903,1.0004658250282703,1.0004655764632895,1.0004658250282703,0.00038887159111999914
60088.190191717644,1.000811384785645,1.0004655209371707,1.0004652721216774,1.0004655209371707,0.00034586384847434815
60088.19027547022,0.999996824111145,1.0004652169386694,1.0004649678731572,1.0004652169386694,-0.000468392827524422
60088.1903592228,1.0000488590472316,1.0004649130327654,1.0004646637177268,1.0004649130327654,-0.000416053985533793
60088.19044297538,1.000361279465535,1.0004646092194842,1.0004643596554113,1.0004646092194842,-0.00010332975394922173
60088.19052672795,1.0005451539345023,1.0004643054988505,1.0004640556862365,1.0004643054988505,8.084843565181465e-05
60088.19061048053,1.0008523289989464,1.0004640018708104,1.0004637518101478,1.0004640018708104,0.0003883271281359679
60088.190694233104,1.0002201870401495,1.0004636983354152,1.0004634480271972,1.0004636983354152,-0.00024351129526567483
60088.19077798568,1.0014130667373893,1.0004633948926374,1.0004631443373564,1.0004633948926374,0.0009496718447519203
60088.19086173825,1.000652584722167,1.0004630915424757,1.0004628407406244,1.0004630915424757,0.00018949317969130242
60088.19094549083,1.0002522421391211,1.0004627882849022,1.0004625372369735,1.0004627882849022,-0.00021054614578108755
60088.19102924341,1.000898029154641,1.0004624851199426,1.0004622338264286,1.0004624851199426,0.0004355440346983652
60088.19111299599,0.9999292612523778,1.0004621820475952,1.0004619305089888,1.0004621820475952,-0.0005329207952173842
60088.19119674856,1.0005826493361238,1.000461879067911,1.0004616272847056,1.000461879067911,0.00012077026821288861
60088.19128050113,0.999867524368937,1.0004615761808104,1.000461324153498,1.0004615761808104,-0.0005940518118734417
60088.19136425371,0.999663848606248,1.0004612733862912,1.0004610211153653,1.0004612733862912,-0.0007974247800431877
60088.19144800629,1.0002313164162688,1.00046097068438,1.0004607181703322,1.00046097068438,-0.00022965426811105694
60088.191531758865,1.0005756003200499,1.0004606680751003,1.0004604153184242,1.0004606680751003,0.00011493224494962817
60088.191615511445,1.0003254244546076,1.0004603655583988,1.0004601125595871,1.0004603655583988,-0.0001349411037911974
60088.19169926402,0.9999364749446591,1.0004600631343268,1.0004598098938717,1.0004600631343268,-0.0005235881896676897
60088.1917830166,0.9998340969458267,1.0004597608028307,1.0004595073212252,1.0004597608028307,-0.0006256638570040218
60088.191866769164,1.000917021837579,1.0004594585639877,1.0004592048417245,1.0004594585639877,0.0004575632735912549
60088.191950521745,1.0003092931715603,1.0004591564176912,1.0004589024552628,1.0004591564176912,-0.0001498632461309768
60088.192034274325,1.0009874721054433,1.000458854363993,1.0004586001618923,1.000458854363993,0.000528617741450299
60088.192118026906,1.0000774378573711,1.0004585524028915,1.0004582979616115,1.0004585524028915,-0.00038111454552036683
60088.19220177947,1.0001630482313917,1.0004582505344382,1.0004579958544713,1.0004582505344382,-0.0002952023030464712
60088.19228553205,1.0002755054346368,1.0004579487585261,1.000457693840365,1.0004579487585261,-0.00018244332388928086
60088.192369284625,1.0003569037019775,1.0004576470752333,1.0004573919193713,1.0004576470752333,-0.00010074337325582938
60088.192453037205,1.0013089736423484,1.000457345484506,1.0004570900914356,1.000457345484506,0.0008516281578423435
60088.19253678978,1.0002460569266833,1.0004570439863956,1.000456788356609,1.0004570439863956,-0.00021098705971223097
60088.19262054236,1.0001772650042617,1.0004567425808477,1.0004564867148376,1.0004567425808477,-0.0002794775765859736
60088.19270429493,1.0001020893170847,1.0004564412679136,1.0004561851661735,1.0004564412679136,-0.0003543519508288906
60088.19278804751,1.0004667290497278,1.0004561400475402,1.0004558837105624,1.0004561400475402,1.0589002187533225e-05
60088.19287180008,1.0007833828236283,1.0004558389198037,1.0004555823480812,1.0004558389198037,0.00032754390382461196
60088.19295555266,1.000797163363815,1.0004555378845996,1.0004552810786247,1.0004555378845996,0.00034162547921545716
60088.19303930524,0.9996339141877145,1.0004552369419777,1.0004549799022433,1.0004552369419777,-0.0008213227542631651
60088.19312305782,1.0004401866023611,1.0004549360919375,1.0004546788189363,1.0004549360919375,-1.474948957636002e-05
60088.193206810385,0.9998756829341834,1.0004546353345292,1.0004543778287542,1.0004546353345292,-0.000578952400345778
60088.193290562966,1.0005264718109799,1.0004543346696477,1.0004540769315917,1.0004543346696477,7.213714133214033e-05
60088.19337431554,1.000047382339914,1.0004540340973698,1.0004537761275252,1.0004540340973698,-0.0004066517574556894
60088.19345806811,1.000302449091826,1.000453733617668,1.0004534754165282,1.000453733617668,-0.00015128452584201035
60088.19354182069,1.0002595746553615,1.0004534332305153,1.0004531747985723,1.0004534332305153,-0.00019385857515374916
60088.19362557327,1.000352562358391,1.0004531329359356,1.000452874273683,1.0004531329359356,-0.00010057057754453425
60088.19370932585,1.0008256243239482,1.000452832733929,1.0004525738418586,1.000452832733929,0.0003727915900191281
60088.19379307842,1.0007676412130317,1.0004525326245455,1.0004522735031505,1.0004525326245455,0.0003151085884862681
60088.19387683099,0.9995520918057741,1.0004522326077057,1.0004519732574788,1.0004522326077057,-0.0009001408019315704
60088.19396058357,1.0008445483722093,1.0004519326834085,1.0004516731048425,1.0004519326834085,0.00039261568880077924
60088.19404433615,1.0004542543084012,1.0004516328516782,1.0004513730452658,1.0004516328516782,2.6214567230287145e-06
60088.194128088726,1.0003122418180976,1.0004513331125402,1.0004510730787743,1.0004513331125402,-0.00013909129444256152
60088.194211841306,1.0002122982989277,1.0004510334659409,1.000450773205314,1.0004510334659409,-0.0002387351670132265
60088.19429559388,1.0003769153244155,1.0004507339119306,1.0004504734249362,1.0004507339119306,-7.38185875150954e-05
60088.194379346445,1.0001453828127667,1.0004504344505092,1.0004501737376392,1.0004504344505092,-0.0003050516377425261
60088.194463099026,0.9994108342576131,1.000450135081596,1.0004498741433439,1.000450135081596,-0.0010393008239828472
60088.194546851606,1.000555293296152,1.0004498358052427,1.0004495746421007,1.0004498358052427,0.00010545749090917766
60088.19463060419,1.0006577343547478,1.0004495366214474,1.0004492752339087,1.0004495366214474,0.00020819773330038593
60088.19471435676,0.9999637962672907,1.0004492375302356,1.0004489759187927,1.0004492375302356,-0.00048544126294491896
60088.19479810933,1.0000643770327213,1.0004489385315793,1.0004486766967249,1.0004489385315793,-0.00038456149885801594
60088.194881861906,1.0005570107718231,1.0004486396254773,1.0004483775677044,1.0004486396254773,0.00010837114634587586
60088.19496561448,1.0006354903506627,1.000448340811929,1.0004480785317302,1.000448340811929,0.00018714953873377738
60088.19504936706,1.0010806400090575,1.000448042090906,1.0004477795887743,1.000448042090906,0.0006325979181514008
60088.19513311964,1.0005135845449047,1.0004477434624337,1.0004474807388621,1.0004477434624337,6.584108247098541e-05
60088.19521687222,1.0005905297962827,1.0004474449265113,1.000447181981992,1.0004474449265113,0.00014308486977143708
60088.195300624786,1.0014596433345146,1.0004471464831886,1.0004468833182147,1.0004471464831886,0.0010124968513260946
60088.19538437736,1.0003222701422891,1.0004468481323867,1.0004465847474506,1.0004468481323867,-0.0001245779900975741
60088.19546812994,1.0011232149463618,1.0004465498741044,1.0004462862696994,1.0004465498741044,0.0006766650722573875
60088.19555188251,1.0003638887165491,1.000446251708392,1.0004459878850112,1.000446251708392,-8.23629918429436e-05
60088.19563563509,1.0007056830128649,1.000445953635197,1.0004456895933327,1.000445953635197,0.0002597293776678278
60088.19571938767,1.0008727837648599,1.0004456556545438,1.0004453913946885,1.0004456556545438,0.00042712811031608844
60088.19580314024,1.0010326939939163,1.0004453577664827,1.0004450932891296,1.0004453577664827,0.0005873362274335658
60088.19588689281,1.0007313686151893,1.000445059970935,1.0004447952765767,1.000445059970935,0.00028630864425438496
60088.19597064539,1.0007733446033638,1.000444762267899,1.0004444973570283,1.000444762267899,0.0003285823354648443
60088.19605439797,1.000867619660911,1.0004444646573996,1.0004441995305098,1.0004444646573996,0.00042315500351142177
60088.196138150546,1.0012693713449266,1.0004441671394615,1.000443901797045,1.0004441671394615,0.0008252042054650577
60088.19622190313,0.9997460281139698,1.0004438697140312,1.0004436041565814,1.0004438697140312,-0.0006978416000613663
60088.1963056557,1.0005517639826849,1.0004435723811602,1.0004433066091687,1.0004435723811602,0.00010819160152464313
60088.19638940827,1.0008239636197376,1.0004432751408205,1.000443009154781,1.0004432751408205,0.00038068847891703506
60088.196473160846,1.000017359245857,1.0004429779930106,1.000442711793416,1.0004429779930106,-0.00042561874715363324
60088.196556913426,1.0006799083389943,1.0004426809377043,1.000442414525047,1.0004426809377043,0.00023722740129006326
60088.196640666,1.0011313091865504,1.0004423839749512,1.000442117349724,1.0004423839749512,0.000688925211599134
60088.19672441858,1.0004608212439632,1.0004420871046988,1.0004418202673948,1.0004420871046988,1.873413926434253e-05
60088.19680817115,1.0002795161003322,1.0004417903269973,1.0004415232781092,1.0004417903269973,-0.0001622742266651489
60088.19689192373,1.0009545748679851,1.0004414936417938,1.0004412263818145,1.0004414936417938,0.0005130812261913142
60088.1969756763,1.0002255460162401,1.000441197049165,1.0004409295785868,1.000441197049165,-0.0002156510329247574
60088.19705942888,1.000263868293906,1.0004409005490054,1.0004406328683215,1.0004409005490054,-0.00017703225509935194
60088.19714318146,1.0003790631305847,1.0004406041413658,1.0004403362510692,1.0004406041413658,-6.154101078115204e-05
60088.19722693403,1.0003977790079732,1.000440307826271,1.000440039726854,1.000440307826271,-4.2528818297693505e-05
60088.197310686606,1.0012804981952113,1.0004400116036931,1.0004397432956496,1.0004400116036931,0.0008404865915181414
60088.19739443919,1.000091290380915,1.0004397154736064,1.0004394469574283,1.0004397154736064,-0.0003484250926915067
60088.19747819175,1.0008547449775607,1.0004394194360862,1.0004391507122663,1.0004394194360862,0.0004153255414744983
60088.19756194433,1.0005064042528915,1.0004391234910273,1.000438854560059,1.0004391234910273,6.728076186424126e-05
60088.19764569691,1.000586599014123,1.0004388276384817,1.0004385585008575,1.0004388276384817,0.00014777137564125908
60088.197729449486,1.0006946681284516,1.0004385318784725,1.0004382625346855,1.0004385318784725,0.0002561362499791109
60088.19781320207,1.001011689271515,1.0004382362109476,1.0004379666614904,1.0004382362109476,0.0005734530605674415
60088.19789695464,1.0008374360720413,1.0004379406359571,1.0004376708813223,1.0004379406359571,0.00039949543608419624
60088.197980707206,1.0004243095600187,1.0004376451534993,1.0004373751941804,1.0004376451534993,-1.3335593480601204e-05
60088.198064459786,1.0000850041862985,1.0004373497634964,1.0004370795999857,1.0004373497634964,-0.00035234557719787674
60088.19814821237,1.000410364560321,1.0004370544659984,1.0004367840987887,1.0004370544659984,-2.668990567733509e-05
60088.19823196494,1.0012778322009688,1.0004367592610293,1.0004364886906139,1.0004367592610293,0.0008410729399395134
60088.19831571752,1.0000903816713356,1.0004364641485368,1.0004361933754082,1.0004364641485368,-0.0003460824772012483
60088.19839947009,1.0010276446513058,1.0004361691285713,1.0004358981532224,1.0004361691285713,0.0005914755227345303
60088.19848322266,1.0014397784663547,1.0004358742011308,1.0004356030240544,1.0004358742011308,0.0010039042652238983
60088.19856697524,1.0007106999377073,1.0004355793661377,1.0004353079878265,1.0004355793661377,0.00027512057156964254
60088.19865072782,1.0002227318607975,1.0004352846236415,1.000435013044589,1.0004352846236415,-0.00021255276284404268
60088.1987344804,0.9996247287455515,1.0004349899736413,1.00043471819434,1.0004349899736413,-0.0008102612280898036
60088.19881823297,1.0003929284250086,1.0004346954161614,1.0004344234371039,1.0004346954161614,-4.1766991152769606e-05
60088.19890198555,1.000933717428749,1.000434400951175,1.0004341287728544,1.000434400951175,0.0004993164775739523
60088.19898573812,1.0003531818650233,1.0004341065786804,1.0004338342015897,1.0004341065786804,-8.092471365706011e-05
60088.19906949069,1.0007538791128134,1.0004338122986767,1.0004335397233086,1.0004338122986767,0.00032006681413676574
60088.19915324327,1.0000071302535782,1.0004335181111375,1.0004332453379845,1.0004335181111375,-0.0004263878575592184
60088.19923699585,1.0002156012966217,1.000433224016086,1.0004329510456413,1.000433224016086,-0.00021762271946434986
60088.19932074843,1.0006065019934944,1.0004329300135468,1.000432656846304,1.0004329300135468,0.00017357197994760654
60088.199404501,1.0004021151769658,1.000432636103494,1.000432362739945,1.000432636103494,-3.052092652833238e-05
60088.19948825357,1.000848143172391,1.0004323422859254,1.0004320687265635,1.0004323422859254,0.00041580088646564484
60088.199572006146,1.0003704613814728,1.0004320485608402,1.000431774806158,1.0004320485608402,-6.15871793674394e-05
60088.199655758726,1.0004701255798236,1.0004317549282116,1.0004314809787016,1.0004317549282116,3.837065161205189e-05
60088.19973951131,1.000447926177658,1.0004314613880634,1.000431187244219,1.0004314613880634,1.6464789594605733e-05
60088.19982326388,1.0007143718588005,1.0004311679404203,1.0004308936027346,1.0004311679404203,0.00028320391838021486
60088.19990701645,0.9997771787874146,1.000430874585255,1.0004306000542207,1.000430874585255,-0.00065369579784047
60088.19999076902,1.0008036545539407,1.0004305813225924,1.0004303065987021,1.0004305813225924,0.0003730732313482754
60088.2000745216,1.0002576919921833,1.0004302881523546,1.0004300132361013,1.0004302881523546,-0.00017259616017128998
60088.20015827418,1.0004306655144675,1.0004299950745907,1.0004297199664678,1.0004299950745907,6.704398767265474e-07
60088.20024202675,1.0001012820719701,1.000429702089326,1.0004294267898257,1.000429702089326,-0.00032842001735589044
60088.20032577933,0.9999197810120855,1.0004294091965071,1.0004291337061226,1.0004294091965071,-0.0005096281844216843
60088.200409531906,1.0000647820317408,1.0004291163961847,1.000428840715409,1.0004291163961847,-0.0003643343644439412
60088.20049328448,1.0008826433288378,1.0004288236883312,1.0004285478176567,1.0004288236883312,0.00045381964050661416
60088.20057703705,1.0002821776109532,1.0004285310729462,1.000428255012866,1.0004285310729462,-0.00014635346199298738
60088.20066078963,1.0003579688477282,1.000428238550002,1.0004279623010095,1.000428238550002,-7.026970227386187e-05
60088.200744542206,1.0005693753533569,1.0004279461195493,1.0004276696821368,1.0004279461195493,0.00014142923380755512
60088.200828294786,1.000292474594627,1.000427653781535,1.0004273771561956,1.000427653781535,-0.00013517918690819641
60088.20091204736,1.0002816787190338,1.0004273615360095,1.000427084723236,1.0004273615360095,-0.00014568281697568963
60088.20099579993,1.001525586843854,1.0004270693829453,1.0004267923832308,1.0004270693829453,0.0010985174609086101
60088.201079552506,1.0012870629477821,1.0004267773223423,1.000426500136179,1.0004267773223423,0.0008602856254398272
60088.201163305086,0.9998703749822362,1.0004264853541724,1.0004262079820543,1.0004264853541724,-0.0005561103719362581
60088.20124705766,1.0007240823173151,1.0004261934784862,1.0004259159209055,1.0004261934784862,0.00029788883882897466
60088.20133081024,1.000364338477279,1.0004259016952313,1.0004256239526814,1.0004259016952313,-6.156321795236508e-05
60088.20141456281,1.0003733615693733,1.000425610004457,1.0004253320774301,1.000425610004457,-5.22484350837793e-05
60088.201498315386,1.0000345795662788,1.0004253184061367,1.0004250402951265,1.0004253184061367,-0.0003907388398578515
60088.20158206796,0.9999748533860909,1.00042502690027,1.0004247486057687,1.00042502690027,-0.00045017351417897533
60088.20166582053,1.0008891339044068,1.000424735486854,1.000424457009355,1.000424735486854,0.00046439841755274713
60088.20174957311,1.000517075197587,1.0004244441658638,1.0004241655058599,1.0004244441658638,9.26310317230783e-05
60088.20183332569,1.0013918177327563,1.0004241529373228,1.0004238740953064,1.0004241529373228,0.0009676647954335316
60088.20191707826,1.0004826596358924,1.00042386180128,1.0004235827777446,1.00042386180128,5.879783461248955e-05
60088.20200083084,0.999944396865787,1.000423570757633,1.0004232915530713,1.000423570757633,-0.00047917389184604087
60088.20208458341,1.0008870618951546,1.0004232798064567,1.000423000421362,1.0004232798064567,0.00046378208869790605
60088.202168335985,1.0008993654353162,1.0004229889477245,1.0004227093825897,1.0004229889477245,0.0004763764875916898
60088.202252088566,1.0006814457250097,1.0004226981814102,1.0004224184367276,1.0004226981814102,0.00025874754359955787
60088.202335841146,1.0002330268469868,1.0004224075075372,1.0004221275838001,1.0004224075075372,-0.00018938066055040892
60088.20241959372,1.0005743448567836,1.0004221169261296,1.0004218368238311,1.0004221169261296,0.0001522279306540586
60088.20250334629,1.0009279376540554,1.0004218264371612,1.0004215461567942,1.0004218264371612,0.0005061112168942561
60088.20258709886,1.0006443882586153,1.0004215360406559,1.000421255582713,1.0004215360406559,0.0002228522179594794
60088.20267085144,1.0007050916466744,1.0004212457365367,1.000420965101511,1.0004212457365367,0.00028384591013774774
60088.20275460402,1.0015993902130558,1.0004209555248527,1.000420674713237,1.0004209555248527,0.0011784346882031116
60088.20283835659,1.0010092853574206,1.0004206654056278,1.0004203844179151,1.0004206654056278,0.0005886199517928237
60088.20292210917,0.9998303436184223,1.0004203753788106,1.000420094215494,1.0004203753788106,-0.0005900317603882987
60088.203005861746,0.9999695074537507,1.0004200854444498,1.0004198041060226,1.0004200854444498,-0.0004505779906991414
60088.20308961431,1.0000572390373033,1.0004197956025451,1.0004195140894991,1.0004197956025451,-0.0003625565652418672
60088.20317336689,1.0008790762029156,1.0004195058530183,1.0004192241658472,1.0004195058530183,0.00045957034989729806
60088.203257119465,0.9999121473019057,1.0004192161959449,1.0004189343351415,1.0004192161959449,-0.0005070688940391754
60088.203340872045,1.0002979049590703,1.0004189266312726,1.0004186445973302,1.0004189266312726,-0.00012102167220229276
60088.203424624626,1.0005385862821186,1.0004186371590253,1.0004183549524368,1.0004186371590253,0.00011994912309321037
60088.20350837719,1.0011213458883113,1.0004183477792528,1.0004180654005106,1.0004183477792528,0.0007029981090584947
60088.203592129765,1.0004963397930444,1.0004180584918774,1.000417775941475,1.0004180584918774,7.828130116704912e-05
60088.203675882345,0.999945442189148,1.0004177692968983,1.0004174865753284,1.0004177692968983,-0.0004723271077502478
60088.20375963492,1.0004477320190537,1.0004174801943648,1.00041719730212,1.0004174801943648,3.02518246888539e-05
60088.2038433875,1.0007788480172815,1.0004171911842248,1.0004169081217986,1.0004171911842248,0.0003616568330566672
60088.20392714007,0.9999938501025242,1.0004169022665281,1.0004166190344133,1.0004169022665281,-0.0004230521640039564
60088.204010892645,1.0008218114698517,1.0004166134412473,1.000416330039937,1.0004166134412473,0.00040519802860439214
60088.20409464522,1.0006725772600462,1.0004163247083822,1.0004160411383687,1.0004163247083822,0.00025625255166406014
60088.20417839779,1.0003583946072119,1.0004160360679306,1.0004157523297075,1.0004160360679306,-5.76414607187381e-05
60088.20426215037,1.0003291261544807,1.0004157475198667,1.0004154636139269,1.0004157475198667,-8.662136538606369e-05
60088.204345902945,1.0006629379597298,1.0004154590642393,1.0004151749910755,1.0004154590642393,0.00024747889549048274
60088.204429655525,1.0003766985697093,1.0004151707009972,1.0004148864611024,1.0004151707009972,-3.847213128782556e-05
60088.2045134081,1.0007661371276384,1.0004148824301884,1.0004145980240562,1.0004148824301884,0.0003512546974500097
60088.20459716067,1.00071488547072,1.000414594251788,1.0004143096799105,1.000414594251788,0.00030029121893204724
60088.204680913244,1.0000999886425537,1.0004143061657935,1.000414021428664,1.0004143061657935,-0.00031431752323984874
60088.204764665825,1.0008439743186393,1.0004140181721792,1.000413733270291,1.0004140181721792,0.0004299561464600199
60088.2048484184,1.0006046537563735,1.000413730270994,1.0004134452048397,1.000413730270994,0.00019092348537963488
60088.20493217098,1.000109402972188,1.0004134424621862,1.0004131572322588,1.0004134424621862,-0.0003040394899982424
60088.205015923544,1.0004176609632731,1.0004131547458301,1.0004128693526226,1.0004131547458301,4.506217442967753e-06
60088.205099676125,1.0003890767607846,1.0004128671218238,1.0004125815658291,1.0004128671218238,-2.379036103916654e-05
60088.2051834287,1.0013924726365997,1.0004125795902414,1.0004122938719529,1.0004125795902414,0.00097989304635826
60088.20526718127,1.0008316937944712,1.0004122921510572,1.000412006270967,1.0004122921510572,0.0004194016434140302
60088.20535093385,1.0009331956038117,1.0004120048042437,1.0004117187628456,1.0004120048042437,0.0005211907995679166
60088.205434686424,1.000380711899706,1.0004117175498506,1.0004114313476373,1.0004117175498506,-3.10056501446887e-05
60088.205518439,1.0003139654182693,1.000411430387851,1.0004111440253156,1.000411430387851,-9.746496958173978e-05
60088.20560219158,1.000668641683332,1.0004111433182197,1.000410856795855,1.0004111433182197,0.0002574983651122409
60088.20568594414,1.0004389359798738,1.0004108563410292,1.0004105696593284,1.0004108563410292,2.8079638844547006e-05
60088.205769696724,1.0006743133630793,1.000410569456179,1.0004102826156354,1.000410569456179,0.0002637439069004266
60088.2058534493,1.000633358827668,1.0004102826637427,1.0004099956648487,1.0004102826637427,0.00022307616392525098
60088.20593720188,1.0004612370896961,1.0004099959636694,1.0004097088069177,1.0004099959636694,5.124112602672426e-05
60088.20602095444,0.9998659190449415,1.0004097093560318,1.0004094220419162,1.0004097093560318,-0.0005437903110903086
60088.206104707024,1.0006722112436748,1.0004094228407296,1.0004091353697424,1.0004094228407296,0.0002627884029451355
60088.2061884596,1.000240181237798,1.0004091364178365,1.0004088487904712,1.0004091364178365,-0.0001689551800385658
60088.20627221217,0.9997653100000105,1.000408850087326,1.0004085623040753,1.000408850087326,-0.0006435400873155972
60088.20635596475,1.0002752401780157,1.0004085638491715,1.0004082759105288,1.0004085638491715,-0.00013332367115581611
60088.20643971732,1.0008463219987112,1.0004082777034224,1.0004079896098803,1.0004082777034224,0.0004380442952887087
60088.206523469904,1.0007063533976286,1.0004079916500273,1.0004077034020789,1.0004079916500273,0.00029836174760133893
60088.20660722248,0.9997419850175351,1.0004077056890346,1.000407417287173,1.0004077056890346,-0.0006657206714995034
60088.20669097504,1.0009183845675065,1.0004074198204433,1.0004071312651612,1.0004074198204433,0.0005109647470631362
60088.20677472762,1.0004226653474666,1.0004071340441774,1.000406845335968,1.0004071340441774,1.5531303289240128e-05
60088.2068584802,1.0006105161132053,1.0004068483603097,1.0004065594996667,1.0004068483603097,0.0002036677528955977
60088.20694223278,0.9998756212956366,1.0004065627687904,1.0004062737562058,1.0004065627687904,-0.0005309414731538009
60088.20702598536,0.9999925574309209,1.000406277269642,1.0004059881056095,1.000406277269642,-0.0004137198387211827
60088.20710973792,0.9998709883470833,1.000405991862914,1.0004057025479263,1.000405991862914,-0.0005350035158306898
60088.207193490496,0.9996668929615864,1.00040570654853,1.0004054170830798,1.00040570654853,-0.0007388135869434986
60088.20727724307,1.0010879917111524,1.0004054213265132,1.0004051317110938,1.0004054213265132,0.0006825703846391473
60088.20736099565,1.0009216673495824,1.0004051361968382,1.0004048464319428,1.0004051361968382,0.0005165311527441929
60088.20744474822,1.000307175196865,1.0004048511595531,1.000404561245675,1.0004048511595531,-9.767596268805967e-05
60088.2075285008,1.0004413063491449,1.0004045662146073,1.0004042761522387,1.0004045662146073,3.674013453758285e-05
60088.207612253376,1.0014270328316377,1.000404281362049,1.0004039911516833,1.000404281362049,0.0010227514695886342
60088.20769600594,1.0002458146884792,1.0004039966018767,1.0004037062440072,1.0004039966018767,-0.00015818191339755927
60088.20777975852,1.0009788062405796,1.000403711934015,1.0004034214291344,1.000403711934015,0.0005750943065645497
60088.207863511096,1.000137192716655,1.000403427358537,1.0004031367071387,1.000403427358537,-0.00026623464188202384
60088.207947263676,0.9988644038639979,1.0004031428753923,1.0004028520779686,1.0004031428753923,-0.0015387390113944521
60088.20803101625,1.0004722608513088,1.0004028584846283,1.000402567541673,1.0004028584846283,6.940236668051547e-05
60088.20811476882,1.0004762477417513,1.0004025741862195,1.0004022830982253,1.0004025741862195,7.367355553178356e-05
60088.208198521395,1.000027876758537,1.0004022899801652,1.000401998747625,1.0004022899801652,-0.00037441322162812263
60088.20828227397,0.9998807788833888,1.000402005866463,1.0004017144898705,1.000402005866463,-0.0005212269830743299
60088.20836602655,1.000709031440806,1.000401721845088,1.0004014303249356,1.000401721845088,0.0003073095957180083
60088.20844977912,1.0008257166938201,1.0004014379160877,1.0004011462528684,1.0004014379160877,0.00042427877773243416
60088.2085335317,1.0002430480575886,1.0004011540794118,1.0004008622736187,1.0004011540794118,-0.0001581060218232011
60088.20861728427,1.0001340759967294,1.0004008703351328,1.0004005783872592,1.0004008703351328,-0.0002667943384033755
60088.20870103684,1.000319894933478,1.0004005866831756,1.0004002945937145,1.0004005866831756,-8.06917496976034e-05
60088.20878478942,1.0003909924395198,1.0004003031235393,1.0004000108929836,1.0004003031235393,-9.310684019547821e-06
60088.208868541995,1.0004934952866147,1.0004000196562717,1.0003997272851142,1.0004000196562717,9.347563034300954e-05
60088.208952294575,1.0008462263973852,1.0003997362813217,1.000399443770056,1.0003997362813217,0.00044649011606345823
60088.20903604715,1.0002564660068225,1.0003994529987383,1.0003991603478573,1.0003994529987383,-0.00014298699191583886
60088.20911979972,0.9986459866937678,1.000399169808495,1.0003988770184915,1.000399169808495,-0.0017531831147272747
60088.209203552295,1.0000551937235815,1.0003988867105909,1.0003985937819582,1.0003988867105909,-0.00034369298700931417
60088.20928730487,1.0001720862356687,1.0003986037050245,1.0003983106382552,1.0003986037050245,-0.00022651746935586914
60088.20937105744,1.0005748592909622,1.0003983207917946,1.0003980275873823,1.0003983207917946,0.00017653849916765552
60088.20945481002,1.0002019464001268,1.0003980379708755,1.000397744629313,1.0003980379708755,-0.00019609157074862438
60088.2095385626,1.0001157421111442,1.0003977552422905,1.0003974617640712,1.0003977552422905,-0.0002820131311462859
60088.20962231517,1.0004954600371792,1.0003974726060871,1.0003971789917039,1.0003974726060871,9.798743109201702e-05
60088.20970606775,1.0004130293161002,1.0003971900621667,1.0003968963121121,1.0003971900621667,1.583925393355834e-05
60088.209789820314,1.0005031200214467,1.0003969076106252,1.000396613725393,1.0003969076106252,0.00010621241082153787
60088.209873572894,1.0007490126991765,1.000396625251364,1.0003963312314472,1.000396625251364,0.00035238744781240783
60088.20995732547,1.0000945567666637,1.0003963429844556,1.000396048830347,1.0003963429844556,-0.0003017862177918662
60088.21004107805,1.0005398122878055,1.000396060809849,1.0003957665220415,1.000396060809849,0.00014375147795653298
60088.21012483061,1.0004540228512122,1.0003957787276168,1.0003954843066034,1.0003957787276168,5.824412359545228e-05
60088.210208583194,1.0005327364902792,1.0003954967376596,1.0003952021839342,1.0003954967376596,0.00013723975261958898
60088.21029233577,1.000771178731077,1.00039521484005,1.0003949201541051,1.00039521484005,0.0003759638910270091
60088.21037608834,1.0003133139088893,1.0003949330347621,1.0003946382170903,1.0003949330347621,-8.161912587278941e-05
60088.21045984092,1.0004528731560212,1.0003946513217699,1.0003943563728652,1.0003946513217699,5.8221834251304116e-05
60088.210543593494,0.999891032486034,1.0003943697011215,1.0003940746214766,1.0003943697011215,-0.0005033372150875515
60088.210627346074,1.0001006111635382,1.0003940881727662,1.0003937929628748,1.0003940881727662,-0.0002934770092279937
60088.21071109864,1.0003396942135478,1.0003938067367772,1.0003935113971314,1.0003938067367772,-5.41125232293993e-05
60088.21079485121,1.0011326395515503,1.0003935253930791,1.000393229924172,1.0003935253930791,0.0007391141584711658
60088.210878603786,1.0001497142598827,1.0003932441416952,1.0003929485440202,1.0003932441416952,-0.00024352988181242097
60088.21096235637,0.9999298003938485,1.0003929629825998,1.00039266725665,1.0003929629825998,-0.0004631625887513424
60088.21104610894,1.0010435184668023,1.0003926819158402,1.0003923860621091,1.0003926819158402,0.0006508365509620972
60088.21112986152,1.0002653873634693,1.0003924009413676,1.0003921049603475,1.0003924009413676,-0.00012701357789834944
60088.21121361409,1.0001029265452388,1.000392120059228,1.000391823951413,1.000392120059228,-0.00028919351398926096
60088.21129736666,1.0002959041299655,1.000391839269421,1.0003915430353032,1.000391839269421,-9.593513945560517e-05
60088.21138111924,1.000867036585404,1.0003915585718723,1.000391262211945,1.0003915585718723,0.0004754780135316494
60088.21146487181,1.000471264897611,1.0003912779666533,1.00039098148141,1.0003912779666533,7.99869309577872e-05
60088.21154862439,1.000286719686299,1.0003909974537144,1.0003907008436477,1.0003909974537144,-0.00010427776741539496
60088.211632376966,1.0003827986350018,1.000390717033103,1.0003904202987062,1.000390717033103,-7.918398101214308e-06
60088.21171612954,1.0001767063394442,1.0003904367047936,1.00039013984656,1.0003904367047936,-0.00021373036534932943
60088.211799882105,1.0004476770416029,1.000390156468809,1.0003898594872316,1.000390156468809,5.7520572793956504e-05
60088.211883634685,0.9997244425431031,1.0003898763250751,1.000389579220647,1.0003898763250751,-0.0006654337819720357
60088.21196738726,0.9996019281736713,1.0003895962736635,1.0003892990468781,1.0003895962736635,-0.0007876680999922003
60088.21205113984,1.0005345796667593,1.000389316314525,1.000389018965875,1.000389316314525,0.00014526335223430387
60088.21213489241,1.000118480630786,1.0003890364477062,1.0003887389776847,1.0003890364477062,-0.0002705558169202593
60088.212218644985,1.0000498319504205,1.0003887566731822,1.0003884590822822,1.0003887566731822,-0.00033892472276164654
60088.21230239755,1.0004044676041361,1.0003884769909754,1.00038817927969,1.0003884769909754,1.5990613160710154e-05
60088.21238615013,0.9999936862890417,1.000388197401012,1.000387899569835,1.000388197401012,-0.0003945111119703082
60088.212469902704,1.0007924794515972,1.0003879179033641,1.000387619952788,1.0003879179033641,0.00040456154823309554
60088.212553655285,0.999309471710551,1.0003876384979808,1.000387340428499,1.0003876384979808,-0.0010781667874298906
60088.212637407865,0.999968375601228,1.0003873591848862,1.000387060996992,1.0003873591848862,-0.00041898358365821675
60088.21272116043,1.0001424585687138,1.0003870799641272,1.0003867816583132,1.0003870799641272,-0.00024462139541348016
60088.212804913004,0.9997903473217834,1.0003868008356298,1.000386502412389,1.0003868008356298,-0.0005964535138464067
60088.21288866558,1.0000152437347294,1.0003865217994172,1.0003862232592426,1.0003865217994172,-0.0003712780646878411
60088.21297241816,1.0010158306830625,1.0003862428554633,1.000385944198849,1.0003862428554633,0.0006295878275992539
60088.21305617073,1.0002821026362465,1.000385964003816,1.0003856652312544,1.000385964003816,-0.00010386136756945774
60088.21313992331,1.0004185658602835,1.0003856852444253,1.0003853863564098,1.0003856852444253,3.288061585826618e-05
60088.21322367588,0.9994379258944971,1.0003854065773627,1.0003851075743866,1.0003854065773627,-0.0009474806828656535
60088.21330742846,1.0006351671469933,1.0003851280025302,1.000384828885086,1.0003851280025302,0.00025003914446308784
60088.21339118102,1.0003010535572154,1.0003848495200234,1.000384550288605,1.0003848495200234,-8.37959628079421e-05
60088.213474933604,0.9993663872651706,1.000384571129744,1.000384271784844,1.000384571129744,-0.0010181838645735297
60088.21355868618,0.9999686104754129,1.0003842928317634,1.0003839933738754,1.0003842928317634,-0.0004156823563505885
60088.21364243876,1.0002481178386449,1.0003840146260323,1.0003837150556492,1.0003840146260323,-0.00013589678738745725
60088.21372619132,1.0008566030344261,1.0003837365126222,1.0003834368302367,1.0003837365126222,0.0004728665218038941
60088.2138099439,1.0007491953502057,1.0003834584914346,1.0003831586975402,1.0003834584914346,0.00036573685877105966
60088.21389369647,0.9999592186839305,1.0003831805625651,1.0003828806576551,1.0003831805625651,-0.00042396187863469326
60088.21397744905,0.999762642240359,1.0003829027259157,1.0003826027104832,1.0003829027259157,-0.000620260485556634
60088.21406120162,1.000278066221841,1.0003826249815582,1.0003823248560961,1.0003826249815582,-0.00010455875971726591
60088.2141449542,1.000210564172311,1.0003823473294424,1.000382047094444,1.0003823473294424,-0.00017178315713151093
60088.21422870677,1.000555469178569,1.00038206976964,1.0003817694255983,1.00038206976964,0.00017339940892902028
60088.21431245935,1.0006177813509285,1.0003817923020528,1.0003814918494611,1.0003817923020528,0.0002359890488756733
60088.214396211915,1.0004802625026115,1.000381514926776,1.000381214366128,1.000381514926776,9.874757583538951e-05
60088.214479964496,1.0008994371146225,1.000381237643713,1.0003809369755008,1.000381237643713,0.0005181994709095861
60088.21456371707,1.00000290676536,1.0003809604529337,1.0003806596776508,1.0003809604529337,-0.0003780536875737095
60088.21464746965,1.0002285958548207,1.000380683354389,1.0003803824725288,1.000380683354389,-0.00015208749956818757
60088.214731222215,1.0003870325562103,1.0003804063481503,1.000380105360206,1.0003804063481503,6.626208060023231e-06
60088.214814974795,0.9999919189238167,1.0003801294341195,1.000379828340584,1.0003801294341195,-0.00038821051030279996
60088.21489872736,0.9997845577523057,1.000379852612392,1.0003795514137586,1.000379852612392,-0.0005952948600862484
60088.21498247994,0.9997318623949981,1.0003795758828704,1.000379274579632,1.0003795758828704,-0.0006477134878722923
60088.215066232515,1.0002995638893557,1.0003792992456249,1.0003789978382753,1.0003792992456249,-7.973535626915051e-05
60088.215149985095,1.0011577859550451,1.0003790227006073,1.0003787211896389,1.0003790227006073,0.0007787632544378198
60088.21523373767,0.9999023941269687,1.0003787462478637,1.0003784446337702,1.0003787462478637,-0.00047635212089502943
60088.21531749024,0.9999995230585758,1.0003784698873692,1.0003781681706436,1.0003784698873692,-0.0003789468287934694
60088.21540124281,1.0004802104969415,1.0003781936191465,1.0003778918002817,1.0003781936191465,0.00010201687779498592
60088.21548499539,1.0007249580689168,1.0003779174431222,1.0003776155226116,1.0003779174431222,0.0003470406257946035
60088.21556874796,1.0005428483211145,1.000377641359367,1.000377339337704,1.000377641359367,0.00016520696174748828
60088.21565250054,1.000054798427395,1.000377365367832,1.0003770632455098,1.000377365367832,-0.00032256694043697465
60088.215736253114,1.000632227580618,1.000377089468564,1.0003767872460751,1.000377089468564,0.00025513811205413184
60088.21582000569,1.0005596012555633,1.0003768136615374,1.0003765113393754,1.0003768136615374,0.0001827875940259016
60088.21590375825,1.0000640504359855,1.000376537946775,1.0003762355254333,1.000376537946775,-0.00031248751078960524
60088.215987510834,1.0001620447907653,1.000376262324204,1.0003759598041755,1.000376262324204,-0.00021421753343875416
60088.21607126341,1.0003081783786643,1.0003759867938946,1.0003756841756728,1.0003759867938946,-6.780841523035264e-05
60088.21615501599,1.0005084528911616,1.0003757113557985,1.0003754086398762,1.0003757113557985,0.0001327415353631345
60088.21623876856,1.0004000428906676,1.0003754360099613,1.0003751331968318,1.0003754360099613,2.4606880706379286e-05
60088.21632252113,1.0001548758155079,1.0003751607563585,1.000374857846515,1.0003751607563585,-0.00022028494085057915
60088.2164062737,1.0011289257302713,1.000374885595013,1.0003745825889487,1.000374885595013,0.0007540401352583714
60088.21649002628,1.0003273481487853,1.0003746105258509,1.0003743074240592,1.0003746105258509,-4.726237706553782e-05
60088.21657377885,1.0003800942286303,1.0003743355489436,1.0003740323519175,1.0003743355489436,5.75867968666266e-06
60088.21665753143,1.00006635070206,1.0003740606642417,1.0003737573724745,1.0003740606642417,-0.00030770996218176805
60088.216741284006,1.0002665644347963,1.0003737858717918,1.0003734824857766,1.0003737858717918,-0.00010722143699548603
60088.21682503657,1.00010478342836,1.0003735111715928,1.0003732076918228,1.0003735111715928,-0.00026872774323272175
60088.216908789145,0.9996901050864213,1.0003732365635953,1.0003729329905637,1.0003732365635953,-0.000683131477174026
60088.21699254172,1.0006891405225073,1.0003729620478228,1.0003726583820225,1.0003729620478228,0.0003161784746845697
60088.2170762943,1.0004734368604802,1.0003726876242494,1.000372383866174,1.0003726876242494,0.00010074923623082377
60088.21716004687,1.0002830866558983,1.0003724132929217,1.0003721094430642,1.0003724132929217,-8.932663702343469e-05
60088.21724379945,1.0011762805986553,1.0003721390537912,1.000371835112645,1.0003721390537912,0.0008041415448640787
60088.21732755202,1.000600647143064,1.0003718649069278,1.000371560874986,1.0003718649069278,0.00022878223613620463
60088.21741130459,1.0004270211560913,1.000371590852259,1.0003712867300147,1.000371590852259,5.543030383226011e-05
60088.217495057164,1.000242996382917,1.0003713168898072,1.000371012677754,1.0003713168898072,-0.00012832050689026708
60088.217578809745,0.9999387236810161,1.0003710430195476,1.0003707387181784,1.0003710430195476,-0.00043231933853149496
60088.21766256232,1.0009263206535215,1.000370769241527,1.0003704648513345,1.000370769241527,0.0005555514119945926
60088.2177463149,1.0010652574936123,1.0003704955556951,1.0003701910771734,1.0003704955556951,0.0006947619379171766
60088.217830067464,1.001579652650317,1.0003702219621236,1.0003699173957656,1.0003702219621236,0.001209430688193347
60088.217913820044,1.0007293112534605,1.0003699484607158,1.0003696438070144,1.0003699484607158,0.00035936279274473293
60088.21799757261,1.0002704303781098,1.000369675051565,1.000369370311014,1.000369675051565,-9.924467345512333e-05
60088.21808132519,0.9999558353683289,1.0003694017345752,1.0003690969076675,1.0003694017345752,-0.0004135663662463429
60088.218165077764,1.0006710759205866,1.0003691285098164,1.0003688235970454,1.0003691285098164,0.00030194741077016474
60088.21824883034,0.9999455771782634,1.000368855377264,1.0003685503791226,1.000368855377264,-0.0004232781990006762
60088.21833258291,1.000454852095966,1.0003685823369168,1.0003682772538984,1.0003685823369168,8.626975904912904e-05
60088.21841633548,1.0012425047197016,1.000368309388773,1.0003680042213707,1.000368309388773,0.0008741953309285844
60088.218500088056,0.9999404271584242,1.0003680365328318,1.0003677312815389,1.0003680365328318,-0.000427609374407556
60088.21858384063,1.0009225453139856,1.0003677637690915,1.0003674584344013,1.0003677637690915,0.0005547815448940785
60088.21866759321,1.0004721922117723,1.000367491097528,1.0003671856799339,1.000367491097528,0.00010470111424432105
60088.21875134578,1.0007020411474927,1.000367218518187,1.0003669130181818,1.000367218518187,0.00033482262930562
60088.218835098356,1.000613206851128,1.0003669460310434,1.0003666404491207,1.0003669460310434,0.0002462608200846095
60088.21891885093,1.0009465442909136,1.0003666736360965,1.0003663679727492,1.0003666736360965,0.0005798706548170163
60088.2190026035,1.0010894613492947,1.0003664013333446,1.000366095589066,1.0003664013333446,0.0007230600159500167
60088.219086356075,1.0004455180957539,1.0003661291227868,1.0003658232980706,1.0003661291227868,7.938897296710934e-05
60088.21917010865,1.000320341110725,1.0003658570044216,1.0003655510997607,1.0003658570044216,-4.5515893696501664e-05
60088.21925386123,1.000612202994126,1.0003655849782245,1.0003652789941118,1.0003655849782245,0.0002466180159015341
60088.2193376138,1.0001270741508268,1.0003653130442411,1.0003650069811705,1.0003653130442411,-0.00023823889341434423
60088.219421366375,1.000429320099388,1.0003650412024467,1.0003647350609113,1.0003650412024467,6.427889694116118e-05
60088.21950511894,1.0008647439059966,1.0003647694528643,1.0003644632333566,1.0003647694528643,0.0004999744531322126
60088.21958887152,1.0004769911039813,1.000364497795421,1.000364191498435,1.000364497795421,0.00011249330856033524
60088.219672624095,0.9999206486439979,1.0003642262301868,1.0003639198562158,1.0003642262301868,-0.00044357758618895904
60088.219756376675,0.9999446765097718,1.0003639547571135,1.0003636483066503,1.0003639547571135,-0.0004192782473416701
60088.21984012925,1.0002277632412235,1.0003636833762464,1.0003633768497844,1.0003636833762464,-0.00013592013502283784
60088.21992388182,0.9999183640590367,1.0003634120875613,1.000363105485594,1.0003634120875613,-0.00044504802852463055
60088.22000763439,1.0007276149875381,1.0003631408910805,1.0003628342141007,1.0003631408910805,0.0003644740964576787
60088.22009138696,1.0003803783975955,1.0003628697867553,1.0003625630352568,1.0003628697867553,1.750861084026667e-05
60088.22017513954,1.0008854963466425,1.0003625987745848,1.0003622919490605,1.0003625987745848,0.0005228975720577012
60088.22025889211,1.0000346193207397,1.0003623278546148,1.0003620209555582,1.0003623278546148,-0.0003277085338750929
60088.220342644694,1.0005579288229312,1.000362057026797,1.000361750054701,1.000362057026797,0.0001958717961341172
60088.22042639726,0.9999686374319708,1.0003617862912006,1.0003614792465587,1.0003617862912006,-0.00039314885922980825
60088.22051014983,1.0006630625485102,1.0003615156477543,1.00036120853106,1.0003615156477543,0.0003015469007559002
60088.220593902406,0.9998186278794473,1.0003612450964803,1.000360937908226,1.0003612450964803,-0.0005426172170329702
60088.22067765498,1.0003146691476028,1.0003609746373767,1.0003606673780565,1.0003609746373767,-4.6305489773912356e-05
60088.22076140756,1.000271659731531,1.0003607042704195,1.0003603969405264,1.0003607042704195,-8.904453888836095e-05
60088.22084516013,1.000383645468594,1.000360433995654,1.0003601265956814,1.000360433995654,2.321147293993242e-05
60088.220928912706,1.0000345126858936,1.0003601638130561,1.000359856343497,1.0003601638130561,-0.00032565112716254063
60088.22101266527,0.9998699791598984,1.0003598937226472,1.0003595861839953,1.0003598937226472,-0.0004899145627488277
60088.22109641785,1.0001665591000695,1.0003596237243566,1.000359316117105,1.0003596237243566,-0.00019306462428714255
60088.221180170425,1.0002084182397868,1.0003593538182531,1.0003590461428946,1.0003593538182531,-0.00015093557846634909
60088.221263923,1.0000476827115203,1.0003590840043117,1.0003587762613404,1.0003590840043117,-0.00031140129279139117
60088.22134767558,0.9998802492955464,1.0003588142825084,1.000358506472417,1.0003588142825084,-0.00047856498696197125
60088.221431428145,1.0004102632409775,1.0003585446529117,1.0003582367761934,1.0003585446529117,5.1718588065741145e-05
60088.22151518072,1.0000262022436628,1.0003582751154503,1.0003579671725988,1.0003582751154503,-0.0003320728717874921
60088.22159893329,1.0004398535378463,1.0003580056701467,1.000357697661655,1.0003580056701467,8.184786769960262e-05
60088.22168268587,1.0008312198930518,1.0003577363169758,1.0003574282433374,1.0003577363169758,0.000473483576076017
60088.221766438444,1.0002416197141903,1.0003574670559836,1.0003571589176916,1.0003574670559836,-0.00011584734179326261
60088.22185019102,1.0010521082371955,1.000357197887145,1.000356889684693,1.000357197887145,0.0006949103500504261
60088.22193394359,0.9999583872394621,1.0003569288104597,1.0003566205443402,1.0003569288104597,-0.00039854157099761256
60088.222017696164,1.0003631150731243,1.0003566598259255,1.0003563514966325,1.0003566598259255,6.455247198777769e-06
60088.22210144874,0.9996513142833192,1.0003563909335413,1.000356082541568,1.0003563909335413,-0.0007050766502221251
60088.22218520131,1.0010461566487152,1.0003561221333066,1.0003558136791462,1.0003561221333066,0.0006900345154086107
60088.22226895389,0.9993123764068564,1.0003558534251964,1.0003555449093422,1.0003558534251964,-0.0010434770183399555
60088.22235270646,1.0000135153579741,1.000355584809256,1.0003552762322017,1.000355584809256,-0.00034206945128190114
60088.22243645903,1.0005149954834776,1.0003553162854848,1.0003550076477228,1.0003553162854848,0.00015967919799275698
60088.22252021161,0.9998178442096026,1.0003550478538106,1.000354739155835,1.0003550478538106,-0.0005372036442079509
60088.222603964176,1.000179886970773,1.0003547795143264,1.0003544707566303,1.0003547795143264,-0.00017489254355340655
60088.222687716756,1.0000876773874554,1.0003545112669372,1.0003542024500138,1.0003545112669372,-0.00026683387948178705
60088.22277146933,0.9998409405494865,1.0003542431117123,1.0003539342360548,1.0003542431117123,-0.0005133025622258147
60088.2228552219,1.0002479279640384,1.0003539750486266,1.0003536661147285,1.0003539750486266,-0.0001060470845881678
60088.222938974475,1.0001544279664059,1.000353707077679,1.0003533980860335,1.000353707077679,-0.00019927911127304299
60088.22302272705,1.0000610052533365,1.0003534391988687,1.0003531301499688,1.0003534391988687,-0.0002924339455321334
60088.22310647962,1.0003070554857967,1.0003531714121936,1.0003528623065334,1.0003531714121936,-4.611592639691686e-05
60088.223190232195,1.0000075508466109,1.0003529037176537,1.0003525945557261,1.0003529037176537,-0.00034535287104286994
60088.223273984775,0.9992126175553241,1.000352636115224,1.0003523268975216,1.000352636115224,-0.0011400185598998691
60088.22335773735,1.00006578764101,1.000352368604949,1.0003520593319666,1.000352368604949,-0.00028658096393896493
60088.22344148992,1.001117576868217,1.0003521011868055,1.0003517918590352,1.0003521011868055,0.0007654756814114982
60088.223525242494,0.999908133823703,1.0003518338607915,1.000351524478727,1.0003518338607915,-0.00044370003708849026
60088.22360899506,1.0003347090618002,1.0003515666269294,1.0003512571910642,1.0003515666269294,-1.6857565129146934e-05
60088.22369274764,1.0002328462682444,1.0003512994851482,1.0003509899959755,1.0003512994851482,-0.00011845321690384658
60088.223776500214,1.001321501404743,1.0003510324355163,1.0003507228935293,1.0003510324355163,0.000970468969226701
60088.22386025279,1.0004455320060162,1.0003507654780093,1.0003504558837015,1.0003507654780093,9.476652800688434e-05
60088.22394400537,1.000353066896897,1.0003504986126026,1.0003501889664677,1.0003504986126026,2.5682842943464124e-06
60088.22402775793,1.0005982768001622,1.0003502318393653,1.0003499221418957,1.0003502318393653,0.0002480449607968893
60088.224111510506,0.9999288790394888,1.0003499651582257,1.0003496554099156,1.0003499651582257,-0.00042108611873692414
60088.22419526308,1.0006981579502954,1.0003496985692066,1.000349388770549,1.0003496985692066,0.0003484593810887393
60088.22427901565,1.0005635004317228,1.0003494320723063,1.000349122223794,1.0003494320723063,0.00021406835941650826
60088.22436276823,1.0009091109708839,1.0003491656675003,1.0003488557696274,1.0003491656675003,0.0005599453033835466
60088.224446520806,1.000656744707744,1.0003488993548342,1.000348589408094,1.0003488993548342,0.00030784535290973025
60088.22453027338,0.9999469415537355,1.0003486331342832,1.0003483231391688,1.0003486331342832,-0.0004016915805477028
60088.224614025945,0.999954835879743,1.0003483670058695,1.000348056962874,1.0003483670058695,-0.00039353112612650065
60088.22469777852,0.9998771543474335,1.0003481009695459,1.0003477908791625,1.0003481009695459,-0.00047094662211233373
60088.2247815311,1.0001043820477744,1.0003478350253103,1.0003475248880331,1.0003478350253103,-0.00024345297753591844
60088.22486528367,1.0006638111820123,1.0003475691732087,1.0003472589895301,1.0003475691732087,0.0003162420088036466
60088.22494903625,0.9998905177364514,1.000347303413193,1.000346993183607,1.000347303413193,-0.00045678567674145576
60088.22503278882,0.9999456711793592,1.0003470377453316,1.000346727470332,1.0003470377453316,-0.0004013665659724497
60088.22511654138,1.0007120119306332,1.000346772169577,1.0003464618496563,1.000346772169577,0.00036523976105629075
60088.225200293964,1.00016495801984,1.0003465066858819,1.0003461963215339,1.0003465066858819,-0.00018154866604191966
60088.22528404654,1.0003904750716428,1.0003462412943147,1.0003459308860325,1.0003462412943147,4.4233777328095414e-05
60088.22536779911,1.00012087906757,1.0003459759948505,1.0003456655431275,1.0003459759948505,-0.00022509692728056585
60088.22545155169,1.000582767898864,1.0003457107874656,1.000345400292795,1.0003457107874656,0.00023705711139831998
60088.22553530426,1.000135689299644,1.0003454456722272,1.0003451351351027,1.0003454456722272,-0.0002097563725831364
60088.22561905683,1.0010459727406984,1.0003451806490655,1.0003448700699806,1.0003451806490655,0.0007007920916328736
60088.2257028094,1.0012505197095227,1.0003449157180029,1.0003446050974503,1.0003449157180029,0.0009056039915198433
60088.225786561976,0.9999611568245622,1.0003446508790368,1.0003443402175103,1.0003446508790368,-0.00038349405447457574
60088.225870314556,1.000258018755391,1.0003443861321437,1.0003440754301367,1.0003443861321437,-8.63673767526052e-05
60088.22595406713,0.999831467489908,1.0003441214773687,1.0003438107353746,1.0003441214773687,-0.0005126539874606983
60088.226037819695,1.000117343292869,1.0003438569147105,1.0003435461332222,1.0003438569147105,-0.00022651362184156199
60088.226121572276,1.0002171330301093,1.0003435924440989,1.0003432816236102,1.0003435924440989,-0.00012645941398958804
60088.22620532484,1.0007377628715282,1.0003433280656242,1.0003430172066283,1.0003433280656242,0.00039443480590395374
60088.22628907742,1.0000768827723627,1.000343063779194,1.000342752882184,1.000343063779194,-0.00026618100683117873
60088.226372829995,1.0002168140523526,1.000342799584875,1.000342488650345,1.000342799584875,-0.00012598553252241018
60088.22645658257,1.000883468740794,1.0003425354826438,1.0003422245110867,1.0003425354826438,0.0005409332581500781
60088.22654033514,1.0004150133676561,1.0003422714724997,1.0003419604644086,1.0003422714724997,7.274189515649176e-05
60088.226624087714,1.0003488456149174,1.00034200755444,1.0003416965103091,1.00034200755444,6.8380604774098686e-06
60088.22670784028,1.0002188891706494,1.000341743728488,1.0003414326488098,1.000341743728488,-0.00012285455783866972
60088.22679159286,1.0000515488964572,1.0003414799945725,1.000341168879841,1.0003414799945725,-0.0002899310981152592
60088.226875345434,1.0003082798978487,1.0003412163527616,1.0003409052034702,1.0003412163527616,-3.2936454912979585e-05
60088.226959098014,1.0004267468381323,1.000340952803009,1.00034064161965,1.000340952803009,8.579403512332107e-05
60088.22704285058,1.000227042829183,1.0003406893453803,1.0003403781284486,1.0003406893453803,-0.0001136465161972744
60088.22712660315,1.000124484960216,1.0003404259798079,1.000340114729796,1.0003404259798079,-0.00021594101959188094
60088.227210355726,0.9999040714477528,1.0003401627063115,1.000339851423713,1.0003401627063115,-0.0004360912585587018
60088.2272941083,1.000346013614166,1.000339899524891,1.0003395882101993,1.000339899524891,6.114089274866785e-06
60088.22737786087,1.0005492331140817,1.0003396364355452,1.0003393250892536,1.0003396364355452,0.00020959667853648334
60088.22746161345,1.0002091670101634,1.00033937343825,1.0003390620608517,1.00033937343825,-0.00013020642808658778
60088.22754536602,1.0003536548810181,1.0003391105330723,1.000338799125061,1.0003391105330723,1.4544347945788516e-05
60088.2276291186,1.0003933329668677,1.00033884771992,1.000338536281789,1.00033884771992,5.4485246947733046e-05
60088.227712871165,0.999708149782586,1.0003385849988828,1.0003382735311255,1.0003385849988828,-0.0006304352162967986
60088.22779662374,1.0004417095537186,1.0003383223698912,1.0003380108730011,1.0003383223698912,0.00010338718382740808
60088.22788037632,0.9999442149942567,1.0003380598329445,1.000337748307415,1.0003380598329445,-0.00039384483868787346
60088.22796412889,1.0001073076687463,1.0003377973880863,1.0003374858344107,1.0003377973880863,-0.00023048971933992135
60088.228047881465,0.9999591719761295,1.0003375350352932,1.0003372234539647,1.0003375350352932,-0.00037836305916372215
60088.22813163404,1.0000751944110908,1.000337272774564,1.0003369611660762,1.000337272774564,-0.0002620783634732504
60088.2282153866,1.0003898430518232,1.0003370106059197,1.000336698970766,1.0003370106059197,5.283244590348346e-05
60088.22829913918,1.0001523155055472,1.0003367485293144,1.0003364368679883,1.0003367485293144,-0.0001844330237672498
60088.22838289176,1.0002360583483343,1.000336486544746,1.000336174857741,1.000336486544746,-0.00010042819641165046
60088.22846664433,0.9995169741998615,1.0003362246522594,1.0003359129400686,1.0003362246522594,-0.000819250452397835
60088.2285503969,1.000164158403799,1.0003359628518307,1.0003356511149477,1.0003359628518307,-0.00017180444803166495
60088.22863414948,1.0004445983175079,1.0003357011434586,1.0003353893823768,1.0003357011434586,0.00010889717404927168
60088.22871790204,1.0002964116891329,1.0003354395271646,1.000335127742377,1.0003354395271646,-3.9027838031779893e-05
60088.228801654615,1.0003146466985966,1.000335178002902,1.0003348661949025,1.000335178002902,-2.0531304305348996e-05
60088.228885407196,1.0001664515098796,1.0003349165706694,1.0003346047399515,1.0003349165706694,-0.00016846506078982415
60088.22896915977,1.0004221537425755,1.0003346552305115,1.0003343433775684,1.0003346552305115,8.749851206402148e-05
60088.22905291235,1.0004016219447192,1.0003343939823814,1.0003340821077065,1.0003343939823814,6.722796233771255e-05
60088.229136664915,1.0004906348402325,1.0003341328263462,1.000333820930433,1.0003341328263462,0.00015650201388628382
60088.22922041748,1.0010095034986783,1.000333871762359,1.0003335598457008,1.000333871762359,0.0006756317363192377
60088.22930417006,1.0004562793380951,1.0003336107903738,1.000333298853464,1.0003336107903738,0.0001226685477213607
60088.229387922634,1.000122966869972,1.0003333499104567,1.000333037953789,1.0003333499104567,-0.00021038304048470735
60088.22947167521,1.0008147481649712,1.0003330891225846,1.000332777146652,1.0003330891225846,0.0004816590423866174
60088.22955542779,1.0006950774938954,1.000332828426733,1.0003325164320291,1.000332828426733,0.00036224906716242344
60088.229639180354,0.9993171720888483,1.0003325678229686,1.0003322558099874,1.0003325678229686,-0.0010153957341203501
60088.22972293292,0.9998140225202942,1.0003323073112462,1.00033199528048,1.0003323073112462,-0.0005182847909520616
60088.2298066855,1.000520186193546,1.0003320468915176,1.0003317348434606,1.0003320468915176,0.00018813930202843387
60088.22989043807,1.0000799527623954,1.0003317865638504,1.0003314744989962,1.0003317865638504,-0.00025183380145499257
60088.229974190646,1.0000014364405003,1.000331526328221,1.0003312142470624,1.000331526328221,-0.00033008988772076364
60088.23005794323,0.9993455397337805,1.0003312661846049,1.0003309540876357,1.0003312661846049,-0.000985726450824398
60088.23014169579,1.0004280282873979,1.0003310061330692,1.0003306940207828,1.0003310061330692,9.702215432860761e-05
60088.23022544836,1.0006132469659006,1.0003307461735673,1.0003304340464574,1.0003307461735673,0.0002825007923332734
60088.23030920094,0.9999396118918906,1.0003304863060531,1.000330174164613,1.0003304863060531,-0.0003908744141625231
60088.23039295351,1.000392445044517,1.0003302265305933,1.000329914375316,1.0003302265305933,6.221851392362865e-05
60088.230476706085,1.0005428962841334,1.000329966847163,1.000329654678543,1.000329966847163,0.00021292943697037714
60088.230560458665,1.0004170484822374,1.0003297072557402,1.0003293950742693,1.0003297072557402,8.734122649722842e-05
60088.23064421123,1.0001585141660088,1.0003294477563898,1.000329135562563,1.0003294477563898,-0.00017093359038100608
60088.230727963804,1.0005947726234752,1.000329188349044,1.000328876143354,1.000329188349044,0.0002655842744312409
60088.23081171638,0.9997747792993695,1.0003289290337236,1.0003286168166639,1.0003289290337236,-0.0005541497343540813
60088.23089546895,1.0009332384612109,1.0003286698104277,1.000328357582492,1.0003286698104277,0.0006045686507831771
60088.230979221524,0.9997362871690753,1.000328410679155,1.0003280984408365,1.000328410679155,-0.0005921235100797562
60088.231062974104,0.9994615498239372,1.0003281516398816,1.0003278393916737,1.0003281516398816,-0.0008666018159444455
60088.23114672667,0.9996432181696119,1.0003278926926744,1.0003275804350704,1.0003278926926744,-0.000684674523062534
60088.23123047924,1.0003379322268784,1.000327633837464,1.000327321570958,1.000327633837464,1.0298389414353792e-05
60088.231314231816,0.9999769801674891,1.0003273750742723,1.000327062799357,1.0003273750742723,-0.0003503949067831247
60088.23139798439,0.9995812661859115,1.0003271164030976,1.0003268041202673,1.0003271164030976,-0.0007458502171860948
60088.23148173696,1.00080719994862,1.000326857823939,1.000326545533687,1.000326857823939,0.00048034212468106574
60088.231565489536,1.0004146999148966,1.0003265993367956,1.0003262870396143,1.0003265993367956,8.810057810104688e-05
60088.23164924211,1.0003187357803516,1.0003263409416656,1.0003260286380498,1.0003263409416656,-7.6051613140393215e-06
60088.23173299468,1.0001817820475656,1.0003260826385483,1.000325770328991,1.0003260826385483,-0.00014430059098269332
60088.23181674725,1.0015056828320046,1.0003258244274646,1.0003255121124588,1.0003258244274646,0.0011798584045399352
60088.23190049983,1.0014915183954562,1.0003255663083461,1.0003252539883858,1.0003255663083461,0.0011659520871101225
60088.2319842524,1.0009733604959854,1.0003253082812593,1.0003249959568377,1.0003253082812593,0.0006480522147260803
60088.232068004974,1.0004359693143312,1.00032505034618,1.0003247380177906,1.00032505034618,0.00011091896815118574
60088.232151757555,1.0005770159680283,1.0003247925030851,1.0003244801712217,1.0003247925030851,0.0002522234649431354
60088.23223551012,1.0007696679432945,1.00032453475204,1.000324222417196,1.00032453475204,0.0004451331912544987
60088.232319262686,0.9991472435273376,1.0003242770929996,1.000323964755668,1.0003242770929996,-0.0011770335656620112
60088.23240301527,1.0007271108398175,1.000324019525917,1.000323707186592,1.000324019525917,0.00040309131390037223
60088.23248676784,1.0004247994522422,1.000323762050859,1.0003234497100335,1.000323762050859,0.00010103740138323047
60088.23257052041,1.0000251997855334,1.0003235046678016,1.000323192325969,1.0003235046678016,-0.00029830488226822993
60088.23265427299,1.0005912458848,1.000323247376721,1.0003229350343754,1.000323247376721,0.00026799850807912584
60088.23273802556,1.000597763153156,1.0003229901776838,1.000322677835318,1.0003229901776838,0.0002747729754721817
60088.232821778125,1.0006540771520935,1.0003227330706432,1.0003224207287515,1.0003227330706432,0.00033134408145030214
60088.2329055307,1.0002054550869879,1.000322476055577,1.000322163714652,1.000322476055577,-0.00011702096858901001
60088.23298928328,1.0009120032417758,1.0003222191324825,1.0003219067930182,1.0003222191324825,0.0005897841092932232
60088.23307303585,1.0002806663792105,1.000321962301404,1.000321649963894,1.000321962301404,-4.129592219337397e-05
60088.233156788425,1.0002117916003415,1.0003217055623181,1.0003213932272557,1.0003217055623181,-0.00010991396197668202
60088.233240541,0.999974004616012,1.0003214489152232,1.000321136583102,1.0003214489152232,-0.0003474442992111859
60088.233324293564,1.0000493160218213,1.0003211923601407,1.000320880031454,1.0003211923601407,-0.00027187633831937674
60088.23340804614,0.999879829672646,1.0003209358970246,1.000320623572266,1.0003209358970246,-0.0004411062243786512
60088.23349179872,0.9999156144893337,1.0003206795258741,1.0003203672055367,1.0003206795258741,-0.0004050650365403641
60088.23357555129,1.0004977375750375,1.0003204232467322,1.0003201109313102,1.0003204232467322,0.00017731432830525584
60088.23365930386,0.9997515461293719,1.0003201670595754,1.000319854749562,1.0003201670595754,-0.0005686209302034895
60088.23374305643,1.0004227750954922,1.0003199109644254,1.000319598660314,1.0003199109644254,0.00010286413106674885
60088.233826809,1.000571851090626,1.0003196549612356,1.0003193426635197,1.0003196549612356,0.00025219612939042513
60088.233910561576,1.000563150951905,1.0003193990500279,1.000319086759201,1.0003193990500279,0.0002437519018771983
60088.23399431415,1.0002512549238607,1.0003191432308005,1.0003188309473563,1.0003191432308005,-6.788830693982284e-05
60088.23407806673,1.001161977649904,1.0003188875035305,1.0003185752279624,1.0003188875035305,0.0008430901463734042
60088.2341618193,1.0004859371322297,1.0003186318682606,1.0003183196010623,1.0003186318682606,0.0001673052639690198
60088.23424557187,1.001044125791342,1.0003183763249899,1.000318064066655,1.0003183763249899,0.0007257494663521769
60088.234329324434,1.0006177465968562,1.0003181208736955,1.0003178086247166,1.0003181208736955,0.00029962572316066804
60088.234413077014,0.999894742426933,1.0003178655143308,1.0003175532752022,1.0003178655143308,-0.00042312308739778093
60088.23449682959,1.000116817134196,1.000317610246962,1.0003172980181771,1.000317610246962,-0.00020079311276588463
60088.23458058216,0.9995739216567793,1.0003173550715656,1.0003170428536179,1.0003173550715656,-0.000743433414786332
60088.23466433474,0.9999495329824672,1.0003170999881181,1.0003167877815011,1.0003170999881181,-0.00036756700565088174
60088.23474808731,0.9999893802091143,1.0003168449966848,1.000316532801892,1.0003168449966848,-0.00032746478757050834
60088.23483183988,1.0008285034435196,1.0003165900971982,1.0003162779147232,1.0003165900971982,0.000511913346321391
60088.234915592446,1.0004056952558371,1.0003163352897013,1.0003160231200374,1.0003163352897013,8.935996613579356e-05
60088.234999345026,1.0000052991110833,1.0003160805741265,1.0003157684177673,1.0003160805741265,-0.0003107814630431971
60088.2350830976,1.0001903390011873,1.0003158259505387,1.000315513807978,1.0003158259505387,-0.00012548694935143878
60088.23516685017,1.0000604883590054,1.0003155714189154,1.0003152592906466,1.0003155714189154,-0.00025508305990995517
60088.235250602746,1.0002935730168245,1.000315316979255,1.0003150048657714,1.000315316979255,-2.174396243037613e-05
60088.23533435532,1.0007907206337283,1.0003150626315558,1.000314750533351,1.0003150626315558,0.00047565800217252985
60088.235418107884,1.0003090238928734,1.0003148083758393,1.0003144962934072,1.0003148083758393,-5.784482965953686e-06
60088.23550186046,1.000597800181071,1.0003145542120604,1.0003142421458942,1.0003145542120604,0.000283245969010526
60088.23558561304,1.0008973353895692,1.0003143001402175,1.0003139880908105,1.0003143001402175,0.00058303524935166
60088.23566936561,1.00042440235844,1.0003140461603532,1.0003137341281998,1.0003140461603532,0.00011035619808685837
60088.23575311818,0.9999308515597676,1.0003137922724674,1.0003134802580602,1.0003137922724674,-0.00038294071269984187
60088.23583687076,1.0001471512880202,1.0003135384764914,1.000313226480325,1.0003135384764914,-0.00016638718847117318
60088.23592062332,1.0006177209971063,1.0003132847725136,1.0003129727950804,1.0003132847725136,0.0003044362245927523
60088.236004375896,1.000837807025768,1.0003130311604658,1.0003127192022598,1.0003130311604658,0.0005247758653021961
60088.23608812847,1.0004654638135235,1.000312777640369,1.0003124657018838,1.000312777640369,0.0001526861731544482
60088.23617188105,1.0005295833701477,1.0003125242122002,1.000312212293929,1.0003125242122002,0.00021705915794756336
60088.236255633616,1.0003082429176913,1.000312270876024,1.000311958978461,1.000312270876024,-4.027958332653014e-06
60088.23633938619,1.0006729617967793,1.0003120176317735,1.0003117057554116,1.0003120176317735,0.000360944165005872
60088.236423138755,1.0001024756970307,1.0003117644794912,1.0003114526248247,1.0003117644794912,-0.00020928878246051497
60088.236506891335,1.0003447061929218,1.0003115114191103,1.0003111995866325,1.0003115114191103,3.319477381147351e-05
60088.23659064391,0.9999138699686576,1.0003112584506955,1.0003109466408993,1.0003112584506955,-0.0003973884820378526
60088.23667439648,1.0004995537926877,1.0003110055742235,1.000310693787603,1.0003110055742235,0.0001885482184642573
60088.236758149054,1.0007930459752927,1.000310752789693,1.0003104410267418,1.000310752789693,0.00048229318559966927
60088.23684190163,0.9996768087072998,1.000310500097103,1.0003101883583148,1.000310500097103,-0.0006336913898032925
60088.23692565419,1.0010026753181458,1.000310247496475,1.0003099357823424,1.000310247496475,0.0006924278216708935
60088.23700940677,0.9997583237371147,1.0003099949877623,1.0003096832987801,1.0003099949877623,-0.0005516712506475896
60088.23709315935,1.0004388721851425,1.0003097425709648,1.000309430907626,1.0003097425709648,0.00012912961417765878
60088.23717691192,1.0005038175186514,1.0003094902461258,1.0003091786089235,1.0003094902461258,0.00019432727252555182
60088.23726066449,1.0003629616059335,1.0003092380132206,1.0003089264026492,1.0003092380132206,5.3723592712939805e-05
60088.23734441706,1.0006252127244404,1.0003089858722714,1.0003086742888236,1.0003089858722714,0.00031622685216903257
60088.23742816963,1.0010350565195767,1.0003087338232322,1.0003084222674024,1.0003087338232322,0.000726322696344539
60088.237511922205,0.9993326118103729,1.000308481866124,1.0003081703384058,1.000308481866124,-0.0009758700557511713
60088.23759567478,1.0005659229318962,1.000308230000946,1.0003079185018324,1.000308230000946,0.00025769293095012635
60088.23767942735,1.000504549716512,1.000307978227697,1.0003076667576816,1.000307978227697,0.00019657148881502273
60088.23776317993,1.0001802941205686,1.0003077265463536,1.00030741510593,1.0003077265463536,-0.00012743242578494574
60088.2378469325,1.0005650143709195,1.00030747495698,1.000307163546642,1.00030747495698,0.0002575394139394671
60088.23793068506,0.9995801323665028,1.0003072234595323,1.0003069120797734,1.0003072234595323,-0.000727091093029486
60088.23801443764,1.0004128064216136,1.000306972053986,1.0003066607053002,1.000306972053986,0.00010583436762745535
60088.23809819022,1.0002474838801478,1.0003067207403415,1.0003064094232215,1.0003067207403415,-5.9236860193712104e-05
60088.23818194279,1.0002136988169124,1.0003064695186406,1.0003061582335804,1.0003064695186406,-9.277070172819535e-05
60088.23826569536,0.9998437676347216,1.0003062183888598,1.0003059071363531,1.0003062183888598,-0.00046245075413819947
60088.23834944793,1.000294250050829,1.0003059673510206,1.0003056561315609,1.0003059673510206,-1.1717300191671498e-05
60088.2384332005,1.0012257613689028,1.0003057164050773,1.0003054052191587,1.0003057164050773,0.0009200449638255837
60088.238516953075,1.000203077428192,1.0003054655510515,1.000305154399167,1.0003054655510515,-0.00010238812285945365
60088.23860070565,1.0002879777990648,1.0003052147889415,1.0003049036715848,1.0003052147889415,-1.7236989876767694e-05
60088.23868445822,0.9996865680682836,1.0003049641187467,1.0003046530364108,1.0003049641187467,-0.0006183960504630992
60088.2387682108,1.0006845266078275,1.0003047135404433,1.0003044024936225,1.0003047135404433,0.00037981306738421594
60088.23885196337,1.0002775298553626,1.0003044630540956,1.0003041520432834,1.0003044630540956,-2.693319873303679e-05
60088.23893571594,1.0005295197698914,1.0003042126596378,1.0003039016853277,1.0003042126596378,0.00022530711025359196
60088.23901946851,1.0007311863442494,1.000303962357111,1.0003036514197972,1.000303962357111,0.00042722398713834764
60088.23910322108,0.9995747994641022,1.0003037121464722,1.0003034012466474,1.0003037121464722,-0.0007289126823699643
60088.23918697366,1.0002647502463102,1.000303462027719,1.000303151165877,1.000303462027719,-3.871178140868459e-05
60088.23927072623,1.0009677546190279,1.0003032120008941,1.0003029011775288,1.0003032120008941,0.0006645426181337566
60088.2393544788,0.9997757823211368,1.0003029620659967,1.000302651281601,1.0003029620659967,-0.0005271797448598292
60088.23943823137,1.000382282990929,1.000302712222981,1.0003024014780497,1.000302712222981,7.957076794795626e-05
60088.239521983945,1.0002305806126306,1.000302462471869,1.0003021517668949,1.000302462471869,-7.188185923845403e-05
60088.23960573652,1.0009045485361197,1.0003022128126586,1.0003019021481352,1.0003022128126586,0.0006023357234610227
60088.23968948909,0.9993661956837088,1.000301963245349,1.0003016526217703,1.000301963245349,-0.0009357675616401551
60088.239773241665,1.0004566326398676,1.0003017137699388,1.0003014031877986,1.0003017137699388,0.00015491886992879955
60088.23985699424,1.0003730268287712,1.000301464386427,1.0003011538462183,1.000301464386427,7.15624423441863e-05
60088.23994074681,1.0002494034315668,1.0003012150948125,1.0003009045970293,1.0003012150948125,-5.181166324574882e-05
60088.24002449938,1.0002797383007467,1.0003009658951154,1.0003006554402514,1.0003009658951154,-2.122759436873345e-05
60088.24010825195,0.9995977338792729,1.000300716787292,1.0003004063758403,1.000300716787292,-0.0007029829080190675
60088.24019200452,1.00035754047679,1.0003004677713618,1.0003001574038166,1.0003004677713618,5.707270542809617e-05
60088.2402757571,1.000072025085901,1.000300218847303,1.0002999085241577,1.000300218847303,-0.00022819376140192915
60088.24035950967,1.0000564263262377,1.0002999700151787,1.0002996597369265,1.0002999700151787,-0.00024354368894097256
60088.24044326224,1.000300636016787,1.0002997212749227,1.000299411042058,1.0002997212749227,9.147418642552196e-07
60088.24052701481,1.000706545503247,1.0002994726265777,1.0002991624395934,1.0002994726265777,0.00040707287666919
60088.24061076739,1.0002371777387629,1.0002992240700772,1.0002989139294676,1.0002992240700772,-6.204633131434711e-05
60088.24069451996,1.000156991579131,1.0002989756054848,1.0002986655117432,1.0002989756054848,-0.0001419840263536809
60088.240778272535,1.0002414247135802,1.0002987272327781,1.0002984171863982,1.0002987272327781,-5.73025191978882e-05
60088.24086202511,1.0001604400260657,1.000298478951956,1.0002981689534312,1.000298478951956,-0.00013803892589026034
60088.240945777674,1.0002201789232001,1.0002982307630384,1.0002979208128624,1.0002982307630384,-7.805183983822239e-05
60088.24102953025,1.0006265995895982,1.0002979826659812,1.000297672764648,1.0002979826659812,0.0003286169236169645
60088.24111328282,0.9996722678768156,1.0002977346608055,1.000297424808808,1.0002977346608055,-0.000625466783989892
60088.24119703539,0.9999542000838589,1.000297486747509,1.0002971769453413,1.000297486747509,-0.00034328666365002203
60088.24128078797,1.0004735990549625,1.0002972389260913,1.0002969291742467,1.0002972389260913,0.0001763601288711225
60088.24136454055,1.0002651564509981,1.000296991196529,1.0002966814955019,1.000296991196529,-3.1834745530812114e-05
60088.24144829311,1.0018017329162228,1.0002967435588868,1.0002964339091702,1.0002967435588868,0.0015049893573360063
60088.24153204568,0.9998459963045356,1.0002964960131189,1.0002961864152067,1.0002964960131189,-0.00045049970858324073
60088.24161579825,1.0003298430012895,1.0002962485592035,1.0002959390135893,1.0002962485592035,3.359444208594908e-05
60088.241699550825,1.0000429868409715,1.000296001197161,1.0002956917043389,1.000296001197161,-0.0002530143561896292
60088.241783303405,1.001038362408859,1.0002957539269688,1.0002954444874312,1.0002957539269688,0.0007426084818902279
60088.24186705598,1.0000336127729206,1.0002955067486683,1.0002951973629097,1.0002955067486683,-0.0002618939757477179
60088.241950808544,0.9996877876855131,1.0002952596622583,1.0002949503307728,1.0002952596622583,-0.0006074719767451553
60088.24203456111,1.0006406912714334,1.0002950126677168,1.000294703390997,1.0002950126677168,0.00034567860371659265
60088.24211831368,1.0010055404364306,1.0002947657650205,1.0002944565435608,1.0002947657650205,0.0007107746714101193
60088.24220206626,1.000577209607188,1.0002945189541688,1.0002942097884624,1.0002945189541688,0.00028269065301933516
60088.24228581884,0.9998807425362307,1.0002942722352028,1.0002939631257435,1.0002942722352028,-0.000413529698972126
60088.24236957141,0.9995903477793046,1.0002940256081003,1.0002937165553818,1.0002940256081003,-0.0007036778287957679
60088.242453323975,1.0001915995965809,1.0002937790728819,1.0002934700773976,1.0002937790728819,-0.00010217947630097868
60088.24253707654,1.0003994052469058,1.0002935326295241,1.000293223691768,1.0002935326295241,0.00010587261738170817
60088.24262082912,1.0001655300652401,1.0002932862779839,1.0002929773984497,1.0002932862779839,-0.00012775621274374593
60088.242704581695,1.0008529345822206,1.0002930400183236,1.0002927311975045,1.0002930400183236,0.0005598945638969344
60088.24278833427,1.0001769183794333,1.0002927938505208,1.0002924850889114,1.0002927938505208,-0.00011587547108748986
60088.24287208684,1.0001615982093588,1.000292547774575,1.000292239072668,1.000292547774575,-0.0001309495652161985
60088.24295583941,1.0005670818465096,1.0002907523516968,1.0002901863925764,1.0002923017905054,0.0002763294948127104
60088.24303959198,1.000355142643032,1.0002813534289936,1.0002805727907491,1.0002920558982689,7.378921403833338e-05
60088.24312334455,1.0007040685466704,1.0002677343230155,1.0002668209857275,1.0002918100978853,0.0004363342236548551
60088.243207097126,1.0002059374773118,1.0002511212684182,1.0002501091351321,1.0002915643893533,-4.51837911064068e-05
60088.2432908497,1.0006913812523057,1.0002321222478232,1.000231032214394,1.0002913187726725,0.0004592590044825151
60088.24337460227,0.9992219168180647,1.0002111317423457,1.0002099788555296,1.000291073247841,-0.0009892149242809456
60088.243458354846,1.0002384903246613,1.0001884385510442,1.0001872346310143,1.000290827814858,5.005177361705471e-05
60088.24354210742,1.0002606938669274,1.0001642698112567,1.0001630246835111,1.0002905824737216,9.642405567067414e-05
60088.243625859985,1.0002376599854412,1.0001388129997306,1.000137535165608,1.0002903372244534,9.884698571061001e-05
60088.24370961256,0.9996386846855381,1.0001122283797574,1.000110925419861,1.000290092067008,-0.00047354369421936937
60088.24379336513,0.9996932219820057,1.0000846567068615,1.0000833355426144,1.000289847001407,-0.0003914347248558103
60088.24387711771,1.0001020926671318,1.0000562242873765,1.000054891360939,1.000289602027627,4.5868379755287236e-05
60088.24396087028,1.0003246335270501,1.0000270465116459,1.0000257079160904,1.0002893571457308,0.000297587015404277
60088.24404462285,0.9994250005604998,0.9999972303787191,0.9999958919565591,1.0002891123556537,-0.0005722298182193608
60088.244128375416,0.9997109648175397,0.9999668764432587,0.9999655438642886,1.000288867657437,-0.0002559116257189187
60088.24421212799,1.0003273307530551,0.9999360802886198,0.9999347591140311,1.000288623051037,0.0003912504644353332
60088.24429588056,1.000039293692125,0.9999049337519011,0.9999036294893953,1.000288378536474,0.00013435994022381603
60088.24437963314,1.0000205470168508,0.9998735259178102,0.9998722440710262,1.000288134113725,0.00014702109904063398
60088.24446338571,0.9996932695207403,0.9998419440058685,0.9998406901207023,1.0002878897828533,-0.00014867448512811965
60088.24454713828,0.999006787449668,0.9998102741248319,0.9998090538347507,1.0002876455437935,-0.0008034866751639447
60088.24463089085,0.9997692908222817,0.9997786020327323,0.9997774211049444,1.000287401396587,-9.311210450557716e-06
60088.24471464342,0.9994507590801998,0.9997470138220259,0.9997458782064295,1.0002871573411904,-0.00029625474182615186
60088.244798396,0.9997871510302623,0.9997155966555887,0.99971451253855,1.0002869133776024,7.155437467354364e-05
60088.244882148574,0.9994064914648504,0.9996844395262758,0.999683413391665,1.0002866695058643,-0.00027794806142544815
60088.24496590115,1.0006722119921545,0.9996536340776501,0.9996526727782868,1.000286425725954,0.0010185779145044371
60088.24504965371,0.9987905316634338,0.9996232755689834,0.9996223864125678,1.000286182037891,-0.0008327439055496599
60088.24513340628,0.9999889955124706,0.9995934639885842,0.9995926548439211,1.0002859384416534,0.00039553152388638324
60088.24521715885,0.9995559073316289,0.9995643054329014,0.9995635848647483,1.0002856949372188,-8.39810127251095e-06
60088.24530091143,0.9996655606844247,0.9995359138440665,0.9995352912891459,1.0002854515245856,0.00012964684035821072
60088.245384664006,0.9998063106433892,0.9995084132784007,0.9995078992822087,1.0002852082037954,0.0002978973649885308
60088.24546841658,0.9996711346724819,0.9994819409625473,0.9994815475091596,1.000284964974826,0.00018919370993464302
60088.245552169145,0.9996313965026018,0.9994566516281024,0.9994563926183058,1.0002847218376973,0.00017474487449942178
60088.24563592171,0.9997483866469008,0.9994327238823666,0.9994326158621575,1.0002844787923864,0.00031566276453420805
60088.24571967428,0.9992883280877376,0.9994103701851339,0.9994104335279707,1.000284235838872,-0.00012204209739630212
60088.245803426864,0.9994912191680864,0.9993898536382791,0.9993901146334098,1.0002839929771525,0.00010136552980721802
60088.24588717944,0.9991519341364639,0.9993715193042287,0.9993720143212461,1.0002837502072683,-0.00021958516776487969
60088.24597093201,0.9991760023896489,0.9993558624361667,0.9993566479909316,1.000283507529199,-0.00017986004651782128
60088.246054684576,0.9994274025914651,0.9993437245276976,0.9993449126122681,1.0002832649429623,8.367806376752274e-05
60088.24613843714,0.9994673802884086,0.9993376929955288,0.999339743123906,1.0002830224485375,0.00012968729287987646
60088.246222189715,0.9994757201298189,0.9993373111983003,0.9993393609732883,1.0002827800459015,0.00013840893151861877
60088.246305942295,0.9989095262091655,0.9993369297476723,0.9993389791705815,1.0002825377350537,-0.0004274035385067876
60088.24638969487,0.999794888870185,0.9993365486437125,0.9993385977158525,1.0002822955160349,0.00045834022647250894
60088.24647344744,0.9991236543832553,0.9993361678863886,0.9993382166090702,1.0002820533888228,-0.00021251350313322703
60088.24655720001,0.9997868624616952,0.999335787475735,0.9993378358502683,1.0002818113534375,0.0004510749859601981
60088.24664095257,0.9992343963345943,0.9993354074117193,0.9993374554394149,1.0002815694098564,-0.00010101107712501278
60088.246724705146,0.9991222467211949,0.999335027694311,0.9993370753764783,1.0002813275580582,-0.00021278097311616673
60088.24680845773,0.9996632132811923,0.9993346483235098,0.9993366956614596,1.0002810857980406,0.00032856495768252003
60088.2468922103,0.9990371956573794,0.9993342692993837,0.9993363162944263,1.0002808441298454,-0.00029707364200437514
60088.24697596287,0.9992459599402441,0.9993338906219005,0.999335937275346,1.0002806025534496,-8.793068165635631e-05
60088.24705971544,0.9986875870570419,0.9993335122910944,0.9993355586042534,1.000280361068874,-0.0006459252340524912
60088.247143468005,0.9989961731788386,0.9993331343069336,0.9993351802811163,1.0002801196760958,-0.00033696112809500356
60088.24722722058,0.999505165715179,0.9993327566693863,0.9993348023059032,1.0002798783750928,0.00017240904579274297
60088.24731097315,0.9992535061176736,0.999332379378487,0.999334424678648,1.0002796371658855,-7.887326081335022e-05
60088.24739472573,0.9993463578007339,0.9993320024342035,0.999334047399319,1.0002793960484513,1.4355366530383051e-05
60088.247478478304,0.9996522204449376,0.9993316258366024,0.9993336704679832,1.0002791550228307,0.0003205946083352229
60088.24756223087,0.999221442604821,0.9993312495856855,0.9993332938846412,1.0002789140890234,-0.00010980698086449081
60088.24764598344,0.9993395884229287,0.9993308736813877,0.9993329176492292,1.0002786732469853,8.714741540960524e-06
60088.24772973601,0.9987760110587557,0.9993304981237761,0.9993325417618136,1.000278432496758,-0.0005544870650203704
60088.24781348858,0.9991626346273487,0.9993301229127859,0.99933216622233,1.000278191838298,-0.00016748828543722283
60088.247897241155,0.9988476424203836,0.9993297480484512,0.9993317910308124,1.000277951271625,-0.00048210562806760837
60088.247980993736,0.9992441210825082,0.999329373530741,0.999331416187229,1.0002777107967178,-8.525244823287537e-05
60088.2480647463,0.9996691611185476,0.9993289993597532,0.9993310416916789,1.0002774704136368,0.0003401617587944772
60088.248148498875,0.9993089762720526,0.9993286255353917,0.9993306675440656,1.0002772301223188,-1.9649263339083234e-05
60088.24823225144,0.9991977417263497,0.9993282520577228,0.9993302937444548,1.0002769899228046,-0.00013051033137312373
60088.248316004014,0.999262002574033,0.9993278789266824,0.9993299202927831,1.0002767498150509,-6.587635264942993e-05
60088.24839975659,0.9989167589896597,0.9993275061423038,0.9993295471890843,1.0002765097990773,-0.00041074715264410866
60088.24848350916,0.9999310107029565,0.9993271337045888,0.9993291744333586,1.0002762698748833,0.000603876998367725
60088.24856726173,0.999235475913027,0.9993267616135373,0.9993288020256076,1.0002760300424667,-9.128570051031293e-05
60088.248651014306,0.998666793221865,0.999326389869152,0.9993284299658327,1.0002757903018278,-0.0006595966472869863
60088.24873476687,0.9988994268910417,0.999326018471465,0.9993280582540669,1.0002755506529852,-0.0004265915804232412
60088.248818519445,1.0001528249322844,0.9993256474204129,0.9993276868902463,1.0002753110958962,0.0008271775118715574
60088.24890227202,0.9995526371008745,0.9993252767160297,0.999327315874405,1.0002750716305808,0.00022736038484483245
60088.24898602459,0.9995554424721449,0.9993249063583155,0.9993269452065436,1.0002748322570376,0.00023053611382939376
60088.24906977716,0.9996373507044063,0.9993245363473044,0.9993265748866957,1.0002745929752865,0.0003128143571018427
60088.24915352974,0.9997791326493239,0.9993241666829005,0.9993262049147656,1.0002743537852636,0.00045496596642347065
60088.2492372823,0.9990543104846886,0.9993237973652339,0.9993258352908826,1.0002741146870515,-0.0002694868805452888
60088.24932103488,0.9997397008495779,0.9993234283942088,0.9993254660149521,1.0002738756805865,0.0004162724553690156
60088.24940478745,0.9992938341416131,0.9993230597698582,0.9993250970870066,1.0002736367658875,-2.9225628245144186e-05
60088.24948854002,0.999611134430603,0.9993226914921838,0.999324728507048,1.0002733979429546,0.0002884429384192311
60088.249572292596,0.9989813533481047,0.9993223235611858,0.9993243602750762,1.0002731592117855,-0.0003409702130811043
60088.24965604516,0.9993457300768864,0.9993219559768977,0.999323992391125,1.0002729205724004,2.3774099988771447e-05
60088.24973979773,0.9998384443885985,0.9993215887392884,0.9993236248551632,1.0002726820247774,0.0005168556493100329
60088.24982355031,0.999494522100743,0.9993212218482956,0.9993232576671278,1.0002724435688741,0.00017330025244732816
60088.24990730288,0.9998228534596808,0.9993208553040153,0.9993228908271161,1.000272205204751,0.0005019981556655395
60088.249991055454,0.999278066926774,0.9993204891064164,0.9993225243350964,1.000271966932386,-4.242217964234296e-05
60088.25007480803,0.9992517682912444,0.999320123255501,0.9993221581910706,1.0002717287517793,-6.83549642566117e-05
60088.25015856059,0.9994799207298131,0.9993197577513008,0.9993217923950709,1.000271490662949,0.00016016297851229044
60088.25024231316,0.9987863866166259,0.9993193925937855,0.9993214269470665,1.0002712526658741,-0.0005330059771596618
60088.25032606573,0.9990907624824074,0.9993190277829243,0.999321061847027,1.0002710147605323,-0.00022826530051689442
60088.250409818305,0.9993584097316403,0.9993186633187502,0.9993206970949847,1.0002707769469437,3.9746412890062643e-05
60088.25049357088,0.9991751501678032,0.9993182992012636,0.9993203326909411,1.0002705392251066,-0.00014314903346035468
60088.25057732346,0.9994453152547528,0.9993179354304343,0.999319968634865,1.0002703015949996,0.00012737982431842987
60088.250661076025,0.9993965956639658,0.999317572006358,0.9993196049268526,1.0002700640566833,7.902365760781294e-05
60088.25074482859,0.9989657440479611,0.9993172089289722,0.9993192415668417,1.0002698266101153,-0.00035146488101112094
60088.250828581164,0.9993129920107375,0.9993168461982466,0.9993188785548013,1.0002695892552738,-3.8541875090336575e-06
60088.25091233374,0.9992892740824487,0.9993164838142136,0.9993185158907644,1.0002693519921781,-2.7209731764843426e-05
60088.25099608631,0.9991253329254056,0.9993161217768742,0.9993181535747315,1.0002691148208278,-0.00019078885146861513
60088.25107983888,0.9986488409100062,0.9993157600862291,0.9993177916067041,1.0002688777412208,-0.0006669191762229687
60088.25116359145,0.9993234230125465,0.999315398742311,0.9993174299867142,1.000268640753377,8.024270235496012e-06
60088.251247344015,0.9986246413684748,0.999315037745089,0.9993170687147311,1.0002684038572747,-0.0006903963766141663
60088.251331096595,0.9994303197750752,0.9993146770945021,0.9993167077906934,1.0002681670528717,0.00011564268057318028
60088.25141484917,0.9997410456955064,0.9993143167906445,0.999316347214696,1.0002679303402284,0.00042672890486183945
60088.25149860174,0.9991751368371433,0.9993139568334859,0.9993159869867086,1.000267693719323,-0.00013881999634257625
60088.251582354314,0.9992774679264586,0.999313597223028,0.9993156271067322,1.0002674571901549,-3.6129296569487046e-05
60088.25166610688,0.9990248721998075,0.9993132379593019,0.9993152675747986,1.0002672207527428,-0.00028836575949442445
60088.251749859446,0.9989736112235489,0.9993128790422777,0.9993149083908774,1.000266984407065,-0.00033926781872883893
60088.25183361202,0.999159723341602,0.9993125204719251,0.9993145495549386,1.0002667481531007,-0.00015279713032312348
60088.25191736459,0.9996014889738807,0.9993121622482762,0.9993141910670148,1.0002665119908682,0.00028932672560444406
60088.252001117165,0.9991825668092995,0.9993118043713323,0.9993138329271061,1.0002662759203675,-0.00012923756203275794
60088.25208486974,0.9991993205660421,0.9993114468410936,0.9993134751352135,1.0002660399415966,-0.00011212627505152728
60088.25216862231,0.9988709929393748,0.9993110896575612,0.9993131176913386,1.0002658040545545,-0.0004400967181864557
60088.252252374885,0.9998543736096769,0.9993107328207362,0.999312760595481,1.0002655682592403,0.0005436407889406469
60088.25233612745,0.9995727743651387,0.9993103763306508,0.999312403847674,1.0002653325556734,0.00026239803448790955
60088.252419880024,0.9988243014916761,0.9993100201872428,0.9993120474478557,1.0002650969438112,-0.0004857186955666837
60088.2525036326,0.9991606988117091,0.9993096643905449,0.9993116913960579,1.0002648614236733,-0.00014896557883581352
60088.25258738517,0.9989105668105716,0.999309308940558,0.9993113356922824,1.000264625995259,-0.0003987421299864735
60088.252671137736,0.9997640780919399,0.9993089538373134,0.9993109803365596,1.000264390658587,0.00045512425462646
60088.25275489031,0.9991568276143502,0.9993085990807508,0.9993106253288295,1.0002641554136158,-0.00015177146640055206
60088.252838642875,0.998763774580271,0.9993082446709318,0.9993102706691547,1.0002639202603845,-0.0005444700906608313
60088.25292239545,0.9993153144883169,0.9993078906077967,0.9993099163574737,1.0002636851988518,7.423880520218695e-06
60088.25300614803,0.9990817294552091,0.9993075368913454,0.999309562393788,1.0002634502290157,-0.00022580743613631604
60088.2530899006,0.9988755293165992,0.9993071835216412,0.9993092087781598,1.0002632153509168,-0.0004316542050419869
60088.25317365317,0.9995869299044462,0.9993068304986843,0.99930885551059,1.0002629805645535,0.0002800994057619022
60088.25325740574,0.9988740388940611,0.9993064778224143,0.9993085025910179,1.000262745869884,-0.0004324389283532071
60088.253341158306,0.9993671856944745,0.9993061254928934,0.9993081500195059,1.000262511266948,6.106020158103131e-05
60088.25342491088,0.9994429064792687,0.999305773510061,0.9993077977959931,1.0002622767557032,0.00013713296920769835
60088.25350866345,0.9989717928620916,0.9993054218739489,0.9993074459205117,1.0002620423361697,-0.0003336290118572949
60088.253592416026,0.9991596985991784,0.9993050705845571,0.9993070943930615,1.000261808008345,-0.0001453719853786728
60088.2536761686,0.9993462628780438,0.9993047196418873,0.9993067432136443,1.0002615737722291,4.154323615657152e-05
60088.253759921165,0.9991029952077188,0.9993043690459703,0.9993063923822908,1.0002613396278408,-0.00020137383825147293
60088.25384367373,0.9984649355896612,0.9993040187967768,0.9993060418989718,1.000261105575159,-0.0008390832071155652
60088.2539274263,0.9990254826047431,0.9993036688942765,0.9993056917636569,1.0002608716141614,-0.00027818628953335534
60088.254011178884,0.99838135932792,0.9993033193384715,0.9993053419763478,1.0002606377448482,-0.000921960010551448
60088.25409493146,0.9994720656908163,0.9993029701294219,0.9993049925371053,1.0002604039672576,0.0001690955613943279
60088.25417868403,0.9994968859864818,0.9993026212670987,0.9993046434459005,1.0002601702813683,0.00019426471938310819
60088.254262436596,0.9992886495453097,0.9993022727515335,0.9993042947027643,1.0002599366872005,-1.3623206223778439e-05
60088.25434618916,0.9988553293334012,0.999301924582696,0.9993039463076668,1.0002597031847318,-0.0004465952492948011
60088.254429941735,0.9993720752280136,0.999301576760557,0.9993035982605787,1.000259469773941,7.049846745665889e-05
60088.25451369431,0.9987861630589396,0.9993012292851475,0.9993032505615316,1.0002592364548475,-0.0005150662262078942
60088.25459744688,0.9987955516401394,0.9993008821564684,0.9993029032105252,1.0002590032274499,-0.0005053305163289501
60088.254681199454,0.9992738527825069,0.9993005353745203,0.9993025562075614,1.0002587700917471,-2.6682592013438367e-05
60088.25476495202,0.9994437756742212,0.9993001889393339,0.9993022095526702,1.0002585370477581,0.0001435867348872355
60088.254848704586,1.0001804735340147,0.9992998428508804,0.9993018632458227,1.000258304095462,0.0008806306831343758
60088.25493245716,0.9987107929573361,0.9992994971091302,0.9993015172869891,1.0002580712348372,-0.0005887041517941283
60088.25501620973,0.9990834314287567,0.9992991517141137,0.999301171676201,1.0002578384659024,-0.00021572028535699062
60088.255099962305,0.999219183555917,0.9992988066658316,0.9993008264134589,1.0002576057886565,-7.962310991460608e-05
60088.25518371488,0.9991911348965605,0.999298461964286,0.9993004814987628,1.0002573732030995,-0.00010732706772542677
60088.25526746745,0.9989991054663819,0.9992981176094763,0.9993001369321144,1.000257140709229,-0.0002990121430943571
60088.25535122002,0.9996464740598855,0.9992977736014332,0.9992997927135441,1.0002569083070645,0.0003487004584522557
60088.25543497259,0.9992836102344543,0.9992974299400981,0.9992994488429922,1.0002566759965645,-1.3819705643736135e-05
60088.255518725164,0.9996633285956034,0.9992970866255013,0.9992991053204899,1.000256443777748,0.0003662419701020436
60088.25560247774,0.9989512808335326,0.9992967436576436,0.9992987621460382,1.000256211650614,-0.00034546282411107576
60088.25568623031,0.9988797999199285,0.9992964010365258,0.999298419319637,1.000255979615161,-0.0004166011165973593
60088.255769982876,0.99901122433886,0.9992960587621786,0.9992980768413174,1.000255747671409,-0.00028483442331861397
60088.25585373544,0.9995880156322688,0.999295716834572,0.99929773471105,1.0002555158193351,0.00029229879769687717
60088.255937488015,0.9991525504647403,0.9992953752536778,0.9992973929288059,1.0002552840589194,-0.00014282478893756778
60088.25602124059,0.9992628019697741,0.9992950340195267,0.9992970514946159,1.0002550523901808,-3.2232049752556335e-05
60088.25610499316,0.9994135017333377,0.9992946931321183,0.9992967104084794,1.0002548208131172,0.00011880860121937786
60088.256188745734,0.998936298523737,0.999294352591454,0.999296369670399,1.0002545893277284,-0.00035805406771705073
60088.2562724983,0.9996552030692227,0.9992940123975641,0.9992960292804034,1.000254357934033,0.00036119067165862884
60088.25635625087,0.9994585036754906,0.9992936725503899,0.9992956892384348,1.00025412663199,0.00016483112510068398
60088.25644000344,0.9988442174778472,0.999293333049991,0.9992953495445527,1.0002538954216378,-0.00044911557214377673
60088.25652375601,0.9997137432754533,0.9992929938963093,0.9992950101986993,1.0002536643029356,0.0004207493791439365
60088.256607508585,0.9993915660241453,0.9992926550893753,0.9992946712009039,1.0002534332759025,9.891093476999124e-05
60088.256691261166,0.999172125577286,0.9992923166291592,0.9992943325511389,1.0002532023405166,-0.00012019105187321966
60088.25677501373,0.9985644152385305,0.9992919785157512,0.9992939942494922,1.0002529714968382,-0.0007275632772207885
60088.256858766305,0.9988101050940588,0.9992916407490625,0.9992936562958761,1.0002527407448045,-0.00048153565500375084
60088.25694251887,0.9991669671794275,0.9992913033291535,0.9992933186903509,1.0002525100844555,-0.00012433614972595652
60088.25702627144,0.999200897204879,0.999290966255965,0.9992929814328577,1.0002522795157494,-9.006905108599472e-05
60088.25711002402,0.9994148614802498,0.9992906295295283,0.9992926445234276,1.0002520490387055,0.0001242319507215317
60088.25719377659,0.9991041558037264,0.9992902931498431,0.9992923079620598,1.0002518186533225,-0.0001861373461167215
60088.257277529156,0.9991660383280443,0.9992899571169401,0.9992919717487851,1.00025158835962,-0.00012391878889583818
60088.25736128173,0.9989457983174813,0.9992896214307605,0.9992916358835456,1.0002513581575556,-0.0003438231132791847
60088.257445034295,0.9989685732641622,0.9992892860913635,0.9992913003663998,1.0002511280471686,-0.0003207128272012527
60088.25752878687,1.000077390504719,0.9992889510986921,0.9992909651972907,1.0002508980284186,0.0007884394060270195
60088.25761253944,0.9992063286921063,0.9992886164527751,0.9992906303762479,1.0002506681013235,-8.228776066876442e-05
60088.257696292014,0.9995503377179251,0.9992882821536139,0.9992902959032716,1.0002504382658828,0.00026205556431124766
60088.25778004459,0.9992241377951296,0.9992879482012088,0.9992899617783623,1.0002502085220952,-6.381040607916777e-05
60088.25786379715,0.9993009696977618,0.9992876145955895,0.9992896280015502,1.0002499788699797,1.3355102172374345e-05
60088.25794754972,0.9992877375187778,0.9992872813367268,0.9992892945728068,1.0002497493095144,4.56182050911913e-07
60088.25803130229,0.9996247683302515,0.9992869484245933,0.9992889614921032,1.0002495198406793,0.00033781990565817654
60088.258115054865,0.9986393853283279,0.9992866158592181,0.9992886287594697,1.0002492904634925,-0.0006472305308902193
60088.25819880744,0.9991175210296775,0.9992862836406026,0.999288296374906,1.0002490611779538,-0.00016876261092502176
60088.25828256001,0.9990743129291924,0.9992859517687461,0.9992879643384138,1.000248831984061,-0.00021163883955377383
60088.25836631258,0.9990104020743309,0.9992856202436787,0.9992876326500212,1.0002486028818334,-0.00027521816934783505
60088.25845006514,0.9994880184952049,0.9992852890653716,0.9992873013097011,1.0002483738712495,0.00020272942983323716
60088.258533817716,0.9998429230768514,0.9992849582337974,0.9992869703174247,1.000248144952289,0.0005579648430540374
60088.25861757029,0.9992053524084465,0.9992846277489851,0.9992866396732214,1.0002479161249704,-7.927534053853158e-05
60088.25870132286,0.9989366320738121,0.9992842976109345,0.9992863093770916,1.000247687389292,-0.0003476655371223991
60088.258785075435,0.9995975877606752,0.9992839678196473,0.9992859794290364,1.0002474587452537,0.00031361994102785395
60088.258868828,0.9993435331127646,0.9992836383751522,0.9992856498290843,1.0002472301928735,5.989473761236486e-05
60088.258952580574,0.9992124823252161,0.9992833092773925,0.9992853205771793,1.000247001732111,-7.08269521764171e-05
60088.25903633315,0.9997041975537155,0.9992829805263974,0.9992849916733499,1.0002467733629847,0.0004212170273181215
60088.25912008572,0.9992288836192338,0.9992826521221672,0.9992846631175967,1.0002465450854934,-5.376850293337121e-05
60088.25920383829,0.9994429876544112,0.9992823240647025,0.9992843349099209,1.0002463168996358,0.0001606635897086761
60088.25928759087,0.9993878564612323,0.9992819963540038,0.9992840070503225,1.0002460888054112,0.00010586010722846151
60088.25937134343,0.999363747047707,0.9992816689901005,0.9992836795388301,1.0002458608028384,8.20780576065161e-05
60088.259455096,0.9991484975573407,0.9992813419729644,0.999283352375417,1.0002456328918963,-0.00013284441562366744
60088.25953884857,0.9995286475837752,0.9992810153025673,0.9992830255600538,1.0002454050725635,0.00024763228120794345
60088.259622601145,0.9997678264168381,0.9992806889789384,0.9992826990927706,1.0002451773448593,0.00048713743789974284
60088.25970635372,0.9989868148049762,0.999280363002078,0.9992823729735671,1.0002449497087822,-0.0002935481971018117
60088.25979010629,0.9982311956350456,0.9992800373719868,0.999282047202444,1.0002447221643314,-0.0010488417369411973
60088.25987385886,0.9990093695773982,0.9992797120886935,0.999281721779431,1.000244494711525,-0.0002703425112953184
60088.25995761142,0.9992242039356708,0.99927938715217,0.9992813967044984,1.0002442673503424,-5.5183216499221643e-05
60088.260041363996,0.9987565696387914,0.9992790625623889,0.9992810719776204,1.000244040080763,-0.0005224929235974063
60088.26012511657,0.9991909504747788,0.9992787383193792,0.9992807475988247,1.0002438129028055,-8.778784460039546e-05
60088.26020886914,0.9999305582031861,0.9992784144231409,0.9992804235681119,1.0002435858164684,0.000652143780045189
60088.260292621715,0.9989590613533801,0.9992780908736747,0.9992800998854825,1.0002433588217507,-0.0003190295202946114
60088.26037637428,0.9998929400738462,0.9992777676710088,0.9992797765509654,1.0002431319186709,0.0006151724028373717
60088.260460126854,0.9992359907825522,0.999277444815088,0.9992794535645041,1.0002429051071886,-4.14540325357482e-05
60088.26054387942,0.9992651991035202,0.9992771223059684,0.9992791309261561,1.000242678387342,-1.1923202448249626e-05
60088.26062763199,0.9996756440387334,0.9992768001435945,0.9992788086358652,1.0002424517590904,0.0003988438951388895
60088.260711384566,0.9989983054559024,0.999276478327995,0.9992784866936604,1.0002422252224528,-0.0002781728720926413
60088.26079513714,0.9993366589209134,0.9992761568591705,0.9992781650995411,1.000241998777428,6.05020617429064e-05
60088.260878889705,0.9992164135500112,0.999275835737149,0.9992778438535367,1.0002417724240344,-5.94221871377254e-05
60088.26096264228,0.9985555071685652,0.9992755149618747,0.9992775229555918,1.0002415461622314,-0.0007200077933094962
60088.261046394844,0.999320583411704,0.9992751945334047,0.9992772024057622,1.0002413199920577,4.5388878299301716e-05
60088.26113014742,1.0000604140880482,0.9992748744516833,0.9992768822039924,1.0002410939134723,0.0007855396363649625
60088.26121389999,0.9997217038309107,0.9992745547167384,0.9992765623503113,1.0002408679264938,0.0004471491141723183
60088.26129765256,0.9988622898146232,0.9992742353285714,0.9992762428447187,1.0002406420311218,-0.00041194551394818646
60088.26138140513,0.9986317382179105,0.9992739162872091,0.9992759236872432,1.0002404162273737,-0.0006421780692985601
60088.2614651577,0.9994752547334275,0.9992735975925975,0.9992756048778293,1.00024019051521,0.00020165714082998054
60088.26154891027,0.9995364020076056,0.9992732792447921,0.9992752864165335,1.0002399648946685,0.00026312276281348357
60088.26163266284,0.9985315254854056,0.999272961243738,0.9992749683033004,1.000239739365709,-0.0007414357583324094
60088.261716415414,0.999358827560837,0.9992726435894631,0.9992746505381581,1.0002395139283498,8.618397137394318e-05
60088.26180016799,1.0003074129189178,0.9992723262819677,0.9992743331211069,1.0002392885825897,0.0010350866369500666
60088.26188392055,0.9991176891143967,0.9992720093212805,0.9992740160521753,1.000239063328448,-0.00015432020688377346
60088.26196767313,0.9992619450835862,0.9992716927073455,0.9992736993313076,1.0002388381658829,-9.747623759270851e-06
60088.26205142569,0.9989524420374649,0.9992713764402192,0.9992733829585603,1.0002386130949337,-0.00031893440275432283
60088.262135178265,0.9984474749651224,0.9992710605198466,0.9992730669338782,1.0002383881155597,-0.000823585554724171
60088.26221893084,0.9995788479122204,0.9992707449462557,0.9992727512572893,1.0002381632277795,0.0003081029659647294
60088.26230268341,0.9997271552655653,0.9992704297194465,0.9992724359287937,1.0002379384315916,0.0004567255461188635
60088.262386435985,0.9988319782051717,0.9992701148394196,0.9992721209483921,1.0002377137269953,-0.00043813663424796534
60088.26247018855,0.9985199468579047,0.9992698003062027,0.9992718063161121,1.000237489114009,-0.0007498534482980324
60088.26255394112,0.9985020291141226,0.9992694861197688,0.9992714920319269,1.0002372645926116,-0.0007674570056462882
60088.26263769369,0.9999681272684213,0.9992691722800908,0.9992711780958089,1.000237040162783,0.0006989549883305024
60088.26272144626,0.9993775002634012,0.9992688587871968,0.9992708645077866,1.0002368158245414,0.00010864147620437414
60088.262805198836,0.9996863869255611,0.9992685456410869,0.99927055126786,1.000236591577886,0.00041784128447419633
60088.26288895141,0.9997639020740676,0.999268232841761,0.9992702383760291,1.0002363674228147,0.0004956692323065948
60088.262972703975,0.9984567779935726,0.9992679203892472,0.9992699258323218,1.000236143359347,-0.0008111423956745911
60088.26305645654,0.9994677247585364,0.9992676082835182,0.9992696136367114,1.0002359193874617,0.00020011647501816388
60088.263140209114,0.999803137744562,0.9992672965245475,0.9992693017891704,1.0002356955071383,0.000535841220014488
60088.26322396169,0.9990391907948711,0.9992669851123623,0.999268990289727,1.0002354717183952,-0.00022779431749120338
60088.26330771426,0.9995150052771758,0.9992666740469635,0.9992686791383815,1.0002352480212315,0.0002483312302123952
60088.26339146683,1.0001094903045684,0.9992663633283508,0.9992683683351334,1.000235024415646,0.0008431269762175786
60088.2634752194,0.9997011023558675,0.9992660529565514,0.9992680578800107,1.0002348009016564,0.0004350493993161564
60088.26355897196,0.9990864832736399,0.9992657429315661,0.9992677477730136,1.0002345774792625,-0.0001792596579262007
60088.26364272453,0.999342497485431,0.9992654332533142,0.9992674380140616,1.0002343541484047,7.706423211684132e-05
60088.263726477104,0.9985794613036046,0.9992651239218496,0.9992671286032083,1.0002341309091203,-0.0006856626182449865
60088.26381022968,0.9990740360835603,0.999264814937172,0.9992668195404547,1.0002339077614077,-0.0001907788536117394
60088.26389398225,0.9991698436052191,0.9992645062992835,0.999266510825801,1.0002336847052675,-9.466269406444017e-05
60088.263977734816,0.9999348191576634,0.9992641980082098,0.9992662024592739,1.0002334617407167,0.0006706211494535985
60088.26406148738,0.9996570523119837,0.9992638900639246,0.9992658944408473,1.000233238867735,0.00039316224805907574
60088.264145239955,0.9993678247248851,0.9992635824664016,0.9992655867704944,1.0002330160863022,0.000104242258483489
60088.26422899253,0.9994244264970482,0.9992632752156675,0.9992652794482423,1.0002327933964361,0.00016115128138072254
60088.2643127451,1.0001570809352005,0.9992629683117228,0.9992649724740914,1.0002325707981359,0.0008941126234777164
60088.264396497674,0.9988316536104457,0.9992626617545679,0.9992646658480417,1.0002323482914006,-0.00043100814412222466
60088.26448025024,0.9990069026123249,0.9992623555442294,0.9992643595701203,1.000232125876248,-0.00025545293190443186
60088.264564002806,0.9994977972758134,0.9992620496806809,0.999264053640301,1.0002319035526581,0.00023574759513256272
60088.26464775538,0.9991346137552168,0.9992617441638966,0.9992637480585571,1.0002316813206105,-0.00012713040867973202
60088.26473150795,0.999288722591661,0.9992614389939027,0.9992634428249155,1.0002314591801231,2.728359775827638e-05
60088.264815260525,0.9992533100201021,0.9992611341706996,0.9992631379393766,1.0002312371311948,-7.82415059752406e-06
60088.2648990131,0.999688439836954,0.9992608296942876,0.9992628334019406,1.0002310151738245,0.0004276101426663459
60088.264982765664,0.9989609104966874,0.9992605255646932,0.999262529212634,1.0002307933080306,-0.0002996150680057985
60088.26506651824,0.9988057335159845,0.9992602217818645,0.9992622253714046,1.0002305715337734,-0.00045448826588001534
60088.2651502708,0.999443120249258,0.9992599183458535,0.9992619218783048,1.00023034985109,0.00018320190340448406
60088.265234023376,0.9995172270193303,0.9992596152566081,0.9992616187332825,1.000230128259941,0.00025761176272220965
60088.26531777595,0.9993474856209948,0.9992593125141548,0.999261315936364,1.0002299067603446,8.817310684006152e-05
60088.26540152852,0.9993545434708674,0.9992590101184942,0.9992610134875499,1.0002296853522998,9.553335237322269e-05
60088.26548528109,0.9988162302793002,0.9992587080696522,0.9992607113868666,1.0002294640358245,-0.00044247779035200274
60088.26556903366,0.9989305317698978,0.9992584063675768,0.9992604096342611,1.000229242810879,-0.00032787459767902316
60088.26565278623,0.9999131541763334,0.9992581050123205,0.9992601082297872,1.000229021677501,0.000655049164012933
60088.2657365388,0.9995074582910143,0.9992578040038311,0.9992598071733918,1.0002288006356506,0.0002496542871831542
60088.265820291366,0.999386263284099,0.9992575033421612,0.9992595064651275,1.0002285796853654,0.00012875994193772833
60088.26590404394,0.9998394103553961,0.9992572030272588,0.9992592061049427,1.0002283588266057,0.0005822073281372964
60088.265987796505,0.9986363276054868,0.9992569030591762,0.9992589060928897,1.0002281380594091,-0.0006205754536894315
60088.26607154908,0.9992404103444337,0.999256603437861,0.999258606428916,1.0002279173837354,-1.6193093427374627e-05
60088.266155301644,0.9993932524622128,0.9992563041633666,0.9992583071130741,1.000227696799623,0.00013694829884614013
60088.26623905422,0.9990771304559469,0.9992560052356397,0.9992580081453124,1.0002274763070313,-0.00017887477969280585
60088.26632280679,0.9988964349998535,0.9992557066547075,0.9992577095256568,1.000227255905979,-0.0003592716548540542
60088.26640655936,0.9993353846896682,0.9992554084205698,0.9992574112541079,1.000227035596465,7.997626909839184e-05
60088.26649031194,0.9993092736828223,0.9992551105332267,0.9992571133306651,1.000226815378488,5.416314959560964e-05
60088.2665740645,0.9991075924527368,0.9992548129927042,0.9992568157553553,1.000226595252066,-0.00014722053996740758
60088.26665781707,0.9994195720241956,0.9992545157989768,0.9992565185281521,1.0002263752171787,0.00016505622521878482
60088.26674156964,0.9995104453446975,0.9992542189520185,0.9992562216490298,1.000226155273806,0.00025622639267897096
60088.266825322215,0.99948167187213,0.9992539224518554,0.9992559251180149,1.000225935421966,0.00022774942027459222
60088.26690907479,1.0000710379751627,0.9992536262984877,0.9992556289351071,1.0002257156616576,0.0008174116766750394
60088.26699282736,0.9992427691295,0.9992533304919154,0.999255333100307,1.0002254959928796,-1.0561362415395514e-05
60088.26707657993,0.999222029463658,0.9992530350321644,0.9992550376136394,1.0002252764156498,-3.100556850643699e-05
60088.26716033249,0.999039561525412,0.9992527399192092,0.9992547424750801,1.0002250569299485,-0.0002131783937971976
60088.267244085066,0.9992404122432711,0.9992524451530239,0.9992544476846024,1.000224837535755,-1.2032909752823784e-05
60088.26732783763,0.9991126750455183,0.9992521507336604,0.9992541532422582,1.0002246182331067,-0.00013947568814209887
60088.267411590205,0.9992141248117842,0.9992518566610671,0.9992538591479962,1.0002243990219641,-3.773184928290707e-05
60088.26749534278,0.998870280546421,0.9992515629352698,0.9992535654018426,1.0002241799023452,-0.0003812823888488248
60088.26757909534,0.9992392883540494,0.9992512695562945,0.9992532720038225,1.0002239608742682,-1.1981202245103795e-05
60088.26766284791,0.9990223909937359,0.9992509765241153,0.9992529789539104,1.0002237419377127,-0.00022858553037941043
60088.26774660048,0.9990152805657928,0.9992506838387069,0.9992526862520812,1.0002235230926584,-0.0002354032729140476
60088.267830353056,0.9997364875108944,0.9992503915000952,0.9992523938983607,1.000223304339124,0.0004860960107991863
60088.26791410563,0.9989075416911152,0.9992500995082797,0.9992521018927485,1.0002230856771073,-0.0003425578171645238
60088.2679978582,0.9994197351896248,0.9992498078632612,0.9992518102352449,1.0002228671066082,0.00016992732636356145
60088.26808161077,0.9990716567602931,0.9992495165650646,0.9992515189258752,1.000222648627644,-0.00017785980477147412
60088.26816536333,0.999030108046639,0.9992492256136647,0.9992512279646142,1.0002224302401947,-0.00021911756702563956
60088.26824911591,0.9998309814277698,0.9992489350090361,0.9992509373514367,1.0002222119442403,0.0005820464187337171
60088.26833286848,0.9987688659326136,0.9992486447512046,0.9992506470863678,1.0002219937397987,-0.00047977881859095906
60088.26841662105,0.9996390370917811,0.9992483548401698,0.999250357169408,1.0002217756268688,0.0003906822516113184
60088.26850037362,0.999195687890977,0.9992480652759573,0.9992500676005825,1.0002215576054683,-5.237738498031774e-05
60088.268584126185,0.9994520098460467,0.9992477760585414,0.999249778379866,1.000221339675577,0.0002042337875052258
60088.26866787875,0.99913094430678,0.9992474871879229,0.999249489507258,1.0002211218371944,-0.00011654288114293365
60088.26875163132,0.9997104079866517,0.9992471986640763,0.9992492009827341,1.0002209040903,0.0004632093225753753
60088.2688353839,0.9986446441324689,0.9992469104870264,0.9992489128063194,1.0002206864349117,-0.0006022663545575124
60088.26891913647,0.998957937998966,0.9992466226567743,0.999248624978014,1.0002204688710288,-0.00028868465780829133
60088.26900288904,0.9989114496011277,0.999246335173319,0.9992483374978174,1.0002202513986496,-0.00033488557219130133
60088.26908664161,0.9996222210814363,0.9992460480366857,0.9992480503657553,1.000220034017792,0.0003761730447505718
60088.26917039418,0.9992362848519311,0.9992457612468246,0.999247763581777,1.0002198167284173,-9.47639489357055e-06
60088.26925414675,0.9995143030631165,0.9992454748037858,0.9992474771459333,1.0002195995305623,0.0002688282593307223
60088.26933789932,0.9992320275831524,0.9992451887075191,0.9992471910581736,1.0002193824241878,-1.3161124366667387e-05
60088.269421651894,0.9994324894702096,0.9992449029580495,0.9992469053185231,1.0002191654093118,0.00018758651216010946
60088.26950540446,0.999603987522425,0.9992446175554021,0.9992466199270068,1.000218948485952,0.00035936996702290447
60088.269589157026,0.9988624358482521,0.9992443324995517,0.9992463348835994,1.0002187316540885,-0.00038189665129961803
60088.2696729096,0.9994053401221598,0.9992440477904734,0.9992460501882767,1.000218514913701,0.00016129233168638013
60088.269756662165,0.9992249170488792,0.9992437634282172,0.9992457658410876,1.0002182982648267,-1.8846379338022246e-05
60088.26984041474,0.998991129393322,0.9992434794127336,0.9992454818419831,1.0002180817074267,-0.00025235001941159574
60088.26992416731,0.999470041723369,0.9992431957440466,0.9992451981909877,1.0002178652415181,0.00022684597932232098
60088.270007919884,0.9994940410124349,0.9992429124221571,0.9992449148881016,1.0002176488671006,0.00025112859027776047
60088.27009167245,0.998703572715966,0.9992426294470891,0.9992446319333492,1.0002174325841915,-0.0005390567311230887
60088.27017542502,0.9996164317254266,0.9992423468187932,0.9992443493266809,1.0002172163927519,0.00037408490663337624
60088.27025917759,0.9989533420286046,0.999242064537319,0.9992440670681463,1.0002170002928188,-0.00028872250871436744
60088.270342930155,0.9988632717993223,0.9992417826026417,0.9992437851577206,1.000216784284372,-0.00037851080331940956
60088.27042668273,0.9993654516231766,0.9992415010147366,0.9992435035953794,1.0002165683673918,0.00012395060843994887
60088.2705104353,0.9990013780578498,0.9992412197736281,0.9992432223811473,1.0002163525418954,-0.0002398417157782884
60088.27059418787,0.9989116333027808,0.9992409388793407,0.9992429415150479,1.000216136807901,-0.0003293055765599684
60088.27067794044,0.99932826139973,0.999240658331826,0.9992426609970332,1.00021592116537,8.76030679040074e-05
60088.270761693006,0.9989785685278942,0.9992403781311319,0.9992423808271512,1.0002157056143386,-0.00026180960323762825
60088.27084544558,0.9989706508365596,0.9992400982772099,0.9992421010053538,1.0002154901547682,-0.0002694474406503833
60088.27092919815,0.9988888216901508,0.9992398187700846,0.9992418215316649,1.0002152747866766,-0.00035099707993380136
60088.271012950725,0.9986811998825244,0.9992395396097552,0.9992415424060845,1.0002150595100623,-0.0005583397272308499
60088.2710967033,0.9987141735066755,0.9992392607962223,0.9992412636286123,1.0002148443249246,-0.0005250872895468106
60088.27118045586,0.9993345514668506,0.9992389823295339,0.9992409851992968,1.0002146292312997,9.55691373166756e-05
60088.27126420842,0.9988432935121214,0.9992387042096175,0.9992407071180655,1.0002144142291305,-0.00039541069749604585
60088.271347960996,0.9993620529272557,0.9992384264364723,0.9992404293849179,1.0002141993184155,0.0001236264907833462
60088.27143171357,0.9997812923065831,0.9992381490101235,0.9992401519998783,1.0002139844991729,0.0005431432964595473
60088.27151546614,0.9986921705071525,0.9992378719305705,0.9992398749629466,1.0002137697714013,-0.0005457014234179214
60088.271599218715,0.9986667744767069,0.999237595197813,0.9992395982741226,1.0002135551350997,-0.0005708207211060357
60088.27168297128,0.9993305255659926,0.999237318811875,0.9992393219334308,1.0002133405902855,9.320675411750301e-05
60088.27176672385,0.9988156561680747,0.9992370427727325,0.9992390459408459,1.0002131261369391,-0.0004213866046578474
60088.27185047642,0.9996366991919996,0.9992367670803609,0.9992387702963448,1.0002129117750405,0.00039993211163869
60088.271934228986,0.999041535204794,0.9992364917348087,0.9992384949999747,1.0002126975046262,-0.00019495653001466717
60088.27201798156,0.9998362348310629,0.9992362167360276,0.999238220051688,1.0002124833256578,0.0006000180950352929
60088.27210173413,0.9994755532478766,0.999235942084041,0.9992379454515086,1.0002122692381525,0.00023961116383564018
60088.2721854867,0.9988906605343926,0.9992356677788735,0.9992376711994595,1.0002120552421285,-0.0003450072444809438
60088.27226923926,0.9991238786509841,0.9992353938205001,0.9992373972955172,1.0002118413375654,-0.00011151516951601881
60088.27235299184,0.9996029663723525,0.9992351202088972,0.9992371237396579,1.0002116275244435,0.00036784616345530985
60088.27243674441,0.9996914333906654,0.9992348469440892,0.9992368505319047,1.0002114138027811,0.0004565864465762015
60088.27252049698,0.9998224317562067,0.9992345740260747,0.999236577672258,1.0002112001725763,0.0005878577301319243
60088.272604249556,1.0000303017431105,0.9992343014548544,0.9992363051607178,1.0002109866338285,0.0007960002882561046
60088.272688002115,0.9992806991896821,0.9992340292304751,0.9992360329973303,1.0002107731865733,4.6669959206990796e-05
60088.27277175468,0.9998007333189137,0.9992337573528657,0.9992357611820254,1.0002105598307542,0.0005669759660480445
60088.27285550725,0.9986179917877192,0.9992334858220261,0.9992354897148024,1.00021034656637,-0.0006154940343069404
60088.27293925983,0.9996979602124049,0.9992332146379801,0.9992352185956848,1.0002101333934388,0.00046474557442477415
60088.2730230124,0.9994773757806985,0.9992329438007265,0.9992349478246724,1.0002099203119583,0.00024443197997203736
60088.27310676497,0.9986836767470774,0.9992326733102661,0.9992346774017652,1.0002097073219283,-0.0005489965631887417
60088.27319051754,0.9995619228955921,0.9992324031666215,0.9992344073269863,1.0002094944233657,0.00032951972897055093
60088.27327427011,0.99891811420503,0.9992321333697465,0.9992341376002888,1.0002092816162331,-0.0003140191647165169
60088.27335802267,0.9991729863754898,0.99923186391971,0.9992338682217421,1.000209068900584,-5.8877544220181655e-05
60088.27344177524,0.9995108871476811,0.9992315948164191,0.9992335991912533,1.0002088562763443,0.00027929233126200437
60088.27352552782,0.999320414951703,0.9992313260599199,0.9992333305088685,1.0002086437435491,8.908889178305124e-05
60088.27360928039,0.9993909815244898,0.9992310576502124,0.9992330621745876,1.0002084313021977,0.00015992387427743449
60088.273693032956,0.9986076135703427,0.9992307895873195,0.9992327941884336,1.0002082189523074,-0.0006231760169768119
60088.27377678553,0.9991384538369407,0.9992305218711948,0.9992325265503597,1.0002080066938404,-9.206803425410026e-05
60088.273860538095,0.9994634135760833,0.9992302545018836,0.9992322592604125,1.0002077945268317,0.00023315907419962922
60088.27394429066,1.0002228609390318,0.9992299874793636,0.999231992318568,1.0002075824512628,0.0009928734596681421
60088.27402804323,0.9999706666932611,0.9992297208036106,0.999231725724803,1.0002073704671135,0.0007409458896504573
60088.27411179581,0.9993753537711472,0.9992294544746478,0.9992314594791405,1.0002071585744012,0.00014589929649932998
60088.27419554837,0.9990511011638534,0.9992291884924983,0.9992311935816034,1.0002069467731438,-0.00017808732864488253
60088.274279300946,0.9993729985905105,0.9992289228571152,0.9992309280321453,1.0002067350633028,0.00014407573339536572
60088.27436305351,0.9990825215326141,0.9992286575685446,0.9992306628308116,1.000206523444914,-0.00014613603593049973
60088.274446806085,0.9985518912611039,0.9992283926267403,0.9992303979775566,1.0002063119179398,-0.0006765013656364616
60088.27453055865,0.998487579178848,0.9992281280317479,0.999230133472426,1.0002061004824156,-0.0007405488528998694
60088.27461431122,0.998697301307459,0.9992278637835212,0.9992298693153733,1.0002058891383039,-0.0005305624760622019
60088.27469806379,1.0001015241168894,0.9992275998821055,0.999229605506444,1.0002056778856396,0.0008739242347838294
60088.27478181636,0.9991586377490131,0.9992273363274554,0.9992293420455922,1.000205466724386,-6.869857844227223e-05
60088.27486556893,0.9987920965025154,0.9992270731196157,0.9992290789328636,1.0002052556545777,-0.0004349766171002356
60088.2749493215,0.9992178985843712,0.9992268102585405,0.9992288161682117,1.0002050446761774,-8.911674169387318e-06
60088.275033074075,0.998967628520404,0.999226547744253,0.9992285537516596,1.0002048337892024,-0.000258919223849019
60088.27511682664,0.9996494941131905,0.9992262855767748,0.9992282916832294,1.0002046229936696,0.0004232085364156424
60088.27520057921,0.9999537561101086,0.9992260237560607,0.9992280299628755,1.000204412289542,0.0007277323540478831
60088.27528433178,0.9996749652761979,0.9992257622821558,0.999227768590643,1.0002042016768544,0.0004492029940421638
60088.275368084345,0.9995457954667893,0.9992255011550366,0.9992275075665086,1.0002039911555876,0.0003202943117527335
60088.27545183692,0.9993668070462954,0.9992252403746804,0.9992272468904496,1.0002037807257222,0.00014156667161502323
60088.27553558949,0.9992956080683126,0.9992249799411097,0.9992269865624885,1.0002035703872756,7.062812720293188e-05
60088.275619342065,0.9994265177476856,0.9992247198543242,0.9992267265826248,1.0002033601402467,0.00020179789336149945
60088.27570309463,0.9989063448767355,0.9992244601143456,0.9992264669508806,1.0002031499846522,-0.00031811523761016147
60088.275786847196,0.9995393811985585,0.9992242007211517,0.9992262076672332,1.0002029399204735,0.00031518047740675126
60088.27587059976,0.999899812383048,0.9992239416747417,0.9992259487316819,1.000202729947709,0.0006758707083063253
60088.275954352335,0.999559533662969,0.9992236829750928,0.9992256901442047,1.0002025200663394,0.00033585068787622685
60088.27603810491,0.9993993365993259,0.9992234246222274,0.9992254319048228,1.000202310276382,0.00017591197709854178
60088.27612185748,0.9994136441079573,0.9992231666161451,0.9992251740135363,1.0002021005778359,0.0001904774918122243
60088.27620561005,0.9996560147629805,0.9992229089568676,0.9992249164703674,1.0002018909707178,0.00043310580611288785
60088.27628936261,0.9988712648746975,0.9992226516443724,0.9992246592752934,1.0002016814550085,-0.000351386769674944
60088.27637311518,0.9995020478332284,0.9992223946786591,0.999224402428313,1.0002014720307073,0.0002796531545692371
60088.27645686775,0.9999068696285852,0.9992221380597054,0.9992241459294045,1.0002012626977947,0.0006847315688798261
60088.276540620325,0.9995198457193397,0.9992218817875321,0.9992238897785894,1.0002010534562873,0.00029796393180758773
60088.2766243729,0.9999054154557547,0.9992216258621406,0.9992236339758678,1.0002008443061852,0.000683789593614148
60088.276708125464,0.9989368568192729,0.9992213702835508,0.9992233785212611,1.0002006352475041,-0.00028451346427793567
60088.27679187803,0.99974808257428,0.9992211150517415,0.9992231234147466,1.0002004262802258,0.0005269675225385573
60088.276875630596,0.9998256584122013,0.9992208601667115,0.9992228686563243,1.0002002174043485,0.0006047982454897571
60088.27695938317,0.9989252578814871,0.999220605628439,0.9992226142459714,1.0002000086198537,-0.0002953477469518351
60088.27704313574,1.0001930877411458,0.9992203514369447,0.9992223601837096,1.0001997999267576,0.0009727363042011383
60088.277126888315,0.9986765538770045,0.9992200975922292,0.999222106469539,1.0001995913250599,-0.0005435437152246925
60088.27721064088,0.9990822047545134,0.9992198440943134,0.9992218531034804,1.000199382814777,-0.00013763933980004417
60088.27729439345,0.9991020174003792,0.9992195909431756,0.999221600085512,1.0001991743958905,-0.00011757354279640087
60088.27737814601,0.9996300601454305,0.999219338138815,0.9992213474156332,1.0001989660683988,0.00041072200661551594
60088.277461898586,0.999341761012126,0.9992190856812088,0.9992210950938212,1.0001987578322824,0.00012267533091725458
60088.27754565116,0.9996770344085654,0.9992188335703789,0.9992208431200983,1.0001985496875587,0.0004582008381864844
60088.27762940373,0.9988216388794352,0.9992185818063247,0.9992205914944635,1.0001983416342266,-0.0003969429268895208
60088.2777131563,0.998684572214347,0.9992183303890682,0.9992203402169385,1.0001981336723034,-0.0005337581747211217
60088.277796908864,0.9993003159632159,0.9992180793185863,0.9992200892875007,1.0001979258017692,8.223664462958524e-05
60088.27788066144,0.9996160229880021,0.9992178285948575,0.999219838706128,1.0001977180226058,0.0003981943931445908
60088.277964414,0.9993698606748838,0.999217578217924,0.9992195884728637,1.0001975103348473,0.0001522824569597514
60088.278048166576,0.9996199841522936,0.9992173281877426,0.9992193385876638,1.000197302738457,0.00040265596455102415
60088.27813191915,0.9980081252547505,0.9992170785043342,0.9992190890505493,1.0001970952334518,-0.0012089532495836997
60088.278215671715,0.9989846970437033,0.9992168291677203,0.9992188398615416,1.0001968878198488,-0.00023213212401695937
60088.27829942428,0.9992721767105448,0.9992165801778783,0.9992185910206184,1.0001966804976286,5.55965326665131e-05
60088.278383176854,0.9987595083610201,0.9992163315347863,0.9992183425277579,1.000196473266772,-0.0004568231737661632
60088.27846692942,0.999082143829899,0.9992160832384874,0.9992180943830026,1.0001962661273147,-0.0001339394085884127
60088.27855068199,0.9997771829161236,0.9992158352889374,0.9992178465863086,1.000196059079219,0.0005613476271861817
60088.27863443456,0.9991899711319123,0.9992155876861794,0.999217599137719,1.0001958521225198,-2.5616554267027247e-05
60088.27871818713,0.9992267548113295,0.9992153404301691,0.9992173520371901,1.00019564525718,1.1414381160368414e-05
60088.2788019397,0.9999779207859436,0.9992150935209497,0.9992171052847646,1.0001954384832348,0.0007628272649938816
60088.27888569227,0.9994415951472322,0.9992148469584778,0.9992168588803981,1.0001952318006473,0.00022674818875434433
60088.27896944484,0.9993191462350476,0.999214600742795,0.9992166128241341,1.0001950252094516,0.00010454549225258347
60088.2790531974,0.999472159342771,0.99921435487388,0.9992163671159501,1.0001948187096292,0.0002578044688910097
60088.279136949976,0.9987796220912141,0.9992141093517106,0.9992161217558242,1.0001946123011611,-0.0004344872604965522
60088.27922070255,0.9991444673812904,0.999213864176308,0.9992158767437779,1.0001944059840642,-6.939679501760665e-05
60088.27930445512,0.9995279637836908,0.9992136193476715,0.9992156320798093,1.0001941997583372,0.0003143444360192982
60088.27938820769,0.9993992251773515,0.9992133748658214,0.9992153877639406,1.000193993623997,0.00018585031153006693
60088.279471960246,0.9990448657199502,0.9992131307307577,0.99921514379617,1.0001937875810427,-0.0001682650108074668
60088.27955571282,0.9996859094395649,0.9992128869424156,0.9992149001764341,1.000193581629419,0.00047302249714931133
60088.27963946539,0.9993177057314758,0.9992126435008378,0.9992146569047746,1.0001933757691615,0.0001050622306379978
60088.279723217966,0.9991714644470577,0.999212400406023,0.9992144139811909,1.0001931700002682,-4.0935958965260255e-05
60088.27980697054,1.0000794543338125,0.9992121576579708,0.9992141714056822,1.0001929643227385,0.0008672966758417333
60088.2798907231,0.9991257830805806,0.9992119152567228,0.9992139291782904,1.000192758736607,-8.613217614217294e-05
60088.27997447566,0.9994699236023045,0.9992116732022157,0.9992136872989514,1.0001925532418194,0.00025825040008875533
60088.280058228236,0.9989831509023375,0.999211431494448,0.999213445767665,1.0001923478383739,-0.0002282805921105524
60088.28014198081,0.999064126122132,0.9992111901334408,0.9992132045844515,1.0001921425262876,-0.0001470640113088173
60088.28022573338,0.9999303999467108,0.9992109491191934,0.9992129637493099,1.0001919373055597,0.0007194508275174538
60088.28030948595,0.9989797026118773,0.9992107084517259,0.9992127232622611,1.0001917321762064,-0.00023100583984858591
60088.280393238514,0.9988658727512569,0.9992104681310171,0.9992124831232833,1.0001915271382094,-0.00034459537976017085
60088.28047699108,0.9991771264201543,0.999210228157066,0.9992122433323759,1.000191322191567,-3.310173691162266e-05
60088.28056074365,0.9989880022012868,0.9992099885298514,0.9992120038895176,1.000191117336261,-0.0002219863285646273
60088.280644496226,1.0000086281426455,0.9992097492493932,0.9992117647947283,1.0001909125723074,0.0007988788932522528
60088.28072824879,0.9994484828597584,0.999209510315712,0.9992115260480282,1.0001907078997234,0.00023897254404636747
60088.280812001365,0.9984977149799019,0.9992092717287655,0.9992112876493757,1.0001905033184724,-0.0007115567488635843
60088.28089575393,0.9992575903392946,0.9992090334885941,0.9992110495988109,1.0001902988285885,4.855685070048743e-05
60088.2809795065,0.9995150023422573,0.9992087955951774,0.9992108118963127,1.0001900944300535,0.000306206747079929
60088.28106325907,0.9992684374712744,0.9992085580484931,0.9992105745418601,1.0001898901228479,5.987942278129488e-05
60088.281147011636,0.9994846607651868,0.9992083208485819,0.9992103375354933,1.000189685907006,0.0002763399166049174
60088.28123076421,0.9987648089127447,0.9992080839954025,0.9992101008771704,1.0001894817824921,-0.00044327508265784576
60088.28131451678,0.9991733213875872,0.9992078474889746,0.9992098645669116,1.0001892777493224,-3.452610138743317e-05
60088.28139826935,0.9989190787311807,0.9992076113293178,0.9992096286047366,1.0001890738075134,-0.0002885325981371034
60088.281482021914,0.9990798919376679,0.999207375516411,0.9992093929906242,1.0001888699570465,-0.0001274835787431483
60088.28156577448,0.9998213176866512,0.9992071400502537,0.9992091577245736,1.0001886661979205,0.0006141776363974838
60088.28164952705,0.9992467789112432,0.9992069049308245,0.9992089228065637,1.0001884625301167,3.987398041871426e-05
60088.281733279626,0.999183083828199,0.9992066701581432,0.9992086882366145,1.0001882589536517,-2.3586329944258466e-05
60088.2818170322,0.9993684171396662,0.999206435732209,0.9992084540147249,1.0001880554685243,0.00016198140745715683
60088.28190078476,0.9992304030045637,0.9992062016530623,0.9992082201409355,1.0001878520747691,2.4201351501385027e-05
60088.28198453733,0.9990744614464826,0.9992059679206207,0.9992079866151637,1.0001876487723143,-0.0001315064741380656
60088.2820682899,0.9994900622654019,0.9992057345349443,0.9992077534374697,1.0001874455612114,0.00028432773045761195
60088.28215204247,0.9999294095830261,0.9992055014959921,0.9992075206078125,1.0001872424414244,0.000723908087034042
60088.28223579504,0.99909850440754,0.9992052688037835,0.9992072881262115,1.00018703941297,-0.0001067643962434639
60088.28231954761,0.9993174273300923,0.999205036458338,0.9992070559926859,1.0001868364758644,0.00011239087175429763
60088.282403300174,0.9994519176267838,0.9992048044596346,0.9992068242072151,1.000186633630089,0.0002471131671492044
60088.28248705275,0.9994358023112218,0.9992045728076522,0.9992065927697782,1.0001864308756252,0.0002312295035695744
60088.28257080531,1.0000111701242522,0.9992043415024308,0.9992063616804144,1.0001862282125074,0.0008068286218214649
60088.28265455788,0.9995170367976298,0.9992041105439486,0.9992061309391033,1.000186025640716,0.0003129262536811783
60088.28273831045,0.9989513779585949,0.9992038799321858,0.9992059005458235,1.0001858231602334,-0.00025250197359094617
60088.282822063025,0.9997282226037668,0.9992036496671612,0.9992056705005946,1.0001856207710758,0.0005245729366055718
60088.28290581559,0.9986867035929388,0.999203419748894,0.9992054408034359,1.0001854184732593,-0.0005167161559552769
60088.28298956816,0.9995405490680386,0.9992031901773631,0.9992052114543261,1.0001852162667655,0.0003373588906754321
60088.28307332072,0.9991148202339171,0.9992029609525687,0.999204982453265,1.0001850141515938,-8.8140718651597e-05
60088.283157073296,0.9991111878988832,0.9992027320744888,0.9992047538002314,1.0001848121277248,-9.15441756056401e-05
60088.28324082587,0.9995427974716963,0.9992025035431433,0.9992045254952449,1.0001846101951755,0.00034029392855294827
60088.28332457844,0.9986038095847569,0.9992022753585313,0.9992042975383044,1.0001844083539446,-0.0005984657737744259
60088.283408331,0.9990007385080178,0.9992020475206915,0.9992040699294484,1.0001842066040663,-0.0002013090126736783
60088.283492083574,0.9996713532584789,0.9992018200295437,0.9992038426685975,1.000184004945469,0.0004695332289351706
60088.28357583614,0.9988947654712377,0.9992015928851464,0.9992036157558095,1.0001838033782047,-0.0003068274139087501
60088.28365958871,0.9992413383343416,0.9992013660874598,0.9992033891910449,1.0001836019022372,3.997224688179202e-05
60088.28374334128,0.9996294098817098,0.9992011396365216,0.9992031629743414,1.0001834005176,0.00042827024518821144
60088.28382709385,0.9987476226774786,0.9992009135322923,0.9992029371056593,1.0001831992242578,-0.0004532908548137149
60088.283910846425,0.9982086118930442,0.9992006877747904,0.9992027115850174,1.0001829980222263,-0.0009920758817462128
60088.28399459899,0.9993757376182116,0.9992004623640346,0.9992024864124343,1.0001827969115222,0.00017527525417704304
60088.28407835155,0.9992360476651758,0.9992002373000242,0.9992022615879088,1.0001825958921446,3.581036515165614e-05
60088.28416210412,0.9993835477594923,0.9992000125826992,0.999202037111382,1.0001823949640398,0.00018353517679314812
60088.284245856696,0.9991931881465507,0.9991997882120983,0.9992018129828911,1.0001821941272417,-6.600065547646139e-06
60088.28432960927,0.9994285925836801,0.9991995641882203,0.9992015892024363,1.0001819933817493,0.00022902839545979603
60088.284413361835,0.9992772446667179,0.9991993405110838,0.9992013657700358,1.000181792727579,7.79041556340232e-05
60088.2844971144,0.999323678357333,0.9991991171806687,0.999201142685669,1.0001815921647121,0.00012456117666437283
60088.284580866966,0.9991687809589549,0.9991988941969736,0.9992009199493349,1.0001813916931477,-3.0113238018714128e-05
60088.28466461954,0.9991972325320914,0.9991986715599782,0.9992006975610137,1.000181191312867,-1.4390278868514628e-06
60088.284748372105,1.0000286477665532,0.9991984492697208,0.9992004755207429,1.0001809910239043,0.0008301984968324128
60088.28483212468,0.9996442510757014,0.9991982273261617,0.9992002538284825,1.0001807908262237,0.0004460237495397257
60088.28491587725,0.9985999615221895,0.9991980057293192,0.9992000324842515,1.0001805907198413,-0.000598044207129611
60088.28499962982,0.9992435108562191,0.999197784479211,0.999199811488068,1.000180390704773,4.572637700805959e-05
60088.285083382376,0.9999744176168825,0.9991975635758366,0.9991995908399309,1.0001801907810182,0.0007768540410459934
60088.28516713495,0.9991800708389474,0.9991973430191378,0.9991993705397815,1.000179990948524,-1.727218019031973e-05
60088.28525088752,0.9990855782124375,0.9991971228091514,0.9991991505876578,1.0001797912073236,-0.00011154459671391947
60088.285334640095,0.9984879956126209,0.9991969029458766,0.999198930983558,1.0001795915574159,-0.0007089073332556817
60088.28541839266,0.9993514006092694,0.9991966834293318,0.999198711727501,1.0001793919988176,0.00015471717993764678
60088.28550214523,0.9984089044457273,0.9991964642594965,0.9991984928194663,1.0001791925315098,-0.0007875598137692119
60088.28558589779,0.9999066737618894,0.99919624543637,0.9991982742594528,1.0001789931554919,0.0007104283255193744
60088.285669650366,0.9988010043961025,0.999196026959932,0.9991980560474407,1.0001787938707452,-0.00039502256382950574
60088.28575340293,0.9991800783753574,0.9991958088302196,0.9991978381834671,1.0001785946773032,-1.5730454862250554e-05
60088.285837155505,0.9993909956906285,0.999195591047194,0.9991976206674926,1.0001783955751304,0.0001954046434344825
60088.28592090808,0.998811441540826,0.9991953736108731,0.9991974034995356,1.0001781965642433,-0.000383932070047055
60088.28600466064,0.9989404669263667,0.9991951565212935,0.9991971866796326,1.000177997644675,-0.00025468959492680465
60088.2860884132,0.9989817107463068,0.9991949397783976,0.9991969702077259,1.0001777988163727,-0.00021322903209075594
60088.286172165775,0.9990490350317057,0.9991947233821845,0.9991967540838147,1.0001776000793354,-0.0001456883504787898
60088.28625591835,0.9990855177166821,0.9991945073326716,0.9991965383079168,1.0001774014335791,-0.00010898961598948542
60088.286339670914,0.9997501601035745,0.9991942916298773,0.9991963228800494,1.0001772028791205,0.000555868473697263
60088.28642342349,0.9997832017227313,0.9991940762737623,0.999196107800175,1.0001770044159235,0.0005891254489689413
60088.28650717605,0.9989815140102458,0.9991938612643636,0.9991958930683287,1.000176806044022,-0.000212347254117784
60088.28659092863,0.9994994446634736,0.9991936466016422,0.999195678684473,1.0001766077633798,0.00030579806183139713
60088.286674681185,0.9994793092928071,0.9991934322856533,0.999195464648662,1.000176409574048,0.00028587700715387854
60088.28675843376,0.9989535150854045,0.9991932183163214,0.9991952509608211,1.0001762114759567,-0.00023970323091682122
60088.28684218633,0.9993297208682862,0.9991930046936822,0.9991950376209855,1.0001760134691389,0.0001367161746039791
60088.2869259389,0.9994065283139895,0.9991927914177536,0.9991948246291735,1.0001758155536111,0.0002137368962358277
60088.28700969146,0.9989661913189792,0.999192578488516,0.9991946119853645,1.000175617729355,-0.00022638716953671256
60088.287093444036,0.9989519709102672,0.9991923659059493,0.9991943996895398,1.0001754199963522,-0.00024039499568206946
60088.2871771966,0.9991259342632186,0.99919215367009,0.9991941877417347,1.000175222354636,-6.621940687134842e-05
60088.28726094917,0.999049388983343,0.9991919417809179,0.99919397614193,1.0001750248041883,-0.00014255279757491301
60088.28734470174,0.9980285847183535,0.9991917302384139,0.9991937648901059,1.0001748273449909,-0.0011631455200603602
60088.287428454314,0.9988648169842347,0.9991915190425951,0.9991935539862798,1.0001746299770595,-0.00032670205836038413
60088.28751220688,0.9998038313529056,0.999191308193479,0.9991933434304691,1.000174432700411,0.0006125231594266145
60088.287595959446,0.9988731941453184,0.999191097691046,0.9991931332226539,1.0001742355150265,-0.0003179035457275825
60088.28767971201,0.9989622508111968,0.9991908875352943,0.9991929233628333,1.0001740384209048,-0.00022863672409745295
60088.287763464585,0.9988304684121972,0.9991906777262055,0.9991927138509878,1.0001738414180283,-0.00036020931400826406
60088.28784721715,0.9983582286172353,0.9991904682638145,0.999192504687153,1.00017364450643,-0.0008322396465791915
60088.287930969724,0.9993701757394204,0.9991902591480839,0.9991922958712914,1.0001734476860746,0.00017991659133653748
60088.2880147223,0.9993337318295603,0.9991900503790306,0.9991920874034197,1.000173250956978,0.00014368145052967574
60088.28809847486,0.9991764856564415,0.9991898419566717,0.9991918792835551,1.0001730543191565,-1.3356300230249474e-05
60088.28818222742,0.9989549378891828,0.9991896338810056,0.9991916715116962,1.0001728577726086,-0.00023469599182279755
60088.288265979994,0.9990489950090253,0.9991894261519773,0.9991914640877878,1.0001726613172823,-0.0001404311429519245
60088.28834973257,0.999691699843157,0.9991892187696215,0.9991912570118647,1.0001724649532107,0.0005024810735354546
60088.28843348513,0.9995733887654298,0.9991890117339555,0.9991910502839441,1.0001722686804098,0.00038437703147431446
60088.28851723771,0.999010369643069,0.9991888050449416,0.9991908439039885,1.000172072498844,-0.00017843540187256757
60088.28860099027,0.9995531981298641,0.999188598702615,0.9991906378720327,1.0001718764085472,0.00036459942724909045
60088.28868474283,0.9984988273309913,0.9991883927069743,0.9991904321880756,1.0001716804095178,-0.0006895653759830811
60088.288768495404,0.9985947336866026,0.9991881870579649,0.9991902268520623,1.0001714845017038,-0.0005934533713622958
60088.28885224798,0.9995034260368987,0.9991879817556205,0.9991900218640271,1.0001712886851377,0.0003154442812781655
60088.28893600055,0.9990522720227398,0.9991877767999412,0.9991898172239698,1.0001710929598193,-0.00013550477720136733
60088.289019753116,0.9992016963393117,0.9991875721909428,0.9991896129319057,1.000170897325764,1.4124148368876988e-05
60088.28910350568,0.9988402602883849,0.9991873679286065,0.9991894089878168,1.0001707017829538,-0.0003471076402216111
60088.28918725825,0.9983490332346288,0.999187164012931,0.9991892053917013,1.0001705063313875,-0.000838130778302193
60088.28927101081,0.999030065665334,0.9991869604439155,0.9991890021435587,1.0001703109710647,-0.00015689477858149559
60088.28935476339,0.9985485387744638,0.9991867572215405,0.9991887992433692,1.0001701157019665,-0.0006382184470766772
60088.28943851596,0.9989709830324577,0.999186554345823,0.9991885966911502,1.0001699205241092,-0.00021557131336535917
60088.28952226853,0.9995789484319247,0.9991863518167616,0.9991883944868996,1.000169725437492,0.00039259661516310995
60088.28960602109,0.9991676206834206,0.9991861496343903,0.9991881926306523,1.0001695304421474,-1.8528950969765035e-05
60088.28968977366,0.99841203994098,0.9991859477986553,0.9991879911223538,1.0001693355380237,-0.0007739078576752823
60088.28977352623,0.998715552137019,0.9991857463095553,0.9991877899620029,1.0001691407251196,-0.0004701941725362424
60088.289857278796,0.998637900040222,0.999185545167124,0.9991875891496337,1.0001689460034682,-0.0005476451269019744
60088.28994103137,0.9998601015421228,0.9991853443713254,0.9991873886852103,1.0001687513730344,0.0006747571707973465
60088.29002478394,0.9991334342681609,0.9991851439221761,0.9991871885687482,1.0001685568338343,-5.1709654015130724e-05
60088.2901085365,0.9993429059281324,0.9991849438197089,0.9991869888002815,1.0001683623859003,0.00015796210842344838
60088.29019228907,0.9997247851265417,0.999184744063871,0.9991867893797566,1.000168168029181,0.0005400410626706931
60088.29027604164,0.999106157620308,0.9991845446546609,0.9991865903071725,1.0001679737636748,-7.838703435292249e-05
60088.290359794206,0.9990195746377726,0.9991843455921123,0.9991863915825627,1.000167779589415,-0.00016477095433975464
60088.29044354678,0.9991841458872118,0.9991841468761895,0.9991861932058913,1.0001675855063668,-9.8897767752959e-10
60088.29052729935,0.9992562818947694,0.9991839485069083,0.9991859951771745,1.0001673915145455,7.233338786116761e-05
60088.29061105191,0.9989763895064242,0.9991837504843022,0.9991857974964452,1.0001671976139843,-0.00020736097787799057
60088.290694804484,0.9993815605098645,0.9991835528083008,0.9991856001636336,1.0001670038046144,0.00019800770156364056
60088.29077855705,0.9988375776196816,0.9991833554789549,0.9991854031787902,1.0001668100864856,-0.0003457778592732552
60088.29086230962,0.9994712192089982,0.9991831584962286,0.9991852065418791,1.0001666164595628,0.0002880607127695445
60088.29094606219,0.9997262944024976,0.9991829618601552,0.9991850102529334,1.0001664229238787,0.0005433325423424007
60088.29102981476,0.9996871056512381,0.9991827655706991,0.9991848143119185,1.0001662294793987,0.0005043400805390119
60088.29111356733,0.9993012779490636,0.9991825696278932,0.9991846187188664,1.0001660361261553,0.0001187083211704465
60088.29119731989,0.9996767500872613,0.9991823740317197,0.999184423473759,1.000165842864131,0.0004943760555415899
60088.29128107246,0.9994083483810243,0.9991821787821766,0.9991842285765953,1.000165649693324,0.00022616959884769194
60088.29136482503,0.9990049346844718,0.9991819838792463,0.9991840340273569,1.0001654566137168,-0.00017704919477445902
60088.2914485776,0.999098327817883,0.9991817893229618,0.9991838398260771,1.0001652636253424,-8.346150507876349e-05
60088.29153233017,1.0003690000416532,0.9991815951132874,0.9991836459727206,1.0001650707281657,0.0011874049283657762
60088.29161608274,0.9990850569035572,0.9991814012502561,0.9991834524673193,1.0001648779222194,-9.634434669891778e-05
60088.2916998353,0.9990508542462327,0.9991812077338493,0.9991832593098559,1.0001646852074852,-0.00013035348761658572
60088.29178358787,0.9989855718687284,0.9991810145640664,0.999183066500329,1.0001644925839628,-0.00019544269533799952
60088.29186734044,0.9996811236948309,0.9991808217408893,0.9991828740387203,1.000164300051634,0.0005003019539415732
60088.29195109301,0.9991469803444694,0.99918062926435,0.9991826819250624,1.0001641076105312,-3.364891988066887e-05
60088.29203484558,0.9990679109203141,0.9991804371344144,0.9991782069151941,1.00016391526062,-0.00011252621410029473
60088.29211859815,0.9993474758028985,0.9991802453511139,0.999178015499543,1.0001637230019327,0.0001672304517845724
60088.29220235071,0.9983118756500731,0.9991800539144312,0.9991778244329402,1.0001635308344514,-0.0008681782643581437
60088.29228610328,0.9990743767311648,0.9991798628243651,0.9991776337153856,1.0001633387581754,-0.0001054860932002688
60088.29236985585,0.9986077870577525,0.9991796720808976,0.9991774433468605,1.0001631467730867,-0.0005718850231450912
60088.29245360842,0.999022498474584,0.9991794816840607,0.9991772533273978,1.0001629548792177,-0.00015698320947665767
60088.29253736099,0.9991589097223154,0.9991792916338204,0.999177063656962,1.0001627630765342,-2.0381911504996353e-05
60088.292621113564,0.9992086425987871,0.9991791019301917,0.99917687433557,1.0001625713650515,2.9540668595395836e-05
60088.29270486612,0.9993209800216336,0.9991789125732063,0.9991766853632522,1.0001623797448018,0.00014206744842726327
60088.29278861869,0.9995428746758948,0.999178723562814,0.9991764967399588,1.0001621882157345,0.0003641511130807462
60088.29287237126,0.9991789757455699,0.9991785348990133,0.9991763084656883,1.0001619967778483,4.4084655659304417e-07
60088.29295612383,0.9987454218820627,0.9991783465818361,0.9991761205404722,1.0001618054311756,-0.0004329246997734071
60088.2930398764,0.9990740794177319,0.999178158611248,0.999175932964277,1.0001616141756817,-0.00010407919351618222
60088.29312362897,0.9984904855748953,0.9991779709872649,0.9991757457371176,1.0001614230113827,-0.0006874854123696261
60088.29320738153,0.9984310608588433,0.9991777837099174,0.9991755588590254,1.0001612319383102,-0.000746722851074133
60088.2932911341,0.9990692924043524,0.9991775967791561,0.9991753723299502,1.000161040956414,-0.0001083043748036916
60088.29337488667,0.9995212428099725,0.9991774101949795,0.9991751861498913,1.0001608500656924,0.00034383261499293383
60088.29345863924,0.9993481791533484,0.9991772239574186,0.9991750003188795,1.0001606592661778,0.00017095519592980057
60088.29354239181,0.9990482777966965,0.9991770380664405,0.9991748148368814,1.0001604685578362,-0.00012876026974406596
60088.29362614438,0.9983098962935552,0.9991768525220598,0.999174629703912,1.0001602779406829,-0.0008669562285046339
60088.29370989694,0.9992762586690973,0.9991766673243075,0.9991744449200025,1.00016008741475,9.959134478976228e-05
60088.29379364951,0.9991984698344649,0.9991764824731342,0.999174260485103,1.0001598969799868,2.1987361330744193e-05
60088.29387740207,0.9988907407359714,0.9991762979685547,0.999174076399229,1.0001597066364087,-0.0002855572325832778
60088.293961154646,0.9980243646815744,0.9991761138105518,0.9991738926623625,1.0001595163839982,-0.0011517491289774195
60088.29404490722,0.9983102561903594,0.9991759299991406,0.9991737092745191,1.000159326222771,-0.0008656738087812199
60088.294128659785,0.9993266738712634,0.9991757465343357,0.9991735262357131,1.0001591361527424,0.00015092733692767535
60088.29421241235,0.99935865639592,0.99917556341612,0.9991733435459275,1.000158946173895,0.0001830929798000147
60088.29429616492,0.9988667650699009,0.9991753806444921,0.9991731612051611,1.0001587562862273,-0.0003086155745911645
60088.29437991748,0.9991157677445298,0.9991751982194506,0.9991729792134126,1.0001585664897383,-5.943047492074083e-05
60088.294463670056,0.9989516361088371,0.9991750161409795,0.9991727975706655,1.0001583767844113,-0.0002233800321423951
60088.29454742263,0.9986829322674038,0.9991748344090922,0.9991726162769334,1.0001581871702607,-0.0004919021416883718
60088.294631175195,0.9992222365691821,0.999174653023804,0.9991724353322317,1.0001579976473025,4.758354537803822e-05
60088.29471492776,0.9986718203354898,0.9991744719850978,0.9991722547365433,1.0001578082155191,-0.0005026516496079436
60088.294798680334,0.9997026047446083,0.9991742912929568,0.9991720744898512,1.000157618874893,0.0005283134516514965
60088.29488243289,0.9992578194864878,0.9991741109474265,0.9991718945922012,1.0001574296254725,8.370853906136677e-05
60088.294966185465,1.0001380860946234,0.9991739309484432,0.9991717150435298,1.0001572404671906,0.0009641551461802012
60088.29504993803,0.9993650367342345,0.9991737512960526,0.9991715358438823,1.0001570514000955,0.00019128543818192068
60088.295133690604,0.9992245388352681,0.9991735719902226,0.9991713569932263,1.000156862424154,5.096684504546367e-05
60088.29521744317,0.9994185720478177,0.9991733930309827,0.999171178491592,1.000156673539397,0.0002451790168349621
60088.295301195736,0.9993488220916884,0.9991732144183162,0.9991710003389622,1.0001564847458073,0.0001756076733722134
60088.2953849483,0.9989428642123188,0.9991730361522224,0.9991708225353361,1.0001562960433845,-0.00023017193990360063
60088.295468700875,0.9996529503240119,0.9991728582326839,0.9991706450806973,1.0001561074321104,0.00048009209132804376
60088.29555245344,0.9992138231703761,0.9991726806597309,0.9991704679750746,1.000155918912017,4.1142510645242325e-05
60088.295636206014,0.9988921958617419,0.9991725034333311,0.9991702912184367,1.0001557304830706,-0.00028030757158914454
60088.29571995858,0.9998932149823142,0.9991723265535138,0.9991701148108127,1.0001555421453026,0.0007208884288003592
60088.295803711146,0.9992740553143281,0.999172150020263,0.9991699387521863,1.000155353898696,0.00010190529406506332
60088.29588746371,0.9995209515860259,0.9991719738335771,0.9991697630425559,1.0001551657432495,0.00034897775244879803
60088.29597121628,0.9993192905349008,0.999171797993455,0.9991695876819205,1.000154977678962,0.00014749254144574842
60088.29605496885,0.9993482837318525,0.99917162249988,0.9991694126702642,1.0001547897058163,0.00017666123197246364
60088.29613872142,0.9990744288059669,0.9991714473528664,0.9991692380075998,1.0001546018238276,-9.701854689958544e-05
60088.29622247398,0.9987861116564872,0.9991712725524429,0.9991690636939574,1.0001544140330274,-0.0003851608959556385
60088.296306226555,0.9995224404745342,0.9991710980985482,0.9991688897292746,1.0001542263333498,0.0003513423759859968
60088.29638997912,1.0000720630569468,0.999170923991226,0.9991687161135955,1.0001540387248422,0.0009011390657208684
60088.29647373169,0.9994852940634563,0.9991707502304601,0.999168542846904,1.0001538512074877,0.000314543832996228
60088.29655748426,0.9993507688669643,0.999170576816234,0.9991683699291838,1.0001536637812685,0.00018019205073027678
60088.296641236826,0.9991856482733869,0.9991704037485767,0.9991681973604637,1.0001534764462163,1.5244524810165139e-05
60088.2967249894,0.9994534340374386,0.9991702310274568,0.9991680251407121,1.0001532892022977,0.0002832030099817473
60088.296808741965,0.9995025183939301,0.9991700586529031,0.999167853269958,1.000153102049544,0.0003324597410270247
60088.29689249452,0.9996871543474495,0.9991698866249142,0.9991676817482003,1.0001529149879542,0.0005172677225352418
60088.2969762471,0.9995196263104075,0.999169714943444,0.9991675105753922,1.0001527280174785,0.0003499113669634957
60088.29705999967,0.9998165999722316,0.999169543608521,0.9991673397515627,1.0001525411381482,0.0006470563637106519
60088.297143752236,0.998820263615086,0.9991693726201589,0.9991671692767258,1.0001523543499788,-0.00034910900507290066
60088.29722750481,0.9985228674324339,0.9991692019783269,0.9991669991508499,1.0001521676529368,-0.0006463345458930236
60088.29731125737,0.9988674168870587,0.999169031683068,0.999166829373978,1.0001519810470696,-0.0003016147960093196
60088.29739500993,0.9985360479244556,0.9991688617343364,0.9991666599460649,1.0001517945323277,-0.0006328138098807834
60088.297478762506,0.99920478061689,0.9991686921321307,0.9991664908671091,1.0001516081087098,3.608848475933346e-05
60088.29756251507,0.9995276612930949,0.9991685228764791,0.9991663221371387,1.0001514217762475,0.000359138416615834
60088.297646267645,0.9990040911318036,0.9991683539673512,0.9991661537561232,1.0001512355349074,-0.00016426283554760168
60088.29773002021,0.9994854545279055,0.9991681854047745,0.9991659857240903,1.0001510493847205,0.0003172691231310143
60088.29781377278,0.9992011734776544,0.9991680171887336,0.9991658180410243,1.0001508633256702,3.315628892075484e-05
60088.29789752534,0.9986543924742856,0.9991678493192268,0.9991656507069235,1.0001506773577549,-0.0005134568449411958
60088.29798127791,0.9990161652095694,0.9991676817962525,0.9991654837217869,1.0001504914809736,-0.0001515165866831092
60088.29806503048,0.9988263263651298,0.9991675146197952,0.9991653170855982,1.0001503056953094,-0.00034118825466544767
60088.29814878305,0.9990810814602158,0.9991673477898826,0.9991651507983856,1.0001501200007934,-8.626632966679537e-05
60088.29823253562,0.998730267004857,0.999167181306484,0.9991649848601184,1.000149934397392,-0.0004369143016269561
60088.29831628819,0.9988683251279742,0.9991670151696274,0.9991648192708246,1.0001497488851372,-0.00029869004165317126
60088.298400040745,0.998433291939014,0.9991668493793113,0.9991646540305018,1.0001495634640274,-0.0007335574402973499
60088.29848379332,0.9985510274350557,0.9991666839354908,0.9991644891391066,1.0001493781340132,-0.0006156565004350467
60088.298567545884,0.9988310615389625,0.9991665188382077,0.9991643245966799,1.0001491928951418,-0.00033545729924522316
60088.29865129846,0.9989539638907177,0.9991663540874324,0.9991641604031922,1.0001490077473805,-0.00021239019671470682
60088.29873505103,0.9991221196593003,0.9991661896831773,0.999163996558656,1.0001488226907438,-4.407002387696313e-05
60088.29881880359,0.9982557033071465,0.9991660256254695,0.9991638330630983,1.0001486377252629,-0.000910322318322998
60088.298902556155,0.9993723533810371,0.9991658619142655,0.9991636699164753,1.000148452850889,0.0002064914667716522
60088.29898630872,0.9993879092059452,0.9991656985495775,0.9991635071187998,1.0001482680676368,0.0002222106563677384
60088.29907006129,0.9992560080474554,0.9991655355313896,0.9991633446700564,1.0001480833754888,9.04725160657538e-05
60088.29915381387,0.999366057855413,0.9991653728597154,0.999163182570257,1.0001478987744608,0.00020068499569758647
60088.29923756643,0.9997629802365151,0.9991652105345673,0.9991630208194152,1.0001477142645674,0.0005977697019478034
60088.299321319,0.9994967193842078,0.9991650485559292,0.9991628594175148,1.0001475298457914,0.000331670828278563
60088.299405071564,0.9996502072365423,0.9991648869238003,0.9991626983645547,1.000147345518132,0.00048532031274195475
60088.29948882413,0.9983561178874104,0.9991647256381786,0.9991625376605332,1.000147161281588,-0.0008086077507681866
60088.2995725767,0.9996120059801624,0.9991645646990492,0.9991623773054352,1.0001469771361426,0.00044744128111318116
60088.29965632927,0.9992685671333974,0.9991644041064383,0.9991622172992864,1.0001467930818266,0.00010416302695914759
60088.29974008184,0.9987082178207011,0.9991642438603163,0.9991620576420588,1.0001466091186069,-0.0004560260396152538
60088.2998238344,0.9988239987566823,0.9991640839607242,0.9991618983337912,1.0001464252465309,-0.00034008520404194
60088.299907586974,0.999372483912499,0.9991639244076038,0.9991617393744273,1.0001462414655327,0.00020855950489517827
60088.29999133954,0.9991852975750406,0.9991637652009961,0.9991615807640071,1.00014605777566,2.153237404445285e-05
60088.300075092106,0.9990114053799448,0.9991636063408856,0.9991614225025152,1.0001458741768956,-0.00015220096094081814
60088.30015884468,0.9986940433836805,0.9991634478272569,0.9991612645899361,1.0001456906692225,-0.0004694044435763489
60088.300242597245,0.9993768121038222,0.9991632896601359,0.9991611070262966,1.0001455072526715,0.00021352244368633144
60088.30032634981,0.998512749181651,0.9991631318395076,0.9991609498115804,1.0001453239272258,-0.0006503826578565519
60088.300410102376,0.9987102460546893,0.9991629743653698,0.9991607929457865,1.0001451406928838,-0.0004527283106805502
60088.30049385494,0.9990268807821251,0.9991628172377219,0.9991606364289134,1.0001449575496453,-0.0001359364555968412
60088.300577607515,0.9992485278577141,0.9991626604565481,0.9991604802609456,1.0001447744974927,8.586740116600655e-05
60088.30066136008,0.9992026405716464,0.9991625040218743,0.999160324441909,1.000144591536457,4.013654977208514e-05
60088.300745112654,0.9990164538141864,0.999162347933672,0.9991601689717751,1.000144408666506,-0.00014589411948562336
60088.30082886522,0.9988640861677622,0.9991621921919663,0.999160013850569,1.0001442258876692,-0.00029810602420410337
60088.300912617786,0.9992507047765242,0.999162036796742,0.9991598590782758,1.0001440431999302,8.866797978224206e-05
60088.300996370344,0.9993083998807932,0.9991618817480116,0.9991597046549071,1.0001438606033044,0.00014651813278165893
60088.30108012292,0.9987574792174467,0.9991617270457328,0.9991595505804215,1.0001436780977426,-0.0004042478282860751
60088.30116387549,0.9991250699883619,0.999161572689931,0.999159396854844,1.0001434956832758,-3.6502701569074425e-05
60088.30124762806,0.9987140115649257,0.9991614186806177,0.9991592434781863,1.0001433133599185,-0.0004474071156920223
60088.30133138063,0.998817549501035,0.9991612650177649,0.9991590904504204,1.000143131127638,-0.0003437155167299588
60088.30141513319,0.999409666188248,0.9991611117014111,0.9991589377715845,1.0001429489864813,0.00024855448683691606
60088.301498885754,0.9991903635032983,0.999160958731514,0.9991587854416367,1.000142766936399,2.9404771784258266e-05
60088.30158263832,0.9984895771901443,0.9991608061080861,0.9991586334605888,1.0001425849774066,-0.0006712289179418018
60088.30166639089,0.9991850107027628,0.9991606538311122,0.9991584818284266,1.0001424031094872,2.4356871650588197e-05
60088.301750143466,0.9990257653912529,0.9991605019006039,0.9991583305451609,1.0001422213326552,-0.00013473650935103
60088.30183389603,0.9996885017292012,0.9991603503165727,0.9991581796108034,1.0001420396469256,0.0005281514126285192
60088.3019176486,0.9988058504708881,0.999160199079004,0.9991580290253398,1.0001418580522816,-0.0003543486081158953
60088.302001401156,0.998411772970564,0.999160048187909,0.9991578787887807,1.000141676548738,-0.0007482752173449958
60088.30208515373,0.9988485772049233,0.9991598976432468,0.9991577289010857,1.0001414951362462,-0.00031132043832349243
60088.302168906295,0.9991528740304378,0.9991597474450551,0.9991575793622923,1.0001413138148527,-6.873414617247775e-06
60088.30225265887,0.9991981108354006,0.9991595975933061,0.9991574301723731,1.000141132584525,3.851324209447338e-05
60088.30233641144,0.9988794991108004,0.999159448088011,0.9991572813313386,1.0001409514452777,-0.00027994897721062006
60088.302420164,0.9982232882487425,0.9991592989291941,0.999157132839214,1.000140770397141,-0.0009360106804515711
60088.302503916566,0.9986891082281536,0.9991591501168151,0.9991569846959577,1.0001405894400672,-0.00047004188866150987
60088.30258766913,0.9995872477029109,0.9991590016508849,0.9991568369015817,1.0001404085740706,0.0004282460520259601
60088.302671421705,0.9996175364079748,0.9991588535313892,0.9991566894560711,1.0001402277991347,0.00045868287658556994
60088.30275517427,0.9993422490554907,0.9991587057583521,0.9991565423594502,1.00014004711529,0.00018354329713865525
60088.302838926844,0.9997719321809964,0.9991585583317454,0.9991563956116913,1.0001398665225032,0.0006133738492509755
60088.3029226794,0.99886020068053,0.9991584112516069,0.9991562492128312,1.0001396860208214,-0.0002982105710768179
60088.30300643197,0.9989032803189067,0.9991582645178958,0.9991561031628298,1.000139505610196,-0.0002549841989890611
60088.30309018454,0.9990492987284445,0.9991581181306107,0.9991559574616856,1.0001393252906263,-0.00010881940216622699
60088.30317393711,0.9997428356677558,0.9991579720897754,0.9991558121094217,1.0001391450621424,0.0005848635779803768
60088.30325768968,0.9986900541863825,0.9991578263953622,0.999155667106012,1.0001389649247117,-0.00046777220897975536
60088.303341442246,0.9981026921862791,0.9991576810473954,0.9991555224514791,1.000138784878365,-0.0010549888611163238
60088.30342519481,0.9990640377306859,0.9991575360458602,0.9991553781458089,1.0001386049230852,-9.349831517435625e-05
60088.30350894738,0.9994176963454657,0.9991573913907547,0.999155234189,1.0001384250588712,0.00026030495471107695
60088.303592699944,0.9986838520376111,0.9991572470820778,0.9991550905810501,1.0001382452857228,-0.00047339504446664016
60088.30367645251,0.999286426787189,0.9991571031198268,0.9991549473219576,1.0001380656036378,0.00012932366736229106
60088.30376020508,0.9991721846287746,0.9991569595039881,0.9991548044117086,1.0001378860126005,1.5225124786466537e-05
60088.30384395765,0.9997732678278607,0.9991568162345846,0.9991546618503255,1.0001377065126404,0.0006164515932760573
60088.303927710214,0.9992279178887659,0.9991566733116023,0.9991545196377948,1.0001375271037416,7.124457716356503e-05
60088.30401146279,0.9990798688049187,0.9991565307350266,0.999154377774102,1.0001373477858868,-7.6661930107913e-05
60088.304095215346,0.9990752672461608,0.9991563885048932,0.9991542362592822,1.000137168559122,-8.112125873238618e-05
60088.30417896792,0.9993213133236606,0.9991562466211508,0.9991540950932847,1.000136989423384,0.00016506670250981959
60088.304262720485,0.9981994687403333,0.9991561050838346,0.9991539542761442,1.0001368103787185,-0.0009566363435012937
60088.30434647306,0.9989629344364446,0.9991559638929179,0.9991538138078345,1.000136631425093,-0.00019302945647337033
60088.30443022562,1.0003127755405528,0.9991558230484363,0.9991536736883903,1.0001364525625536,0.0011569524921164476
60088.30451397819,0.9991570159903187,0.9991556825503383,0.9991535339177612,1.0001362737910366,1.3334399804332264e-06
60088.30459773075,0.9993556252282618,0.999155542398671,0.9991533944959943,1.0001360951106033,0.0002000828295908308
60088.30468148332,0.9993186112218453,0.9991554025933842,0.9991532554230385,1.0001359165211907,0.00016320862846108675
60088.30476523589,0.9989195482937233,0.9991552631345127,0.9991531166989285,1.0001357380228446,-0.00023571484078943605
60088.30484898846,0.9997061339411578,0.9991551240220298,0.9991529783236387,1.0001355596155321,0.0005510099191280426
60088.30493274102,0.9994302077744812,0.9991549852559701,0.999152840297203,1.0001353812992995,0.0002752225185110868
60088.30501649359,0.9990002334656037,0.999154846836284,0.9991527026195717,1.0001352030740835,-0.0001546133706802344
60088.30510024615,0.9994057192421769,0.9991547087630173,0.9991525652907908,1.0001350249399452,0.00025101047915965236
60088.305183998724,0.9993553004181416,0.9991545710361198,0.9991524283108105,1.0001348468968212,0.00020072938202175816
60088.3052677513,0.9990495969594491,0.9991544336556143,0.9991522916796527,1.000134668944742,-0.00010483669616523361
60088.30535150386,0.999065792496247,0.9991542966215106,0.9991521553973282,1.0001344910837215,-8.850412526351104e-05
60088.305435256436,0.9990482099081791,0.9991541599337825,0.99915201946381,1.000134313313728,-0.00010595002560342959
60088.305519008994,0.9995641234120739,0.9991540235924644,0.9991518838791328,1.0001341356348068,0.0004100998196094885
60088.30560276156,0.9986421726149494,0.9991538875975186,0.9991517486432585,1.0001339580469106,-0.0005117149825691891
60088.305686514126,0.9985466596865262,0.9991537519489552,0.999151613756198,1.000133780550054,-0.0006070922624289432
60088.3057702667,0.9996166688616291,0.9991536166467602,0.999151479217937,1.0001336031442203,0.0004630522148689753
60088.305854019265,0.9995191871568807,0.9991534816909554,0.9991513450284968,1.0001334258294394,0.0003657054659252923
60088.30593777184,0.9999233349256873,0.9991533470815156,0.9991512111878522,1.0001332486056795,0.0007699878441717045
60088.3060215244,0.9981224242046021,0.9991532128184735,0.9991510776960368,1.0001330714729857,-0.0010307886138714029
60088.30610527696,0.9989512490936036,0.9991530789017924,0.999150944553013,1.0001328944313106,-0.0002018298081888359
60088.30618902953,0.9986131934868613,0.9991529453314821,0.9991508117587912,1.000132717480669,-0.0005397518446208505
60088.3062727821,0.9994038631576261,0.9991528121075288,0.9991506793133573,1.000132540621044,0.0002510510500972618
60088.30635653467,0.9990448784272695,0.9991526792299544,0.9991505472167328,1.000132363852466,-0.00010780080268490977
60088.30644028724,0.9998176973525434,0.9991525466987328,0.9991504154688928,1.0001321871749023,0.0006651506538106755
60088.3065240398,0.9991401697339282,0.9991524145138977,0.9991502840698692,1.000132010588399,-1.2244779969527997e-05
60088.306607792365,0.9984227265987013,0.9991522826754119,0.9991501530196265,1.0001318340929084,-0.0007295560767105469
60088.30669154493,0.999598249603414,0.9991521511832852,0.9991500223181733,1.000131657688445,0.000446098420128882
60088.306775297504,0.9994220114105379,0.9991520200375043,0.9991498919654973,1.0001314813749924,0.00026999137303362897
60088.30685905007,0.9988553920333575,0.9991518892380895,0.9991497619616182,1.00013130515258,-0.0002964972047320158
60088.30694280264,0.9983754122061729,0.9991517587850169,0.999149632306512,1.0001311290211767,-0.0007763465788440671
60088.3070265552,0.9988653604237756,0.9991516286783177,0.99914950300021,1.0001309529808267,-0.00028626825454214355
60088.30711030777,0.9992880723633638,0.999151498917957,0.9991493740426772,1.000130777031484,0.00013657344540685123
60088.30719406033,0.9992054461425398,0.9991513695039429,0.9991492454339224,1.0001306011731619,5.4076638596911586e-05
60088.307277812906,0.9998913936289349,0.9991512404362629,0.9991491171739324,1.0001304254058445,0.0007401531926719551
60088.30736156547,0.9989878194681174,0.9991511117149378,0.9991489892627274,1.0001302497295619,-0.0001632922468203235
60088.307445318045,0.9988713529345852,0.9991509833399425,0.9991488617002838,1.0001300741442818,-0.00027963040535727846
60088.307529070604,0.9987697899281573,0.9991508553113083,0.9991487344866321,1.0001298986500489,-0.00038106538315096916
60088.30761282317,0.9988442390179432,0.9991507276290003,0.9991486076217374,1.0001297232468167,-0.00030648861105708747
60088.307696575735,0.9993517842208607,0.9991506002930278,0.9991484811056085,1.0001295479345997,0.00020118392783285977
60088.30778032831,0.9995226998990372,0.9991504733033771,0.9991483549382327,1.0001293727133813,0.00037222659566005234
60088.307864080874,0.9987411669956697,0.9991503466600689,0.9991482291196301,1.0001291975831912,-0.00040917966439912856
60088.30794783345,0.9990325170716593,0.9991502203630784,0.999148103649776,1.0001290225439974,-0.0001177032914191356
60088.308031586006,0.999121972301156,0.999150094412437,0.9991479785287017,1.000128847595845,-2.8122111281003725e-05
60088.30811533858,0.9991874188080347,0.9991499688080989,0.9991478537563616,1.0001286727386722,3.744999993582354e-05
60088.30819909114,0.9988471129057658,0.9991498435501055,0.9991477293327968,1.0001284979725384,-0.0003027306443397215
60088.30828284371,0.9991805802137129,0.9991497186384114,0.9991476052579623,1.0001283232973823,3.086157530152178e-05
60088.30836659628,0.9992004946851224,0.999149594073047,0.999147481531888,1.0001281487132483,5.0900612075355234e-05
60088.30845034885,0.9993277093718987,0.9991494698539883,0.9991473581545507,1.0001279742201044,0.0001782395179104057
60088.30853410141,0.9990276470427564,0.9991493459812665,0.9991472351259804,1.000127799817996,-0.00012169893851010638
60088.30861785398,0.9992428286345226,0.9991492224548356,0.9991471124461319,1.000127625506861,9.360617968701135e-05
60088.30870160654,0.9992433220587712,0.9991490992747366,0.9991469901150462,1.0001274512867588,9.422278403459217e-05
60088.30878535911,0.9988252047544391,0.9991489764409248,0.9991468681326785,1.0001272771576282,-0.00032377168648567434
60088.30886911168,0.9988975047292918,0.9991488539534303,0.9991467464990584,1.0001271031195134,-0.00025134922413849736
60088.30895286425,0.9994782991832092,0.9991487318122295,0.9991466252141633,1.000126929172383,0.0003295673709796665
60088.30903661681,0.9991559982388961,0.999148610017352,0.9991465042780219,1.0001267553162816,7.388221544113449e-06
60088.309120369384,0.9988173811253166,0.9991484885687538,0.9991463836905906,1.0001265815511478,-0.00033110744343722853
60088.30920412194,0.9990593737138932,0.9991483674664746,0.9991462634519087,1.0001264078770407,-8.899375258142328e-05
60088.309287874516,0.999241449983368,0.9991482467104704,0.9991461435619329,1.000126234293899,9.320327289752406e-05
60088.30937162708,0.9989353750372738,0.9991481263007708,0.999146024020692,1.0001260608017672,-0.0002127512634969575
60088.309455379655,0.9988899601832746,0.9991480062373527,0.9991459048281632,1.000125887400614,-0.0002580460540780871
60088.30953913222,0.9985659122053827,0.9991478865202342,0.999145785984365,1.0001257140904682,-0.0005819743148515188
60088.309622884786,0.9992817828021855,0.9991477671494033,0.9991456674892853,1.000125540871314,0.000134015652782149
60088.309706637345,0.9991353939289997,0.9991476481248683,0.9991455493429318,1.0001253677431654,-1.2254195868588447e-05
60088.30979038992,0.9989131698582951,0.9991475294465958,0.9991454315452717,1.0001251947059762,-0.00023435958830064774
60088.309874142484,0.998876103433781,0.9991474111146149,0.9991453140963336,1.0001250217597908,-0.0002713076808339432
60088.30995789506,0.999252417309866,0.999147293128903,0.9991451969960949,1.000124848904578,0.00010512418096297882
60088.31004164762,0.9986259703736367,0.9991471754894778,0.999145080244574,1.0001246761403664,-0.0005212051158411946
60088.31012540019,1.0000099902014254,0.9991470581963275,0.9991449638417582,1.0001245034671404,0.000862932005097905
60088.31020915275,0.9988218068598748,0.9991469412494598,0.999144847787656,1.0001243308849137,-0.0003251343895850356
60088.31029290532,0.9990309078403928,0.9991468246488423,0.9991447320822345,1.0001241583936407,-0.00011591680844946772
60088.310376657886,0.9990683704655666,0.9991467083945033,0.9991446167255219,1.000123985993365,-7.833792893663372e-05
60088.31046041045,0.9993065183641391,0.9991465924864301,0.9991445017175061,1.0001238136840709,0.00015992587770896627
60088.310544163025,0.9983422978371363,0.999146476924611,0.9991443870581748,1.0001236414657422,-0.0008041790874746546
60088.31062791558,0.9993807544599491,0.9991463617090738,0.9991442727475556,1.0001234693384229,0.00023439275087533407
60088.31071166815,0.9987544073326388,0.999146246839786,0.9991441587856166,1.000123297302067,-0.00039183950714727356
60088.310795420715,0.9989959238730599,0.9991461323167555,0.9991440451723655,1.0001231253566885,-0.0001502084436956208
60088.31087917329,0.9995727203161104,0.9991460181399705,0.9991439319077904,1.0001229535022715,0.000426702176139937
60088.310962925854,0.999149547187787,0.9991459043094483,0.9991438189919088,1.0001227817388447,3.6428783387609798e-06
60088.31104667843,0.9988294858550419,0.9991457908251671,0.9991437064246986,1.0001226100663774,-0.00031630497012513636
60088.311130430986,0.9989707963810779,0.999145677687154,0.9991435942061871,1.0001224384849132,-0.0001748813060761245
60088.31121418355,0.9989292574767263,0.9991455648953778,0.999143482336343,1.0001222669944065,-0.000216307418651418
60088.31129793612,1.000336340878696,0.9991454524498458,0.9991433708151735,1.0001220955948713,0.0011908884288502897
60088.31138168869,0.9992487248952929,0.9991453403505457,0.9991432596426667,1.0001219242862913,0.00010338454474723147
60088.31146544126,0.9991249924409007,0.9991452285974953,0.9991431488188398,1.0001217530686957,-2.023615659463296e-05
60088.31154919383,0.9999288172290058,0.9991451171906727,0.9991430383436715,1.0001215819420533,0.0007837000383331683
60088.31163294639,0.9990140758253095,0.9991450061301049,0.9991429282171881,1.000121410906408,-0.0001309303047953847
60088.31171669895,0.9987519293065682,0.99914489541577,0.9991428184393683,1.000121239961729,-0.00039296610920180886
60088.31180045152,0.9999450081877425,0.9991447850476469,0.9991427090101905,1.0001210691079856,0.0008002231400955351
60088.311884204086,0.9988106955645224,0.9991446750257619,0.9991425999296817,1.0001208983452212,-0.0003339794612394753
60088.31196795666,0.9989268842473549,0.9991445653500938,0.9991424911978202,1.0001207276734054,-0.00021768110273889807
60088.312051709225,0.9991094335192946,0.9991444560206592,0.9991423828146226,1.0001205570925664,-3.5022501364556646e-05
60088.31213546179,0.9990345392911371,0.9991443470374469,0.9991422747800774,1.000120386602689,-0.00010980774630986456
60088.31221921436,0.9993250571318529,0.9991442384004541,0.9991421670941824,1.000120216203772,0.0001808187313988574
60088.31230296692,0.9995682789119109,0.9991441301096785,0.9991420597569345,1.0001200458958137,0.0004241488022324047
60088.31238671949,0.9987994833831472,0.9991440221651178,0.999141952768333,1.0001198756788137,-0.0003445387819706047
60088.31247047206,0.9988968497298742,0.9991439145667608,0.999141846128365,1.0001197055527562,-0.0002470648368865236
60088.31255422463,0.9986627897144249,0.9991438073146238,0.9991417398370472,1.0001195355176697,-0.0004810176001989186
60088.312637977186,0.9985397705282805,0.9991437004087044,0.9991416338943774,1.0001193655735532,-0.0006039298804239035
60088.31272172976,0.9988973212800805,0.9991435938489721,0.9991415283003257,1.0001191957203612,-0.00024627256889164784
60088.31280548232,0.9993552821061059,0.9991434876354623,0.9991414230549264,1.000119025958152,0.00021179447064356705
60088.31288923489,0.9992735648197731,0.9991433817681356,0.99914131815814,1.0001188562868657,0.00013018305163758903
60088.312972987456,0.9983805395333545,0.9991432762470169,0.999141213609993,1.000118686706545,-0.0007627367136624486
60088.31305674003,0.9989074555655628,0.9991431710720861,0.9991411094104636,1.0001185172171598,-0.00023571550652323747
60088.31314049259,1.0001241204599287,0.999143066243368,0.9991410055595774,1.0001183478187532,0.000981054216560695
60088.31322424516,0.9999819274756502,0.9991429617608238,0.9991409020572957,1.0001181785112652,0.0008389657148263341
60088.31330799772,0.9994734819245202,0.9991428576244878,0.9991407989036519,1.000118009294754,0.0003306243000323894
60088.313391750286,0.9987455978488197,0.9991427538343303,0.9991406960986173,1.000117840169174,-0.00039715598551059994
60088.31347550286,0.9992764589016788,0.9991426503903492,0.9991405936421895,1.0001176711345245,0.0001338085113296028
60088.313559255424,0.9990030574199892,0.9991425472925598,0.9991404915343838,1.0001175021908337,-0.0001394898725706195
60088.313643008,0.9994374771228934,0.9991424445409424,0.99914038977518,1.0001173333380717,0.0002950325819510713
60088.313726760556,0.9990273267613642,0.999142342135521,0.9991402883646026,1.000117164576281,-0.00011501537415681273
60088.31381051312,0.9992797621214251,0.9991422400762665,0.9991401873026223,1.0001169959054166,0.00013752204515860011
60088.31389426569,0.9997107107870744,0.9991421383631854,0.9991400865892461,1.0001168273254921,0.0005685724238889689
60088.31397801826,0.9994350919289849,0.9991420369962672,0.9991399862244627,1.0001166588364925,0.00029305493271769567
60088.31406177083,0.9995289940029581,0.9991419359755266,0.999139886208287,1.0001164904384454,0.0003870580274315527
60088.31414552339,0.9987772976246277,0.9991418353009525,0.9991397865407081,1.0001163221313354,-0.00036453767632471656
60088.31422927596,0.9996602407020776,0.9991417349725427,0.9991396872217239,1.0001161539151615,0.0005185057295349349
60088.31431302852,0.9989974396066567,0.9991416349903031,0.9991395882513401,1.000115985789937,-0.00014419538364640605
60088.31439678109,0.9989451171411585,0.9991415353542059,0.9991394896295288,1.0001158177556178,-0.00019641821304738905
60088.314480533656,0.9990933696777576,0.9991414360642744,0.9991393913563137,1.000115649812246,-4.8066386516776305e-05
60088.31456428623,0.9992298946937728,0.9991413371204891,0.9991392934316745,1.000115481959792,8.85575732836319e-05
60088.314648038795,0.9995175645875052,0.9991412385228647,0.9991391958556267,1.0001153141982835,0.00037632606464044205
60088.31473179135,0.9985231457591983,0.9991411402713987,0.9991390986281673,1.0001151465277194,-0.0006179945122003483
60088.31481554392,0.9994715328877868,0.9991410423660716,0.999139001749277,1.0001149789480699,0.00033049052171518767
60088.314899296485,0.9992437354715519,0.99914094480689,0.9991389052189623,1.0001148114593486,0.00010279066466190034
60088.31498304906,0.9997633243739789,0.9991408475938425,0.999138809037212,1.0001146440615396,0.0006224767801363829
60088.315066801624,0.9993447956834508,0.9991407507269439,0.9991387132040406,1.0001144767546712,0.00020404495650694354
60088.31515055419,0.9990975530022501,0.9991406542061833,0.9991386177194375,1.000114309538728,-4.310120393313799e-05
60088.315234306756,0.9995202392279527,0.999140558031558,0.9991385225834001,1.0001141424137086,0.0003796811963947544
60088.315318059314,0.9991770051802401,0.9991404622030744,0.9991384277959339,1.0001139753796269,3.654297716570998e-05
60088.31540181189,1.0000448172936551,0.9991403667207047,0.9991383333570121,1.000113808436438,0.0009044505729504104
60088.31548556445,0.9991693673137225,0.9991402715844717,0.9991382392666571,1.000113641584185,2.909572925080539e-05
60088.31556931703,0.9986983622115109,0.9991401767943565,0.9991381455248497,1.0001134748228373,-0.00044181458284564545
60088.31565306959,0.9991504854103089,0.9991400823503731,0.999138052131604,1.0001133081524234,1.0403059935826242e-05
60088.31573682215,0.9993973787196878,0.9991399882525185,0.9991379590869176,1.0001131415729416,0.00025739046716932723
60088.31582057472,0.9991207110592659,0.9991398945007746,0.9991378663907716,1.0001129750843627,-1.9183441508641152e-05
60088.31590432728,0.9996357607448998,0.9991398010951464,0.999137774043172,1.0001128086866995,0.0004959596497533525
60088.315988079856,0.9995435270397447,0.9991397080356242,0.999137682044108,1.0001126423799371,0.0004038190041204537
60088.31607183242,0.9989645457109564,0.9991396153222212,0.9991375903935928,1.0001124761641031,-0.0001750696112647887
60088.31615558499,0.9987428021333649,0.999139522954927,0.999137499091617,1.0001123100391822,-0.0003967208215621687
60088.31623933755,0.9991584873132956,0.9991394309337389,0.9991374081381773,1.0001121440051732,1.9056379556681158e-05
60088.31632309012,0.9990428982301913,0.999139339258655,0.9991373175332713,1.0001119780620753,-9.644102846362301e-05
60088.316406842685,0.9993449041995006,0.9991392479296722,0.9991372272768967,1.0001118122098875,0.00020565626982838037
60088.31649059525,0.9991397335358599,0.9991391569467881,0.999137137369051,1.0001116464486084,5.765890718212319e-07
60088.316574347824,0.9994624339347273,0.9991390663099928,0.9991370478097241,1.0001114807782232,0.0003233676247345052
60088.31665810039,0.9990979039421976,0.9991389760192996,0.9991369585989287,1.0001113151987595,-4.107207710202232e-05
60088.31674185295,0.999604607369905,0.9991388860747051,0.9991368697366623,1.000111149710216,0.00046572129519983907
60088.31682560552,0.999521137736093,0.9991387964761845,0.9991367812228995,1.000110984312549,0.00038234125990843637
60088.31690935808,0.999597049015499,0.9991387072237656,0.9991366930576686,1.0001108190058146,0.0004583417917333188
60088.31699311065,0.9991757763721597,0.9991386183174152,0.9991366052409358,1.0001106537899545,3.7158054744468316e-05
60088.31707686322,0.9994154775160855,0.999138529757154,0.9991365177727226,1.0001104886650107,0.0002769477589315006
60088.317160615785,0.999273016390572,0.9991384415429719,0.999136430653018,1.0001103236309683,0.00013457484760004412
60088.31724436835,0.9993829545031726,0.9991383536748661,0.9991363438818198,1.0001101586878256,0.0002446008283064627
60088.31732812092,0.9987011191016694,0.9991382661528344,0.9991362574591254,1.0001099938355822,-0.00043714705116504327
60088.31741187348,0.9992847004059132,0.9991381789768738,0.9991361713849322,1.0001098290742365,0.00014652142903937015
60088.31749562605,0.998319418702926,0.9991380921469821,0.9991360856592376,1.000109664403788,-0.0008186734440561727
60088.317579378614,0.9983541513036709,0.999138005663157,0.9991360002820392,1.0001094998242355,-0.0007838543594861358
60088.31766313119,0.9991834025581556,0.999137919525388,0.9991359152533272,1.0001093353355637,4.548303276763477e-05
60088.317746883746,0.9995964372097922,0.9991378337336954,0.999135830573121,1.0001091709378145,0.0004586034760968305
60088.31783063632,0.9991575748250952,0.9991377482880468,0.999135746241389,1.0001090066309302,1.98265370483508e-05
60088.31791438888,0.998626895306364,0.9991376631884686,0.9991356622581572,1.0001088424149658,-0.0005107678821046902
60088.31799814144,0.9993446708046563,0.9991375784349372,0.9991355786234019,1.0001086782898787,0.00020709236971905298
60088.318081894016,0.9989267321254413,0.9991374940274496,0.9991354953371198,1.0001085142556674,-0.00021076190200830514
60088.31816564658,0.9994347531059099,0.9991374099660176,0.9991354123993236,1.0001083503123593,0.0002973431398922699
60088.31824939915,0.9990955699819518,0.9991373262506317,0.9991353298100032,1.0001081864599393,-4.175626867986004e-05
60088.318333151714,0.9992070333979084,0.999137242881289,0.9991352475691554,1.0001080226984063,6.979051661937241e-05
60088.31841690427,0.9987411640595392,0.9991371598579947,0.9991351656767856,1.0001078590277737,-0.00039599579845550625
60088.318500656846,0.9988946969650895,0.9991370771807236,0.9991350841328698,1.0001076954479975,-0.00024238021563416368
60088.31858440941,0.9994181910602354,0.999136994849496,0.9991350029374263,1.00010753195912,0.0002811962107394095
60088.31866816198,0.9993465137055758,0.9991369128643014,0.9991349220904456,1.0001073685611253,0.00020960084127441547
60088.31875191455,0.9994582881118363,0.9991368312251298,0.9991348415919182,1.0001072052539983,0.0003214568867065948
60088.31883566711,0.9992097591197767,0.9991367499320005,0.9991347614418622,1.0001070420377811,7.300918777619625e-05
60088.318919419675,0.9997972525358378,0.9991366689848895,0.9991346816402541,1.0001068789124297,0.0006605835509483349
60088.31900317224,0.9994349075230072,0.9991365883838013,0.9991346021870987,1.0001067158779575,0.0002983191392059714
60088.31908692481,0.9996358899041409,0.9991365081287329,0.9991345230823929,1.0001065529343633,0.000499381775407981
60088.31917067738,0.9993163156624297,0.9991364282196753,0.9991344443261273,1.0001063900816323,0.0001798874427544339
60088.319254429945,0.9990362952570583,0.9991363486566397,0.9991343659183133,1.0001062273197916,-0.00010005339958141235
60088.319338182504,0.9993802730173289,0.9991362694396227,0.9991342878589475,1.0001060646488398,0.00024400357770615333
60088.31942193507,0.9984596073555403,0.9991361905686086,0.9991342101480148,1.000105902068748,-0.0006765832130682936
60088.319505687636,0.9986265585658076,0.9991361120436018,0.9991341327855184,1.0001057395795296,-0.0005095534777941335
60088.31958944021,0.9989176160508351,0.9991360338645925,0.9991340557714491,1.0001055771811693,-0.0002184178137574211
60088.319673192775,0.9988623499546433,0.9991359560315916,0.9991339791058179,1.000105414873694,-0.0002736060769482629
60088.31975694534,0.9994093836489701,0.9991358785445897,0.9991339027886156,1.000105252657089,0.00027350510438040043
60088.319840697906,0.9987802288117683,0.9991358014035848,0.9991338268198392,1.0001050905313535,-0.0003555725918165109
60088.319924450465,0.9998105614271648,0.9991357246085796,0.9991337511994927,1.0001049284964996,0.0006748368185852671
60088.32000820303,0.9993257610854744,0.9991356481595592,0.9991336759275603,1.0001047665524991,0.0001901129259151979
60088.320091955604,0.9994297289450452,0.9991355720565209,0.9991336010040395,1.000104604699351,0.00029415688852429955
60088.32017570817,0.9988354026517315,0.9991354962994748,0.9991335264289404,1.0001044429370818,-0.0003000936477433047
60088.32025946074,0.9990274030712508,0.9991354208884056,0.9991334522022476,1.0001042812656629,-0.00010801781715474856
60088.3203432133,0.9990746670551095,0.9991353458233295,0.9991333783239774,1.000104119685135,-6.0678768220023827e-05
60088.32042696586,0.9984988698165055,0.9991352711042317,0.9991333047941149,1.0001039581954698,-0.0006364012877262404
60088.32051071843,0.9989365945798335,0.9991351967310957,0.9991332316126443,1.0001037967966375,-0.00019860215126221714
60088.320594471,0.9991739669955236,0.9991351227039389,0.9991331587795818,1.0001036354886796,3.884429158473868e-05
60088.320678223565,0.9989819173630349,0.9991350490227517,0.9991330862949185,1.0001034742715809,-0.00015313165971686526
60088.32076197614,0.9986652407619995,0.9991349756875254,0.9991330141586454,1.0001033131453265,-0.0004697349255259331
60088.3208457287,0.9992501269632195,0.999134902698276,0.9991329423707789,1.000103152109957,0.00011522426494348093
60088.32092948126,0.9993545210822566,0.999134830054982,0.9991328709312971,1.0001029911654302,0.00021969102727459333
60088.32101323383,0.9993106210718594,0.9991347577576473,0.9991327998402036,1.0001028303117587,0.00017586331421215462
60088.321096986394,0.9987113026321813,0.9991346858062683,0.9991327290974961,1.0001026695489412,-0.00042338317408696646
60088.32118073896,0.9994436621775703,0.999134614200843,0.999132658703171,1.000102508876977,0.00030904797672726136
60088.32126449153,0.9992922457500375,0.9991345429413628,0.9991325886572204,1.0001023482958515,0.00015770280867466457
60088.32134824409,0.9990992025579032,0.9991344720278429,0.9991325189596595,1.0001021878056051,-3.52694699397027e-05
60088.321431996665,0.9986054500878938,0.999134401460256,0.9991324496104609,1.0001020274061811,-0.0005289513723621964
60088.32151574922,0.9988938799152685,0.999134331238624,0.9991323806096467,1.0001018670976343,-0.00024045132335559494
60088.32159950179,0.9994200087680822,0.9991342613629258,0.9991323119571954,1.0001017068799218,0.0002857474051564113
60088.32168325436,0.9988063030411886,0.9991341918331589,0.999132243653105,1.000101546753043,-0.00032788879197032106
60088.32176700693,0.9987942603950416,0.9991341226493324,0.9991321756973842,1.0001013867170243,-0.0003398622542908347
60088.32185075949,0.9991079616395876,0.9991340538114437,0.9991321080900304,1.000101226771865,-2.6092171856118007e-05
60088.32193451206,0.9989493705454413,0.9991339853194718,0.999132040831023,1.000101066917522,-0.00018461477403053372
60088.32201826462,0.9990893595964409,0.9991339171734384,0.9991319739203829,1.0001009071540508,-4.4557576997505954e-05
60088.322102017184,0.9988395946526163,0.9991338493733222,0.9991319073580893,1.0001007474814076,-0.00029425472070587766
60088.32218576976,0.9987913671779641,0.999133781919121,0.9991318411441402,1.0001005878995923,-0.0003424147411568157
60088.32226952232,0.9993433640327068,0.9991337148108435,0.9991317752785437,1.0001004284086312,0.00020964922186339496
60088.32235327489,0.9997278158470719,0.999133648048481,0.9991317097612915,1.0001002690085095,0.0005941677985908944
60088.322437027455,0.9992402346972425,0.9991335816320307,0.9991316445923812,1.000100109699226,0.00010665306521184803
60088.32252078001,0.9993836782211162,0.9991335155614963,0.9991315797718153,1.0000999504807944,0.00025016265961985695
60088.32260453258,0.9997034364525283,0.9991334498368627,0.9991315152995798,1.000099791353185,0.0005699866156656519
60088.32268828515,0.9995017838672529,0.9991333844581272,0.9991314511756716,1.0000996323163973,0.000368399409125697
60088.32277203772,0.9989763994870166,0.9991333194252988,0.9991313874000997,1.0000994733704582,-0.0001569199382822628
60088.322855790284,0.9996130762260804,0.9991332547383689,0.9991313239728551,1.0000993145153525,0.0004798214877115292
60088.32293954285,0.9986832477449153,0.9991331903973346,0.9991312608939353,1.0000991557510794,-0.00044994265241926623
60088.32302329541,0.9991878210402783,0.9991331264021985,0.999131198163343,1.0000989970776515,5.469463807972197e-05
60088.323107047974,0.9996395585750378,0.9991330627529471,0.999131135781064,1.0000988384950407,0.0005064958220907245
60088.32319080055,0.9989666147666263,0.999132999449577,0.9991310737470962,1.0000986800032452,-0.0001663846829507154
60088.32327455311,0.9992605817652429,0.9991329364920969,0.9991310120614473,1.0000985216022924,0.00012764527314601537
60088.32335830568,0.9986823097200215,0.9991328738804987,0.9991309507241088,1.0000983632921674,-0.00045056416047717374
60088.323442058245,0.9986407024772614,0.9991328116147787,0.9991308897350781,1.0000982050728686,-0.0004921091375172937
60088.3235258108,0.9993895944216541,0.9991327496949404,0.9991308290943577,1.0000980469444094,0.00025684472671372305
60088.32360956337,0.9992382877338253,0.9991326881209694,0.999130768801934,1.000097888906761,0.00010559961285583341
60088.32369331594,0.9988917705599278,0.9991326268928636,0.9991307088578044,1.0000977309599228,-0.00024085633293580155
60088.32377706851,0.9999726516747529,0.9991325660106303,0.9991306492619764,1.0000975731039208,0.0008400856641226362
60088.323860821074,0.9992976621751216,0.9991325054742614,0.9991305900144418,1.0000974153387405,0.00016515670086025835
60088.32394457364,0.9994125794242017,0.9991324452837543,0.9991305311151978,1.000097257664381,0.0002801341404473634
60088.3240283262,0.9989900985869147,0.9991323854391111,0.999130472564247,1.0000971000808547,-0.00014228685219641601
60088.324112078764,0.9991704552904032,0.9991323259403189,0.9991304143615757,1.0000969425881339,3.8129350084292746e-05
60088.32419583134,0.9990949920296376,0.9991322667873743,0.9991303565071811,1.0000967851862168,-3.727475773673827e-05
60088.3242795839,0.9992856148489758,0.9991322079802852,0.9991302990010713,1.0000966278751302,0.0001534068686905865
60088.32436333647,0.9992830333243665,0.9991321495190433,0.9991302418432371,1.0000964706548594,0.00015088380532324308
60088.324447089035,0.9987866912852623,0.999132091403646,0.9991301850336766,1.0000963135254035,-0.00034540011838368745
60088.32453084159,0.9988847926027933,0.9991320336340954,0.9991301285723917,1.0000961564867752,-0.0002472410313021367
60088.32461459416,0.9996476446240152,0.9991319762103781,0.9991300724593691,1.0000959995389458,0.0005156684136371492
60088.32469834673,0.9995502065486731,0.999131919132492,0.999130016694606,1.0000958426819149,0.00041828741618110676
60088.3247820993,0.9997051930182668,0.9991318624004434,0.9991299612781103,1.0000956859157082,0.0005733306178233866
60088.324865851864,0.9990379699537172,0.999131806014225,0.9991299062098729,1.0000955292403118,-9.383606050783477e-05
60088.32494960443,0.998902112448136,0.9991317499738337,0.9991298514898913,1.000095372655724,-0.00022963752569771234
60088.325033356996,0.9993846933283428,0.9991316942792663,0.999129797118163,1.000095216161944,0.0002529990490764966
60088.325117109554,0.9994468023481465,0.9991316389305251,0.9991297430946892,1.0000950597589848,0.0003151634176213891
60088.32520086213,0.999047215048634,0.9991315839275926,0.9991296894194533,1.0000949034468043,-8.436887895857392e-05
60088.32528461469,1.0004766472067732,0.9991315292704805,0.9991296360924663,1.0000947472254424,0.0013451179362926613
60088.32536836726,0.9995632924985378,0.999131474959181,0.9991295831137206,1.0000945910948846,0.000431817539356838
60088.325452119825,0.9989064551361401,0.9991314209936908,0.9991295304832131,1.0000944350551297,-0.00022496585755071852
60088.32553587239,0.999704865964112,0.9991313673740072,0.9991294782009409,1.0000942791061769,0.000573498590104804
60088.32561962495,0.998608252857198,0.9991313141001319,0.9991294262669056,1.0000941232480385,-0.0005230612429338866
60088.325703377515,0.9990486508796101,0.9991312611720528,0.9991293746810951,1.0000939674806868,-8.261029244260865e-05
60088.32578713009,0.999795712212311,0.999131208589767,0.9991293234435069,1.0000938118041207,0.0006645036225439993
60088.325870882654,0.9992101671466207,0.9991311563532803,0.9991292725541465,1.000093656218366,7.901079334038386e-05
60088.32595463521,0.9993595543305246,0.9991311044625903,0.9991292220130114,1.0000935007234222,0.00022844986793424393
60088.326038387786,0.9991141520483786,0.99913105291768,0.9991291718200845,1.0000933453192473,-1.6900869301395005e-05
60088.326122140345,0.9993540980616851,0.9991310017185651,0.9991291219753814,1.000093190005895,0.0002230963431200106
60088.32620589291,0.9987136177853583,0.9991309508652281,0.9991290724788856,1.0000930347833228,-0.0004173330798697972
60088.32628964548,0.9992403278607427,0.999130900357667,0.9991290233305941,1.0000928796515307,0.00010942750307563198
60088.32637339805,0.998908004314004,0.9991308501958872,0.9991289745305123,1.0000927246105442,-0.00022284588188326016
60088.32645715061,0.9989720303230316,0.9991308003798857,0.9991289260786372,1.0000925696603622,-0.00015877005685405177
60088.326540903174,1.0003403527700847,0.9991307509096512,0.999128877974958,1.0000924148009573,0.0012096018604335068
60088.32662465574,0.998965310543148,0.9991307017851845,0.9991288302194751,1.0000922600323414,-0.00016539124203651667
60088.326708408305,0.9991571878006338,0.9991306530064832,0.9991287828121861,1.0000921053545142,2.6534794150601115e-05
60088.32679216087,0.999478934260184,0.999130604573544,0.9991287357530875,1.0000919507674741,0.0003483296866400032
60088.326875913444,1.0000826151020386,0.9991305564863597,0.9991286890421721,1.0000917962712073,0.0009520586156788191
60088.32695966601,0.9995183933790541,0.9991305087449353,0.999128642679446,1.0000916418657386,0.00038788463411887353
60088.32704341857,0.998826469489704,0.999130461349268,0.999128596664905,1.000091487551068,-0.000303991859563979
60088.327127171135,0.9996723127600609,0.9991304142993472,0.9991285509985386,1.0000913333271677,0.000541898460713619
60088.3272109237,0.9989101941615878,0.9991303675951728,0.999128505680348,1.0000911791940494,-0.00022017343358504693
60088.327294676266,0.9993235855672207,0.9991303212367431,0.9991284607103296,1.000091025151713,0.00019326433047761604
60088.32737842883,0.9996006285502593,0.9991302752240538,0.9991284160884807,1.0000908712001568,0.000470353326205486
60088.327462181405,0.9985700398004322,0.9991302295570988,0.9991283718147939,1.000090717339367,-0.000560189756666607
60088.327545933964,0.9981450212682663,0.9991301842358863,0.9991283278892784,1.000090563569382,-0.000985162967619968
60088.32762968652,0.9992059708271838,0.9991301392604057,0.9991282843119231,1.0000904098901746,7.58315667780396e-05
60088.327713439096,0.9992173198487998,0.9991300946306462,0.9991282410827174,1.0000902563017173,8.722521815363038e-05
60088.32779719166,0.9987915356511928,0.9991300503466163,0.9991281982016696,1.000090102804049,-0.000338514695423453
60088.32788094423,0.9983149134900862,0.9991300064083091,0.9991281556687729,1.0000899493971551,-0.0008150929182229039
60088.32796469679,0.9995953822982309,0.9991299628157215,0.9991281134840241,1.0000897960810349,0.00046541948250933274
60088.32804844936,0.9989902048079374,0.9991299195688506,0.99912807164742,1.0000896428556874,-0.0001397147609131233
60088.32813220192,0.998570780142883,0.9991298766676968,0.9991280301589619,1.000089489721125,-0.0005590965248137847
60088.32821595448,0.9986768608301658,0.9991298341122499,0.9991279890186382,1.0000893366773198,-0.00045297328208404597
60088.32829970706,0.9991334825186889,0.9991297919025063,0.9991279482264471,1.000089183724271,3.6906161826610884e-06
60088.32838345962,0.9992778536743422,0.9991297500384708,0.9991279077823919,1.0000890308620043,0.0001481036358713661
60088.32846721219,0.9993693508167731,0.9991297085201369,0.9991278676864661,1.0000888780905057,0.00023964229663619996
60088.32855096475,0.9990427431543863,0.9991296673475042,0.9991278279386703,1.0000887254097868,-8.692419311784327e-05
60088.32863471731,0.9990789082540361,0.999129626520563,0.999127788538994,1.0000885728198206,-5.07182665269168e-05
60088.32871846988,0.9984880080553519,0.9991295860393138,0.9991277494874381,1.000088420320619,-0.0006415779839619162
60088.328802222444,0.9988382617714902,0.9991295459037535,0.9991277107839991,1.0000882679121816,-0.0002912841322633142
60088.32888597502,0.9994428795637333,0.999129506113875,0.9991276724286702,1.0000881155944936,0.00031337344985837845
60088.32896972758,0.9991098218791963,0.999129466669683,0.9991276344214559,1.000087963367581,-1.964479048677248e-05
60088.32905348014,0.9992041352981544,0.9991294275711737,0.9991275967623522,1.0000878112314424,7.470772698070505e-05
60088.32913723271,0.9984802815040057,0.9991293888183376,0.9991275594513498,1.0000876591860508,-0.000649107314331876
60088.32922098527,0.9987656934069359,0.9991293504111746,0.9991275224884488,1.0000875072314181,-0.0003636570042386822
60088.32930473784,0.999230354540969,0.9991293123496815,0.9991274858736462,1.0000873553675433,0.00010104219128748149
60088.329388490405,0.9996819687658526,0.9991292746338554,0.9991274496069387,1.0000872035944255,0.0005526941319972112
60088.32947224297,0.9990893199424662,0.9991292372636934,0.9991274136883226,1.0000870519120642,-3.991732122721192e-05
60088.32955599554,0.9984804692739583,0.9991292002391918,0.9991273781177957,1.0000869003204576,-0.000648730965233546
60088.3296397481,0.9992256759437754,0.9991291635603479,0.9991273428953541,1.0000867488196052,9.651238342756052e-05
60088.32972350066,0.9991881487172994,0.9991291272271615,0.9991273080209981,1.0000865974095192,5.902149013792268e-05
60088.32980725323,0.9993481694243666,0.9991290912396231,0.9991272734947182,1.0000864460901722,0.00021907818474342644
60088.3298910058,0.9982167818346852,0.9991290555977297,0.9991272393165113,1.0000862948615632,-0.0009122737630444799
60088.329974758366,0.9993377570866844,0.9991290203014844,0.9991272054863808,1.0000861437237176,0.00020873678519994776
60088.330058510925,0.998174350969248,0.999128985350884,0.9991271720043226,1.0000859926766346,-0.0009546343816360103
60088.3301422635,0.999546395101344,0.999128950745916,0.999127138870325,1.0000858417202734,0.0004174443554280094
60088.330226016056,0.9993636352840258,0.9991289164865896,0.9991271060843967,1.000085690854686,0.00023471879743619528
60088.33030976862,0.9989009346936387,0.999128882572892,0.9991270736465254,1.0000855400798314,-0.0002279478792532874
60088.33039352119,0.9999136237096791,0.9991288490048239,0.9991270415567115,1.0000853893957227,0.0007847747048551623
60088.33047727376,0.9997594553204564,0.9991288157823783,0.9991270098149484,1.000085238802345,0.0006306395380780705
60088.33056102632,0.9986785035958273,0.9991287829055613,0.9991269784212411,1.0000850882997367,-0.0004502793097339586
60088.330644778885,0.9991344136492378,0.9991287503743611,0.9991269473755788,1.0000849378878582,5.66327487672158e-06
60088.330728531444,0.998919303077081,0.9991287181887799,0.9991269166779627,1.0000847875667342,-0.00020941511169891847
60088.33081228402,0.9992084445040752,0.9991286863488061,0.9991268863283829,1.0000846373363246,7.975815526906072e-05
60088.33089603658,0.99860219911758,0.9991286548544449,0.9991268563268427,1.0000844871966674,-0.0005264557368649392
60088.33097978915,0.9993922173318909,0.9991286237056902,0.9991268266733375,1.0000843371477488,0.0002635936262006533
60088.331063541715,0.9992712366190017,0.9991285929025393,0.9991267973678633,1.000084187189568,0.00014264371646244278
60088.33114729428,0.9980359023408154,0.999128562444988,0.9991267684104168,1.0000840373221236,-0.001092660104172638
60088.33123104684,0.9994737033532854,0.9991285323330369,0.9991267398009979,1.000083887545428,0.00034517102024855806
60088.331314799405,0.9994157448874361,0.9991285025666766,0.9991267115395979,1.0000837378594543,0.0002872423207594954
60088.33139855197,0.9991914710766975,0.9991284731459068,0.9991266836262159,1.000083588264214,6.299793079067584e-05
60088.331482304544,0.9992325305208315,0.9991284440707219,0.9991266560608464,1.0000834387596935,0.00010408645010961948
60088.33156605711,0.9990134305307476,0.9991284153411233,0.9991266288434915,1.000083289345918,-0.00011498481037564012
60088.33164980967,0.9991566790581666,0.9991283869571083,0.999126601974147,1.0000831400228862,2.8292101058369212e-05
60088.33173356223,0.9999628678686313,0.9991283589186704,0.9991265754528077,1.0000829907905842,0.0008345089499609548
60088.3318173148,0.9989478052539782,0.999128331225802,0.9991265492794658,1.000082841648985,-0.00018052597182383057
60088.331901067366,0.9996458093252293,0.9991283038785072,0.9991265234541246,1.000082692598127,0.0005175054467221329
60088.33198481993,0.9990071335567408,0.9991282768767797,0.9991264979767789,1.0000825436379956,-0.00012114332003898554
60088.3320685725,0.9999825032530227,0.9991282502206171,0.9991264728474252,1.0000823947685904,0.0008542530324056052
60088.33215232506,0.9990854631023699,0.9991282239100155,0.9991264480660605,1.0000822459899101,-4.27608076456476e-05
60088.33223607762,1.000010062446077,0.9991281979449741,0.999126423632683,1.0000820973019668,0.0008818645011029469
60088.33231983019,0.9993596632768257,0.999128172325485,0.9991263995472858,1.0000819487047337,0.00023149095134067377
60088.33240358275,1.0000867637290944,0.9991281470515472,0.9991263758098673,1.0000818001982226,0.0009586166775472638
60088.33248733532,0.9987871137635411,0.9991281221231576,0.9991263524204244,1.0000816517824327,-0.00034100835961647924
60088.33257108789,0.9993299584874596,0.9991280975403103,0.999126329378952,1.0000815034573498,0.0002018609471493571
60088.33265484045,0.9991391070742652,0.9991280733030089,0.9991263066854521,1.0000813552230121,1.1033771256330205e-05
60088.33273859301,0.9999677120645978,0.9991280494112457,0.999126284339918,1.0000812070793927,0.0008396626533521134
60088.332822345576,0.9990062208238041,0.9991280258650149,0.9991262623423444,1.0000810590264775,-0.0001218050412108429
60088.33290609815,0.9987697528039098,0.9991280026643141,0.9991262406927276,1.0000809110642659,-0.00035824986040433604
60088.332989850715,0.9999160111865661,0.9991279798091431,0.9991262193910686,1.0000807631927824,0.0007880313774230041
60088.33307360328,0.9988596596887593,0.9991279572994972,0.9991261984373612,1.0000806154120132,-0.0002682976107378776
60088.33315735584,0.9989189576183823,0.9991279351353749,0.9991261778316053,1.0000804677219703,-0.00020897751699255895
60088.333241108405,0.9992862789827044,0.9991279133167685,0.9991261575737928,1.000080320122627,0.00015836566593585566
60088.33332486097,0.9988426353149674,0.9991278918436773,0.9991261376639226,1.0000801726139952,-0.0002852565287099207
60088.33340861354,0.9991127921295613,0.9991278707160975,0.9991261181019913,1.0000800251960738,-1.5078586536265703e-05
60088.3334923661,0.999298302675997,0.9991278499340259,0.9991260988879956,1.0000798778688618,0.00017045274197102778
60088.33357611867,0.9989260111147502,0.999127829497459,0.9991260800219318,1.0000797306323583,-0.00020181838270882935
60088.333659871234,0.9981046708009124,0.9991278094063942,0.9991260615037971,1.000079583486563,-0.0010231386054818659
60088.3337436238,0.9996041255727336,0.999127789660827,0.9991260433335877,1.0000794364314738,0.0004763359119065447
60088.33382737636,0.9990952527646902,0.9991277702607563,0.9991260255113019,1.000079289467103,-3.251749606603127e-05
60088.333911128924,0.999503651480429,0.9991277512061755,0.9991260080369333,1.0000791425934243,0.00037590027425349337
60088.3339948815,0.9993826849364448,0.9991277324970811,0.9991259909104786,1.0000789958104366,0.00025495243936368706
60088.33407863406,0.9991904702252932,0.9991277141334731,0.9991259741319369,1.0000788491181645,6.275609182004871e-05
60088.33416238662,0.998857445824661,0.9991276961153477,0.9991259577013053,1.0000787025166067,-0.00027025029068672435
60088.33424613919,0.9992650632897379,0.9991276784426991,0.9991259416185774,1.0000785560057373,0.0001373848470387351
60088.334329891746,0.9987876798428258,0.9991276611155261,0.9991259258837524,1.0000784095855801,-0.000339981272700296
60088.33441364432,0.999022640697091,0.9991276441338213,0.9991259104968233,1.0000782632560965,-0.00010500343673025547
60088.334497396885,0.9984658933165319,0.9991276274975858,0.9991258954577903,1.0000781170173236,-0.0006617341810538635
60088.33458114945,0.999372903375216,0.9991276112068149,0.9991258807666484,1.000077970869248,0.0002452921684010789
60088.33466490201,0.9996205189633603,0.999127595261506,0.9991258664233962,1.0000778248118807,0.0004929237018543864
60088.334748654575,0.9990194186822231,0.9991275796616534,0.9991258524280272,1.000077678845196,-0.00010816097943033842
60088.33483240714,0.9989485131698219,0.999127564407255,0.9991258387805394,1.0000775329692053,-0.00017905123743311435
60088.33491615971,0.9980248480163904,0.9991275494983072,0.9991258254809291,1.0000773871839077,-0.0011027014819168235
60088.33499991227,0.9992846534785758,0.9991275349348067,0.9991258125291935,1.0000772414893022,0.00015711854376909695
60088.33508366484,0.9989938233200676,0.99912752071675,0.9991257999253289,1.000077095885388,-0.00013369739668245284
60088.33516741741,0.9990859403260529,0.9991275068441327,0.9991257876693304,1.0000769503721514,-4.156651807973866e-05
60088.33525116997,0.9995000457191606,0.9991274933169547,0.999125775761198,1.0000768049496294,0.0003725524022059057
60088.33533492253,0.9991062135282057,0.9991274801352101,0.999125764200926,1.0000766596177955,-2.1266607004410965e-05
60088.335418675095,1.0000669731062333,0.9991274672988946,0.9991257529885103,1.0000765143766364,0.000939505807338703
60088.33550242766,0.9989636579569496,0.9991274548080057,0.9991257421239477,1.0000763692261636,-0.0001637968510560528
60088.335586180234,0.9990324105985126,0.999127442662539,0.9991257316072347,1.0000762241663639,-9.50320640263902e-05
60088.3356699328,1.0005108956214694,0.9991274308624932,0.9991257214383691,1.0000760791972612,0.0013834647589762161
60088.33575368536,0.9995231890591116,0.9991274194078651,0.9991257116173475,1.0000759343188548,0.00039576965124654695
60088.33583743792,0.9992504403660708,0.9991274082986489,0.999125702144166,1.0000757895311303,0.0001230320674219243
60088.33592119048,0.9993528546009744,0.9991273975348418,0.9991256930188196,1.0000756448340753,0.00022545706613263938
60088.336004943056,0.9994177821907829,0.9991273871164392,0.9991256842413048,1.000075500227688,0.0002903950743436967
60088.33608869562,0.9991283054331902,0.9991273770434403,0.9991256758116204,1.0000753557119932,9.283897498546523e-07
60088.33617244819,0.9984359924297368,0.9991273673158404,0.9991256677297615,1.000075211286977,-0.0006913748861036018
60088.336256200746,0.9989427258689864,0.9991273579336367,0.9991256599957259,1.0000750669526512,-0.00018463206465035853
60088.336339953305,0.998760640154007,0.9991273488968248,0.9991256526095086,1.000074922709002,-0.0003667087428177451
60088.33642370588,0.9994130957877201,0.9991273402054001,0.9991256455711056,1.0000747785560038,0.0002857555823200242
60088.33650745844,0.9989301321897065,0.9991273318593606,0.9991256388805143,1.0000746344936926,-0.0001971996696541467
60088.33659121101,0.9994888722372892,0.9991273238587028,0.9991256325377318,1.0000744905220553,0.0003615483785863738
60088.336674963575,0.9995565522791183,0.9991273162034234,0.9991256265427534,1.0000743466410915,0.0004292360756948943
60088.336758716134,0.9988804554446736,0.9991273088935188,0.9991256208955771,1.0000742028508116,-0.00024685344884511906
60088.33684246869,0.9990734290171521,0.999127301928985,0.9991256155961981,1.000074059151203,-5.387291183289733e-05
60088.336926221265,0.999404284791873,0.9991272953098177,0.9991256106446122,1.0000739155422396,0.00027698948205534535
60088.33700997383,0.9987397887771502,0.9991272890360147,0.999125606040817,1.0000737720239574,-0.0003875002588644705
60088.3370937264,0.9993129437720188,0.9991272831075722,0.9991256017848091,1.0000736285963436,0.00018566066444669627
60088.33717747896,0.9988745329396055,0.9991272775244863,0.999125597876585,1.0000734852593969,-0.0002527445848807819
60088.33726123152,0.998314015216343,0.9991272722867541,0.9991255943161406,1.0000733420131287,-0.000813257070411133
60088.33734498409,0.9987746543421349,0.9991272673943715,0.999125591103472,1.0000731988575136,-0.00035261305223666106
60088.33742873665,0.9987643167431277,0.9991272628473351,0.9991255882385763,1.0000730557925628,-0.0003629461042073956
60088.33751248922,0.9992742742821537,0.9991272586456412,0.9991255857214499,1.000072912818275,0.00014701563651242644
60088.337596241785,1.0004748374380121,0.9991272547892868,0.9991255835520891,1.00007276993465,0.001347582648725365
60088.33767999435,0.9980315743055751,0.9991272512782673,0.9991255817304902,1.0000726271416862,-0.0010956769726921944
60088.33776374692,0.9985963662101668,0.9991272481125801,0.9991255802566497,1.000072484439383,-0.0005308819024133493
60088.33784749948,0.9985023917097351,0.9991275662547999,0.999126174625467,1.000072341827739,-0.0006251745450648327
60088.33793125204,0.9992830617389495,0.9991353394633863,0.9991344089149252,1.0000721993067663,0.00014772227556325568
60088.33801500461,0.9998091049044011,0.9991480550801362,0.9991473865583118,1.0000720568764387,0.0006610498242649587
60088.33809875717,0.9993385655850726,0.999164030029609,0.9991635620679562,1.0000719145367678,0.00017453555546365074
60088.33818250974,0.9995598148464017,0.9991825417527146,0.9991822400615772,1.0000717722877526,0.0003772730936870694
60088.338266262304,0.9994061866823771,0.9992031415746784,0.9992029831152363,1.0000716301293917,0.00020304510769875161
60088.33835001487,0.9992635783012463,0.9992255085458664,0.9992254762382686,1.0000714880616852,3.8069755379899206e-05
60088.33843376743,0.9993259067919623,0.9992493939820506,0.9992494743533963,1.0000713460846435,7.651280991172182e-05
60088.338517519995,0.9996449995266301,0.9992745948573075,0.9992747768107917,1.0000712041982416,0.0003704046693225882
60088.33860127256,0.9995005573679643,0.9993009391135214,0.9993012132113476,1.00007106240249,0.0001996182544429237
60088.338685025126,0.9996112869533034,0.9993282767736749,0.9993286347859792,1.000070920697389,0.0002830101796285067
60088.33876877769,0.9988013747632968,0.9993564741621621,0.9993569087661798,1.0000707790829366,-0.000555099398865333
60088.33885253026,0.9994084088528264,0.9993854099427041,0.999385914512577,1.0000706375591326,2.299891012236266e-05
60088.33893628282,0.999414524858,0.9994149722746668,0.9994155407287333,1.0000704961259876,-4.4741666682668324e-07
60088.33902003538,0.9995149104178885,0.9994450567059494,0.9994456833920491,1.0000703547834766,6.985371193912737e-05
60088.33910378795,0.9991612831883802,0.9994755645231611,0.9994762441297564,1.0000702135316106,-0.00031428133478095255
60088.339187540514,0.9998049884704078,0.9995064014575699,0.9995071289428984,1.000070072370389,0.0002985870128379142
60088.33927129308,1.00084835030468,0.9995374766065701,0.9995382471405065,1.0000699312998107,0.0013108736981097824
60088.339355045646,0.9986223515729624,0.9995687015152368,0.9995695104301472,1.0000697903198748,-0.0009463499422743826
60088.339438798204,0.9989595268799225,0.999599989360972,0.9996008321088611,1.000069649430592,-0.0006404624810495418
60088.33952255077,1.000267748126918,0.999631254217566,0.9996321263314226,1.0000695086319378,0.0006364939093519428
60088.339606303336,0.999206320475118,0.9996624103245999,0.9996633073822048,1.0000693679239232,-0.0004560898494818666
60088.3396900559,0.9993381889764889,0.9996933713865106,0.9996942889752309,1.0000692273065466,-0.0003551824100217482
60088.339773808475,0.9999751125115658,0.9997240498332641,0.9997249835143531,1.0000690867797957,0.0002510626783016612
60088.33985756103,1.0001398258796925,0.9997543560076172,0.999755301278438,1.0000689463437056,0.000385469872075328
60088.33994131359,0.9997571767038449,0.9997841972901523,0.9997851495425436,1.000068805998251,-2.7020586307435757e-05
60088.34002506616,0.9994187655752177,0.9998134770345244,0.9998144315069444,1.0000686657434188,-0.0003947114593066958
60088.340108818724,1.0003115235697841,0.9998420932981669,0.9998430450184752,1.0000685255792208,0.00046943027161727713
60088.34019257129,1.0000196266338115,0.9998699372662115,0.999870880980564,1.0000683855056554,0.00014968936759995888
60088.340276323856,0.9995254531001312,0.9998968912002493,0.9998978212811943,1.0000682455227214,-0.0003714381001180822
60088.34036007642,0.9999667949064913,0.9999228256924468,0.9999237360152764,1.0000681056304186,4.39692140444814e-05
60088.34044382898,0.9999983325952326,0.99994759583665,0.9999484796055197,1.0000679658287581,5.073675858258131e-05
60088.340527581546,0.9993393154573819,0.9999710356586324,0.9999718851493479,1.000067826117714,-0.000631720201250574
60088.34061133411,0.9998663042731123,0.9999929495175983,0.999993755672979,1.000067686497298,-0.00012664524448602332
60088.34069508668,1.0002736535839067,1.0000130979517223,1.000013849692384,1.0000675469675093,0.0002605556321844116
60088.34077883924,0.9997479845851586,1.0000311720076582,1.0000318549217602,1.0000674075283464,-0.00028318742249966444
60088.34086259181,0.9997142162574274,1.0000467398134525,1.0000473332127864,1.0000672681798088,-0.0003325235560250883
60088.34094634437,1.0003663495568966,1.0000591060897137,1.0000595740840095,1.0000671289219074,0.00030724346718291606
60088.34103009693,1.000521978330555,1.0000666551244302,1.000066878364539,1.000066989754617,0.0004553232061248469
60088.3411138495,0.9997239911242176,1.0000668506779493,1.0000669522968089,1.0000668506779493,-0.0003428595537317003
60088.341197602065,0.9999717065276867,1.0000667116919026,1.0000668139509743,1.0000667116919026,-9.50051642159e-05
60088.34128135463,1.0001008961694728,1.0000665727964766,1.0000666756962555,1.0000665727964766,3.432337299624777e-05
60088.34136510719,1.000571888312097,1.0000664339916818,1.0000665375326632,1.0000664339916818,0.0005054543204152662
60088.341448859755,0.9998929762845612,1.0000662952774935,1.0000663994601728,1.0000662952774935,-0.00017331899293226982
60088.34153261232,0.9996273845049811,1.0000661566539228,1.0000662614787952,1.0000661566539228,-0.000438772148941724
60088.34161636489,0.9992570945256273,1.0000660181209686,1.000066123588529,1.0000660181209686,-0.0008089235953413487
60088.34170011745,0.999819656000338,1.0000658796786304,1.0000659857893741,1.0000658796786304,-0.0002462236782924121
60088.34178387002,1.0007565174081274,1.0000657413269065,1.000065848081329,1.0000657413269065,0.0006907760812209229
60088.34186762258,0.9999881531897288,1.0000656030658084,1.0000657104644048,1.0000656030658084,-7.744987607960496e-05
60088.341951375136,1.0000099309955786,1.000065464895323,1.0000655729385888,1.000065464895323,-5.553389974455314e-05
60088.3420351277,0.9999471542927252,1.0000653268154378,1.0000654355038676,1.0000653268154378,-0.00011817252271262291
60088.342118880275,1.0001168900832567,1.0000651888261514,1.0000652981602407,1.0000651888261514,5.1701257105296605e-05
60088.34220263284,1.000896546305246,1.0000650509274867,1.0000651609077311,1.0000650509274867,0.0008314953777592837
60088.34228638541,1.000196392448771,1.000064913119431,1.0000650237463256,1.000064913119431,0.0001314793293398786
60088.342370137965,0.9993477900081105,1.0000647754019953,1.0000648866760353,1.0000647754019953,-0.0007169853938848725
60088.34245389053,0.9996443371312452,1.000064637775155,1.0000647496968353,1.000064637775155,-0.0004203006439097434
60088.34253764309,1.0000060461969245,1.0000645002389328,1.000064612808749,1.0000645002389328,-5.845404200832682e-05
60088.342621395655,0.9997893138542114,1.0000643627933035,1.0000644760117507,1.0000643627933035,-0.0002750489390920263
60088.34270514823,1.0000490956375174,1.0000642254382666,1.0000643393058404,1.0000642254382666,-1.512980074913628e-05
60088.342788900794,1.0003097318848675,1.0000640881738452,1.0000642026910407,1.0000640881738452,0.0002456437110223142
60088.34287265335,1.0007580527450994,1.0000639510000378,1.0000640661673499,1.0000639510000378,0.0006941017450616815
60088.34295640592,0.9999502812654827,1.00006381391682,1.0000639297347442,1.00006381391682,-0.0001135326513374002
60088.34304015848,1.0001367780467636,1.0000636769242146,1.0000637933932461,1.0000636769242146,7.310112254899082e-05
60088.34312391104,1.0000074221402682,1.0000635400221969,1.000063657142831,1.0000635400221969,-5.6117881928718916e-05
60088.34320766361,1.0004497674521216,1.0000634032107776,1.0000635209835096,1.0000634032107776,0.00038636424134397274
60088.343291416175,0.9995831104321258,1.0000632664899558,1.000063384915281,1.0000632664899558,-0.0004801560578300279
60088.34337516873,0.9997604142488516,1.0000631298597424,1.000063248938156,1.0000631298597424,-0.00030271561089079135
60088.34345892131,0.9999128717447715,1.0000629933201015,1.0000631130520985,1.0000629933201015,-0.00015012157533000892
60088.343542673865,1.0003569412695106,1.000062856871079,1.0000629772571548,1.000062856871079,0.0002940843984315933
60088.34362642643,0.9989102978390532,1.0000627205126382,1.0000628415532884,1.0000627205126382,-0.001152422673585063
60088.343710179,1.0005873591193883,1.0000625842447903,1.00006270594051,1.0000625842447903,0.0005247748745980108
60088.34379393156,1.000458294812358,1.0000624480675346,1.0000625704188189,1.0000624480675346,0.00039584674482329163
60088.34387768413,1.000607923924491,1.0000623119808698,1.000062434988214,1.0000623119808698,0.0005456119436211271
60088.34396143669,1.0006218470949393,1.0000621759848067,1.000062299648706,1.0000621759848067,0.0005596711101325536
60088.344045189246,1.0001622025241235,1.000062040079333,1.0000621644002825,1.000062040079333,0.00010016244479049696
60088.34412894182,1.0002210581814397,1.0000619042644237,1.000062029242919,1.0000619042644237,0.00015915391701604165
60088.344212694385,0.9999587607176924,1.000061768540113,1.0000618941766497,1.000061768540113,-0.00010300782242056439
60088.34429644695,1.0001616419177901,1.0000616329063892,1.0000617592014618,1.0000616329063892,0.00010000901140094776
60088.344380199516,1.000600714442679,1.0000614973632502,1.0000616243173546,1.0000614973632502,0.0005392170794287221
60088.344463952075,0.999678283084451,1.0000613619107077,1.0000614895243387,1.0000613619107077,-0.00038307882625676637
60088.34454770463,1.000221703756158,1.0000612265487487,1.0000613548224018,1.0000612265487487,0.00016047720740930416
60088.3446314572,0.9993684695657108,1.0000610912773602,1.0000612202115307,1.0000610912773602,-0.0006926217116494104
60088.344715209765,0.9998330009846843,1.000060956096553,1.0000610856917362,1.000060956096553,-0.0002279551118686829
60088.34479896233,1.0008230770649051,1.0000608210063269,1.0000609512630179,1.0000608210063269,0.0007622560585782701
60088.3448827149,0.9998403390385286,1.00006068600668,1.0000608169253744,1.00006068600668,-0.0002203469681514303
60088.34496646746,1.0000700292022309,1.0000605510976122,1.000060682678805,1.0000605510976122,9.478104618709793e-06
60088.34505022002,1.0005427373341969,1.0000604162791336,1.0000605485233203,1.0000604162791336,0.00048232105506329503
60088.34513397259,1.0002809406100597,1.0000602815512203,1.0000604144588956,1.0000602815512203,0.00022065905883938974
60088.34521772515,0.9997509768211165,1.0000601469138828,1.0000602804855425,1.0000601469138828,-0.0003091700927663199
60088.34530147772,1.0003064239775832,1.0000600123671202,1.0000601466032597,1.0000600123671202,0.0002464116104630154
60088.345385230285,0.9995758777462034,1.0000598779109313,1.0000600128120458,1.0000598779109313,-0.00048400016472793794
60088.34546898284,0.999991092993509,1.0000597435453276,1.0000598791119122,1.0000597435453276,-6.865055181859425e-05
60088.3455527354,1.0005676285081964,1.0000596092702958,1.0000597455028457,1.0000596092702958,0.0005080192379005588
60088.34563648797,1.0003235130354686,1.0000594750858234,1.0000596119848342,1.0000594750858234,0.00026403794964524607
60088.34572024053,0.9999427866519197,1.0000593409919214,1.0000594785578882,1.0000593409919214,-0.00011655434000168441
60088.34580399311,0.9994185292413601,1.000059206988577,1.0000593452219952,1.000059206988577,-0.0006406777472168779
60088.34588774567,0.9994781251001472,1.0000590730758128,1.0000592119771774,1.0000590730758128,-0.0005809479756655467
60088.34597149823,0.9991223770077248,1.000058939253627,1.0000590788234338,1.000058939253627,-0.0009365622459022171
60088.34605525079,0.9990966391730217,1.0000588055220083,1.000058945760752,1.0000588055220083,-0.0009621663489866039
60088.346139003355,1.0000703612708641,1.000058671880943,1.0000588127891192,1.000058671880943,1.1689389921132332e-05
60088.34622275592,1.000042886177787,1.0000585383304426,1.000058679908547,1.0000585383304426,-1.5652152655531992e-05
60088.34630650849,1.0002132683282587,1.0000584048705057,1.0000585471190329,1.0000584048705057,0.00015486345775306276
60088.34639026105,1.0000405391843945,1.0000582715011312,1.0000584144205773,1.0000582715011312,-1.7732316736740472e-05
60088.34647401361,1.00074529012854,1.0000581382223306,1.00005828181319,1.0000581382223306,0.0006871519062094933
60088.34655776618,0.9997075521401737,1.0000580050340788,1.0000581492968472,1.0000580050340788,-0.0003504528939051177
60088.346641518736,1.0001140792122702,1.0000578719363986,1.0000580168715714,1.0000578719363986,5.6207275871633655e-05
60088.34672527131,1.000381961464305,1.000057738929254,1.0000578845373265,1.000057738929254,0.00032422253505104415
60088.346809023875,0.9997751448792371,1.0000576060126793,1.0000577522941465,1.0000576060126793,-0.00028246113344221335
60088.34689277644,1.000093232087133,1.0000574731866612,1.0000576201420188,1.0000574731866612,3.575890047180508e-05
60088.346976529,1.0004173404197807,1.000057340451211,1.0000574880809543,1.000057340451211,0.00035999996856972416
60088.347060281565,1.0002115054333185,1.0000572078063044,1.0000573561109285,1.0000572078063044,0.00015429762701413274
60088.34714403412,1.0001250075127737,1.0000570752519635,1.0000572242319639,1.0000570752519635,6.793226081014403e-05
60088.34722778669,0.99960215740726,1.0000569427881645,1.000057092444036,1.0000569427881645,-0.0004547853809044877
60088.347311539255,1.0000130901532969,1.0000568104149177,1.000056960747156,1.0000568104149177,-4.3720261620805445e-05
60088.34739529182,1.0002315594175495,1.0000566781322222,1.000056829141323,1.0000566781322222,0.00017488128532727742
60088.34747904438,1.0001285226472167,1.000056545940089,1.0000566976265468,1.000056545940089,7.197670712777438e-05
60088.347562796946,1.0006493318439569,1.0000564138384935,1.0000565662028043,1.0000564138384935,0.0005929180054633498
60088.347646549504,0.9999238430456294,1.0000562818274583,1.0000564348701169,1.0000562818274583,-0.0001324387818288919
60088.34773030207,1.0003724397788938,1.0000561499069591,1.000056303628461,1.0000561499069591,0.00031628987193466074
60088.34781405464,1.0000055866625925,1.000056018076995,1.000056172477836,1.000056018076995,-5.043141440252974e-05
60088.34789780721,1.00030829384611,1.0000558863375884,1.0000560414182635,1.0000558863375884,0.00025240750852173477
60088.347981559775,1.0006604911952208,1.0000557546887268,1.0000559104497309,1.0000557546887268,0.0006047365064940635
60088.34806531233,1.000817660271315,1.00005562313042,1.0000557795722491,1.00005562313042,0.0007620371408949556
60088.34814906489,1.0000207652728976,1.0000554916626565,1.0000556487858054,1.0000554916626565,-3.472638975887676e-05
60088.34823281746,0.9993476334602371,1.0000553602854236,1.0000555180903878,1.0000553602854236,-0.0007077268251864943
60088.34831657002,0.9998802196126906,1.0000552289987317,1.0000553874860065,1.0000552289987317,-0.00017500938604109173
60088.34840032259,1.0004355217122314,1.00005509780258,1.0000552569726608,1.00005509780258,0.00038042390965142836
60088.348484075155,1.0006179988625865,1.0000549666969674,1.0000551265503497,1.0000549666969674,0.0005630321656191484
60088.348567827714,1.0002491182041844,1.0000548356819046,1.0000549962190832,1.0000548356819046,0.00019428252227982057
60088.34865158027,1.0003591996214294,1.000054704757379,1.0000548659788495,1.000054704757379,0.0003044948640504863
60088.34873533284,0.999835629617397,1.0000545739233784,1.0000547358296366,1.0000545739233784,-0.00021894430598135006
60088.348819085404,1.0001845625777495,1.0000544431799132,1.000054605771454,1.0000544431799132,0.00013011939783624804
60088.34890283797,0.9995009522723539,1.0000543125269827,1.0000544758043015,1.0000543125269827,-0.0005533602546288208
60088.348986590536,0.9998295948864149,1.0000541819645858,1.0000543459281779,1.0000541819645858,-0.000224587078170968
60088.349070343094,0.9992980453148265,1.0000540514927327,1.0000542161430934,1.0000540514927327,-0.0007560061779062766
60088.34915409566,1.000192058490498,1.0000539211114003,1.0000540864490248,1.0000539211114003,0.0001381373790976248
60088.349237848226,1.0002962911007025,1.0000537908205984,1.0000539568459823,1.0000537908205984,0.00024250028010408542
60088.34932160079,1.0006371380223522,1.0000536606203263,1.0000538273339652,1.0000536606203263,0.0005834774020259115
60088.34940535336,1.0001269183164814,1.000053530510583,1.0000536979129722,1.000053530510583,7.338780589827287e-05
60088.34948910592,1.000158672196148,1.0000534004913681,1.000053568583002,1.0000534004913681,0.00010527170477980796
60088.34957285848,0.9997966676086173,1.0000532705626912,1.000053439344066,1.0000532705626912,-0.00025660295407392564
60088.34965661104,0.9997921364468701,1.0000531407245405,1.0000533101961513,1.0000531407245405,-0.0002610042776703958
60088.34974036361,1.000135359567466,1.0000530109769037,1.0000531811392457,1.0000530109769037,8.234859056233113e-05
60088.34982411617,0.9998458994514551,1.000052881319791,1.00005305217336,1.000052881319791,-0.00020698186833600918
60088.34990786874,0.9999890982953114,1.0000527517532019,1.000052923298493,1.0000527517532019,-6.365345789050014e-05
60088.349991621304,0.9994422025237947,1.000052622277135,1.0000527945146434,1.000052622277135,-0.0006104197533404188
60088.35007537386,0.9998409066085913,1.0000524928916008,1.000052665821822,1.0000524928916008,-0.00021158628300954607
60088.35015912642,0.9996725767506408,1.000052363596587,1.0000525372200164,1.000052363596587,-0.00037978684594619505
60088.35024287899,1.0001218883884149,1.0000522343920815,1.0000524087092142,1.0000522343920815,6.965399633340752e-05
60088.35032663155,0.999840653479325,1.0000521052780948,1.0000522802894265,1.0000521052780948,-0.0002114517987698017
60088.35041038412,0.9994928318253441,1.0000519762546256,1.0000521519606518,1.0000519762546256,-0.0005591444292815106
60088.350494136685,0.9997262248695452,1.000051847321673,1.0000520237228887,1.000051847321673,-0.00032562245212786056
60088.35057788924,1.0002714753620652,1.000051718479248,1.0000518955761486,1.000051718479248,0.00021975688281727912
60088.35066164181,1.0005286944884426,1.0000515897273263,1.000051767520407,1.0000515897273263,0.0004771047611162871
60088.35074539437,1.0004810816704754,1.0000514610659297,1.0000516395556862,1.0000514610659297,0.0004296206045457662
60088.35082914693,0.9999552279274774,1.0000513324950349,1.0000515116819626,1.0000513324950349,-9.610456755748675e-05
60088.35091289951,0.9997718481859145,1.0000512040146414,1.0000513838992353,1.0000512040146414,-0.0002793558287269571
60088.35099665207,1.0005079070614125,1.0000510756247698,1.0000512562075254,1.0000510756247698,0.00045683143664265735
60088.35108040463,1.0005946365741936,1.00005094732542,1.0000511286068328,1.00005094732542,0.0005436892487735712
60088.3511641572,1.000698219579195,1.000050819116568,1.0000510010971333,1.000050819116568,0.0006474004626269014
60088.351247909755,1.0005345584730119,1.0000506909982356,1.0000508736784488,1.0000506909982356,0.00048386747477624503
60088.35133166232,0.9997228123084876,1.0000505629703995,1.000050746350756,1.0000505629703995,-0.0003277506619119297
60088.35141541489,0.9995753998068665,1.00005043503307,1.000050619114065,1.00005043503307,-0.0004750352262034019
60088.35149916745,1.0000019197011771,1.000050307186246,1.0000504919683748,1.000050307186246,-4.838748506896806e-05
60088.35158292001,1.0000409980884453,1.0000501794299377,1.000050364913696,1.0000501794299377,-9.181341492414674e-06
60088.35166667258,1.0002543024637405,1.000050051764122,1.0000502379500051,1.000050051764122,0.00020425069961849118
60088.351750425136,1.0002322774849741,1.0000499241888203,1.0000501110773234,1.0000499241888203,0.00018235329615379214
60088.3518341777,1.0007516202153324,1.0000497967040092,1.0000499842956279,1.0000497967040092,0.0007018235113231963
60088.35191793027,0.9998560657361637,1.0000496693096992,1.0000498576049288,1.0000496693096992,-0.00019360357353548352
60088.35200168283,1.0002084929220758,1.000049542005889,1.0000497310052248,1.000049542005889,0.00015895091618678414
60088.35208543539,1.000324636800036,1.000049414792589,1.0000496044965264,1.000049414792589,0.0002752220074471179
60088.35216918796,0.9997817695049787,1.000049287669776,1.0000494780788103,1.000049287669776,-0.00026751816479730905
60088.352252940516,0.9996831252131638,1.0000491606374713,1.0000493517520979,1.0000491606374713,-0.00036603542430746483
60088.35233669308,0.9998837323234274,1.0000490336956518,1.000049225516366,1.0000490336956518,-0.00016530137222436903
60088.35242044565,1.000348394649107,1.0000489068443277,1.0000490993716251,1.0000489068443277,0.00029948780477928594
60088.352504198214,0.9995538242960831,1.0000487800834978,1.000048973317874,1.0000487800834978,-0.0004949557874147636
60088.35258795078,0.9996537590159891,1.0000486534131616,1.0000488473551117,1.0000486534131616,-0.0003948943971725516
60088.35267170334,1.0002291195840316,1.0000485268333288,1.000048721483348,1.0000485268333288,0.00018059275070281267
60088.3527554559,0.9995246704934928,1.0000484003439878,1.0000485957025715,1.0000484003439878,-0.0005237298504949806
60088.35283920846,0.9998402170133149,1.0000482739451262,1.00004847001277,1.0000482739451262,-0.0002080569318112513
60088.35292296103,1.0003523353173849,1.0000481476367544,1.000048344413954,1.0000481476367544,0.0003041876806304522
60088.353006713594,0.9996889970587003,1.0000480214188716,1.0000482189061222,1.0000480214188716,-0.0003590243601713228
60088.35309046616,0.9996680769969956,1.0000478952914769,1.0000480934892735,1.0000478952914769,-0.00037981829448130444
60088.35317421872,1.0001007120996543,1.0000477692545797,1.0000479681634182,1.0000477692545797,5.294284507462166e-05
60088.35325797128,1.0003415574012207,1.0000476433081684,1.0000478429285442,1.0000476433081684,0.0002939140930522388
60088.35334172384,0.9999242693903335,1.0000475174522319,1.0000477177846399,1.0000475174522319,-0.00012324806189834003
60088.35342547641,0.9997502320720523,1.0000473916867791,1.000047592731715,1.0000473916867791,-0.0002971596147268718
60088.353509228975,0.9998824805290631,1.0000472660118098,1.0000474677697688,1.0000472660118098,-0.0001647854827466766
60088.35359298154,1.0003954781939421,1.0000471404273228,1.0000473428988004,1.0000471404273228,0.00034833776661935545
60088.3536767341,0.9998390159847284,1.0000470149333278,1.0000472181188198,1.0000470149333278,-0.00020799894859946377
60088.35376048666,0.9999288738794648,1.0000468895298136,1.000047093429815,1.0000468895298136,-0.00011801565034874617
60088.353844239224,1.000783062989605,1.000046764216768,1.0000469688317744,1.000046764216768,0.0007362987728369852
60088.35392799179,1.0003285592432256,1.000046638994201,1.0000468443247075,1.000046638994201,0.0002819202490245143
60088.354011744355,0.9998942867352008,1.0000465138621117,1.0000467199086138,1.0000465138621117,-0.0001522271269109865
60088.35409549692,1.000471907382337,1.0000463888204993,1.0000465955834925,1.0000463888204993,0.00042551856183759007
60088.35417924948,1.0008033930627311,1.0000462638693735,1.0000464713493533,1.0000462638693735,0.0007571291933576862
60088.35426300204,1.0005935792027334,1.0000461390087223,1.000046347206184,1.0000461390087223,0.0005474401940110951
60088.354346754604,0.9997637211468376,1.0000460142385346,1.0000462231539737,1.0000460142385346,-0.00028229309169691685
60088.35443050717,0.9999379343264431,1.00004588955882,1.0000460991927318,1.00004588955882,-0.00010795523237694393
60088.354514259736,1.000227969340589,1.0000457649695773,1.0000459753224575,1.0000457649695773,0.00018220437101179598
60088.3545980123,0.9996297253540587,1.000045640470806,1.0000458515431496,1.000045640470806,-0.00041591511674732295
60088.35468176486,0.9995208606728342,1.0000455160625157,1.0000457278548185,1.0000455160625157,-0.0005246553896814943
60088.35476551742,0.9999762309011294,1.000045391744695,1.0000456042574517,1.000045391744695,-6.916084356556329e-05
60088.354849269985,0.9997918694089837,1.0000452675173317,1.0000454807510382,1.0000452675173317,-0.000253398108348013
60088.35493302255,0.9994604238812685,1.0000451433804358,1.0000453573355879,1.0000451433804358,-0.0005847194991672744
60088.35501677512,1.0003847703741324,1.0000450193340067,1.0000452340110992,1.0000450193340067,0.0003397510401257353
60088.35510052768,0.9998108768112002,1.000044895378043,1.0000451107775719,1.000044895378043,-0.00023401856684279743
60088.35518428024,1.0005318980687392,1.000044771512555,1.0000449876350155,1.000044771512555,0.00048712655618410317
60088.35526803281,1.0004017055739902,1.0000446477375202,1.0000448645834075,1.0000446477375202,0.00035705783646999834
60088.355351785365,0.9994395438996122,1.000044524052959,1.0000447416227685,1.000044524052959,-0.0006049801533467569
60088.35543553793,1.0003230272536459,1.0000444004588487,1.0000446187530763,1.0000444004588487,0.00027862679479717656
60088.3555192905,0.9991342071940722,1.0000442769551996,1.0000444959743404,1.0000442769551996,-0.0009100697611273967
60088.35560304306,1.0002831982218008,1.0000441535420106,1.0000443732865603,1.0000441535420106,0.00023904467979019017
60088.35568679562,1.0002597739509758,1.0000440302192917,1.0000442506897451,1.0000440302192917,0.00021574373168409267
60088.35577054819,0.9996191054486803,1.0000439069870202,1.0000441281838732,1.0000439069870202,-0.00042480153833990286
60088.355854300746,0.9997002053638582,1.0000437838452167,1.0000440057689646,1.0000437838452167,-0.00034357848135857516
60088.35593805331,0.999418732576016,1.0000436607938588,1.0000438834449974,1.0000436607938588,-0.0006249282178427684
60088.35602180588,1.0000612297374112,1.0000435378329566,1.000043761211981,1.0000435378329566,1.7691904454553153e-05
60088.35610555844,1.000022754918178,1.000043414962509,1.0000436390699146,1.000043414962509,-2.0660044331100025e-05
60088.356189311,0.9999631246235477,1.0000432921825257,1.0000435170188078,1.0000432921825257,-8.016755897799488e-05
60088.35627306357,1.000056349479334,1.0000431694929846,1.0000433950586387,1.0000431694929846,1.3179986349420858e-05
60088.356356816126,1.0000122324532232,1.0000430468939057,1.0000432731894278,1.0000430468939057,-3.0814440682425115e-05
60088.35644056869,0.9995963514916785,1.0000429243852669,1.000043151411152,1.0000429243852669,-0.0004465728935884039
60088.35652432126,1.0001294231908995,1.0000428019670786,1.0000430297238219,1.0000428019670786,8.662122382085968e-05
60088.356608073824,0.9995264293378531,1.0000426796393387,1.0000429081274362,1.0000426796393387,-0.0005162503014856101
60088.35669182639,0.9999598830737303,1.0000425574020473,1.0000427866219943,1.0000425574020473,-8.267432831698951e-05
60088.35677557895,0.999416432843987,1.0000424352552137,1.0000426652075054,1.0000424352552137,-0.0006260024112267892
60088.35685933151,0.9996400288735917,1.0000423131988263,1.000042543883958,1.0000423131988263,-0.000402284325234592
60088.35694308407,0.9998370221475523,1.0000421912328736,1.0000424226513411,1.0000421912328736,-0.00020516908532131062
60088.35702683664,1.0007994252051853,1.0000420693573655,1.0000423015096642,1.0000420693573655,0.0007573558478197739
60088.357110589204,0.9998943797978632,1.0000419475723008,1.0000421804589261,1.0000419475723008,-0.00014756777443758473
60088.35719434177,1.000567287579446,1.0000418258776786,1.0000420594991262,1.0000418258776786,0.0005254617017673713
60088.35727809433,1.000437934876507,1.000041704273509,1.000041938630274,1.000041704273509,0.0003962306029978713
60088.35736184689,0.9998692735895123,1.0000415827597797,1.0000418178523576,1.0000415827597797,-0.0001723091702674484
60088.35744559945,1.000552632074373,1.00004146133648,1.0000416971653663,1.00004146133648,0.0005111707378928632
60088.35752935202,1.0003499165338205,1.0000413400036192,1.0000415765693094,1.0000413400036192,0.00030857653020133213
60088.357613104585,0.9997550949992466,1.0000412187611962,1.0000414560641855,1.0000412187611962,-0.000286123761949586
60088.35769685715,0.9998388271934445,1.0000410976092102,1.0000413356499946,1.0000410976092102,-0.00020227041576570404
60088.35778060971,1.0004374489045313,1.000040976547671,1.0000412153267457,1.000040976547671,0.00039647235686035565
60088.35786436227,1.0004137603233987,1.000040855576567,1.0000410950944274,1.000040855576567,0.0003729047468317148
60088.35794811483,0.9994779636182775,1.0000407346958868,1.0000409749530283,1.0000407346958868,-0.0005627710776093808
60088.3580318674,1.0002374049648386,1.0000406139056401,1.0000408549025583,1.0000406139056401,0.0001967910591984534
60088.35811561996,0.9999857469369297,1.0000404932058364,1.0000407349430267,1.0000404932058364,-5.474626890678014e-05
60088.358199372524,0.9995144703682303,1.0000403725964535,1.0000406150744114,1.0000403725964535,-0.0005259022282232406
60088.35828312508,1.0004884157715777,1.000040252077512,1.0000404952967328,1.000040252077512,0.0004481636940656397
60088.35836687764,0.9996951951849087,1.0000401316490002,1.0000403756099792,1.0000401316490002,-0.00034493646409150536
60088.35845063021,1.0001173402015988,1.0000400113109065,1.0000402560141397,1.0000400113109065,7.732889069234083e-05
60088.35853438277,1.0003252107895908,1.0000398910632406,1.0000401365092233,1.0000398910632406,0.0002853197263501528
60088.35861813534,1.0003312456384046,1.0000397709060018,1.0000400170952297,1.0000397709060018,0.00029147473240276334
60088.358701887904,1.0008538229217836,1.000039650839189,1.0000398977721574,1.000039650839189,0.0008141720825944887
60088.35878564046,0.9992173877483319,1.000039530862812,1.000039778540016,1.000039530862812,-0.000822143114480145
60088.35886939302,1.0009432590098915,1.0000394109768591,1.0000396593987944,1.0000394109768591,0.0009038480330323395
60088.35895314559,0.9996263827275546,1.000039291181319,1.000039540348481,1.000039291181319,-0.00041290845376440455
60088.35903689815,1.0002895136418162,1.0000391714762011,1.0000394213890855,1.0000391714762011,0.0002503421656150362
60088.35912065072,1.0002375070257767,1.0000390518615048,1.0000393025206071,1.0000390518615048,0.00019845516427197119
60088.359204403285,1.0003199974115595,1.0000389323372292,1.0000391837430447,1.0000389323372292,0.00028106507433034444
60088.35928815584,0.999380607807089,1.0000388129033835,1.0000390650564077,1.0000388129033835,-0.0006582050962944397
60088.35937190841,1.000175437061041,1.000038693559946,1.0000389464606745,1.000038693559946,0.00013674350109504907
60088.35945566097,0.9998160539348044,1.0000385743069367,1.000038827955865,1.0000385743069367,-0.00022252037213221776
60088.359539413534,0.999599383922546,1.000038455144334,1.0000387095419574,1.000038455144334,-0.00043907122178798996
60088.3596231661,1.000123880033748,1.0000383360721472,1.000038591218961,1.0000383360721472,8.554396160076472e-05
60088.359706918665,1.0001310883265782,1.0000382170903754,1.0000384729868756,1.0000382170903754,9.287123620271842e-05
60088.359790671224,1.000103194085125,1.000038098199028,1.00003835484571,1.000038098199028,6.509588609704409e-05
60088.35987442378,0.9995765964434629,1.0000379793980938,1.000038236795453,1.0000379793980938,-0.00046138295463094003
60088.35995817634,0.999350830089218,1.0000378606875722,1.0000381188361036,1.0000378606875722,-0.0006870305983541769
60088.36004192891,1.000733504871467,1.000037742067451,1.000038000967651,1.000037742067451,0.0006957628040158426
60088.36012568147,1.0002874560320647,1.000037623537741,1.0000378831901042,1.000037623537741,0.00024983249432364296
60088.36020943404,1.0005297733594893,1.00003750509844,1.0000377655034627,1.00003750509844,0.0004922682610493112
60088.3602931866,1.0000649129173753,1.0000373867495582,1.0000376479077353,1.0000373867495582,2.7526167817093494e-05
60088.36037693916,0.999785443111777,1.0000372684910737,1.000037530402901,1.0000372684910737,-0.00025182537929668847
60088.36046069172,1.0001042802991427,1.0000371503230066,1.000037412988979,1.0000371503230066,6.712997613611549e-05
60088.36054444429,0.9997866668276618,1.0000370322453347,1.0000372956659485,1.0000370322453347,-0.0002503654176728709
60088.36062819685,0.9999133844098091,1.0000369142580678,1.0000371784338185,1.0000369142580678,-0.00012352984825869662
60088.36071194942,0.9992424759407353,1.0000367963612051,1.0000370612925877,1.0000367963612051,-0.0007943204204697851
60088.36079570198,0.9996122622899702,1.0000366785547559,1.000036944242266,1.0000366785547559,-0.0004244162647856209
60088.36087945454,1.0003252392866107,1.0000365608386983,1.0000368272828317,1.0000365608386983,0.0002886784479123605
60088.3609632071,0.9996561156451412,1.0000364432130526,1.0000367104143044,1.0000364432130526,-0.0003803275679113982
60088.36104695967,1.000476129379933,1.0000363256777969,1.0000365936366629,1.0000363256777969,0.00043980370213603237
60088.36113071223,0.9997049658259661,1.0000362082329508,1.0000364769499266,1.0000362082329508,-0.00033124240698467755
60088.36121446479,0.9997500452876494,1.000036090878493,1.000036360354074,1.000036090878493,-0.0002860455908436643
60088.36129821736,0.9995325370185901,1.0000359736144333,1.0000362438491146,1.0000359736144333,-0.0005034365958431763
60088.36138196992,0.9997922386853861,1.0000358564407803,1.000036127435058,1.0000358564407803,-0.00024361775539416541
60088.361465722475,1.0000075338600325,1.000035739357523,1.0000360111118922,1.000035739357523,-2.820549749049661e-05
60088.36154947504,0.9997302631599372,1.0000356223646507,1.0000358948796069,1.0000356223646507,-0.00030535920471352895
60088.36163322761,0.999738613376865,1.0000355054621721,1.0000357787382115,1.0000355054621721,-0.0002968920853071433
60088.36171698017,1.0007501406248407,1.0000353886500868,1.0000356626877043,1.0000353886500868,0.0007147519747539022
60088.36180073274,0.9999025790042546,1.0000352719283936,1.0000355467280848,1.0000352719283936,-0.00013269292413897738
60088.3618844853,0.9996420448162803,1.0000351552971019,1.0000354308593622,1.0000351552971019,-0.00039311048082157907
60088.361968237856,1.0000379029765718,1.0000350387562003,1.0000353150815253,1.0000350387562003,2.864220371545656e-06
60088.36205199042,1.0011716332538856,1.0000349223056781,1.0000351993945635,1.0000349223056781,0.0011367109482074422
60088.36213574299,1.0000648575170503,1.0000348059455446,1.0000350837984857,1.0000348059455446,3.005157150570703e-05
60088.362219495546,0.99999589690809,1.0000346896758088,1.0000349682933012,1.0000346896758088,-3.879276771878715e-05
60088.36230324811,0.9997415443704608,1.0000345734964495,1.0000348528789889,1.0000345734964495,-0.00029302912598871966
60088.36238700067,0.9999159898772639,1.0000344574074862,1.0000347375555678,1.0000344574074862,-0.00011846753022226597
60088.36247075323,1.0001851224381886,1.0000343414089077,1.0000346223230274,1.0000343414089077,0.00015078102928089976
60088.362554505795,1.000018854172489,1.0000342255007033,1.000034507181356,1.0000342255007033,-1.5371328214275337e-05
60088.36263825836,1.0003484817919015,1.0000341096828815,1.0000343921305634,1.0000341096828815,0.00031437210901996693
60088.36272201093,0.9995491392177569,1.0000339939554423,1.0000342771706487,1.0000339939554423,-0.0004848547376854473
60088.36280576349,0.9999497144122319,1.000033878318384,1.0000341623016107,1.000033878318384,-8.416390615206826e-05
60088.36288951605,0.9997844106181036,1.0000337627717164,1.0000340475234584,1.0000337627717164,-0.00024935215361276963
60088.36297326861,0.9995437185315599,1.0000336473154279,1.000033932836181,1.0000336473154279,-0.0004899287838679989
60088.363057021175,0.9999218520289981,1.0000335319495082,1.0000338182397677,1.0000335319495082,-0.00011167992051008824
60088.36314077374,1.0005530727781087,1.000033416673966,1.0000337037342277,1.000033416673966,0.0005196561041427294
60088.3632245263,0.999908605242416,1.0000333014888105,1.0000335893195698,1.0000333014888105,-0.00012469624639455112
60088.363308278866,1.0003454212101646,1.0000331863940206,1.000033474995773,1.0000331863940206,0.00031223481614395254
60088.363392031424,1.0000190343318296,1.0000330713896157,1.000033360762857,1.0000330713896157,-1.4037057786131513e-05
60088.36347578399,1.0003879553071529,1.0000329564755748,1.0000332466208004,1.0000329564755748,0.00035499883157807943
60088.36355953655,0.9999810640926255,1.0000328416519169,1.0000331325696223,1.0000328416519169,-5.177755929131056e-05
60088.363643289114,0.9999098240021796,1.0000327269186213,1.000033018609302,1.0000327269186213,-0.0001229029164416806
60088.36372704168,1.0002973466639284,1.0000326122756968,1.0000329047398484,1.0000326122756968,0.0002647343882316022
60088.363810794246,1.0004590745393402,1.0000324977231427,1.0000327909612607,1.0000324977231427,0.0004265768161975103
60088.363894546805,1.0001444789299485,1.0000323832609677,1.000032677273548,1.0000323832609677,0.00011209566898084944
60088.36397829937,1.0001533062360377,1.0000322688891514,1.0000325636766894,1.0000322688891514,0.00012103734688628798
60088.36406205192,1.0002081899028479,1.0000321546077227,1.0000324501707134,1.0000321546077227,0.00017603529512522087
60088.36414580449,0.9993269886335477,1.000032040416641,1.0000323367555803,1.000032040416641,-0.0007050517830932135
60088.36422955705,1.000155631167972,1.0000319263159245,1.0000322234313084,1.0000319263159245,0.00012370485204749038
60088.36431330962,0.9993845537848255,1.0000318123055734,1.0000321101978968,1.0000318123055734,-0.0006472585207478732
60088.36439706218,0.9994480875573316,1.0000316983855961,1.0000319970553546,1.0000316983855961,-0.0005836108282645247
60088.364480814744,0.9994764939279084,1.000031584555972,1.0000318840036613,1.000031584555972,-0.0005550906280635814
60088.3645645673,0.9990380137951863,1.0000314708167197,1.0000317710428357,1.0000314708167197,-0.000993457021533417
60088.36464831987,0.9999557159863797,1.000031357167819,1.0000316581728568,1.000031357167819,-7.564118143932319e-05
60088.364732072434,1.0000097890637725,1.0000312436092784,1.0000315453937338,1.0000312436092784,-2.145454550595005e-05
60088.36481582499,0.9996790113346615,1.0000311301411073,1.0000314327054756,1.0000311301411073,-0.0003521188064458114
60088.36489957755,1.0002428836411814,1.0000310167632946,1.0000313201080717,1.0000310167632946,0.00021186687788676828
60088.36498333012,1.000279276865626,1.0000309034758297,1.0000312076015112,1.0000309034758297,0.00024837338979621926
60088.365067082676,0.9997482823126211,1.0000307902787315,1.0000310951858127,1.0000307902787315,-0.0002825079661104013
60088.36515083524,0.9995803582863237,1.0000306771719791,1.0000309828609555,1.0000306771719791,-0.00045031888565538747
60088.36523458781,1.0001174769085777,1.0000305641555816,1.000030870626949,1.0000305641555816,8.691275299610446e-05
60088.36531834037,1.0003335001536013,1.0000304512295382,1.000030758483792,1.0000304512295382,0.0003030489240631873
60088.36540209294,0.9998455367731478,1.000030338393848,1.0000306464314834,1.000030338393848,-0.00018480162070022566
60088.3654858455,1.0001467921916112,1.0000302256485196,1.0000305344700329,1.0000302256485196,0.00011656654309155634
60088.36556959805,0.9999145015793827,1.0000301129935523,1.0000304225994385,1.0000301129935523,-0.00011561141416960297
60088.365653350615,0.9995169415401792,1.0000300004289158,1.0000303108196706,1.0000300004289158,-0.0005130588887365395
60088.36573710318,0.999334957931285,1.0000298879546285,1.0000301991307479,1.0000298879546285,-0.0006949300233435318
60088.365820855746,1.000128065739019,1.0000297755706904,1.0000300875326695,1.0000297755706904,9.829016832862969e-05
60088.36590460831,0.9995054231603455,1.0000296632770995,1.000029976025434,1.0000296632770995,-0.0005242401167540045
60088.36598836087,1.0007515852346183,1.0000295510738653,1.0000298646090509,1.0000295510738653,0.0007220341607530045
60088.36607211343,1.0001084681702097,1.0000294389609767,1.000029753283509,1.0000294389609767,7.902920923297252e-05
60088.366155865995,0.9998788737194024,1.0000293269384235,1.000029642048798,1.0000293269384235,-0.0001504532190210739
60088.366239618554,0.999984541271899,1.0000292150062242,1.000029530904936,1.0000292150062242,-4.467373432526234e-05
60088.36632337112,0.9998350407803668,1.000029103164358,1.0000294198519033,1.000029103164358,-0.00019406238399122255
60088.366407123685,0.9998738167380883,1.0000289914128344,1.0000293088897083,1.0000289914128344,-0.000155174674746128
60088.366490876244,0.9997139563312365,1.0000288797516614,1.0000291980183602,1.0000288797516614,-0.0003149234204249396
60088.3665746288,1.0008530078134408,1.000028768180829,1.0000290872378477,1.000028768180829,0.0008242396326116896
60088.36665838137,1.0003663143445338,1.0000286567003267,1.000028976548161,1.0000286567003267,0.0003376576442071233
60088.366742133934,1.0003870220350572,1.0000285453101627,1.0000288659493084,1.0000285453101627,0.00035847672489452975
60088.3668258865,1.0002510350716785,1.0000284340103367,1.000028755441289,1.0000284340103367,0.00022260106134175395
60088.36690963906,1.000467656002775,1.0000283228008569,1.0000286450241116,1.0000283228008569,0.0004393332019181351
60088.36699339162,0.9999884959984013,1.0000282116817132,1.0000285346977658,1.0000282116817132,-3.971568331184727e-05
60088.367077144176,1.0000781991328858,1.0000281006529044,1.0000284244622504,1.0000281006529044,5.009847998138639e-05
60088.36716089674,0.9999453405586838,1.00002798971442,1.0000283143175552,1.00002798971442,-8.264915573619191e-05
60088.36724464931,0.9999890136827123,1.000027878866269,1.000028204263689,1.000027878866269,-3.8865183556779925e-05
60088.36732840187,1.0005597118401803,1.00002776810845,1.0000280943006505,1.00002776810845,0.0005319437317303777
60088.36741215444,1.0000212038124918,1.0000276574409626,1.000027984428439,1.0000276574409626,-6.4536284707372715e-06
60088.36749590699,0.9992383689866103,1.0000275468638251,1.0000278746470728,1.0000275468638251,-0.0007891778772147751
60088.36757965955,0.9999119887694825,1.0000274363770072,1.000027764956522,1.0000274363770072,-0.00011544760752468797
60088.367663412115,0.9998857865142177,1.0000273259805086,1.000027655356786,1.0000273259805086,-0.00014153946629091863
60088.36774716468,1.0008082275299222,1.0000272156743377,1.0000275458478738,1.0000272156743377,0.0007810118555844348
60088.36783091725,0.9999531103289995,1.0000271054584937,1.0000274364297836,1.0000271054584937,-7.399512949424203e-05
60088.36791466981,0.9998768680599813,1.0000269953329757,1.0000273271025153,1.0000269953329757,-0.00015012727299434925
60088.36799842237,1.0002086450544747,1.0000268852977927,1.000027217866077,1.0000268852977927,0.0001817597566819984
60088.36808217493,0.9997984068065057,1.0000267753529335,1.0000271087204586,1.0000267753529335,-0.00022836854642782622
60088.36816592749,0.9998507792118401,1.0000266654983976,1.000026999665659,1.0000266654983976,-0.00017588628655751393
60088.368249680054,0.9997878922965887,1.0000265557341748,1.0000268907016678,1.0000265557341748,-0.0002386634375860508
60088.36833343262,0.9998130860202742,1.000026446060273,1.000026781828494,1.000026446060273,-0.00021336003999883335
60088.368417185186,0.9997531060780569,1.0000263364766921,1.0000266730461362,1.0000263364766921,-0.0002732303986352491
60088.368500937744,1.000059859951656,1.0000262269834406,1.0000265643546034,1.0000262269834406,3.363296821534689e-05
60088.36858469031,1.0002332949097652,1.000026117580498,1.0000264557538752,1.000026117580498,0.0002071773292671164
60088.36866844286,1.0002337693229357,1.0000260082678925,1.0000263472439794,1.0000260082678925,0.00020776105504327624
60088.36875219543,0.9996292417250218,1.000025899045585,1.0000262388248773,1.000025899045585,-0.0003966573205632651
60088.36883594799,1.0004277985612524,1.0000257899135934,1.0000261304965872,1.0000257899135934,0.00040200864765904676
60088.36891970056,1.0000716100464186,1.0000256808719172,1.0000260222591077,1.0000256808719172,4.592917450141343e-05
60088.36900345312,1.0005922155017688,1.0000255719205646,1.0000259141124475,1.0000255719205646,0.0005666435812041737
60088.36908720568,1.0000791690338862,1.000025463059516,1.000025806056587,1.000025463059516,5.370597437015512e-05
60088.369170958234,0.9992551757970656,1.000025354288799,1.0000256980915534,1.000025354288799,-0.000770178491733331
60088.3692547108,1.0002702446092373,1.0000252456083742,1.000025590217308,1.0000252456083742,0.00024499900086305537
60088.369338463366,1.0002937175166446,1.0000251370182605,1.000025482433869,1.0000251370182605,0.0002685804983841855
60088.36942221593,0.9992048719517094,1.0000250285184564,1.0000253747412355,1.0000250285184564,-0.0008201565667470545
60088.3695059685,1.0006849966472529,1.0000249201089613,1.0000252671394065,1.0000249201089613,0.0006600765382915874
60088.36958972106,1.00021257894116,1.0000248117897836,1.000025159628391,1.0000248117897836,0.00018776715137636124
60088.369673473615,1.0004053399077972,1.000024703560913,1.0000250522081773,1.000024703560913,0.0003806363468841223
60088.36975722617,1.0008788115117553,1.0000245954223486,1.0000249448787657,1.0000245954223486,0.000854216089406723
60088.36984097874,0.9999878093618766,1.00002448737408,1.0000248376401462,1.00002448737408,-3.6678012203417154e-05
60088.369924731305,0.9998902424328355,1.0000243794161159,1.0000247304923262,1.0000243794161159,-0.00013413698328035295
60088.37000848387,0.9998510646746351,1.0000242715484553,1.0000246234353054,1.0000242715484553,-0.0001732068738201642
60088.37009223643,0.9998295050014147,1.0000241637711067,1.0000245164690924,1.0000241637711067,-0.00019465876969204654
60088.37017598899,0.9998016361995075,1.0000240560840596,1.0000244095936763,1.0000240560840596,-0.00022241988455218298
60088.37025974155,0.9994209298986862,1.0000239484873137,1.000024302809057,1.0000239484873137,-0.0006030185886274353
60088.37034349411,0.9995080392758212,1.0000238409808582,1.000024196115224,1.0000238409808582,-0.0005158017050369557
60088.37042724668,0.999834354160139,1.0000237335647015,1.0000240895121855,1.0000237335647015,-0.00018937940456253965
60088.370510999244,0.9994787217920607,1.0000236262388433,1.0000239829999409,1.0000236262388433,-0.0005449044467826791
60088.3705947518,0.9999197189462177,1.0000235190032916,1.0000238765784983,1.0000235190032916,-0.0001038000570738884
60088.370678504354,0.9997245930008641,1.0000234118580453,1.000023770247857,1.0000234118580453,-0.0002988188571811934
60088.37076225692,1.0003143131236967,1.0000233048030758,1.0000236640079883,1.0000233048030758,0.0002910083206209002
60088.370846009486,1.0009396912328679,1.000023197838401,1.0000235578589096,1.000023197838401,0.0009164933944667553
60088.37092976205,1.0002859296508348,1.00002309096402,1.0000234518006204,1.00002309096402,0.0002628386868148702
60088.37101351462,1.0002746567548957,1.0000229841799315,1.0000233458331196,1.0000229841799315,0.00025167257496416795
60088.371097267176,1.0001855934669868,1.0000228774861444,1.0000232399564153,1.0000228774861444,0.00016271598084238725
60088.37118101973,1.0005952053092524,1.0000227708826572,1.0000231341705068,1.0000227708826572,0.0005724344265951586
60088.37126477229,1.0007633009843688,1.0000226643694416,1.000023028475366,1.0000226643694416,0.0007406366149271815
60088.37134852486,0.9996891546675909,1.0000225579465154,1.0000229228710098,1.0000225579465154,-0.0003334032789245045
60088.371432277425,0.9995108517720223,1.0000224516138774,1.0000228173574375,1.0000224516138774,-0.0005115998418551149
60088.37151602999,0.9994500404912425,1.0000223453715267,1.0000227119346483,1.0000223453715267,-0.0005723048802841468
60088.37159978255,1.000215602776678,1.0000222392194715,1.00002260660265,1.0000222392194715,0.0001933635572064496
60088.3716835351,1.0000190030782299,1.0000221331577117,1.0000225013614423,1.0000221331577117,-3.1300794818278632e-06
60088.37176728767,0.9999881242558579,1.0000220271862177,1.0000223962109969,1.0000220271862177,-3.390293035976377e-05
60088.37185104023,1.0005167126062426,1.0000219213050074,1.0000222911513308,1.0000219213050074,0.0004947913012351979
60088.3719347928,1.0004002389812272,1.0000218155140805,1.0000221861824434,1.0000218155140805,0.0003784234671466713
60088.372018545364,1.0000933849784048,1.0000217098134352,1.0000220813043337,1.0000217098134352,7.167516496964232e-05
60088.372102297915,1.0000592786124025,1.0000216042030898,1.0000219765170186,1.0000216042030898,3.76744093126824e-05
60088.37218605048,0.9997093047171758,1.0000214986830058,1.0000218718204614,1.0000214986830058,-0.0003121939658300432
60088.37226980304,1.0009412995602032,1.0000213932532105,1.0000217672146885,1.0000213932532105,0.0009199063069926794
60088.372353555606,0.9999845171839954,1.0000212879136843,1.0000216626996805,1.0000212879136843,-3.6770729688884174e-05
60088.37243730817,1.0002102170791864,1.0000211826644358,1.0000215582754457,1.0000211826644358,0.00018903441475059957
60088.37252106073,0.9995576050922176,1.0000210775054734,1.000021453941992,1.0000210775054734,-0.00046347241325583877
60088.37260481329,1.0019776174952144,1.0000209724367863,1.0000213496993102,1.0000209724367863,0.001956645058428075
60088.372688565854,1.000402526346893,1.0000208674583653,1.0000212455473896,1.0000208674583653,0.0003816588885277028
60088.37277231841,0.9994959947888314,1.000020762570227,1.0000211414862477,1.000020762570227,-0.0005247677813956519
60088.37285607098,1.0003508733261528,1.0000206577723532,1.0000210375158656,1.0000206577723532,0.00033021555379963985
60088.37293982354,0.9998449445173855,1.0000205530647606,1.0000209336362602,1.0000205530647606,-0.00017560854737508347
60088.3730235761,1.0001184543632808,1.0000204484474298,1.000020829847413,1.0000204484474298,9.800591585107377e-05
60088.37310732866,1.0005199701034242,1.0000203439203788,1.0000207261493408,1.0000203439203788,0.0004996261830454429
60088.37319108123,1.0002689622637013,1.000020239483588,1.0000206225420247,1.000020239483588,0.0002487227801133418
60088.373274833786,1.0001842851610991,1.000020135137075,1.000020519025482,1.000020135137075,0.00016415002402414558
60088.373358586345,1.0005447580919382,1.00002003088083,1.0000204155997028,1.00002003088083,0.0005247272111081891
60088.37344233891,1.0005430104218993,1.0000199267148424,1.000020312264677,1.0000199267148424,0.0005230837070568928
60088.37352609148,1.0000004966443004,1.0000198226391213,1.0000202090204129,1.0000198226391213,-1.93259948209068e-05
60088.373609844035,0.9997792033282338,1.000019718653674,1.0000201058669183,1.000019718653674,-0.000240515325440116
60088.3736935966,0.9999809970579445,1.0000196147584814,1.0000200028041748,1.0000196147584814,-3.8617700536924815e-05
60088.37377734915,1.000654556465017,1.0000195109535703,1.000019899832208,1.0000195109535703,0.0006350455114467746
60088.37386110172,0.999773127137906,1.0000194072389041,1.0000197969509816,1.0000194072389041,-0.0002462801009981419
60088.373944854284,1.0001192984502933,1.0000193036144989,1.0000196941605124,1.0000193036144989,9.999483579448132e-05
60088.37402860685,1.0003743580565774,1.0000192000803545,1.0000195914607994,1.0000192000803545,0.00035515797622287515
60088.374112359415,0.999602734959231,1.00001909663647,1.0000194888518417,1.00001909663647,-0.0004163616772389078
60088.37419611197,0.9998534743230746,1.000018993282862,1.0000193863336564,1.000018993282862,-0.00016551895978744735
60088.374279864525,1.0008681369722183,1.000018890019503,1.0000192839062159,1.000018890019503,0.0008492469527152657
60088.37436361709,0.9986747181688603,1.0000187868463921,1.000019181569519,1.0000187868463921,-0.0013440686775317845
60088.37444736966,1.000232308029077,1.0000186837635374,1.0000190793235744,1.0000186837635374,0.00021362426553950264
60088.37453112222,0.9999804213188527,1.000018580770938,1.0000189771683803,1.000018580770938,-3.815945208540672e-05
60088.37461487478,1.0000627627027454,1.0000184778686019,1.0000188751039452,1.0000184778686019,4.4284834143537566e-05
60088.37469862734,0.9998241157030802,1.0000183750565195,1.0000187731302594,1.0000183750565195,-0.00019425935343930778
60088.3747823799,0.9992249740391778,1.0000182723346893,1.0000186712473222,1.0000182723346893,-0.0007932982955115575
60088.374866132464,0.9997929736493814,1.0000181697031023,1.0000185694551231,1.0000181697031023,-0.0002251960537209552
60088.37494988502,0.9995897110349191,1.0000180671617747,1.0000184677536796,1.0000180671617747,-0.0004283561268555447
60088.37503363759,0.9997036650859592,1.0000179647106884,1.000018366142973,1.0000179647106884,-0.00031429962472917516
60088.375117390155,0.9998302463538206,1.0000178623498508,1.000018264623011,1.0000178623498508,-0.0001876159960302326
60088.37520114271,0.9991387426609466,1.0000177600792706,1.0000181631938014,1.0000177600792706,-0.0008790174183239685
60088.37528489527,1.0003581268600161,1.0000176578989377,1.0000180618553351,1.0000176578989377,0.00034046896107842173
60088.37536864783,0.9999691077738715,1.0000175558088509,1.0000179606076112,1.0000175558088509,-4.844803497938699e-05
60088.375452400396,0.9991735659435138,1.0000174538090008,1.000017859450619,1.0000174538090008,-0.0008438878654869475
60088.37553615296,0.9992205377847768,1.0000173518993956,1.0000177583843675,1.0000173518993956,-0.000796814114618738
60088.37561990553,1.000903320224468,1.0000172500800337,1.0000176574088555,1.0000172500800337,0.0008860701444342034
60088.37570365808,1.000271052425252,1.0000171483509328,1.0000175565240994,1.0000171483509328,0.00025390407431924444
60088.37578741064,1.0003615591913817,1.0000170467120646,1.0000174557300723,1.0000170467120646,0.00034451247931710505
60088.3758711632,0.9991865900269158,1.0000169451634289,1.0000173550267732,1.0000169451634289,-0.0008303551365130835
60088.37595491577,0.9999278661145703,1.0000168437050332,1.00001725441421,1.0000168437050332,-8.897759046289089e-05
60088.376038668335,1.0005515178405304,1.0000167423368769,1.0000171538923817,1.0000167423368769,0.0005347755036535506
60088.376122420894,1.0011059079112896,1.000016641058968,1.0000170534612964,1.000016641058968,0.0010892668523216908
60088.37620617345,1.0003070047491383,1.0000165398712964,1.0000169531209442,1.0000165398712964,0.00029046487784190056
60088.37628992601,0.9993392125289325,1.0000164387738613,1.0000168528713245,1.0000164387738613,-0.0006772262449287192
60088.37637367858,0.9997982332245993,1.000016337766653,1.0000167527124273,1.000016337766653,-0.000218104542053843
60088.376457431135,0.9997485177377141,1.000016236849689,1.0000166526442695,1.000016236849689,-0.0002677191119748734
60088.3765411837,1.0001954721780517,1.0000161360229496,1.0000165526668332,1.0000161360229496,0.00017933615510212775
60088.37662493627,0.9997803625657624,1.0000160352864438,1.000016452780125,1.0000160352864438,-0.00023567272068136802
60088.376708688826,1.0005886830455544,1.0000159346401787,1.0000163529841537,1.0000159346401787,0.0005727484053756893
60088.376792441384,1.0006110210526926,1.0000158340841447,1.0000162532789094,1.0000158340841447,0.0005951869685478783
60088.37687619394,1.0006499203626673,1.0000157336183415,1.0000161536643912,1.0000157336183415,0.0006341867443258042
60088.37695994651,1.0000277936545134,1.000015633242759,1.0000160541405896,1.000015633242759,1.2160411754447153e-05
60088.377043699074,0.9989346932093437,1.000015532957405,1.0000159547075125,1.000015532957405,-0.0010808397480612797
60088.37712745163,0.9998972491479379,1.0000154327622877,1.0000158553651675,1.0000154327622877,-0.00011818361434978719
60088.37721120419,1.0005903828380427,1.000015332657397,1.000015756113545,1.000015332657397,0.000575050180645631
60088.37729495676,1.0002973130493586,1.000015232642724,1.000015656952636,1.000015232642724,0.00028208040663457723
60088.377378709316,0.9999958738548393,1.0000151327182847,1.0000155578824559,1.0000151327182847,-1.9258863445337226e-05
60088.377462461875,1.0000769269500878,1.0000150328840693,1.0000154589029964,1.0000150328840693,6.189406601841974e-05
60088.37754621444,1.0000098860463098,1.0000149331400692,1.000015360014247,1.0000149331400692,-5.047093759369403e-06
60088.377629967006,1.0005413547936808,1.0000148334862913,1.0000152612162156,1.0000148334862913,0.0005265213073895048
60088.377713719565,1.0001235937599933,1.0000147339227434,1.0000151625089106,1.0000147339227434,0.00010885983724984172
60088.37779747212,0.9999261458553546,1.0000146344494163,1.0000150638923218,1.0000146344494163,-8.848859406174192e-05
60088.37788122468,1.0000678047397766,1.0000145350663092,1.0000149653664485,1.0000145350663092,5.32696734674154e-05
60088.37796497725,0.9994717673329029,1.0000144357734124,1.0000148669312814,1.0000144357734124,-0.0005426684405095417
60088.37804872981,1.0007829983203427,1.0000143365707337,1.0000147685868284,1.0000143365707337,0.0007686617496089898
60088.37813248237,1.0001405248021218,1.0000142374582806,1.0000146703330963,1.0000142374582806,0.00012628734384123597
60088.37821623494,1.0000371045665977,1.0000141384360353,1.000014572170068,1.0000141384360353,2.2966130562407372e-05
60088.3782999875,1.0001047194086823,1.000014039504014,1.0000144740977595,1.000014039504014,9.067990466826714e-05
60088.378383740055,0.9997804949119935,1.0000139406622075,1.0000143761161608,1.0000139406622075,-0.00023344575021400082
60088.378467492614,0.999870578573608,1.0000138419106142,1.0000142782252717,1.0000138419106142,-0.0001432633370062053
60088.37855124518,0.9998019540672909,1.0000137432492253,1.0000141804250828,1.0000137432492253,-0.00021178918193442975
60088.378634997745,1.000310914462571,1.0000136446780483,1.0000140827156014,1.0000136446780483,0.00029726978452271346
60088.37871875031,0.9999220282866642,1.0000135461970823,1.000013985096827,1.0000135461970823,-9.151791041805968e-05
60088.37880250286,0.9998081849195023,1.0000134478063434,1.000013887568775,1.0000134478063434,-0.0002052628868410844
60088.37888625542,1.0006327232559933,1.0000133495058052,1.0000137901314197,1.0000133495058052,0.000619373750188057
60088.37897000799,0.9996935078085405,1.000013251295467,1.0000136927847603,1.000013251295467,-0.00031974348692642707
60088.37905376055,0.9997503146157057,1.000013153175336,1.0000135955288039,1.000013153175336,-0.000262838559630274
60088.37913751311,1.0002742873851662,1.0000130551454203,1.0000134983635582,1.0000130551454203,0.00026123223974594545
60088.37922126568,1.0000581525425565,1.000012957205702,1.0000134012890056,1.000012957205702,4.5195336854542134e-05
60088.379305018236,0.9997571635097786,1.0000128593561968,1.000013304305162,1.0000128593561968,-0.000255695846418158
60088.379388770794,1.000058134355438,1.0000127615968957,1.000013207412018,1.0000127615968957,4.537275854232803e-05
60088.37947252335,1.0005518063467624,1.0000126639277975,1.000013110609573,1.0000126639277975,0.0005391424189649108
60088.37955627592,1.0000916017959562,1.000012566348893,1.0000130138978176,1.000012566348893,7.903544706322485e-05
60088.379640028485,1.0005074650517447,1.00001246886019,1.0000129172767591,1.00001246886019,0.0004949961915547973
60088.37972378104,0.9998597500929728,1.0000123714616955,1.0000128207464052,1.0000123714616955,-0.00015262136872273846
60088.3798075336,0.9997863909864374,1.000012274153401,1.0000127243067467,1.000012274153401,-0.0002258831669635919
60088.37989128616,1.000316211209655,1.000012176935305,1.0000126279577823,1.000012176935305,0.00030403427435010677
60088.379975038726,0.9999707709808281,1.0000120798073984,1.0000125316995037,1.0000120798073984,-4.130882657027435e-05
60088.380058791285,1.0005155495540414,1.0000119827696972,1.0000124355319258,1.0000119827696972,0.000503566784344267
60088.38014254385,0.9998061176834809,1.0000118858221834,1.000012339455031,1.0000118858221834,-0.0002057681387024335
60088.38022629642,1.0004804419632454,1.0000117889648648,1.0000122434688277,1.0000117889648648,0.00046865299838061425
60088.380310048975,0.9998804767804507,1.000011692197749,1.0000121475733226,1.000011692197749,-0.0001312154172984359
60088.380393801526,1.00068640259648,1.0000115955208349,1.0000120517685152,1.0000115955208349,0.0006748070756450453
60088.38047755409,1.0000195462698578,1.0000114989340965,1.0000119560543792,1.0000114989340965,8.047335761318664e-06
60088.38056130666,0.9995615809696642,1.0000114024375497,1.0000118604309305,1.0000114024375497,-0.000449821467885525
60088.38064505922,0.9992725254925273,1.0000113060312024,1.0000117648981766,1.0000113060312024,-0.0007387805386750435
60088.38072881178,1.0005699899781537,1.0000112097150362,1.0000116694561003,1.0000112097150362,0.0005587802631175087
60088.38081256434,0.9996976955936673,1.0000111134890677,1.000011574104717,1.0000111134890677,-0.000313417895400403
60088.38089631691,1.000003621971686,1.0000110173532788,1.0000114788440093,1.0000110173532788,-7.3953815928895494e-06
60088.38098006946,1.0005695903642111,1.0000109213076938,1.0000113836740012,1.0000109213076938,0.000558669056517358
60088.381063822024,0.9996744103010068,1.0000108253522786,1.0000112885946586,1.0000108253522786,-0.00033641505127179894
60088.38114757459,1.0002324380072867,1.0000107294870486,1.0000111936059974,1.0000107294870486,0.00022170852023806198
60088.38123132715,1.0000122406994407,1.000010633712012,1.0000110987080248,1.000010633712012,1.6069874286817054e-06
60088.38131507971,0.999567691423999,1.000010538027159,1.000011003900732,1.000010538027159,-0.00044284660315985214
60088.38139883227,0.9999316254678824,1.0000104424324805,1.0000109091841092,1.0000104424324805,-7.881696459810517e-05
60088.38148258483,1.0002224343571087,1.0000103469279922,1.0000108145581725,1.0000103469279922,0.00021208742911649203
60088.38156633739,0.999974639694976,1.0000102515136853,1.0000107200229127,1.0000102515136853,-3.5611818709258e-05
60088.381650089956,1.0005189360813636,1.0000101561895498,1.000010625578321,1.0000101561895498,0.0005087798918137487
60088.38173384252,0.9998204039565415,1.000010060955594,1.000010531224404,1.000010060955594,-0.0001896569990524899
60088.38181759507,1.0000496169389732,1.0000099658118333,1.000010436961178,1.0000099658118333,3.965112713988361e-05
60088.38190134764,1.0000626452708026,1.0000098707582337,1.0000103427886087,1.0000098707582337,5.2774512568909415e-05
60088.3819851002,0.9995628984223711,1.000009775794819,1.0000102487067202,1.000009775794819,-0.0004468773724478625
60088.38206885276,1.0001103656544983,1.000009680921572,1.0000101547154954,1.000009680921572,0.00010068473292634827
60088.38215260532,1.0000787792545875,1.0000095861385079,1.0000100608149491,1.0000095861385079,6.919311607966883e-05
60088.38223635789,0.9995204505137566,1.00000949144561,1.0000099670050648,1.00000949144561,-0.0004890409318533129
60088.38232011045,1.000235123025002,1.000009396842885,1.0000098732858496,1.000009396842885,0.00022572618211702533
60088.382403863005,0.9993486504275223,1.000009302330349,1.0000097796573189,1.000009302330349,-0.0006606519028266034
60088.38248761556,0.9999792035129415,1.0000092079079763,1.0000096861194472,1.0000092079079763,-3.000439503486607e-05
60088.38257136813,0.9989905675815397,1.000009113575766,1.0000095926722337,1.000009113575766,-0.0010185459942263497
60088.38265512069,1.0002454735004818,1.0000090193337337,1.0000094993156938,1.0000090193337337,0.00023645416674811237
60088.38273887325,1.0001102954605765,1.0000089251818618,1.0000094060498106,1.0000089251818618,0.0001013702787147075
60088.38282262582,1.0001815330404193,1.000008831120158,1.0000093128745913,1.000008831120158,0.00017270192026130893
60088.38290637838,0.999804441883951,1.0000087371486295,1.0000092197900428,1.0000087371486295,-0.00020429526467846681
60088.38299013093,1.0005152537066349,1.0000086432672755,1.0000091267961644,1.0000086432672755,0.0005066104393594006
60088.383073883495,0.9998924845194085,1.0000085494760702,1.000009033892931,1.0000085494760702,-0.00011606495666172112
60088.38315763606,0.9995981181508526,1.0000084557750297,1.000008941080358,1.0000084557750297,-0.00041033762417708175
60088.38324138862,0.9997258302339795,1.000008362164161,1.0000088483584524,1.000008362164161,-0.00028253193018135114
60088.383325141185,1.0000369076745896,1.0000082686434466,1.0000087557271973,1.0000082686434466,2.863903114302957e-05
60088.383408893744,0.999928486532071,1.0000081752129022,1.0000086631866079,1.0000081752129022,-7.96886808311914e-05
60088.383492646295,1.0007313295728364,1.0000080818725272,1.0000085707366833,1.0000080818725272,0.000723247700309182
60088.38357639886,0.9996606693746304,1.000007988622296,1.0000084783773986,1.000007988622296,-0.0003473192476655118
60088.38366015143,1.0005603835186196,1.000007895462224,1.000008386108769,1.000007895462224,0.000552488056395628
60088.383743903985,0.9995533729585746,1.0000078023923185,1.0000082939308015,1.0000078023923185,-0.0004544294337438526
60088.38382765655,1.000215197824242,1.0000077094125623,1.0000082018434795,1.0000077094125623,0.00020748841167961274
60088.38391140911,1.000733373621521,1.000007616522971,1.0000081098468179,1.000007616522971,0.0007257570985499395
60088.38399516166,0.9998925300388667,1.0000075237235433,1.0000080179408155,1.0000075237235433,-0.00011499368467660087
60088.38407891423,1.0006236679568234,1.0000074310142542,1.000007926125448,1.0000074310142542,0.0006162369425692926
60088.38416266679,1.0004175752150026,1.0000073383951196,1.0000078344007304,1.0000073383951196,0.0004102368198830586
60088.38424641936,0.9999665146004911,1.0000072458661378,1.0000077427666618,1.0000072458661378,-4.0731265646631876e-05
60088.38433017192,1.0001931684416312,1.0000071534273163,1.0000076512232492,1.0000071534273163,0.00018601501431492196
60088.384413924476,0.9997481656433101,1.0000070610786462,1.0000075597704838,1.0000070610786462,-0.0002588954353360817
60088.384497677034,0.9997405006249709,1.0000069688201267,1.0000074684083649,1.0000069688201267,-0.0002664681951558556
60088.38458142959,0.9997385672841169,1.000006876651757,1.0000073771368911,1.000006876651757,-0.00026830936763999613
60088.38466518216,0.9996933884536144,1.0000067845735279,1.0000072859560543,1.0000067845735279,-0.00031339611991343386
60088.384748934724,0.9998559529462746,1.0000066925854467,1.000007194865861,1.0000066925854467,-0.00015073963917211497
60088.38483268728,1.0001099227392012,1.0000066006875203,1.0000071038663185,1.0000066006875203,0.00010332205168084307
60088.38491643984,1.0003829460302427,1.0000065088797403,1.0000070129574183,1.0000065088797403,0.00037643715050239557
60088.38500019241,0.9998152868962598,1.0000064171620977,1.000006922139151,1.0000064171620977,-0.00019113026583794657
60088.38508394496,1.000413012549969,1.0000063255346152,1.00000683141154,1.0000063255346152,0.000406687015353846
60088.385167697525,0.999375645597458,1.0000062339972609,1.0000067407745523,1.0000062339972609,-0.0006305883998029005
60088.38525145009,1.000117306279971,1.0000061425500486,1.0000066502282035,1.0000061425500486,0.00011116372992248102
60088.38533520265,1.0001372065357652,1.0000060511929865,1.0000065597724999,1.0000060511929865,0.00013115534277874374
60088.38541895521,0.9992695505247162,1.0000059599260651,1.000006469407433,1.0000059599260651,-0.000736409401348892
60088.38550270777,0.999863339408848,1.000005868749276,1.0000063791329943,1.000005868749276,-0.00014252934042813248
60088.385586460325,1.000375156176708,1.0000057776626419,1.0000062889492065,1.0000057776626419,0.0003693785140661543
60088.38567021289,0.9998015609567465,1.0000056866661302,1.000006198856037,1.0000056866661302,-0.00020412570938366237
60088.38575396546,1.0000828160999757,1.0000055957597562,1.0000061088535006,1.0000055957597562,7.722034021950819e-05
60088.385837718015,1.0003805831434058,1.0000055049435264,1.000006018941605,1.0000055049435264,0.000375078199879475
60088.38592147057,1.0011474373086942,1.0000054142174324,1.0000059291203407,1.0000054142174324,0.001142023091261768
60088.38600522314,0.9997906681950638,1.0000053235814654,1.0000058393896993,1.0000053235814654,-0.00021465538640164095
60088.38608897569,1.000348672950331,1.0000052330356481,1.000005749749703,1.0000052330356481,0.00034343991468288593
60088.38617272826,1.000589992247272,1.0000051425799485,1.0000056602003204,1.0000051425799485,0.0005848496673235282
60088.38625648082,0.9999742148841142,1.0000050522143809,1.0000055707415658,1.0000050522143809,-3.083733026665314e-05
60088.38634023338,0.9998276321033106,1.0000049619389524,1.0000054813734465,1.0000049619389524,-0.00017732983564178184
60088.38642398594,1.000004612630725,1.0000048717536545,1.0000053920959533,1.0000048717536545,-2.5912292955787564e-07
60088.386507738505,0.9993390547656518,1.0000047816584787,1.0000053029090779,1.0000047816584787,-0.0006657268928269566
60088.38659149106,0.9994446007201673,1.0000046916534469,1.0000052138128424,1.0000046916534469,-0.0005600909332795778
60088.38667524362,0.9994639029316401,1.0000046017385276,1.0000051248072155,1.0000046017385276,-0.0005406988068874519
60088.38675899619,0.999597465487691,1.0000045119137355,1.0000050358922112,1.0000045119137355,-0.0004070464260444995
60088.38684274875,0.9998108633734892,1.0000044221790771,1.000004947067837,1.0000044221790771,-0.00019355880558791227
60088.38692650131,1.0007120235444484,1.0000043325345365,1.0000048583340762,1.0000043325345365,0.0007076910099119704
60088.38701025387,1.000011350491248,1.0000042429801277,1.0000047696909433,1.0000042429801277,7.107511120318932e-06
60088.38709400642,0.999892960621727,1.0000041535158506,1.0000046811384373,1.0000041535158506,-0.00011119289412364619
60088.38717775899,1.000386151668046,1.0000040641416803,1.0000045926765349,1.0000040641416803,0.0003820875263655932
60088.38726151155,0.9999239169328056,1.0000039748576401,1.0000045043052574,1.0000039748576401,-8.005792483456453e-05
60088.38734526411,0.9999678711028298,1.000003885663713,1.0000044160245893,1.000003885663713,-3.6014560883201874e-05
60088.38742901668,0.9999086815855174,1.0000037965599058,1.0000043278345372,1.0000037965599058,-9.511497438841054e-05
60088.38751276923,1.0002527757549036,1.0000037075462331,1.0000042397351157,1.0000037075462331,0.0002490682086704332
60088.38759652179,0.999876932583486,1.0000036186226715,1.0000041517263007,1.0000036186226715,-0.00012668603918553067
60088.387680274354,1.0000999521717193,1.0000035297892196,1.0000040638080911,1.0000035297892196,9.6422382499739e-05
60088.38776402691,1.0000056364308096,1.000003441045892,1.000003975980502,1.000003441045892,2.195384917635934e-06
60088.38784777948,1.0009824886108094,1.0000033523926724,1.0000038882435167,1.0000033523926724,0.0009791362181370555
60088.387931532045,1.000300786610136,1.000003263829568,1.0000038005971426,1.000003263829568,0.00029752278056816017
60088.388015284596,0.9999446988304608,1.0000031753565928,1.000003713041393,1.0000031753565928,-5.847652613200083e-05
60088.388099037154,0.9999766360781237,1.0000030869737229,1.0000036255762452,1.0000030869737229,-2.6450895599161584e-05
60088.38818278972,1.0004673136785032,1.0000029986809578,1.000003538201698,1.0000029986809578,0.00046431499754540084
60088.38826654228,0.999508937412843,1.000002910478312,1.0000034509177658,1.000002910478312,-0.0004939730654689445
60088.388350294845,0.9997473995652219,1.0000028223657689,1.000003363724432,1.0000028223657689,-0.0002554228005470227
60088.3884340474,0.9999936888988142,1.0000027343433435,1.000003276621712,1.0000027343433435,-9.045444529287572e-06
60088.38851779996,1.0005757946409068,1.0000026464110268,1.0000031896095962,1.0000026464110268,0.0005731482298800827
60088.38860155252,1.0004650400807966,1.000002558568818,1.0000031026880847,1.000002558568818,0.00046248151197869625
60088.38868530508,1.000213764068401,1.0000024708167163,1.000003015857176,1.0000024708167163,0.0002112932516846744
60088.388769057645,0.9997932978931187,1.0000023831547131,1.000002929116862,1.0000023831547131,-0.00020908526159446605
60088.38885281021,1.0002285102483703,1.0000022955828154,1.0000028424671492,1.0000022955828154,0.00022621466555494685
60088.38893656277,0.9999240553327845,1.0000022081010302,1.0000027559080444,1.0000022081010302,-7.81527682457428e-05
60088.38902031533,0.9996468217325813,1.0000021207093484,1.0000026694395392,1.0000021207093484,-0.0003552989767670045
60088.38910406789,0.9995493435322995,1.0000020334077695,1.0000025830616326,1.0000020334077695,-0.0004526898754699804
60088.389187820445,0.9998350181768041,1.0000019461962923,1.0000024967743235,1.0000019461962923,-0.00016692801948825498
60088.38927157301,0.999236652500329,1.000001859074909,1.0000024105776042,1.000001859074909,-0.0007652065745799019
60088.38935532557,0.9995004662227521,1.0000017720436334,1.0000023244714888,1.0000017720436334,-0.0005013058208812593
60088.389439078135,1.0001523795574176,1.0000016851024491,1.0000022384559608,1.0000016851024491,0.00015069445496851408
60088.389522830694,1.0004856189342586,1.0000015982513715,1.0000021525310347,1.0000015982513715,0.00048402068288710964
60088.38960658325,0.9997900882319737,1.0000015114903913,1.000002066696702,1.0000015114903913,-0.000211423258417609
60088.38969033581,1.0001771736077485,1.0000014248195077,1.000001980952962,1.0000014248195077,0.00017574878824078155
60088.38977408838,1.0004987907767429,1.0000013382387127,1.0000018952998069,1.0000013382387127,0.0004974525380301298
60088.389857840935,0.9997858206766062,1.0000012517480201,1.0000018097372496,1.0000012517480201,-0.000215431071413974
60088.3899415935,0.9996747221220642,1.0000011653474141,1.0000017242652752,1.0000011653474141,-0.000326443225349915
60088.39002534605,0.9996115790645482,1.000001079036917,1.0000016388839046,1.000001079036917,-0.00038949997236870093
60088.39010909862,0.999877340263477,1.0000009928164968,1.0000015535931077,1.0000009928164968,-0.00012365255301982625
60088.39019285118,1.0004172843728438,1.000000906686176,1.0000014683929057,1.000000906686176,0.00041637768666791253
60088.390276603735,0.9994911656243509,1.0000008206459456,1.0000013832832901,1.0000008206459456,-0.0005096550215947238
60088.3903603563,0.9998940887374046,1.000000734695798,1.0000012982642532,1.000000734695798,-0.00010664595839338098
60088.39044410886,1.0000004769414244,1.0000006488357465,1.0000012133358085,1.0000006488357465,-1.7189432210962252e-07
60088.39052786142,0.9995956234234205,1.0000005630657833,1.000001128497948,1.0000005630657833,-0.00040493964236287816
60088.390611613984,1.000589950460849,1.0000004773859001,1.0000010437506632,1.0000004773859001,0.000589473074948943
60088.390695366536,1.000127960058625,1.000000391796118,1.0000009590939754,1.000000391796118,0.00012756826250703845
60088.3907791191,0.9995078691089765,1.0000003062964067,1.0000008745278546,1.0000003062964067,-0.0004924371874301947
60088.39086287167,1.0004577314766354,1.00000022088678,1.0000007900523142,1.00000022088678,0.0004575105898554366
60088.390946624226,0.9995158292497279,1.0000001355672448,1.0000007056673608,1.0000001355672448,-0.00048430631751683606
60088.39103037679,1.000210023492593,1.000000050337785,1.000000621372979,1.000000050337785,0.00020997315480797418
60088.39111412934,0.9999790069400799,0.999999965198422,1.00000053716919,0.999999965198422,-2.0958258342140823e-05
60088.3911978819,1.0008900927469782,0.9999998801491332,1.000000453055971,0.9999998801491332,0.0008902125978449416
60088.39128163447,0.9999338384222924,0.9999997951899174,1.000000369033321,0.9999997951899174,-6.595676762499725e-05
60088.391365387026,1.0005215023052683,0.9999997103207884,1.0000002851012535,0.9999997103207884,0.0005217919844798802
60088.39144913959,0.9998668685835,0.9999996255417307,1.0000002012597533,0.9999996255417307,-0.00013275695823067313
60088.39153289215,0.9996086260871287,0.9999995408527582,1.0000001175088344,0.9999995408527582,-0.0003909147656294687
60088.39161664471,0.9994334972603972,0.9999994562538629,1.0000000338484882,0.9999994562538629,-0.0005659589934656761
60088.39170039727,0.9998637992600304,0.9999993717450434,0.9999999502787144,0.9999993717450434,-0.00013557248501294694
60088.391784149826,0.999602211890975,0.9999992873262992,0.9999998667995114,0.9999992873262992,-0.0003970754353241901
60088.39186790239,1.000386394572722,0.9999992029976222,0.9999997834108715,0.9999992029976222,0.00038719157509981006
60088.39195165495,1.0000906445352933,0.999999118759026,0.9999997001128083,0.999999118759026,9.152577626725389e-05
60088.392035407516,0.9995767453198477,0.9999990346104953,0.9999996169053064,0.9999990346104953,-0.0004222892906475817
60088.392119160075,0.9999823196146103,0.9999989505520437,0.9999995337883796,0.9999989505520437,-1.663093743342614e-05
60088.392202912626,0.999517753244603,0.9999988665836701,0.999999450762027,0.9999988665836701,-0.0004811133390670852
60088.39228666519,1.0010827277299532,0.9999987827053524,0.999999367826226,0.9999987827053524,0.001083945024600852
60088.39237041775,1.0003200862229447,0.9999986989171109,0.9999992849809971,0.9999986989171109,0.0003213873058337535
60088.392454170316,1.000225781833985,0.9999986152189306,0.9999992022263255,0.9999986152189306,0.00022716661505439717
60088.39253792288,1.001159046918093,0.999998531610818,0.9999991195622174,0.999998531610818,0.0011605153072751229
60088.39262167543,1.0002027277437229,0.9999984480927865,0.9999990369886862,0.9999984480927865,0.00020427965093638978
60088.39270542799,0.9996892853638984,0.9999983646648134,0.9999989545057095,0.9999983646648134,-0.0003090793009149495
60088.39278918055,0.9997231608191108,0.9999982813269054,0.999998872113294,0.9999982813269054,-0.0002751205077945462
60088.39287293312,1.0001233357710548,0.9999981980790544,0.9999987898114312,0.9999981980790544,0.00012513769200039881
60088.392956685675,1.0007184261974424,0.9999981149212738,0.9999987076001345,0.9999981149212738,0.0007203112761686725
60088.39304043824,0.9997903657971481,0.9999980318535483,0.9999986254793893,0.9999980318535483,-0.00020766605640021307
60088.3931241908,0.9996479724838997,0.9999979488758918,0.9999985434492086,0.9999979488758918,-0.00034997639199207953
60088.39320794335,0.9995029173795348,0.9999978659883028,0.9999984615095918,0.9999978659883028,-0.0004949486087679755
60088.39329169592,1.000773188542688,0.9999977831907593,0.9999983796605162,0.9999977831907593,0.0007754053519287707
60088.393375448475,0.9994191631904721,0.9999977004832823,0.9999982979020028,0.9999977004832823,-0.0005785372928102106
60088.39345920104,1.0002030907504955,0.999997617865856,0.9999982162340363,0.999997617865856,0.00020547288463956814
60088.39354295361,0.999423701046671,0.9999975353384867,0.999998134656623,0.9999975353384867,-0.000573834291815678
60088.39362670616,0.9997450798072238,0.9999974529011886,0.9999980531697763,0.9999974529011886,-0.0002523730939647528
60088.393710458724,1.000080857853414,0.9999973705539316,0.9999979717734669,0.9999973705539316,8.348729948237654e-05
60088.393794211275,0.9996095316022074,0.9999972882967432,0.9999978904677223,0.9999972882967432,-0.0003877566945357236
60088.39387796384,1.000803292663108,0.9999972061295948,0.9999978092525132,0.9999972061295948,0.0008060865335133283
60088.3939617164,1.0005957831038919,0.9999971240525064,0.9999977281278604,0.9999971240525064,0.0005986590513854528
60088.394045468965,0.9999863156649603,0.9999970420654628,0.9999976470937484,0.9999970420654628,-1.072640050248097e-05
60088.394129221524,0.9991938327755782,0.9999969601684778,0.9999975661501906,0.9999969601684778,-0.0008031273928996718
60088.39421297408,0.9992112669296066,0.9999968783615434,0.9999974852971791,0.9999968783615434,-0.0007856114319367835
60088.39429672664,1.0004704815723477,0.9999967966446582,0.9999974045347132,0.9999967966446582,0.00047368492768951054
60088.3943804792,0.999847004856307,0.9999967150178218,0.999997323862792,0.9999967150178218,-0.00014971016151488215
60088.394464231766,0.9998475785131045,0.9999966334810262,0.9999972432814077,0.9999966334810262,-0.00014905496792172457
60088.394547984324,0.9997224999780803,0.9999965520342847,0.9999971627905732,0.9999965520342847,-0.0002740520562044546
60088.39463173688,1.0005026497892708,0.9999964706775895,0.9999970823902807,0.9999964706775895,0.0005061791116813819
60088.39471548945,1.0003044002738464,0.9999963894109323,0.9999970020805227,0.9999963894109323,0.00030801086291409874
60088.394799242,0.9995099313254132,0.9999963082343336,0.9999969218613188,0.9999963082343336,-0.000486376908920394
60088.394882994566,0.9999756747817006,0.9999962271477645,0.9999968417326408,0.9999962271477645,-2.0552366063908423e-05
60088.394966747124,0.9997146124010328,0.9999961461512451,0.9999967616945084,0.9999961461512451,-0.0002815337502123372
60088.39505049969,1.0000698618869057,0.9999960652447606,0.9999966817469068,0.9999960652447606,7.379664214512971e-05
60088.39513425224,1.0000716205415048,0.9999959844283312,0.9999966018898561,0.9999959844283312,7.563611317362717e-05
60088.39521800481,0.9994665888120607,0.9999959037019279,0.9999965221233275,0.9999959037019279,-0.0005293148898671829
60088.395301757366,1.0003879527913495,0.999995823065571,0.9999964424473412,0.999995823065571,0.0003921297257785117
60088.395385509924,1.000016445755176,0.9999957425192526,0.9999963628618894,0.9999957425192526,2.0703235923291707e-05
60088.39546926249,1.0001486534640922,0.9999956620629646,0.9999962833669641,0.9999956620629646,0.00015299140112756682
60088.39555301505,0.9996796673134566,0.9999955816967204,0.9999962039625787,0.9999955816967204,-0.0003159143832638378
60088.395636767615,1.0002622865598394,0.9999955014205053,0.9999961246487182,0.9999955014205053,0.0002667851393340914
60088.395720520166,0.9994218959245038,0.9999954212343392,0.9999960454254023,0.9999954212343392,-0.0005735253098353432
60088.395804272724,1.0005116828941192,0.9999953411382002,0.9999959662926099,0.9999953411382002,0.0005163417559189698
60088.39588802529,0.999532051746661,0.9999952611320876,0.99999588725034,0.9999952611320876,-0.000463209385426544
60088.39597177785,0.9999207140832659,0.9999951812160145,0.9999958082986053,0.9999951812160145,-7.446713274861239e-05
60088.396055530415,1.0003422713616335,0.9999951013899662,0.9999957294373913,0.9999951013899662,0.0003471699716672827
60088.39613928297,1.0007804472818875,0.9999950216539556,0.999995650666711,0.9999950216539556,0.0007854256279319349
60088.39622303553,1.0001823515859172,0.9999949420079747,0.9999955719865566,0.9999949420079747,0.0001874095779424989
60088.39630678808,0.9997627594237716,0.99999486245203,0.9999954933969343,0.99999486245203,-0.00023210302825837914
60088.39639054065,1.0000165715450673,0.9999947829860998,0.9999954148978224,0.9999947829860998,2.1788558967505978e-05
60088.39647429321,0.9994844522213318,0.9999947036102037,0.9999953364892407,0.9999947036102037,-0.0005102513888719518
60088.39655804577,0.9999808808821761,0.9999946243243274,0.9999952581711747,0.9999946243243274,-1.3743442151326057e-05
60088.39664179833,0.9997594870162639,0.9999945451284835,0.9999951799436372,0.9999945451284835,-0.00023505811221957718
60088.39672555089,0.9998168690364154,0.9999944660226647,0.9999951018066205,0.9999944660226647,-0.00017759698624930653
60088.39680930345,0.9997747085695949,0.9999943870068697,0.9999950237601238,0.9999943870068697,-0.00021967843727477288
60088.39689305601,1.0001324447631097,0.9999943080810981,0.9999949458041463,0.9999943080810981,0.00013813668201156926
60088.39697680857,1.0000929541462131,0.9999942292453419,0.9999948679386801,0.9999942292453419,9.872490087126096e-05
60088.39706056113,0.999195154090917,0.9999941504996137,0.9999947901637383,0.9999941504996137,-0.0007989964086967394
60088.3971443137,0.9997052941038717,0.9999940718438994,0.9999947124793062,0.9999940718438994,-0.0002887777400277791
60088.39722806625,0.9996803768849042,0.9999939932782186,0.9999946348854032,0.9999939932782186,-0.0003136163933143976
60088.39731181881,1.0002445772140336,0.9999939148025497,0.9999945573820087,0.9999939148025497,0.0002506624114838596
60088.397395571366,0.9993798174260305,0.9999938364168991,0.9999944799691282,0.9999938364168991,-0.0006140189908685478
60088.39747932393,1.000042750896002,0.9999937581212587,0.9999944026467538,0.9999937581212587,4.899277474323949e-05
60088.39756307649,1.0001824083737412,0.9999936799156415,0.9999943254148986,0.9999936799156415,0.00018872845809969618
60088.39764682906,1.000071700656322,0.9999936018000329,0.9999942482735484,0.9999936018000329,7.80988562890661e-05
60088.397730581615,0.999197806739869,0.999993523774446,0.9999941712227153,0.999993523774446,-0.000795717034576926
60088.397814334174,0.9999597499714515,0.9999934458388726,0.9999940942623923,0.9999934458388726,-3.369586742107966e-05
60088.39789808673,1.0004713058905164,0.9999933679933124,0.9999940173925781,0.9999933679933124,0.0004779378972039616
60088.39798183929,0.9997034610703457,0.9999932902377642,0.9999939406132718,0.9999932902377642,-0.0002898291674184872
60088.39806559186,0.9996352233876288,0.9999932125722204,0.9999938639244664,0.9999932125722204,-0.00035798918459162277
60088.398149344415,1.0010033931835511,0.9999931349966941,0.9999937873261737,0.9999931349966941,0.0010102581868570715
60088.398233096974,1.0006964787912849,0.999993057511177,0.999993710818387,0.999993057511177,0.0007034212801079187
60088.39831684953,1.0000769008708714,0.9999929801156686,0.9999936344011048,0.9999929801156686,8.392075520280429e-05
60088.39840060209,0.9999713441192918,0.9999929028101683,0.9999935580743264,0.9999929028101683,-2.1558690876499753e-05
60088.39848435465,0.9997448925468627,0.9999928255946748,0.9999934818380514,0.9999928255946748,-0.0002479330478121211
60088.398568107215,0.9999653508570601,0.9999927484691811,0.9999934056922716,0.9999927484691811,-2.739761212100511e-05
60088.398651859774,1.0001367951423725,0.9999926714336992,0.9999933296369996,0.9999926714336992,0.00014412370867333824
60088.39873561233,1.0003197771644923,0.9999925944882218,0.9999932536722284,0.9999925944882218,0.000327182676270521
60088.39881936489,0.9999734736492688,0.999992517632748,0.9999931777979566,0.999992517632748,-1.9043983479183346e-05
60088.39890311745,1.0000201688698755,0.9999924408672771,0.9999931020141838,0.9999924408672771,2.7728002598426116e-05
60088.39898687001,0.9998039580179455,0.9999923641918081,0.9999930263209089,0.9999923641918081,-0.00018840617386262082
60088.399070622574,0.9998046317052622,0.9999922876063334,0.9999929507181248,0.9999922876063334,-0.00018765590107117092
60088.39915437514,1.0001377292762335,0.9999922111108589,0.9999928752058365,0.9999922111108589,0.00014551816537455853
60088.39923812769,1.0000073873548823,0.9999921347053976,0.999992799784057,0.9999921347053976,1.525264948465388e-05
60088.39932188026,0.9993655386058025,0.999992058389921,0.9999927244527587,0.999992058389921,-0.0006265197841185399
60088.39940563281,0.9998370454391589,0.9999919821644556,0.9999926492119674,0.9999919821644556,-0.0001549367252967615
60088.399489385374,0.9998186540933787,0.9999919060289737,0.9999925740616561,0.9999919060289737,-0.00017325193559503127
60088.39957313793,1.000101878982372,0.9999918299834947,0.999992499001843,0.9999918299834947,0.00011004899887723241
60088.3996568905,0.9997838691023361,0.9999917540280041,0.9999924240325148,0.9999917540280041,-0.00020788492566803374
60088.39974064306,0.9997873460864868,0.9999916781625146,0.9999923491536833,0.9999916781625146,-0.00020433207602776893
60088.399824395616,1.000405935356384,0.9999916023870185,0.9999922743653417,0.9999916023870185,0.0004143329693654385
60088.39990814817,0.9998286958881667,0.9999915267015214,0.9999921996674949,0.9999915267015214,-0.0001628308133546641
60088.39999190073,0.9998357506711493,0.9999914511060031,0.9999921250601229,0.9999914511060031,-0.00015570043485380047
60088.40007565329,0.9995551108838358,0.9999913756004823,0.9999920505432445,0.9999913756004823,-0.00043626471664659494
60088.40015940586,0.9992631129301162,0.9999913001849452,0.9999919761168458,0.9999913001849452,-0.000728187254829038
60088.400243158416,0.9995140580377275,0.9999912248594037,0.9999919017809389,0.9999912248594037,-0.0004771668216762004
60088.400326910974,1.000209059371501,0.9999911496238507,0.9999918275355163,0.9999911496238507,0.00021790974765023563
60088.400410663526,1.0001910695183562,0.9999910744782918,0.9999917533805837,0.9999910744782918,0.0001999950400644046
60088.40049441609,0.9992588344002908,0.9999909994227065,0.9999916793161211,0.9999909994227065,-0.0007321650224156873
60088.40057816865,1.0001281034032459,0.9999909244571138,0.9999916053421467,0.9999909244571138,0.00013717894613207715
60088.400661921216,1.0004905184025652,0.9999908495814995,0.9999915314586472,0.9999908495814995,0.0004996688210656686
60088.400745673775,0.9996456062775901,0.9999907747958758,0.999991457665634,0.9999907747958758,-0.00034516851828569894
60088.40082942633,1.0005538774052383,0.9999907001002358,0.9999913839631004,0.9999907001002358,0.000563177305002438
60088.400913178884,1.0001931103828958,0.9999906254945844,0.9999913103510517,0.9999906254945844,0.0002024848883114272
60088.40099693145,1.0007831225972088,0.999990550978902,0.999991236829468,0.999990550978902,0.0007925716183068143
60088.40108068401,1.000303111334448,0.9999904765532067,0.9999911633983677,0.9999904765532067,0.0003126347812413277
60088.401164436575,0.9998016302219118,0.999990402217485,0.9999910900577368,0.999990402217485,-0.00018877199557321145
60088.40124818913,1.0003925626107832,0.999990327971749,0.9999910168075875,0.999990327971749,0.00040223463903421575
60088.40133194169,0.9997129748109617,0.9999902538159914,0.9999909436479127,0.9999902538159914,-0.00027727900502971803
60088.40141569424,1.00021580183353,0.9999901797502173,0.9999908705787174,0.9999901797502173,0.000225622083312782
60088.40149944681,1.0002224199661807,0.9999901057744073,0.9999907975999822,0.9999901057744073,0.0002323141917733862
60088.40158319937,0.9997855289897112,0.999990031888579,0.9999907247117252,0.999990031888579,-0.00020450289886786432
