t_bmjd,flux,model_sym,model_asym,ramp,res_sym
60369.34772513655,0.9998427643597594,1.0003406732227875,1.000340202721262,1.0003406732227875,-0.0004979088630281403
60369.34790283585,0.9999065986472038,1.0003395063325657,1.0003390261327636,1.0003395063325657,-0.00043290768536197177
60369.34808053515,0.999582553146245,1.000338341409421,1.0003378515525896,1.000338341409421,-0.000755788263175905
60369.34825823444,0.9989186153715136,1.0003371784534474,1.0003366789808354,1.0003371784534474,-0.001418563081933777
60369.34843593374,1.0002043380208387,1.0003360174644553,1.0003355084173096,1.0003360174644553,-0.00013167944361658357
60369.34861363304,0.9999036269973655,1.0003348584425396,1.0003343398621083,1.0003348584425396,-0.0004312314451740962
60369.34879133234,1.0001215963787733,1.0003337013877003,1.0003331733152308,1.0003337013877003,-0.00021210500892698825
60369.34896903163,0.9991888746796335,1.000332546300032,1.0003320087767729,1.000332546300032,-0.0011436716203986341
60369.34914673093,1.0002089807152383,1.0003313931793456,1.0003308462465441,1.0003313931793456,-0.0001224124641072688
60369.34932443023,0.999995164553826,1.0003302420257356,1.0003296857246393,1.0003302420257356,-0.00033507747190963943
60369.34950212952,1.000479099215121,1.0003290928392958,1.0003285272111535,1.0003290928392958,0.0001500063758250736
60369.34967982882,0.9998489991445678,1.0003279456198388,1.0003273707058968,1.0003279456198388,-0.00047894647527102485
60369.34985752812,1.0005079175607936,1.0003268003674581,1.0003262162089648,1.0003268003674581,0.00018111719333546716
60369.350035227406,0.9995704659720468,1.0003256570822474,1.0003250637204513,1.0003256570822474,-0.0007551911102006148
60369.35021292671,0.998510806050528,1.0003245157640195,1.0003239132401671,1.0003245157640195,-0.0018137097134914848
60369.35039062601,0.9999266154991354,1.000323376412868,1.0003227647682076,1.000323376412868,-0.0003967609137326411
60369.350568325295,0.9999995346797277,1.0003222390288862,1.000321618304666,1.0003222390288862,-0.0003227043491584869
60369.3507460246,1.0000964258497158,1.0003211036118878,1.0003204738493545,1.0003211036118878,-0.00022467776217194313
60369.3509237239,1.0002570352333902,1.0003199701619656,1.0003193314023675,1.0003199701619656,-6.293492857545324e-05
60369.351101423184,0.9996553709568436,1.0003188386792123,1.000318190963798,1.0003188386792123,-0.0006634677223686936
60369.351279122486,1.0002687759882039,1.000317709163443,1.0003170525334593,1.000317709163443,-4.893317523912977e-05
60369.35145682179,1.0008746407781657,1.0003165816147501,1.0003159161114445,1.0003165816147501,0.0005580591634155585
60369.351634521074,0.9996964991646908,1.000315456033226,1.000314781697847,1.000315456033226,-0.000618956868535081
60369.351812220375,0.9995990053387986,1.0003143324186858,1.000313649292481,1.0003143324186858,-0.0007153270798871958
60369.351989919676,0.999924056644156,1.0003132107712223,1.000312518895439,1.0003132107712223,-0.0003891541270663046
60369.35216761897,0.9995909266380688,1.0003120910908807,1.0003113905067673,1.0003120910908807,-0.0007211644528118955
60369.352345318264,1.000823147172461,1.0003109733776159,1.0003102641264197,1.0003109733776159,0.0005121737948450278
60369.352523017566,1.0003665529884576,1.0003098576313816,1.0003091397543504,1.0003098576313816,5.6695357075975394e-05
60369.35270071686,1.0017638559471584,1.0003087438522693,1.0003080173906511,1.0003087438522693,0.0014551120948891327
60369.35287841615,1.000278173681255,1.0003076320402333,1.0003068970352758,1.0003076320402333,-2.945835897838478e-05
60369.353056115455,0.9997992116439894,1.0003065221952283,1.000305778688179,1.0003065221952283,-0.0005073105512388709
60369.35323381475,1.00023849808781,1.000305414317345,1.000304662349452,1.000305414317345,-6.691622953503007e-05
60369.35341151404,0.9992716233782095,1.0003043084065382,1.0003035480190492,1.0003043084065382,-0.0010326850283286504
60369.353589213344,0.999174238597084,1.0003032044627624,1.0003024356969248,1.0003032044627624,-0.0011289658656784551
60369.35376691264,1.0007204180233105,1.0003021024861083,1.00030132538317,1.0003021024861083,0.00041831553720217407
60369.35394461193,1.0005969734270734,1.0003010024765304,1.0003002170777398,1.0003010024765304,0.0002959709505430119
60369.35412231123,1.0009849975372922,1.000299904433984,1.0002991107805879,1.000299904433984,0.0006850931033082208
60369.35430001053,0.9988367078540639,1.0002988083585587,1.0002980064918054,1.0002988083585587,-0.001462100504494801
60369.35447770982,1.0013219793004264,1.0002977142502099,1.0002969042113474,1.0002977142502099,0.0010242650502165773
60369.35465540912,0.9996447630905815,1.0002966221088927,1.000295803939168,1.0002966221088927,-0.0006518590183112183
60369.35483310842,1.0008635050905414,1.0002955319346967,1.0002947056753582,1.0002955319346967,0.0005679731558447809
60369.35501080771,0.9991708775812372,1.000294443727577,1.000293609419872,1.000294443727577,-0.0011235661463396829
60369.35518850701,0.9994982946552895,1.000293357487489,1.0002925151726654,1.000293357487489,-0.0007950628321995445
60369.355366206306,0.9997335922009495,1.0002922732145219,1.0002914229338278,1.0002922732145219,-0.0005586810135723708
60369.3555439056,1.000326279340915,1.0002911909086312,1.000290332703314,1.0002911909086312,3.508843228372527e-05
60369.3557216049,1.0008039609728452,1.0002901105697726,1.00028924448108,1.0002901105697726,0.0005138504030726132
60369.355899304195,1.000547770814229,1.0002890321980344,1.0002881582672145,1.0002890321980344,0.00025873861619452043
60369.35607700349,1.0010233479985973,1.0002879557933726,1.0002870740616732,1.0002879557933726,0.000735392205224672
60369.35625470279,0.999471692179902,1.0002868813557433,1.0002859918644116,1.0002868813557433,-0.0008151891758413354
60369.356432402084,0.998274654569553,1.0002858088852344,1.0002849116755186,1.0002858088852344,-0.0020111543156814404
60369.356610101386,0.999767579477589,1.000284738381758,1.0002838334949056,1.000284738381758,-0.000517158904168924
60369.35678780068,1.0006835189820784,1.0002836698454016,1.0002827573226605,1.0002836698454016,0.0003998491366767887
60369.356965499974,1.0000268946971143,1.0002826032761216,1.0002816831587398,1.0002826032761216,-0.0002557085790073632
60369.357143199275,1.0000607645906976,1.0002815386738744,1.000280611003099,1.0002815386738744,-0.00022077408317677794
60369.35732089857,1.0012576139076732,1.0002804760387474,1.0002795408558267,1.0002804760387474,0.000977137868925837
60369.35749859786,1.0005491185762476,1.0002794153706964,1.000278472716878,1.0002794153706964,0.0002697032055511972
60369.357676297164,0.9997561903869959,1.0002783566696785,1.0002774065862101,1.0002783566696785,-0.0005221662826825346
60369.35785399646,1.0017369237167344,1.00027729993578,1.0002763424639098,1.00027729993578,0.0014596237809543222
60369.35803169575,1.0005522491629935,1.0002762451689584,1.0002752803499337,1.0002762451689584,0.0002760039940350456
60369.35820939505,1.0006819572920267,1.0002751923691697,1.0002742202442383,1.0002751923691697,0.0004067649228569614
60369.35838709435,1.0013004832925254,1.0002741415365006,1.0002731621469103,1.0002741415365006,0.0010263417560247845
60369.35856479364,1.000845324610015,1.0002730926709076,1.0002721060579063,1.0002730926709076,0.0005722319391074926
60369.35874249294,1.001600410374309,1.0002720457723484,1.0002710519771836,1.0002720457723484,0.0013283646019606188
60369.35892019224,0.9988982317039526,1.0002710008409084,1.000269999904828,1.0002710008409084,-0.0013727691369557204
60369.35909789153,1.0011039887106543,1.0002699578765444,1.0002689498407964,1.0002699578765444,0.0008340308341099334
60369.35927559083,0.9994708323273674,1.0002689168792145,1.000267901785046,1.0002689168792145,-0.0007980845518470447
60369.35945329012,1.0003708982832575,1.000267877849046,1.0002668557377055,1.000267877849046,0.00010302043421162033
60369.35963098942,1.0001807273756622,1.0002668407858686,1.0002658116986034,1.0002668407858686,-8.611341020636765e-05
60369.35980868872,0.9997647592118865,1.0002658056897678,1.0002647696678255,1.0002658056897678,-0.0005010464778812951
60369.35998638801,0.9998749241053537,1.0002647725608278,1.000263729645457,1.0002647725608278,-0.0003898484554740733
60369.36016408731,1.0013944687533476,1.00026374139888,1.0002626916313277,1.00026374139888,0.00113072735446762
60369.36034178661,1.0007892960826832,1.0002627122040084,1.0002616556255224,1.0002627122040084,0.000526583878674769
60369.3605194859,1.0006215599141508,1.0002616849762975,1.000260621628126,1.0002616849762975,0.0003598749378532773
60369.3606971852,0.9987193712275583,1.0002606597155788,1.000259589638969,1.0002606597155788,-0.001541288488020487
60369.3608748845,1.0006630859168033,1.0002596364219365,1.0002585596581366,1.0002596364219365,0.00040344949486681436
60369.361052583794,0.9990411691179997,1.0002586150954125,1.00025753168567,1.0002586150954125,-0.001217445977412801
60369.36123028309,0.9999728737476418,1.000257595735965,1.0002565057215278,1.000257595735965,-0.00028472198832318885
60369.36140798239,1.0005888242266725,1.000256578343552,1.0002554817656677,1.000256578343552,0.00033224588312052994
60369.36158568168,1.000526708153373,1.000255562918257,1.0002544598181735,1.000255562918257,0.0002711452351160659
60369.36176338098,1.0003326811468272,1.0002545494600383,1.0002534398790035,1.0002545494600383,7.813168678882931e-05
60369.36194108028,1.000682245632642,1.0002535379688546,1.0002524219481161,1.0002535379688546,0.00042870766378744207
60369.36211877957,1.0002786075890782,1.000252528444789,1.0002514060255943,1.000252528444789,2.607914428920388e-05
60369.36229647887,0.998499468326794,1.0002515208877993,1.0002503921113965,1.0002515208877993,-0.0017520525610053017
60369.36247417816,1.0011571049505308,1.000250515297886,1.000249380205523,1.000250515297886,0.0009065896526447847
60369.36265187746,1.0008707919971571,1.0002495116750079,1.0002483703079321,1.0002495116750079,0.0006212803221492535
60369.362829576756,0.9991515328480218,1.0002485100192475,1.0002473624187067,1.0002485100192475,-0.0010969771712256993
60369.36300727605,0.9997314905896902,1.0002475103305632,1.0002463565378052,1.0002475103305632,-0.0005160197408730083
60369.36318497535,1.0004354618569995,1.0002465126089146,1.000245352665187,1.0002465126089146,0.00018894924808487978
60369.363362674645,0.9996455119811848,1.000245516854383,1.000244350800934,1.000245516854383,-0.0006000048731981122
60369.36354037394,1.000851019725263,1.000244523066928,1.000243350945005,1.000244523066928,0.0006064966583350095
60369.36371807324,0.9988697534510218,1.0002435312465086,1.0002423530973594,1.0002435312465086,-0.0013737777954867525
60369.363895772534,1.000740770573794,1.0002425413932061,1.0002413572580786,1.0002425413932061,0.0004982291805879502
60369.36407347183,1.0004028744730458,1.0002415535069797,1.000240363427122,1.0002415535069797,0.0001613209660660253
60369.36425117113,1.0000578324729736,1.0002405675877897,1.0002393716044486,1.0002405675877897,-0.000182735114816035
60369.364428870416,1.0016012442059992,1.0002395836357565,1.0002383817901808,1.0002395836357565,0.0013616605702426732
60369.36460656972,1.0005112245202474,1.0002386016507192,1.000237393984156,1.0002386016507192,0.00027262286952822734
60369.36478426902,0.9988097548980831,1.0002376216327584,1.0002364081864552,1.0002376216327584,-0.0014278667346753204
60369.364961968306,0.9995406499067834,1.000236643581954,1.0002354243971594,1.000236643581954,-0.000695993675170703
60369.36513966761,1.0008486028349346,1.000235667498146,1.0002344426161072,1.000235667498146,0.0006129353367885226
60369.36531736691,0.9999480646361879,1.0002346933814144,1.000233462843379,1.0002346933814144,-0.0002866287452264471
60369.3654950662,1.0004391415037424,1.0002337212317989,1.0002324850790152,1.0002337212317989,0.00020542027194347945
60369.365672765496,1.0001145674377943,1.00023275104926,1.0002315093229754,1.00023275104926,-0.00011818361146564982
60369.36585046479,0.9995977637036042,1.0002317828337972,1.0002305355752596,1.0002317828337972,-0.0006340191301930087
60369.36602816409,1.0016165597545605,1.0002308165853715,1.0002295638358283,1.0002308165853715,0.0013857431691890465
60369.366205863385,1.00140648039463,1.0002298523040614,1.0002285941047608,1.0002298523040614,0.001176628090568732
60369.36638356268,1.0022273585494603,1.0002288899898275,1.0002276263820176,1.0002288899898275,0.0019984685596328156
60369.36656126198,0.9988835333416894,1.000227929642631,1.0002266606675587,1.000227929642631,-0.0013443963009416304
60369.366738961275,1.000005763424398,1.0002269712625502,1.0002256969614638,1.0002269712625502,-0.00022120783815227085
60369.36691666057,1.0004125477748445,1.0002260148495454,1.0002247352636928,1.0002260148495454,0.0001865329252990211
60369.36709435987,1.0003182203567078,1.000225060403578,1.0002237755742065,1.000225060403578,9.315995312975112e-05
60369.36727205916,1.0015959552314901,1.0002241079247653,1.0002228178931227,1.0002241079247653,0.0013718473067247938
60369.36744975846,1.0004782125632572,1.0002231574129508,1.0002218622202848,1.0002231574129508,0.000255055150306438
60369.36762745776,0.999631316514394,1.0002222088682127,1.0002209085557712,1.0002222088682127,-0.0005908923538187061
60369.367805157046,1.0022528659478551,1.0002212622906284,1.0002199568996597,1.0002212622906284,0.002031603657226766
60369.36798285635,0.9996360212072009,1.000220317680043,1.0002190072517942,1.000220317680043,-0.000584296472842194
60369.36816055565,1.0012038918695165,1.0002193750365342,1.0002180596122532,1.0002193750365342,0.000984516832982285
60369.368338254935,1.0003365576062477,1.000218434360179,1.0002171139811138,1.000218434360179,0.00011812324606874647
60369.36851595424,1.0020659941090682,1.000217495650823,1.0002161703582209,1.000217495650823,0.0018484984582451958
60369.36869365353,0.999376991992836,1.0002165589085816,1.0002152287436907,1.0002165589085816,-0.0008395669157456043
60369.36887135283,1.001606708673216,1.0002156241333786,1.0002142891374464,1.0002156241333786,0.001391084539837495
60369.369049052126,1.0009084413520362,1.0002146913252903,1.0002133515395646,1.0002146913252903,0.0006937500267458763
60369.36922675142,1.000279743280298,1.000213760484278,1.0002124159500068,1.000213760484278,6.598279601988111e-05
60369.36940445072,1.0001386851748013,1.0002128316103043,1.000211482368735,1.0002128316103043,-7.414643550296418e-05
60369.369582150015,0.9994552957324974,1.0002119047034448,1.0002105507958254,1.0002119047034448,-0.0007566089709474255
60369.36975984931,1.0018858107350854,1.0002109797636618,1.00020962123124,1.0002109797636618,0.0016748309714236242
60369.36993754861,0.9999357998056684,1.0002100567909171,1.0002086936749408,1.0002100567909171,-0.0002742569852487442
60369.3701152479,1.0011006064338515,1.0002091357853244,1.0002077681270414,1.0002091357853244,0.0008914706485270152
60369.3702929472,1.0003398733458253,1.0002082167467325,1.0002068445873904,1.0002082167467325,0.0001316565990927554
60369.3704706465,1.0000519940498365,1.0002072996752174,1.0002059230560636,1.0002072996752174,-0.0001553056253809082
60369.370648345786,1.000176455680102,1.0002063845708535,1.0002050035331362,1.0002063845708535,-2.992889075148497e-05
60369.37082604509,0.9989477491182567,1.000205471433491,1.000204086018458,1.000205471433491,-0.0012577223152342443
60369.37100374438,1.0002583697626934,1.0002045602632421,1.0002031705121412,1.0002045602632421,5.38094994513294e-05
60369.371181443676,0.9997745607016599,1.00020365106007,1.0002022570141487,1.00020365106007,-0.00042909035841010024
60369.37135914298,1.0013887676939728,1.0002027438239367,1.0002013455244427,1.0002027438239367,0.0011860238700360792
60369.37153684227,1.0007687721346403,1.000201838554917,1.0002004360430983,1.000201838554917,0.0005669335797233721
60369.371714541565,0.999840252606789,1.0002009352529735,1.000199528570078,1.0002009352529735,-0.00036068264618449586
60369.37189224086,1.0004720989891067,1.0002000339181067,1.0001986231053819,1.0002000339181067,0.0002720650709999717
60369.37206994016,1.0011922899651085,1.0001991345502792,1.0001977196489726,1.0001991345502792,0.0009931554148292498
60369.372247639454,0.9992479643697314,1.0001982371495648,1.0001968182009247,1.0001982371495648,-0.0009502727798333943
60369.37242533875,1.0011708265936452,1.0001973417159267,1.0001959187612004,1.0001973417159267,0.0009734848777185334
60369.37260303805,1.0007920573159264,1.0001964482493284,1.0001950213297641,1.0001964482493284,0.0005956090665979463
60369.37278073734,0.9993279160161945,1.0001955567498433,1.0001941259066884,1.0001955567498433,-0.0008676407336487557
60369.37295843664,1.000391672264096,1.0001946672174342,1.0001932324919365,1.0001946672174342,0.0001970050466617579
60369.37313613594,1.0005581193930202,1.0001937796520652,1.0001923410854727,1.0001937796520652,0.00036433974095495536
60369.37331383523,0.9999835599134073,1.000192894053809,1.0001914516873691,1.000192894053809,-0.00020933414040169573
60369.37349153453,1.0013854487673768,1.0001920104226292,1.00019056429759,1.0001920104226292,0.0011934383447476105
60369.37366923383,1.0001076687530035,1.0001911287584895,1.0001896789160982,1.0001911287584895,-8.34600054859802e-05
60369.37384693312,1.0007557724253293,1.0001902490614623,1.0001887955429674,1.0001902490614623,0.0005655233638670598
60369.374024632416,1.0009174945670227,1.0001893713315113,1.0001879141781602,1.0001893713315113,0.0007281232355114131
60369.37420233171,0.9995863896185685,1.0001884955686369,1.0001870348216773,1.0001884955686369,-0.0006021059500683767
60369.37438003101,1.0000768779499671,1.000187621772803,1.0001861574734825,1.000187621772803,-0.00011074382283582374
60369.374557730305,0.9984509150294166,1.000186749944081,1.0001852821336479,1.000186749944081,-0.001735834914664447
60369.3747354296,1.0001188773139749,1.0001858800824355,1.0001844088021372,1.0001858800824355,-6.700276846061115e-05
60369.3749131289,1.0002215536218535,1.0001850121878306,1.000183537478915,1.0001850121878306,3.654143402287424e-05
60369.37509082819,0.9999983222514786,1.0001841462603733,1.0001826681640882,1.0001841462603733,-0.0001858240088947749
60369.37526852749,0.9995175432180936,1.0001832822999215,1.0001818008575143,1.0001832822999215,-0.0006657390818278763
60369.37544622679,1.000415766088528,1.000182420306546,1.0001809355592648,1.000182420306546,0.0002333457819820861
60369.37562392608,0.9994834797450222,1.0001815602803175,1.0001800722694096,1.0001815602803175,-0.0006980805352952979
60369.37580162538,1.000904321953023,1.000180702221095,1.0001792109878085,1.000180702221095,0.0007236197319280269
60369.37597932467,0.9995292190510534,1.0001798461289837,1.0001783517145666,1.0001798461289837,-0.0006506270779302881
60369.376157023966,1.0012220919519028,1.0001789920039488,1.0001774944496487,1.0001789920039488,0.0010430999479540404
60369.37633472327,1.0009360266775236,1.0001781398459555,1.00017663919302,1.0001781398459555,0.0007578868315680776
60369.37651242256,1.0007510706837939,1.0001772896550734,1.0001757859447502,1.0001772896550734,0.0005737810287205214
60369.376690121855,0.9995663622271247,1.0001764414312675,1.0001749347048048,1.0001764414312675,-0.0006100792041427994
60369.37686782115,1.0007908710026983,1.0001755951745381,1.0001740854731833,1.0001755951745381,0.0006152758281601223
60369.37704552045,0.999227266902712,1.0001747508848504,1.0001732382498512,1.0001747508848504,-0.0009474839821383974
60369.37722321974,1.0000808412395081,1.0001739085623083,1.0001723930349125,1.0001739085623083,-9.30673228001222e-05
60369.37740091904,1.0001096176231292,1.0001730682067733,1.0001715498282286,1.0001730682067733,-6.345058364409795e-05
60369.37757861834,1.0006767352436798,1.0001722298183149,1.0001707086298692,1.0001722298183149,0.0005045054253649539
60369.37775631763,0.9998232520926674,1.0001713933969671,1.0001698694398684,1.0001713933969671,-0.00034814130429972057
60369.37793401693,0.9995406581331617,1.000170558942696,1.0001690322581915,1.000170558942696,-0.0006299008095341785
60369.37811171622,0.9991354546401306,1.0001697264555007,1.0001681970848388,1.0001697264555007,-0.0010342718153700803
60369.37828941552,0.9998673984218687,1.000168895935348,1.000167363919776,1.000168895935348,-0.00030149751347940956
60369.37846711482,0.9997654295715203,1.0001680673823057,1.0001665327630713,1.0001680673823057,-0.00040263781078542227
60369.37864481411,1.0013525563231158,1.0001672407963398,1.000165703614691,1.0001672407963398,0.0011853155267760318
60369.37882251341,0.999814184742033,1.0001664161774164,1.0001648764746007,1.0001664161774164,-0.00035223143538343216
60369.3790002127,1.0011130303700622,1.0001655935256366,1.0001640513429022,1.0001655935256366,0.0009474368444255532
60369.379177912,1.0005265414206084,1.0001647728408658,1.0001632282194604,1.0001647728408658,0.0003617685797425718
60369.3793556113,1.0002113997844684,1.0001639541231717,1.0001624071043427,1.0001639541231717,4.744566129666339e-05
60369.37953331059,1.0004219299306076,1.000163137372621,1.0001615879976162,1.000163137372621,0.00025879255798666456
60369.37971100989,1.000190283526177,1.0001623225890797,1.0001607708991467,1.0001623225890797,2.796093709722669e-05
60369.37988870918,0.9996721459005153,1.000161509772648,1.000159955809035,1.000161509772648,-0.0004893638721326088
60369.38006640848,1.0007652534138247,1.0001606989232927,1.0001591427272474,1.0001606989232927,0.0006045544905319833
60369.38024410777,0.9987160837760938,1.0001598900410136,1.0001583316537836,1.0001598900410136,-0.0014438062649198002
60369.38042180707,1.0006393392923811,1.000159083125778,1.0001575225886112,1.000159083125778,0.0004802561666030769
60369.38059950637,1.0001250385142204,1.0001582781776517,1.0001567155317956,1.0001582781776517,-3.3239663431272604e-05
60369.38077720566,1.0005373397964494,1.0001574751966018,1.0001559104833044,1.0001574751966018,0.00037986459984762355
60369.38095490496,1.0006299935774192,1.0001566741825954,1.0001551074431045,1.0001566741825954,0.00047331939482386787
60369.38113260425,0.9997105364684725,1.0001558751357307,1.000154306411294,1.0001558751357307,-0.00044533866725815496
60369.38131030355,0.999267870466278,1.0001550780558772,1.0001535073877423,1.0001550780558772,-0.0008872075895992593
60369.381488002844,1.000223888310775,1.0001542829431327,1.0001527103725474,1.0001542829431327,6.96053676423336e-05
60369.38166570214,0.9998542831063186,1.0001534897974644,1.0001519153656764,1.0001534897974644,-0.00029920669114580356
60369.38184340144,1.0006418443383336,1.00015269861884,1.0001511223670974,1.00015269861884,0.0004891457194935445
60369.38202110073,1.0006386084576753,1.0001519094073243,1.0001503313768745,1.0001519094073243,0.000486699050350925
60369.382198800035,1.000010641885688,1.000151122162853,1.0001495423949438,1.000151122162853,-0.00014048027716495604
60369.38237649932,0.9998474707122742,1.0001503368855222,1.0001487554214017,1.0001503368855222,-0.00030286617324803977
60369.38255419862,0.9999555523922282,1.0001495535752036,1.0001479704561191,1.0001495535752036,-0.0001940011829754118
60369.38273189792,1.00044451879685,1.0001487722319935,1.000147187499193,1.0001487722319935,0.00029574656485653605
60369.38290959721,0.9999751461149592,1.0001479928558596,1.000146406550591,1.0001479928558596,-0.00017284674090045637
60369.38308729651,1.0001365698737037,1.0001472154467703,1.000145627610281,1.0001472154467703,-1.0645573066625502e-05
60369.383264995806,1.0005906713476527,1.000146440004789,1.000144850678327,1.000146440004789,0.0004442313428636435
60369.3834426951,0.9996017191183999,1.0001456665298842,1.000144075754697,1.0001456665298842,-0.0005439474114843357
60369.383620394394,1.0006413857712502,1.000144895022056,1.0001433028393913,1.000144895022056,0.0004964907491942228
60369.383798093695,0.9997715127985168,1.0001441254812722,1.000142531932378,1.0001441254812722,-0.00037261268275534665
60369.38397579298,0.999244859030543,1.0001433579076275,1.000141763033752,1.0001433579076275,-0.000898498877084486
60369.38415349228,1.0005505522293738,1.0001425923009968,1.0001409961433871,1.0001425923009968,0.0004079599283770552
60369.384331191584,1.0007658739030272,1.0001418286614423,1.0001402312613463,1.0001418286614423,0.0006240452415848807
60369.38450889087,1.0006113577553544,1.0001410669890267,1.0001394683876923,1.0001410669890267,0.0004702907663276523
60369.38468659017,1.0001546996505812,1.0001403072836252,1.0001387075223003,1.0001403072836252,1.4392366955995328e-05
60369.384864289466,1.001358874978212,1.000139549545331,1.000137948665263,1.000139549545331,0.0012193254328811687
60369.38504198876,1.0008624691646457,1.0001387937741133,1.00013719181655,1.0001387937741133,0.0007236753905324189
60369.385219688054,1.00032072926512,1.0001380399699717,1.0001364369761612,1.0001380399699717,0.00018268929514819732
60369.385397387356,0.9994602305627027,1.0001372881328758,1.0001356841440654,1.0001372881328758,-0.0006770575701731119
60369.38557508666,1.0001207105396404,1.0001365382628564,1.0001349333202942,1.0001365382628564,-1.5827723216066403e-05
60369.38575278594,1.0004186938637367,1.0001357903599748,1.000134184504908,1.0001357903599748,0.0002829035037619221
60369.385930485245,1.0010391840814614,1.0001350444241082,1.000133437697785,1.0001350444241082,0.0009041396573532534
60369.38610818454,1.0004675953346889,1.0001343004553482,1.0001326928990169,1.0001343004553482,0.00033329487934063984
60369.38628588383,1.000319621096065,1.0001335584536648,1.0001319501085724,1.0001335584536648,0.00018606264240017545
60369.38646358313,1.001329027648797,1.0001328184190579,1.0001312093264523,1.0001328184190579,0.0011962092297390647
60369.38664128243,1.000603123077244,1.000132080351497,1.0001304705526257,1.000132080351497,0.00047104272574705064
60369.386818981715,1.0002141397851918,1.0001313442510724,1.000129733787184,1.0001313442510724,8.279553411938423e-05
60369.386996681016,1.0010399812069437,1.0001306101176644,1.000128999030006,1.0001306101176644,0.0009093710892793538
60369.38717438032,0.9995912828083903,1.0001298779513328,1.0001282662811521,1.0001298779513328,-0.0005385951429425218
60369.387352079604,0.9989973918949347,1.0001291477521372,1.0001275355406825,1.0001291477521372,-0.0011317558572024877
60369.387529778905,1.000258094901854,1.0001284195199585,1.000126806808477,1.0001284195199585,0.0001296753818955665
60369.3877074782,0.9999988878718629,1.0001276932548857,1.0001260800846254,1.0001276932548857,-0.00012880538302284528
60369.38788517749,1.0007122180681975,1.0001269689568895,1.0001253553690979,1.0001269689568895,0.0005852491113080838
60369.38806287679,1.000120635214341,1.0001262466259693,1.0001246326618947,1.0001262466259693,-5.611411628247964e-06
60369.38824057609,1.0000852942627443,1.000125526262096,1.000123911962986,1.000125526262096,-4.023199935176969e-05
60369.388418275375,0.9993458373911817,1.0001248078653582,1.0001231932724601,1.0001248078653582,-0.0007789704741765213
60369.38859597468,0.9980744552447366,1.0001240914356377,1.0001224765901995,1.0001240914356377,-0.0020496361909011496
60369.38877367398,1.0004267898207813,1.0001233769729938,1.0001217619162635,1.0001233769729938,0.00030341284778745425
60369.388951373265,1.0014547426178275,1.0001226644774845,1.0001210492507098,1.0001226644774845,0.0013320781403429738
60369.389129072566,0.9994141410433194,1.0001219539489934,1.0001203385934219,1.0001219539489934,-0.0007078129056740101
60369.38930677186,1.0002833781473386,1.000121245387608,1.0001196299444872,1.000121245387608,0.00016213275973053776
60369.389484471154,0.999083227412646,1.0001205387932985,1.0001189233038768,1.0001205387932985,-0.0010373113806525502
60369.38966217045,1.0003813283672223,1.0001198341660655,1.00011821867159,1.0001198341660655,0.00026149420115673117
60369.38983986975,1.0001120121963791,1.00011913150588,1.000117516047599,1.00011913150588,-7.119309500813742e-06
60369.39001756904,0.99977772185877,1.0001184308128,1.0001168154319604,1.0001184308128,-0.0003407089540299335
60369.39019526834,1.0006559705740843,1.0001177320867958,1.0001161168246464,1.0001177320867958,0.0005382384872885115
60369.39037296764,1.000346222267964,1.0001170353278397,1.0001154202256277,1.0001170353278397,0.00022918694012430407
60369.39055066693,0.9991481763425566,1.0001163405359883,1.0001147256349616,1.0001163405359883,-0.0009681641934317087
60369.39072836623,1.0005189355981208,1.0001156477112134,1.00011403305262,1.0001156477112134,0.0004032878869073553
60369.39090606552,0.9998757016084898,1.0001149568535148,1.000113342478602,1.0001149568535148,-0.00023925524502499407
60369.39108376482,1.000188683626151,1.0001142679628643,1.0001126539128802,1.0001142679628643,7.441566328680871e-05
60369.39126146411,1.0006590770617365,1.0001135810393467,1.0001119673555385,1.0001135810393467,0.0005454960223898464
60369.39143916341,1.001287298115136,1.000112896082849,1.0001112828064649,1.000112896082849,0.0011744020322870252
60369.391616862704,1.0010678699700286,1.0001122130934557,1.0001106002657436,1.0001122130934557,0.0009556568765729523
60369.391794562,0.999748230324805,1.0001115320711387,1.0001099197333463,1.0001115320711387,-0.0003633017463336996
60369.39197226129,0.999741910320661,1.0001108530158982,1.000109241209273,1.0001108530158982,-0.0003689426952372399
60369.39214996059,1.0006464920864642,1.000110175927706,1.0001085646934962,1.000110175927706,0.0005363161587581544
60369.39232765989,0.9988678320201976,1.000109500806618,1.000107890186071,1.000109500806618,-0.0012416687864205134
60369.39250535918,1.0008576643781202,1.0001088276526064,1.00010721768697,1.0001088276526064,0.0007488367255137351
60369.39268305848,1.0019652040763547,1.0001081564656438,1.0001065471961659,1.0001081564656438,0.0018570476107109268
60369.39286075777,0.9998651771905557,1.0001074872458122,1.0001058787137402,1.0001074872458122,-0.00024231005525654492
60369.39303845707,1.0009502306143898,1.0001068199930023,1.0001052122395844,1.0001068199930023,0.0008434106213874859
60369.393216156364,1.00138720435889,1.000106154707296,1.0001045477737798,1.000106154707296,0.001281049651594035
60369.39339385566,0.9984334731546861,1.0001054913886662,1.0001038853162991,1.0001054913886662,-0.0016720182339801104
60369.39357155495,0.9993570724643662,1.0001048300371127,1.0001032248671429,1.0001048300371127,-0.0007477575727464769
60369.39374925425,0.9995661472117813,1.0001041706526084,1.0001025664262835,1.0001041706526084,-0.0005380234408270956
60369.39392695354,0.9993287352942521,1.0001035132352345,1.000101909993802,1.0001035132352345,-0.0007747779409823519
60369.39410465284,0.999920012614167,1.000102857784883,1.0001012555695912,1.000102857784883,-0.00018284517071598394
60369.394282352136,1.000808531748505,1.0001022043016348,1.000100603153731,1.0001022043016348,0.0007063274468701586
60369.39446005144,1.0013898935128656,1.0001015527854362,1.0000999527461685,1.0001015527854362,0.001288340727429338
60369.39463775073,1.000283541795823,1.0001009032363406,1.0000993043469566,1.0001009032363406,0.00018263855948230656
60369.394815450025,1.0004074098970492,1.0001002556543215,1.000098657956069,1.0001002556543215,0.0003071542427277585
60369.394993149326,1.0014557332521656,1.0000996100393522,1.000098013573479,1.0000996100393522,0.0013561232128134204
60369.39517084861,1.0011405062820269,1.0000989663915119,1.0000973711992658,1.0000989663915119,0.0010415398905150308
60369.395348547914,1.0015511456055868,1.0000983247106956,1.000096730833324,1.0000983247106956,0.0014528208948911825
60369.39552624721,1.0000180777529235,1.0000976849969818,1.0000960924757327,1.0000976849969818,-7.960724405831066e-05
60369.3957039465,1.0000819488126216,1.000097047250344,1.0000954561264652,1.000097047250344,-1.5098437722516067e-05
60369.395881645796,0.9993969760685941,1.0000964114707829,1.0000948217855221,1.0000964114707829,-0.0006994354021887528
60369.3960593451,0.9996292561026011,1.0000957776582722,1.000094189452877,1.0000957776582722,-0.00046652155567106224
60369.396237044384,1.0003320844145638,1.0000951458128895,1.000093559128608,1.0000951458128895,0.00023693860167428582
60369.396414743685,0.9994971035837019,1.0000945159345316,1.0000929308126114,1.0000945159345316,-0.0005974123508296625
60369.39659244298,1.00052395789689,1.0000938880232757,1.0000923045049643,1.0000938880232757,0.0004300698736143804
60369.39677014227,0.999911053054651,1.0000932620790963,1.0000916802056417,1.0000932620790963,-0.0001822090244453234
60369.39694784157,1.0003210224720307,1.000092638101993,1.0000910579146431,1.000092638101993,0.00022838437003769307
60369.39712554087,1.0000937262614122,1.0000920160919406,1.000090437631943,1.0000920160919406,1.7101694715915272e-06
60369.397303240155,1.000008947101922,1.0000913960490156,1.000089819357618,1.0000913960490156,-8.244894709363848e-05
60369.39748093946,0.9991465926552598,1.000090777973116,1.0000892030915665,1.000090777973116,-0.0009441853178562276
60369.39765863875,0.9995175052707741,1.000090161864318,1.000088588833864,1.000090161864318,-0.0005726565935439965
60369.397836338045,1.0006554009713795,1.0000895477225966,1.000087976584486,1.0000895477225966,0.0005658532487828882
60369.398014037346,0.9995176986221593,1.0000889355479263,1.0000873663434067,1.0000889355479263,-0.0005712369257669936
60369.39819173664,0.9997844813158374,1.0000883253403576,1.000086758110677,1.0000883253403576,-0.00030384402452021675
60369.398369435934,1.000655449789052,1.0000877170998652,1.000086151886271,1.0000877170998652,0.0005677326891868617
60369.39854713523,1.000607049194587,1.0000871108264489,1.000085547670189,1.0000871108264489,0.0005199383681382397
60369.39872483453,1.0006840009407085,1.0000865065200844,1.0000849454624068,1.0000865065200844,0.0005974944206241783
60369.39890253382,1.0004060695768087,1.000085904180821,1.0000843452629733,1.000085904180821,0.00032016539598767046
60369.39908023312,1.0001106004270583,1.0000853038086337,1.0000837470718635,1.0000853038086337,2.5296618424652806e-05
60369.39925793241,1.0000004653202723,1.000084705403523,1.0000831508890782,1.000084705403523,-8.42400832505863e-05
60369.39943563171,1.0002571768717872,1.000084108965464,1.0000825567145926,1.000084108965464,0.0001730679063232099
60369.399613331,1.0003225067165886,1.0000835144945304,1.0000819645484795,1.0000835144945304,0.0002389922220582541
60369.3997910303,0.9998887962630002,1.0000829219906242,1.0000813743906423,1.0000829219906242,-0.00019412572762400604
60369.399968729595,0.9999282946627505,1.0000823314538188,1.0000807862411532,1.0000823314538188,-0.0001540367910682905
60369.40014642889,0.9992953882533032,1.0000817428840898,1.0000802000999882,1.0000817428840898,-0.0007863546307865787
60369.40032412818,0.9997089707343353,1.000081156281437,1.0000796159671475,1.000081156281437,-0.0003721855471016111
60369.400501827484,0.998839992292492,1.0000805716458365,1.0000790338426067,1.0000805716458365,-0.0012405793533445397
60369.40067952677,0.9999313035251481,1.0000799889773602,1.0000784537264378,1.0000799889773602,-0.00014868545221202734
60369.40085722607,1.000366666448818,1.0000794082759126,1.0000778756185456,1.0000794082759126,0.00028725817290542466
60369.401034925366,0.9999347705008699,1.000078829541565,1.000077299519001,1.000078829541565,-0.00014405904069514364
60369.40121262466,1.0010294830593607,1.000078252774294,1.0000767254277807,1.000078252774294,0.0009512302850667176
60369.401390323954,0.9991168394323231,1.0000776779740992,1.0000761533448843,1.0000776779740992,-0.0009608385417760879
60369.401568023255,1.0004026830140578,1.0000771051409574,1.0000755832702888,1.0000771051409574,0.0003255778731003911
60369.40174572254,1.001167370436296,1.0000765342749385,1.0000750152040638,1.0000765342749385,0.0010908361613575224
60369.40192342184,1.0003832280597866,1.0000759653759492,1.0000744491461164,1.0000759653759492,0.00030726268383740596
60369.40210112114,1.000952648980048,1.00007539844406,1.0000738850965165,1.00007539844406,0.0008772505359879723
60369.40227882044,1.0006583162556657,1.0000748334792238,1.0000733230552177,1.0000748334792238,0.0005834827764419348
60369.402456519725,1.00053845128278,1.0000742704815098,1.0000727630222888,1.0000742704815098,0.00046418080127019756
60369.40263421903,0.999422630791139,1.0000737094508263,1.0000722049976383,1.0000737094508263,-0.0006510786596872764
60369.40281191832,1.0004105364097442,1.0000731503872424,1.0000716489813348,1.0000731503872424,0.0003373860225017733
60369.402989617614,0.9992103212467071,1.0000725932907346,1.0000710949733551,1.0000725932907346,-0.0008622720440275566
60369.40316731691,1.0001318002669928,1.000072038161303,1.0000705429736998,1.000072038161303,5.9762105689697975e-05
60369.40334501621,1.0008017422855207,1.0000714849989252,1.000069992982346,1.0000714849989252,0.0007302572865954815
60369.4035227155,1.000716903261271,1.000070933803669,1.0000694449993612,1.000070933803669,0.0006459694576019803
60369.4037004148,1.0001988236856367,1.0000703845754442,1.0000688990246558,1.0000703845754442,0.0001284391101925575
60369.40387811409,0.9989519671845815,1.000069837314318,1.0000683550582965,1.000069837314318,-0.0011178701297365201
60369.404055813386,0.9991813257305782,1.0000692920202683,1.0000678131002616,1.0000692920202683,-0.000887966289690123
60369.40423351268,1.0011659833048316,1.0000687486932949,1.0000672731505509,1.0000687486932949,0.0010972346115367682
60369.40441121198,1.000126653785196,1.0000682073333755,1.000066735209142,1.0000682073333755,5.844645182051522e-05
60369.40458891127,1.0001234523847558,1.0000676679405769,1.0000661992761013,1.0000676679405769,5.5784444178863524e-05
60369.40476661057,1.0007473960305455,1.0000671305148103,1.0000656653513407,1.0000671305148103,0.00068026551573519
60369.40494430986,0.9994979213375068,1.0000665950561423,1.0000651334349262,1.0000665950561423,-0.0005686737186354485
60369.40512200916,0.9996532250768203,1.0000660615645502,1.000064603526836,1.0000660615645502,-0.00041283648772993953
60369.40529970845,1.0013212205173156,1.000065530040035,1.0000640756270696,1.000065530040035,0.001255690477280691
60369.40547740775,1.0003478241080868,1.0000650004825742,1.0000635497356056,1.0000650004825742,0.0002828236255125738
60369.40565510704,1.0004805530911214,1.0000644728922332,1.000063025852509,1.0000644728922332,0.00041608019888816905
60369.40583280634,0.9988620915176868,1.000063947268925,1.0000625039776934,1.000063947268925,-0.0012018557512382122
60369.406010505634,0.9977587945896793,1.0000634236127148,1.0000619841112235,1.0000634236127148,-0.0023046290230355204
60369.40618820493,1.0007728321737168,1.0000629019235812,1.0000614662530778,1.0000629019235812,0.0007099302501356597
60369.40636590422,1.000406913444717,1.0000623822015238,1.0000609504032558,1.0000623822015238,0.0003445312431933356
60369.40654360352,1.0012683657976273,1.0000618644465211,1.0000604365617372,1.0000618644465211,0.0012065013511062261
60369.40672130282,1.0010165789480634,1.0000613486586165,1.0000599247285635,1.0000613486586165,0.0009552302894468845
60369.40689900211,1.0002080273573652,1.000060834837788,1.000059414903714,1.000060834837788,0.0001471925195772883
60369.407076701405,0.999836653957339,1.0000603229840361,1.0000589070871886,1.0000603229840361,-0.0002236690266971264
60369.40725440071,0.9997900005998922,1.0000598130973393,1.0000584012789666,1.0000598130973393,-0.0002698124974470639
60369.40743209999,1.0003730145481355,1.0000593051777606,1.00005789747911,1.0000593051777606,0.00031370937037489277
60369.407609799295,1.0001367575781681,1.0000587992252168,1.0000573956875365,1.0000587992252168,7.795835295132392e-05
60369.40778749859,1.0001744839899098,1.0000582952397703,1.0000568959043072,1.0000582952397703,0.00011618875013952312
60369.40796519788,1.001388308068015,1.0000577932213996,1.0000563981294024,1.0000577932213996,0.0013305148466153938
60369.40814289718,0.9998279196646453,1.0000572931701055,1.0000559023628215,1.0000572931701055,-0.0002293735054601509
60369.40832059648,0.9994031215334144,1.0000567950858674,1.0000554086045443,1.0000567950858674,-0.000653673552453049
60369.408498295765,1.002045413482061,1.0000562989687463,1.0000549168546318,1.0000562989687463,0.001989114513314849
60369.408675995066,0.9994467249742367,1.000055804818661,1.0000544271130032,1.000055804818661,-0.0006090798444242651
60369.40885369436,1.0010731435916278,1.0000553126356722,1.0000539393797188,1.0000553126356722,0.0010178309559556453
60369.409031393654,1.00063692851741,1.0000548224197598,1.0000534536547583,1.0000548224197598,0.0005821060976500814
60369.40920909295,1.0011731606080427,1.0000543341709236,1.0000529699381218,1.0000543341709236,0.0011188264371191359
60369.40938679225,1.0000528194456972,1.0000538478891439,1.00005248822979,1.0000538478891439,-1.0284434466267811e-06
60369.409564491536,0.9996028558963184,1.0000533635744804,1.0000520085298215,1.0000533635744804,-0.0004505076781620154
60369.40974219084,1.0003756545850917,1.0000528812268534,1.0000515308381377,1.0000528812268534,0.0003227733582382708
60369.40991989013,0.9990112766416553,1.0000524008463225,1.0000510551547979,1.0000524008463225,-0.0010411242046671765
60369.410097589425,1.0009955356319167,1.0000519224328681,1.000050581479782,1.0000519224328681,0.0009436131990485652
60369.41027528872,0.9989709314756231,1.0000514459864902,1.00005010981309,1.0000514459864902,-0.0010805145108671033
60369.41045298802,1.0013152587355012,1.0000509715071688,1.0000496401547032,1.0000509715071688,0.0012642872283323836
60369.41063068731,1.0001694118470053,1.0000504989949626,1.000049172504679,1.0000504989949626,0.0001189128520426852
60369.41080838661,1.0005986320761115,1.0000500284497942,1.0000487068629402,1.0000500284497942,0.0005486036263173677
60369.4109860859,0.9982991458698743,1.0000495598717216,1.0000482432295448,1.0000495598717216,-0.001750414001847278
60369.411163785204,1.0004901868372618,1.000049093260706,1.0000477816044544,1.000049093260706,0.0004410935765557511
60369.41134148449,1.0003698150327538,1.0000486286168049,1.0000473219877262,1.0000486286168049,0.0003211864159489153
60369.41151918379,0.9993854597143625,1.0000481659399423,1.0000468643792844,1.0000481659399423,-0.0006627062255797345
60369.411696883086,1.0001075144451157,1.0000477052301748,1.0000464087791852,1.0000477052301748,5.9809214940864663e-05
60369.41187458237,1.0004673237201869,1.0000472464875023,1.0000459551874288,1.0000472464875023,0.000420077232684557
60369.412052281674,0.9996600742003109,1.0000467897118688,1.0000455036039595,1.0000467897118688,-0.0003867155115578891
60369.41222998097,1.0002546352027957,1.0000463349033306,1.0000450540288326,1.0000463349033306,0.00020830029946505846
60369.41240768026,1.0023563848100634,1.0000458820618683,1.0000446064620299,1.0000458820618683,0.002310502748195109
60369.412585379556,1.0003592582734482,1.0000454311874825,1.0000441609035513,1.0000454311874825,0.0003138270859657233
60369.41276307886,0.9999597964573821,1.0000449822801547,1.0000437173533785,1.0000449822801547,-8.518582277261544e-05
60369.412940778144,0.9999896981541562,1.0000445353399399,1.000043275811566,1.0000445353399399,-5.483718578369601e-05
60369.413118477445,1.0001061026641755,1.000044090366765,1.0000428362780416,1.000044090366765,6.201229741065184e-05
60369.41329617674,0.9993481455981608,1.0000436473606842,1.0000423987528595,1.0000436473606842,-0.0006955017625234206
60369.41347387603,1.0003466577211382,1.0000432063216802,1.0000419632360014,1.0000432063216802,0.00030345139945797683
60369.41365157533,1.0001256430432581,1.0000427672497523,1.000041529727467,1.0000427672497523,8.287579350585439e-05
60369.41382927463,0.9987825067593198,1.000042330144883,1.0000410982272394,1.000042330144883,-0.0012598233855632968
60369.414006973915,1.0011914899669372,1.0000418950071257,1.0000406687353711,1.0000418950071257,0.001149594959811484
60369.41418467322,0.9996672793672293,1.0000414618364093,1.0000402412517917,1.0000414618364093,-0.00037418246917997333
60369.41436237251,1.0014050163408408,1.0000410306327867,1.000039815776554,1.0000410306327867,0.0013639857080540718
60369.414540071804,1.0006882918696782,1.0000406013962404,1.0000393923096405,1.0000406013962404,0.000647690473437823
60369.4147177711,0.999069440537629,1.0000401741267708,1.0000389708510506,1.0000401741267708,-0.0009707335891417923
60369.4148954704,0.9992417341659369,1.00003974882436,1.0000385514007681,1.00003974882436,-0.0007980146584231074
60369.41507316969,1.0002352880316931,1.0000393254890598,1.000038133958844,1.0000393254890598,0.00019596254263332114
60369.41525086898,1.0002420376207146,1.000038904120819,1.0000377185252265,1.000038904120819,0.00020313349989553586
60369.41542856828,1.0000348629089357,1.0000384847196375,1.0000373050999165,1.0000384847196375,-3.6218107017926826e-06
60369.415606267576,1.0019281984973465,1.0000380672855493,1.0000368936829471,1.0000380672855493,0.0018901312117971525
60369.41578396687,0.9997966343444814,1.0000376518185374,1.0000364842743021,1.0000376518185374,-0.0002410174740560267
60369.415961666164,0.9997484242229032,1.000037238318602,1.0000360768739813,1.000037238318602,-0.00028881409569880834
60369.416139365465,1.0004622185011505,1.000036826785726,1.0000356714819678,1.000036826785726,0.0004253917154244391
60369.41631706475,0.9995502235019655,1.0000364172199598,1.0000352680983116,1.0000364172199598,-0.0004861937179942988
60369.41649476405,0.9998999411542369,1.0000360096212366,1.0000348667229464,1.0000360096212366,-0.00013606846699976138
60369.41667246335,1.0003916487832651,1.0000356039896066,1.0000344673559218,1.0000356039896066,0.0003560447936585831
60369.41685016264,0.9999022300321011,1.0000352003250528,1.0000340699972212,1.0000352003250528,-0.00013297029295167295
60369.417027861935,1.00233350364657,1.000034798627575,1.000033674646845,1.000034798627575,0.0022987050189948732
60369.417205561236,0.9998945422919592,1.0000343988971576,1.0000332813047765,1.0000343988971576,-0.00013985660519844068
60369.41738326052,0.9989494023399155,1.000034001133849,1.0000328899710642,1.000034001133849,-0.0010845987939336332
60369.41756095982,1.0014998077916613,1.0000336053376004,1.00003250064566,1.0000336053376004,0.0014662024540608165
60369.41773865912,0.9996839076731997,1.000033211508412,1.0000321133285641,1.000033211508412,-0.00034930383521236674
60369.417916358405,1.0010840866262407,1.0000328196463324,1.0000317280198239,1.0000328196463324,0.0010512669799083163
60369.418094057706,0.9997281870918344,1.0000324297512968,1.0000313447193763,1.0000324297512968,-0.0003042426594623837
60369.418271757,0.9997085249575212,1.0000320418233535,1.0000309634272684,1.0000320418233535,-0.0003235168658323184
60369.418449456294,0.9985378480693462,1.0000316558624869,1.0000305841434847,1.0000316558624869,-0.001493807793140678
60369.41862715559,1.0016827264939288,1.0000312718686961,1.0000302068680251,1.0000312718686961,0.00165145462523264
60369.41880485489,1.0000526173481283,1.0000308898419663,1.0000298316008742,1.0000308898419663,2.172750616202812e-05
60369.41898255418,0.9998384900890223,1.0000305097823285,1.0000294583420628,1.0000305097823285,-0.00019201969330628899
60369.41916025348,0.9987789784037591,1.000030131689767,1.0000290870915753,1.000030131689767,-0.001251153286008
60369.41933795277,0.9994145184987527,1.0000297555642819,1.000028717849412,1.0000297555642819,-0.0006152370655291284
60369.41951565206,0.9995156395591085,1.0000293814058883,1.000028350615588,1.0000293814058883,-0.0005137418467797694
60369.41969335136,1.000482881499877,1.0000290092145405,1.0000279853900578,1.0000290092145405,0.00045387228533644297
60369.41987105065,1.001166230501936,1.0000286389902842,1.0000276221728668,1.0000286389902842,0.0011375915116518254
60369.420048749955,0.9999557994630505,1.0000282707330892,1.0000272609639849,1.0000282707330892,-7.2471270038732e-05
60369.42022644924,1.0007263104487198,1.0000279044430007,1.0000269017634569,1.0000279044430007,0.0006984060057191321
60369.42040414854,0.9990449758253515,1.0000275401199585,1.0000265445712235,1.0000275401199585,-0.00098256429460708
60369.42058184784,1.0010582778709989,1.0000271777640075,1.0000261893873288,1.0000271777640075,0.0010311001069913672
60369.42075954713,0.9991162550111908,1.000026817375133,1.0000258362117582,1.000026817375133,-0.0009105623639421578
60369.420937246425,1.001968987099234,1.0000264589533348,1.0000254850445118,1.0000264589533348,0.001942528145899347
60369.42111494572,1.0009440325529122,1.0000261024986128,1.0000251358855894,1.0000261024986128,0.0009179300542994095
60369.42129264501,0.9992068894501885,1.0000257480109673,1.000024788734991,1.0000257480109673,-0.0008188585607787902
60369.42147034431,1.0009250033201418,1.000025395490398,1.0000244435927168,1.000025395490398,0.0008996078297438537
60369.42164804361,0.9997038549797618,1.0000250449368906,1.0000241004587525,1.0000250449368906,-0.00032118995712882015
60369.421825742895,1.0000125957860007,1.0000246963504884,1.0000237593331402,1.0000246963504884,-1.210056448774921e-05
60369.422003442196,1.0002895770013667,1.0000243497311339,1.0000234202158245,1.0000243497311339,0.0002652272702328151
60369.42218114149,1.0004426379160412,1.0000240050788698,1.0000230831068464,1.0000240050788698,0.0004186328371713621
60369.422358840784,1.0003585818583878,1.0000236623936822,1.0000227480061927,1.0000236623936822,0.0003349194647055409
60369.42253654008,0.999410796190973,1.000023321675571,1.000022414913863,1.000023321675571,-0.0006125254845980033
60369.42271423937,1.0000756365541887,1.000022982924536,1.0000220838298572,1.000022982924536,5.265362965278797e-05
60369.422891938666,1.0013195956204621,1.0000226461405772,1.0000217547541757,1.0000226461405772,0.0012969494798849013
60369.42306963796,1.0010253895646943,1.000022311323695,1.0000214276868182,1.000022311323695,0.0010030782409993222
60369.42324733726,1.0010132897479125,1.0000219784738755,1.0000211026277714,1.0000219784738755,0.0009913112740369545
60369.423425036555,1.00078797562023,1.0000216475911459,1.0000207795770624,1.0000216475911459,0.0007663280290841623
60369.42360273585,0.9999390718806791,1.0000213186754925,1.0000204585346772,1.0000213186754925,-8.224679481338981e-05
60369.42378043514,0.9999788019854996,1.0000209917269156,1.0000201395006159,1.0000209917269156,-4.218974141600995e-05
60369.423958134445,0.9998789404853673,1.0000206667454017,1.000019822474866,1.0000206667454017,-0.0001417262600343916
60369.42413583373,0.9992226010772801,1.0000203437309905,1.000019507457466,1.0000203437309905,-0.0007977426537103538
60369.424313533025,1.0013354542796957,1.0000200226836424,1.000019194448377,1.0000200226836424,0.0013154315960532958
60369.42449123233,1.000026172193971,1.0000197036033578,1.0000188834475996,1.0000197036033578,6.468590613151193e-06
60369.42466893161,1.0002580995883579,1.0000193864901754,1.0000185744551715,1.0000193864901754,0.00023871309818246367
60369.424846630915,1.000069367192234,1.0000190713440433,1.0000182674710423,1.0000190713440433,5.029584819071786e-05
60369.42502433021,0.9997319242189591,1.0000187581650009,1.0000179624952499,1.0000187581650009,-0.0002868339460417868
60369.4252020295,0.9987580032814879,1.0000184469530344,1.0000176595277812,1.0000184469530344,-0.0012604436715465406
60369.4253797288,0.9999108684103112,1.0000181377081443,1.000017358568637,1.0000181377081443,-0.00010726929783311245
60369.42555742809,1.0000548479237068,1.0000178304303309,1.0000170596178168,1.0000178304303309,3.701749337592375e-05
60369.425735127385,1.000924714874648,1.0000175251195933,1.0000167626753205,1.0000175251195933,0.0009071897550547714
60369.42591282668,0.9997915253323949,1.0000172217759322,1.0000164677411483,1.0000172217759322,-0.00022569644353731544
60369.42609052598,0.9996180240299165,1.0000169203993352,1.0000161748152885,1.0000169203993352,-0.00039889636941869977
60369.42626822527,0.9991944205012803,1.0000166209898391,1.0000158838977762,1.0000166209898391,-0.0008222004885588552
60369.42644592457,1.0008523840207608,1.000016323547395,1.0000155949885647,1.000016323547395,0.0008360604733659294
60369.42662362386,0.9998664210997458,1.000016028072039,1.000015308087689,1.000016028072039,-0.00014960697229315922
60369.42680132315,1.0001206097787363,1.0000157345637717,1.0000150231951488,1.0000157345637717,0.00010487521496460595
60369.42697902245,1.0007502495720464,1.0000154430225567,1.0000147403109096,1.0000154430225567,0.0007348065494896527
60369.427156721744,1.001187881440574,1.0000151534484298,1.0000144594350062,1.0000151534484298,0.0011727279921440736
60369.42733442104,0.9996754969856337,1.0000148658413794,1.0000141805674265,1.0000148658413794,-0.0003393688557457031
60369.42751212033,0.9991519434581694,1.0000145802014053,1.0000139037081712,1.0000145802014053,-0.000862636743235945
60369.42768981963,0.9991864133535918,1.000014296528496,1.0000136288572288,1.000014296528496,-0.0008278831749041204
60369.42786751893,0.9993915286818752,1.0000140148226746,1.0000133560146216,1.0000140148226746,-0.0006224861407994053
60369.428045218214,1.0013581836016248,1.0000137350839409,1.0000130851803497,1.0000137350839409,0.0013444485176838938
60369.428222917515,0.9996813142416855,1.0000134573122608,1.0000128163543796,1.0000134573122608,-0.0003321430705752748
60369.42840061681,0.9999302206171043,1.0000131815076683,1.0000125495367447,1.0000131815076683,-8.29608905639212e-05
60369.4285783161,0.9992483801944438,1.0000129076701523,1.000012284727434,1.0000129076701523,-0.0007645274757084319
60369.4287560154,1.0003304611443953,1.0000126357997123,1.000012021926447,1.0000126357997123,0.00031782534468294266
60369.4289337147,1.0003407184071456,1.000012365896338,1.000011761133774,1.000012365896338,0.00032835251080753913
60369.429111413985,1.0006893506884131,1.0000120979600617,1.000011502349446,1.0000120979600617,0.0006772527283513963
60369.42928911328,1.0004055457628402,1.0000118319908509,1.0000112455734316,1.0000118319908509,0.00039371377198937907
60369.42946681258,1.0020036394646812,1.0000115679887056,1.0000109908057306,1.0000115679887056,0.0019920714759755764
60369.42964451187,0.9974582453287142,1.0000113059536582,1.0000107380463745,1.0000113059536582,-0.0025530606249439813
60369.42982221117,0.9997574921208622,1.0000110458856657,1.000010487295322,1.0000110458856657,-0.00025355376480351577
60369.42999991046,1.0008551239037637,1.0000107877847602,1.000010238552604,1.0000107877847602,0.0008443361190035858
60369.430177609756,0.9997274944918699,1.000010531650931,1.00000999181821,1.000010531650931,-0.0002830371590609726
60369.43035530905,1.0003057330449112,1.0000102774841784,1.0000097470921399,1.0000102774841784,0.00029545556073284907
60369.430533008344,0.999915059900517,1.0000100252845017,1.000009504374394,1.0000100252845017,-9.49653839846798e-05
60369.43071070764,0.9999006866924015,1.0000097750519017,1.0000092636649722,1.0000097750519017,-0.0001090883595001868
60369.43088840693,1.0009507705041034,1.0000095267863776,1.0000090249638742,1.0000095267863776,0.0009412437177258592
60369.43106610623,0.9997072570217047,1.0000092804879201,1.000008788271091,1.0000092804879201,-0.00030202346621543974
60369.43124380552,0.9992450288537035,1.000009036156559,1.0000085535866512,1.000009036156559,-0.0007640073028555294
60369.431421504814,1.0020001410960797,1.000008793792264,1.0000083209105255,1.000008793792264,0.0019913473038157825
60369.431599204116,0.9992969288083751,1.0000085533950356,1.0000080902427149,1.0000085533950356,-0.0007116245866605198
60369.4317769034,1.0012005419273584,1.000008314964903,1.0000078615832468,1.000008314964903,0.001192226962455356
60369.4319546027,0.999439669235457,1.0000080785018275,1.000007634932084,1.0000080785018275,-0.0005684092663704732
60369.432132302,0.9998130163235627,1.0000078440058378,1.000007410289255,1.0000078440058378,-0.0001948276822750783
60369.43231000129,1.0004289280006529,1.0000076114769245,1.00000718765475,1.0000076114769245,0.0004213165237283434
60369.432487700586,1.0010350801698957,1.0000073809150878,1.000006967028569,1.0000073809150878,0.0010276992548079456
60369.43266539988,0.9997116794938399,1.000007152320327,1.0000067484107122,1.000007152320327,-0.00029547282648723083
60369.43284309918,0.9992884272912449,1.0000069256926336,1.0000065318011704,1.0000069256926336,-0.0007184984013887119
60369.43302079847,0.9992661484204032,1.0000067010320348,1.0000063171999705,1.0000067010320348,-0.0007405526116316397
60369.43319849777,0.9987906111356821,1.000006478338494,1.0000061046070772,1.000006478338494,-0.001215867202811971
60369.43337619706,1.0015109125028616,1.0000062576120388,1.0000058940225165,1.0000062576120388,0.001504654890822854
60369.43355389635,0.9992662098879975,1.0000060388526688,1.0000056854462887,1.0000060388526688,-0.0007398289646712852
60369.43373159565,1.0015370088942295,1.0000058220603574,1.0000054788783679,1.0000058220603574,0.0015311868338721002
60369.433909294945,0.9993511413461752,1.0000056072351309,1.0000052743187795,1.0000056072351309,-0.0006544658889556798
60369.43408699424,1.0004626218896728,1.0000053943769809,1.0000050717675153,1.0000053943769809,0.00045722751269194895
60369.43426469353,0.9997674408913667,1.0000051834859074,1.0000048712245753,1.0000051834859074,-0.0002377425945406797
60369.43444239283,1.0007669094433496,1.00000497456191,1.000004672689959,1.00000497456191,0.0007619348814396076
60369.43462009212,0.999882728422242,1.0000047676049888,1.000004476163667,1.0000047676049888,-0.00012203918274678038
60369.434797791415,0.9996021824331408,1.0000045626151444,1.0000042816456993,1.0000045626151444,-0.00040238018200355885
60369.434975490716,1.001433259920307,1.0000043595923676,1.0000040891360475,1.0000043595923676,0.0014289003279395196
60369.43515319,0.9985610544658755,1.0000041585366837,1.0000038986347355,1.0000041585366837,-0.0014431040708081655
60369.4353308893,1.0000321771067873,1.000003959448068,1.00000371014174,1.000003959448068,2.8217658719187355e-05
60369.4355085886,0.9998444034485221,1.0000037623265206,1.0000035236570606,1.0000037623265206,-0.00015935887799845005
60369.43568628789,0.9991786928161782,1.0000035671720575,1.0000033391807133,1.0000035671720575,-0.0008248743558793015
60369.435863987186,1.0000635447350712,1.0000033739846708,1.00000315671269,1.0000033739846708,6.0170750400434514e-05
60369.43604168648,0.9986997764080381,1.0000031827643605,1.0000029762529905,1.0000031827643605,-0.001303406356322423
60369.43621938577,1.0015901511048042,1.000002993511134,1.0000027978016226,1.000002993511134,0.0015871575936701188
60369.43639708507,1.0008023533442312,1.0000028062249686,1.0000026213585642,1.0000028062249686,0.0007995471192625558
60369.43657478436,1.0004760659790504,1.0000026209058872,1.000002446923837,1.0000026209058872,0.000473445073163159
60369.43675248366,0.9995038059866281,1.0000024375538747,1.000002274497427,1.0000024375538747,-0.0004986315672466102
60369.43693018295,0.9996604478339518,1.0000022561689532,1.0000021040793552,1.0000022561689532,-0.0003418083350014145
60369.437107882244,1.0005861711655346,1.0000020767511009,1.0000019356696004,1.0000020767511009,0.0005840944144337445
60369.437285581545,1.0003028436894332,1.0000018993003175,1.0000017692681629,1.0000018993003175,0.0003009443891157648
60369.43746328083,1.0018551169301737,1.0000017238166248,1.000001604875063,1.0000017238166248,0.001853393113548929
60369.43764098013,1.0001051863207242,1.0000015502999942,1.0000014424902737,1.0000015502999942,0.00010363602073004685
60369.43781867943,1.001103478719839,1.0000013787504471,1.0000012821138153,1.0000013787504471,0.001102099969391812
60369.437996378714,0.998497122798708,1.0000012091679833,1.0000011237456874,1.0000012091679833,-0.0015040863692753481
60369.438174078015,1.0010571510360395,1.0000010415525817,1.0000009673858705,1.0000010415525817,0.001056109483457801
60369.43835177731,0.9989618812131309,1.0000008759042638,1.0000008130343843,1.0000008759042638,-0.0010389946911328884
60369.438529476596,1.0009096859128175,1.0000007122230288,1.0000006606912284,1.0000007122230288,0.0009089736897887057
60369.4387071759,0.999517732915553,1.0000005505088563,1.000000510356384,1.0000005505088563,-0.0004828175933032641
60369.43888487519,0.9995688720207347,1.0000003907617674,1.00000036202987,1.0000003907617674,-0.00043151874103264376
60369.439062574485,1.000294393006209,1.0000002329817543,1.0000002157116803,1.0000002329817543,0.00029416002445459277
60369.43924027378,0.9989741257333264,1.000000077168818,1.0000000714018142,1.000000077168818,-0.0010259514354915567
60369.43941797307,1.0002745444770347,0.9999999233229576,0.9999999291002726,0.9999999233229576,0.00027462115407705934
60369.43959567237,1.000091733725191,0.9999997714441736,0.9999997888070548,0.9999997714441736,9.1962281017266e-05
60369.43977337166,0.9993352262464765,0.999999621532466,0.9999996505221612,0.999999621532466,-0.0006643952859894942
60369.43995107096,0.9996283959996427,0.9999994735878287,0.9999995142455862,0.9999994735878287,-0.00037107758818599734
60369.44012877026,0.9993499135674625,0.9999993276102739,0.9999993799773408,0.9999993276102739,-0.0006494140428113804
60369.44030646954,1.0003136377114457,0.9999991835998011,0.9999992477174249,0.9999991835998011,0.0003144541116445465
60369.440484168845,0.9991079507320612,0.9999990415563931,0.9999991174658223,0.9999990415563931,-0.0008910908243319193
60369.44066186814,0.9991183945911734,0.9999989014800672,0.999998989222549,0.9999989014800672,-0.0008805068888938505
60369.440839567425,1.0007227151018685,0.9999987633708232,0.9999988629876051,0.9999987633708232,0.0007239517310453358
60369.44101726673,1.0005735863220482,0.9999986272286443,0.999998738760975,0.9999986272286443,0.0005749590934038817
60369.44119496602,1.0000676716608659,0.9999984930535473,0.999998616542674,0.9999984930535473,6.917860731858738e-05
60369.441372665315,1.0001578152443062,0.9999983608455267,0.9999984963326971,0.9999983608455267,0.00015945439877951273
60369.44155036461,1.0002837774859656,0.9999982306045823,0.9999983781310444,0.9999982306045823,0.0002855468813833806
60369.4417280639,1.0004512110920083,0.9999981023307143,0.9999982619377157,0.9999981023307143,0.0004531087612940077
60369.4419057632,0.999851169974025,0.9999979760239227,0.999998147752711,0.9999979760239227,-0.0001468060498976964
60369.44208346249,1.0000470127768575,0.9999978516842073,0.9999980355760305,0.9999978516842073,4.916109265018509e-05
60369.44226116179,1.0011308203969638,0.9999977293115633,0.9999979254076696,0.9999977293115633,0.001133091085400495
60369.44243886108,0.9979917480773851,0.9999976089060055,0.9999978172476416,0.9999976089060055,-0.0020058608286204205
60369.44261656037,0.9996160237060936,0.9999974904675191,0.9999977110959333,0.9999974904675191,-0.0003814667614254752
60369.442794259674,1.0001274083065144,0.9999973739961042,0.9999976069525449,0.9999973739961042,0.00013003431041014313
60369.44297195896,1.0000269930228831,0.9999972594917752,0.999997504817489,0.9999972594917752,2.973353110791166e-05
60369.443149658255,0.9989187548787086,0.9999971469545177,0.9999974046907528,0.9999971469545177,-0.0010783920758090648
60369.443327357556,1.0010868295338993,0.9999970363843321,0.9999973065723369,0.9999970363843321,0.001089793149567142
60369.44350505684,0.9995514405684072,0.9999969277812318,0.9999972104622529,0.9999969277812318,-0.00044548721282466897
60369.443682756144,0.9996910949597314,0.999996821145199,0.9999971163604852,0.999996821145199,-0.0003057261854676474
60369.44386045544,1.0006772647109903,0.9999967164762469,0.9999970242670455,0.9999967164762469,0.0006805482347433944
60369.444038154725,1.0007412517912428,0.9999966137743753,0.9999969341819335,0.9999966137743753,0.0007446380168675271
60369.444215854026,0.9996487031909942,0.9999965130395717,0.9999968461051383,0.9999965130395717,-0.0003478098485775183
60369.44439355332,0.999423995654448,0.9999964142718485,0.9999967600366708,0.9999964142718485,-0.0005724186174005386
60369.444571252614,1.0004080542954634,0.9999963174712017,0.9999966759765273,0.9999963174712017,0.00041173682426176583
60369.44474895191,0.9999205301965867,0.9999962226376312,0.9999965939247081,0.9999962226376312,-7.569244104455031e-05
60369.4449266512,1.0006415377819042,0.999996129771137,0.9999965138812128,0.999996129771137,0.0006454080107671789
60369.4451043505,1.0004386504041822,0.9999960388717155,0.9999964358460385,0.9999960388717155,0.000442611532466719
60369.44528204979,0.9998522601862513,0.9999959499393777,0.9999963598191945,0.9999959499393777,-0.00014368975312639698
60369.445459749084,0.9993857647080124,0.9999958629741125,0.9999962858006715,0.9999958629741125,-0.0006100982661000343
60369.445637448385,0.9991547608493483,0.9999957779759201,0.9999962137904697,0.9999957779759201,-0.000841017126571808
60369.44581514767,0.9999351004418132,0.999995694944811,0.9999961437885977,0.999995694944811,-6.0594502997779465e-05
60369.445992846966,1.0002804811115837,0.9999956138807747,0.9999960757950469,0.9999956138807747,0.000284867230809005
60369.44617054627,0.9999735094659181,0.9999955347838115,0.9999960098098175,0.9999955347838115,-2.2025317893414886e-05
60369.446348245554,0.9994790319302357,0.9999954576539312,0.9999959458329175,0.9999954576539312,-0.0005164257236954795
60369.44652594485,1.001011323064669,0.9999953824911239,0.9999958838643389,0.9999953824911239,0.0010159405735450378
60369.44670364415,1.000996070786815,0.9999953092953899,0.999995823904082,0.9999953092953899,0.0010007614914251395
60369.446881343436,0.998929800883704,0.9999952380667382,0.999995765952154,0.9999952380667382,-0.0010654371830342013
60369.44705904274,0.9991012708743161,0.999995168805157,0.9999957100085455,0.999995168805157,-0.0008938979308409367
60369.44723674203,0.9993793469186971,0.9999951015106551,0.9999956560732632,0.9999951015106551,-0.000615754591957951
60369.44741444132,0.9990866586994495,0.999995036183232,0.9999956041463073,0.999995036183232,-0.0009083774837825853
60369.44759214062,0.9999700451097097,0.9999949728228801,0.9999955542276712,0.9999949728228801,-2.492771317041953e-05
60369.44776983991,0.9998991060728736,0.9999949114296072,0.9999955063173611,0.9999949114296072,-9.580535673359147e-05
60369.4479475392,0.9992893724319127,0.9999948520034129,0.9999954604153771,0.9999948520034129,-0.0007054795715001339
60369.4481252385,0.9996974535190614,0.9999947945442901,0.9999657356797923,0.9999947945442901,-0.00029734102522871453
60369.448302937795,1.0004814729512088,0.9999947390522461,0.9998825452125433,0.9999947390522461,0.00048673389896269903
60369.44848063708,0.9999737132299219,0.9999553074313613,0.9997814081128048,0.9999946855272805,1.8405798560605646e-05
60369.44865833638,0.9998289584204225,0.9998652011869217,0.9996783187084273,0.9999946339693869,-3.624276649916158e-05
60369.44883603568,1.000319779372208,0.9997571628372532,0.9995891317747879,0.9999945843785719,0.0005626165349548184
60369.44901373497,1.000006723913389,0.9996459340996949,0.9995484097055102,0.9999945367548332,0.00036078981369402907
60369.449191434265,0.9983973023179448,0.9995456568332135,0.9995445006971017,0.9999944910981707,-0.0011483545152687347
60369.44936913356,0.9991524930437815,0.9994803475447188,0.9995406328199653,0.9999944474085846,-0.00032785450093730795
60369.44954683286,0.9996026790368281,0.999474940174274,0.9995368055755053,0.9999944056860731,0.00012773886255412759
60369.44972453215,0.9995966319014459,0.9994700740225434,0.9995330187628111,0.9999943659306413,0.00012655787890247794
60369.44990223144,0.9997266393258394,0.9994652657179736,0.9995292722819622,0.9999943281422842,0.0002613736078658224
60369.45007993074,0.9999947464254585,0.9994605127268403,0.9995255660822793,0.9999942923210019,0.0005342336986181584
60369.45025763003,0.9988068038930787,0.9994558136624246,0.9995219001407094,0.9999942584667988,-0.0006490097693458985
60369.45043532932,0.9982470551211069,0.9994511676565923,0.9995182744499063,0.9999942265796706,-0.0012041125354853577
60369.450613028625,0.9990320030028195,0.9994465741247148,0.9995146890137876,0.9999941966596175,-0.0004145711218953574
60369.45079072791,0.9994385173899102,0.9994420326539954,0.9995111438440565,0.9999941687066431,-3.515264085263148e-06
60369.450968427205,0.9990624433720453,0.9994375429418764,0.999507638956707,0.9999941427207439,-0.0003750995698310611
60369.45114612651,0.9981197875370618,0.9994331047626241,0.9995041743718974,0.99999411870192,-0.0013133172255623826
60369.45132382579,0.9989863924372856,0.9994287179453695,0.9995007501129312,0.9999940966501744,-0.00044232550808387394
60369.45150152509,0.9994722788585183,0.9994243823580917,0.9994973662042882,0.9999940765655041,4.789650042658078e-05
60369.45167922439,0.9999799888974213,0.9994200978994258,0.9994940226723856,0.9999940584479095,0.0005598909979955824
60369.451856923675,1.0003183538699356,0.9994158644917017,0.9994907195451708,0.9999940422973925,0.000902489378233895
60369.45203462297,1.0007782657458442,0.9994116820743632,0.9994874568506142,0.9999940281139511,0.0013665836714810142
60369.45221232227,0.9998958559156084,0.9994075506018226,0.9994842346177126,0.9999940158975857,0.0004883053137857418
60369.452390021564,1.0009802300706507,0.9994034700404529,0.9994810528761625,0.9999940056482971,0.001576760030197799
60369.45256772085,1.0005525205123948,0.9993994403657472,0.9994779116556924,0.9999939973660851,0.0011530801466476115
60369.45274542015,0.9988239696310006,0.9993954615604898,0.9994748109858422,0.9999939910509489,-0.0005714919294891319
60369.45292311944,0.999457983870712,0.9993915336150484,0.9994717508971419,0.9999939867028894,6.645025566365259e-05
60369.45310081874,1.001248098740447,0.9993876565238654,0.9994687314191383,0.9999939843219059,0.0018604422165816592
60369.453278518034,0.9993284139576162,0.999383830287009,0.9994657525822164,0.9999939839079989,-5.541632939276564e-05
60369.45345621733,0.9997382758480607,0.9993800549077015,0.9994628144161759,0.9999939854611681,0.0003582209403591996
60369.45363391662,1.001251988087677,0.9993763303925343,0.9994599169508117,0.9999939889814138,0.0018756576951426407
60369.45381161592,1.0006987654038664,0.9993726567508212,0.999457060215752,0.9999939944687357,0.001326108653045166
60369.45398931521,1.0003478929948324,0.9993690339941914,0.9994542442404277,0.999994001923134,0.0009788590006409859
60369.454167014504,0.998833547843889,0.9993654621362438,0.9994514690540466,0.9999940113446086,-0.0005319142923547737
60369.4543447138,0.9993974131417264,0.9993619411922565,0.9994487346855693,0.9999940227331594,3.547194946984522e-05
60369.45452241309,0.9993405664193666,0.9993584711789374,0.9994460411636915,0.9999940360887867,-1.790475957075266e-05
60369.45470011239,0.9989920066631764,0.9993550521142078,0.999443388516825,0.9999940514114903,-0.0003630454510313852
60369.45487781168,0.9997504371113388,0.9993516840170188,0.9994407767730835,0.9999940687012701,0.0003987530943200257
60369.455055510974,0.9986426500820738,0.9993483669071908,0.9994382059602697,0.9999940879581263,-0.0007057168251169976
60369.45523321027,0.9993405123834599,0.9993451008052727,0.999435676105863,0.9999941091820589,-4.588421812834476e-06
60369.45541090956,0.9987464114579403,0.9993418857324196,0.99943318723701,0.9999941323730677,-0.0005954742744792574
60369.45558860886,0.9980891743398949,0.9993387217102861,0.9994307393805146,0.9999941575311527,-0.0012495473703912907
60369.45576630815,1.000038928821507,0.9993356087609309,0.999428332562831,0.9999941846563143,0.0007033200605761625
60369.455944007444,0.9989486040097078,0.9993325469067313,0.9994259668100551,0.999994213748552,-0.0003839428970235925
60369.45612170674,0.9990383352823198,0.9993295361703113,0.9994236421479192,0.999994244807866,-0.0002912008879915051
60369.45629940603,1.0006508629773971,0.9993265765744733,0.9994213586017853,0.9999942778342565,0.0013242864029238133
60369.45647710533,0.9997039549716596,0.9993236681421392,0.9994191161966399,0.9999943128277233,0.00038028682952040427
60369.45665480462,0.9999928707243572,0.9993208108962973,0.9994169149570901,0.9999943497882663,0.0006720598280598455
60369.45683250392,1.0003202372121756,0.9993180048598409,0.9994147549072703,0.9999943887158873,0.0010022323523346532
60369.45701020321,0.9988413929226898,0.9993152500560941,0.9994126360712774,0.9999944296105814,-0.00047385713340430957
60369.4571879025,0.9989711659968153,0.9993125465076349,0.9994105584722908,0.9999944724723534,-0.00034138051081955556
60369.457365601804,1.0002837620874965,0.9993098942372903,0.9994085221333621,0.9999945173012036,0.0009738678502061449
60369.45754330109,0.9988445593163802,0.9993072932680737,0.9994065270773873,0.9999945640971264,-0.00046273395169349474
60369.457721000384,0.9989579324203496,0.9993047436221939,0.9994045733263666,0.9999946128601274,-0.00034681120184432146
60369.457898699686,0.9994540441191805,0.9993022453220026,0.9994026609021486,0.9999946635902067,0.00015179879717786005
60369.45807639897,0.9995973179429957,0.9992997983899398,0.9994007898264038,0.9999947162873583,0.0002975195530559027
60369.45825409827,0.9990058559573374,0.9992974028476057,0.9993989601199296,0.9999947709515883,-0.0002915468902683349
60369.45843179757,0.9983836593816163,0.9992950587166584,0.9993971718033509,0.9999948275828967,-0.0009113993350420291
60369.458609496854,0.999021136038968,0.999292766018765,0.9993954248970925,0.999994886181277,-0.00027162997979701675
60369.45878719615,0.9995768854446142,0.9992905247747348,0.9993937194207317,0.999994946746736,0.0002863606698794152
60369.45896489544,1.000162958658334,0.9992883350054536,0.9993920553937196,0.9999950092792711,0.0008746236528804907
60369.45914259474,0.9985520232998089,0.9992861967313952,0.999390432835018,0.9999950737788826,-0.0007341734315863269
60369.45932029403,1.0003730275273695,0.9992841099727022,0.9993888517631708,0.9999951402455705,0.0010889175546672236
60369.459497993324,0.9991230964978235,0.9992820747491746,0.9993873121963026,0.9999952086793346,-0.0001589782513511384
60369.45967569262,0.9983987553879412,0.9992800910802577,0.9993858141521171,0.9999952790801752,-0.0008813356923165205
60369.45985339191,0.9993523976536401,0.9992781589850313,0.9993843576478959,0.9999953514480919,7.423866860889472e-05
60369.46003109121,0.9979014232683953,0.9992762784822008,0.999382942700498,0.999995425783085,-0.001374855213805537
60369.4602087905,0.9992542510733099,0.9992744495900884,0.9993815693263586,0.9999955020851545,-2.019851677848017e-05
60369.460386489794,0.9991837491851306,0.9992726723266226,0.9993802375414875,0.9999955803543003,-8.892314149200331e-05
60369.46056418909,0.9997143261879738,0.9992709467093328,0.9993789473614694,0.9999956605905223,0.0004433794786410372
60369.46074188838,0.9990269739768517,0.999269272755341,0.9993776988014619,0.9999957427938208,-0.0002422987784893582
60369.46091958768,0.9989097613110803,0.9992676504813542,0.9993764918761955,0.9999958269641954,-0.0003578891702739062
60369.46109728697,0.9997712830099995,0.9992660799036596,0.9993753265999725,0.9999959131016464,0.0005052031063399465
60369.46127498627,0.9990375095794681,0.9992645610380564,0.9993742029866214,0.9999960012061775,-0.0002270514585882566
60369.46145268556,0.9989108197543323,0.9992630939001562,0.9993731210497215,0.9999960912777776,-0.0003522741458239498
60369.46163038485,0.998795225412323,0.9992616785047667,0.9993720808021513,0.9999961833164576,-0.00046645309244364164
60369.461808084154,1.0001545107790009,0.9992603148664434,0.999371082256499,0.9999962773222176,0.0008941959125574606
60369.46198578344,1.0001428399162975,0.9992590029994534,0.9993701254250366,0.9999963732950464,0.0008838369168441274
60369.462163482734,1.001207858388272,0.999257742917284,0.9993692103193641,0.9999964712349555,0.0019501154709880009
60369.462341182036,0.9989795046323268,0.9992565346331385,0.9993683369507743,0.9999965711419448,-0.0002770300008116955
60369.46251888132,0.9991066208950715,0.9992553781599008,0.9993675053302272,0.9999966730160023,-0.0001487572648293245
60369.46269658062,0.9988915177047806,0.9992542735097028,0.9993667154680398,0.9999967768571402,-0.00036275580492217685
60369.46287427991,0.9990743280756378,0.9992532206944043,0.999365967374235,0.9999968826653544,-0.00017889261876646856
60369.463051979204,0.9992216164705439,0.9992522197253488,0.9993652610583669,0.9999969904406449,-3.0603254804972835e-05
60369.4632296785,0.9994693101997012,0.9992512706134093,0.9993645965295553,0.9999971001830119,0.0002180395862918516
60369.46340737779,0.9981828805649512,0.9992503733689846,0.9993639737964852,0.9999972118924549,-0.0010674928040333986
60369.46358507709,0.9999905365367422,0.9992495280019981,0.9993633928674065,0.9999973255689745,0.0007410085347441253
60369.46376277638,0.998255212816809,0.9992487345218946,0.9993628537501339,0.9999974412125704,-0.0009935217050855982
60369.463940475674,0.9989523671356615,0.9992479929376383,0.9993623564520463,0.9999975588232425,-0.00029562580197683985
60369.46411817497,0.9995568356024714,0.9992473032577119,0.9993619009800868,0.999997678400991,0.0003095323447595
60369.46429587426,0.9989971167561523,0.9992466654901133,0.9993614873407628,0.9999977999458157,-0.0002495487339609914
60369.46447357356,0.9983273707008787,0.9992460796423551,0.9993611155401452,0.9999979234577169,-0.0009187089414763872
60369.46465127285,0.9996028900664876,0.9992455457214626,0.999360785583869,0.9999980489366943,0.00035734434502499024
60369.464828972144,0.9986280506179768,0.9992450637339725,0.999360497477132,0.999998176382748,-0.0006170131159957126
60369.46500667144,1.0015461061468196,0.9992446336859317,0.999360251224696,0.9999983057958781,0.0023014724608878545
60369.465184370725,0.9997222507144363,0.9992442555829107,0.9993600468308939,0.9999984371760791,0.00047799513152557704
60369.46536207003,0.99948250292497,0.9992439294299309,0.9993598842995913,0.9999985705233672,0.00023857349503908498
60369.46553976932,0.9981988224789619,0.9992436552316071,0.9993597636342628,0.9999987058377262,-0.0010448327526452195
60369.465717468614,0.999698063061469,0.999243432992003,0.9993596848379164,0.9999988431191615,0.00045463006946599993
60369.46589516791,1.0001215993994539,0.999243262714703,0.9993596479131296,0.9999989823676732,0.0008783366847509022
60369.4660728672,1.000130822620756,0.9992431444027968,0.999359652862045,0.9999991235832612,0.0008876782179590981
60369.4662505665,0.999425077694111,0.9992430780588792,0.9993596996863676,0.9999992667659254,0.00018199963523179985
60369.46642826579,0.9991451565434544,0.9992430636850497,0.9993597883873658,0.9999994119156661,-9.790714159529923e-05
60369.466605965084,0.9998357555086456,0.9992431012829118,0.999359918965872,0.999999559032483,0.0005926542257337353
60369.46678366438,0.9991833809800923,0.9992431908535734,0.999133374186289,0.9999997081163762,-5.980987348108702e-05
60369.466961363665,0.9984901590251143,0.99924333239764,0.9991336045387698,0.9999998591673396,-0.0007531733725256728
60369.46713906297,0.9987859679358484,0.9992435259152477,0.9991338908523039,1.0000000121853918,-0.0004575579793992812
60369.46731676226,0.9991280765853405,0.9992437714059957,0.9991342331256229,1.000000167170514,-0.00011569482065520997
60369.46749446155,0.9990996735158327,0.9992440688690015,0.9991346313568935,1.000000324122706,-0.00014439535316879137
60369.46767216085,0.999002997050528,0.9992444183029328,0.9991350855437504,1.0000004830419873,-0.00024142125240478318
60369.46784986014,0.998571834439384,0.9992448197058823,0.9991355956831331,1.0000006439283387,-0.0006729852664982827
60369.46802755943,0.998301686332,0.9992452730754797,0.9991361617714358,1.0000008067817592,-0.0009435867434797185
60369.46820525873,0.9984766105175433,0.9992457784089261,0.9991367838045425,1.0000009716022698,-0.0007691678913828159
60369.468382958024,0.9976475218329248,0.9992463357028094,0.9991374617775993,1.00000113838985,-0.0015988138698845855
60369.46856065731,0.9996950656182777,0.9992469449532756,0.999138195685229,1.0000013071444995,0.00044812066500210523
60369.468738356605,0.9990139810904447,0.9992476061560335,0.9991389855215295,1.000001477866232,-0.00023362506558877172
60369.46891605591,0.9986542144791621,0.9992483193062558,0.9991398312799551,1.0000016505550482,-0.0005941048270936555
60369.4690937552,0.9992853764502844,0.9992490843985578,0.9991407329532934,1.0000018252109335,3.6292051726616315e-05
60369.46927145449,1.0000453622135443,0.999249901427116,0.9991416905338034,1.0000020018338882,0.000795460786428337
60369.46944915379,1.000735900871836,0.999250770385726,0.9991427040132818,1.0000021804239334,0.0014851304861099868
60369.469626853075,0.9996180466279956,0.9992516912674493,0.9991437733826475,1.0000023609810402,0.0003663553605462999
60369.46980455237,0.9970871000045995,0.9992526640651114,0.9991448986325236,1.0000025435052309,-0.0021655640605118265
60369.46998225166,0.9993122077690608,0.9992536887709051,0.9991460797527735,1.0000027279964978,5.851899815567663e-05
60369.470159950964,0.9976381697338358,0.9992547653766204,0.9991473167327636,1.0000029144548488,-0.0016165956427846018
60369.47033765025,0.9996336532106813,0.9992558938733835,0.9991486095610657,1.0000031028802607,0.00037775933729777833
60369.470515349545,0.9989886501953207,0.9992570742521103,0.9991499582259729,1.0000032932727565,-0.0002684240567896179
60369.47069304885,0.9988431158878558,0.999258306503109,0.9991513627150415,1.0000034856323368,-0.00041519061525319145
60369.47087074813,1.0009848747604913,0.9992595906160494,0.9991528230150565,1.0000036799589773,0.001725284144441841
60369.47104844743,0.999961712256574,0.9992609265804366,0.9991543391125688,1.0000038762527022,0.0007007856761374054
60369.47122614672,0.9998032357862257,0.9992623143850972,0.9991559109933063,1.0000040745135033,0.0005409214011284913
60369.471403846015,0.9996657081418072,0.9992637540184399,0.9991575386424708,1.0000042747413806,0.0004019541233672985
60369.47158154531,0.9986776110807255,0.9992652454684081,0.9991592220446771,1.0000044769363345,-0.0005876343876826118
60369.4717592446,1.0001588131458288,0.9992667887224806,0.9991609611839563,1.0000046810983645,0.0008920244233481256
60369.4719369439,0.9988034733234545,0.9992683837676785,0.9991627560437537,1.0000048872274712,-0.00046491044422392047
60369.47211464319,0.9996969338277608,0.9992700305905642,0.9991646066069327,1.000005095323654,0.0004269032371966297
60369.472292342485,0.9995115979434624,0.9992717291772499,0.9991665128557728,1.000005305386913,0.0002398687662125143
60369.47247004177,0.9992622113629921,0.9992734795133258,0.9991684747718909,1.0000055174172395,-1.1268150333698657e-05
60369.47264774107,0.9990221494728861,0.9992752815842297,0.9991704923366478,1.00000573141466,-0.00025313211134359026
60369.47282544037,0.9992107244581898,0.9992771353745238,0.9991725655303365,1.000005947379148,-6.64109163339699e-05
60369.473003139654,1.000524997784314,0.999279040868548,0.9991746943329076,1.0000061653107035,0.001245956915766011
60369.473180838955,0.9994087657028454,0.999280998050457,0.9991768787240055,1.000006385209353,0.00012776765238842192
60369.47335853825,0.9991141425268266,0.999283006903509,0.9991791186821679,1.0000066070750702,-0.0001688643766823983
60369.47353623754,0.9976855398982765,0.9992850674108604,0.9991814141857097,1.0000068309078634,-0.0015995275125839648
60369.47371393683,0.9996710183876686,0.9992871795550923,0.9991837652121857,1.0000070567077237,0.0003838388325763109
60369.47389163613,0.9999677838650037,0.9992893433187322,0.9991861717389668,1.000007284474679,0.0006784405462715304
60369.474069335425,0.9990850243552866,0.9992915586833868,0.9991886337422675,1.000007514208701,-0.00020653432810024963
60369.47424703471,1.0007847731572463,0.9992938256305332,0.9991911511980172,1.0000077459097902,0.0014909475267131933
60369.474424734006,1.0001964874840819,0.9992961441414606,0.9991937240817895,1.000007979577965,0.0009003433426212348
60369.47460243331,0.999021815340477,0.9992985141969114,0.999196352368392,1.000008215213226,-0.00027669885643444303
60369.474780132594,0.9982665633256143,0.9993009357769679,0.9991990360317328,1.0000084528155437,-0.0010343724513536268
60369.47495783189,1.000072341582058,0.999303408861954,0.9992017750458094,1.0000086923849476,0.0007689327201040319
60369.47513553119,0.9986055843086885,0.9993059334315697,0.9992045693837388,1.0000089339214375,-0.0007003491228811942
60369.475313230476,0.9992959305078254,0.999308509464873,0.9992074190177254,1.000009177424984,-1.2578957047648665e-05
60369.47549092977,0.9996840828503553,0.9993111369412399,0.9992103239201098,1.0000094228956167,0.0003729459091154075
60369.475668629064,0.9992885842372979,0.9993138158393348,0.9992132840622162,1.0000096703333257,-2.523160203682373e-05
60369.47584632836,0.999191631618673,0.9993165461376499,0.9992162994149331,1.0000099197381112,-0.00012491451897689299
60369.47602402765,0.9984321902393024,0.9993193278144178,0.9992193699486006,1.000010171109973,-0.000887137575115382
60369.476201726946,0.9993276200644059,0.9993221608476314,0.9992224956330132,1.0000104244489108,5.459216774528208e-06
60369.47637942623,0.9977426426397548,0.9993250452149471,0.9992256764372932,1.0000106797549146,-0.0015824025751923765
60369.476557125534,0.9988561049928317,0.9993279808943023,0.9992289123305499,1.000010937028016,-0.00047187590147057534
60369.47673482483,0.999001200691904,0.9993309678627493,0.9992322032805714,1.0000111962681828,-0.0003297671708453187
60369.476912524115,0.9974729390778578,0.999334006097551,0.9992355492550037,1.0000114574754153,-0.00186106701969313
60369.477090223416,0.9998820459309627,0.9993370955762421,0.9992389502213896,1.0000117206497459,0.0005449503547206858
60369.47726792271,1.0001262627013838,0.9993402362755267,0.9992424061459262,1.0000119857911416,0.0007860264258571226
60369.477445622,0.9981410308201871,0.9993434281724409,0.9992459169947042,1.000012252899603,-0.0012023973522538034
60369.47762332129,0.9986668737104636,0.9993466712442893,0.9992494827336035,1.0000125219751514,-0.0006797975338257434
60369.47780102059,0.999874589338782,0.9993499654681697,0.9992531033277248,1.0000127930177873,0.0005246238706123618
60369.477978719886,0.9996681093508311,0.9993533108210025,0.9992567787413753,1.0000130660274886,0.0003147985298285194
60369.47815641917,0.9989234326706712,0.9993567072801278,0.9992605089386718,1.0000133410042549,-0.0004332746094566353
60369.47833411847,0.9994878776429007,0.9993601548233889,0.9992642938835712,1.0000136179481085,0.00012772281951178854
60369.47851181777,0.9999413516906918,0.9993636534286492,0.9992681335392729,1.0000138968590502,0.0005776982620425697
60369.478689517055,0.9993161685161421,0.9993672030737029,0.9992720278680484,1.000014177737045,-5.103455756072517e-05
60369.47886721635,1.0001465495004656,0.9993708037376724,0.9992759768326857,1.0000144605821277,0.0007757457627931563
60369.47904491564,0.9986940539394096,0.9993744553996676,0.9992799803949252,1.000014745394287,-0.000680401460258051
60369.47922261494,1.000500869407197,0.9993781580396226,0.9992840385162671,1.0000150321735222,0.0011227113675744693
60369.47940031423,0.9986451086840296,0.9993819116382868,0.9992881511578369,1.000015320919834,-0.0007368029542572652
60369.479578013525,0.9995029310811422,0.9993857161773754,0.9992923182804063,1.000015611633222,0.00011721490376681576
60369.47975571281,0.9999743102612262,0.9993895716395867,0.9992965398442515,1.0000159043136743,0.0005847386216394357
60369.47993341211,0.9983009785775692,0.9993934780095992,0.9993008158100519,1.0000161989612268,-0.0010924994320300474
60369.48011111141,0.9988102825500498,0.9993974352727187,0.9993051461371897,1.0000164955758437,-0.0005871527226689599
60369.48028881069,0.9989033658394549,0.9994014434165768,0.9993095307853527,1.0000167941575249,-0.000498077577121836
60369.48046650999,0.998905911668418,0.9994055024313182,0.9993139697144371,1.0000170947062943,-0.0004995907629001817
60369.48064420929,0.9994316895500026,0.9994096123093269,0.9993184628838907,1.0000173972221527,2.207724067571082e-05
60369.480821908575,0.9994344701790182,0.9994137730454887,0.9993230102525771,1.0000177017050624,2.0697133529479217e-05
60369.48099960787,0.9993129250772083,0.9994179846392663,0.9993276117805371,1.0000180081550607,-0.0001050595620580852
60369.48117730716,1.0000681902514021,0.999422247093666,0.999332267427244,1.0000183165721357,0.0006459431577361396
60369.48135500646,0.9989127449250033,0.9994265604168849,0.9993369771526631,1.0000186269562867,-0.0005138154918816751
60369.48153270575,1.0004636883785942,0.999430924623132,0.9993417409172282,1.000018939307514,0.0010327637554622404
60369.481710405045,0.9995559412798094,0.9994353397338551,0.9993465586820461,1.000019253625818,0.00012060154595427974
60369.48188810433,0.9995539593882843,0.9994398057791,0.9993514304089552,1.000019569911185,0.00011415360918431983
60369.48206580363,1.0001884603306141,0.9994443228003999,0.9993563560618618,1.0000198881636544,0.000744137530214295
60369.48224350293,0.9991764575027268,0.9994488908514774,0.9993613356051676,1.000020208383187,-0.0002724333487506003
60369.48242120222,1.0003660923730353,0.9994535100034262,0.9993663690063568,1.0000205305697962,0.0009125823696091162
60369.48259890151,0.9974815537251189,0.9994581803480723,0.9993714562355678,1.0000208547234681,-0.0019766266229533924
60369.48277660081,0.998749989285211,0.9994629020052407,0.9993765972679345,1.0000211808442432,-0.0007129127200297125
60369.4829543001,1.0000967014465385,0.9994676751294196,0.9993817920830592,1.0000215089320812,0.0006290263171189192
60369.48313199939,0.9993675755140196,0.9994724999239047,0.9993870406692156,1.000021838986982,-0.00010492440988518759
60369.483309698684,0.9985475148060032,0.999477376659256,0.9993923430267561,1.0000221710089725,-0.0009298618532527225
60369.483487397985,0.99850666569174,0.9994823057017322,0.9993976991731344,1.000022504998053,-0.0009756400099922846
60369.48366509727,1.0001603271431279,0.9994872875616531,0.9994031091529892,1.0000228409541825,0.0006730395814747991
60369.483842796566,0.9996518770295202,0.9994923229825156,0.9994085730602372,1.0000231788774019,0.0001595540470046286
60369.48402049586,1.0003355818539368,0.999497413114113,0.999414091081711,1.0000235187676978,0.0008381687398237858
60369.484198195154,0.9990572088676334,0.9995025599328693,0.9994196636398244,1.00002386062507,-0.0004453510652359105
60369.48437589445,0.9976929636595512,0.9995077676846817,0.9994455852254469,1.0000242044495185,-0.0018148040251305675
60369.48455359374,0.9996135871677346,0.9995447963102578,0.9995362147381496,1.0000245502410432,6.879085747679703e-05
60369.48473129303,0.9993497397528086,0.9996364726402752,0.9996509927389775,1.00002489799963,-0.00028673288746661196
60369.48490899233,0.9996529780695977,0.9997457156924238,0.9997729184255248,1.0000252477253218,-9.273762282602238e-05
60369.485086691624,1.0000556246709849,0.9998568208746895,0.9998892918194094,1.0000255994180756,0.00019880379629533262
60369.48526439091,1.0001677714302928,0.9999560345520574,0.9999859621287598,1.000025953077891,0.00021173687823539122
60369.485442090205,1.0003297278754717,1.000022863244075,1.0000306932725629,1.0000263087047974,0.00030686463139661946
60369.485619789506,1.0002546692586076,1.0000266662987947,1.0000310731352964,1.0000266662987947,0.00022800295981295626
60369.4857974888,0.9988051275679067,1.0000270258598536,1.0000314550063383,1.0000270258598536,-0.0012218982919468546
60369.48597518809,0.9995874396795006,1.0000273873879741,1.0000318388856886,1.0000273873879741,-0.0004399477084735537
60369.48615288738,1.001990330691033,1.0000277508831856,1.0000322247733788,1.0000277508831856,0.001962579807847309
60369.486330586675,0.9998343073028041,1.0000281163454734,1.0000326126693928,1.0000281163454734,-0.00019380904266930177
60369.48650828597,1.0002817720102601,1.0000284837748377,1.000033002573731,1.0000284837748377,0.00025328823542247747
60369.48668598526,1.0011166162142604,1.0000288531712782,1.0000333944863935,1.0000288531712782,0.0010877630429821927
60369.48686368456,0.9999590142821132,1.000029224534795,1.0000337884073798,1.000029224534795,-7.02102526818349e-05
60369.48704138384,1.0004914501835027,1.000029597865373,1.000034184336674,1.000029597865373,0.0004618523181296741
60369.487219083145,0.9989914072309829,1.0000299731630578,1.0000345822743246,1.0000299731630578,-0.001038565932074853
60369.48739678244,1.0001329818282827,1.0000303504278036,1.0000349822202832,1.0000303504278036,0.0001026314004790585
60369.487574481725,1.0011334256928823,1.0000307296596103,1.0000353841745495,1.0000307296596103,0.0011026960332720659
60369.48775218102,1.0006452225199878,1.0000311108585085,1.000035788137156,1.0000311108585085,0.0006141116614792885
60369.48792988032,1.0014583781309558,1.000031494024499,1.0000361941081035,1.000031494024499,0.0014268841064568605
60369.48810757961,1.0003840024691635,1.0000318791575342,1.0000366020873417,1.0000318791575342,0.0003521233116292599
60369.4882852789,1.0013855809722239,1.0000322662576615,1.0000370120749205,1.0000322662576615,0.001353314714562348
60369.488462978195,0.9990122237022395,1.000032655324865,1.0000374240708236,1.000032655324865,-0.0010204316226255505
60369.48864067749,1.00101174893569,1.0000330463591451,1.0000378380750505,1.0000330463591451,0.0009787025765448654
60369.48881837678,0.999857605828411,1.0000334393605015,1.0000382540876016,1.0000334393605015,-0.0001758335320904969
60369.48899607608,1.0008485754849172,1.000033834328934,1.0000386721084769,1.000033834328934,0.0008147411559833451
60369.489173775364,0.9990711710185688,1.0000342312644266,1.000039092137659,1.0000342312644266,-0.0009630602458577942
60369.48935147466,1.0003810899820416,1.000034630167012,1.0000395141751823,1.000034630167012,0.000346459815029565
60369.48952917396,1.0009365607894478,1.0000350310366897,1.000039938221047,1.0000350310366897,0.0009015297527581456
60369.489706873246,1.0000069533988905,1.0000354338734112,1.000040364275201,1.0000354338734112,-2.8480474520753418e-05
60369.48988457254,1.0009326941204084,1.0000358386772252,1.0000407923376964,1.0000358386772252,0.0008968554431831866
60369.490062271834,0.9991945486085324,1.0000362454481155,1.000041222408516,1.0000362454481155,-0.0008416968395831281
60369.490239971135,0.9990268583131282,1.0000366541860992,1.0000416544876773,1.0000366541860992,-0.0010097958729710088
60369.49041767042,0.9998953561349931,1.0000370648911256,1.0000420885751273,1.0000370648911256,-0.0001417087561325081
60369.490595369716,1.0000279607793645,1.0000374775632448,1.0000425246709193,1.0000374775632448,-9.51678388028121e-06
60369.49077306901,0.9994089006241341,1.0000378922024407,1.0000429627750351,1.0000378922024407,-0.000628991578306537
60369.4909507683,1.0005278506702486,1.0000383088086955,1.000043402887457,1.0000383088086955,0.0004895418615531444
60369.4911284676,1.0007053090521227,1.000038727382061,1.0000438450082392,1.000038727382061,0.0006665816700617277
60369.49130616689,0.9998843789332688,1.0000391479224857,1.0000442891373271,1.0000391479224857,-0.00015476898921695792
60369.49148386618,0.9999850695865373,1.0000395704299694,1.000044735274721,1.0000395704299694,-5.45008434320593e-05
60369.49166156547,1.0001538531533751,1.0000399949045464,1.0000451834204573,1.0000399949045464,0.0001138582488287021
60369.491839264774,1.0013344676643703,1.0000404213462175,1.000045633574536,1.0000404213462175,0.001294046318152775
60369.49201696406,0.9984292081364843,1.00004084975493,1.0000460857369018,1.00004084975493,-0.001611641618445736
60369.492194663355,0.9993113863607186,1.0000412801307361,1.0000465399076102,1.0000412801307361,-0.0007298937700175312
60369.49237236265,1.0002310376716965,1.0000417124736187,1.0000469960866427,1.0000417124736187,0.00018932519807779435
60369.492550061936,1.000025696735048,1.0000421467835596,1.0000474542739803,1.0000421467835596,-1.6450048511584825e-05
60369.49272776124,1.000786604976074,1.0000425830606126,1.0000479144696799,1.0000425830606126,0.0007440219154615235
60369.49290546053,1.0018397068244322,1.000043021304724,1.0000483766736847,1.000043021304724,0.001796685519708241
60369.49308315982,0.9992863428363142,1.0000434615158937,1.0000488408859942,1.0000434615158937,-0.0007571186795795048
60369.49326085911,0.9997258130842247,1.0000439036941577,1.0000493071066472,1.0000439036941577,-0.0003180906099330416
60369.493438558406,0.9998100841352063,1.0000443478394982,1.000049775335624,1.0000443478394982,-0.0002342637042919149
60369.4936162577,1.0011545677726574,1.0000447939519148,1.0000502455729248,1.0000447939519148,0.001109773820742621
60369.49379395699,1.0015563094540803,1.0000452420314079,1.00005071781855,1.0000452420314079,0.0015110674226723741
60369.49397165629,1.000595410766209,1.0000456920779772,1.000051192072499,1.0000456920779772,0.0005497186882317262
60369.494149355574,1.0010195665131185,1.0000461440916042,1.0000516683347527,1.0000461440916042,0.000973422421514325
60369.494327054876,1.0007157699871465,1.0000465980723448,1.0000521466053693,1.0000465980723448,0.0006691719148017583
60369.49450475417,0.9997696876812031,1.000047054020143,1.0000526268842906,1.000047054020143,-0.00027736633893982177
60369.49468245346,0.9990433967386378,1.0000475119350176,1.0000531091715361,1.0000475119350176,-0.0010041151963797734
60369.49486015275,1.0000768483846616,1.0000479718169495,1.0000535934670856,1.0000479718169495,2.8876567712110557e-05
60369.495037852044,0.9986392365071789,1.0000484336659767,1.0000540797709792,1.0000484336659767,-0.001409197158797837
60369.495215551346,0.9995179964718491,1.0000488974820991,1.0000545680832167,1.0000488974820991,-0.0005309010102499956
60369.49539325063,0.9999802807491689,1.0000493632652598,1.0000550584037384,1.0000493632652598,-6.908251609094584e-05
60369.495570949926,0.999557836085592,1.0000498310155161,1.0000555507326039,1.0000498310155161,-0.0004919949299241333
60369.49574864922,1.000406764268531,1.0000503007328483,1.0000560450697937,1.0000503007328483,0.00035646353568274947
60369.49592634851,1.0007506697637354,1.0000507724172378,1.000056541415287,1.0000507724172378,0.0006998973464975577
60369.49610404781,1.000337018354985,1.0000512460687423,1.0000570397691455,1.0000512460687423,0.00028577228624260265
60369.4962817471,1.000555410898922,1.0000517216873037,1.0000575401313074,1.0000517216873037,0.0005036892116183633
60369.49645944639,1.00038517728338,1.0000521992729217,1.0000580425017729,1.0000521992729217,0.0003329780104583957
60369.49663714568,1.0002966295855393,1.0000526788256356,1.000058546880583,1.0000526788256356,0.0002439507599036883
60369.49681484498,0.9996109810780428,1.000053160345426,1.0000590532677172,1.000053160345426,-0.00044217926738310265
60369.49699254427,1.0002064272206752,1.0000536438322924,1.0000595616631753,1.0000536438322924,0.00015278338838276007
60369.497170243565,0.9994934113484963,1.0000541292862353,1.0000600720669577,1.0000541292862353,-0.0005607179377389304
60369.49734794286,1.001350540379142,1.0000546167072544,1.000060584479064,1.0000546167072544,0.0012959236718876888
60369.497525642146,1.0003177529119605,1.00005510609533,1.0000610988994734,1.00005510609533,0.00026264681663046296
60369.49770334144,0.9998686591920155,1.0000555974505017,1.0000616153282278,1.0000555974505017,-0.00018693825848614676
60369.49788104074,0.9989934315942746,1.00005609077277,1.0000621337653275,1.00005609077277,-0.001062659178495462
60369.49805874003,1.000243901686432,1.0000565860620743,1.000062654210709,1.0000565860620743,0.00018731562435769789
60369.49823643932,0.999029654722517,1.000057083318475,1.0000631766644354,1.000057083318475,-0.0010274285959579466
60369.498414138616,0.9997321562836123,1.000057582541952,1.0000637011264863,1.000057582541952,-0.000325426258339645
60369.4985918379,0.9998107798460529,1.0000580837324848,1.0000642275968394,1.0000580837324848,-0.0002473038864319044
60369.498769537204,0.9999619818554545,1.000058586890135,1.00006475607556,1.000058586890135,-9.660503468056358e-05
60369.4989472365,1.0005924921784068,1.000059092014841,1.000065286562583,1.000059092014841,0.0005334001635659558
60369.49912493579,1.0012737537632561,1.0000595991066232,1.00006581905793,1.0000595991066232,0.001214154656632882
60369.49930263508,1.000431543741907,1.000060108165461,1.0000663535615792,1.000060108165461,0.00037143557644592207
60369.49948033437,0.9993217561781448,1.0000606191913959,1.0000668900735743,1.0000606191913959,-0.0007388630132511009
60369.499658033674,1.0004119456194824,1.0000611321844282,1.0000674285939155,1.0000611321844282,0.00035081343505427576
60369.49983573296,0.9993157294576592,1.0000616471444945,1.0000679691225367,1.0000616471444945,-0.0007459176868352957
60369.500013432254,1.0002260109558048,1.0000621640716585,1.000068511659504,1.0000621640716585,0.00016384688414627924
60369.50019113155,0.9996887509925901,1.0000626829658987,1.0000690562047956,1.0000626829658987,-0.0003739319733085944
60369.500368830835,0.9996283764616885,1.0000632038271937,1.0000696027583884,1.0000632038271937,-0.0004348273655052637
60369.50054653014,1.00018448502776,1.0000637266556078,1.0000701513203505,1.0000637266556078,0.00012075837215208551
60369.50072422943,1.0000030440764585,1.0000642514510771,1.000070701890614,1.0000642514510771,-6.120737461867698e-05
60369.50090192872,1.0001292912729658,1.0000647782136007,1.0000712544691792,1.0000647782136007,6.451305936505669e-05
60369.50107962801,0.9998097580227823,1.0000653069432226,1.000071809056091,1.0000653069432226,-0.0002555489204403294
60369.501257327305,1.00116332003013,1.0000658376399205,1.0000723656513266,1.0000658376399205,0.0010974823902094588
60369.50143502659,1.0005648034174637,1.000066370303673,1.0000729242548636,1.000066370303673,0.0004984331137907194
60369.50161272589,1.0002090835896098,1.0000669049345454,1.0000734848667705,1.0000669049345454,0.00014217865506438443
60369.50179042519,0.9999548421381452,1.0000674415324724,1.0000740474869785,1.0000674415324724,-0.00011259939432717303
60369.501968124474,1.0002630225835127,1.0000679800974535,1.0000746121154875,1.0000679800974535,0.00019504248605928254
60369.50214582377,1.000397799710934,1.000068520629533,1.0000751787523434,1.000068520629533,0.0003292790814009017
60369.50232352306,1.0011271919874343,1.000069063128689,1.0000757473975237,1.000069063128689,0.001058128858745233
60369.502501222356,1.001025475376608,1.000069607594921,1.000076318051028,1.000069607594921,0.000955867781686992
60369.50267892165,0.9998745094346091,1.0000701540282295,1.0000768907128563,1.0000701540282295,-0.0001956445936204254
60369.502856620944,0.9987541980329546,1.0000707024286144,1.0000774653830087,1.0000707024286144,-0.0013165043956597788
60369.50303432023,1.0000643373030835,1.000071252796053,1.0000780420614614,1.000071252796053,-6.915492969383763e-06
60369.503212019525,0.9994216484391348,1.0000718051305901,1.000078620748262,1.0000718051305901,-0.0006501566914552948
60369.50338971882,0.9992109803962798,1.0000723594322039,1.0000792014433864,1.0000723594322039,-0.0008613790359240925
60369.50356741812,0.9986409874840437,1.0000729157009165,1.000079784146859,1.0000729157009165,-0.0014319282168727687
60369.50374511741,1.0028320138700886,1.0000734739366601,1.0000803688586077,1.0000734739366601,0.00275853993342845
60369.5039228167,0.9996922485117686,1.0000740341395027,1.0000809555787045,1.0000740341395027,-0.0003817856277340548
60369.504100515995,0.9997231841967874,1.0000745963094215,1.0000815443071254,1.0000745963094215,-0.00035141211263411964
60369.50427821528,1.0004869059686732,1.0000751604463938,1.000082135043846,1.0000751604463938,0.0004117455222794053
60369.50445591458,1.0007474448044933,1.0000757265504885,1.0000827277889393,1.0000757265504885,0.000671718254004805
60369.50463361388,1.0003595290259906,1.0000762946216364,1.0000833225423325,1.0000762946216364,0.00028323440435418235
60369.50481131316,0.9997278811429657,1.0000768646598373,1.000083919304025,1.0000768646598373,-0.00034898351687151496
60369.50498901246,1.0010602934477455,1.0000774366651377,1.000084518074066,1.0000774366651377,0.0009828567826077883
60369.50516671175,1.0007267468708723,1.0000780106375144,1.0000851188524313,1.0000780106375144,0.0006487362333578162
60369.50534441104,1.0031906163008433,1.000078586576944,1.000085721639096,1.000078586576944,0.0031120297238993455
60369.50552211034,0.9992292038610395,1.000079164483497,1.000086326434134,1.000079164483497,-0.0008499606224574574
60369.50569980963,0.9997529660447934,1.0000797443571026,1.0000869332374716,1.0000797443571026,-0.00032677831230920606
60369.50587750892,1.0001824301509767,1.0000803261977609,1.000087542049108,1.0000803261977609,0.00010210395321585963
60369.506055208214,1.001033085509505,1.000080910005519,1.0000881528690935,1.000080910005519,0.0009521755039860746
60369.50623290751,0.9996587373074223,1.0000814957803537,1.0000887656974031,1.0000814957803537,-0.0004227584729313838
60369.506410606795,0.9984705875818523,1.0000820835222406,1.0000893805340116,1.0000820835222406,-0.001611495940388341
60369.506588306096,0.999613425591439,1.0000826732312518,1.0000899973789945,1.0000826732312518,-0.0004692476398128198
60369.50676600539,0.9995527116835978,1.0000832649073155,1.0000906162322762,1.0000832649073155,-0.0005305532237176447
60369.506943704684,1.0005571200687597,1.0000838585504555,1.0000912370938824,1.0000838585504555,0.000473261518304291
60369.50712140397,0.9988832851065031,1.000084454160647,1.0000918599637867,1.000084454160647,-0.0012011690541439135
60369.507299103265,1.0000826302346306,1.0000850517379396,1.0000924848420407,1.0000850517379396,-2.4215033089802773e-06
60369.50747680256,0.9996193257796827,1.0000856512823082,1.0000931117286187,1.0000856512823082,-0.00046632550262548644
60369.50765450185,1.0007958898866522,1.0000862527937533,1.0000937406235209,1.0000862527937533,0.0007096370928989515
60369.50783220115,1.0001149320341605,1.000086856272275,1.000094371526747,1.000086856272275,2.8075761885570927e-05
60369.50800990044,1.000670213022106,1.0000874617178726,1.0000950044382972,1.0000874617178726,0.0005827513042333532
60369.50818759973,0.9987128315230958,1.0000880691305216,1.0000956393581455,1.0000880691305216,-0.001375237607425861
60369.50836529902,1.0001394364779128,1.000088678510272,1.000096276286344,1.000088678510272,5.0757967640757684e-05
60369.508542998316,1.0001263096975972,1.0000892898570986,1.0000969152228663,1.0000892898570986,3.7019840498642154e-05
60369.50872069761,1.0002886816036247,1.0000899031710015,1.0000975561677128,1.0000899031710015,0.00019877843262317008
60369.5088983969,1.0004011934592294,1.0000905184519806,1.0000981991208833,1.0000905184519806,0.00031067500724879515
60369.5090760962,1.0009267313142716,1.0000911357000362,1.0000988440823781,1.0000911357000362,0.0008355956142354071
60369.509253795484,0.9986665430842945,1.0000917549151427,1.0000994910521703,1.0000917549151427,-0.0014252118308482054
60369.50943149478,1.0002192898799416,1.0000923760973508,1.000100140030313,1.0000923760973508,0.00012691378259077624
60369.50960919407,1.0010399568610957,1.0000929992466352,1.0001007910167796,1.0000929992466352,0.0009469576144605085
60369.509786893366,1.0002193997784121,1.000093624362996,1.0001014440115705,1.000093624362996,0.00012577541541602955
60369.50996459266,1.0003046626479708,1.000094251446433,1.0001020990146856,1.000094251446433,0.0002104112015377524
60369.510142291954,0.9994534357671271,1.0000948804969465,1.0001027560261244,1.0000948804969465,-0.0006414447298194181
60369.51031999124,0.9991348734084629,1.0000955115145103,1.0001034150458605,1.0000955115145103,-0.0009606381060474067
60369.510497690535,1.0008582334515408,1.0000961444991763,1.0001040760739477,1.0000961444991763,0.0007620889523645147
60369.51067538983,1.0008313582495736,1.0000967794509186,1.0001047391103588,1.0000967794509186,0.0007345787986550167
60369.51085308912,1.0002821126215844,1.0000974163697371,1.000105404155094,1.0000974163697371,0.00018469625184724947
60369.51103078842,0.999065217147886,1.000098055255632,1.0001060712081535,1.000098055255632,-0.0010328381077460147
60369.51120848771,1.0010051228799393,1.0000986961086031,1.0001067402695367,1.0000986961086031,0.0009064267713361218
60369.511386187005,0.999789889261255,1.0000993389286508,1.0001074113392443,1.0000993389286508,-0.00030944966739576696
60369.51156388629,0.9996680531944243,1.0000999837157483,1.000108084417248,1.0000999837157483,-0.00043193052132395326
60369.511741585586,1.0007576697631757,1.0001006304699482,1.0001087595036038,1.0001006304699482,0.0006570392932274682
60369.51191928488,1.0007484358100336,1.0001012791912247,1.0001094365982834,1.0001012791912247,0.0006471566188088751
60369.512096984174,1.0009755586316267,1.0001019298795775,1.000110115701287,1.0001019298795775,0.0008736287520492159
60369.51227468347,0.9997102603726368,1.0001025825350065,1.0001107968126148,1.0001025825350065,-0.0003923221623697293
60369.51245238276,1.000076429084286,1.000103237157512,1.0001114799322666,1.000103237157512,-2.680807322597012e-05
60369.51263008205,0.9992487854490674,1.0001038937470668,1.0001121650602145,1.0001038937470668,-0.0008551082979993962
60369.51280778134,1.0011021171991843,1.0001045523037246,1.0001128521965144,1.0001045523037246,0.0009975648954596572
60369.51298548064,1.0012745320834038,1.0001052128274588,1.0001135413411384,1.0001052128274588,0.0011693192559449894
60369.51316317993,0.9997594132245149,1.0001058753182694,1.0001142324940864,1.0001058753182694,-0.0003464620937545515
60369.513340879224,1.0010690794858388,1.0001065397761564,1.0001149256553585,1.0001065397761564,0.0009625397096824084
60369.51351857852,1.0007312934373622,1.0001072062011196,1.0001156208249549,1.0001072062011196,0.000624087236242632
60369.513696277805,1.0000449293911968,1.0001078745931318,1.0001163180028465,1.0001078745931318,-6.294520193494968e-05
60369.5138739771,0.9997641276627548,1.0001085449522475,1.0001170171890907,1.0001085449522475,-0.00034441728949274886
60369.51405167639,0.9996565599403425,1.0001092172784396,1.0001177183836591,1.0001092172784396,-0.0004526573380970733
60369.51422937568,0.9997515193953104,1.0001098915716804,1.0001184215865226,1.0001098915716804,-0.0003583721763700254
60369.51440707498,1.0003342749639073,1.0001105678320528,1.000119126797768,1.0001105678320528,0.0002237071318544892
60369.514584774275,1.0005272929405096,1.0001112460594737,1.0001198340173088,1.0001112460594737,0.00041604688103591414
60369.51476247356,0.9998481105333435,1.0001119262539433,1.0001205432451443,1.0001119262539433,-0.0002638157205997471
60369.514940172856,1.0005168862019207,1.0001126084155167,1.000121254481333,1.0001126084155167,0.0004042777864039504
60369.51511787215,1.0003903248439256,1.0001132925441667,1.0001219677258457,1.0001132925441667,0.0002770322997589503
60369.51529557144,0.9995203779771924,1.000113978639865,1.0001226829786531,1.000113978639865,-0.0005936006626725554
60369.51547327073,0.9998400923746489,1.0001146667026672,1.000123400239814,1.0001146667026672,-0.0002745743280183621
60369.51565097003,1.0010734248063233,1.0001153567325745,1.0001241195093282,1.0001153567325745,0.0009580680737488745
60369.515828669326,1.0005763048798837,1.0001160487295297,1.0001248407871373,1.0001160487295297,0.00046025615035394374
60369.51600636861,1.000802183008298,1.0001167426935327,1.0001255640732407,1.0001167426935327,0.000685440314765362
60369.51618406791,1.0005804321013558,1.0001174386246405,1.0001262893676979,1.0001174386246405,0.000462993476715301
60369.5163617672,0.9979517138628894,1.0001181365228247,1.0001270166704792,1.0001181365228247,-0.0021664226599352743
60369.51653946649,1.0012256563767568,1.0001188363880562,1.0001277459815545,1.0001188363880562,0.001106819988700547
60369.51671716578,0.9997461620342919,1.000119538220393,1.0001284773009838,1.000119538220393,-0.0003733761861010043
60369.51689486508,0.9997131757009536,1.0001202420198347,1.0001292106287671,1.0001202420198347,-0.0004070663188810997
60369.51707256437,1.000224582173255,1.0001209477862951,1.0001299459648145,1.0001209477862951,0.00010363438695981664
60369.51725026366,1.001923752151163,1.0001216555198607,1.0001306833092158,1.0001216555198607,0.0018020966313023745
60369.51742796296,1.0016873813294525,1.0001223652205027,1.0001314226619415,1.0001223652205027,0.0015650161089497683
60369.517605662244,0.9988654325702562,1.0001230768881917,1.0001321640229608,1.0001230768881917,-0.0012576443179355135
60369.51778336154,0.9999389546960663,1.0001237905229863,1.0001329073923344,1.0001237905229863,-0.00018483582691997125
60369.51796106083,0.9995184422914708,1.000124506124857,1.0001336527700322,1.000124506124857,-0.0006060638333861279
60369.518138760126,1.0016974451631524,1.000125223693804,1.000134400156054,1.000125223693804,0.0015722214693483227
60369.51831645942,0.9988691462517133,1.0001259432298275,1.0001351495503998,1.0001259432298275,-0.0012567969781142052
60369.518494158714,1.0000443365366813,1.0001266647329272,1.0001359009530697,1.0001266647329272,-8.232819624587329e-05
60369.518671858,0.999565385157566,1.0001273882030737,1.0001366543640329,1.0001273882030737,-0.0005620030455076863
60369.518849557295,1.0007603697498948,1.000128113640326,1.0001374097833506,1.000128113640326,0.0006322561095688517
60369.51902725659,1.001000872323334,1.0001288410446545,1.0001381672109928,1.0001288410446545,0.0008720312786794082
60369.519204955875,0.9997316040035739,1.0001295704160298,1.0001389266469278,1.0001295704160298,-0.0003979664124559301
60369.51938265517,1.0011403963456411,1.000130301754511,1.0001396880912181,1.000130301754511,0.0010100945911302173
60369.51956035447,0.9995536138433957,1.0001310350600985,1.0001404515438637,1.0001310350600985,-0.0005774212167027892
60369.51973805376,0.9998420460165878,1.0001317703327022,1.0001412170047705,1.0001317703327022,-0.00028972431611440363
60369.51991575305,1.0013218269668815,1.0001325075724123,1.000141984474033,1.0001325075724123,0.0011893193944692015
60369.520093452345,1.0000819269866064,1.0001332467791988,1.0001427539516194,1.0001332467791988,-5.131979259243025e-05
60369.52027115164,0.9991570086255918,1.0001339879530615,1.00014352543753,1.0001339879530615,-0.0009769793274697625
60369.520448850926,0.999687548794722,1.00013473109397,1.0001442989317328,1.00013473109397,-0.0004471822992481167
60369.52062655022,0.9998554911318164,1.0001354762019856,1.0001450744342915,1.0001354762019856,-0.0002799850701692419
60369.520804249514,1.0002875725542641,1.0001362232770772,1.000145851945174,1.0001362232770772,0.0001513492771869629
60369.52098194881,1.0010926504007636,1.0001369723192453,1.0001466314643808,1.0001369723192453,0.0009556780815183075
60369.5211596481,0.9984713071052878,1.0001377233284894,1.0001474129919117,1.0001377233284894,-0.0016664162232016277
60369.521337347396,1.0007004256187417,1.0001384763048102,1.0001481965277665,1.0001384763048102,0.0005619493139314979
60369.52151504668,0.9984966186144241,1.000139231248176,1.0001489820719134,1.000139231248176,-0.001642612633751983
60369.52169274598,1.0009274111016455,1.0001399881586492,1.0001497696244162,1.0001399881586492,0.0007874229429962742
60369.52187044527,0.9999851210701998,1.0001407470361987,1.0001505591852433,1.0001407470361987,-0.00015562596599894007
60369.52204814456,1.0007541261730373,1.0001415078807934,1.000151350754362,1.0001415078807934,0.000612618292243905
60369.52222584385,0.9990528928739553,1.0001422706924954,1.000152144331837,1.0001422706924954,-0.001089377818540127
60369.52240354315,1.0002786653825662,1.000143035471305,1.000152939917669,1.000143035471305,0.0001356299112611481
60369.52258124244,0.9999624818247285,1.0001438022171285,1.0001537375117597,1.0001438022171285,-0.00018132039240004172
60369.52275894173,0.9998655173092879,1.0001445709300596,1.0001545371142069,1.0001445709300596,-0.0002790536207717409
60369.52293664103,0.9993025351491244,1.0001453416100667,1.0001553387249784,1.0001453416100667,-0.0008428064609423691
60369.523114340314,1.0000795829515847,1.0001461142571189,1.0001561423440408,1.0001461142571189,-6.653130553413433e-05
60369.52329203961,1.0005458198969874,1.0001468888712786,1.0001569479714603,1.0001468888712786,0.00039893102570887073
60369.5234697389,1.0001710850912604,1.000147665452515,1.000157755607204,1.000147665452515,2.3419638745414417e-05
60369.523647438196,0.9998053313304391,1.0001484440008275,1.0001585652512717,1.0001484440008275,-0.0003431126703883347
60369.52382513748,1.0008830351154072,1.0001492245161843,1.00015937690363,1.0001492245161843,0.0007338105992229504
60369.524002836784,0.999262693823693,1.0001500069986815,1.000160190564379,1.0001500069986815,-0.0008873131749884688
60369.52418053608,0.9993442186537158,1.000150791448223,1.000161006233419,1.000150791448223,-0.0008065727945072432
60369.524358235365,0.9993930649986988,1.0001515778648085,1.0001618239107495,1.0001515778648085,-0.0007585128661096174
60369.52453593466,1.0003705629522386,1.0001523662485026,1.0001626435964373,1.0001523662485026,0.00021819670373601774
60369.52471363395,1.000231075198891,1.000153156599273,1.0001634652904494,1.000153156599273,7.791859961803205e-05
60369.52489133324,1.0000706139927649,1.0001539489170872,1.0001642889927518,1.0001539489170872,-8.333492432233136e-05
60369.525069032534,1.0008281735862539,1.0001547432020101,1.0001651147034119,1.0001547432020101,0.0006734303842437228
60369.52524673183,0.9999949860459413,1.0001555394540091,1.0001659424223959,1.0001555394540091,-0.000160553408067865
60369.52542443112,1.0007860255377348,1.0001563376730849,1.0001667721497043,1.0001563376730849,0.0006296878646498971
60369.525602130416,1.0004086929166998,1.0001571378592367,1.0001676038853367,1.0001571378592367,0.00025155505746310425
60369.52577982971,1.0007796392143777,1.000157940012465,1.000168437629293,1.000157940012465,0.0006216992019127954
60369.525957529,0.9996554568158456,1.0001587441327364,1.000169273381539,1.0001587441327364,-0.0005032873168908658
60369.52613522829,0.998798676222404,1.0001595502201173,1.0001701111421437,1.0001595502201173,-0.00136087399771323
60369.526312927585,1.0000450594663708,1.0001603582745742,1.000170950911072,1.0001603582745742,-0.00011529880820337901
60369.52649062687,0.999382438116428,1.0001611682960745,1.0001717926882903,1.0001611682960745,-0.0007787301796464696
60369.526668326165,1.0006317432361187,1.000161980284684,1.0001726364738668,1.000161980284684,0.000469762951434749
60369.52684602546,1.0009018547204638,1.0001627942403701,1.0001734822677677,1.0001627942403701,0.0007390604800936451
60369.527023724746,1.0000038330495582,1.0001636101630988,1.0001743300699575,1.0001636101630988,-0.00015977711354064894
60369.52720142405,1.000067614769393,1.000164428052971,1.0001751798805412,1.000164428052971,-9.68132835779123e-05
60369.52737912334,1.000211356115315,1.000165247909886,1.0001760316994142,1.000165247909886,4.610820542905181e-05
60369.52755682263,1.0010551649001507,1.0001660697338433,1.000176885526576,1.0001660697338433,0.0008890951663074187
60369.52773452192,1.0010469380747704,1.0001668935249108,1.0001777413620971,1.0001668935249108,0.000880044549859571
60369.527912221216,1.0015474644575235,1.0001677192830547,1.0001785992059422,1.0001677192830547,0.001379745174468816
60369.52808992051,0.9998705423462083,1.0001685470082748,1.0001794590581112,1.0001685470082748,-0.0002980046620665311
60369.5282676198,0.9991495444185684,1.000169376700537,1.0001803209185691,1.000169376700537,-0.001019832281968669
60369.52844531909,1.0003658279245085,1.0001702083599098,1.0001811847873863,1.0001702083599098,0.00019561956459868135
60369.528623018385,1.0006159823122163,1.0001710419863588,1.0001820506645276,1.0001710419863588,0.0004449403258575124
60369.52880071767,1.0006307435785713,1.0001718775798498,1.0001829185499573,1.0001718775798498,0.0004588659987214694
60369.52897841697,0.9995824869603469,1.0001727151404858,1.0001837884437825,1.0001727151404858,-0.0005902281801388742
60369.52915611627,0.9995455411198159,1.0001735546681636,1.000184660345896,1.0001735546681636,-0.0006280135483477389
60369.52933381555,1.0000314125388545,1.0001743961628835,1.0001855342562977,1.0001743961628835,-0.00014298362402898057
60369.52951151485,1.0005843934327594,1.0001752396247139,1.0001864101750593,1.0001752396247139,0.0004091538080455148
60369.52968921414,1.0007970744502768,1.0001760850536208,1.000187288102145,1.0001760850536208,0.0006209893966560021
60369.52986691343,0.9997748420004415,1.0001769324495693,1.0001881680375186,1.0001769324495693,-0.0004020904491277566
60369.53004461272,0.9998036291859237,1.0001777818126285,1.0001890499812522,1.0001777818126285,-0.00037415262670481564
60369.530222312016,0.9996317502399797,1.0001786331427642,1.00018993393331,1.0001786331427642,-0.0005468829027844846
60369.5304000113,0.9985319275732246,1.0001794864399411,1.0001908198936558,1.0001794864399411,-0.0016475588667165253
60369.5305777106,1.0002443144369544,1.0001803417042294,1.0001917078623614,1.0001803417042294,6.397273272495951e-05
60369.5307554099,0.9996918564501106,1.0001811989356293,1.000192597839428,1.0001811989356293,-0.0004893424855186845
60369.530933109185,1.000053135081903,1.0001820581340348,1.0001934898247455,1.0001820581340348,-0.00012892305213174637
