t_bmjd,flux,model_sym,model_asym,ramp,res_sym
60554.03367172701,0.9998638742272348,1.0002901284617014,1.0002890137394287,1.0002901284617014,-0.0004262542344666276
60554.033849458225,0.9999928592244323,1.000289081301763,1.0002879571057097,1.000289081301763,-0.00029622207733082107
60554.03402718944,1.0003205826488257,1.000288036024624,1.000286902400023,1.000288036024624,3.2546624201712504e-05
60554.03420492066,0.9994187517661379,1.0002869926302418,1.0002858496223257,1.0002869926302418,-0.0008682408641038641
60554.03438265188,0.9994024617888164,1.000285951118659,1.0002847987726606,1.000285951118659,-0.0008834893298426127
60554.034560383094,1.0003681135418507,1.000284911489918,1.000283749851071,1.000284911489918,8.320205193279584e-05
60554.03473811431,1.0004838377218686,1.0002838737439765,1.000282702857514,1.0002838737439765,0.0001999639778920148
60554.034915845536,1.000555273252635,1.0002828378807493,1.0002816577919034,1.0002828378807493,0.0002724353718857042
60554.03509357675,1.0002430137384808,1.0002818039004067,1.0002806146544108,1.0002818039004067,-3.879016192587237e-05
60554.035271307956,0.99885975627127,1.0002807718029054,1.0002795734449932,1.0002807718029054,-0.0014210155316354278
60554.035449039184,0.9997201889827911,1.0002797415880766,1.0002785341634803,1.0002797415880766,-0.0005595526052855071
60554.0356267704,1.0006166067486646,1.000278713256132,1.000277496810085,1.000278713256132,0.0003378934925326593
60554.03580450161,1.000959253962013,1.0002776868069863,1.0002764613847217,1.0002776868069863,0.0006815671550266522
60554.03598223284,1.0001842102533502,1.0002766622405563,1.0002754278873063,1.0002766622405563,-9.245198720608805e-05
60554.03615996405,1.000402909509945,1.0002756395570096,1.0002743963180079,1.0002756395570096,0.00012726995293532717
60554.03633769527,0.999925039352643,1.0002746187562621,1.0002733666767418,1.0002746187562621,-0.00034957940361912687
60554.036515426495,1.0004142169983052,1.0002735998382306,1.000272338963424,1.0002735998382306,0.00014061716007462977
60554.03669315771,1.0001539092485396,1.000272582803082,1.0002713131782226,1.000272582803082,-0.00011867355454242556
60554.03687088892,1.00044358096805,1.0002715676507326,1.0002702893210536,1.0002715676507326,0.000172013317317532
60554.037048620135,1.0002224249026628,1.0002705543811825,1.000269267391917,1.0002705543811825,-4.8129478519731705e-05
60554.03722635136,0.9987894389049589,1.0002695429943904,1.000268247390771,1.0002695429943904,-0.0014801040894315554
60554.03740408257,1.0009770184585989,1.000268533490439,1.0002672293176988,1.000268533490439,0.0007084849681597838
60554.03758181378,1.002291369531789,1.000267525869287,1.000266213172659,1.000267525869287,0.0020238436625019673
60554.03775954501,1.000132258712929,1.0002665201308518,1.0002651989555689,1.0002665201308518,-0.00013426141792272084
60554.037937276225,1.0001676804028545,1.0002655162752987,1.0002641866665938,1.0002655162752987,-9.783587244416303e-05
60554.03811500744,1.0006721372906484,1.0002645143025446,1.000263176305651,1.0002645143025446,0.00040762298810381736
60554.03829273867,0.9996265326048542,1.000263514212508,1.0002621678726584,1.000263514212508,-0.0006369816076537971
60554.03847046988,0.9988909213671344,1.0002625160053529,1.0002611613677805,1.0002625160053529,-0.001371594638218454
60554.038648201094,1.0005047347167595,1.0002615196809967,1.000260156790935,1.0002615196809967,0.00024321503576274495
60554.038825932315,1.0002975194181765,1.0002605252393995,1.0002591541420807,1.0002605252393995,3.6994178777005615e-05
60554.03900366353,1.0006276746414469,1.0002595326806425,1.0002581534213002,1.0002595326806425,0.000368141960804369
60554.03918139474,0.9991699846345015,1.0002585420046843,1.0002571546285515,1.0002585420046843,-0.0010885573701828744
60554.03935912597,0.9992282794061143,1.0002575532114448,1.0002561577637537,1.0002575532114448,-0.0010292738053305772
60554.039536857184,1.0002192550717905,1.0002565663010858,1.0002551628270702,1.0002565663010858,-3.7311229295289294e-05
60554.0397145884,1.0005786063238002,1.0002555812735259,1.0002541698184186,1.0002555812735259,0.00032302505027437256
60554.03989231962,0.9995707204277109,1.000254598128725,1.0002531787377589,1.000254598128725,-0.0006838777010140795
60554.04007005084,1.0014493535442792,1.0002536168667238,1.000252189585132,1.0002536168667238,0.001195736677555459
60554.04024778205,0.9993688253339458,1.000252637487562,1.0002512023605774,1.000252637487562,-0.0008838121536162147
60554.04042551327,1.0011722650583144,1.0002516599911995,1.0002502170640555,1.0002516599911995,0.000920605067114888
60554.040603244495,1.0003432180098513,1.0002506843775565,1.0002492336954854,1.0002506843775565,9.253363229477785e-05
60554.0407809757,0.9993000563502714,1.0002497106468327,1.000248252255068,1.0002497106468327,-0.000949654296561242
60554.040958706915,1.0004651936807576,1.000248738798868,1.0002472727426432,1.000248738798868,0.00021645488188948292
60554.04113643814,0.9995203044659513,1.0002477688336235,1.0002462951581703,1.0002477688336235,-0.000727464367672237
60554.04131416936,1.0003842045465356,1.000246800751258,1.0002453195018102,1.000246800751258,0.00013740379527771296
60554.04149190057,1.0001797734764435,1.0002458345516914,1.0002443457734824,1.0002458345516914,-6.606107524786964e-05
60554.0416696318,1.000918487645195,1.0002448702348454,1.0002433739731071,1.0002448702348454,0.0006736174103496584
60554.04184736301,1.0009480592994149,1.0002439078008778,1.0002424041008438,1.0002439078008778,0.0007041514985370867
60554.042025094226,1.000484946773087,1.0002429472497094,1.0002414361566132,1.0002429472497094,0.00024199952337755626
60554.042202825454,1.0006504997382168,1.000241988581262,1.0002404701403356,1.000241988581262,0.00040851115695494933
60554.04238055667,1.0007821421939413,1.0002410317956922,1.0002395060521694,1.0002410317956922,0.0005411103982491117
60554.04255828788,0.9997213314068116,1.000240076892922,1.0002385438920358,1.000240076892922,-0.0005187454861104168
60554.0427360191,0.9987843086848208,1.0002391238729123,1.000237583659895,1.0002391238729123,-0.0014548151880914295
60554.04291375032,0.9983112541626632,1.0002381727357017,1.0002366253557866,1.0002381727357017,-0.0019269185730385052
60554.04309148153,1.0001899578918232,1.0002372234813683,1.000235668979789,1.0002372234813683,-4.7265589545153475e-05
60554.04326921274,0.9994778662192441,1.0002362761097952,1.0002347145317847,1.0002362761097952,-0.0007584098905510928
60554.04344694397,0.9994678112180052,1.0002353306209442,1.0002337620117345,1.0002353306209442,-0.0007675194029389543
60554.043624675185,0.9980661986373826,1.0002343870149701,1.000232811419795,1.0002343870149701,-0.0021681883775875876
60554.0438024064,0.9990648344998211,1.0002334452917951,1.0002318627558875,1.0002334452917951,-0.0011686107919740563
60554.04398013763,1.0003199324486325,1.0002325054513428,1.0002309160199352,1.0002325054513428,8.742699728969683e-05
60554.04415786884,0.9996590358343328,1.0002315674937667,1.0002299712120926,1.0002315674937667,-0.0005725316594339391
60554.044335600054,1.0001572398561125,1.0002306314189897,1.000229028332282,1.0002306314189897,-7.339156287722304e-05
60554.04451333128,1.000997932452426,1.0002296972269358,1.0002280873804272,1.0002296972269358,0.0007682352254902991
60554.044691062496,1.0002335652014027,1.0002287649177577,1.0002271483566818,1.0002287649177577,4.800283645023384e-06
60554.04486879371,1.0011578756397288,1.000227834491379,1.0002262112609686,1.000227834491379,0.000930041148349714
60554.04504652494,1.0002634727671804,1.0002269059477236,1.0002252760932113,1.0002269059477236,3.656681945685136e-05
60554.04522425615,1.0014702232897257,1.0002259792869435,1.0002243428535629,1.0002259792869435,0.0012442440027822244
60554.045401987365,1.0007974922856329,1.000225054508963,1.0002234115419466,1.000225054508963,0.0005724377766698208
60554.045579718586,1.000405828867001,1.0002241316137437,1.000222482158325,1.0002241316137437,0.0001816972532573402
60554.0457574498,1.000387267610295,1.0002232106013618,1.0002215547027735,1.0002232106013618,0.00016405700893318276
60554.04593518101,0.999949367661354,1.000222291471779,1.0002206291752544,1.000222291471779,-0.0002729238104250964
60554.04611291223,1.0002094521381426,1.0002213742249957,1.0002197055757676,1.0002213742249957,-1.1922086853077829e-05
60554.046290643455,1.0010574009500472,1.0002204588609367,1.0002187839042378,1.0002204588609367,0.0008369420891105595
60554.04646837467,1.0007249783813041,1.0002195453797522,1.0002178641608157,1.0002195453797522,0.0005054330015519248
60554.04664610588,0.9994663569381164,1.0002186337813668,1.000216946345426,1.0002186337813668,-0.0007522768432504101
60554.04682383711,1.0005555640502277,1.0002177240657064,1.000216030457994,1.0002177240657064,0.00033783998452130426
60554.047001568324,1.000576524858756,1.0002168162329197,1.0002151164986688,1.0002168162329197,0.0003597086258362303
60554.04717929954,1.0000221814460786,1.0002159102829327,1.000214204467376,1.0002159102829327,-0.00019372883685409015
60554.047357030766,1.0001615737984881,1.0002150062156707,1.0002132943640416,1.0002150062156707,-5.343241718258618e-05
60554.04753476198,1.0011891621161508,1.0002141040312822,1.0002123861888137,1.0002141040312822,0.0009750580848686408
60554.04771249319,1.0001579116672616,1.0002132037296931,1.0002114799416182,1.0002132037296931,-5.5292062431488986e-05
60554.04789022442,1.0002827201036648,1.0002123053108298,1.000210575622381,1.0002123053108298,7.041479283498298e-05
60554.048067955635,1.0012964456385456,1.0002114087748393,1.0002096732312502,1.0002114087748393,0.0010850368637063124
60554.04824568685,1.0016520046530453,1.000210514121648,1.0002087727681517,1.000210514121648,0.0014414905313973048
60554.04842341807,0.9992726267867403,1.00020962135122,1.000207874233049,1.00020962135122,-0.0009369945644795985
60554.04860114928,1.0001981244008038,1.0002087304636273,1.0002069776260152,1.0002087304636273,-1.0606062823548257e-05
60554.0487788805,1.000205497609196,1.0002078414588345,1.0002060829470136,1.0002078414588345,-2.343849638375417e-06
60554.04895661171,1.0015910765150857,1.0002069543368406,1.0002051901960445,1.0002069543368406,0.0013841221782451285
60554.04913434294,1.000340521082643,1.0002060690975736,1.000204299373035,1.0002060690975736,0.00013445198506945033
60554.04931207415,1.0009255859288881,1.0002051857411784,1.0002034104781306,1.0002051857411784,0.000720400187709691
60554.049489805366,1.0001025040626765,1.000204304267583,1.0002025235112584,1.000204304267583,-0.00010180020490646591
60554.049667536594,1.000383153387552,1.0002034246767146,1.0002016384723464,1.0002034246767146,0.00017972871083737907
60554.04984526781,1.000753967875397,1.0002025469687175,1.000200755361539,1.0002025469687175,0.0005514209066794784
60554.05002299902,1.0000512776232227,1.00020167114352,1.000199874178764,1.00020167114352,-0.00015039352029733166
60554.05020073025,1.0022092130677847,1.00020079720105,1.0001989949239496,1.00020079720105,0.002008415866734614
60554.05037846146,1.0012707192090906,1.000199925141451,1.0001981175972394,1.000199925141451,0.0010707940676395467
60554.05055619268,1.0012277693489575,1.0001990549646516,1.0001972421985617,1.0001990549646516,0.001028714384305962
60554.050733923905,1.000635091664615,1.0001981866705802,1.0001963687278446,1.0001981866705802,0.0004369049940347036
60554.05091165512,1.000306570002447,1.0001973202593795,1.0001954971852316,1.0001973202593795,0.00010924974306747437
60554.05108938633,0.9993253299530762,1.000196455730978,1.0001946275706506,1.000196455730978,-0.0008711257779017156
60554.05126711756,0.999969527752065,1.000195593085305,1.0001937598840314,1.000195593085305,-0.00022606533323998868
60554.051444848774,1.0004175309315173,1.0001947323225024,1.0001928941255154,1.0001947323225024,0.0002227986090148626
60554.05162257999,0.9994313577297386,1.0001938734424989,1.0001920302950316,1.0001938734424989,-0.0007625157127603144
60554.0518003112,1.000846272666002,1.000193016445295,1.0001911683925802,1.000193016445295,0.0006532562207068882
60554.05197804242,1.0010168652885694,1.000192161330855,1.0001903084181258,1.000192161330855,0.000824703957714279
60554.052155773636,1.0014073816314204,1.0001913080992495,1.0001894503717392,1.0001913080992495,0.0012160735321709026
60554.05233350485,0.9989508042381137,1.0001904567504436,1.0001885942533848,1.0001904567504436,-0.0012396525123299362
60554.05251123608,1.0005720355174144,1.000189607284367,1.0001877400629928,1.000189607284367,0.0003824282330473494
60554.05268896729,1.0007975705804915,1.0001887597011598,1.0001868878007034,1.0001887597011598,0.0006088108793316227
60554.052866698505,1.0014109140509662,1.0001879140007517,1.000186037466446,1.0001879140007517,0.0012230000502144733
60554.05304442973,1.000769366565996,1.000187070183074,1.0001851890601516,1.000187070183074,0.0005822963829220651
60554.05322216095,0.9995569232937418,1.0001862282482648,1.0001843425819592,1.0001862282482648,-0.0006293049545229579
60554.05339989216,0.9995431511357091,1.0001853881962546,1.000183498031799,1.0001853881962546,-0.0006422370605454475
60554.05357762339,1.001741578552253,1.0001845500269753,1.000182655409602,1.0001845500269753,0.001557028525277726
60554.0537553546,1.0003953967180108,1.0001837137405643,1.0001818147155068,1.0001837137405643,0.00021168297744655895
60554.053933085816,1.0022569545559776,1.0001828793369523,1.0001809759494436,1.0001828793369523,0.002074075219025362
60554.054110817044,1.000270015776465,1.0001820468160716,1.0001801391113443,1.0001820468160716,8.796896039342528e-05
60554.05428854826,0.9986912238421403,1.0001812161780583,1.000179304201346,1.0001812161780583,-0.0014899923359180667
60554.05446627947,0.999328559116165,1.0001803874228445,1.00017847121938,1.0001803874228445,-0.000851828306679514
60554.054644010685,1.00018406989257,1.00017956055043,1.0001776401654463,1.00017956055043,4.509342139913386e-06
60554.05482174191,1.0006967372935176,1.0001787355607472,1.0001768110394769,1.0001787355607472,0.0005180017327703901
60554.05499947313,1.0004768326426894,1.0001779124539316,1.0001759838416082,1.0001779124539316,0.0002989201887577675
60554.05517720434,1.0001428397274124,1.000177091229915,1.0001751585717715,1.000177091229915,-3.425150250269127e-05
60554.05535493557,1.000434452509082,1.000176271888631,1.0001743352298997,1.000176271888631,0.00025818062045113166
60554.05553266678,0.9991483689604277,1.000175454430213,1.0001735138161278,1.000175454430213,-0.0010270854697853604
60554.055710397995,1.001304971117704,1.0001746388545947,1.0001726943303884,1.0001746388545947,0.0011303322631093238
60554.05588812922,0.9999848711983002,1.0001738251617092,1.0001718767726142,1.0001738251617092,-0.00018895396340901094
60554.05606586044,0.9995816374728274,1.0001730133516893,1.0001710611429395,1.0001730133516893,-0.0005913758788619328
60554.05624359165,1.001520309617817,1.000172203424469,1.000170247441297,1.000172203424469,0.0013481061933477978
60554.05642132288,0.9988648322630237,1.000171395379982,1.0001694356676203,1.000171395379982,-0.0013065631169583147
60554.05659905409,0.9994177781207855,1.0001705892183603,1.0001686258220428,1.0001705892183603,-0.000752811097574857
60554.056776785306,0.9994689308070779,1.0001697849395383,1.0001678179044975,1.0001697849395383,-0.00070085413246046
60554.056954516534,0.9994270071546638,1.0001689825434494,1.0001670119149182,1.0001689825434494,-0.0007419753887856206
60554.05713224775,0.9993854191038577,1.0001681820302262,1.000166207853438,1.0001681820302262,-0.0007827629263684743
60554.05730997896,0.9992560259900655,1.0001673833998017,1.0001654057199896,1.0001673833998017,-0.0009113574097362465
60554.05748771018,0.9996117786083313,1.0001665866521443,1.0001646055145408,1.0001665866521443,-0.0005548080438130265
60554.057665441396,1.0005985267595432,1.000165791787319,1.000163807237157,1.000165791787319,0.0004327349722241802
60554.05784317261,1.0007018980576108,1.0001649988052925,1.000163010887806,1.0001649988052925,0.000536899252318257
60554.05802090382,1.000649007017889,1.000164207706066,1.000162216466487,1.000164207706066,0.0004847993118231031
60554.05819863505,1.00096822084237,1.0001634184895738,1.0001614239731353,1.0001634184895738,0.00080480235279623
60554.058376366265,1.0004781990665472,1.0001626311559455,1.0001606334078812,1.0001626311559455,0.00031556791060172174
60554.05855409748,0.9996340309675702,1.000161845705117,1.0001598447706594,1.000161845705117,-0.0005278147375467057
60554.05873182871,0.9997415854404206,1.0001610621370234,1.0001590580614055,1.0001610621370234,-0.0004194766966028052
60554.05890955992,1.0004814843240726,1.000160280451793,1.0001582732802483,1.000160280451793,0.0003212038722795185
60554.059087291134,1.001295878734071,1.0001595006493622,1.0001574904271235,1.0001595006493622,0.0011363780847089
60554.05926502236,1.0001452635330381,1.0001587227296673,1.000156709501967,1.0001587227296673,-1.345919662920636e-05
60554.059442753576,0.9994586686368143,1.0001579466928354,1.000155930504907,1.0001579466928354,-0.000699278056021102
60554.05962048479,0.9980938194677933,1.0001571725388025,1.0001551534358795,1.0001571725388025,-0.002063353071009244
60554.05979821602,0.9998709192967505,1.000156400267506,1.0001543782948206,1.000156400267506,-0.00028548097075553613
60554.05997594723,1.0005327801315906,1.0001556298790724,1.0001536050818576,1.0001556298790724,0.00037715025251827683
60554.060153678445,0.9992402624740714,1.0001548613734377,1.0001528337969272,1.0001548613734377,-0.0009145988993662924
60554.060331409666,0.9997715185040859,1.000154094750571,1.0001520644399973,1.000154094750571,-0.00038257624648507793
60554.06050914089,0.999890913543863,1.0001533300105037,1.0001512970111,1.0001533300105037,-0.0002624164666407136
60554.0606868721,1.0001813186651778,1.0001525671532674,1.0001505315102663,1.0001525671532674,2.8751511910396488e-05
60554.060864603314,0.9993132557396006,1.00015180617883,1.0001497679374654,1.00015180617883,-0.000838550439229313
60554.06104233454,1.0000140469065568,1.00015104708713,1.000149006292634,1.00015104708713,-0.00013700018057316576
60554.061220065756,0.9993795569334204,1.0001502898782917,1.0001482465758973,1.0001502898782917,-0.0007707329448712885
60554.06139779697,0.9998782199688822,1.0001495345522524,1.0001474887871935,1.0001495345522524,-0.0002713145833702635
60554.0615755282,1.0011661190956256,1.0001487811089511,1.0001467329264597,1.0001487811089511,0.0010173379866744714
60554.06175325941,0.9994667546984243,1.0001480295485108,1.0001459789938203,1.0001480295485108,-0.0006812748500865107
60554.061930990625,1.0016436950952294,1.0001472798708695,1.0001452269892133,1.0001472798708695,0.0014964152243599482
60554.06210872185,1.0009482790293893,1.0001465320759666,1.0001444769125771,1.0001465320759666,0.0008017469534227217
60554.06228645307,0.9997096794222554,1.0001457861639242,1.0001437287640347,1.0001457861639242,-0.0004361067416688291
60554.06246418428,0.9987084127685069,1.0001450421346814,1.000142982543525,1.0001450421346814,-0.0014366293661745022
60554.06264191551,1.0020360338504326,1.000144299988177,1.0001422382509864,1.000144299988177,0.0018917338622554958
60554.06281964672,0.9995484062690658,1.0001435597245327,1.000141495886541,1.0001435597245327,-0.0005951534554669013
60554.062997377936,0.9996990995253942,1.0001428213436878,1.0001407554501285,1.0001428213436878,-0.0004437218182936631
60554.06317510916,1.0005518048655238,1.0001420848456122,1.0001400169417176,1.0001420848456122,0.0004097200199115747
60554.06335284038,1.0000097180629903,1.0001413502303358,1.0001392803613391,1.0001413502303358,-0.00013163216734546346
60554.06353057159,1.0010138823490824,1.0001406174978889,1.0001385457090235,1.0001406174978889,0.0008732648511935448
60554.063708302805,1.0010030612303662,1.0001398866482414,1.00013781298474,1.0001398866482414,0.0008631745821248149
60554.06388603403,1.0005806014751766,1.0001391576813334,1.0001370821884288,1.0001391576813334,0.0004414437938431437
60554.06406376525,1.0004129355431277,1.0001384305972847,1.0001363533202101,1.0001384305972847,0.00027450494584302376
60554.06424149646,1.0010641590384322,1.0001377053960352,1.0001356263800238,1.0001377053960352,0.0009264536423969627
60554.06441922769,1.0004296957659011,1.0001369820775259,1.0001349013678102,1.0001369820775259,0.0002927136883752457
60554.0645969589,0.9995393293485068,1.000136260641875,1.0001341782836888,1.000136260641875,-0.0005969312933683524
60554.064774690116,0.9995312888923795,1.0001355410890236,1.0001334571275995,1.0001355410890236,-0.0006042521966440617
60554.064952421344,0.9994882334473162,1.000134823418913,1.0001327378994835,1.000134823418913,-0.0006465899715967227
60554.06513015256,1.0002876002137127,1.0001341076316603,1.000132020599459,1.0001341076316603,0.00015349258205232807
60554.06530788377,1.0009669537587933,1.0001333937272068,1.000131305227467,1.0001333937272068,0.0008335600315865221
60554.065485615,0.9995087954603511,1.0001326817054947,1.0001305917834484,1.0001326817054947,-0.0006238862451436455
60554.06566334621,0.9990716644815201,1.0001319715666401,1.0001298802675211,1.0001319715666401,-0.0010603070851200602
60554.06584107743,1.0002982892720427,1.0001312633105848,1.000129170679626,1.0001312633105848,0.0001670259614579006
60554.06601880865,1.000606270394885,1.0001305569373,1.0001284630197342,1.0001305569373,0.00047571345758501415
60554.06619653987,0.9977715825528999,1.0001298524468145,1.0001277572878748,1.0001298524468145,-0.002358269893914633
60554.06637427108,0.9991205597899333,1.0001291498391573,1.000127053484077,1.0001291498391573,-0.0010085900492240452
60554.066552002296,0.9985441695056595,1.0001284491142994,1.0001263516083112,1.0001284491142994,-0.001584279608639938
60554.066729733524,0.999117350539133,1.0001277502721837,1.0001256516605204,1.0001277502721837,-0.0010103997330507264
60554.06690746474,1.0015479391082107,1.0001270533129247,1.0001249536408194,1.0001270533129247,0.0014208857952859866
60554.06708519595,1.0007005509267322,1.0001263582364648,1.000124257549151,1.0001263582364648,0.0005741926902673722
60554.06726292718,0.999181164711429,1.0001256650427477,1.0001235633854575,1.0001256650427477,-0.000944500331318654
60554.06744065839,1.000742057561611,1.0001249737318867,1.0001228711498538,1.0001249737318867,0.000617083829724363
60554.06761838961,0.9991220398726365,1.000124284303825,1.0001221808422822,1.000124284303825,-0.0010022444311884593
60554.067796120835,0.9994373907257248,1.0001235967585063,1.0001214924626864,1.0001235967585063,-0.0006862060327814667
60554.06797385205,1.0007811080019833,1.0001229110960432,1.0001208060111797,1.0001229110960432,0.000658196905940045
60554.06815158326,0.9997329812871654,1.0001222273163797,1.0001201214877053,1.0001222273163797,-0.0003892460292143074
60554.06832931449,1.0022622357477318,1.0001215454194594,1.0001194388922072,1.0001215454194594,0.0021406903282723544
60554.06850704571,0.9997206604257904,1.0001208654053668,1.00011875822477,1.0001208654053668,-0.00040020497957637957
60554.068684776925,0.99975036924807,1.000120187274101,1.0001180794853926,1.000120187274101,-0.0003698180260309769
60554.06886250815,1.000213163032707,1.0001195110255796,1.000117402673992,1.0001195110255796,9.365200712729838e-05
60554.06904023937,1.0003693701075174,1.000118836659913,1.0001167277906795,1.000118836659913,0.0002505334476043952
60554.06921797058,1.0007833992313289,1.0001181641770454,1.0001160548353993,1.0001181641770454,0.0006652350542835084
60554.069395701794,0.9996072035117635,1.0001174935769774,1.0001153838081513,1.0001174935769774,-0.0005102900652139697
60554.06957343302,1.0008915766083915,1.0001168248596537,1.0001147147088811,1.0001168248596537,0.0007747517487377564
60554.069751164236,1.0001914481176304,1.0001161580251845,1.000114047537698,1.0001161580251845,7.529009244588991e-05
60554.06992889545,0.9999201190285866,1.0001154930735143,1.000113382294547,1.0001154930735143,-0.00019537404492775412
60554.07010662668,0.9995381055760744,1.0001148300045892,1.0001127189793744,1.0001148300045892,-0.0005767244285148632
60554.07028435789,1.0007975262323892,1.000114168818518,1.0001120575922882,1.000114168818518,0.0006833574138711551
60554.070462089105,1.0006885706311872,1.000113509515246,1.0001113981332344,1.000113509515246,0.0005750611159411889
60554.07063982033,1.00045563345962,1.0001128520947196,1.0001107406021592,1.0001128520947196,0.0003427813649004019
60554.07081755155,1.0013262750487797,1.0001121965570465,1.0001100849991702,1.0001121965570465,0.0012140784917331615
60554.07099528276,1.0008642043628455,1.0001115429021723,1.0001094313242136,1.0001115429021723,0.0007526614606732096
60554.07117301399,0.9996709933695367,1.0001108911300445,1.0001087795772359,1.0001108911300445,-0.0004398977605077903
60554.0713507452,1.0000615860413247,1.0001102412407692,1.000108129758344,1.0001102412407692,-4.865519944452501e-05
60554.071528476416,0.9996603429265651,1.0001095932342934,1.0001074818674844,1.0001095932342934,-0.0004492503077282439
60554.071706207644,1.0003454590346954,1.0001089471105642,1.0001068359046044,1.0001089471105642,0.0002365119241312108
60554.07188393886,0.9997917205172236,1.0001083028696869,1.0001061918698095,1.0001083028696869,-0.00031658235246323496
60554.07206167007,0.9993993085033313,1.0001076605116093,1.0001055497630469,1.0001076605116093,-0.0007083520082780126
60554.072239401285,0.9996744715609935,1.0001070200363307,1.0001049095843166,1.0001070200363307,-0.0004325484753371356
60554.07241713251,1.0002965079958668,1.0001063814437994,1.0001042713335668,1.0001063814437994,0.00019012655206740448
60554.07259486373,1.0010420735025765,1.0001057447341195,1.0001036350109012,1.0001057447341195,0.000936328768456951
60554.07277259494,0.9995363859065093,1.000105109907239,1.0001030006162681,1.000105109907239,-0.0005687240007298255
60554.07295032617,0.9998766261287939,1.0001044769631064,1.0001023681496157,1.0001044769631064,-0.0002278508343125374
60554.07312805738,1.00019750447347,1.0001038459018246,1.0001017376110473,1.0001038459018246,9.365857164533864e-05
60554.073305788595,0.9999964937668651,1.0001032167233423,1.0001011090005112,1.0001032167233423,-0.0001067229564772898
60554.073483519824,0.9994996460404653,1.000102589427608,1.0001004823179565,1.000102589427608,-0.0006029433871428402
60554.07366125104,1.0002802176010437,1.0001019640147244,1.0000998575634852,1.0001019640147244,0.000178253586319288
60554.07383898225,1.0001231793536933,1.00010134048464,1.000099234737046,1.00010134048464,2.183886905338106e-05
60554.07401671348,1.0004533733332621,1.0001007188373043,1.0000986138385888,1.0001007188373043,0.00035265449595778264
60554.0741944447,0.9991150840008891,1.0001000990727937,1.0000979948681892,1.0001000990727937,-0.000985015071904627
60554.07437217591,0.9986122020945475,1.0000994811911075,1.0000973778258475,1.0000994811911075,-0.0014872790965599902
60554.07454990714,1.0000215291428647,1.0000988651921703,1.0000967627114878,1.0000988651921703,-7.733604930559856e-05
60554.074727638355,1.0002810345191369,1.0000982510760827,1.0000961495252108,1.0000982510760827,0.0001827834430541131
60554.07490536957,0.9999462978970328,1.000097638842795,1.000095538266966,1.000097638842795,-0.00015134094576207957
60554.07508310078,1.0005765492786145,1.000097028492306,1.0000949289367536,1.000097028492306,0.0004795207863084183
60554.07526083201,1.0005298456509577,1.000096420024567,1.000094321534524,1.000096420024567,0.00043342562639070437
60554.075438563224,1.0011331128496213,1.0000958134396771,1.0000937160603764,1.0000958134396771,0.0010372994099441257
60554.07561629444,1.0015540622786474,1.0000952087375863,1.000093112514261,1.0000952087375863,0.0014588535410611225
60554.075794025666,1.0004417878994465,1.0000946059182456,1.000092510896129,1.0000946059182456,0.0003471819812008725
60554.07597175688,1.000731786338239,1.0000940049817537,1.0000919112060784,1.0000940049817537,0.0006377813564852897
60554.07614948809,0.999581673640054,1.000093405928061,1.00009131344406,1.000093405928061,-0.0005117322880070496
60554.07632721932,1.0012837283091087,1.000092808757119,1.0000907176100255,1.000092808757119,0.0011909195519896887
60554.076504950535,0.9996537978389319,1.000092213469025,1.0000901237040722,1.000092213469025,-0.00043841563009316964
60554.07668268175,1.0011343357489344,1.0000916200637306,1.000089531726151,1.0000916200637306,0.0010427156852037545
60554.07686041298,0.999388095425896,1.0000910285411873,1.000088941676214,1.0000910285411873,-0.0007029331152912377
60554.07703814419,0.9998929025244583,1.0000904389014913,1.0000883535543577,1.0000904389014913,-0.00019753637703301408
60554.077215875404,1.0008643602553968,1.0000898511445948,1.0000877673605335,1.0000898511445948,0.000774509110802013
60554.07739360663,1.0016306556490748,1.0000892652704498,1.0000871830946942,1.0000892652704498,0.001541390378624996
60554.077571337846,1.0012090310535213,1.000088681279152,1.000086600756935,1.000088681279152,0.0011203497743692559
60554.07774906907,1.0008786551893372,1.00008809917063,1.0000860203471844,1.00008809917063,0.0007905560187071448
60554.07792680028,0.9999175193817781,1.0000875189449308,1.0000854418654899,1.0000875189449308,-0.0001699995631526674
60554.07810453151,1.0012882056458738,1.0000869406019839,1.0000848653117802,1.0000869406019839,0.0012012650438899541
60554.07828226272,1.000787397263033,1.0000863641418838,1.0000842906861505,1.0000863641418838,0.0007010331211492193
60554.078459993936,1.0016985997417922,1.0000857895645827,1.0000837179885531,1.0000857895645827,0.0016128101772094894
60554.078637725164,0.9992961197725668,1.0000852168700343,1.000083147218941,1.0000852168700343,-0.0007890970974674394
60554.07881545638,1.0003588918132174,1.0000846460583324,1.0000825783774085,1.0000846460583324,0.00027424575488499414
60554.07899318759,1.0003719286902448,1.0000840771294293,1.0000820114639082,1.0000840771294293,0.0002878515608155663
60554.07917091882,1.000092768935229,1.0000835100832794,1.0000814464783938,1.0000835100832794,9.258851949578428e-06
60554.07934865003,0.9999331078385556,1.0000829449199753,1.0000808834209582,1.0000829449199753,-0.00014983708141969032
60554.07952638125,0.999791205092507,1.0000823816394706,1.000080322291555,1.0000823816394706,-0.00029117654696364514
60554.079704112475,1.0010797532967985,1.0000818202417192,1.0000797630901381,1.0000818202417192,0.0009979330550793364
60554.07988184369,1.0010611549180486,1.0000812607268132,1.0000792058167998,1.0000812607268132,0.000979894191235342
60554.0800595749,0.9992749301381123,1.0000807030947065,1.0000786504714936,1.0000807030947065,-0.0008057729565942306
60554.08023730613,1.0009080477632644,1.0000801473453538,1.0000780970541743,1.0000801473453538,0.0008279004179105875
60554.080415037344,1.0005131385197406,1.0000795934788458,1.000077545564933,1.0000795934788458,0.0004335450408947672
60554.080592768565,0.9993023536013325,1.0000790414951144,1.0000769960037015,1.0000790414951144,-0.0007766878937819355
60554.080770499786,0.9991006853363996,1.0000784913941827,1.0000764483705022,1.0000784913941827,-0.0009778060577830816
60554.08094823101,0.9998309493169372,1.0000779431760507,1.0000759026653356,1.0000779431760507,-0.0002469938591135312
60554.08112596222,1.00007293593964,1.00007739684074,1.0000753588882236,1.00007739684074,-4.460901099845316e-06
60554.081303693434,0.9992940662000612,1.0000768523882286,1.000074817039144,1.0000768523882286,-0.0007827861881674059
60554.08148142466,0.9994101687114905,1.0000763098184726,1.0000742771180526,1.0000763098184726,-0.0006661411069821543
60554.081659155876,1.0014248195704951,1.0000757691315603,1.0000737391250378,1.0000757691315603,0.0013490504389348512
60554.08183688709,0.9990724839131919,1.000075230327447,1.0000732030600552,1.000075230327447,-0.001002746414255018
60554.08201461832,0.9995578225830226,1.0000746934060893,1.0000726689230612,1.0000746934060893,-0.0005168708230667285
60554.08219234953,1.0003883735937773,1.0000741583675752,1.0000721367141434,1.0000741583675752,0.00031421522620211917
60554.082370080745,0.9989423328904247,1.00007362521186,1.000071606433258,1.00007362521186,-0.0011312923214353843
60554.08254781197,0.9995617279628931,1.0000730939389009,1.0000710780803617,1.0000730939389009,-0.0005113659760077605
60554.08272554319,1.0000664462090936,1.0000725645487845,1.000070551655541,1.0000725645487845,-6.118339690885932e-06
60554.0829032744,0.999994453690773,1.0000720370414675,1.0000700271587526,1.0000720370414675,-7.758335069452116e-05
60554.083081005636,0.999923617047236,1.0000715114168854,1.0000695045899324,1.0000715114168854,-0.00014789436964945946
60554.08325873685,0.9997542799730256,1.0000709876751674,1.0000689839492087,1.0000709876751674,-0.00031670770214187183
60554.08343646806,1.0015519887384525,1.0000704658162485,1.0000684652365175,1.0000704658162485,0.0014815229222040482
60554.083614199284,0.9999564621684741,1.0000699458401079,1.0000679484518376,1.0000699458401079,-0.00011348367163377393
60554.083791930505,1.0009439842937589,1.0000694277467665,1.00006743359519,1.0000694277467665,0.0008745565469923111
60554.08396966172,0.9988099699955393,1.0000689115362458,1.0000669206665957,1.0000689115362458,-0.001258941540706493
60554.08414739293,0.9999707838350784,1.0000683972085243,1.0000664096660339,1.0000683972085243,-9.761337344582621e-05
60554.08432512416,0.9987570606024384,1.0000678847635605,1.000065900593463,1.0000678847635605,-0.0013108241611220484
60554.084502855374,1.0001959297338614,1.0000673742014377,1.0000653934489658,1.0000673742014377,0.0001285555324237464
60554.08468058659,0.9992241106745844,1.000066865522114,1.000064888232501,1.000066865522114,-0.0008427548475297142
60554.084858317816,1.0002185138232889,1.0000663587255487,1.0000643849440276,1.0000663587255487,0.00015215509774013647
60554.08503604903,0.9999103874306975,1.0000658538118241,1.0000638835836275,1.0000658538118241,-0.00015546638112662325
60554.08521378025,1.0005969640967538,1.0000653507808783,1.0000633841512394,1.0000653507808783,0.0005316133158754788
60554.08539151148,1.0007198719668866,1.0000648496327114,1.0000628866468635,1.0000648496327114,0.0006550223341752481
60554.08556924269,0.9994052052981893,1.000064350367385,1.0000623910705606,1.000064350367385,-0.0006591450691956213
60554.085746973906,1.0000568749117522,1.0000638529848578,1.0000618974222901,1.0000638529848578,-6.978073105567972e-06
60554.085924705134,1.0002009730838102,1.0000633574850895,1.0000614057020119,1.0000633574850895,0.0001376155987207195
60554.08610243635,0.9995171576833575,1.000062863868161,1.0000609159098062,1.000062863868161,-0.0005457061848035405
60554.08628016756,1.000020504329034,1.000062372134032,1.0000604280456327,1.000062372134032,-4.1867804998041436e-05
60554.08645789878,0.9997655146113341,1.0000618822826823,1.0000599421094718,1.0000618822826823,-0.00029636767134821884
60554.08663563,0.9996764189933773,1.0000613943141319,1.0000594581013433,1.0000613943141319,-0.00038497532075454366
60554.08681336122,0.9999989511270079,1.0000609082284009,1.0000589760212668,1.0000609082284009,-6.195710139300648e-05
60554.08699109243,1.0011173926709205,1.0000604240254691,1.0000584958692231,1.0000604240254691,0.0010569686454513505
60554.08716882366,0.9997832405838626,1.0000599417052973,1.000058017645172,1.0000599417052973,-0.00027670112143474146
60554.08734655488,0.9982375313460657,1.0000594612679448,1.0000575413491735,1.0000594612679448,-0.0018219299218790175
60554.08752428609,0.9994162570302886,1.0000589827134112,1.0000570669812268,1.0000589827134112,-0.0006427256831226247
60554.08770201732,1.0001234356837607,1.000058506041638,1.0000565945412734,1.000058506041638,6.492964212267971e-05
60554.087879748535,0.9981987959033136,1.0000580312527032,1.0000561240293915,1.0000580312527032,-0.0018592353493895875
60554.08805747975,0.9995894522690086,1.0000575583465676,1.0000556554455418,1.0000575583465676,-0.0004681060775589829
60554.08823521098,1.0007342888263822,1.000057087323193,1.000055188789686,1.000057087323193,0.0006772015031890621
60554.08841294219,0.9992937095766682,1.0000566181826565,1.000054724061901,1.0000566181826565,-0.0007629086059882662
60554.088590673404,1.0007820427947134,1.000056150924919,1.0000542612621484,1.000056150924919,0.0007258918697943262
60554.08876840463,1.0004235864099535,1.000055685549943,1.0000538003903903,1.000055685549943,0.00036790086001059485
60554.088946135846,1.0023412359738966,1.000055222057804,1.0000533414467025,1.000055222057804,0.002286013916092511
60554.08912386707,1.000550363039624,1.0000547604484462,1.0000528844310281,1.0000547604484462,0.0004956025911777573
60554.089301598295,1.000087829169423,1.0000543007218685,1.000052429343368,1.0000543007218685,3.3528447554553864e-05
60554.08947932951,0.9997463113576185,1.000053842878128,1.0000519761837772,1.000053842878128,-0.0003075315205095519
60554.08965706072,1.0002556129904392,1.0000533869171868,1.0000515249522186,1.0000533869171868,0.00020222607325237618
60554.089834791936,0.9996001401325985,1.000052932839045,1.0000510756486924,1.000052932839045,-0.0004527927064466031
60554.090012523164,1.0004561730796369,1.0000524806436655,1.0000506282731623,1.0000524806436655,0.00040369243597138116
60554.09019025438,1.0000461721689407,1.0000520303311222,1.000050182825701,1.0000520303311222,-5.858162181571203e-06
60554.09036798559,1.0000109182925245,1.0000515819013787,1.0000497393062717,1.0000515819013787,-4.066360885413012e-05
60554.09054571682,0.9984516584670156,1.0000511353543975,1.0000492977148392,1.0000511353543975,-0.0015994768873819343
60554.09072344803,0.9987889723802356,1.0000506906902524,1.0000488580514748,1.0000506906902524,-0.0012617183100168683
60554.090901179254,1.0008690147715367,1.0000502479088886,1.0000484203161248,1.0000502479088886,0.0008187668626480349
60554.09107891048,0.9997399209951275,1.0000498070103063,1.0000479845087897,1.0000498070103063,-0.0003098860151787841
60554.091256641696,0.9990313200496924,1.0000493679945592,1.0000475506295228,1.0000493679945592,-0.0010180479448668178
60554.09143437291,0.9996884093469305,1.0000489308616118,1.0000471186782878,1.0000489308616118,-0.0003605215146813556
60554.09161210414,1.00061382690143,1.000048495611428,1.0000466886550503,1.000048495611428,0.0005653312900020246
60554.09178983535,0.9995403875349919,1.000048062244079,1.0000462605598803,1.000048062244079,-0.0005076747090871914
60554.091967566565,1.0006770524330157,1.0000476307595296,1.0000458343927425,1.0000476307595296,0.0006294216734861191
60554.09214529779,0.9996738891274073,1.0000472011577444,1.0000454101536027,1.0000472011577444,-0.0003733120303370807
60554.09232302901,0.9997328314442515,1.0000467734387934,1.0000449878425297,1.0000467734387934,-0.00031394199454193306
60554.09250076023,0.999098291273114,1.0000463476026247,1.0000445674594718,1.0000463476026247,-0.0009480563295106714
60554.09267849144,1.0001757328379999,1.0000459236492727,1.0000441490044638,1.0000459236492727,0.00012980918872718128
60554.09285622267,0.9987224569374435,1.0000455015786855,1.0000437324774536,1.0000455015786855,-0.0013230446412419994
60554.09303395388,0.9997549779284068,1.000045081390932,1.0000433178785102,1.000045081390932,-0.00029010346252522634
60554.093211685096,1.0008534346995106,1.000044663085978,1.0000429052075992,1.000044663085978,0.000808771613532544
60554.093389416324,0.9999932100966142,1.0000442466637893,1.0000424944646868,1.0000442466637893,-5.1036567175088976e-05
60554.09356714754,1.0004865017976345,1.0000438321244343,1.0000420856498404,1.0000438321244343,0.00044266967320027995
60554.09374487875,1.0008225779244897,1.0000434194678782,1.0000416787630264,1.0000434194678782,0.0007791584566114729
60554.09392260998,0.9989370048965269,1.0000430086940881,1.0000412738042115,1.0000430086940881,-0.0011060037975612058
60554.0941003412,1.0006593197442655,1.0000425998031142,1.0000408707734458,1.0000425998031142,0.0006167199411513113
60554.094278072414,1.0000983275952515,1.0000421927949565,1.000040469670729,1.0000421927949565,5.613480029498241e-05
60554.09445580364,0.9989691472791383,1.000041787669565,1.0000400704960117,1.000041787669565,-0.00107264039042676
60554.094633534856,1.0003780369118762,1.000041384427006,1.0000396732493597,1.000041384427006,0.0003366524848702479
60554.09481126607,1.0006513595159734,1.0000409830672463,1.0000392779307399,1.0000409830672463,0.0006103764487270791
60554.0949889973,1.0000959075716649,1.0000405835902533,1.0000388845401202,1.0000405835902533,5.532398141161465e-05
60554.09516672851,1.000146895160868,1.0000401859960923,1.0000384930775654,1.0000401859960923,0.00010670916477573122
60554.095344459725,1.000724449020955,1.0000397902847304,1.0000381035430426,1.0000397902847304,0.000684658736224586
60554.095522190946,1.0001160209924562,1.0000393964561523,1.0000377159365363,1.0000393964561523,7.662453630397081e-05
60554.095699922174,0.9997009150213421,1.000039004510357,1.000037330258047,1.000039004510357,-0.00033808948901503655
60554.09587765339,1.0007619621569626,1.0000386144473938,1.0000369465076213,1.0000386144473938,0.0007233477095687224
60554.0960553846,1.0008651876119181,1.0000382262672296,1.000036564685228,1.0000382262672296,0.0008269613446885149
60554.09623311583,1.0010958856317846,1.000037839969833,1.0000361847908361,1.000037839969833,0.0010580456619515566
60554.09641084704,1.0003470470161686,1.0000374555552678,1.0000358068245077,1.0000374555552678,0.00030959146090081546
60554.09658857826,1.000868397404023,1.0000370730235018,1.0000354307862114,1.0000370730235018,0.0008313243805211368
60554.096766309485,1.0001474863909456,1.0000366923745039,1.000035056675917,1.0000366923745039,0.00011079401644176201
60554.096944040706,0.9995054841441328,1.000036313608321,1.0000346844936705,1.000036313608321,-0.0005308294641882538
60554.09712177192,1.0003116805988248,1.0000359367249532,1.0000343142394714,1.0000359367249532,0.0002757438738716367
60554.09729950315,1.0012610450382158,1.000035561724354,1.0000339459132748,1.000035561724354,0.0012254833138618526
60554.09747723436,1.0015743505187322,1.0000351886065846,1.0000335795151405,1.0000351886065846,0.0015391619121476463
60554.097654965575,1.0006026045642038,1.000034817371615,1.0000332150450386,1.000034817371615,0.0005677871925888756
60554.0978326968,1.000525746673526,1.0000344480194139,1.0000328525029396,1.0000344480194139,0.0004912986541121267
60554.09801042802,0.9995653272082636,1.000034080550043,1.0000324918889023,1.000034080550043,-0.0004687533417793155
60554.09818815924,0.9995896377224803,1.0000337149634562,1.000032133202883,1.0000337149634562,-0.00044407724097583756
60554.09836589045,1.0010027448198,1.000033351259684,1.0000317764449105,1.000033351259684,0.0009693935601160497
60554.09854362168,0.999003872102053,1.000032989438681,1.0000314216149413,1.000032989438681,-0.001029117336628027
60554.09872135289,1.0003802381139164,1.0000326295005075,1.0000310687130338,1.0000326295005075,0.0003476086134088785
60554.09889908411,0.9987197864627922,1.000032271445133,1.0000307177391585,1.000032271445133,-0.0013124849823408224
60554.099076815335,1.000026082866479,1.000031915272529,1.0000303686932868,1.000031915272529,-5.832406049899319e-06
60554.09925454655,1.0009097133614884,1.0000315609827535,1.0000300215754765,1.0000315609827535,0.0008781523787348977
60554.09943227776,0.9992906096201511,1.000031208575777,1.0000296763856982,1.000031208575777,-0.0007405989556258374
60554.099610009,0.9987831185325003,1.0000308580515573,1.0000293331239103,1.0000308580515573,-0.0012477395190569895
60554.09978774021,1.0004958854301933,1.0000305094101798,1.0000289917901968,1.0000305094101798,0.0004653760200135082
60554.099965471425,1.000816218495238,1.0000301626516017,1.0000286523845157,1.0000301626516017,0.0007860558436363352
60554.10014320265,0.999305421463554,1.0000298177757947,1.0000283149068394,1.0000298177757947,-0.0007243963122407493
60554.10032093387,0.9992383676402494,1.0000294747828153,1.000027979357223,1.0000294747828153,-0.0007911071425659166
60554.10049866508,1.0004250077289278,1.000029133672635,1.000027645735639,1.000029133672635,0.000395874056292822
60554.10067639631,0.9993693067581304,1.0000287944452266,1.0000273140420604,1.0000287944452266,-0.0006594876870962274
60554.10085412753,0.999668173549103,1.0000284571006315,1.0000269842765277,1.0000284571006315,-0.00036028355152850633
60554.10103185874,1.0018219728404134,1.0000281216388498,1.0000266564390408,1.0000281216388498,0.001793851201563612
60554.10120958996,1.0012245820203924,1.0000277880598671,1.0000263305295862,1.0000277880598671,0.0011967939605252997
60554.101387321185,1.0000826740286017,1.0000274563636566,1.0000260065481377,1.0000274563636566,5.521766494509528e-05
60554.1015650524,1.0000610855925967,1.000027126550273,1.0000256844947477,1.000027126550273,3.395904232372793e-05
60554.10174278361,0.9997636366001996,1.0000267986196885,1.0000253643693904,1.0000267986196885,-0.00026316201948883844
60554.10192051484,0.9982232427731904,1.0000264725718766,1.0000250461720392,1.0000264725718766,-0.00180322979868619
60554.10209824606,1.0005949761935964,1.0000261484068775,1.0000247299027336,1.0000261484068775,0.0005688277867188507
60554.102275977275,0.9991757747683209,1.0000258261246913,1.0000244155614735,1.0000258261246913,-0.000850051356370396
60554.1024537085,1.0002557788897344,1.000025505725278,1.00002410314822,1.000025505725278,0.0002302731644563405
60554.10263143972,0.9999895712927392,1.0000251872086903,1.0000237926630244,1.0000251872086903,-3.561591595102609e-05
60554.10280917093,0.9997732126193283,1.0000248705749022,1.0000234841058613,1.0000248705749022,-0.000251657955573914
60554.10298690216,1.0010613805215594,1.0000245558238872,1.0000231774767054,1.0000245558238872,0.0010368246976721895
60554.10316463338,1.0001522257677709,1.0000242429556851,1.0000228727755947,1.0000242429556851,0.00012798281208570295
60554.10334236459,0.999410614851466,1.0000239319702948,1.0000225700025287,1.0000239319702948,-0.0006133171188288378
60554.10352009582,1.000123582292588,1.0000236228676789,1.0000222691574703,1.0000236228676789,9.995942490914622e-05
60554.103697827035,1.0006847721703023,1.0000233156478873,1.0000219702404691,1.0000233156478873,0.0006614565224150049
60554.10387555825,0.999912122162529,1.0000230103108954,1.0000216732515002,1.0000230103108954,-0.00011088814836635041
60554.10405328947,1.0005884515698975,1.00002270685669,1.0000213781905514,1.00002270685669,0.0005657447132074722
60554.10423102069,1.0005775223693665,1.0000224052852844,1.0000210850576354,1.0000224052852844,0.0005551170840820685
60554.10440875191,1.0003604254547658,1.000022105596678,1.0000207938527514,1.000022105596678,0.00033831985808774334
60554.104586483125,1.000001048872992,1.0000218077908836,1.000020504575912,1.0000218077908836,-2.0758917891550155e-05
60554.10476421435,1.0004186040883771,1.0000215118678641,1.0000202172270816,1.0000215118678641,0.00039709222051298454
60554.10494194557,1.0002001630536081,1.0000212178276682,1.0000199318063068,1.0000212178276682,0.00017894522593997486
60554.10511967678,0.9996472013457044,1.0000209256702717,1.0000196483135644,1.0000209256702717,-0.00037372432456728166
60554.10529740801,1.0004774512844252,1.0000206353956507,1.0000193667488315,1.0000206353956507,0.00045681588877455326
60554.10547513923,0.9992492879534317,1.0000203470038411,1.0000190871121424,1.0000203470038411,-0.0007710590504094172
60554.10565287044,1.0003228184814916,1.0000200604948426,1.0000188094034972,1.0000200604948426,0.0003027579866490271
60554.10583060167,0.998605294541305,1.0000197758686202,1.0000185336228617,1.0000197758686202,-0.0014144813273152534
60554.106008332885,1.000570655628906,1.0000194931252209,1.0000182597702814,1.0000194931252209,0.0005511625036851431
60554.1061860641,0.9993606762591314,1.0000192122646203,1.0000179878457331,1.0000192122646203,-0.00065853600548893
60554.10636379533,0.999726559482042,1.0000189332867966,1.0000177178491954,1.0000189332867966,-0.0002923738047545532
60554.10654152655,0.9987675599517639,1.0000186561917837,1.000017449780701,1.0000186561917837,-0.0012510962400197334
60554.10671925776,1.001562444873844,1.0000183809795813,1.0000171836402503,1.0000183809795813,0.0015440638942627594
60554.10689698898,0.9998592148462994,1.0000181076501675,1.0000169194278208,1.0000181076501675,-0.0001588928038681603
60554.1070747202,1.0001407916797864,1.0000178362035528,1.0000166571434237,1.0000178362035528,0.00012295547623364378
60554.10725245142,1.0000616671660645,1.0000175666397486,1.0000163967870697,1.0000175666397486,4.4100526315871136e-05
60554.10743018263,1.001085221712787,1.000017298958744,1.0000161383587485,1.000017298958744,0.0010679227540431047
60554.107607913866,0.999600562603066,1.0000170331605058,1.0000158818584277,1.0000170331605058,-0.00041647055743987416
60554.10778564508,1.0000390126810694,1.0000167692450999,1.000015627286171,1.0000167692450999,2.2243435969571124e-05
60554.10796337629,1.0014334787326233,1.0000165072124931,1.0000153746419467,1.0000165072124931,0.0014169715201302058
60554.10814110752,1.0002654142684109,1.0000162470626646,1.0000151239257342,1.0000162470626646,0.00024916720574630347
60554.108318838735,1.0007548193710785,1.0000159887956568,1.0000148751375746,1.0000159887956568,0.0007388305754216784
60554.10849656995,0.9992574311988827,1.000015732411448,1.0000146282774471,1.000015732411448,-0.000758301212565371
60554.108674301184,0.9989908303117727,1.0000154779100079,1.000014383345322,1.0000154779100079,-0.0010246475982351733
60554.1088520324,1.0005306389536144,1.0000152252913979,1.0000141403412597,1.0000152252913979,0.000515413662216524
60554.10902976361,1.0008953254403539,1.0000149745555875,1.0000138992652294,1.0000149745555875,0.0008803508847663455
60554.10920749484,0.9993035866899911,1.000014725702556,1.0000136601172123,1.000014725702556,-0.0007111390125649208
60554.10938522605,1.0007998215763272,1.0000144787323444,1.0000134228972468,1.0000144787323444,0.0007853428439827947
60554.109562957274,0.9996162654183658,1.000014233644922,1.0000131876053042,1.000014233644922,-0.00039796822655624453
60554.109740688495,0.9994351176411553,1.0000139904402991,1.000012954241394,1.0000139904402991,-0.0005788727991438147
60554.109918419716,0.9999913065394304,1.0000137491184755,1.0000127228055162,1.0000137491184755,-2.2442579045156563e-05
60554.11009615093,1.0005147850752498,1.0000135096794616,1.0000124932976804,1.0000135096794616,0.0005012753957882587
60554.11027388214,0.9997286414136363,1.0000132721232464,1.0000122657178767,1.0000132721232464,-0.00028463070961015635
60554.11045161337,1.0000955642056488,1.0000130364498117,1.000012040066087,1.0000130364498117,8.252775583716954e-05
60554.11062934459,1.0002713175621714,1.000012802659186,1.0000118163423393,1.000012802659186,0.00025851490298545166
60554.110807075805,1.00039539418434,1.0000125707513692,1.0000115945466328,1.0000125707513692,0.00038282343297080246
60554.110984807034,0.9995897916468941,1.000012340726333,1.0000113746789407,1.000012340726333,-0.0004225490794389497
60554.11116253825,1.0001530973381028,1.000012112584115,1.0000111567392993,1.000012112584115,0.00014098475398771626
60554.11134026946,0.9989197155893749,1.0000118863246963,1.0000109407276898,1.0000118863246963,-0.0010921707353214183
60554.11151800069,0.9994036545625626,1.0000116619480588,1.0000107266440952,1.0000116619480588,-0.0006080073854961565
60554.11169573191,0.9999336917319204,1.0000114394542297,1.000010514488542,1.0000114394542297,-7.774772230928484e-05
60554.11187346312,1.0007860965692428,1.000011218843209,1.00001030426103,1.000011218843209,0.0007748777260336848
60554.11205119435,0.9997945928639763,1.00001100011497,1.0000100959615332,1.00001100011497,-0.00021640725099369984
60554.112228925565,1.0007738381027973,1.0000107832695484,1.0000098895900857,1.0000107832695484,0.0007630548332488996
60554.11240665678,0.9997187243027379,1.0000105683069258,1.0000096851466707,1.0000105683069258,-0.00029184400418791334
60554.112584388015,0.9995710142685154,1.0000103552270767,1.000009482631263,1.0000103552270767,-0.0004393409585613517
60554.11276211923,0.9999500589833932,1.0000101440300528,1.0000092820439128,1.0000101440300528,-6.008504665966363e-05
60554.11293985044,1.0001327091865895,1.0000099347158287,1.000009083384595,1.0000099347158287,0.00012277447076081138
60554.113117581655,0.998987322396886,1.0000097272844035,1.0000088866533092,1.0000097272844035,-0.0010224048875174807
60554.11329531288,1.0006802983794942,1.0000095217357612,1.0000086918500402,1.0000095217357612,0.0006707766437330509
60554.113473044104,0.9997994993326209,1.0000093180699265,1.0000084989748115,1.0000093180699265,-0.00020981873730563372
60554.11365077532,1.0003119754807241,1.0000091162868998,1.000008308027623,1.0000091162868998,0.00030285919382433413
60554.113828506546,0.9992567308390996,1.0000089163866557,1.0000081190084515,1.0000089163866557,-0.0007521855475560724
60554.11400623776,1.000138416170653,1.0000087183692277,1.0000079319173278,1.0000087183692277,0.0001296978014253547
60554.11418396897,0.9992414013655786,1.0000085222345987,1.0000077467542363,1.0000085222345987,-0.0007671208690200881
60554.11436170021,1.000087203748382,1.0000083279827456,1.000007563519155,1.0000083279827456,7.887576563625487e-05
60554.11453943142,1.0010883972651754,1.0000081356137156,1.0000073822121287,1.0000081356137156,0.0010802616514598018
60554.114717162636,0.9995496635542063,1.000007945127485,1.0000072028331344,1.000007945127485,-0.0004582815732787626
60554.114894893864,1.0008470848964348,1.0000077565240384,1.000007025382158,1.0000077565240384,0.0008393283723964196
60554.11507262508,0.999562789739213,1.0000075698034063,1.0000068498592287,1.0000075698034063,-0.0004447800641933508
60554.1152503563,1.0004373856179871,1.0000073849655662,1.0000066762643245,1.0000073849655662,0.00043000065242093655
60554.11542808753,0.9996660221605073,1.0000072020105182,1.0000065045974458,1.0000072020105182,-0.00034117985001091977
60554.11560581874,1.0000415254699508,1.0000070209382845,1.0000063348586137,1.0000070209382845,3.450453166631284e-05
60554.115783549954,1.000486931873842,1.00000684174885,1.0000061670478135,1.00000684174885,0.00048009012499217185
60554.11596128117,0.9995755007464395,1.000006664442215,1.000006001165046,1.000006664442215,-0.00043116369577544944
60554.1161390124,0.9989398415848553,1.0000064890183575,1.0000058372102907,1.0000064890183575,-0.0010666474335022658
60554.11631674362,0.9996458597546268,1.0000063154773213,1.0000056751835877,1.0000063154773213,-0.0003604557226944971
60554.11649447483,1.0006768005681184,1.0000061438190844,1.0000055150849174,1.0000061438190844,0.0006706567490339932
60554.11667220606,0.9988175045123335,1.000005974043633,1.0000053569142664,1.000005974043633,-0.0011884695312993632
60554.11684993727,1.0011787318914946,1.0000058061509947,1.0000052006716607,1.0000058061509947,0.001172925740499986
60554.11702766849,0.9994724679947998,1.000005640141149,1.000005046357081,1.000005640141149,-0.0005331721463491812
60554.11720539972,1.000893448343557,1.0000054760140962,1.0000048939705275,1.0000054760140962,0.0008879723294608066
60554.117383130935,0.9987216817036266,1.0000053137698561,1.000004743512019,1.0000053137698561,-0.0012836320662295009
60554.11756086215,1.0010564611802422,1.0000051534084151,1.000004594981543,1.0000051534084151,0.001051307771827048
60554.11773859338,1.000868580023477,1.000004994929761,1.000004448379087,1.000004994929761,0.0008635850937159795
60554.1179163246,1.0009432463925096,1.0000048383339124,1.0000043037046698,1.0000048383339124,0.0009384080585972399
60554.11809405581,1.0001235086751958,1.00000468362087,1.0000041609582908,1.00000468362087,0.0001188250543258107
60554.11827178704,0.999287552926321,1.0000045307906142,1.0000040201399325,1.0000045307906142,-0.0007169778642932556
60554.11844951825,0.9991929788012747,1.0000043798431704,1.0000038812496184,1.0000043798431704,-0.0008114010418956985
60554.11862724947,0.9986885904034029,1.000004230778526,1.0000037442873364,1.000004230778526,-0.001315640375123106
60554.11880498069,1.000227269678419,1.0000040835966746,1.000003609253081,1.0000040835966746,0.00022318608174431986
60554.118982711916,1.0005151226981803,1.0000039382976171,1.000003476146853,1.0000039382976171,0.0005111844005631916
60554.11916044313,0.9994500982261443,1.0000037948813705,1.0000033449686683,1.0000037948813705,-0.000553696655226199
60554.11933817434,0.9982892335373842,1.0000036533479235,1.0000032157185157,1.0000036533479235,-0.001714419810539325
60554.11951590558,1.0012531144367343,1.0000035136972587,1.00000308839638,1.0000035136972587,0.0012496007394755537
60554.11969363679,0.9998705570050264,1.0000033759294105,1.0000029630022924,1.0000033759294105,-0.0001328189243841038
60554.119871368006,1.0005000394782517,1.0000032400443615,1.000002839536237,1.0000032400443615,0.0004967994338902493
60554.120049099234,0.9994514681343535,1.000003106042101,1.0000027179982043,1.000003106042101,-0.000551637907747593
60554.12022683045,1.0003746891570402,1.000002973922651,1.0000025983882137,1.000002973922651,0.0003717152343891694
60554.12040456167,0.9997921898933976,1.0000028436859947,1.0000024807062506,1.0000028436859947,-0.00021065379259710415
60554.1205822929,1.0002781733846529,1.000002715332133,1.0000023649523153,1.000002715332133,0.00027545805251993905
60554.12076002411,0.9994354337479766,1.0000025888610808,1.000002251126422,1.0000025888610808,-0.0005671551131042341
60554.120937755324,0.9989973749291625,1.0000024642728282,1.000002139228561,1.0000024642728282,-0.0010050893436657216
60554.12111548655,1.0006209018577714,1.0000023415673647,1.0000020292587233,1.0000023415673647,0.0006185602904067444
60554.12129321777,1.0002384501966335,1.000002220744706,1.0000019212169227,1.000002220744706,0.00023622945192758316
60554.12147094899,1.0004962987203518,1.0000021018048513,1.0000018151031587,1.0000021018048513,0.0004941969155005665
60554.1216486802,0.9994194898547164,1.0000019847477961,1.000001710917427,1.0000019847477961,-0.0005824948930797103
60554.12182641143,0.9997814384512181,1.0000018695735307,1.0000016086597197,1.0000018695735307,-0.00022043112231251438
60554.12200414265,1.0001115368090183,1.0000017562820698,1.0000015083300486,1.0000017562820698,0.00010978052694854412
60554.12218187386,1.001544329823299,1.0000016448734126,1.0000014099284142,1.0000016448734126,0.0015426849498865192
60554.12235960509,0.9996607595187688,1.0000015353475458,1.0000013134548043,1.0000015353475458,-0.00034077582877700685
60554.122537336305,1.0004771888157833,1.0000014277044873,1.0000012189092347,1.0000014277044873,0.0004757611112959914
60554.12271506752,1.0007709066296242,1.0000013219442285,1.0000011262916972,1.0000013219442285,0.0007695846853956745
60554.122892798754,0.9985639242108217,1.000001218066756,1.0000010356021811,1.000001218066756,-0.001437293855934163
60554.12307052997,1.0006713101857214,1.0000011160720959,1.0000009468407087,1.0000011160720959,0.0006701941136255662
60554.12324826118,0.9985487773152408,1.0000010159602348,1.0000008600072685,1.0000010159602348,-0.0014522386449939972
60554.12342599241,1.0000637204132556,1.0000009177311653,1.0000007751018538,1.0000009177311653,6.280268209035711e-05
60554.12360372363,0.9998623597210318,1.0000008213848994,1.0000006921244748,1.0000008213848994,-0.00013846166386766168
60554.123781454844,0.9994057701718122,1.0000007269214366,1.000000611075132,1.0000007269214366,-0.0005949567496243979
60554.12395918607,1.0005881050740961,1.0000006343407657,1.0000005319538148,1.0000006343407657,0.0005874707333304308
60554.124136917286,0.9993295132724925,1.0000005436429018,1.0000004547605366,1.0000005436429018,-0.0006710303704092757
60554.12431464851,0.999569531456539,1.0000004548278334,1.0000003794952876,1.0000004548278334,-0.0004309233712943561
60554.12449237973,1.001023490853416,1.000000367895565,1.0000003061580711,1.000000367895565,0.0010231229578510082
60554.12467011095,1.0008141736899718,1.0000002828460954,1.0000002347488872,1.0000002828460954,0.000813890843876397
60554.12484784216,1.0002361554461505,1.0000001996794288,1.0000001652677384,1.0000001996794288,0.00023595576672175156
60554.12502557338,1.001356723610291,1.0000001183955582,1.000000097714619,1.0000001183955582,0.0013566052147326868
60554.12520330461,0.9993645978807918,1.000000038994484,1.00000003208953,1.000000038994484,-0.0006354411136922922
60554.125381035825,0.9996353973038208,0.9999999614762157,0.9999999683924782,0.9999999614762157,-0.0003645641723949433
60554.12555876704,0.9989182594918913,0.9999998858407466,0.999999906623459,0.9999998858407466,-0.0010816263488553357
60554.12573649827,1.00005385850048,0.999999812088071,0.9999998467824671,0.999999812088071,5.404641240891461e-05
60554.12591422949,1.0005244144960326,0.9999997402181977,0.9999997888695104,0.9999997402181977,0.000524674277834869
60554.1260919607,0.9998141853828899,0.9999996702311268,0.9999997328845882,0.9999996702311268,-0.00018548484823688316
60554.12626969193,1.0000553092259907,0.9999996021268497,0.999999678827694,0.9999996021268497,5.570709914104466e-05
60554.12644742314,0.9997161009771142,0.9999995359053776,0.9999996266988367,0.9999995359053776,-0.0002834349282634374
60554.126625154364,0.9986324007051797,0.9999994715667021,0.9999995764980095,0.9999994715667021,-0.0013670708615224347
60554.12680288559,1.0001931436633995,0.9999994091108236,0.9999995282252131,0.9999994091108236,0.0001937345525758749
60554.126980616806,1.0000403948290506,0.9999993485377496,0.999999481880453,0.9999993485377496,4.104629130097237e-05
60554.12715834802,0.9996466546609567,0.999999289847475,0.999999437463725,0.999999289847475,-0.00035263518651829084
60554.12733607925,1.0007675067034787,0.999999233039995,0.9999993949750261,0.999999233039995,0.0007682736634836429
60554.12751381047,0.9995805702200852,0.9999991781153168,0.9999993544143614,0.9999991781153168,-0.00041860789523162634
60554.12769154168,0.9992202241896929,0.9999991250734404,0.9999993157817306,0.9999991250734404,-0.0007789008837474354
60554.127869272896,1.0001370303648787,0.999999073914363,0.9999992790771323,0.999999073914363,0.00013795645051561944
60554.12804700413,1.001027603494646,0.9999990246380792,0.999999244300562,0.9999990246380792,0.0010285788565667087
60554.128224735345,1.000534820877665,0.9999989772446009,0.9999992114520284,0.9999989772446009,0.000535843633064137
60554.12840246656,1.0002420501868885,0.9999989317339217,0.9999991805315273,0.9999989317339217,0.00024311845296676182
60554.12858019779,1.001295242963982,0.9999988881060384,0.999999151539056,0.9999988881060384,0.0012963548579436601
60554.12875792901,1.0009986197460026,0.9999988463609565,0.9999991244746185,0.9999988463609565,0.0009997733850460877
60554.12893566022,1.0019319388175116,0.9999988064986756,0.9999990993382144,0.9999988064986756,0.0019331323188360727
60554.12911339145,1.0011587533295772,0.9999987685191909,0.9999990761298408,0.9999987685191909,0.0011599848103862609
60554.12929112266,1.001353507733092,0.9999987324225087,0.9999920928478456,0.9999987324225087,0.001354775310583256
60554.129468853884,1.0000159780082136,0.9999986982086244,0.999941227504091,0.9999986982086244,1.7279799589209333e-05
60554.12964658511,0.9995018873109941,0.9999986658775384,0.9998661393562387,0.9999986658775384,-0.000496778566544287
60554.129824316326,0.9999830168272741,0.9999597109343598,0.999778803930541,0.9999986354292544,2.3305892914327053e-05
60554.13000204754,1.0000912455602917,0.9998778693777366,0.9996889170712053,0.9999986068637697,0.00021337618255512503
60554.13017977877,0.9991119104065924,0.9997761712325043,0.9996080971947404,0.9999985801810821,-0.0006642608259118665
60554.13035750999,1.0008258899700802,0.9996659825179399,0.9995625604099918,0.9999985553811952,0.0011599074521402297
60554.1305352412,0.9997020891929219,0.9995577786175878,0.9995426824952229,0.9999985324641086,0.00014431057533415004
60554.130712972415,0.9994733577202491,0.9994649283373906,0.9995265482717146,0.9999985114298214,8.429382858499146e-06
60554.13089070365,0.9993254066922758,0.9994195547296503,0.9995127816439716,0.9999984922783312,-9.41480373745085e-05
60554.131068434865,0.9992765383518699,0.9994028834293384,0.9995007293493624,0.9999984750096428,-0.00012634507746844825
60554.13124616608,0.9984748601993366,0.9993891865922228,0.9994900029864646,0.9999984596237537,-0.0009143263928861334
60554.13142389731,1.0004428792232427,0.9993774066510555,0.999480345204895,0.9999984461206628,0.0010654725721872538
60554.13160162853,0.9996014714012206,0.9993670296631213,0.9994715736124261,0.9999984345003721,0.00023444173809927804
60554.13177935974,0.9981428095901552,0.9993577460303901,0.9994635527384209,0.999998424762881,-0.0012149364402348484
60554.13195709097,1.0000108862948482,0.9993493486965904,0.9994561783928894,0.9999984169081888,0.000661537598257822
60554.13213482219,0.9994032748787769,0.9993416898590733,0.9994493682424679,0.9999984109362965,6.158501970354724e-05
60554.1323125534,1.0007418322658341,0.9993346591035841,0.9994430557893895,0.9999984068472036,0.0014071731622500305
60554.13249028463,1.0009017210498332,0.9993281711049683,0.9994371863530408,0.99999840464091,0.001573549944864916
60554.132668015845,0.9984111316340877,0.999322158165774,0.9994317142896465,0.9999984043174159,-0.0009110265316862876
60554.132845747066,0.9989730834114192,0.9993165654193336,0.9994266010035253,0.9999984058767213,-0.0003434820079143419
60554.13302347829,0.9978410140922167,0.999311347615494,0.9994218134970279,0.9999984093188261,-0.0014703335232773007
60554.13320120951,0.9997351895675282,0.9993064668817302,0.9994173232833738,0.9999984146437303,0.00042872268579796646
60554.13337894072,0.997962760144889,0.9993018911207767,0.9994131055598698,0.9999984218514337,-0.0013391309758876702
60554.13355667194,1.0009960402088578,0.9992975928329931,0.9994091385668211,0.999998430941937,0.0016984473758646645
60554.13373440317,0.9995044711534588,0.9992935482346628,0.9994054030854156,0.9999984419152399,0.00021092291879598601
60554.133912134384,0.9996599814001129,0.9992897365837883,0.9994018820375838,0.9999984547713415,0.00037024481632463857
60554.1340898656,0.9982376384938941,0.9992861396554421,0.9993985601627657,0.9999984695102424,-0.0010485011615479767
60554.13426759683,0.9992580236408378,0.9992827413304491,0.9993954237567201,0.9999984861319448,-2.4717689611319926e-05
60554.13444532805,0.9995045721550304,0.9992795272681276,0.9993924604577525,0.9999985046364444,0.00022504488690278102
60554.13462305926,0.999433615028579,0.9992764846388285,0.9993896590664259,0.9999985250237434,0.00015713038975051496
60554.134800790496,0.9987531522123011,0.9992736019094168,0.9993870093982906,0.9999985472938446,-0.0005204496971157324
60554.13497852171,0.9995847813976177,0.9992708686667381,0.9993845021599498,0.9999985714467424,0.00031391273087966187
60554.13515625292,0.9993528776861252,0.9992682754682991,0.9993821288414992,0.9999985974824396,8.46022178261352e-05
60554.13533398415,0.9984794103995975,0.999265813720495,0.9993798816277634,0.9999986254009384,-0.0007864033208975219
60554.13551171537,0.9997516613084696,0.9992634755754126,0.9993777533216308,0.9999986552022356,0.0004881857330569783
60554.135689446586,1.0005606078334859,0.9992612538422877,0.9993757372770425,0.9999986868863309,0.0012993539911981822
60554.135867177814,0.9981204640812126,0.9992591419128162,0.9993738273417572,0.9999987204532284,-0.0011386778316035961
60554.13604490903,0.9978508900379827,0.999257133697934,0.9993720178083332,0.9999987559029224,-0.001406243659951345
60554.13622264025,0.998699644831387,0.9992552235713891,0.9993703033695682,0.9999987932354173,-0.0005555787400021162
60554.13640037146,0.9988497365415351,0.9992534063229367,0.9993686790813225,0.9999988324507101,-0.0004036697814016055
60554.13657810269,0.9988870909602807,0.9992516771159656,0.9993671403283052,0.9999988735488056,-0.0003645861556849095
60554.13675583391,0.9989942251906687,0.9992500314519764,0.9993656827952152,0.9999989165296989,-0.00025580626130772277
60554.136933565125,1.0002607131022954,0.9992484651380502,0.9993643024399409,0.9999989613933898,0.0010122479642451498
60554.13711129635,0.9987067537483718,0.9992469742588408,0.9993629954703146,0.999999008139884,-0.0005402205104689806
60554.13728902757,0.9997839055829092,0.9992455551523942,0.9993617583238829,0.9999990567691737,0.0005383504305149778
60554.13746675879,0.9988313272849825,0.999244204387313,0.9993605876485889,0.9999991072812647,-0.0004128771023305111
60554.137644490016,1.0001219295889014,0.9992429187438183,0.9993594802866637,0.9999991596761575,0.000879010845083128
60554.13782222123,0.9997942448419154,0.9992416951962696,0.9993584332596236,0.9999992139538453,0.0005525496456457724
60554.13799995245,0.9990618941673689,0.9992405308971086,0.9993574437543994,0.9999992701143348,-0.0001786367297397229
60554.13817768368,0.9991884015182155,0.9992394231633325,0.9993565091115616,0.999999328157626,-5.102164511694429e-05
60554.13835541489,0.9990670974143987,0.9992383694638697,0.999355626814262,0.999999388083712,-0.00017127204947098296
60554.138533146106,1.0000195071440334,0.9992373674078797,0.9993547944779363,0.9999994498925974,0.0007821397361537086
60554.13871087734,0.9981285968539608,0.9992364147346997,0.9993540098413883,0.9999995135842898,-0.0011078178807388817
60554.138888608555,1.0000561085472603,0.999235509304924,0.9993532707588065,0.999999579158774,0.0008205992423363506
60554.13906633977,0.9991569203081431,0.9992346490912687,0.9993525751916283,0.9999996466160574,-7.772878312561904e-05
60554.13924407099,0.9994142692800378,0.9992338321713443,0.9993519212019962,0.999999715956143,0.0001804371086935319
60554.13942180222,0.9995785426123126,0.999233056720617,0.9993513069463846,0.999999787179031,0.00034548589169558497
60554.13959953343,1.0005467496803038,0.9992323210060772,0.9993507306698343,0.9999998602847127,0.0013144286742265976
60554.139777264645,0.9989685712197653,0.9992316233801585,0.9993501907004242,0.9999999352731935,-0.00026305216039312906
60554.13995499588,0.999635203542125,0.9992309622755361,0.9993496854444825,1.0000000121444832,0.0004042412665888895
60554.140132727094,0.9983869511920274,0.9992303362004753,0.9993492133822562,1.000000090898563,-0.0008433850084479388
60554.14031045831,1.0004391394466048,0.9992297437338361,0.9993487730633653,1.000000171535442,0.0012093957127686794
60554.14048818954,0.9996674969487989,0.999229183521185,0.9993483631031532,1.0000002540551305,0.00043831342761391223
60554.14066592076,0.9990571177838816,0.9992286542711594,0.9993479821792528,1.0000003384576084,-0.00017153648727774584
60554.14084365197,1.0001475566343452,0.9992281547515234,0.9993476290279812,1.0000004247428858,0.000919401882821802
60554.141021383206,0.9991070360180607,0.9992276837861281,0.9993473024414438,1.000000512910973,-0.00012064776806741673
60554.14119911442,0.9991280730659979,0.9992272402520516,0.9993470012647955,1.0000006029618491,-9.916718605362806e-05
60554.14137684563,1.0005625942288507,0.9992268230764534,0.9993467243933569,1.0000006948955245,0.001335771152397358
60554.14155457686,0.999576131964342,0.999226431234186,0.9993464707703016,1.0000007887120068,0.0003497007301560551
60554.14173230808,0.9993848099915308,0.9992260637454388,0.9993462393843969,1.0000008844112849,0.00015874624609202304
60554.141910039296,0.9998647969243833,0.9992257196733663,0.9993460292677838,1.0000009819933584,0.0006390772510170839
60554.14208777051,0.9993169078719134,0.999225398122047,0.9993458394940158,1.0000010814582312,9.150974986638083e-05
60554.142265501745,0.9991214022360522,0.9992250982345374,0.9993456691761993,1.0000011828059159,-0.00010369599848525368
60554.14244323296,0.9974381255060341,0.9992248191911942,0.9993455174653306,1.0000012860363874,-0.0017866936851601567
60554.14262096417,1.0003053540167308,0.9992245602077691,0.9993453835485487,1.0000013911496584,0.0010807938089617553
60554.14279869541,1.000007224151064,0.9992243205339568,0.9993452666476912,1.000001498145742,0.0007829036171072001
60554.14297642662,0.9993120819183026,0.9992240994520043,0.9993451660179069,1.0000016070246116,8.798246629826423e-05
60554.143154157835,0.9995581742216585,0.9992238962751605,0.9993450809462422,1.0000017177862808,0.00033427794649798503
60554.14333188906,1.0017837101408844,0.9992237103464983,0.9993450107504477,1.0000018304307585,0.0025599997943861474
60554.143509620284,0.9982118915123066,0.9992235410377341,0.9993449547778158,1.000001944958031,-0.0010116495254275382
60554.1436873515,0.998402790688154,0.9992233877480402,0.9993449124040608,1.0000020613680982,-0.0008205970598862411
60554.143865082726,0.9999062210701812,0.9992232499030002,0.9993448830322981,1.0000021796609746,0.000682971167181079
60554.14404281395,0.9994193196446353,0.999223126953673,0.9993448660920943,1.0000022998366453,0.00019619269096227132
60554.14422054516,0.9995735087421335,0.9992230183756139,0.9993448610385475,1.000002421895111,0.00035049036651957355
60554.14439827639,0.9989009298544624,0.9992229236680136,0.9993448673514459,1.0000025458363857,-0.00032199381355113577
60554.14457600761,0.999129605416039,0.9992228423529232,0.9993448845344702,1.000002671660455,-9.32369368842334e-05
60554.14475373882,0.9997477914010239,0.9992227739744508,0.9993449121144448,1.0000027993673186,0.0005250174265730712
60554.14493147004,0.999825197953008,0.9992227180980593,0.9993449496406397,1.0000029289569814,0.0006024798549486565
60554.14510920127,1.0016690267174695,0.9992226743098972,0.9993449966841162,1.0000030604294599,0.0024463524075722942
60554.145286932486,0.9998062714819183,0.999222642216186,0.9993450528370879,1.0000031937847216,0.0005836292657322995
60554.1454646637,0.9991844499123714,0.9992226214425992,0.9993451177123744,1.0000033290227825,-3.817153022778186e-05
60554.14564239493,0.9982811715756368,0.9992226116337338,0.9993451909428469,1.000003466143654,-0.0009414400580970428
60554.14582012615,0.9991174030153693,0.9992226124525899,0.999345272180904,1.0000036051473196,-0.00010520943722058806
60554.14599785736,0.999035381548298,0.9992226235800822,0.9993453610980199,1.0000037460337787,-0.00018724203178421828
60554.14617558859,0.99980005747872,0.9992226447145952,0.9993454573843078,1.000003888803049,0.0005774127641248183
60554.14635331981,0.9988487727056988,0.9992226755715542,0.9993455607480705,1.0000040334551128,-0.0003739028658553689
60554.146531051025,0.998858696065235,0.999222715883037,0.99934567091545,1.0000041799899702,-0.000364019817801986
60554.14670878225,1.0000991661198684,0.9992227653974142,0.9993457876300754,1.000004328407639,0.000876400722454207
60554.146886513474,0.9998648804984367,0.9992228238789903,0.9993459106526875,1.000004478708101,0.000642056619446385
60554.14706424469,0.9985563750302049,0.9992228911077057,0.9993460397608742,1.0000046308913566,-0.0006665160775007895
60554.147241975916,0.9992446292823673,0.9992229668788484,0.9993461747487925,1.000004784957424,2.166240351897386e-05
60554.14741970714,0.9982054870925966,0.9992230510027589,0.9993463154268585,1.0000049409062846,-0.001017563910162278
60554.14759743835,0.9997169663518454,0.9992231433046083,0.9993464616215602,1.000005098737938,0.0004938230472371075
60554.14777516957,0.9993654160205132,0.9992232436241736,0.999346613175238,1.0000052584523977,0.00014217239633962375
60554.1479529008,1.0003453437300722,0.9992233518156151,0.9993467699458667,1.0000054200496633,0.0011219919144571655
60554.14813063201,0.998709212189646,0.9992234677472844,0.9993469318068718,1.000005583529715,-0.0005142555576383989
60554.14830836323,0.9985554417793943,0.999223591301594,0.9993470986470291,1.000005748892566,-0.0006681495221997347
60554.14848609446,0.9987055927498115,0.9992237223748547,0.9993472703703035,1.0000059161382369,-0.0005181296250431622
60554.148663825676,0.9995364991534669,0.9992238608770885,0.999347446895664,1.0000060852666868,0.00031263827637839636
60554.14884155689,0.9984809955308019,0.9992240067320136,0.9993476281571095,1.000006256277936,-0.0007430112012116741
60554.149019288125,0.9999789297644477,0.9992241598769049,0.99934781410353,1.0000064291720059,0.00075476988754275
60554.14919701934,1.000078502180583,0.9992243202624558,0.9993480046985747,1.000006603948854,0.0008541819181271393
60554.14937475055,0.9982140345651993,0.9992244878528298,0.9991031570040121,1.0000067806085013,-0.0010104532876304972
60554.14955248179,0.9976303562275084,0.9992246626255648,0.9991033573444085,1.00000695915097,-0.0015943063980563554
60554.149730213,0.9993657028101783,0.9992248445714759,0.9991035633249769,1.000007139576216,0.00014085823870246816
60554.149907944215,0.9991381775270016,0.999225033694774,0.9991037749769429,1.0000073218842616,-8.685616777237559e-05
60554.15008567545,0.9993994990443843,0.9992252300130096,0.9991039923518176,1.0000075060751292,0.0001742690313747408
60554.150263406664,1.0004538805571588,0.9992254335570181,0.9991042155213752,1.0000076921487735,0.0012284470001406866
60554.15044113788,0.9988763236326503,0.9992256443711035,0.9991044445779008,1.000007880105217,-0.0003493207384531738
60554.150618869106,0.9992196478342571,0.999225862513015,0.9991046796342139,1.0000080699444756,-6.214678757943126e-06
60554.15079660033,1.000648530307366,0.9992260880539797,0.9991049208237631,1.0000082616665258,0.0014224422533862802
60554.15097433154,0.9983634337124743,0.9992263210788612,0.9991051683008644,1.0000084552713677,-0.0008628873663869552
60554.15115206276,0.9994551141304555,0.9992265616862595,0.9991054222408805,1.000008650759017,0.0002285524441960618
60554.15132979399,0.9979822469249315,0.9992268099885959,0.999105682840396,1.0000088481294735,-0.0012445630636643834
60554.1515075252,0.9991339636877112,0.9992270661122427,0.9991059503174443,1.0000090473827135,-9.310242453142159e-05
60554.151685256424,1.0005568279260144,0.9992273301977743,0.9991062249118752,1.000009248518761,0.0013294977282400922
60554.15186298765,0.9989622741000519,0.9992276024000555,0.9991065068855559,1.0000094515376163,-0.00026532830000358665
60554.152040718865,0.9987343097866901,0.9992278828884346,0.9991067965226951,1.0000096564392544,-0.0004935731017444711
60554.15221845009,0.9991254902343424,0.9992281718470639,0.9991070941303075,1.0000098632237002,-0.00010268161272153353
60554.152396181315,0.9999098802883511,0.9992284694750391,0.9991074000384997,1.0000100718909541,0.0006814108133120778
60554.15257391253,0.9988253362553005,0.9992287759866542,0.9991077146008881,1.0000102824409904,-0.00040343973135370526
60554.15275164375,0.9993321906341484,0.9992290916117963,0.9991080381951722,1.0000104948738346,0.00010309902235206003
60554.15292937498,1.0002023249892176,0.9992294165961434,0.9991083712235154,1.0000107091894872,0.0009729083930741789
60554.15310710619,0.9987910615935849,0.9992297512014883,0.9991087141130688,1.0000109253879217,-0.0004386896079033864
60554.15328483741,0.9993862647979505,0.9992300957062176,0.9991090673166688,1.0000111434691643,0.00015616909173288285
60554.15346256863,0.9976478502850267,0.9992304504055605,0.9991094313133088,1.0000113634332064,-0.0015826001205337947
60554.15364029985,0.9997735783911195,0.9992308156120658,0.9991098066088633,1.000011585280048,0.0005427627790536294
60554.153818031074,1.0001872290145097,0.9992311916560299,0.9991101937367736,1.000011809009689,0.0009560373584798221
60554.15399576229,0.9989150217110716,0.9992315788859507,0.9991105932587787,1.0000120346221202,-0.0003165571748791063
60554.154173493516,1.0006772560758799,0.9992319776691132,0.9991110057657979,1.0000122621173695,0.0014452784067666702
60554.15435122474,0.9979309170577871,0.9992323883919654,0.9991114318786145,1.0000124914954087,-0.0013014713341782391
60554.15452895595,0.9990883015563713,0.999232811460838,0.999111872248933,1.000012722756238,-0.0001445099044666831
60554.15470668718,0.9988792410233417,0.999233247302564,0.999112327560356,1.000012955899886,-0.00035400627922232974
60554.1548844184,0.9986909946037353,0.9992336963649744,0.9991127985292481,1.0000131909263237,-0.0005427017612390506
60554.15506214961,0.9994147869949566,0.9992341591177528,0.9991132859060001,1.0000134278355512,0.00018062787720374285
60554.15523988084,0.998368871059159,0.9992346360531874,0.9991137904762094,1.0000136666275978,-0.0008657649940284617
60554.15541761206,0.9994196483293959,0.9992351276867913,0.9991143130617443,1.000013907302434,0.00018452064260454648
60554.155595343276,1.0002024652926764,0.9992356345583205,0.999114854522255,1.0000141498600597,0.0009668307343558835
60554.155773074504,0.9983197906589314,0.9992361572326859,0.9991154157566028,1.0000143943005046,-0.0009163665737544902
60554.155950805725,0.9998724232017207,0.9992366963007259,0.9991159977041668,1.0000146406237391,0.0006357269009947819
60554.15612853694,1.0002104514011965,0.9992372523804228,0.9991166013466583,1.000014888829763,0.0009731990207736407
60554.15630626817,0.9979891573607971,0.9992378261180095,0.9991172277098521,1.0000151389186067,-0.0012486687572124122
60554.15648399939,0.9981482106172974,0.9992384181889339,0.9991178778651962,1.0000153908902396,-0.00109020757163647
60554.1566617306,1.0002313169951162,0.999239029299316,0.9991185529319956,1.0000156447446615,0.0009922876958002869
60554.15683946182,1.0000533184283915,0.9992396601872732,0.9991192540794935,1.0000159004818934,0.0008136582411183424
60554.15701719305,0.9985517126508215,0.9992403116242522,0.9991199825290017,1.0000161581019351,-0.0006885989734306541
60554.157194924264,0.9987751120472103,0.9992409844165269,0.9991207395562564,1.0000164176047552,-0.00046587236931661113
60554.157372655485,0.998705377449255,0.9992416794070861,0.9991215264942601,1.0000166789903853,-0.0005363019578310535
60554.15755038671,0.9995504415809704,0.9992423974771542,0.9991223447357618,1.0000169422588259,0.0003080441038162407
60554.15772811793,1.0002103110878393,0.9992431395480628,0.9991231957361876,1.000017207410044,0.0009671715397765457
60554.15790584915,0.9990638026781378,0.9992439065835527,0.9991240810171147,1.0000174744440726,-0.00018010390541489674
60554.158083580376,1.00005312846144,0.9992446995916843,0.9991250021693694,1.0000177433609116,0.0008084288697557396
60554.15826131159,0.9997959627543095,0.9992455196271662,0.999125960856658,1.000018014160528,0.0005504431271432519
60554.15843904281,0.999217918258261,0.9992463677941784,0.9991269588198527,1.000018286842955,-2.844953591740751e-05
60554.15861677404,0.9976632176552448,0.9992472452487959,0.999127997880888,1.0000185614081927,-0.0015840275935511405
60554.15879450526,0.9983957493721642,0.9992481532019454,0.9991290799473513,1.0000188378562185,-0.0008524038297811343
60554.15897223647,0.9998340534258672,0.9992490929227161,0.999130207017591,1.0000191161870324,0.0005849605031510441
60554.1591499677,0.9985532031907152,0.9992500657418416,0.9991313811861189,1.0000193964006687,-0.0006968625511264426
60554.15932769892,0.9990609431471793,0.9992510730550552,0.9991326046489587,1.0000196784970932,-0.00019012990787592443
60554.159505430136,0.9983831096924233,0.9992521163274645,0.9991338797103282,1.000019962476305,-0.0008690066350411918
60554.15968316135,1.0002942359649498,0.9992531970978532,0.999135208789357,1.0000202483383165,0.0010410388670966109
60554.159860892585,0.9986225127424274,0.9992543169834901,0.9991365944275461,1.0000205360831627,-0.0006318042410626834
60554.1600386238,0.999179688164046,0.9992554776847912,0.9991380392961767,1.0000208257107728,-7.578952074516199e-05
60554.16021635501,0.999189343133242,0.9992566809917939,0.9991395462061052,1.0000211172211824,-6.733785855184138e-05
60554.16039408625,0.9987256971745203,0.9992579287899384,0.9991411181168693,1.0000214106144274,-0.000532231615418044
60554.16057181746,0.9980118546536,0.9992592230663395,0.9991427581465625,1.0000217058904357,-0.0012473684127395357
60554.16074954868,0.9993418414301006,0.9992605659181706,0.9991444695845572,1.0000220030492557,8.127551193004567e-05
60554.16092727991,0.998552014820533,0.9992619595600879,0.999146255903229,1.0000223020908874,-0.0007099447395548797
60554.161105011124,0.9976800223914373,0.9992634063332114,0.9991481207718673,1.0000226030152939,-0.0015833839417741524
60554.161282742345,0.9995848451979591,0.9992649087155377,0.9991500680726728,1.000022905822512,0.00031993648242134576
60554.16146047357,0.9980903484577787,0.9992664693323521,0.9991521019170208,1.0000232105125424,-0.0011761208745734164
60554.16163820479,0.9992590743999004,0.9992680909683029,0.9991542266641572,1.000023517085347,-9.016568402575587e-06
60554.16181593601,0.9982710802680039,0.9992697765814473,0.9991564469427905,1.0000238255409637,-0.0009986963134434035
60554.161993667236,0.9990763574426788,0.9992715293176531,0.9991587676735032,1.0000241358793927,-0.0001951718749743092
60554.16217139846,0.9990378789097097,0.9992733525273614,0.99916119409465,1.0000244481006082,-0.0002354736176516381
60554.16234912967,0.9987423833910608,0.9992752497846044,0.9991637317916692,1.0000247622046103,-0.0005328663935435518
60554.162526860884,0.9988210159912012,0.9992772249079861,0.9991663867294921,1.000025078191412,-0.00045620891678488373
60554.16270459212,0.9998583645385621,0.9992792819844839,0.9991691652892492,1.000025396061052,0.0005790825540782363
60554.16288232333,0.9990946824009765,0.9992814253952876,0.9991720743082859,1.0000257158134522,-0.00018674299431109542
60554.16306005455,0.9994903904704114,0.9992836598476957,0.999175121129025,1.000026037448652,0.00020673062271570064
60554.16323778578,0.9988013211979712,0.999285990408997,0.9991783136512746,1.0000263609666908,-0.0004846692110258566
60554.163415516996,0.999144520557568,0.999288422545096,0.9991816603918011,1.0000266863674894,-0.00014390198752800565
60554.16359324822,1.0002181752242671,0.9992909621677087,0.999185170556584,1.0000270136511005,0.0009272130565584069
60554.163770979445,0.9995611353836913,0.9992936156853474,0.9991888541193457,1.0000273428175248,0.0002675196983439321
60554.16394871066,0.9989233825369396,0.9992963900639403,0.9991927219145743,1.0000276738667215,-0.0003730075270007571
60554.16412644188,0.9994975090382442,0.9992992928984031,0.9991967857471136,1.000028006798731,0.00019821613984105646
60554.16430417311,0.9983428517057485,0.9993023324942562,0.9992010585173154,1.0000283416135538,-0.0009594807885076051
60554.16448190433,0.9993483273514246,0.9993055179649503,0.9992055543699422,1.0000286783111625,4.2809386474385036e-05
60554.16465963554,0.9991768018104522,0.9993088593476489,0.9992102888710629,1.0000290168915567,-0.00013205753719669477
60554.16483736677,0.9996711766368126,0.9993123677410155,0.9992152792183717,1.0000293573547783,0.0003588088957970914
60554.16501509799,0.9987005489011063,0.9993160554693485,0.9992205444915594,1.0000296997007851,-0.0006155065682422745
60554.165192829205,0.9986731917262477,0.9993199362843361,0.9992261059593504,1.0000300439295775,-0.0006467445580884412
60554.16537056042,0.9981664924318358,0.9993240256100756,0.9992319874520239,1.0000303900411691,-0.0011575331782398557
60554.165548291654,0.9987759804460954,0.9993283408462325,0.9992382158215545,1.000030738035603,-0.0005523604001370641
60554.16572602287,1.0004902853648199,0.9993329017443161,0.9992448215119126,1.0000310879127934,0.0011573836205037713
60554.16590375409,0.9995784588379293,0.9993377308891822,0.9992518392870992,1.0000314396727978,0.00024072794874707704
60554.16608148532,1.000166051250044,0.9993428543091518,0.9992593091522768,1.000031793315616,0.000823196940892279
60554.16625921653,1.0004586618806393,0.9993483022729784,0.9992672775541539,1.0000321488412045,0.0011103596076608158
60554.16643694775,0.9978826103227165,0.9993541103469217,0.9992757989693227,1.0000325062496072,-0.0014715000242051524
60554.16661467898,1.000878340468131,0.9993603208179641,0.9992849380374136,1.0000328655408242,0.0015180196501668464
60554.1667924102,0.9986860818594172,0.9993669846642108,0.9992947725058673,1.0000332267148255,-0.0006809028047936039
60554.166970141414,0.9994700845009841,0.9993741643561752,0.9993053974033327,1.0000335897716117,9.592014480885869e-05
60554.16714787264,0.999006455502935,0.9993819379710315,0.999316931147863,1.0000339547112274,-0.00037548246809648855
60554.16732560386,0.9996702032424634,0.9993904054837971,0.9993295248508365,1.0000343215336271,0.000279797758666267
60554.16750333508,0.9986264807531617,0.9993996989075796,0.9993433772480743,1.0000346902388115,-0.0007732181544178873
60554.16768106631,0.9984326859345302,0.9994099997632482,0.9993587602972607,1.0000350608268407,-0.0009773138287180183
60554.167858797526,0.9991912696686776,0.9994215721334564,0.9993760673403153,1.000035433297624,-0.00023030246477884209
60554.16803652874,1.001405267158334,0.9994348347927704,0.9993959175291589,1.0000358076512064,0.0019704323655636014
60554.16821425996,0.9997841566820914,0.9994505643065316,0.9994194475938951,1.0000361838876035,0.00033359237555985466
60554.16839199119,0.9982335242048178,0.9994770991223844,0.9994547796617297,1.000036562006816,-0.0012435749175665478
60554.16856972241,0.9993069050892596,0.9995589151939915,0.9995384273074828,1.000036942008812,-0.00025201010473197005
60554.16874745362,1.000824420598821,0.9996636752145933,0.999641803721083,1.000037323893592,0.0011607453842277238
60554.16892518485,0.9985634399402833,0.9997747689181928,0.9997504264311489,1.0000377076612028,-0.0012113289779095426
60554.16910291607,0.9999361839803403,0.9998811919511049,0.9998549411407107,1.0000380933115973,5.4992029235423345e-05
60554.169280647286,0.9998165641745673,0.9999723414503879,0.9999469863554208,1.0000384808447755,-0.00015577727582061218
60554.16945837852,1.0000187158454144,1.000033143288728,1.0000169030850128,1.000038870260801,-1.4427443313591581e-05
60554.169636109735,1.0006084420699841,1.000039261559578,1.0000441178362935,1.000039261559578,0.0005691805104062198
60554.16981384095,1.0006164620565632,1.0000396547411543,1.000044536147338,1.0000396547411543,0.0005768073154088782
60554.169991572184,1.001704841886021,1.0000400498055784,1.0000449563864664,1.0000400498055784,0.0016647920804426786
60554.1701693034,1.0003234161803334,1.0000404467527537,1.0000453785535757,1.0000404467527537,0.00028296942757966015
60554.17034703462,0.9995673791205131,1.0000408455827445,1.0000458026487347,1.0000408455827445,-0.0004734664622314533
60554.17052476585,1.000161047340411,1.0000412462955512,1.0000462286719436,1.0000412462955512,0.00011980104485975751
60554.17070249706,0.9988348017681943,1.0000416488911243,1.0000466566231498,1.0000416488911243,-0.001206847122930066
60554.17088022828,0.9993096944879158,1.0000420533695138,1.0000470865024063,1.0000420533695138,-0.0007323588815979498
60554.1710579595,1.0010445181794443,1.0000424597307023,1.000047518309695,1.0000424597307023,0.0010020584487420159
60554.17123569073,1.000262908715634,1.000042867974707,1.0000479520450343,1.000042867974707,0.00022004074092696335
60554.171413421944,0.9996494114056939,1.000043278101478,1.0000483877083703,1.000043278101478,-0.0003938666957842285
60554.17159115316,0.9993767463416053,1.000043690111048,1.0000488252997386,1.000043690111048,-0.0006669437694427627
60554.17176888439,0.9990993035072325,1.0000441040034684,1.0000492648191932,1.0000441040034684,-0.0009448004962359091
60554.17194661561,0.9995360026467759,1.0000445197786376,1.0000497062666263,1.0000445197786376,-0.0005085171318617299
60554.17212434683,0.9996678829485901,1.000044937436623,1.00005014964211,1.000044937436623,-0.00037705448803282415
60554.172302078056,0.99972210111176,1.000045356977425,1.0000505949456442,1.000045356977425,-0.0003232558656650619
60554.17247980928,1.0001466212138852,1.0000457784010093,1.0000510421771929,1.0000457784010093,0.00010084281287592312
60554.17265754049,1.0010303738494055,1.000046201707376,1.0000514913367555,1.000046201707376,0.0009841721420296157
60554.17283527172,0.9999137958782499,1.0000466268965766,1.0000519424243877,1.0000466268965766,-0.00013283101832672894
60554.17301300294,1.0007769947368645,1.0000470539685593,1.0000523954400335,1.0000470539685593,0.0007299407683052372
60554.17319073415,0.9994413789256047,1.0000474829233241,1.0000528503836936,1.0000474829233241,-0.0006061039977194316
60554.17336846539,0.998860094419254,1.000047913760941,1.0000533072554418,1.000047913760941,-0.0011878193416869909
60554.1735461966,0.9997270723135503,1.0000483464813046,1.0000537660551665,1.0000483464813046,-0.00032127416775429296
60554.173723927815,1.0006140760182918,1.0000487810844674,1.0000542267829235,1.0000487810844674,0.0005652949338244007
60554.17390165904,1.0006966763775722,1.0000492175704652,1.000054689438751,1.0000492175704652,0.0006474588071070375
60554.174079390265,1.0008514689492043,1.0000496559392447,1.0000551540225917,1.0000496559392447,0.0008018130099596288
60554.174257121485,1.001115893790153,1.0000500961908239,1.000055620534465,1.0000500961908239,0.0010657975993291213
60554.1744348527,1.000728039256356,1.000050538325184,1.0000560889743515,1.000050538325184,0.0006775009311719149
60554.174612583935,1.0016664856597661,1.0000509823423984,1.0000565593423283,1.0000509823423984,0.0016155033173677058
60554.17479031515,1.0007025243804317,1.0000514282423576,1.0000570316382797,1.0000514282423576,0.0006510961380741254
60554.17496804636,1.0010580003063383,1.0000518760251162,1.0000575058622636,1.0000518760251162,0.0010061242812220428
60554.1751457776,0.9991640386669295,1.0000523256907292,1.0000579820143383,1.0000523256907292,-0.0008882870237997276
60554.17532350881,0.9999186857365036,1.0000527772390866,1.0000584600943867,1.0000527772390866,-0.0001340915025830336
60554.17550124003,1.0000258696252133,1.0000532306702619,1.0000589401024873,1.0000532306702619,-2.736104504852399e-05
60554.17567897126,0.999185976044947,1.0000536859842553,1.00005942203864,1.0000536859842553,-0.0008677099393082921
60554.17585670248,0.9999568076171234,1.0000541431810295,1.0000599059028057,1.0000541431810295,-9.733556390612019e-05
60554.176034433694,1.0006549977436783,1.0000546022605843,1.000060391694984,1.0000546022605843,0.000600395483093985
60554.17621216492,1.0005944334092245,1.0000550632229763,1.0000608794152344,1.0000550632229763,0.000539370186248167
60554.17638989614,0.9997196622378108,1.0000555260681487,1.0000613690634974,1.0000555260681487,-0.00033586383033790135
60554.17656762736,1.0011930266952056,1.0000559907961017,1.0000618606397726,1.0000559907961017,0.0011370358991038554
60554.176745358585,0.9990894848092773,1.0000564574068924,1.0000623541441207,1.0000564574068924,-0.0009669725976151344
60554.176923089806,0.9995286859192972,1.0000569259004635,1.0000628495764812,1.0000569259004635,-0.0005282399811662453
60554.17710082103,0.9992903048625499,1.000057396276834,1.000063346936874,1.000057396276834,-0.0007670914142841045
60554.17727855224,0.9993384466363004,1.0000578685359844,1.0000638462252789,1.0000578685359844,-0.0007194218996839918
60554.17745628347,0.9998407441647035,1.0000583426779732,1.0000643474417572,1.0000583426779732,-0.00021759851326974555
60554.17763401469,1.0011457930649919,1.000058818702742,1.0000648505862475,1.000058818702742,0.001086974362249915
60554.1778117459,1.0011122936412298,1.0000592966102908,1.0000653556587495,1.0000592966102908,0.0010529970309389736
60554.17798947714,0.9995886991239256,1.0000597764006978,1.0000658626593462,1.0000597764006978,-0.0004710772767722027
60554.17816720835,0.999308457513803,1.0000602580738454,1.000066371587913,1.0000602580738454,-0.000751800560042315
60554.17834493957,1.0001753024998568,1.000060741629812,1.0000668824445333,1.000060741629812,0.00011456087004479976
60554.1785226708,1.000157742715447,1.000061227068598,1.000067395229207,1.000061227068598,9.651564684909353e-05
60554.178700402015,1.0010007402722723,1.0000617143901436,1.0000679099418708,1.0000617143901436,0.0009390258821286857
60554.178878133236,1.000410187312854,1.0000622035945086,1.0000684265825883,1.0000622035945086,0.0003479837183453238
60554.179055864464,0.9993733389131352,1.0000626946816933,1.0000689451513596,1.0000626946816933,-0.0006893557685581087
60554.179233595685,1.0002878866214804,1.0000631876516575,1.0000694656481421,1.0000631876516575,0.00022469896982291182
60554.1794113269,0.9992076207802982,1.0000636825044007,1.000069988072936,1.0000636825044007,-0.0008560617241024637
60554.17958905813,0.9999063982176449,1.0000641792399838,1.0000705124258047,1.0000641792399838,-0.00015778102233887648
60554.17976678935,1.0006474730375823,1.0000646778583462,1.0000710387066847,1.0000646778583462,0.0005827951792360953
60554.17994452057,1.001469258527142,1.0000651783595083,1.0000715669155973,1.0000651783595083,0.0014040801676338255
60554.18012225178,1.000213691644035,1.000065680743449,1.0000720970525203,1.000065680743449,0.0001480109005860264
60554.18029998301,0.9991011164734985,1.0000661850102304,1.0000726291175195,1.0000661850102304,-0.000965068536731839
60554.18047771423,1.0000608873508094,1.0000666911597906,1.0000731631105293,1.0000666911597906,-5.803808981186265e-06
60554.180655445445,0.9991045421491257,1.0000671991921295,1.0000736990315495,1.0000671991921295,-0.0009626570430038006
60554.18083317668,1.0008026278114106,1.0000677091073304,1.0000742368806683,1.0000677091073304,0.0007349187040801564
60554.181010907894,1.0001632996999967,1.0000682209052683,1.0000747766577536,1.0000682209052683,9.507879472847591e-05
60554.181188639115,1.0006028341063538,1.0000687345860262,1.0000753183628932,1.0000687345860262,0.0005340995203275689
60554.18136637034,1.0005857837546404,1.0000692501496051,1.0000758619960877,1.0000692501496051,0.0005165336050352298
60554.181544101564,1.0000847318010913,1.000069767595962,1.0000764075572923,1.000069767595962,1.4964205129253116e-05
60554.18172183278,1.0007756958642147,1.0000702869250975,1.0000769550465072,1.0000702869250975,0.0007054089391171914
60554.181899564006,0.99897095318481,1.0000708081370748,1.0000775044637993,1.0000708081370748,-0.0010998549522648338
60554.18207729523,1.0004833095305539,1.0000713312318301,1.0000780558091014,1.0000713312318301,0.00041197829872374747
60554.18225502644,1.0006357822162113,1.0000718562093636,1.0000786090824132,1.0000718562093636,0.000563926006847737
60554.182432757676,1.000393033071332,1.000072383069761,1.0000791642838258,1.000072383069761,0.00032065000157088797
60554.18261048889,1.0000513528835857,1.0000729118128935,1.0000797214132024,1.0000729118128935,-2.1558929307774477e-05
60554.18278822011,1.0009063410439334,1.0000734424388467,1.0000802804706344,1.0000734424388467,0.0008328986050867293
60554.182965951324,1.0008266660136376,1.0000739749475775,1.000080841456076,1.0000739749475775,0.0007526910660600183
60554.18314368256,0.9999049460849497,1.0000745093391736,1.000081404369619,1.0000745093391736,-0.0001695632542239034
60554.18332141377,0.9991102574047748,1.0000750456135035,1.0000819692111254,1.0000750456135035,-0.0009647882087286952
60554.183499144994,1.000493894245526,1.0000755837706548,1.000082535980687,1.0000755837706548,0.00041831047487117523
60554.18367687622,0.9999763410007523,1.0000761238106275,1.0000831046783047,1.0000761238106275,-9.978280987521515e-05
60554.183854607436,1.0003700649523193,1.0000766657333553,1.0000836753039082,1.0000766657333553,0.0002933992189639856
60554.18403233866,0.9988228189318132,1.000077209538905,1.0000842478575673,1.000077209538905,-0.0012543906070917599
60554.184210069885,1.000959239352557,1.0000777552272764,1.0000848223392826,1.0000777552272764,0.0008814841252806627
60554.184387801106,1.000679901920001,1.0000783027984248,1.000085398749007,1.0000783027984248,0.0006015991215762018
60554.18456553232,0.9998749617669717,1.0000788522523503,1.0000859770867399,1.0000788522523503,-0.00020389048537861054
60554.184743263555,0.9994609486719149,1.000079403589143,1.0000865573525766,1.000079403589143,-0.0006184549172280063
60554.18492099477,1.0000815441124937,1.0000799568086671,1.0000871395463746,1.0000799568086671,1.587303826600106e-06
60554.18509872599,1.0010777338984147,1.0000805119110137,1.0000877236682286,1.0000805119110137,0.0009972219874010424
60554.18527645722,1.0006784842954584,1.0000810688961823,1.0000883097181394,1.0000810688961823,0.0005974153992760467
60554.18545418844,0.9990084471919727,1.0000816277641276,1.0000888976960585,1.0000816277641276,-0.001073180572154886
60554.18563191965,0.9990767016401526,1.0000821885148494,1.000089487601986,1.0000821885148494,-0.0010054868746968149
60554.18580965087,0.999871853360995,1.0000827511483938,1.00009007943597,1.0000827511483938,-0.0002108977873988005
60554.1859873821,0.9998505307351225,1.0000833156647606,1.0000906731980108,1.0000833156647606,-0.00023278492963807462
60554.186165113315,0.9988045863535152,1.0000838820638804,1.0000912688880352,1.0000838820638804,-0.0012792957103652247
60554.186342844536,1.000622412450155,1.0000844503458233,1.0000918665061167,1.0000844503458233,0.0005379621043317684
60554.186520575764,1.000029113323447,1.0000850205105885,1.0000924660522552,1.0000850205105885,-5.590718714154619e-05
60554.186698306985,1.000090350750659,1.0000855925581302,1.0000930675264017,1.0000855925581302,4.758192528875327e-06
60554.1868760382,0.9997001392747339,1.0000861664884477,1.0000936709285557,1.0000861664884477,-0.0003860272137138354
60554.187053769434,0.99930402848594,1.0000867423016355,1.0000942762588165,1.0000867423016355,-0.0007827138156955016
60554.18723150065,1.0003096023904707,1.0000873199975517,1.0000948835170358,1.0000873199975517,0.0002222823929189932
60554.18740923187,0.9991725995372581,1.0000878995762912,1.000095492703312,1.0000878995762912,-0.0009153000390330623
60554.1875869631,1.0000189859970618,1.0000884810378539,1.000096103817646,1.0000884810378539,-6.949504079201141e-05
60554.18776469432,1.0001045474743497,1.0000890643821925,1.000096716859987,1.0000890643821925,1.5483092157264622e-05
60554.18794242553,1.0002922943792145,1.0000896496093064,1.0000973318303357,1.0000896496093064,0.00020264476990816682
60554.18812015677,1.0009695217596848,1.0000902367192916,1.0000979487287924,1.0000902367192916,0.0008792850403931407
60554.18829788798,1.000364689782506,1.0000908257120045,1.0000985675552059,1.0000908257120045,0.0002738640705015616
60554.1884756192,0.9994383994177273,1.0000914165875407,1.000099188309677,1.0000914165875407,-0.0006530171698134746
60554.188653350415,0.9995565426978344,1.0000920093458523,1.000099810992155,1.0000920093458523,-0.000535466648017846
60554.18883108165,0.9999849555696843,1.0000926039870361,1.0001004356027423,1.0000926039870361,-0.00010764841735189101
60554.189008812864,1.001728527137274,1.0000932005109464,1.0001010621412854,1.0000932005109464,0.0016353266263275934
60554.189186544085,1.000484512460848,1.0000937989176806,1.0001016906078863,1.0000937989176806,0.0003907135431673314
60554.18936427531,1.0016164859743508,1.0000943992072386,1.0001023210025457,1.0000943992072386,0.0015220867671121852
60554.18954200653,1.0010388903069234,1.000095001379547,1.0001029533251857,1.000095001379547,0.0009438889273762907
60554.18971973775,0.9998858600813915,1.0000956054346797,1.0001035875758844,1.0000956054346797,-0.00020974535328821542
60554.189897468976,1.0006029411878488,1.0000962113726364,1.0001042237546414,1.0000962113726364,0.0005067298152123811
60554.1900752002,1.0002985616255462,1.000096819193368,1.0001048618614048,1.000096819193368,0.0002017424321782979
60554.19025293141,0.9996909590745156,1.0000974288968738,1.0001055018961744,1.0000974288968738,-0.00040646982235825746
60554.190430662646,0.9994161922783804,1.0000980404832542,1.0001061438590553,1.0000980404832542,-0.000681848204873825
60554.19060839386,1.0008614912253153,1.000098653952359,1.00010678774989,1.000098653952359,0.0007628372729562294
60554.19078612508,1.0003132037472826,1.0000992693042885,1.0001074335687832,1.0000992693042885,0.00021393444299411257
60554.19096385631,1.0000220145176553,1.0000998865390425,1.0001080813157357,1.0000998865390425,-7.787202138720417e-05
60554.19114158753,1.0011786365014497,1.000100505656571,1.000108730990694,1.000100505656571,0.001078130844878622
60554.19131931874,0.9990415975283503,1.0001011266568733,1.000109382593658,1.0001011266568733,-0.001059529128523029
60554.191497049964,0.9997410830692052,1.0001017495400004,1.0001100361246813,1.0001017495400004,-0.0003606664707952456
60554.19167478119,0.99963996063869,1.0001023743059527,1.0001106915837636,1.0001023743059527,-0.0004624136672627399
60554.19185251241,1.000738602663231,1.000103000954679,1.000111348970852,1.000103000954679,0.000635601708552036
60554.19203024363,1.0014215768937076,1.0001036294861787,1.0001120082859456,1.0001036294861787,0.0013179474075288855
60554.19220797486,1.0005179935711197,1.0001042599005554,1.000112669529153,1.0001042599005554,0.000413733670564298
60554.192385706076,1.000637767257429,1.000104892197654,1.0001133327003113,1.000104892197654,0.00053287505977484
60554.1925634373,0.9995335932284852,1.0001055263775782,1.0001139977995295,1.0001055263775782,-0.0005719331490929846
60554.192741168525,1.0006204441979412,1.0001061624403278,1.0001146648268073,1.0001061624403278,0.0005142817576133663
60554.192918899746,1.0001623033563523,1.0001068003858506,1.0001153337820905,1.0001068003858506,5.550297050160857e-05
60554.19309663096,1.0007004274471427,1.000107440214147,1.0001160046653785,1.000107440214147,0.0005929872329957231
60554.193274362195,1.0002429697059423,1.0001080819253214,1.0001166774767816,1.0001080819253214,0.0001348877806208737
60554.19345209341,1.0001099282915156,1.0001087255192165,1.0001173522161346,1.0001087255192165,1.2027722990914924e-06
60554.19362982463,0.9992724608370672,1.0001093709959374,1.0001180288835474,1.0001093709959374,-0.0008369101588702188
60554.19380755586,1.0004041199286766,1.0001100183554843,1.0001187074790208,1.0001100183554843,0.000294101573192318
60554.19398528708,0.9996268514576427,1.000110667597804,1.0001193880024988,1.000110667597804,-0.00048381614016124175
60554.19416301829,1.0007597975170472,1.0001113187228967,1.0001200704539812,1.0001113187228967,0.000648478794150531
60554.19434074952,0.9998490643499015,1.0001119717308422,1.000120754833552,1.0001119717308422,-0.0002629073809407023
60554.19451848074,0.9996029652142032,1.0001126266215603,1.0001214411411274,1.0001126266215603,-0.0005096614073570871
60554.19469621196,0.9997442979051615,1.000113283395078,1.0001221293767353,1.000113283395078,-0.00036898548991659563
60554.194873943175,0.9997838374633611,1.0001139420513683,1.0001228195403473,1.0001139420513683,-0.0003301045880071962
60554.19505167441,1.0002833003272698,1.000114602590539,1.0001235116320768,1.000114602590539,0.00016869773673078292
60554.195229405625,1.0000867680666312,1.0001152650124279,1.0001242056517536,1.0001152650124279,-2.8496945796652184e-05
60554.195407136845,1.0009392610092147,1.0001159293171435,1.0001249015994913,1.0001159293171435,0.0008233316920711609
60554.195584868074,1.0009221110902977,1.0001165955046858,1.0001255994752902,1.0001165955046858,0.0008055155856119267
60554.195762599295,1.0007059045604918,1.0001172635750002,1.000126299279093,1.0001172635750002,0.0005886409854916064
60554.19594033051,1.0006878561404648,1.0001179335280868,1.0001270010108994,1.0001179335280868,0.0005699226123780932
60554.19611806174,0.9987644832847781,1.0001186053640552,1.0001277046708246,1.0001186053640552,-0.001354122079277098
60554.19629579296,1.0000823678358937,1.0001192790827407,1.0001284102586958,1.0001192790827407,-3.691124684701563e-05
60554.19647352418,1.000987824198451,1.000119954684253,1.0001291177746285,1.000119954684253,0.0008678695141979276
60554.196651255406,0.9999744382584796,1.0001206321685925,1.0001298272186225,1.0001206321685925,-0.0001461939101128351
60554.19682898663,1.0002371970294837,1.000121311535704,1.0001305385906203,1.000121311535704,0.00011588549377972157
60554.19700671784,1.000005499652751,1.0001219927855869,1.000131251890621,1.0001219927855869,-0.00011649313283590423
60554.19718444907,1.0012210808336943,1.000122675918325,1.0001319671187128,1.000122675918325,0.0010984049153692776
60554.19736218029,1.0001271999669783,1.0001233609338347,1.0001326842748077,1.0001233609338347,3.839033143604453e-06
60554.19753991151,0.9999035681874783,1.000124047832144,1.0001334033589353,1.000124047832144,-0.00022047964466576087
60554.197717642724,1.0004215097455875,1.0001247366132244,1.0001341243710655,1.0001247366132244,0.0002967731323630929
60554.19789537396,0.9995621869793823,1.0001254272771891,1.0001348473113172,1.0001254272771891,-0.0005632402978068551
60554.19807310517,1.0007541964820832,1.0001261198238685,1.0001355721795127,1.0001261198238685,0.0006280766582147379
60554.198250836394,0.9998713559114536,1.0001268142533755,1.0001362989757698,1.0001268142533755,-0.0002554583419218659
60554.19842856762,1.0014967073894145,1.0001275105657106,1.0001370277000896,1.0001275105657106,0.0013691968237039553
60554.19860629884,1.0003420607521119,1.0001282087608165,1.000137758352412,1.0001282087608165,0.00021385199129531074
60554.19878403006,1.0002944745470597,1.0001289088386933,1.0001384909327367,1.0001289088386933,0.0001655657083663442
60554.19896176129,0.9993147035349913,1.0001296107994557,1.0001392254411843,1.0001296107994557,-0.0008149072644644262
60554.199139492506,0.9999168234050239,1.0001303146429315,1.0001399618775737,1.0001303146429315,-0.0002134912379075926
60554.19931722373,1.00006371351,1.0001310203692353,1.000140700242026,1.0001310203692353,-6.730685923539426e-05
60554.199494954955,1.0001009572354032,1.0001317279783677,1.000141440534541,1.0001317279783677,-3.0770742964536524e-05
60554.199672686176,1.0012449911533587,1.0001324374702705,1.0001421827550583,1.0001324374702705,0.0011125536830882687
60554.19985041739,1.0012923621340861,1.0001331488449436,1.0001429269035775,1.0001331488449436,0.00115921328914248
60554.20002814862,1.0019111553139335,1.0001338621024747,1.0001436729801902,1.0001338621024747,0.001777293211458808
60554.20020587984,1.0001584386638362,1.0001345772427759,1.0001444209848047,1.0001345772427759,2.386142106036715e-05
60554.20038361106,0.9993506681672923,1.0001352942658766,1.000145170917452,1.0001352942658766,-0.0007846260985842068
60554.20056134227,1.000420866466969,1.0001360131717474,1.0001459227781009,1.0001360131717474,0.00028485329522154323
60554.20073907351,1.0001983369064924,1.000136733960506,1.0001466765668745,1.000136733960506,6.160294598633875e-05
60554.20091680473,0.999035336241685,1.0001374566320052,1.000147432283619,1.0001374566320052,-0.0011021203903202048
60554.20109453594,1.000303880299229,1.0001381811862742,1.000148189928365,1.0001381811862742,0.0001656991129548313
60554.20127226718,0.9993991871530594,1.0001389076234317,1.0001489495012368,1.0001389076234317,-0.0007397204703722959
60554.20144999839,0.9987063223632243,1.0001396359432995,1.0001497110020476,1.0001396359432995,-0.0014333135800751462
60554.20162772961,0.9997926700727595,1.0001403661459964,1.0001504744309222,1.0001403661459964,-0.000347696073236925
60554.20180546084,0.999696337812594,1.000141098231523,1.0001512397878605,1.000141098231523,-0.0004447604189290466
60554.20198319206,1.0005775128822099,1.000141832199819,1.0001520070728,1.000141832199819,0.0004356806823908599
60554.202160923276,1.000939924758268,1.0001425680508844,1.0001527762857403,1.0001425680508844,0.0007973567073835675
60554.20233865451,1.000512184707638,1.0001433057848397,1.000153547426808,1.0001433057848397,0.00036887892279824364
60554.202516385725,1.0007026134303165,1.0001440454015038,1.0001543204958132,1.0001440454015038,0.0005585680288127115
60554.202694116946,1.0016913375706715,1.0001447869009976,1.0001550954928824,1.0001447869009976,0.0015465506696739073
60554.20287184817,0.999281602310091,1.0001455302832911,1.0001558724179844,1.0001455302832911,-0.0008639279732001182
60554.203049579395,1.0002017553081946,1.0001462755484143,1.0001566512711504,1.0001462755484143,5.547975978026365e-05
60554.20322731061,0.998970872699028,1.0001470226962759,1.0001574320522852,1.0001470226962759,-0.0011761499972479106
60554.20340504183,1.000961446365789,1.0001477717269678,1.0001582147614845,1.0001477717269678,0.0008136746388212046
60554.20358277306,0.9979787821700552,1.0001485226404896,1.0001589993987485,1.0001485226404896,-0.0021697404704343892
60554.20376050428,0.9998679230558615,1.0001492754367802,1.0001597859640126,1.0001492754367802,-0.0002813523809187535
60554.20393823549,1.0012161544871838,1.0001500301158395,1.000160574457277,1.0001500301158395,0.0010661243713443458
60554.20411596673,0.9995102265626925,1.000150786677791,1.000161364878671,1.000150786677791,-0.0006405601150984985
60554.20429369795,0.9998114412706067,1.0001515451224803,1.0001621572280326,1.0001515451224803,-0.0003401038518735522
60554.20447142916,0.9987010800236492,1.0001523054499377,1.0001629515053942,1.0001523054499377,-0.001451225426288505
60554.2046491604,1.0006179484088826,1.000153067660288,1.000163747710886,1.000153067660288,0.00046488074859452055
60554.20482689161,1.0006073945862266,1.0001538317533445,1.0001645458443125,1.0001538317533445,0.0004535628328821151
60554.20500462283,1.0009654684376705,1.0001545977292314,1.0001653459058042,1.0001545977292314,0.0008108707084391042
60554.20518235406,1.0005279897196928,1.0001553655879494,1.000166147895361,1.0001553655879494,0.00037262413174343756
60554.20536008528,1.0000987146098406,1.0001561353294355,1.0001669518129177,1.0001561353294355,-5.7420719594913905e-05
60554.205537816495,0.9994002928429904,1.0001569069536893,1.0001677576584735,1.0001569069536893,-0.0007566141106989388
60554.20571554773,1.0001585829003203,1.0001576804608374,1.0001685654321613,1.0001576804608374,9.024394829193483e-07
60554.205893278944,0.9994382966462795,1.0001584558506902,1.0001693751337821,1.0001584558506902,-0.0007201592044107086
60554.206071010165,1.00105245444645,1.000159233123374,1.0001701867634687,1.000159233123374,0.000893221323076121
60554.20624874138,1.0005993661795876,1.0001600122788252,1.0001710003211541,1.0001600122788252,0.0004393539007623293
60554.206426472614,1.0010116585901336,1.000160793317172,1.0001718158069723,1.000160793317172,0.0008508652729617427
60554.206604203835,0.9991976054696398,1.000161576238254,1.0001726332207563,1.000161576238254,-0.0009639707686143195
60554.20678193505,1.0002828644725203,1.0001623610421038,1.0001734525625392,1.0001623610421038,0.00012050343041658529
60554.206959666284,1.0001621847074313,1.0001631477288495,1.0001742738324553,1.0001631477288495,-9.630214181655106e-07
60554.2071373975,1.0002122556126327,1.0001639362982977,1.000175097030303,1.0001639362982977,4.8319314335021346e-05
60554.20731512872,0.9998824794346337,1.000164726750578,1.0001759221562168,1.000164726750578,-0.000282247315944284
60554.20749285995,0.9994443143001875,1.00016551908569,1.000176749210197,1.00016551908569,-0.0007212047855024162
60554.20767059117,1.00078143263878,1.0001663133035692,1.0001775781921758,1.0001663133035692,0.0006151193352108564
60554.20784832238,1.0000865460445343,1.000167109404215,1.000178409102153,1.000167109404215,-8.056335968076311e-05
60554.20802605362,1.0006641123218238,1.0001679073877585,1.000179241940265,1.0001679073877585,0.0004962049340653252
60554.20820378483,1.0002308416619352,1.0001687072540033,1.0001800767063072,1.0001687072540033,6.213440793190195e-05
60554.20838151605,0.9998752899695224,1.0001695090030802,1.0001809134004158,1.0001695090030802,-0.00029421903355786316
60554.20855924729,1.0013630831504925,1.0001703126350225,1.0001817520226257,1.0001703126350225,0.0011927705154699542
60554.2087369785,1.000229284950539,1.0001711181496655,1.000182592572765,1.0001711181496655,5.8166800873449276e-05
60554.20891470972,0.9998584230345935,1.000171925547141,1.0001834350509713,1.000171925547141,-0.000313502512547581
60554.209092440935,0.9995173627517253,1.0001727348273828,1.0001842794571751,1.0001727348273828,-0.0006553720756574677
60554.20927017217,1.000179008977265,1.0001735459905234,1.0001851257915155,1.0001735459905234,5.462986741644471e-06
60554.209447903384,0.9991029248159262,1.000174359036364,1.0001859740537844,1.000174359036364,-0.0010714342204378724
60554.209625634605,1.0003528520021738,1.0001751739650373,1.0001868242441205,1.0001751739650373,0.00017767803713653052
60554.20980336583,1.0013324749406876,1.0001759907765435,1.000187676362524,1.0001759907765435,0.0011564841641440449
60554.209981097054,1.001325328907716,1.0001768094708157,1.000188530408925,1.0001768094708157,0.0011485194369003082
60554.210158828275,0.9997220698826058,1.0001776300478875,1.0001893863833586,1.0001776300478875,-0.00045556016528169874
60554.2103365595,1.000097275486178,1.0001784525077924,1.0001902442858597,1.0001784525077924,-8.117702161425377e-05
60554.210514290724,1.000259700246652,1.0001792768504632,1.0001911041163583,1.0001792768504632,8.042339618885563e-05
60554.21069202194,1.0000907593760562,1.0001801030758994,1.000191965874854,1.0001801030758994,-8.93436998432584e-05
60554.21086975317,1.000453784949425,1.000180931184237,1.0001928295614881,1.000180931184237,0.0002728537651881524
60554.21104748439,0.9989075573516947,1.000181761175272,1.0001936951760486,1.000181761175272,-0.0012742038235772357
60554.21122521561,1.0005814693051307,1.0001825930491406,1.0001945627186772,1.0001825930491406,0.00039887625599011045
60554.211402946836,1.0005178326387056,1.0001834268058427,1.0001954321893736,1.0001834268058427,0.00033440583286292735
60554.21158067806,0.9999194906209165,1.0001842624453101,1.000196303588067,1.0001842624453101,-0.0002647718243936614
60554.21175840928,0.9999329335208254,1.0001850999675772,1.000197176914793,1.0001850999675772,-0.00025216644675185584
60554.21193614049,1.0009152196089486,1.0001859393726094,1.0001980521695153,1.0001859393726094,0.0007292802363392248
60554.21211387173,0.999606666021803,1.0001867806605442,1.000198929352378,1.0001867806605442,-0.0005801146387411915
60554.21229160294,1.000458229402985,1.0001876238311749,1.0001998084631654,1.0001876238311749,0.0002706055718100231
60554.21246933416,0.9991012819263357,1.0001884688846399,1.0002006895020212,1.0001884688846399,-0.0010871869583041205
60554.21264706539,1.0011733133537328,1.000189315820939,1.0002015724689455,1.000189315820939,0.0009839975327938788
60554.21282479661,1.000744064965169,1.0001901646400027,1.0002024573638664,1.0001901646400027,0.0005539003251664454
60554.21300252783,0.9994410967222529,1.000191015341866,1.0002033441868197,1.000191015341866,-0.0007499186196131546
60554.21318025906,0.9988560597060543,1.0001918679265638,1.0002042329378416,1.0001918679265638,-0.0013358082205094934
60554.21335799028,0.9987664161044558,1.0001927223940261,1.0002051236168599,1.0001927223940261,-0.0014263062895703005
60554.213535721494,1.0000378645451358,1.0001935787442526,1.000206016223874,1.0001935787442526,-0.00015571419911686313
60554.21371345273,1.0005376985807306,1.000194436977384,1.0002069107590306,1.000194436977384,0.000343261603346523
60554.21389118394,1.000498765864305,1.0001952970932098,1.0002078072221094,1.0001952970932098,0.00030346877109521664
60554.214068915164,0.9993095536886554,1.00019615909187,1.0002087056132576,1.00019615909187,-0.0008866054032146131
60554.2142466464,1.0011469428552722,1.0001970229734003,1.000209605932512,1.0001970229734003,0.0009499198818718746
60554.21442437761,0.9992509813502345,1.0001978887376242,1.0002105081796882,1.0001978887376242,-0.0009469073873896727
60554.214602108834,1.0000250036952907,1.0001987563846826,1.0002114123549337,1.0001987563846826,-0.00017375268939190391
60554.21477984005,1.0009125586863101,1.0001996259145052,1.0002123184581748,1.0001996259145052,0.0007129327718049527
60554.21495757128,1.0013435038153833,1.000200497327234,1.0002132264895596,1.000200497327234,0.0011430064881492452
60554.2151353025,1.0004113166504278,1.0002013706226551,1.0002141364488655,1.0002013706226551,0.00020994602777268945
60554.21531303372,0.9990485128917992,1.0002022458009117,1.0002150483362409,1.0002022458009117,-0.0011537329091124704
60554.21549076495,1.0004805419256027,1.0002031228620396,1.0002159621517237,1.0002031228620396,0.0002774190635630447
60554.21566849617,0.9993689345137338,1.000204001805859,1.0002168778951268,1.000204001805859,-0.0008350672921253466
60554.21584622739,1.0006752202034652,1.0002048826325138,1.0002177955665998,1.0002048826325138,0.0004703375709513846
60554.216023958616,0.9996095231765773,1.0002057653420044,1.0002187151661428,1.0002057653420044,-0.0005962421654271965
60554.21620168984,0.9998251126241474,1.0002066499342583,1.0002196366936809,1.0002066499342583,-0.0003815373101109243
60554.21637942105,1.0000298663665923,1.0002075364092753,1.0002205601492133,1.0002075364092753,-0.00017767004268298692
60554.216557152286,0.9992982054141052,1.000208424767201,1.0002214855328921,1.000208424767201,-0.0009102193530957647
60554.21673488351,0.9997738613065583,1.0002093150078533,1.0002224128445276,1.0002093150078533,-0.0004354537012949411
60554.21691261472,1.0002613307440071,1.0002102071312684,1.0002233420841573,1.0002102071312684,5.112361273873489e-05
