pl_name,spec_type,spec_id_a,spec_id_b,authors_a,authors_b,instrument_a,instrument_b,same_instrument,epoch_class,tested,n,n_interp,offset,offset_err,chi2,dof,p_value,chi2_red,slope,slope_err,p_slope,chi2_red_slope,shared_suspect,significant
VHS J125601.92-125723.9 b,Direct Imaging,823,824,Miles et al. 2023,Miles et al. 2023,Near Infrared Spectrograph (NIRSpec) - G140H,Near Infrared Spectrograph (NIRSpec) - G235H,False,unknown,True,581.0,581.0,-9.672743378810739e-18,2.868168048241842e-19,18795.50098317337,580.0,0.0,32.40603617788512,1.561590440367852e-16,4.4706566958429504e-18,0.0,30.354769639307836,False,
HR 8799 e,Direct Imaging,1562,1596,Ruffio et al. 2026,Xuan et al. 2026,Near Infrared Spectrograph (NIRSpec) - G395H,Near Infrared Spectrograph (NIRSpec) - G395H,True,unknown,True,2022.0,2022.0,1.486305819592022e-19,1.026512171968315e-19,9315.065278947506,2021.0,0.0,4.609136704080903,3.3563443599970862e-19,3.716177653029758e-19,0.0,4.61101463409029,False,
VHS J125601.92-125723.9 b,Direct Imaging,824,825,Miles et al. 2023,Miles et al. 2023,Near Infrared Spectrograph (NIRSpec) - G235H,Near Infrared Spectrograph (NIRSpec) - G395H,False,unknown,True,451.0,451.0,7.831526862218131e-18,1.2198071861318197e-19,30482.272858536773,450.0,0.0,67.73838413008171,6.742305147431488e-17,1.4187952512762555e-18,0.0,62.859677297600115,False,
HR 8799 e,Direct Imaging,1563,1597,Ruffio et al. 2026,Xuan et al. 2026,Near Infrared Spectrograph (NIRSpec) - G395H,Near Infrared Spectrograph (NIRSpec) - G395H,True,unknown,True,1928.0,1928.0,-5.133994610898448e-20,6.793070600669584e-20,5270.331926934791,1927.0,7.608283346186431e-308,2.734993215845766,-3.4695120016586635e-19,2.357527686843746e-19,9.145130446330527e-308,2.7352887345905517,False,
VHS J125601.92-125723.9 b,Direct Imaging,822,825,Miles et al. 2023,Miles et al. 2023,Mid-Infrared Instrument (MIRI) - MRS,Near Infrared Spectrograph (NIRSpec) - G395H,False,unknown,True,369.0,369.0,5.895494280672989e-18,4.936115053872098e-19,1245.402183647569,368.0,9.661956207374695e-96,3.3842450642596984,2.132264153000702e-17,4.649595445178469e-18,8.688341689137334e-93,3.3361623514280025,False,
TOI-5205 b,Transmission,1600,1601,Ca&ntilde;as et al. 2026,Ca&ntilde;as et al. 2026,Near Infrared Spectrograph (NIRSpec) - PRISM,Near Infrared Spectrograph (NIRSpec) - PRISM,True,unknown,True,469.0,1.0,-0.0220954037761801,0.0017116811694097547,1080.2827675266556,468.0,2.2474254304827347e-50,2.3082965118090932,0.011846486147045176,0.0017342894581140402,7.198459234316681e-45,2.2133270087713384,False,True
HR 8799 d,Direct Imaging,1561,1595,Ruffio et al. 2026,Xuan et al. 2026,Near Infrared Spectrograph (NIRSpec) - G395H,Near Infrared Spectrograph (NIRSpec) - G395H,True,unknown,True,1942.0,1942.0,-1.4650230490410914e-20,4.814600396083005e-20,3007.5238518498963,1941.0,2.2160387863603403e-49,1.54947133016481,4.9532268317878587e-20,1.602162415903683e-19,1.8085069029264456e-49,1.5502207591020625,False,
WASP-39 b,Transmission,77,837,Feinstein et al. 2023,Carter et al. 2024,Near Infrared Imager and Slitless Spectrograph (NIRISS),Near Infrared Spectrograph (NIRSpec),False,unknown,True,49.0,0.0,0.0025189565606603377,0.000835309278836319,356.25304576548524,48.0,1.1337852939003844e-48,7.421938453447609,0.005558093917021735,0.0016032916417029121,7.717697886095612e-47,7.324153145111147,False,True
TOI-5205 b,Transmission,1601,1602,Ca&ntilde;as et al. 2026,Ca&ntilde;as et al. 2026,Near Infrared Spectrograph (NIRSpec) - PRISM,Near Infrared Spectrograph (NIRSpec) - PRISM,True,unknown,True,469.0,1.0,0.004791241135468755,0.002047799780718937,924.288554086311,468.0,3.1842442469741624e-32,1.974975542919468,-0.011486399403464036,0.002107691160170542,3.30824616499709e-29,1.915607558627972,False,True
TOI-5205 b,Transmission,1601,1604,Ca&ntilde;as et al. 2026,Ca&ntilde;as et al. 2026,Near Infrared Spectrograph (NIRSpec) - PRISM,Near Infrared Spectrograph (NIRSpec) - PRISM,True,unknown,True,469.0,1.0,0.03570139481410163,0.002117597716305773,839.6864795344993,468.0,1.6078866252602207e-23,1.7942018793472208,-0.012223440339606467,0.0021485055817520504,1.4401680656638987e-20,1.728733667901724,False,True
WASP-12 b,Transmission,53,250,Stevenson et al. 2014,Kreidberg et al. 2015,Wide Field Camera 3,Wide Field Camera 3,True,unknown,True,12.0,1.0,0.0439283916577943,0.002849899056601101,106.31508389635391,11.0,9.949075902623264e-18,9.665007626941264,0.1062103857598118,0.012803169369979533,4.640410214920901e-05,3.7497568131777657,False,True
TOI-5205 b,Transmission,1601,1605,Ca&ntilde;as et al. 2026,Ca&ntilde;as et al. 2026,Near Infrared Spectrograph (NIRSpec) - PRISM,Near Infrared Spectrograph (NIRSpec) - PRISM,True,unknown,True,469.0,1.0,0.025672431725745536,0.0024065654501766905,761.2046095075749,468.0,2.382474642490337e-16,1.6265055758708866,-0.0011878092587120175,0.002408861594628348,1.9499544045724308e-16,1.6294677988409343,False,True
WASP-39 b,Transmission,828,837,Carter et al. 2024,Carter et al. 2024,Near Infrared Imager and Slitless Spectrograph (NIRISS),Near Infrared Spectrograph (NIRSpec),False,unknown,True,38.0,0.0,0.005369442174277803,0.0010085263792122326,153.33626018861813,37.0,4.1588650222057982e-16,4.144223248341031,0.01242472969391195,0.002204391114455017,3.2665397878770524e-11,3.3768824602087215,False,True
TOI-260 b,Transmission,1760,1762,Meech et al. 2026,Meech et al. 2026,Near Infrared Spectrograph (NIRSpec) - G395H,Near Infrared Spectrograph (NIRSpec) - G395H,True,unknown,True,106.0,106.0,-0.0018306595453794442,0.00040080501234102735,266.2078872485979,105.0,5.638709552672701e-16,2.5353132118914083,0.00825965658057399,0.0007178917545219627,0.025969144086578546,1.2868544571835396,False,True
TOI-5205 b,Transmission,1601,1606,Ca&ntilde;as et al. 2026,Ca&ntilde;as et al. 2026,Near Infrared Spectrograph (NIRSpec) - PRISM,Near Infrared Spectrograph (NIRSpec) - PRISM,True,unknown,True,469.0,1.0,0.028193000352953773,0.002455246526405455,749.3277126037176,468.0,2.3735462622069216e-15,1.6011275910335847,-0.010842803125638244,0.0025308301562368216,5.890164141031422e-14,1.565251811973204,False,True
TOI-5205 b,Transmission,1599,1605,Ca&ntilde;as et al. 2026,Ca&ntilde;as et al. 2026,Near Infrared Spectrograph (NIRSpec) - PRISM,Near Infrared Spectrograph (NIRSpec) - PRISM,True,unknown,True,469.0,1.0,0.006163041332360547,0.002141212442048591,737.9506609306986,468.0,2.0346388933155133e-14,1.576817651561322,-7.875459624811338e-05,0.002139582690214809,1.612365805844429e-14,1.5801912335611357,False,True
WASP-18 b,Eclipse,61,258,Coulombe et al. 2023,Sheppard et al. 2017,Near Infrared Imager and Slitless Spectrograph (NIRISS),Wide Field Camera 3,False,unknown,True,29.0,0.0,-0.007907187011313172,0.0007885494396635493,123.68062718893515,28.0,5.439886649195053e-14,4.417165256747684,-0.04684830547562925,0.005329704842383636,0.011472388747989263,1.7191062141488633,False,True
HR 8799 c,Direct Imaging,1558,1592,Ruffio et al. 2026,Xuan et al. 2026,Near Infrared Spectrograph (NIRSpec) - G395H,Near Infrared Spectrograph (NIRSpec) - G395H,True,unknown,True,2015.0,2015.0,-1.3616018642194175e-19,5.377689091117233e-20,2516.2818214032454,2014.0,1.0040938646478476e-13,1.2493951446888012,-1.380359568995922e-19,1.723243383083201e-19,9.567962904808006e-14,1.2496970599660915,False,
WASP-80 b,Transmission,112,1062,Kirk et al. 2018,Sedaghati et al. 2017,ACAM,FORS2,False,unknown,True,11.0,0.0,0.11607657698262815,0.009745489796540965,79.51122255196778,10.0,6.259134688515489e-13,7.951122255196777,-2.5860552676421125,0.3208019790614092,0.10474523029064964,1.6142175310944011,False,True
TOI-260 b,Transmission,1760,1763,Meech et al. 2026,Meech et al. 2026,Near Infrared Spectrograph (NIRSpec) - G395H,Near Infrared Spectrograph (NIRSpec) - G395H,True,unknown,True,104.0,104.0,-0.0028026102263153593,0.0004197167417357077,239.47325833011993,103.0,7.034918082455799e-13,2.3249830905836886,0.008067434875972264,0.0007648284161926777,0.040594467181340785,1.2569830576445578,False,True
TOI-5205 b,Transmission,1603,1605,Ca&ntilde;as et al. 2026,Ca&ntilde;as et al. 2026,Near Infrared Spectrograph (NIRSpec) - PRISM,Near Infrared Spectrograph (NIRSpec) - PRISM,True,unknown,True,469.0,1.0,-0.009869434541608556,0.002471226051612088,710.8512399091783,468.0,2.7245462433808167e-12,1.5189129057888424,0.0011905197204301167,0.002448216587432389,2.2916011660173395e-12,1.5216590391650826,False,True
GJ 1132 b,Transmission,404,524,Swain et al. 2021,Mugnai et al. 2021,Wide Field Camera 3,Wide Field Camera 3,True,unknown,True,24.0,0.0,-0.010591658829843786,0.00092052022036158,102.88226310401936,23.0,4.458864921925197e-12,4.473141874087799,0.03910289714391075,0.006395477822148707,3.3118310659598214e-06,2.9772481296061746,False,True
TOI-5205 b,Transmission,1599,1604,Ca&ntilde;as et al. 2026,Ca&ntilde;as et al. 2026,Near Infrared Spectrograph (NIRSpec) - PRISM,Near Infrared Spectrograph (NIRSpec) - PRISM,True,unknown,True,469.0,1.0,0.015655819259763094,0.0018133165012885451,700.3804816604895,468.0,1.657119925155447e-11,1.4965394907275418,-0.01052456422177424,0.001842407367606909,2.750520832291259e-09,1.429869358412897,False,True
WASP-18 b,Eclipse,258,260,Sheppard et al. 2017,Coulombe et al. 2023,Wide Field Camera 3,Near Infrared Imager and Slitless Spectrograph (NIRISS),False,unknown,True,29.0,0.0,0.006625644009778006,0.0008164141598892069,108.36088821301898,28.0,2.1450175445173072e-11,3.870031721893535,0.04668670062357225,0.005552838357631057,0.08320552353150822,1.3952281985492636,False,True
WASP-33 b,Eclipse,293,650,Haynes et al. 2015,Changeat et al. 2022,Wide Field Camera 3,Wide Field Camera 3,True,unknown,True,11.0,0.0,0.0005359906486984024,0.001034480321729569,69.48797932950322,10.0,5.566609083685725e-11,6.948797932950322,-0.04486914852548527,0.007828483212398348,3.0539500076933205e-05,4.0708442919273296,False,True
WASP-121 b,Eclipse,611,1771,Changeat et al. 2022,Pelletier et al. 2026,Wide Field Camera 3,Near Infrared Imager and Slitless Spectrograph (NIRISS),False,unknown,True,38.0,0.0,0.001820708673969288,0.0007518731039996696,121.11389503581788,37.0,7.19302062748172e-11,3.2733485144815644,0.022956631779591723,0.00371655186079889,1.4316518503791126e-05,2.3044516159038912,False,True
HD 189733 b,Transmission,261,262,Sing et al. 2016,Barnes et al. 2016,Space Telescope Imaging Spectrograph,HARPS Echelle Spectrograph,False,unknown,True,11.0,10.0,-0.8693616550788138,0.03855184496296344,67.53393254056552,10.0,1.3239883896944874e-10,6.753393254056552,-3.2824674270450895,0.41156995120477613,0.9162362061514726,0.4361855777353074,False,True
WASP-18 b,Eclipse,258,259,Sheppard et al. 2017,Coulombe et al. 2023,Wide Field Camera 3,Near Infrared Imager and Slitless Spectrograph (NIRISS),False,unknown,True,29.0,0.0,0.00657836282623182,0.0008145851583955803,102.68130038497263,28.0,1.8534144309961474e-10,3.6671892994633084,0.04596723427717228,0.005494158801636835,0.20777057998017295,1.2104406655176134,False,True
WASP-107 b,Transmission,765,901,Sing et al. 2024,Murphy et al. 2024,Near Infrared Spectrograph (NIRSpec),Near Infrared Camera (NIRCam),False,unknown,True,24.0,1.0,-0.016339412710899934,0.0011735284786978143,91.75384901550912,23.0,3.602476715192192e-10,3.989297783283005,-0.02499444492824694,0.0038301459135627216,0.0007586336345837685,2.2349490064980033,False,True
TOI-5205 b,Transmission,1603,1606,Ca&ntilde;as et al. 2026,Ca&ntilde;as et al. 2026,Near Infrared Spectrograph (NIRSpec) - PRISM,Near Infrared Spectrograph (NIRSpec) - PRISM,True,unknown,True,469.0,1.0,-0.007637719827364722,0.0025197222935425256,681.5639482034292,468.0,3.7396823216015697e-10,1.4563332226569,-0.008553367619150666,0.002570303249611023,1.794845085577442e-09,1.4357385910644225,False,True
TOI-776 b,Transmission,950,953,Alderson et al. 2025,Alderson et al. 2025,Near Infrared Spectrograph (NIRSpec),Near Infrared Spectrograph (NIRSpec),True,unknown,True,105.0,105.0,-0.0028802368508182965,0.000460189569233249,217.26190209324744,104.0,5.422851140201557e-10,2.08905675089661,0.006657478303567007,0.0008370898619057829,0.0008475731617062662,1.4952402224753072,False,True
WASP-39 b,Transmission,77,871,Feinstein et al. 2023,Rustamkulov et al. 2023,Near Infrared Imager and Slitless Spectrograph (NIRISS),Near Infrared Spectrograph (NIRSpec) - PRISM,False,unknown,True,73.0,73.0,-0.01223488450363643,0.0014234798177034434,170.24021555556257,72.0,6.224022544549202e-10,2.3644474382717022,0.0022925380508572253,0.0025471930563727603,5.06151242741483e-10,2.386340424177286,False,True
TOI-5205 b,Transmission,1603,1604,Ca&ntilde;as et al. 2026,Ca&ntilde;as et al. 2026,Near Infrared Spectrograph (NIRSpec) - PRISM,Near Infrared Spectrograph (NIRSpec) - PRISM,True,unknown,True,469.0,1.0,0.0001375414471100629,0.0021903219631896004,677.739426871367,468.0,6.901567775481963e-10,1.4481611685285618,-0.009916563353866278,0.0021926154835889794,1.3552695065862714e-08,1.407461506819425,False,True
HR 8799 e,Direct Imaging,818,1562,Doelman et al. 2022,Ruffio et al. 2026,LMIRCam/ALES,Near Infrared Spectrograph (NIRSpec) - G395H,False,unknown,True,46.0,46.0,-6.296605742575863e-17,1.418990097486122e-18,127.42873018169571,45.0,8.262588992642802e-10,2.8317495595932383,9.752128293565355e-18,8.158554943704209e-18,7.736457519164555e-10,2.863634710672247,False,
HR 8799 e,Direct Imaging,818,1596,Doelman et al. 2022,Xuan et al. 2026,LMIRCam/ALES,Near Infrared Spectrograph (NIRSpec) - G395H,False,unknown,True,39.0,39.0,-6.32286566556565e-17,1.5289576092133562e-18,112.3042639064987,38.0,2.8744947614675166e-09,2.955375365960492,-1.1133312407459338e-18,1.078078763878142e-17,1.6245778879692289e-09,3.0349621412698564,False,
TOI-776 b,Transmission,950,951,Alderson et al. 2025,Alderson et al. 2025,Near Infrared Spectrograph (NIRSpec),Near Infrared Spectrograph (NIRSpec),True,unknown,True,106.0,106.0,-0.0028705493776200737,0.00045507673659007616,210.8442308618162,105.0,4.296952549640129e-09,2.008040293922059,0.006010765564182641,0.0008213692387592517,0.0005800061462356882,1.5124169777296632,False,True
HD 209458 b,Eclipse,268,599,Knutson et al. 2008,Changeat et al. 2022,Infrared Array Camera (IRAC),Infrared Array Camera (IRAC),True,unknown,True,4.0,4.0,-0.018229034606782,0.00870375563428184,41.37285573091552,3.0,5.450506691305928e-09,13.790951910305173,-0.01706783760029839,0.0065799239881842095,2.999601933991942e-08,17.32220115275753,False,True
HD 209458 b,Eclipse,46,268,Diamond-Lowe et al. 2014,Knutson et al. 2008,Infrared Array Camera (IRAC),Infrared Array Camera (IRAC),True,unknown,True,4.0,4.0,0.018229034606782,0.00870375563428184,41.37285573091552,3.0,5.450506691305928e-09,13.790951910305173,0.01706783760029839,0.0065799239881842095,2.999601933991942e-08,17.32220115275753,False,True
TYC 8998-760-1 b,Direct Imaging,1565,1567,Hoch et al. 2025,Hoch et al. 2025,Mid-Infrared Instrument (MIRI),Near Infrared Spectrograph (NIRSpec) - PRISM,False,unknown,True,4.0,4.0,-2.2795623204642798e-18,2.5532156038680367e-19,39.06580199253575,3.0,1.6808379561594295e-08,13.021933997511915,2.5106742485209007e-17,5.406567012382412e-18,0.00015835097793674788,8.75069660920616,False,
WASP-18 b,Eclipse,258,481,Sheppard et al. 2017,Coulombe et al. 2023,Wide Field Camera 3,Near Infrared Imager and Slitless Spectrograph (NIRISS),False,unknown,True,29.0,0.0,0.008242725117748704,0.0008758108576364954,90.42968766293279,28.0,1.6984109913545293e-08,3.2296317022475995,0.044467985358560565,0.005860193287947944,0.20207287278383862,1.2166582114209437,False,True
TOI-5205 b,Transmission,1599,1606,Ca&ntilde;as et al. 2026,Ca&ntilde;as et al. 2026,Near Infrared Spectrograph (NIRSpec) - PRISM,Near Infrared Spectrograph (NIRSpec) - PRISM,True,unknown,True,469.0,1.0,0.008222207365027701,0.00219793164578258,655.5269346927785,468.0,2.0989161707952495e-08,1.4006985784033728,-0.009614654834009582,0.002274748073140614,2.311858539039767e-07,1.3654433120032579,False,True
GJ 1132 b,Transmission,404,522,Swain et al. 2021,Libby-Roberts et al. 2022,Wide Field Camera 3,WFC3,False,unknown,True,22.0,1.0,-0.00990624120343513,0.0009997925011496853,74.43801439288217,21.0,6.714486146994064e-08,3.544667352042008,0.044359835538060575,0.007283928205436961,0.010624499022457877,1.8674361256245906,False,True
HD 97658 b,Transmission,664,1620,Edwards et al. 2023,Guo et al. 2020,Wide Field Camera 3,Wide Field Camera 3,True,unknown,True,24.0,0.0,-0.009110086199006627,0.000385604481907229,75.8924720896535,23.0,1.4490851825683155e-07,3.2996726995501517,-0.017750190716475864,0.0029416962544437336,0.012415153520368484,1.7946970218192126,False,True
WASP-39 b,Transmission,828,871,Carter et al. 2024,Rustamkulov et al. 2023,Near Infrared Imager and Slitless Spectrograph (NIRISS),Near Infrared Spectrograph (NIRSpec) - PRISM,False,unknown,True,51.0,51.0,-0.008436123835021632,0.001473669403506674,118.80065256402825,50.0,1.578329059789159e-07,2.376013051280565,0.014063395729625443,0.002891177268197062,8.67702154003329e-05,1.9416279437787662,False,True
WASP-12 b,Transmission,507,1680,Changeat et al. 2022,Swain et al. 2013,Wide Field Camera 3,Wide Field Camera 3,True,unknown,True,24.0,0.0,0.04518288684479949,0.0021028397786017794,74.52973879067567,23.0,2.3832201809317034e-07,3.2404234256815507,-0.04514656759663882,0.015069640800640804,3.2479786672072976e-06,2.979752196744006,False,True
HD 189733 b,Eclipse,899,900,Inglis et al. 2024,Inglis et al. 2024,Mid-Infrared Instrument (MIRI) - LRS,Mid-Infrared Instrument (MIRI) - LRS,True,independent,True,33.0,33.0,-0.0019775969664541405,0.0007187373458055232,88.38171562502976,32.0,3.5059840536819677e-07,2.76192861328218,4.221243965375423e-05,0.00047490806992000817,2.0325212095854506e-07,2.8507682255973092,False,True
WASP-107 b,Transmission,765,771,Sing et al. 2024,Welbanks et al. 2024,Near Infrared Spectrograph (NIRSpec),Near Infrared Camera (NIRCam),False,unknown,True,81.0,7.0,-0.0084135097295738,0.001257997559927461,158.25838335768879,80.0,4.420936535950965e-07,1.9782297919711098,-0.027138527546139248,0.003962887634061095,0.009638795446874347,1.4096323202475531,False,True
WASP-76 b,Eclipse,516,726,Mansfield et al. 2021,Fu et al. 2021,Wide Field Camera 3,Wide Field Camera 3,True,unknown,True,12.0,0.0,-0.010841487563504126,0.0014367805245987545,50.015784723359985,11.0,6.218635604511528e-07,4.546889520305453,-0.0424018222431745,0.011228910119093053,9.267804390539864e-05,3.5756628375567123,False,True
WASP-33 b,Eclipse,293,1678,Haynes et al. 2015,Haynes et al. 2015,Wide Field Camera 3,Wide Field Camera 3,True,same_obs,True,11.0,11.0,0.004361137795180193,0.002501183432727675,46.90101355043862,10.0,9.842323038011678e-07,4.690101355043862,-0.03285752212215679,0.0179568060361257,1.7060482119906539e-06,4.839201468980283,True,
WASP-39 b,Transmission,170,837,Wakeford et al. 2018,Carter et al. 2024,Wide Field Camera 3,Near Infrared Spectrograph (NIRSpec),False,unknown,True,16.0,1.0,-0.004884102071129485,0.0019873991439935466,55.81425100283761,15.0,1.30245650054652e-06,3.7209500668558406,-0.018563041083444295,0.009829395903478555,2.5530425091331835e-06,3.731980825509948,False,True
TOI-5205 b,Transmission,1600,1603,Ca&ntilde;as et al. 2026,Ca&ntilde;as et al. 2026,Near Infrared Spectrograph (NIRSpec) - PRISM,Near Infrared Spectrograph (NIRSpec) - PRISM,True,unknown,True,469.0,5.0,0.013948918936506566,0.0017899348734161265,624.8211111662223,468.0,1.5382730707590051e-06,1.3350878443722698,0.009849517935965769,0.0017807201178806733,5.7407883402268086e-05,1.2724345718567538,False,True
HD 189733 b,Transmission,795,897,Fu et al. 2024,Zhang et al. 2025,Near Infrared Camera (NIRCam),Near Infrared Camera (NIRCam),True,unknown,True,52.0,0.0,0.013572987206403812,0.00043671294787389734,112.29715041073938,51.0,1.6739286907574642e-06,2.2019049100144974,0.003446131386019268,0.0006687428604979294,0.0012395027513036469,1.714844182718759,False,True
WASP-107 b,Transmission,765,767,Sing et al. 2024,Welbanks et al. 2024,Near Infrared Spectrograph (NIRSpec),Near Infrared Camera (NIRCam),False,unknown,True,81.0,7.0,-0.009447976404881696,0.0012588133914950119,150.92549823810955,80.0,2.840667419227114e-06,1.8865687279763694,-0.02704348685770249,0.003968603213425791,0.029034110356655565,1.3226583573568451,False,True
WASP-19 b,Transmission,285,1672,Sedaghati et al. 2015,Sedaghati et al. 2017,FORS2,FORS2,True,unknown,True,27.0,0.0,-0.04862356514576016,0.006807844280633055,71.85106937717926,26.0,3.5538217191245243e-06,2.7635026683530484,-0.2147278943233985,0.08798336390644805,1.5374232382057145e-05,2.6357911909708167,False,True
TOI-776 b,Transmission,952,953,Alderson et al. 2025,Alderson et al. 2025,Near Infrared Spectrograph (NIRSpec),Near Infrared Spectrograph (NIRSpec),True,unknown,True,105.0,0.0,-0.0026660032196372586,0.00046263609221899616,180.82421586926412,104.0,4.563701075338067e-06,1.7386943833583088,0.005542721816038065,0.0008419157628317403,0.013131450345229565,1.3347788574314858,False,True
TOI-260 b,Transmission,1761,1762,Meech et al. 2026,Meech et al. 2026,Near Infrared Spectrograph (NIRSpec) - G395H,Near Infrared Spectrograph (NIRSpec) - G395H,True,unknown,True,104.0,104.0,-0.0014620684256258147,0.0004211403634496186,178.47001411102917,103.0,5.772898367578477e-06,1.732718583602225,0.0060643042150418805,0.0007755357906856033,0.14238582445495548,1.150248936452688,False,True
WASP-121 b,Eclipse,123,1771,Mikal-Evans et al. 2020,Pelletier et al. 2026,Wide Field Camera 3,Near Infrared Imager and Slitless Spectrograph (NIRISS),False,unknown,True,28.0,0.0,0.003174761643417083,0.0011515033510134628,71.7166369045908,27.0,6.361024640280277e-06,2.6561717372070666,0.060024827408449624,0.008025055906260245,0.9415548663066892,0.6065794774876084,False,True
WASP-80 b,Transmission,890,1062,Wong et al. 2022,Sedaghati et al. 2017,Space Telescope Imaging Spectrograph,FORS2,False,unknown,True,5.0,0.0,0.018964068023853975,0.010018668893007562,28.895973221338075,4.0,8.207124558895577e-06,7.223993305334519,-0.9967428354959434,0.19492749924380928,0.4319502841777467,0.9163614119586372,False,True
WASP-18 b,Eclipse,61,614,Coulombe et al. 2023,Changeat et al. 2022,Near Infrared Imager and Slitless Spectrograph (NIRISS),Wide Field Camera 3,False,unknown,True,25.0,0.0,-0.004093095411946852,0.0007687003839302794,66.0893494050176,24.0,8.413607451588439e-06,2.7537228918757335,-0.034962158180626195,0.005378317069297323,0.4131673227349974,1.0361679442645033,False,True
WASP-19 b,Transmission,285,1673,Sedaghati et al. 2015,Sedaghati et al. 2017,FORS2,FORS2,True,unknown,True,8.0,0.0,-0.11061413562956787,0.011208455337014164,35.416645031642474,7.0,9.337800599436512e-06,5.059520718806068,-2.390260839664028,0.4762626631368581,0.11535641218355486,1.7047370930191146,False,True
TOI-5205 b,Transmission,1602,1605,Ca&ntilde;as et al. 2026,Ca&ntilde;as et al. 2026,Near Infrared Spectrograph (NIRSpec) - PRISM,Near Infrared Spectrograph (NIRSpec) - PRISM,True,unknown,True,469.0,0.0,0.021452431303863713,0.0024320435207709082,610.3546055960901,468.0,9.694381412725107e-06,1.304176507683953,0.009930724682528041,0.0024791691055440603,5.6871118377684016e-05,1.2726107951386934,False,True
WASP-12 b,Transmission,250,1680,Kreidberg et al. 2015,Swain et al. 2013,Wide Field Camera 3,Wide Field Camera 3,True,unknown,True,8.0,0.0,-0.0045956279437203915,0.0023319501416076416,34.97637422358474,7.0,1.129935749963867e-05,4.9966248890835345,-0.05021927089775967,0.016148204557453024,0.0002997949499560578,4.217484657350768,False,True
TOI-776 b,Transmission,951,952,Alderson et al. 2025,Alderson et al. 2025,Near Infrared Spectrograph (NIRSpec),Near Infrared Spectrograph (NIRSpec),True,unknown,True,105.0,105.0,0.002677338640063935,0.0004581891583160179,176.4488329453719,104.0,1.2013073964800967e-05,1.6966233937054989,-0.004992797448081735,0.000832939636991596,0.008290414237795855,1.3642576068356558,False,True
WASP-121 b,Eclipse,518,1771,Mansfield et al. 2021,Pelletier et al. 2026,Wide Field Camera 3,Near Infrared Imager and Slitless Spectrograph (NIRISS),False,unknown,True,14.0,0.0,0.003267988483899615,0.0009637703627206485,46.391853778947976,13.0,1.223368185373615e-05,3.568604136842152,0.041540887244044915,0.006600112233528983,0.8719390572666735,0.5648196463981504,False,True
HIP 41378 f,Transmission,665,1016,Edwards et al. 2023,Alam et al. 2022,Wide Field Camera 3,Wide Field Camera 3,True,unknown,True,25.0,0.0,0.0002810794591094428,0.0015886030153003043,64.62802772589941,24.0,1.3799414541266503e-05,2.6928344885791424,-0.0625292958939336,0.011272012457740106,0.06727768120815703,1.4719752265997488,False,True
HAT-P-1 b,Transmission,20,22,Wilson et al. 2015,Sing et al. 2016,OSIRIS,Space Telescope Imaging Spectrograph,False,unknown,True,6.0,6.0,-0.10452419858321858,0.019084864163718795,29.962921395557792,5.0,1.499850327469601e-05,5.992584279111559,-0.20804312268522898,0.3020315608117125,6.219908005733079e-06,7.372114674495822,False,True
TRAPPIST-1 c,Transmission,988,1008,Radica et al. 2025,Rathcke et al. 2025,Near Infrared Imager and Slitless Spectrograph (NIRISS),Near Infrared Spectrograph (NIRSpec) - PRISM,False,unknown,True,25.0,0.0,0.006345023358159154,0.0027873538702757306,63.711359273922994,24.0,1.877282132063606e-05,2.6546399697467913,-0.030317888818952157,0.006577557978651385,0.008007893474623662,1.8463383347664828,False,True
WASP-121 b,Transmission,639,1700,Wilson et al. 2021,Evans et al. 2018,GMOS,Wide Field Camera 3,False,unknown,True,29.0,1.0,-0.022699996337933518,0.004932442798284598,69.90369578438958,28.0,1.9195644645318417e-05,2.4965605637281993,0.20348998562632767,0.04805786241208904,0.0026706190765041506,1.9249870270421876,False,True
WASP-76 b,Eclipse,405,516,Edwards et al. 2020,Mansfield et al. 2021,Wide Field Camera 3,Wide Field Camera 3,True,unknown,True,13.0,0.0,-0.009212320749134036,0.0014079819632961668,42.82197149161231,12.0,2.420179899609081e-05,3.568497624301026,0.030781177596484063,0.010327784951114236,0.0003700857826334823,3.085367689339098,False,True
WASP-76 b,Eclipse,516,653,Mansfield et al. 2021,Changeat et al. 2022,Wide Field Camera 3,Wide Field Camera 3,True,unknown,True,13.0,0.0,0.009212320749134036,0.0014079819632961668,42.82197149161231,12.0,2.420179899609081e-05,3.568497624301026,-0.030781177596484063,0.010327784951114236,0.0003700857826334823,3.085367689339098,False,True
WASP-107 b,Transmission,550,765,Dyrek et al. 2024,Sing et al. 2024,Mid-Infrared Instrument (MIRI) - LRS,Near Infrared Spectrograph (NIRSpec),False,unknown,True,4.0,0.0,0.038084933612373716,0.0039044730510630074,23.898962487509007,3.0,2.6223115423867143e-05,7.9663208291696685,-0.048090310524098755,0.023779181850766953,4.994987874481531e-05,9.904490480403883,False,True
GJ 1214 b,Transmission,373,375,Wilson et al. 2014,Rackham et al. 2017,OSIRIS,IMACS spectrograph,False,unknown,True,4.0,2.0,-0.011309579973753313,0.016357320893095054,23.858506929319837,3.0,2.6737987490213896e-05,7.952835643106613,-0.6685754699300672,0.7654293077061157,9.657428115754404e-06,11.547783185793303,False,True
GJ 1132 b,Transmission,557,1086,May et al. 2023,Bennett et al. 2025,Near Infrared Spectrograph (NIRSpec),Near Infrared Spectrograph (NIRSpec) - G395M,False,unknown,True,54.0,0.0,-0.0019909359878816165,0.0009901795234041118,104.99636617997717,53.0,2.77664849598028e-05,1.981063512829758,0.005441340956374227,0.0017400990210403539,0.00024030007884746774,1.8311163988700077,False,True
GJ 1214 b,Transmission,203,443,Narita et al. 2013,Croll et al. 2011,SIRIUS,WIRCam,False,unknown,True,3.0,3.0,0.010075195952075882,0.023173597974913182,20.982097780805724,2.0,2.7784037567317475e-05,10.491048890402862,,,,,False,True
GJ 1132 b,Transmission,555,1086,May et al. 2023,Bennett et al. 2025,Near Infrared Spectrograph (NIRSpec),Near Infrared Spectrograph (NIRSpec) - G395M,False,unknown,True,54.0,0.0,0.0001647846412519363,0.000994236122629195,104.35086652034404,53.0,3.293418020229563e-05,1.9688842739687555,0.004562673644571987,0.0017383295665315932,0.00013708748422365971,1.8742610528858898,False,True
WASP-121 b,Eclipse,348,1771,Evans et al. 2017,Pelletier et al. 2026,Wide Field Camera 3,Near Infrared Imager and Slitless Spectrograph (NIRISS),False,unknown,True,28.0,0.0,0.0019385298254448644,0.0017099262785720086,66.66637803949402,27.0,3.308863549327023e-05,2.4691251125738525,0.0682102098754257,0.011765362771209351,0.16051230749451464,1.2713407729373978,False,True
LHS 475 b,Transmission,536,553,Lustig-Yaeger et al. 2023,Lustig-Yaeger et al. 2023,Near Infrared Spectrograph (NIRSpec) - G395H,Near Infrared Spectrograph (NIRSpec) - G395H,True,unknown,True,54.0,0.0,0.00552634162598298,0.0006103445067132714,104.05030409191428,53.0,3.564760256470322e-05,1.9632132847530996,0.00822023438204033,0.0010519560159007646,0.808996036321545,0.8266921712602173,False,True
GJ 1132 b,Transmission,555,1090,May et al. 2023,Bennett et al. 2025,Near Infrared Spectrograph (NIRSpec),Near Infrared Spectrograph (NIRSpec) - G395M,False,unknown,True,60.0,0.0,-0.0011682826290297503,0.0010103558883283786,111.67694852522679,59.0,4.1646784150831915e-05,1.892829636020793,0.0034121211376144035,0.0016797683379641873,8.346415918548771e-05,1.8543232789940247,False,True
TOI-260 b,Transmission,1761,1763,Meech et al. 2026,Meech et al. 2026,Near Infrared Spectrograph (NIRSpec) - G395H,Near Infrared Spectrograph (NIRSpec) - G395H,True,unknown,True,106.0,106.0,-0.0025187322322149657,0.0004333189755404301,171.44391424500083,105.0,4.5736753855984395e-05,1.632799183285722,0.005945672096495482,0.0007903882253791,0.21949353010919403,1.1043880005665596,False,True
HD 189733 b,Transmission,262,477,Barnes et al. 2016,Di Gloria et al. 2015,HARPS Echelle Spectrograph,HARPS Echelle Spectrograph,True,unknown,True,6.0,5.0,0.8852291887296151,0.05476002463293789,27.31384632867869,5.0,4.9549992504675616e-05,5.462769265735738,3.043359699072944,0.6098267950132819,0.661101868255928,0.6021109550054866,False,True
WASP-18 b,Eclipse,260,614,Coulombe et al. 2023,Changeat et al. 2022,Near Infrared Imager and Slitless Spectrograph (NIRISS),Wide Field Camera 3,False,unknown,True,25.0,0.0,-0.0028937175047903394,0.0007948836661713376,60.59523085550695,24.0,5.261445734123595e-05,2.524801285646123,-0.03371421418488206,0.005626632266294528,0.36633925453519234,1.0735814394718919,False,True
TYC 8998-760-1 c,Direct Imaging,1566,1568,Hoch et al. 2025,Hoch et al. 2025,Mid-Infrared Instrument (MIRI),Near Infrared Spectrograph (NIRSpec) - PRISM,False,unknown,True,4.0,4.0,-9.725980848836237e-20,6.656675889845543e-20,21.77498711974177,3.0,7.265471655656178e-05,7.2583290399139235,4.2134114545033594e-18,1.079319947469846e-18,0.03809002276770666,3.2678029007573146,False,
WASP-18 b,Eclipse,259,614,Coulombe et al. 2023,Changeat et al. 2022,Near Infrared Imager and Slitless Spectrograph (NIRISS),Wide Field Camera 3,False,unknown,True,25.0,0.0,-0.0027675818427760064,0.0007939476406166028,59.421938609052816,24.0,7.704641073619284e-05,2.475914108710534,-0.03306104023732304,0.005572545306224233,0.3915307074222365,1.0531871478937644,False,True
TOI-776 c,Transmission,955,957,Teske et al. 2025,Teske et al. 2025,Near Infrared Spectrograph (NIRSpec),Near Infrared Spectrograph (NIRSpec),True,unknown,True,104.0,0.0,0.0012707565600528832,0.00044716936456087186,166.05427007566334,103.0,8.23599979677235e-05,1.6121773793753722,-0.004600844689801554,0.0008182864741771054,0.017308106113567926,1.3180526025228656,False,True
LHS 1140 b,Transmission,763,801,Cadieux et al. 2024,Damiano et al. 2024,Near Infrared Imager and Slitless Spectrograph (NIRISS),Near Infrared Spectrograph (NIRSpec),False,unknown,True,29.0,0.0,-0.008819210675486086,0.0008965137797382162,64.93327613795178,28.0,9.198831564386634e-05,2.3190455763554207,-0.0022746193022137808,0.0034124750912872637,6.606986366273744e-05,2.3884805163452523,False,True
TOI-776 c,Transmission,957,958,Teske et al. 2025,Teske et al. 2025,Near Infrared Spectrograph (NIRSpec),Near Infrared Spectrograph (NIRSpec),True,unknown,True,106.0,0.0,-0.0029505456820231864,0.00041840511692756973,167.8751233702715,105.0,9.488012492306304e-05,1.5988106987644903,0.004082443166484909,0.0007544366848111904,0.013215657679242467,1.3326301003426384,False,True
GJ 1132 b,Transmission,1084,1086,Bennett et al. 2025,Bennett et al. 2025,Near Infrared Spectrograph (NIRSpec) - G395H,Near Infrared Spectrograph (NIRSpec) - G395M,False,unknown,True,54.0,0.0,-0.00047572017642893993,0.0009828523978607747,100.25098390582701,53.0,9.533423428598308e-05,1.8915279982231512,0.003650562521083302,0.0017309550760392844,0.0002078237400431218,1.8423683820746226,False,True
V1298 Tau c,Transmission,677,870,Edwards et al. 2023,Barat et al. 2024,Wide Field Camera 3,Wide Field Camera 3,True,unknown,True,16.0,10.0,0.009921992024658658,0.0017782680155298191,43.90615869425154,15.0,0.00011374584974201165,2.927077246283436,0.015165657922842092,0.011922760223264677,0.00011126111681177201,3.02058532537379,False,True
WASP-127 b,Transmission,224,980,Chen et al. 2018,Boehm et al. 2025,ALFOSC,Wide Field Camera 3,False,unknown,True,19.0,0.0,-0.10311913457169784,0.01165502347761335,48.64820545312571,18.0,0.00012052884401998707,2.702678080729206,0.2884174323010823,0.10615447783851045,0.0008550866429652659,2.427431514518962,False,True
GJ 1132 b,Transmission,557,1090,May et al. 2023,Bennett et al. 2025,Near Infrared Spectrograph (NIRSpec),Near Infrared Spectrograph (NIRSpec) - G395M,False,unknown,True,59.0,0.0,-0.0036799967152334584,0.0010091829826363663,105.60122800447331,58.0,0.00013491496791494543,1.820710827663333,0.004621517100704346,0.0016915885385164094,0.0005807960298199203,1.721703333191665,False,True
GJ 1132 b,Transmission,1084,1090,Bennett et al. 2025,Bennett et al. 2025,Near Infrared Spectrograph (NIRSpec) - G395H,Near Infrared Spectrograph (NIRSpec) - G395M,False,unknown,True,54.0,0.0,-0.0022195907638817296,0.0010337431645566107,97.64482377704667,53.0,0.00018366909058286756,1.8423551656046542,0.003817454520928932,0.0018027766792121354,0.00039766908472051973,1.7915546455259905,False,True
WASP-18 b,Eclipse,481,614,Coulombe et al. 2023,Changeat et al. 2022,Near Infrared Imager and Slitless Spectrograph (NIRISS),Wide Field Camera 3,False,unknown,True,25.0,0.0,-0.004405235640952864,0.0008639429596181871,56.2950335097255,24.0,0.00020889731470393738,2.3456263962385626,-0.030996120235801672,0.005992118877882555,0.16315875318709072,1.2842183584794333,False,True
WASP-107 b,Transmission,765,773,Sing et al. 2024,Welbanks et al. 2024,Near Infrared Spectrograph (NIRSpec),Near Infrared Camera (NIRCam),False,unknown,True,81.0,7.0,-0.014863608849975582,0.0014492154920604098,131.92797216241232,80.0,0.00023143593520833332,1.649099652030154,-0.027959070696367813,0.004513098131581067,0.12600904135902247,1.18416168069518,False,True
HAT-P-12 b,Transmission,16,382,Sing et al. 2016,Yan et al. 2020,Space Telescope Imaging Spectrograph,MODS1,False,unknown,True,15.0,0.0,-0.06551632508057745,0.010850786457423515,39.026853552988264,14.0,0.00036126304135995286,2.7876323966420187,0.3715114759952306,0.08376832811753017,0.11242264855298802,1.489056977635932,False,True
GJ 1132 b,Transmission,559,1086,May et al. 2023,Bennett et al. 2025,Near Infrared Spectrograph (NIRSpec),Near Infrared Spectrograph (NIRSpec) - G395M,False,unknown,True,54.0,0.0,-0.00019198485976331504,0.0010159710404924846,94.67234360539877,53.0,0.0003803377874191336,1.7862706340641277,0.0020370538263950913,0.0017895762387646517,0.00037739109059995075,1.7957046766105706,False,True
WASP-52 b,Transmission,108,1702,Louden et al. 2017,Alam et al. 2018,ACAM,Space Telescope Imaging Spectrograph,False,unknown,True,19.0,1.0,0.06684429358378503,0.009473792888017144,44.85809665192588,18.0,0.0004344239549933138,2.4921164806625486,-0.3769879189556353,0.07808843259154738,0.20259369659332951,1.2677271045214005,False,True
LTT 9779 b,Transmission,487,646,Edwards et al. 2023,Radica et al. 2024,Wide Field Camera 3,Near Infrared Imager and Slitless Spectrograph (NIRISS),False,unknown,True,38.0,0.0,-0.012265084314826986,0.0012313759939639318,71.15284103969637,37.0,0.0006221478325021899,1.9230497578296315,-0.026856116194369187,0.005713372601527329,0.07202327255756098,1.3627074717701817,False,True
WASP-39 b,Transmission,77,170,Feinstein et al. 2023,Wakeford et al. 2018,Near Infrared Imager and Slitless Spectrograph (NIRISS),Wide Field Camera 3,False,unknown,True,36.0,0.0,-0.004217538226410058,0.0016480273076785877,67.54625203889513,35.0,0.000781316097583538,1.929892915397004,0.034725020311157304,0.008553182564670346,0.030276806121212065,1.5018678618339645,False,True
HR 8799 c,Direct Imaging,805,806,Wang et al. 2022,Wang et al. 2022,CHARIS integral field spectrograph,CHARIS integral field spectrograph,True,unknown,True,22.0,22.0,1.4362001706878726e-17,1.228907113117228e-18,47.49117672551579,21.0,0.0008061876151856675,2.2614846059769427,-1.0372502120023523e-18,5.511444290088817e-18,0.0005069046902105345,2.3727878865803187,False,
WASP-17 b,Transmission,537,911,Saba et al. 2022,Louie et al. 2025,Wide Field Camera 3,Near Infrared Imager and Slitless Spectrograph (NIRISS),False,unknown,True,37.0,0.0,0.04262770410485371,0.001760287742771028,68.76096280201095,36.0,0.0008151539064477941,1.9100267445003043,0.034341973237899455,0.00821263145994764,0.0372938003920498,1.4650042886392083,False,True
HD 97658 b,Transmission,478,664,Knutson et al. 2014,Edwards et al. 2023,Wide Field Camera 3,Wide Field Camera 3,True,unknown,True,23.0,0.0,-0.0015778058869702588,0.00047006190480788923,48.88165416649928,22.0,0.0008287388972544472,2.2218933712045126,0.017286815319251966,0.003433488322178837,0.31624296957123044,1.120608127217979,False,False
WASP-39 b,Transmission,170,828,Wakeford et al. 2018,Carter et al. 2024,Wide Field Camera 3,Near Infrared Imager and Slitless Spectrograph (NIRISS),False,unknown,True,34.0,0.0,-0.0041449200595858335,0.0018398054528984923,64.32621033901209,33.0,0.0008839850054157972,1.9492791011821846,-0.029428743618616738,0.009582006840915374,0.007124005288912735,1.7154259531800222,False,True
GJ 1132 b,Transmission,555,1082,May et al. 2023,Bennett et al. 2025,Near Infrared Spectrograph (NIRSpec),Near Infrared Spectrograph (NIRSpec) - G395M,False,unknown,True,60.0,0.0,-0.0022623176334824143,0.0010203000313651841,98.53580335190846,59.0,0.0009540842345001345,1.6700983618967535,0.0036216706637022225,0.0017042031467703136,0.0019382572746539542,1.6210272821327991,False,True
HD 97658 b,Transmission,1627,1629,Guo et al. 2020,Guo et al. 2020,Space Telescope Imaging Spectrograph,Space Telescope Imaging Spectrograph,True,unknown,True,10.0,10.0,0.009628188340164764,0.0025813737325127827,27.977170281966302,9.0,0.0009622813978710656,3.1085744757740335,0.13652933574053447,0.026775993240281872,0.9816811930380474,0.24724037191007808,False,False
GJ 1132 b,Transmission,557,1082,May et al. 2023,Bennett et al. 2025,Near Infrared Spectrograph (NIRSpec),Near Infrared Spectrograph (NIRSpec) - G395M,False,unknown,True,59.0,0.0,-0.004735088275178756,0.001018941843863425,96.74236751346002,58.0,0.0010682940398959674,1.6679718536803452,0.004800386297207929,0.0017172131068651122,0.00434125990374825,1.5601371458204913,False,False
TRAPPIST-1 e,Transmission,1031,1033,Espinoza et al. 2025,Espinoza et al. 2025,Near Infrared Spectrograph (NIRSpec) - PRISM,Near Infrared Spectrograph (NIRSpec) - PRISM,True,unknown,True,67.0,0.0,-0.027143115186552734,0.001806794058028911,106.81244431077788,66.0,0.0010993608264049212,1.6183703683451194,0.011667089279346237,0.0016660723976729185,0.7256911386433205,0.8888296931124124,False,False
TOI-5205 b,Transmission,1602,1603,Ca&ntilde;as et al. 2026,Ca&ntilde;as et al. 2026,Near Infrared Spectrograph (NIRSpec) - PRISM,Near Infrared Spectrograph (NIRSpec) - PRISM,True,unknown,True,469.0,0.0,0.031445479184827076,0.0021241787979925553,567.2573954662155,468.0,0.001102377600815229,1.2120884518508879,0.008378843156591433,0.0021523056006441613,0.00398944534430989,1.182231788177331,False,False
GJ 1132 b,Transmission,559,1090,May et al. 2023,Bennett et al. 2025,Near Infrared Spectrograph (NIRSpec),Near Infrared Spectrograph (NIRSpec) - G395M,False,unknown,True,60.0,0.0,-0.0016929676305395057,0.0010321463478812046,97.86077665263733,59.0,0.0011079991237644999,1.6586572314006327,0.0014591887031669424,0.0017298978282717548,0.000975633147102644,1.6749873277688299,False,False
TOI-5205 b,Transmission,1604,1605,Ca&ntilde;as et al. 2026,Ca&ntilde;as et al. 2026,Near Infrared Spectrograph (NIRSpec) - PRISM,Near Infrared Spectrograph (NIRSpec) - PRISM,True,unknown,True,469.0,0.0,-0.00961553824909739,0.002490405060187676,567.1052345604813,468.0,0.0011186105398433362,1.2117633217104302,0.010829624977471659,0.0025152987560206406,0.005397900332022243,1.1746635613315382,False,False
HAT-P-26 b,Transmission,24,569,Wakeford et al. 2017,A-thano et al. 2023,Space Telescope Imaging Spectrograph,ULTRASPEC,False,unknown,True,3.0,0.0,0.006212739511218547,0.004992299805834447,13.465419756701008,2.0,0.0011913003011707495,6.732709878350504,,,,,False,False
L 98-59 c,Transmission,940,941,Scarsdale et al. 2024,Scarsdale et al. 2024,Near Infrared Spectrograph (NIRSpec),Near Infrared Spectrograph (NIRSpec),True,unknown,True,104.0,0.0,0.002935256796398778,0.000514847779334873,151.78573853636632,103.0,0.0012659882295203413,1.4736479469550128,-0.004633928760974067,0.0009423234499021872,0.043898325273116004,1.2510135007585956,False,False
WASP-17 b,Transmission,537,913,Saba et al. 2022,Louie et al. 2025,Wide Field Camera 3,Near Infrared Imager and Slitless Spectrograph (NIRISS),False,unknown,True,37.0,0.0,0.042470925695437194,0.0017656355372055875,66.52131516693863,36.0,0.0014627844462228256,1.8478143101927398,0.0355307208592276,0.008218293210744613,0.07273155912607235,1.3665653870121868,False,False
HAT-P-26 b,Transmission,24,565,Wakeford et al. 2017,A-thano et al. 2023,Space Telescope Imaging Spectrograph,ULTRASPEC,False,unknown,True,3.0,0.0,0.005156930028745048,0.004908362153791785,13.01217035775314,2.0,0.0014943182759093552,6.50608517887657,,,,,False,False
GJ 1132 b,Transmission,1082,1084,Bennett et al. 2025,Bennett et al. 2025,Near Infrared Spectrograph (NIRSpec) - G395M,Near Infrared Spectrograph (NIRSpec) - G395H,False,unknown,True,54.0,0.0,0.003238913601223224,0.0010421161644539002,88.65512470933739,53.0,0.0015477400967806954,1.6727382020629695,-0.003952084126484213,0.001829798131753284,0.003270296640943805,1.6151958723125224,False,False
WASP-107 b,Transmission,550,768,Dyrek et al. 2024,Welbanks et al. 2024,Mid-Infrared Instrument (MIRI) - LRS,Near Infrared Camera (NIRCam),False,unknown,True,3.0,0.0,0.02168275670783422,0.004639708222852896,12.883465513820958,2.0,0.0015936428910836946,6.441732756910479,,,,,False,False
TRAPPIST-1 c,Transmission,989,1008,Radica et al. 2025,Rathcke et al. 2025,Near Infrared Imager and Slitless Spectrograph (NIRISS),Near Infrared Spectrograph (NIRSpec) - PRISM,False,unknown,True,25.0,0.0,0.009590677359407728,0.002820124526380533,49.54090348493182,24.0,0.001619133500074603,2.064204311872159,-0.02013698564459165,0.006691623105357142,0.01355217427442757,1.7602226572853776,False,False
WASP-127 b,Transmission,224,406,Chen et al. 2018,Chen et al. 2018,ALFOSC,OSIRIS,False,unknown,True,21.0,0.0,-0.054801901054585864,0.011759185140810965,43.136837068651325,20.0,0.0019608747981978945,2.1568418534325664,-0.2533095144712481,0.10709341066951647,0.0067830711373339245,1.97590147553593,False,False
WASP-107 b,Transmission,550,772,Dyrek et al. 2024,Welbanks et al. 2024,Mid-Infrared Instrument (MIRI) - LRS,Near Infrared Camera (NIRCam),False,unknown,True,3.0,0.0,0.020251149601439183,0.004873359735071554,12.347765584336805,2.0,0.002083131909182695,6.173882792168403,,,,,False,False
K2-18 b,Transmission,118,544,Benneke et al. 2019,Madhusudhan et al. 2023,Wide Field Camera 3,Near Infrared Imager and Slitless Spectrograph (NIRISS),False,unknown,True,17.0,0.0,0.0007030038980414501,0.0009348819299420228,36.94347544586492,16.0,0.0021358289601558036,2.3089672153665575,-0.015819309713261724,0.006595187289376284,0.008284242681604794,2.079341699305633,False,False
WASP-52 b,Transmission,108,923,Louden et al. 2017,Fournier-Tondreau et al. 2025,ACAM,Near Infrared Imager and Slitless Spectrograph (NIRISS),False,unknown,True,11.0,0.0,0.021889788795667376,0.008459996555566266,27.320793757986948,10.0,0.0023165835826703396,2.732079375798695,-0.4196456902174413,0.12300238312818841,0.07384528536343235,1.7423535904510519,False,False
HD 15337 c,Transmission,1766,1769,Wallack et al. 2026,Wallack et al. 2026,Near Infrared Spectrograph (NIRSpec) - G395H,Near Infrared Spectrograph (NIRSpec) - G395H,True,unknown,True,104.0,104.0,-0.0034415365556996393,0.0006202532243190701,147.9792846649426,103.0,0.00245965263816731,1.4366920841256565,-0.004342554256071808,0.0011327856443502924,0.020423279363992384,1.3067002327765112,False,False
WASP-107 b,Transmission,771,774,Welbanks et al. 2024,Welbanks et al. 2024,Near Infrared Camera (NIRCam),Near Infrared Camera (NIRCam),True,unknown,True,4.0,0.0,-0.009528842955881882,0.007379605269759053,14.33082749935279,3.0,0.002487737391260144,4.776942499784263,-1.338329688795066,0.4461981895021326,0.06944678631719899,2.667194484182896,False,False
GJ 1132 b,Transmission,1086,1088,Bennett et al. 2025,Bennett et al. 2025,Near Infrared Spectrograph (NIRSpec) - G395M,Near Infrared Spectrograph (NIRSpec) - G395H,False,unknown,True,56.0,1.0,-0.0019709159185999758,0.0010063339656024126,89.0157475282426,55.0,0.002510182883431296,1.618468136877138,-0.003740324449715846,0.0017641310322200048,0.004980787346984791,1.5651938191265031,False,False
HR 8799 d,Direct Imaging,813,1560,Doelman et al. 2022,Ruffio et al. 2026,LMIRCam/ALES,Near Infrared Spectrograph (NIRSpec) - G395H,False,unknown,True,46.0,46.0,-8.876612225263695e-17,1.656497937773959e-18,76.1664992536607,45.0,0.0025329092109996907,1.6925888723035711,4.5272005531533094e-17,1.0031632416824343e-17,0.1093524153510885,1.2681819652748227,False,
WASP-39 b,Transmission,171,173,JWST Transiting Exoplanet Community ERS Team 2022,Alderson et al. 2023,Near Infrared Spectrograph (NIRSpec),Near Infrared Spectrograph (NIRSpec) - G395H,False,unknown,True,88.0,4.0,0.011641886423929071,0.0018846315453798384,127.20862370438313,87.0,0.0032263451407286846,1.462168088556128,-0.010861109108644441,0.0033496648609862706,0.015457936123117917,1.3569205161783928,False,False
TRAPPIST-1 e,Transmission,1032,1696,Espinoza et al. 2025,Zhang et al. 2018,Near Infrared Spectrograph (NIRSpec) - PRISM,Wide Field Camera 3,False,unknown,True,12.0,0.0,-0.029230487515470235,0.00561002861378063,27.846495773502447,11.0,0.0034172460621554276,2.5314996157729497,0.16303036515328712,0.03853550904524517,0.44506094301403476,0.9948071361335824,False,False
GJ 1132 b,Transmission,1088,1090,Bennett et al. 2025,Bennett et al. 2025,Near Infrared Spectrograph (NIRSpec) - G395H,Near Infrared Spectrograph (NIRSpec) - G395M,False,unknown,True,62.0,1.0,0.000475016185479538,0.0010208041525897318,94.83598564428956,61.0,0.003591301932501755,1.5546882892506486,0.00315524025710562,0.0017038288969997727,0.005571674254229669,1.5234437829048624,False,False
WASP-19 b,Transmission,277,582,Mandell et al. 2013,Changeat et al. 2022,Wide Field Camera 3,Wide Field Camera 3,True,unknown,True,18.0,18.0,0.07606261808050208,0.006191874613656952,36.586884847115506,17.0,0.003826538675447132,2.1521696968891475,-0.12220717596520905,0.0435549432614547,0.02593543834628742,1.794642433550954,False,False
WASP-39 b,Transmission,173,833,Alderson et al. 2023,Carter et al. 2024,Near Infrared Spectrograph (NIRSpec) - G395H,Near Infrared Camera (NIRCam),False,unknown,True,36.0,2.0,-0.031871069726516967,0.0018391559371057679,61.33757350819097,35.0,0.003857129342093718,1.7525021002340277,0.014457258067485,0.005580231442987491,0.013906343408107879,1.6066274713637507,False,False
WASP-21 b,Transmission,68,288,Chen et al. 2020,Alderson et al. 2020,OSIRIS,ACAM,False,unknown,True,22.0,4.0,0.006886460660476661,0.00551883522646524,42.27917775833996,21.0,0.003880490130167477,2.0132941789685694,0.08362802880888541,0.055293096418432955,0.005007533447839719,1.9995836784641265,False,False
HR 8799 c,Direct Imaging,808,1593,Doelman et al. 2022,Xuan et al. 2026,LMIRCam/ALES,Near Infrared Spectrograph (NIRSpec) - G395H,False,unknown,True,5.0,5.0,-6.148789046165453e-17,8.612829653785225e-18,15.287417522137268,4.0,0.004140755517673917,3.821854380534317,-1.8617550144463496e-15,6.8827456470306645e-16,0.04662302709019202,2.656870038669045,False,
WASP-39 b,Transmission,577,837,Panek et al. 2023,Carter et al. 2024,Wide Field Camera 3,Near Infrared Spectrograph (NIRSpec),False,unknown,True,10.0,0.0,0.013245511386507137,0.0029173187007253644,23.984420002670163,9.0,0.004326010581867957,2.6649355558522405,-0.030916198541118434,0.018956937726663087,0.006333119758732399,2.665587585009609,False,False
WASP-107 b,Transmission,767,774,Welbanks et al. 2024,Welbanks et al. 2024,Near Infrared Camera (NIRCam),Near Infrared Camera (NIRCam),True,unknown,True,4.0,0.0,-0.0073342331399307995,0.007388754120478359,13.109315240456871,3.0,0.004406070847113757,4.369771746818957,-1.234387975300427,0.4503729611839045,0.06089341568441037,2.7986302269518846,False,False
HR 8799 c,Direct Imaging,806,933,Wang et al. 2022,Greenbaum et al. 2018,CHARIS integral field spectrograph,Gemini Planet Imager (GPI),False,unknown,True,14.0,14.0,-1.2088349317733095e-17,2.6891384779935983e-18,29.883096708373753,13.0,0.004895793175422014,2.298699746797981,1.3032009346058026e-17,1.3032274909006467e-17,0.004100450383938905,2.4069281218846457,False,
WASP-127 b,Transmission,224,1651,Chen et al. 2018,Spake et al. 2021,ALFOSC,Space Telescope Imaging Spectrograph,False,unknown,True,19.0,5.0,-0.05112055973984531,0.012534476580869437,37.21654846311886,18.0,0.004910421487692179,2.0675860257288257,-0.33285005586330413,0.12399747830554732,0.026266396755256508,1.7653485312179902,False,False
HR 8799 d,Direct Imaging,1560,1594,Ruffio et al. 2026,Xuan et al. 2026,Near Infrared Spectrograph (NIRSpec) - G395H,Near Infrared Spectrograph (NIRSpec) - G395H,True,unknown,True,2011.0,2011.0,-1.2889990741732082e-19,5.050826783672037e-20,2175.296242559787,2010.0,0.005397331759263983,1.082236936596909,-9.714251920605261e-20,1.7706010500090201e-19,0.005228490052142282,1.082625801433095,False,
WASP-107 b,Transmission,550,774,Dyrek et al. 2024,Welbanks et al. 2024,Mid-Infrared Instrument (MIRI) - LRS,Near Infrared Camera (NIRCam),False,unknown,True,3.0,0.0,0.02503033329777498,0.005146237321276428,10.319124974871162,2.0,0.005744212301018112,5.159562487435581,,,,,False,False
WASP-39 b,Transmission,171,836,JWST Transiting Exoplanet Community ERS Team 2022,Carter et al. 2024,Near Infrared Spectrograph (NIRSpec),Near Infrared Spectrograph (NIRSpec),True,unknown,True,29.0,0.0,-0.0023882406072005427,0.0024454072031450517,50.12630008649569,28.0,0.006260765599353849,1.7902250030891318,-0.003824842786119528,0.0065927564853096145,0.0048120152831048505,1.844063569058169,False,False
HAT-P-1 b,Transmission,209,392,Montalto et al. 2015,Nikolov et al. 2014,DOLORES,Space Telescope Imaging Spectrograph,False,unknown,True,5.0,0.0,0.04879067387468859,0.005360566814804362,14.140374669461718,4.0,0.0068602551847220025,3.5350936673654294,-0.06198849334737702,0.06070108035685981,0.0044304169076474255,4.365835573562586,False,False
GJ 1132 b,Transmission,1080,1086,Bennett et al. 2025,Bennett et al. 2025,Near Infrared Spectrograph (NIRSpec) - G395H,Near Infrared Spectrograph (NIRSpec) - G395M,False,unknown,True,56.0,1.0,-0.0006955199171501901,0.0010142961690615129,84.03138021162249,55.0,0.0070894862067106,1.5278432765749543,0.002269962376200553,0.001784611324255694,0.007657110925719029,1.526175673028456,False,False
WASP-96 b,Transmission,340,1614,Nikolov et al. 2018,Wang et al. 2026,FORS2,Near Infrared Imager and Slitless Spectrograph (NIRISS),False,unknown,True,22.0,0.0,0.0934533546898879,0.0054525453130591355,40.012337483272866,21.0,0.00741112937673034,1.9053494039653747,0.23613338584132285,0.10651813674100805,0.019588660267052943,1.754898478471872,False,False
WASP-96 b,Transmission,984,1614,Nikolov et al. 2022,Wang et al. 2026,FORS2 Spectrograph,Near Infrared Imager and Slitless Spectrograph (NIRISS),False,unknown,True,22.0,0.0,-0.006516420036648189,0.005597939654911797,39.87492593173325,21.0,0.007701528582948072,1.8988059967492024,0.24433909970376003,0.10910940154044013,0.02086252242739831,1.7430016927060887,False,False
TRAPPIST-1 e,Transmission,1696,1698,Zhang et al. 2018,Zhang et al. 2018,Wide Field Camera 3,Wide Field Camera 3,True,unknown,True,11.0,11.0,0.03245981442680915,0.006126860839245086,23.829093373525772,10.0,0.008067182549383281,2.382909337352577,-0.15725624460917867,0.04131723527137159,0.40623944379657434,1.0381036474063927,False,False
HAT-P-18 b,Transmission,19,796,Fu et al. 2022,Fournier-Tondreau et al. 2024,Near Infrared Imager and Slitless Spectrograph (NIRISS),Near Infrared Imager and Slitless Spectrograph (NIRISS),True,unknown,True,138.0,1.0,0.010033365007720766,0.000867842470177897,179.70683414518032,137.0,0.008391021566531232,1.3117287163881775,0.0012820765962765115,0.0021333637887258217,0.007526809636124689,1.3187182016478733,False,False
HAT-P-12 b,Transmission,17,382,Yan et al. 2020,Yan et al. 2020,MODS2,MODS1,False,unknown,True,13.0,0.0,-0.027605631811659717,0.013203815950448885,26.68360965856541,12.0,0.008579240348835903,2.223634138213784,0.1906146607679731,0.15827167326706035,0.008426391303739728,2.293922557509809,False,False
55 Cnc e,Eclipse,709,852,Hu et al. 2024,Patel et al. 2024,Near Infrared Camera (NIRCam),Near Infrared Camera (NIRCam),True,independent,True,19.0,19.0,-0.0033965112786305254,0.0005407679453373315,35.301570225101344,18.0,0.00865936543426373,1.9611983458389635,0.004436812323195414,0.0020915437501314604,0.0211108232963352,1.8118596951610773,False,False
WASP-17 b,Transmission,541,1011,Saba et al. 2022,Alderson et al. 2022,Space Telescope Imaging Spectrograph,Space Telescope Imaging Spectrograph,True,unknown,True,9.0,0.0,0.12718056046694345,0.015182110816509694,20.391168844305124,8.0,0.008953221824762448,2.5488961055381405,-1.2284273843372784,0.300263174398301,0.8187090649105954,0.5219293196671171,False,False
GJ 1132 b,Transmission,559,1082,May et al. 2023,Bennett et al. 2025,Near Infrared Spectrograph (NIRSpec),Near Infrared Spectrograph (NIRSpec) - G395M,False,unknown,True,60.0,0.0,-0.002827591109631427,0.0010410731864866172,87.28772859680936,59.0,0.009770889150315341,1.4794530270645654,0.001580661626653839,0.0017537235353911249,0.009041546176571234,1.4909544042992497,False,False
WASP-18 b,Eclipse,216,260,Arcangeli et al. 2018,Coulombe et al. 2023,Wide Field Camera 3,Near Infrared Imager and Slitless Spectrograph (NIRISS),False,unknown,True,14.0,0.0,0.0033861579064379073,0.0008803997847687009,27.7108009330958,13.0,0.009928223766418994,2.1316000717766,0.015130097496235811,0.006845540674345208,0.029242109605754265,1.902146914629996,False,False
HAT-P-12 b,Transmission,382,1669,Yan et al. 2020,Alexoudi et al. 2018,MODS1,Space Telescope Imaging Spectrograph,False,unknown,True,15.0,0.0,-0.009717318958465865,0.010299816390058407,28.895121450108295,14.0,0.010797053874378286,2.0639372464363066,-0.2906064703539605,0.07925954289032094,0.28000418266257315,1.1885979778629265,False,False
HR 8799 c,Direct Imaging,808,1592,Doelman et al. 2022,Xuan et al. 2026,LMIRCam/ALES,Near Infrared Spectrograph (NIRSpec) - G395H,False,unknown,True,39.0,39.0,-6.130842441443752e-17,1.517755040255534e-18,60.78501817786855,38.0,0.010876825437736916,1.5996057415228566,7.801998013462073e-18,1.0247820813035453e-17,0.00931593252211231,1.6271727339111497,False,
WASP-39 b,Transmission,76,837,JWST Transiting Exoplanet Community ERS Team 2022,Carter et al. 2024,Near Infrared Spectrograph (NIRSpec),Near Infrared Spectrograph (NIRSpec),True,unknown,True,82.0,1.0,0.021136923710502513,0.0016404280689350733,112.82243480708902,81.0,0.01121908343102803,1.3928695655196175,-0.02721437091338041,0.0028070307732277265,0.9999999999998843,0.23534970001048167,False,False
L 98-59 c,Transmission,941,942,Scarsdale et al. 2024,Scarsdale et al. 2024,Near Infrared Spectrograph (NIRSpec),Near Infrared Spectrograph (NIRSpec),True,unknown,True,108.0,0.0,-0.0012959683566319065,0.0004994996584757301,142.31062789264587,107.0,0.012727297389576347,1.3300058681555689,0.003916561226020962,0.0009000840318691474,0.11919286364727366,1.1639298952414974,False,False
WASP-39 b,Transmission,449,837,Sing et al. 2016,Carter et al. 2024,Space Telescope Imaging Spectrograph,Near Infrared Spectrograph (NIRSpec),False,unknown,True,20.0,7.0,0.030203742782437336,0.007250246344111589,35.22127412076526,19.0,0.013133848513084434,1.853751269513961,-0.01666857513018197,0.06116050197148117,0.009057705922473604,1.9526109462431442,False,False
HD 189733 b,Transmission,262,462,Barnes et al. 2016,Pont et al. 2013,HARPS Echelle Spectrograph,Space Telescope Imaging Spectrograph,False,unknown,True,10.0,0.0,0.36684097263857174,0.0715599508617401,20.84845325642651,9.0,0.013340573639927791,2.316494806269612,0.1617895293788046,41.126408541232564,0.007561125425839442,2.606054722550945,False,False
WASP-52 b,Transmission,923,1701,Fournier-Tondreau et al. 2025,Alam et al. 2018,Near Infrared Imager and Slitless Spectrograph (NIRISS),Space Telescope Imaging Spectrograph,False,unknown,True,14.0,0.0,-0.06279648910431529,0.009414402627012436,26.46087012613333,13.0,0.014733474686627404,2.0354515481641022,0.1336212334364452,0.09071671070892276,0.018562291313885346,2.0242738880951263,False,False
WASP-52 b,Transmission,108,334,Louden et al. 2017,Chen et al. 2017,ACAM,OSIRIS,False,unknown,True,14.0,0.0,-0.10434641814503372,0.010849041629456886,26.247620987224465,13.0,0.015744967249008653,2.019047768248036,-0.4742758406962792,0.12764177257282566,0.41091607169446015,1.0367792769381228,False,False
HAT-P-26 b,Transmission,396,570,Stevenson et al. 2016,A-thano et al. 2023,LDSS-3C,Wide Field Camera 3,False,unknown,True,8.0,0.0,0.0030895818995008823,0.0039043041843330084,17.263132518928252,7.0,0.015776014592979448,2.466161788418322,0.03656998217014958,0.06890364953446396,0.009351672998800836,2.830241109847492,False,False
GJ 1132 b,Transmission,1080,1090,Bennett et al. 2025,Bennett et al. 2025,Near Infrared Spectrograph (NIRSpec) - G395H,Near Infrared Spectrograph (NIRSpec) - G395M,False,unknown,True,62.0,1.0,-0.002128323005990765,0.0010324301246186108,87.06186166630343,61.0,0.015900575033093767,1.4272436338738268,0.0016155154008255898,0.0017268238846808162,0.015004586294379882,1.4364437295851238,False,False
L 98-59 b,Transmission,874,1624,Damiano et al. 2022,Zhou et al. 2022,Wide Field Camera 3,Wide Field Camera 3,True,unknown,True,17.0,0.0,0.0020901279794017557,0.0013331457963997792,30.42394602393478,16.0,0.01592414196039673,1.9014966264959237,-0.008738435697102165,0.0092498145601766,0.013727779525029656,1.9687640118638372,False,False
WASP-17 b,Transmission,57,254,Bento et al. 2014,Sing et al. 2016,ULTRACAM,Space Telescope Imaging Spectrograph,False,unknown,True,3.0,0.0,-0.1973471316180439,0.023410061041668807,8.241958779221322,2.0,0.016228612521634066,4.120979389610661,,,,,False,False
GJ 1132 b,Transmission,1083,1086,Bennett et al. 2025,Bennett et al. 2025,Near Infrared Spectrograph (NIRSpec) - G395M,Near Infrared Spectrograph (NIRSpec) - G395M,True,unknown,True,58.0,0.0,-0.004025276261726896,0.00101453178923949,82.13306315362486,57.0,0.016303121297904948,1.4409309325197344,-0.00012696909584502535,0.0018227825851065674,0.01303433855147252,1.4665751980705353,False,False
K2-18 b,Transmission,345,544,Tsiaras et al. 2019,Madhusudhan et al. 2023,Wide Field Camera 3,Near Infrared Imager and Slitless Spectrograph (NIRISS),False,unknown,True,17.0,0.0,-0.0004029955032960905,0.0009728309308817875,30.280318712447254,16.0,0.01660183563377447,1.8925199195279534,-0.019548150118853774,0.007179748480267706,0.0869974209414366,1.5244891998748262,False,False
WASP-39 b,Transmission,76,836,JWST Transiting Exoplanet Community ERS Team 2022,Carter et al. 2024,Near Infrared Spectrograph (NIRSpec),Near Infrared Spectrograph (NIRSpec),True,unknown,True,29.0,0.0,-0.0063715343006458675,0.0026698804501629103,46.17142513355733,28.0,0.016729378515410218,1.6489794690556188,-0.030710265531548844,0.007245026816804291,0.4005164139080405,1.0445905937385997,False,False
TOI-270 d,Transmission,672,1056,Edwards et al. 2023,Felix et al. 2025,Wide Field Camera 3,Near Infrared Imager and Slitless Spectrograph (NIRISS),False,unknown,True,25.0,0.0,0.006330082364287506,0.0013449702448216235,40.8912811737176,24.0,0.017120249632606038,1.7038033822382335,-0.010033397159726332,0.009451511721140305,0.016330252809919607,1.7288852271196902,False,False
HAT-P-26 b,Transmission,569,962,A-thano et al. 2023,Ramos Rosado et al. 2025,ULTRASPEC,Space Telescope Imaging Spectrograph,False,unknown,True,3.0,0.0,-0.024251868848266262,0.011026877015425358,8.075666489607372,2.0,0.017635643168827105,4.037833244803686,,,,,False,False
GJ 1132 b,Transmission,1086,1087,Bennett et al. 2025,Bennett et al. 2025,Near Infrared Spectrograph (NIRSpec) - G395M,Near Infrared Spectrograph (NIRSpec) - G395M,True,unknown,True,58.0,0.0,0.0016338311167017026,0.0009929859359605166,81.59069770738688,57.0,0.0180017607160969,1.4314157492524013,-0.000133139076818987,0.001787607135084834,0.014436079183974273,1.4568776892058606,False,False
WASP-18 b,Eclipse,216,258,Arcangeli et al. 2018,Sheppard et al. 2017,Wide Field Camera 3,Wide Field Camera 3,True,unknown,True,14.0,0.0,-0.002278324925708712,0.0007513101590135133,25.77146643512227,13.0,0.01824226900052206,1.9824204950094055,-0.023577280454505987,0.005815398317957069,0.6741476083859843,0.7778534970988701,False,False
WASP-18 b,Eclipse,61,481,Coulombe et al. 2023,Coulombe et al. 2023,Near Infrared Imager and Slitless Spectrograph (NIRISS),Near Infrared Imager and Slitless Spectrograph (NIRISS),True,unknown,True,403.0,5.0,-0.00011140525911787373,0.0006915552781683556,463.4206342170255,402.0,0.018401468722803637,1.1527876473060337,-0.0014114835613892318,0.0018427440975994917,0.017707360703025702,1.154199318659358,False,False
GJ 341 b,Transmission,997,1000,Kirk et al. 2024,Kirk et al. 2024,Near Infrared Camera (NIRCam),Near Infrared Camera (NIRCam),True,unknown,True,53.0,0.0,2.7698886447853338e-05,0.0004396026793741084,75.33336581011663,52.0,0.018866815488285883,1.4487185732714738,-0.003178313447985586,0.0015603822344690032,0.03237470292906604,1.3957741223434585,False,False
HR 8799 c,Direct Imaging,808,1558,Doelman et al. 2022,Ruffio et al. 2026,LMIRCam/ALES,Near Infrared Spectrograph (NIRSpec) - G395H,False,unknown,True,46.0,46.0,-6.106270911597124e-17,1.429904581583215e-18,66.75481460643572,45.0,0.019226863667540527,1.4834403245874603,5.009193655088146e-18,8.654441110610085e-18,0.016086380030919546,1.5095410169636316,False,
GJ 1132 b,Transmission,1087,1090,Bennett et al. 2025,Bennett et al. 2025,Near Infrared Spectrograph (NIRSpec) - G395M,Near Infrared Spectrograph (NIRSpec) - G395M,True,unknown,True,58.0,0.0,-0.003357633748145081,0.0010373645982838398,81.16988963657236,57.0,0.019427204741625452,1.4240331515188134,-0.00018054131813625705,0.001856890505584771,0.01562571662026604,1.4492935071039585,False,False
WASP-117 b,Transmission,509,510,Carone et al. 2021,Carone et al. 2021,Wide Field Camera 3,Wide Field Camera 3,True,unknown,True,19.0,0.0,-0.0021903193203598134,0.0012831220255624786,32.405708615115316,18.0,0.019675278060098268,1.8003171452841842,-0.0054755549702381265,0.008638431188060394,0.015031057391937807,1.8825841332699544,False,False
HAT-P-1 b,Transmission,20,392,Wilson et al. 2015,Nikolov et al. 2014,OSIRIS,Space Telescope Imaging Spectrograph,False,unknown,True,3.0,2.0,-0.1431082048189404,0.019403570269437863,7.838962935529881,2.0,0.01985138565942914,3.9194814677649403,,,,,False,False
HAT-P-26 b,Transmission,565,962,A-thano et al. 2023,Ramos Rosado et al. 2025,ULTRASPEC,Space Telescope Imaging Spectrograph,False,unknown,True,3.0,0.0,-0.023557967651457408,0.011002563801342574,7.734514868433455,2.0,0.020915653392113043,3.8672574342167274,,,,,False,False
HAT-P-1 b,Transmission,22,209,Sing et al. 2016,Montalto et al. 2015,Space Telescope Imaging Spectrograph,DOLORES,False,unknown,True,5.0,0.0,-0.040403731874517304,0.004601250993062168,11.532574428427425,4.0,0.02118769489873073,2.8831436071068564,0.08910905178983232,0.05400902394057976,0.03192043011961525,2.9368103687374556,False,False
WASP-52 b,Transmission,923,1702,Fournier-Tondreau et al. 2025,Alam et al. 2018,Near Infrared Imager and Slitless Spectrograph (NIRISS),Space Telescope Imaging Spectrograph,False,unknown,True,14.0,0.0,-0.0037921218622869973,0.009590053912524064,25.181714933990268,13.0,0.021846519576461793,1.9370549949223284,0.08212246161796542,0.09242609188422658,0.01798043579589546,2.0326872131671325,False,False
TOI-1685 b,Transmission,1026,1571,Luque et al. 2025,Fisher et al. 2026,Near Infrared Spectrograph (NIRSpec) - G395H,Near Infrared Spectrograph (NIRSpec) - G395H,True,unknown,True,24.0,1.0,0.00028049893641520076,0.0009434966767706303,38.60298865467499,23.0,0.021924266460237034,1.6783908110728256,0.0007934963342288001,0.004202772610522479,0.01581002214940471,1.7530610026714255,False,False
L 98-59 b,Transmission,880,1622,Damiano et al. 2022,Zhou et al. 2022,Wide Field Camera 3,Wide Field Camera 3,True,unknown,True,17.0,0.0,-0.0021975272990608086,0.0013015608180177208,29.308116439780424,16.0,0.0219394050602655,1.8317572774862765,0.012183358771939816,0.009134410927495624,0.024709443942444387,1.8352752408626987,False,False
HAT-P-44 b,Transmission,1635,1642,Claringbold et al. 2026,Claringbold et al. 2026,ACAM,ACAM,True,unknown,True,20.0,0.0,0.07834445474115158,0.007552156776192278,33.32115532637546,19.0,0.022067861093670794,1.7537450171776559,-0.07936514386228546,0.0810194170731506,0.019915475939486428,1.797865271395946,False,False
WASP-79 b,Transmission,326,523,Sotzen et al. 2020,Rathcke et al. 2021,LDSS-3C,Space Telescope Imaging Spectrograph,False,unknown,True,7.0,0.0,0.02370497364254426,0.009034489102770348,14.595657416175762,6.0,0.023645815989102384,2.432609569362627,-0.37613845639248816,0.11392978272069233,0.5939895599921757,0.7391593936029018,False,False
L 98-59 b,Transmission,1622,1624,Zhou et al. 2022,Zhou et al. 2022,Wide Field Camera 3,Wide Field Camera 3,True,unknown,True,25.0,0.0,0.0018129234450882823,0.0011443686820284927,39.5907456928196,24.0,0.023653088077802163,1.6496144038674834,-0.010654099827093963,0.007774376443100422,0.027338437649906656,1.6396833161065922,False,False
WASP-39 b,Transmission,172,836,JWST Transiting Exoplanet Community ERS Team 2022,Carter et al. 2024,Near Infrared Spectrograph (NIRSpec),Near Infrared Spectrograph (NIRSpec),True,unknown,True,29.0,0.0,0.0006715307484632328,0.00278014243711065,44.65474822103939,28.0,0.023904942604541096,1.5948124364656926,-0.00854811241882876,0.007548984897612072,0.023980059565121604,1.6063898476857728,False,False
HD 15337 c,Transmission,1766,1768,Wallack et al. 2026,Wallack et al. 2026,Near Infrared Spectrograph (NIRSpec) - G395H,Near Infrared Spectrograph (NIRSpec) - G395H,True,unknown,True,106.0,106.0,-0.002913298425718984,0.0006038549923338717,135.5323198830991,105.0,0.024043128504804286,1.290783998886658,-0.0031704227570700174,0.0010804403580477377,0.06287686168758744,1.2204012781268996,False,False
WASP-39 b,Transmission,173,303,Alderson et al. 2023,Ahrer et al. 2023,Near Infrared Spectrograph (NIRSpec) - G395H,Near Infrared Camera (NIRCam),False,unknown,True,84.0,7.0,-0.03405061305537102,0.00190012240779423,110.07657858825918,83.0,0.02505145219204336,1.3262238384127611,0.014716775512977884,0.00567405579791775,0.05567979658728015,1.2603575601802663,False,False
WASP-39 b,Transmission,173,837,Alderson et al. 2023,Carter et al. 2024,Near Infrared Spectrograph (NIRSpec) - G395H,Near Infrared Spectrograph (NIRSpec),False,unknown,True,80.0,3.0,0.0003648590226364394,0.0014095520624691983,105.43251391221597,79.0,0.025154964933425953,1.3345887836989363,0.006068303625498175,0.002321652680553968,0.057578309915349624,1.2641107162227816,False,False
HAT-P-26 b,Transmission,396,566,Stevenson et al. 2016,A-thano et al. 2023,LDSS-3C,Wide Field Camera 3,False,unknown,True,8.0,0.0,0.0003380056081225394,0.0038547626193706254,15.912988866317413,7.0,0.025923304768100324,2.2732841237596304,0.045205757352449444,0.06864647378294855,0.016838957026996424,2.5798878669803504,False,False
TRAPPIST-1 e,Transmission,1031,1034,Espinoza et al. 2025,Espinoza et al. 2025,Near Infrared Spectrograph (NIRSpec) - PRISM,Near Infrared Spectrograph (NIRSpec) - PRISM,True,unknown,True,67.0,0.0,0.007783426637970213,0.001866702469104187,89.97629913623759,66.0,0.026582762753656904,1.3632772596399634,0.00836316574382411,0.0016513859388791357,0.5002012291201463,0.9896745556352567,False,False
GJ 1214 b,Transmission,231,373,Bean et al. 2011,Wilson et al. 2014,MMIRS,OSIRIS,False,unknown,True,8.0,8.0,0.0002254030314494601,0.016062370711644274,15.806032282906155,7.0,0.02694877727808333,2.2580046118437367,-0.9770308423742671,0.5820924459788366,0.04321517935356193,2.1647892272803024,False,False
WASP-19 b,Transmission,277,684,Mandell et al. 2013,Edwards et al. 2023,Wide Field Camera 3,Wide Field Camera 3,True,unknown,True,18.0,18.0,0.024104956966763423,0.0053852651000752556,29.80877310850134,17.0,0.0277575903616497,1.7534572416765495,-0.09020863822196773,0.03814511532883744,0.08488945396272224,1.5135070922941065,False,False
55 Cnc e,Eclipse,852,858,Patel et al. 2024,Patel et al. 2024,Near Infrared Camera (NIRCam),Near Infrared Camera (NIRCam),True,independent,True,30.0,30.0,0.008924210995052308,0.00048436616629237865,45.13934837657028,29.0,0.02851955718347545,1.5565292543644924,-0.0014993594244697487,0.0017619627911616103,0.025263788643954222,1.5862577097334245,False,False
WASP-96 b,Transmission,340,578,Nikolov et al. 2018,Radica et al. 2023,FORS2,Near Infrared Imager and Slitless Spectrograph (NIRISS),False,unknown,True,23.0,0.0,0.1432183994896889,0.005056128457752646,36.22419765672807,22.0,0.02872770076127039,1.6465544389421851,0.05358617911048233,0.094856452655871,0.022408133553385202,1.7097649798293433,False,False
GJ 1132 b,Transmission,1082,1088,Bennett et al. 2025,Bennett et al. 2025,Near Infrared Spectrograph (NIRSpec) - G395M,Near Infrared Spectrograph (NIRSpec) - G395H,False,unknown,True,62.0,2.0,0.0008354225609225445,0.0010143830861111206,83.61461506876593,61.0,0.028925379868540876,1.3707313945699333,-0.003399847483666457,0.001745013890727066,0.044500136285733155,1.3303109955914474,False,False
WASP-39 b,Transmission,170,449,Wakeford et al. 2018,Sing et al. 2016,Wide Field Camera 3,Space Telescope Imaging Spectrograph,False,unknown,True,3.0,1.0,-0.034616299722215756,0.021612777115503627,7.080048958712094,2.0,0.02901261686332618,3.540024479356047,,,,,False,False
LHS 1140 b,Transmission,763,1743,Cadieux et al. 2024,Edwards et al. 2021,Near Infrared Imager and Slitless Spectrograph (NIRISS),Wide Field Camera 3,False,unknown,True,25.0,0.0,-0.002165538015623325,0.0015431761400774428,38.71906635359545,24.0,0.0292207151547037,1.6132944313998105,-0.000724996380424215,0.010321757389052203,0.021321699277723614,1.6832231629787369,False,False
GJ 341 b,Transmission,997,1002,Kirk et al. 2024,Kirk et al. 2024,Near Infrared Camera (NIRCam),Near Infrared Camera (NIRCam),True,unknown,True,53.0,0.0,-7.61735274332251e-05,0.0004291469896722027,72.93633813833786,52.0,0.029263746654557367,1.4026218872757281,-0.0016502436500406294,0.0015210994743683809,0.029210308098770524,1.4070456096275255,False,False
WASP-39 b,Transmission,76,833,JWST Transiting Exoplanet Community ERS Team 2022,Carter et al. 2024,Near Infrared Spectrograph (NIRSpec),Near Infrared Camera (NIRCam),False,unknown,True,28.0,0.0,-0.0004680000465096923,0.0020933766175223866,42.41347434924502,27.0,0.029952440205964714,1.5708694203424083,-0.015864840929795083,0.007533966089241338,0.06083133758898028,1.4607378480259252,False,False
GJ 1214 b,Transmission,231,375,Bean et al. 2011,Rackham et al. 2017,MMIRS,IMACS spectrograph,False,unknown,True,12.0,0.0,-0.05638924815601635,0.006360336455232436,21.31961085103343,11.0,0.030207007321744365,1.9381464410030391,0.2500808801225675,0.0899214968120579,0.19277218445825706,1.3585080939570433,False,False
WASP-76 b,Transmission,722,723,von Essen et al. 2020,Fu et al. 2021,Space Telescope Imaging Spectrograph,Space Telescope Imaging Spectrograph,True,unknown,True,16.0,1.0,0.0298648635599243,0.0054944378496974205,26.751554502981296,15.0,0.030827010845382665,1.7834369668654197,0.14807374081651176,0.05631617334471073,0.13532621447500284,1.4170131542597681,False,False
WASP-39 b,Transmission,833,836,Carter et al. 2024,Carter et al. 2024,Near Infrared Camera (NIRCam),Near Infrared Spectrograph (NIRSpec),False,unknown,True,4.0,0.0,0.012847728098723126,0.005546357234302429,8.838822823355267,3.0,0.03151238397488398,2.946274274451756,0.04385956717404711,0.10795340363090329,0.01307728242525585,4.33687872019258,False,False
WASP-96 b,Transmission,578,984,Radica et al. 2023,Nikolov et al. 2022,Near Infrared Imager and Slitless Spectrograph (NIRISS),FORS2 Spectrograph,False,unknown,True,23.0,0.0,-0.043297664261648446,0.00520589490330438,35.75672961965418,22.0,0.03223900174485053,1.6253058918024628,-0.061032327401257656,0.09739419142510793,0.025743552096160773,1.6840017183596208,False,False
HR 8799 d,Direct Imaging,811,934,Wang et al. 2022,Greenbaum et al. 2018,CHARIS integral field spectrograph,Gemini Planet Imager (GPI),False,unknown,True,14.0,14.0,2.2590257961278933e-17,3.563905017050585e-18,23.850686950479865,13.0,0.03253160297186611,1.8346682269599897,5.4869512129432325e-17,1.6234682903581663e-17,0.41195969017975465,1.0356528539855967,False,
WASP-18 b,Eclipse,216,259,Arcangeli et al. 2018,Coulombe et al. 2023,Wide Field Camera 3,Near Infrared Imager and Slitless Spectrograph (NIRISS),False,unknown,True,14.0,0.0,0.0034765632355410457,0.0008834727198529257,23.75346353972206,13.0,0.03347499824776862,1.827189503055543,0.015294295074493692,0.006852285216664921,0.0941904134534055,1.5643035951432276,False,False
GJ 1132 b,Transmission,558,1086,May et al. 2023,Bennett et al. 2025,Near Infrared Spectrograph (NIRSpec),Near Infrared Spectrograph (NIRSpec) - G395M,False,unknown,True,54.0,0.0,0.0004221451827273589,0.0009884810790956923,73.15994671697571,53.0,0.03464227255791605,1.3803763531504851,0.001311102347023585,0.0017374734252562692,0.03112118465855076,1.395971563470366,False,False
HD 189733 b,Transmission,38,262,Borsa et al. 2016,Barnes et al. 2016,HARPS Echelle Spectrograph,HARPS Echelle Spectrograph,True,unknown,True,5.0,0.0,-1.3654508615946044,0.049794384858332826,10.313552576561506,4.0,0.03546450373404414,2.5783881441403764,,,,,False,False
WASP-6 b,Transmission,713,1790,Jord&aacute;n et al. 2013,Carter et al. 2020,IMACS spectrograph,Space Telescope Imaging Spectrograph,False,unknown,True,8.0,1.0,0.17236436139036207,0.012036418218305438,15.01639003032508,7.0,0.03578988158590058,2.145198575760726,0.41600735967831354,0.14739656464467574,0.3161904944996396,1.1751047385455389,False,False
WASP-17 b,Transmission,576,913,Panek et al. 2023,Louie et al. 2025,Wide Field Camera 3,Near Infrared Imager and Slitless Spectrograph (NIRISS),False,unknown,True,20.0,20.0,0.0516890364783847,0.0024778392140548154,31.430251317121037,19.0,0.03619170355158491,1.6542237535326862,-0.021642736252202855,0.01602519982012301,0.041454661265823395,1.6447934680972986,False,False
XO-1 b,Transmission,320,321,Deming et al. 2013,Crouzet et al. 2012,Wide Field Camera 3,Near Infrared Camera and Multi-Object Spectrometer,False,unknown,True,11.0,11.0,-0.07672559190235231,0.008058239419673006,19.31995842581541,10.0,0.03638195831485765,1.9319958425815411,0.005593130843232234,0.06493009003165401,0.022662768826574604,2.1458375762096065,False,False
GJ 341 b,Transmission,997,1003,Kirk et al. 2024,Kirk et al. 2024,Near Infrared Camera (NIRCam),Near Infrared Camera (NIRCam),True,unknown,True,53.0,0.0,0.0001339926810837586,0.00035761524521176136,71.27658413015162,52.0,0.03915346756000062,1.3707035409644541,-0.00285712507995597,0.001268521738505615,0.07465514474312525,1.298109992867631,False,False
GJ 341 b,Transmission,997,998,Kirk et al. 2024,Kirk et al. 2024,Near Infrared Camera (NIRCam),Near Infrared Camera (NIRCam),True,unknown,True,54.0,54.0,0.0006986285953306711,0.0004460148445992538,72.24796619436113,53.0,0.04051953864361565,1.3631691734785119,-0.0032286433100735634,0.001554000410831322,0.06809268444990879,1.3063731777053684,False,False
L 98-59 c,Transmission,939,940,Scarsdale et al. 2024,Scarsdale et al. 2024,Near Infrared Spectrograph (NIRSpec),Near Infrared Spectrograph (NIRSpec),True,unknown,True,106.0,106.0,-0.0007427274281173553,0.0005194011498743229,131.4684147267863,105.0,0.04115899290961941,1.2520801402551076,0.0034231599702101733,0.0009311946973035654,0.16523654622282774,1.1341802102055836,False,False
GJ 1132 b,Transmission,1083,1090,Bennett et al. 2025,Bennett et al. 2025,Near Infrared Spectrograph (NIRSpec) - G395M,Near Infrared Spectrograph (NIRSpec) - G395M,True,unknown,True,64.0,0.0,-0.005467239259542019,0.0010298097227897692,83.73892349617458,63.0,0.041407591755556424,1.3291892618440408,-0.0011359828739894713,0.0017628420929704572,0.03677322595836693,1.343930108139824,False,False
TRAPPIST-1 e,Transmission,1031,1696,Espinoza et al. 2025,Zhang et al. 2018,Near Infrared Spectrograph (NIRSpec) - PRISM,Wide Field Camera 3,False,unknown,True,12.0,0.0,-0.024645852490439882,0.005280372087720038,20.251556046913308,11.0,0.042007809923691325,1.8410505497193916,0.11348350329839565,0.03430822153611568,0.5029343331977556,0.9310252750711576,False,False
WASP-39 b,Transmission,171,835,JWST Transiting Exoplanet Community ERS Team 2022,Carter et al. 2024,Near Infrared Spectrograph (NIRSpec),Near Infrared Spectrograph (NIRSpec),True,unknown,True,20.0,0.0,-0.005348052006253198,0.002242340910510023,30.77158079095756,19.0,0.042763718135930794,1.6195568837346084,0.01650558805978017,0.011074309394212053,0.054161417015534986,1.5861206063217967,False,False
WASP-76 b,Eclipse,405,726,Edwards et al. 2020,Fu et al. 2021,Wide Field Camera 3,Wide Field Camera 3,True,unknown,True,22.0,0.0,-0.018696057930666417,0.001447262580756857,33.21874643321288,21.0,0.04384712878862501,1.5818450682482323,-0.021704932099926817,0.011450168848941998,0.07615430797556032,1.4812724856077886,False,False
WASP-76 b,Eclipse,653,726,Changeat et al. 2022,Fu et al. 2021,Wide Field Camera 3,Wide Field Camera 3,True,unknown,True,22.0,0.0,-0.018696057930666417,0.001447262580756857,33.21874643321288,21.0,0.04384712878862501,1.5818450682482323,-0.021705623826126626,0.011450084831229104,0.07615922553678717,1.481258396909562,False,False
GJ 1132 b,Transmission,1085,1086,Bennett et al. 2025,Bennett et al. 2025,Near Infrared Spectrograph (NIRSpec) - G395H,Near Infrared Spectrograph (NIRSpec) - G395M,False,unknown,True,54.0,0.0,0.002425369169077516,0.000979361197174953,71.6106785328522,53.0,0.04512171989470782,1.3511448779783435,0.0006932610362338955,0.0017242024598903276,0.03800595833748691,1.3740194834523853,False,False
HAT-P-18 b,Transmission,19,803,Fu et al. 2022,Fournier-Tondreau et al. 2024,Near Infrared Imager and Slitless Spectrograph (NIRISS),Near Infrared Imager and Slitless Spectrograph (NIRISS),True,unknown,True,1021.0,1021.0,0.011486427825644288,0.0010238384431306106,1097.3723083073614,1020.0,0.04587595635966754,1.0758552042229033,0.0011014703330883226,0.0026470684066078605,0.0441478832631922,1.076741080652081,False,False
HD 189733 b,Eclipse,458,594,Swain et al. 2009,Changeat et al. 2022,Near Infrared Camera and Multi-Object Spectrometer (NICMOS),Wide Field Camera 3,False,unknown,True,3.0,3.0,0.029853237314072585,0.005055087126199499,5.988094693843426,2.0,0.05008431734593686,2.994047346921713,,,,,False,False
TOI-260 b,Transmission,1760,1764,Meech et al. 2026,Meech et al. 2026,Near Infrared Spectrograph (NIRSpec) - G395H,Near Infrared Spectrograph (NIRSpec) - G395H,True,unknown,True,104.0,104.0,-0.0014638484872486009,0.00036137047681035104,127.56922895043736,103.0,0.050752966299936,1.2385362034023044,0.005221837438840017,0.000657341430731808,0.9986325349668413,0.632000944294296,False,False
HD 97658 b,Transmission,1627,1628,Guo et al. 2020,Guo et al. 2020,Space Telescope Imaging Spectrograph,Space Telescope Imaging Spectrograph,True,unknown,True,10.0,10.0,0.002048911239370501,0.0021286885183771195,16.838662218629835,9.0,0.05130327535773124,1.8709624687366484,0.09040360917237279,0.024810718903914432,0.8943344644301063,0.4452349619079973,False,False
WASP-127 b,Transmission,406,980,Chen et al. 2018,Boehm et al. 2025,OSIRIS,Wide Field Camera 3,False,unknown,True,27.0,0.0,-0.017013532518657618,0.005542312686848895,38.70872137565909,26.0,0.05196676395902707,1.488796975986888,-0.027566769444333523,0.08054559992459348,0.04046006812499841,1.5436634396530942,False,False
WASP-6 b,Transmission,713,1789,Jord&aacute;n et al. 2013,Carter et al. 2020,IMACS spectrograph,Space Telescope Imaging Spectrograph,False,unknown,True,8.0,1.0,0.18426779513126104,0.012159829548329783,13.89397368794512,7.0,0.05309958942975773,1.98485338399216,0.40112799964172713,0.1493807657166459,0.3511318586090776,1.1138812563448968,False,False
GJ 1132 b,Transmission,1080,1082,Bennett et al. 2025,Bennett et al. 2025,Near Infrared Spectrograph (NIRSpec) - G395H,Near Infrared Spectrograph (NIRSpec) - G395M,False,unknown,True,62.0,1.0,-0.003452243006768791,0.0010402531581142226,79.72134203183175,61.0,0.05411405107499818,1.3069072464234714,0.0017355588505118666,0.0017525123396709508,0.05273812805003152,1.3123432681551097,False,False
WASP-18 b,Eclipse,61,216,Coulombe et al. 2023,Arcangeli et al. 2018,Near Infrared Imager and Slitless Spectrograph (NIRISS),Wide Field Camera 3,False,unknown,True,14.0,0.0,-0.004465421427699824,0.0008518723788354869,22.024329206781886,13.0,0.05498595762815409,1.6941791697524526,-0.01823011151060171,0.006668806019839818,0.26688146761439047,1.2126286938443236,False,False
L 98-59 b,Transmission,874,880,Damiano et al. 2022,Damiano et al. 2022,Wide Field Camera 3,Wide Field Camera 3,True,unknown,True,18.0,0.0,0.0023643837470839345,0.0014012156656010126,27.19743497388417,17.0,0.05523506970724626,1.5998491161108337,-0.009365446815605792,0.00928896320876595,0.05153540808284455,1.6363062217305677,False,False
GJ 1132 b,Transmission,1086,1091,Bennett et al. 2025,Bennett et al. 2025,Near Infrared Spectrograph (NIRSpec) - G395M,Near Infrared Spectrograph (NIRSpec) - G395M,True,unknown,True,58.0,0.0,0.00019403152202775577,0.0010181217210920622,74.7520480216442,57.0,0.0574095868874729,1.311439438976214,-0.0003602085817285145,0.0017955725339725307,0.048067963693070065,1.3341393557699237,False,False
WASP-17 b,Transmission,254,255,Sing et al. 2016,Sedaghati et al. 2016,Space Telescope Imaging Spectrograph,FORS2,False,unknown,True,7.0,2.0,0.0617104457916365,0.013944847251359633,12.198571132837671,6.0,0.05768273416843177,2.0330951888062785,-0.07437674091290163,0.2934917210529864,0.03299254377438946,2.4268698634684256,False,False
WASP-39 b,Transmission,171,303,JWST Transiting Exoplanet Community ERS Team 2022,Ahrer et al. 2023,Near Infrared Spectrograph (NIRSpec),Near Infrared Camera (NIRCam),False,unknown,True,42.0,11.0,-0.019449718057465346,0.0025678792168851495,56.107875534056674,41.0,0.05816737029148062,1.3684847691233335,-0.0006180624722561547,0.009096235753242888,0.04689519070764698,1.4025814682789357,False,False
WASP-18 b,Eclipse,216,481,Arcangeli et al. 2018,Coulombe et al. 2023,Wide Field Camera 3,Near Infrared Imager and Slitless Spectrograph (NIRISS),False,unknown,True,14.0,0.0,0.004827785724372219,0.0009508372460526972,21.764124242934795,13.0,0.05912600068227786,1.6741634033026764,0.013725508022667525,0.007357443807241445,0.10733734373192813,1.523661191262854,False,False
TRAPPIST-1 e,Transmission,1032,1033,Espinoza et al. 2025,Espinoza et al. 2025,Near Infrared Spectrograph (NIRSpec) - PRISM,Near Infrared Spectrograph (NIRSpec) - PRISM,True,unknown,True,67.0,0.0,-0.027619601309941906,0.0018921297969668625,84.78157278588343,66.0,0.05961533698290179,1.2845692846345973,0.009896011699407905,0.0017223886792952364,0.8830463628248774,0.7964710582212722,False,False
GJ 341 b,Transmission,996,1001,Kirk et al. 2024,Kirk et al. 2024,Near Infrared Camera (NIRCam),Near Infrared Camera (NIRCam),True,unknown,True,53.0,0.0,0.000169288367485392,0.0005037403610989706,68.56682659776905,52.0,0.06151540742062477,1.3185928191878664,-0.00815473135139811,0.001851549356226692,0.546658233678076,0.9641018427656987,False,False
HD 209458 b,Transmission,266,729,Evans et al. 2015,Xue et al. 2024,IRAC,Near Infrared Camera (NIRCam),False,unknown,True,4.0,4.0,-0.010774463733106494,0.006394775632189042,7.31649490735542,3.0,0.06246576611143754,2.43883163578514,0.033949243406106534,0.016031551209257883,0.2426772607795175,1.416022863348051,False,False
TOI-776 c,Transmission,954,958,Teske et al. 2025,Teske et al. 2025,Near Infrared Spectrograph (NIRSpec),Near Infrared Spectrograph (NIRSpec),True,unknown,True,104.0,0.0,-0.003612854812095185,0.00044409330490866093,125.80404828301047,103.0,0.06295978776796998,1.2213985270195191,0.001483738930815119,0.000811866585151652,0.08184447851743418,1.2006279859390936,False,False
55 Cnc e,Eclipse,856,860,Patel et al. 2024,Patel et al. 2024,Near Infrared Camera (NIRCam),Near Infrared Camera (NIRCam),True,independent,True,30.0,30.0,-0.0007455229255079247,0.0005103832127585655,41.255805468664576,29.0,0.06540239570358498,1.4226139816780887,-0.0008712778028145986,0.0018687737758960308,0.053271577497822915,1.4656584054468562,False,False
WASP-39 b,Transmission,835,837,Carter et al. 2024,Carter et al. 2024,Near Infrared Spectrograph (NIRSpec),Near Infrared Spectrograph (NIRSpec),True,unknown,True,25.0,1.0,0.018935788618271134,0.0018211125111121573,35.19884475421737,24.0,0.06550633277518988,1.4666185314257236,0.00583354057637682,0.0069101120521327586,0.05844763546644583,1.4993984893265158,False,False
WASP-6 b,Transmission,713,1788,Jord&aacute;n et al. 2013,Carter et al. 2020,IMACS spectrograph,Space Telescope Imaging Spectrograph,False,unknown,True,8.0,1.0,0.2107983006220349,0.012277270811812775,13.225781943634004,7.0,0.06679464368392779,1.8893974205191435,0.38485458619095764,0.15029205543938168,0.3525906684214408,1.111423141353072,False,False
WASP-39 b,Transmission,834,871,Carter et al. 2024,Rustamkulov et al. 2023,Near Infrared Imager and Slitless Spectrograph (NIRISS),Near Infrared Spectrograph (NIRSpec) - PRISM,False,unknown,True,21.0,21.0,-0.008326176426691253,0.0023284348673874764,30.048540733892988,20.0,0.06907093549114478,1.5024270366946495,-0.024039355609464467,0.04779543059982748,0.05445849821337811,1.5681878148451478,False,False
TRAPPIST-1 d,Transmission,1069,1070,Piaulet-Ghorayeb et al. 2025,Piaulet-Ghorayeb et al. 2025,Near Infrared Spectrograph (NIRSpec) - PRISM,Near Infrared Spectrograph (NIRSpec) - PRISM,True,unknown,True,24.0,0.0,0.01632007727129039,0.0031068501332060365,33.67296172676379,23.0,0.07003713621676833,1.4640418142071212,-8.876234407968208e-05,0.0024105226586691926,0.05303070646632161,1.530527536525968,False,False
WASP-39 b,Transmission,449,871,Sing et al. 2016,Rustamkulov et al. 2023,Space Telescope Imaging Spectrograph,Near Infrared Spectrograph (NIRSpec) - PRISM,False,unknown,True,19.0,4.0,0.014387528359176295,0.007614150418690191,27.501957872843544,18.0,0.0700500046770287,1.527886548491308,-0.06375401880702397,0.06450716113178113,0.06540923235907341,1.5603042480825964,False,False
TOI-5205 b,Transmission,1602,1606,Ca&ntilde;as et al. 2026,Ca&ntilde;as et al. 2026,Near Infrared Spectrograph (NIRSpec) - PRISM,Near Infrared Spectrograph (NIRSpec) - PRISM,True,unknown,True,469.0,0.0,0.02340088359712485,0.00247965971437947,513.8536006436084,468.0,0.07023224592502049,1.0979777791530094,0.0006663977329584861,0.0025925917319081387,0.06625951456447339,1.1001874335924364,False,False
WASP-39 b,Transmission,833,871,Carter et al. 2024,Rustamkulov et al. 2023,Near Infrared Camera (NIRCam),Near Infrared Spectrograph (NIRSpec) - PRISM,False,unknown,True,49.0,2.0,0.016613997666005048,0.0016320519874844673,63.12285727713372,48.0,0.07046030271731395,1.3150595266069525,0.002971228446184715,0.0037121924842706266,0.06474024727742045,1.3294089704202692,False,False
WASP-107 b,Transmission,765,774,Sing et al. 2024,Welbanks et al. 2024,Near Infrared Spectrograph (NIRSpec),Near Infrared Camera (NIRCam),False,unknown,True,72.0,0.0,-0.029604028207373,0.0022267580682933433,88.78322685574516,71.0,0.07519175827262631,1.2504679838837345,0.019154111841469316,0.007557149974301995,0.14817086370580995,1.1765598715237207,False,False
WASP-39 b,Transmission,75,173,JWST Transiting Exoplanet Community ERS Team 2022,Alderson et al. 2023,Near Infrared Spectrograph (NIRSpec),Near Infrared Spectrograph (NIRSpec) - G395H,False,unknown,True,88.0,4.0,0.004935598280809662,0.0015971741515407867,106.15115639620186,87.0,0.079728714789349,1.2201282344391018,-0.009121647408780863,0.002829903312452923,0.22116363876396694,1.1135052070338727,False,False
WASP-18 b,Eclipse,61,259,Coulombe et al. 2023,Coulombe et al. 2023,Near Infrared Imager and Slitless Spectrograph (NIRISS),Near Infrared Imager and Slitless Spectrograph (NIRISS),True,unknown,True,403.0,5.0,-0.001200487943104988,0.0006445090542302051,442.38908784860376,402.0,0.08036101831455962,1.1004703677825964,-0.0024523525031858485,0.0017770076311793429,0.08467368076523747,1.0984652382282927,False,False
WASP-17 b,Transmission,537,912,Saba et al. 2022,Louie et al. 2025,Wide Field Camera 3,Near Infrared Imager and Slitless Spectrograph (NIRISS),False,unknown,True,6.0,0.0,0.026450363062209655,0.005147648534545064,9.767603943874436,5.0,0.08209434065513857,1.953520788774887,0.14285931175114355,0.13687904264972864,0.06966275010221507,2.169578691481524,False,False
WASP-80 b,Transmission,188,892,Fukui et al. 2014,Wong et al. 2022,SIRIUS,Wide Field Camera 3,False,unknown,True,3.0,3.0,0.044419958160657205,0.023068426603496024,4.997676626567267,2.0,0.08218041108537764,2.4988383132836334,,,,,False,False
WASP-39 b,Transmission,76,173,JWST Transiting Exoplanet Community ERS Team 2022,Alderson et al. 2023,Near Infrared Spectrograph (NIRSpec),Near Infrared Spectrograph (NIRSpec) - G395H,False,unknown,True,219.0,219.0,0.018980182268666088,0.0017709616260257817,247.46507202905877,218.0,0.08322215654767207,1.135160880867242,-0.03286113013451416,0.00318532143109568,0.999983712939976,0.6499375303053665,False,False
HD 15337 c,Transmission,1767,1769,Wallack et al. 2026,Wallack et al. 2026,Near Infrared Spectrograph (NIRSpec) - G395H,Near Infrared Spectrograph (NIRSpec) - G395H,True,unknown,True,106.0,106.0,-0.002832864771146775,0.0006301513147605338,125.45130773514066,105.0,0.08469748401615021,1.194774359382292,-0.0027061400227146853,0.0011515423546319663,0.1360337781916499,1.1531610049570362,False,False
WASP-39 b,Transmission,303,836,Ahrer et al. 2023,Carter et al. 2024,Near Infrared Camera (NIRCam),Near Infrared Spectrograph (NIRSpec),False,unknown,True,5.0,0.0,0.017229686480942343,0.005773474789123156,8.101907812046539,4.0,0.08791570790265613,2.0254769530116348,0.14522028981083385,0.10919644127463476,0.0964747820796944,2.1110917337245327,False,False
HD 189733 b,Transmission,262,463,Barnes et al. 2016,Sing et al. 2011,HARPS Echelle Spectrograph,Space Telescope Imaging Spectrograph,False,unknown,True,4.0,4.0,0.8324812628449647,0.09067282935051263,6.523844290442337,3.0,0.08872687242704898,2.174614763480779,3.8343351960634773,1.7445201585589112,0.42892573884298324,0.8464714779682707,False,False
GJ 1132 b,Transmission,560,1086,May et al. 2023,Bennett et al. 2025,Near Infrared Spectrograph (NIRSpec),Near Infrared Spectrograph (NIRSpec) - G395M,False,unknown,True,54.0,0.0,0.0019122293935711116,0.0010048143636099825,67.23696044266964,53.0,0.09030826824913354,1.2686218951447101,0.0007017161404889929,0.001766419490178601,0.07782354432907736,1.2899836573532928,False,False
K2-18 b,Transmission,543,544,Madhusudhan et al. 2023,Madhusudhan et al. 2023,Near Infrared Spectrograph (NIRSpec),Near Infrared Imager and Slitless Spectrograph (NIRISS),False,unknown,True,42.0,0.0,0.012278823556546649,0.01064200857899653,53.505613653655175,41.0,0.09122070668190886,1.3050149671623212,-0.5615542722522788,0.46073067410501894,0.09649845187594115,1.3005014251767313,False,False
HD 209458 b,Transmission,266,728,Evans et al. 2015,Xue et al. 2024,IRAC,Near Infrared Camera (NIRCam),False,unknown,True,4.0,4.0,-0.012970370100690964,0.006502975968621368,6.412154876811387,3.0,0.09319202638156546,2.137384958937129,0.030593533571108195,0.016139457664977656,0.2442709138453381,1.409477366974218,False,False
WASP-121 b,Transmission,223,679,Evans et al. 2016,Edwards et al. 2023,Wide Field Camera 3,Wide Field Camera 3,True,unknown,True,25.0,0.0,-0.00380416374828305,0.0018554273941163314,33.53185729275622,24.0,0.09333934379783625,1.3971607205315093,0.025182384178039433,0.013168214985844895,0.1530315884126828,1.2989013787412385,False,False
TOI-1685 b,Transmission,1026,1572,Luque et al. 2025,Fisher et al. 2026,Near Infrared Spectrograph (NIRSpec) - G395H,Near Infrared Spectrograph (NIRSpec) - G395H,True,unknown,True,24.0,1.0,-0.0010140980663718695,0.001019898300739073,32.28599442393371,23.0,0.09434030734868447,1.4037388879971178,-0.0016341158018227148,0.004547346967295702,0.07476081858093322,1.4616753539269147,False,False
WASP-107 b,Transmission,550,551,Dyrek et al. 2024,Dyrek et al. 2024,Mid-Infrared Instrument (MIRI) - LRS,Mid-Infrared Instrument (MIRI) - LRS,True,unknown,True,49.0,0.0,-0.0032804963008606254,0.0018210264923936691,61.26530490082131,48.0,0.09463536169552879,1.2763605187671108,0.003301068274725625,0.0011272767607172578,0.2633973032600832,1.1210645292552546,False,False
WASP-17 b,Transmission,254,541,Sing et al. 2016,Saba et al. 2022,Space Telescope Imaging Spectrograph,Space Telescope Imaging Spectrograph,True,unknown,True,9.0,0.0,-0.054082235458798165,0.012200983153235031,13.44659971333215,8.0,0.09737953294821916,1.6808249641665187,0.7413034065928465,0.23857703282362291,0.8034002080718599,0.5417128454774944,False,False
WASP-52 b,Transmission,108,1701,Louden et al. 2017,Alam et al. 2018,ACAM,Space Telescope Imaging Spectrograph,False,unknown,True,19.0,1.0,-0.015971860729049398,0.009734490882408017,26.01633237671208,18.0,0.09938506345254548,1.4453517987062265,-0.197691923419775,0.08166078943125096,0.2663472814468913,1.1856244697991691,False,False
GJ 3470 b,Transmission,103,660,Ehrenreich et al. 2014,Edwards et al. 2023,Wide Field Camera 3,Wide Field Camera 3,True,unknown,True,23.0,0.0,-0.014002102019045424,0.003985424309583656,30.68681308919546,22.0,0.10270437975400025,1.3948551404179754,-0.01641930267704369,0.028476164096440625,0.0850953196556439,1.4454451284496104,False,False
TOI-776 c,Transmission,954,955,Teske et al. 2025,Teske et al. 2025,Near Infrared Spectrograph (NIRSpec),Near Infrared Spectrograph (NIRSpec),True,unknown,True,106.0,106.0,-0.001903073991204576,0.0004650481167514028,123.6948622035643,105.0,0.10276239493241349,1.1780463067006124,0.0017167784224209526,0.0008410582123533221,0.1416273323731908,1.1493107142892884,False,False
HD 189733 b,Transmission,464,501,Swain et al. 2008,Changeat et al. 2022,Near Infrared Camera and Multi-Object Spectrometer,Wide Field Camera 3,False,unknown,True,3.0,3.0,0.05034744401057048,0.008647483789240525,4.54828733980014,2.0,0.10288497422347029,2.27414366990007,,,,,False,False
GJ 1132 b,Transmission,558,1090,May et al. 2023,Bennett et al. 2025,Near Infrared Spectrograph (NIRSpec),Near Infrared Spectrograph (NIRSpec) - G395M,False,unknown,True,59.0,0.0,-0.0010333543094859083,0.001008029803748915,71.80482576688209,58.0,0.1051028875449826,1.238014237360036,0.0013763045516195472,0.0016911656143692904,0.09854876407613183,1.248114432084792,False,False
L 168-9 b,Transmission,904,905,Alam et al. 2025,Alam et al. 2025,Near Infrared Spectrograph (NIRSpec),Near Infrared Spectrograph (NIRSpec),True,unknown,True,53.0,53.0,6.62522004439462e-05,0.0006521175067595882,65.0827047078453,52.0,0.10511944543957898,1.251590475150871,0.005480821187413405,0.0012487429277200045,0.6789822746947305,0.8984070931745842,False,False
GJ 1132 b,Transmission,1090,1091,Bennett et al. 2025,Bennett et al. 2025,Near Infrared Spectrograph (NIRSpec) - G395M,Near Infrared Spectrograph (NIRSpec) - G395M,True,unknown,True,64.0,0.0,0.001575216712888157,0.0010317981560821277,77.36668713933334,63.0,0.10525377012942687,1.228042653005291,0.0007611304338364886,0.0017384582647358583,0.09276026581062605,1.2447580882867164,False,False
WASP-39 b,Transmission,833,837,Carter et al. 2024,Carter et al. 2024,Near Infrared Camera (NIRCam),Near Infrared Spectrograph (NIRSpec),False,unknown,True,42.0,3.0,0.030257662386479495,0.0015692390449189941,52.51374600236923,41.0,0.10731421599491317,1.2808230732285177,-0.00028480723683977017,0.0035737647117183424,0.0889289228785796,1.3126848721287525,False,False
TRAPPIST-1 e,Transmission,1034,1698,Espinoza et al. 2025,Zhang et al. 2018,Near Infrared Spectrograph (NIRSpec) - PRISM,Wide Field Camera 3,False,unknown,True,12.0,1.0,0.014892858180407042,0.005343189657697954,17.008611306523388,11.0,0.1076211234032763,1.5462373915021261,-0.09572513292238886,0.03740212549880361,0.40124231144970657,1.045833846975718,False,False
HAT-P-26 b,Transmission,397,566,Wakeford et al. 2017,A-thano et al. 2023,Wide Field Camera 3,Wide Field Camera 3,True,unknown,True,18.0,0.0,0.0003956763701789061,0.0014111379829911392,24.439588904857445,17.0,0.1079746561976799,1.4376228767563202,0.012509775670120602,0.006722962559283316,0.17938920838149297,1.3110740976253559,False,False
AF Lep b,Direct Imaging,1609,1610,De Rosa et al. 2023,Mesa et al. 2023,SPHERE - IFS and IRDIS,SPHERE - IFS and IRDIS,True,unknown,True,19.0,19.0,-3.658998232681454e-17,6.199407132511676e-18,25.64828559965939,18.0,0.10807593047810983,1.4249047555366328,6.171835015816305e-17,1.8896272963286663e-17,0.5968898644732095,0.8812029495138061,False,
WASP-39 b,Transmission,836,837,Carter et al. 2024,Carter et al. 2024,Near Infrared Spectrograph (NIRSpec),Near Infrared Spectrograph (NIRSpec),True,unknown,True,29.0,0.0,0.010866990153870505,0.0024388358820303887,37.46244905839531,28.0,0.10900787131898142,1.3379446092284037,0.0028199589532945206,0.006601926552396246,0.08995867099571568,1.380740700744253,False,False
TOI-1685 b,Transmission,1026,1570,Luque et al. 2025,Fisher et al. 2026,Near Infrared Spectrograph (NIRSpec) - G395H,Near Infrared Spectrograph (NIRSpec) - G395H,True,unknown,True,24.0,1.0,-0.000470449142886804,0.0009380339774325344,31.57382063614756,23.0,0.10933623984275607,1.3727748102672852,0.0018782687723771134,0.0041999258659654376,0.08871613172598057,1.4260827094816457,False,False
L 98-59 c,Transmission,939,942,Scarsdale et al. 2024,Scarsdale et al. 2024,Near Infrared Spectrograph (NIRSpec),Near Infrared Spectrograph (NIRSpec),True,unknown,True,106.0,106.0,0.0009237920955368834,0.0005139755205340977,123.05015802756685,105.0,0.11009834282012126,1.1719062669292082,0.0029990999386107814,0.0009300260205146265,0.26437521462956776,1.0831841890998877,False,False
WASP-17 b,Transmission,537,1015,Saba et al. 2022,Alderson et al. 2022,Wide Field Camera 3,Wide Field Camera 3,True,unknown,True,11.0,1.0,-0.007733509286660209,0.004025229791099803,15.618953956426255,10.0,0.11107224538432034,1.5618953956426256,0.01311057396374839,0.05402856990321657,0.07665649918345246,1.7288966744586232,False,False
LHS 1140 b,Transmission,801,802,Damiano et al. 2024,Damiano et al. 2024,Near Infrared Spectrograph (NIRSpec),Near Infrared Spectrograph (NIRSpec),True,unknown,True,4.0,0.0,0.002969012904287943,0.0026946368235980585,5.9662779412765685,3.0,0.11326245261886689,1.9887593137588562,-0.1269841416549286,0.053912330845694564,0.811211525700803,0.20922643803510488,False,False
HAT-P-32 b,Transmission,211,1728,Nortmann et al. 2016,Alam et al. 2020,OSIRIS,Space Telescope Imaging Spectrograph,False,unknown,True,17.0,1.0,-0.03897591376360679,0.006825969885374142,23.004869192250975,16.0,0.11360440212737377,1.437804324515686,-0.14877505848937983,0.06893294792637422,0.24487269240051546,1.2231195560513097,False,False
HAT-P-18 b,Transmission,428,803,Kirk et al. 2017,Fournier-Tondreau et al. 2024,ACAM,Near Infrared Imager and Slitless Spectrograph (NIRISS),False,unknown,True,12.0,0.0,0.004997323880191398,0.005022684255637317,16.753413715060745,11.0,0.11538410129104425,1.5230376104600678,-0.01437281716635494,0.055164354682011085,0.08161852057976483,1.6685529825563683,False,False
WASP-19 b,Transmission,283,1672,Huitson et al. 2013,Sedaghati et al. 2017,Space Telescope Imaging Spectrograph,FORS2,False,unknown,True,3.0,0.0,0.0008218702271619485,0.011497947286749686,4.292858074851612,2.0,0.11690086191603173,2.146429037425806,,,,,False,False
Kepler-51 b,Transmission,1616,1617,Libby-Roberts et al. 2020,Libby-Roberts et al. 2020,Wide Field Camera 3,Wide Field Camera 3,True,unknown,True,20.0,0.0,-0.037991143805786644,0.01133561407395461,26.47471571396461,19.0,0.11749606381540006,1.3934060902086636,0.09967792951335544,0.08686154893428485,0.12062968838950719,1.3976580996607608,False,False
WASP-39 b,Transmission,449,834,Sing et al. 2016,Carter et al. 2024,Space Telescope Imaging Spectrograph,Near Infrared Imager and Slitless Spectrograph (NIRISS),False,unknown,True,8.0,1.0,0.0223283913178303,0.011472472792260238,11.51919269674255,7.0,0.11752085732258646,1.645598956677507,-0.5218460421808141,0.2300260058612053,0.382784116487037,1.0620780532406215,False,False
55 Cnc e,Eclipse,854,856,Patel et al. 2024,Patel et al. 2024,Near Infrared Camera (NIRCam),Near Infrared Camera (NIRCam),True,independent,True,30.0,30.0,0.004699347604470018,0.000509134125955602,38.15002700322297,29.0,0.11903614377512886,1.3155181725249299,-0.0014468797983869274,0.0018643203034974095,0.10726563388452888,1.340989706059606,False,False
HAT-P-18 b,Transmission,19,428,Fu et al. 2022,Kirk et al. 2017,Near Infrared Imager and Slitless Spectrograph (NIRISS),ACAM,False,unknown,True,12.0,0.0,0.010756168648895248,0.0054125246453857676,16.33480080699089,11.0,0.1291495797404826,1.4849818915446265,-0.01560680767753663,0.05838747529784331,0.09233771645917767,1.6263353022878444,False,False
WASP-19 b,Transmission,279,582,Huitson et al. 2013,Changeat et al. 2022,Wide Field Camera 3,Wide Field Camera 3,True,unknown,True,5.0,0.0,0.10411262450603152,0.006297082699620269,7.126412186478889,4.0,0.1293568226431292,1.7816030466197224,-0.07528135428729577,0.052412114128188254,0.16721640587741304,1.6877846451882583,False,False
WASP-12 b,Transmission,53,248,Stevenson et al. 2014,Sing et al. 2013,Wide Field Camera 3,Space Telescope Imaging Spectrograph,False,unknown,True,12.0,0.0,0.0320650388852618,0.004906437505674745,16.252763889714757,11.0,0.13200349019877403,1.4775239899740689,0.05352588916582671,0.018177799981213584,0.669568710919401,0.7582243972222459,False,False
GJ 1132 b,Transmission,1082,1087,Bennett et al. 2025,Bennett et al. 2025,Near Infrared Spectrograph (NIRSpec) - G395M,Near Infrared Spectrograph (NIRSpec) - G395M,True,unknown,True,58.0,0.0,0.004544240094106451,0.00104491714754758,68.98739911284781,57.0,0.13265664135410365,1.2103052475938212,-0.0002701971275585361,0.001882614968580564,0.11436889954024371,1.2315500085342215,False,False
WASP-39 b,Transmission,298,871,Nikolov et al. 2016,Rustamkulov et al. 2023,FORS2,Near Infrared Spectrograph (NIRSpec) - PRISM,False,unknown,True,17.0,3.0,0.005486097047518106,0.007067768909873791,22.326986717541807,16.0,0.13294389800519535,1.395436669846363,-0.19819264998634104,0.10041591381754145,0.24066368538953772,1.2287617203982688,False,False
WASP-80 b,Transmission,112,890,Kirk et al. 2018,Wong et al. 2022,ACAM,Space Telescope Imaging Spectrograph,False,unknown,True,9.0,1.0,0.06718165488331332,0.009034216124830645,12.400416307555588,8.0,0.13421246946547474,1.5500520384444485,0.11808327551875937,0.10993581930573613,0.1282141556110099,1.606671687758498,False,False
GJ 1132 b,Transmission,556,1086,May et al. 2023,Bennett et al. 2025,Near Infrared Spectrograph (NIRSpec),Near Infrared Spectrograph (NIRSpec) - G395M,False,unknown,True,54.0,0.0,0.003002256162443401,0.000988557020924926,64.31341230643257,53.0,0.13722066022988888,1.2134606095553315,5.964131169495202e-05,0.0017323561162322964,0.11749926870990414,1.2367735967110316,False,False
CoRoT-1 b,Transmission,658,884,Edwards et al. 2023,Glidic et al. 2022,Wide Field Camera 3,Wide Field Camera 3,True,unknown,True,10.0,0.0,0.1493680966064319,0.016041435112203364,13.567931552411828,9.0,0.13854613400295884,1.507547950267981,-0.20562169594717805,0.11473131195303139,0.24092658714068413,1.294492907013895,False,False
WASP-43 b,Transmission,176,1773,Chen et al. 2014,Weaver et al. 2020,GROND,IMACS spectrograph,False,unknown,True,3.0,0.0,0.017819953200707617,0.016718160361556506,3.9517826585270335,2.0,0.138637685329037,1.9758913292635167,,,,,False,False
WASP-39 b,Transmission,77,449,Feinstein et al. 2023,Sing et al. 2016,Near Infrared Imager and Slitless Spectrograph (NIRISS),Space Telescope Imaging Spectrograph,False,unknown,True,10.0,1.0,-0.028638011150407934,0.01029941135903276,13.484803220570733,9.0,0.1418681023209612,1.4983114689523036,-0.05071402029523129,0.10767022233953577,0.10311688027097997,1.657868806009792,False,False
WASP-39 b,Transmission,303,835,Ahrer et al. 2023,Carter et al. 2024,Near Infrared Camera (NIRCam),Near Infrared Spectrograph (NIRSpec),False,unknown,True,30.0,0.0,0.015224396478067816,0.0021025881161501722,37.15076102079731,29.0,0.14240713953246753,1.2810607248550796,-0.011292526412048455,0.007792772232388508,0.16839159628856767,1.25181652533416,False,False
GJ 341 b,Transmission,996,1002,Kirk et al. 2024,Kirk et al. 2024,Near Infrared Camera (NIRCam),Near Infrared Camera (NIRCam),True,unknown,True,53.0,0.0,0.00013973062405967315,0.0005036257809131571,62.84900358139289,52.0,0.14409733293603333,1.2086346842575557,-0.005108402526991673,0.0018495269201754857,0.31828361816223366,1.0827516114291262,False,False
WASP-74 b,Transmission,344,519,Mancini et al. 2019,Fu et al. 2021,GROND,Wide Field Camera 3,False,unknown,True,7.0,1.0,0.03800594065201494,0.009974227174004481,9.561190671678453,6.0,0.14438935215354132,1.5935317786130756,0.011236690790692441,0.0196814021188649,0.10004151823164742,1.8470460620012907,False,False
TOI-1685 b,Transmission,1025,1571,Luque et al. 2025,Fisher et al. 2026,Near Infrared Spectrograph (NIRSpec) - G395H,Near Infrared Spectrograph (NIRSpec) - G395H,True,unknown,True,24.0,1.0,0.0017755677135850804,0.0010209471477796881,30.061204568923515,23.0,0.14765271239027997,1.3070088943010223,-0.0009240797880846375,0.004466258849665703,0.11801797594251782,1.3644725434237226,False,False
HR 8799 d,Direct Imaging,813,1594,Doelman et al. 2022,Xuan et al. 2026,LMIRCam/ALES,Near Infrared Spectrograph (NIRSpec) - G395H,False,unknown,True,38.0,38.0,-9.219562539487664e-17,1.7755650480331756e-18,45.94269307539038,37.0,0.14868414202388394,1.2416944074429832,2.6804504427257245e-17,1.2483149028898895e-17,0.24903263796044092,1.1481108041997312,False,
L 98-59 b,Transmission,1622,1625,Zhou et al. 2022,Zhou et al. 2022,Wide Field Camera 3,Wide Field Camera 3,True,unknown,True,25.0,0.0,0.005063858936361603,0.0012215125159534832,31.1742062611227,24.0,0.1488229552410398,1.2989252608801125,-0.009744477879349279,0.008388282372046767,0.15450004020475028,1.2967266055868587,False,False
GJ 1132 b,Transmission,1085,1090,Bennett et al. 2025,Bennett et al. 2025,Near Infrared Spectrograph (NIRSpec) - G395H,Near Infrared Spectrograph (NIRSpec) - G395M,False,unknown,True,54.0,0.0,0.0010385215391377617,0.0010308200838491572,63.696940186352336,53.0,0.14914789475662346,1.2018290601198554,0.0008658328382347253,0.0017982090251638244,0.13239098027003815,1.2204827021318456,False,False
WASP-17 b,Transmission,254,537,Sing et al. 2016,Saba et al. 2022,Space Telescope Imaging Spectrograph,Wide Field Camera 3,False,unknown,True,3.0,0.0,0.0801289898559495,0.025802472251564904,3.7059665376345405,2.0,0.15676878458013715,1.8529832688172703,,,,,False,False
TOI-1685 b,Transmission,1024,1571,Luque et al. 2025,Fisher et al. 2026,Near Infrared Spectrograph (NIRSpec) - G395H,Near Infrared Spectrograph (NIRSpec) - G395H,True,unknown,True,24.0,1.0,0.0013137953415464513,0.0009350987978513769,29.694058726348466,23.0,0.15838722653928894,1.291046031580368,-0.0034289183246789096,0.004090601081725201,0.14510628959869312,1.3177912342056006,False,False
WASP-39 b,Transmission,298,837,Nikolov et al. 2016,Carter et al. 2024,FORS2,Near Infrared Spectrograph (NIRSpec),False,unknown,True,18.0,2.0,0.02223263708331212,0.00696923120988303,22.719632851513456,17.0,0.15860257284834287,1.3364489912654973,-0.16005413214494923,0.09728289939259893,0.2196445056715609,1.250800260345086,False,False
GJ 3470 b,Transmission,103,197,Ehrenreich et al. 2014,Benneke et al. 2019,Wide Field Camera 3,Wide Field Camera 3,True,unknown,True,17.0,0.0,-0.008519280618730495,0.003918249362739081,21.525609756063794,16.0,0.15917995679564115,1.3453506097539871,-0.019136769793548846,0.02705582617784044,0.13602206839242156,1.4016884565943686,False,False
KELT-9 b,Transmission,877,878,Egan et al. 2024,Egan et al. 2024,CUTE NUV Spectrograph,CUTE NUV Spectrograph,True,unknown,True,8.0,0.0,0.647483836608138,0.32260959414690743,10.526975331839974,7.0,0.16062426598166332,1.5038536188342821,-11.262161055024581,13.84143395979169,0.13045613737827047,1.6441566336974753,False,False
TOI-5205 b,Transmission,1601,1603,Ca&ntilde;as et al. 2026,Ca&ntilde;as et al. 2026,Near Infrared Spectrograph (NIRSpec) - PRISM,Near Infrared Spectrograph (NIRSpec) - PRISM,True,unknown,True,469.0,0.0,0.03491668143474687,0.002091119969915776,498.2956067328276,468.0,0.16076337301721683,1.0647342024205717,-0.0019891120476776443,0.0020637855142690807,0.1599720316094005,1.0650249744553355,False,False
TRAPPIST-1 b,Transmission,1009,1693,Rathcke et al. 2025,Zhang et al. 2018,Near Infrared Spectrograph (NIRSpec) - PRISM,Wide Field Camera 3,False,unknown,True,12.0,12.0,0.055160014536267725,0.00981727070204131,15.448092870955437,11.0,0.16288802696341892,1.404372079177767,0.11516874008477634,0.06179256243626903,0.2867763741084126,1.1974356775117097,False,False
WASP-17 b,Transmission,542,912,Saba et al. 2022,Louie et al. 2025,Space Telescope Imaging Spectrograph,Near Infrared Imager and Slitless Spectrograph (NIRISS),False,unknown,True,5.0,0.0,0.05605730882165252,0.012699485010311509,6.4523007035993105,4.0,0.16782074631491062,1.6130751758998276,0.22256263326556452,0.16712942720407695,0.1968744251745532,1.5596445269194135,False,False
WASP-43 b,Transmission,705,706,Bell et al. 2024,Bell et al. 2024,Mid-Infrared Instrument (MIRI),Mid-Infrared Instrument (MIRI),True,unknown,True,14.0,0.0,0.0007082000849410532,0.003190247163352968,17.721881271406072,13.0,0.16836779829612153,1.3632216362620055,-0.0012626583837656057,0.00199240908743417,0.13794207201690178,1.4433551542081444,False,False
GJ 1132 b,Transmission,555,1083,May et al. 2023,Bennett et al. 2025,Near Infrared Spectrograph (NIRSpec),Near Infrared Spectrograph (NIRSpec) - G395M,False,unknown,True,60.0,0.0,0.003913797730638281,0.000980642895218212,69.02319873930986,59.0,0.17471578174676825,1.1698847243950825,0.004071091687401312,0.0016495818829265216,0.30603827540898654,1.0850414369972365,False,False
L 98-59 b,Transmission,881,1622,Damiano et al. 2022,Zhou et al. 2022,Wide Field Camera 3,Wide Field Camera 3,True,unknown,True,17.0,0.0,-0.003962711617634184,0.0013729060659508768,21.092146558411265,16.0,0.1749956887291901,1.318259159900704,0.010471415441219283,0.009926380993058623,0.17272757551488607,1.3319544244648645,False,False
GJ 341 b,Transmission,1000,1005,Kirk et al. 2024,Kirk et al. 2024,Near Infrared Camera (NIRCam),Near Infrared Camera (NIRCam),True,unknown,True,55.0,1.0,0.0020106556942819285,0.0004857827828655379,63.49549098477129,54.0,0.17660889176063618,1.1758424256439126,0.0027776205346779267,0.001647189780608906,0.21938784090115143,1.1443765314945662,False,False
GJ 341 b,Transmission,997,1006,Kirk et al. 2024,Kirk et al. 2024,Near Infrared Camera (NIRCam),Near Infrared Camera (NIRCam),True,unknown,True,52.0,0.0,0.0028959161615487185,0.0005016629383164899,60.140270139803924,51.0,0.1784920318477119,1.1792209831334102,-0.0025306657723189584,0.001741674694492704,0.20342926454060245,1.160580807629256,False,False
55 Cnc e,Eclipse,709,856,Hu et al. 2024,Patel et al. 2024,Near Infrared Camera (NIRCam),Near Infrared Camera (NIRCam),True,independent,True,19.0,19.0,0.00454447440893139,0.0005428682250779946,23.316563830292466,18.0,0.17871657595070148,1.2953646572384703,0.0025094887027050003,0.0021091115798029737,0.18856171506902902,1.288286079768648,False,False
WASP-18 b,Eclipse,216,614,Arcangeli et al. 2018,Changeat et al. 2022,Wide Field Camera 3,Wide Field Camera 3,True,unknown,True,14.0,0.0,0.0001824292977878521,0.0007426590277896246,17.40264664607578,13.0,0.18154498277039408,1.338665126621214,-0.014985413213557045,0.005883147616543744,0.5362564778887218,0.9095450315128321,False,False
GJ 1132 b,Transmission,555,1087,May et al. 2023,Bennett et al. 2025,Near Infrared Spectrograph (NIRSpec),Near Infrared Spectrograph (NIRSpec) - G395M,False,unknown,True,54.0,0.0,0.0019867453121096054,0.000993120923981773,62.1879061111919,53.0,0.18156316463897004,1.1733567190790926,0.004458986777240661,0.0017326622816391994,0.3420163516480943,1.068558886496853,False,False
WASP-17 b,Transmission,911,1014,Louie et al. 2025,Alderson et al. 2022,Near Infrared Imager and Slitless Spectrograph (NIRISS),Wide Field Camera 3,False,unknown,True,25.0,0.0,-0.05077413851538786,0.002457680180316345,30.07086250824046,24.0,0.18241423810997012,1.2529526045100192,-0.019413082474624487,0.01755321853777575,0.18541155676770268,1.2542488891332981,False,False
GJ 1132 b,Transmission,1086,1089,Bennett et al. 2025,Bennett et al. 2025,Near Infrared Spectrograph (NIRSpec) - G395M,Near Infrared Spectrograph (NIRSpec) - G395H,False,unknown,True,56.0,1.0,-0.004572691106406855,0.0010076877333292263,64.03422622290965,55.0,0.1891399982847251,1.1642586585983572,0.00020496524046627443,0.0017621474818910125,0.16512906107301342,1.1855684611900343,False,False
WASP-39 b,Transmission,75,836,JWST Transiting Exoplanet Community ERS Team 2022,Carter et al. 2024,Near Infrared Spectrograph (NIRSpec),Near Infrared Spectrograph (NIRSpec),True,unknown,True,29.0,0.0,-0.007408289046941678,0.0025162452877621738,34.3395575836969,28.0,0.18991619950275798,1.226412770846318,-0.004275226010773626,0.006883131023245717,0.16739534420906696,1.2575471081605594,False,False
WASP-17 b,Transmission,541,1010,Saba et al. 2022,Alderson et al. 2022,Space Telescope Imaging Spectrograph,Space Telescope Imaging Spectrograph,True,unknown,True,9.0,0.0,0.1036076994251339,0.012861117339807583,11.175188931042362,8.0,0.1919689809391436,1.3968986163802952,-0.7184536899364483,0.2582715914071916,0.8418618538986941,0.4909873921576958,False,False
HAT-P-12 b,Transmission,382,642,Yan et al. 2020,Wong et al. 2020,MODS1,Space Telescope Imaging Spectrograph,False,unknown,True,11.0,1.0,-0.02602688647461722,0.014904173660508212,13.58474177525257,10.0,0.1927890635918927,1.3584741775252571,-0.27592842571615495,0.13947727049279435,0.3777653973245514,1.0745617249235808,False,False
WASP-18 b,Eclipse,61,260,Coulombe et al. 2023,Coulombe et al. 2023,Near Infrared Imager and Slitless Spectrograph (NIRISS),Near Infrared Imager and Slitless Spectrograph (NIRISS),True,unknown,True,403.0,5.0,-0.0010466568362978296,0.0006505382708054891,426.2003255234549,402.0,0.19480380666575878,1.0601998147349625,-0.005703128984977297,0.0018615808184087913,0.2827378573076903,1.0394381883074535,False,False
GJ 341 b,Transmission,998,1005,Kirk et al. 2024,Kirk et al. 2024,Near Infrared Camera (NIRCam),Near Infrared Camera (NIRCam),True,unknown,True,52.0,0.0,0.0012656067209351727,0.000510248200209608,59.42698281885863,51.0,0.19554982152487668,1.1652349572325222,0.003220761044733219,0.0017755931021739947,0.25581604559448984,1.1227344725340787,False,False
WASP-39 b,Transmission,73,170,Fischer et al. 2016,Wakeford et al. 2018,Space Telescope Imaging Spectrograph,Wide Field Camera 3,False,unknown,True,3.0,0.0,0.04077044394020091,0.025330489554289574,3.263489414122724,2.0,0.1955880324471285,1.631744707061362,,,,,False,False
HD 209458 b,Transmission,45,502,Sing et al. 2016,Changeat et al. 2022,Wide Field Camera 3,Wide Field Camera 3,True,unknown,True,25.0,0.0,-0.00921825149365208,0.0009728366624125865,29.66003054201838,24.0,0.19627616717341068,1.2358346059174325,-0.013356315629725677,0.006565842980926908,0.3239439843119298,1.109652724829796,False,False
HD 189733 b,Transmission,463,477,Sing et al. 2011,Di Gloria et al. 2015,Space Telescope Imaging Spectrograph,HARPS Echelle Spectrograph,False,unknown,True,4.0,4.0,0.1256558969412987,0.015169841853472081,4.633984001917801,3.0,0.20064607347221866,1.5446613339726003,-0.6602955532746739,0.3465529164319382,0.605402093352969,0.5018624245990945,False,False
WASP-52 b,Transmission,334,1701,Chen et al. 2017,Alam et al. 2018,OSIRIS,Space Telescope Imaging Spectrograph,False,unknown,True,21.0,2.0,0.08452197916214962,0.01117003710301873,24.86809557587565,20.0,0.20652410061223953,1.2434047787937825,0.13253204164691196,0.11457895185684518,0.2147957941064748,1.2384299788288378,False,False
WASP-107 b,Transmission,772,773,Welbanks et al. 2024,Welbanks et al. 2024,Near Infrared Camera (NIRCam),Near Infrared Camera (NIRCam),True,unknown,True,3.0,0.0,0.009431570412655965,0.008494311948994658,3.1502405868459853,2.0,0.20698265253174744,1.5751202934229926,,,,,False,False
WASP-39 b,Transmission,834,837,Carter et al. 2024,Carter et al. 2024,Near Infrared Imager and Slitless Spectrograph (NIRISS),Near Infrared Spectrograph (NIRSpec),False,unknown,True,10.0,0.0,0.011722154538707527,0.002158964963780952,12.10812243243527,9.0,0.20728230059820574,1.3453469369372522,-0.06848105058285685,0.03874568545757861,0.3436268642464871,1.1230304937307487,False,False
HAT-P-2 b,Transmission,661,978,Edwards et al. 2023,Jacobs et al. 2025,Wide Field Camera 3,Wide Field Camera 3,True,unknown,True,15.0,15.0,0.012046288809701364,0.0015378533965131193,17.91611973626048,14.0,0.2106279249599882,1.27972283830432,0.02250809366342634,0.011301408496221422,0.37740468894828144,1.073044283763348,False,False
WASP-6 b,Transmission,713,1778,Jord&aacute;n et al. 2013,Carter et al. 2020,IMACS spectrograph,FORS2,False,unknown,True,7.0,0.0,0.16629301684363137,0.013747410474423634,8.390357640801017,6.0,0.2108764465547851,1.398392940133503,0.700047630591197,0.4119631510652467,0.35764461338812925,1.1005496609181153,False,False
WASP-127 b,Transmission,224,1650,Chen et al. 2018,Spake et al. 2021,ALFOSC,Space Telescope Imaging Spectrograph,False,unknown,True,8.0,1.0,-0.13762393854170074,0.017433418836736332,9.617055841815386,7.0,0.21133279815597922,1.3738651202593408,1.203439703453383,0.41158939640514847,0.9829044368874739,0.17799290785278257,False,False
WASP-17 b,Transmission,540,1012,Saba et al. 2022,Alderson et al. 2022,Space Telescope Imaging Spectrograph,Space Telescope Imaging Spectrograph,True,unknown,True,9.0,0.0,-0.006447173276581455,0.015609802149449941,10.828310479621743,8.0,0.21161842585325608,1.353538809952718,0.5392965462509967,0.32054804376598955,0.3327903797844201,1.142538900816288,False,False
WASP-6 b,Transmission,713,1777,Jord&aacute;n et al. 2013,Carter et al. 2020,IMACS spectrograph,FORS2,False,unknown,True,7.0,0.0,0.18076079777263684,0.013788493663409992,8.331165908539061,6.0,0.21483119543523055,1.3885276514231768,0.6870664619650373,0.4129235874638524,0.35113262051164024,1.1125158576985066,False,False
HD 189733 b,Transmission,37,464,Sing et al. 2016,Swain et al. 2008,Wide Field Camera 3,Near Infrared Camera and Multi-Object Spectrometer,False,unknown,True,3.0,3.0,-0.025606306413711862,0.008661208506587446,3.0456333923673755,2.0,0.2180967088066006,1.5228166961836878,,,,,False,False
KELT-11 b,Transmission,351,438,Col&oacute;n et al. 2020,Changeat et al. 2020,Wide Field Camera 3,Wide Field Camera 3,True,unknown,True,20.0,0.0,0.027849264759309805,0.0005247346311392272,23.44885108685588,19.0,0.21814960233137948,1.234150057202941,-0.001424024803656092,0.0038138035653172116,0.17897765297944757,1.2949685116264817,False,False
GJ 1132 b,Transmission,1082,1083,Bennett et al. 2025,Bennett et al. 2025,Near Infrared Spectrograph (NIRSpec) - G395M,Near Infrared Spectrograph (NIRSpec) - G395M,True,unknown,True,64.0,0.0,0.0066654967109997035,0.0010384171207202257,71.38700889583534,63.0,0.21911631525915934,1.1331271253307196,0.0006807480787835834,0.001786397387716345,0.19734100833511065,1.1490611637188812,False,False
GJ 1132 b,Transmission,558,1082,May et al. 2023,Bennett et al. 2025,Near Infrared Spectrograph (NIRSpec),Near Infrared Spectrograph (NIRSpec) - G395M,False,unknown,True,59.0,0.0,-0.0023112249137784337,0.0010172046192345483,66.00674890902772,58.0,0.21976623159762754,1.1380473949832366,0.0017039161478252464,0.0017152774245434786,0.21759654668665004,1.1407009157299497,False,False
GJ 1132 b,Transmission,1087,1088,Bennett et al. 2025,Bennett et al. 2025,Near Infrared Spectrograph (NIRSpec) - G395M,Near Infrared Spectrograph (NIRSpec) - G395H,False,unknown,True,56.0,1.0,-0.0035336267281486635,0.0010052195779842285,62.78058412591792,55.0,0.21993843601928198,1.1414651659257804,-0.003477731736183826,0.0017585460226482257,0.30190479214542226,1.0901780068262614,False,False
WASP-17 b,Transmission,540,541,Saba et al. 2022,Saba et al. 2022,Space Telescope Imaging Spectrograph,Space Telescope Imaging Spectrograph,True,unknown,True,9.0,0.0,-0.08685659151563008,0.014765017704404847,10.671676950903922,8.0,0.2210052092765541,1.3339596188629903,0.8304053551729923,0.31429766011770693,0.8146012207365794,0.5272846890361739,False,False
WASP-12 b,Transmission,248,507,Sing et al. 2013,Changeat et al. 2022,Space Telescope Imaging Spectrograph,Wide Field Camera 3,False,unknown,True,9.0,0.0,-0.02389772773769277,0.0046063935733987775,10.669669260719028,8.0,0.22112764092220996,1.3337086575898784,0.05518786187867472,0.03631865345086187,0.3018685807730308,1.1943784914807256,False,False
WASP-6 b,Transmission,713,1776,Jord&aacute;n et al. 2013,Carter et al. 2020,IMACS spectrograph,FORS2,False,unknown,True,7.0,0.0,0.20956020009613882,0.013799633770105407,8.170026187799449,6.0,0.22590958097860217,1.361671031299908,0.6592487578700125,0.4126476628517688,0.3452144840965596,1.1235356693152143,False,False
GJ 341 b,Transmission,996,1003,Kirk et al. 2024,Kirk et al. 2024,Near Infrared Camera (NIRCam),Near Infrared Camera (NIRCam),True,unknown,True,53.0,0.0,0.0002666233645361299,0.0004409331215941422,59.25743002269455,52.0,0.22792246192246887,1.1395659619748952,-0.006462467727519721,0.0016314805510167258,0.7605904088602057,0.8542562291514227,False,False
WASP-6 b,Transmission,713,1781,Jord&aacute;n et al. 2013,Carter et al. 2020,IMACS spectrograph,FORS2,False,unknown,True,15.0,0.0,0.18499729428413422,0.007225683366460773,17.47838577886933,14.0,0.23157949975461214,1.248456127062095,0.21672883142145807,0.09660628327861566,0.49149948538251553,0.9573412003861843,False,False
WASP-39 b,Transmission,75,76,JWST Transiting Exoplanet Community ERS Team 2022,JWST Transiting Exoplanet Community ERS Team 2022,Near Infrared Spectrograph (NIRSpec),Near Infrared Spectrograph (NIRSpec),True,unknown,True,93.0,1.0,-0.013927020020485029,0.0016553254128088375,101.60109150785435,92.0,0.23167629330620612,1.1043596903027646,0.02226731186331802,0.002811484735657653,0.999999673738788,0.4271725719534531,False,False
L 98-59 b,Transmission,882,1622,Damiano et al. 2022,Zhou et al. 2022,Wide Field Camera 3,Wide Field Camera 3,True,unknown,True,17.0,0.0,-0.0024866548985654855,0.0009686237016957767,19.748455864575885,16.0,0.23176438591540424,1.2342784915359928,0.007090685460294752,0.0068349052672222075,0.2289738040314075,1.2448140088310926,False,False
WASP-39 b,Transmission,73,871,Fischer et al. 2016,Rustamkulov et al. 2023,Space Telescope Imaging Spectrograph,Near Infrared Spectrograph (NIRSpec) - PRISM,False,unknown,True,19.0,2.0,0.023838687856487243,0.0071835229666597205,21.972534261572566,18.0,0.23320680786299444,1.2206963478651425,-0.11353982230349743,0.07033247789490008,0.3079068874682001,1.1392043071717455,False,False
TOI-836 b,Transmission,776,777,Alderson et al. 2024,Alderson et al. 2024,Near Infrared Spectrograph (NIRSpec),Near Infrared Spectrograph (NIRSpec),True,unknown,True,105.0,105.0,-0.0006278936381476808,0.0004907856830034516,114.11984166575903,104.0,0.23391361599254012,1.0973061698630675,0.0030361956987321726,0.000893275150831629,0.49350735764285847,0.9957960663455089,False,False
HAT-P-26 b,Transmission,24,396,Wakeford et al. 2017,Stevenson et al. 2016,Space Telescope Imaging Spectrograph,LDSS-3C,False,unknown,True,3.0,0.0,-0.013265680264411559,0.007502660044496046,2.9036545980685795,2.0,0.2341420494121137,1.4518272990342898,,,,,False,False
WASP-39 b,Transmission,73,837,Fischer et al. 2016,Carter et al. 2024,Space Telescope Imaging Spectrograph,Near Infrared Spectrograph (NIRSpec),False,unknown,True,20.0,3.0,0.04005782002161142,0.006883925588760677,23.066787296003735,19.0,0.23441292800032387,1.2140414366317756,-0.05302824031024762,0.06610928792589488,0.21372974197435446,1.2457430459658017,False,False
TRAPPIST-1 e,Transmission,1032,1698,Espinoza et al. 2025,Zhang et al. 2018,Near Infrared Spectrograph (NIRSpec) - PRISM,Wide Field Camera 3,False,unknown,True,12.0,1.0,0.0058368588031396385,0.005393087088002314,13.944879055756672,11.0,0.23605857119271645,1.267716277796061,0.013953178678852414,0.03696665745067499,0.1821966631158565,1.3802408228833376,False,False
CoRoT-1 b,Transmission,4,579,Schlawin et al. 2014,Changeat et al. 2022,SpeX and MORIS,Wide Field Camera 3,False,unknown,True,3.0,0.0,-0.17323204990674296,0.026390910169070983,2.8858958986194025,2.0,0.23623033614767883,1.4429479493097013,,,,,False,False
L 168-9 b,Transmission,903,905,Alam et al. 2025,Alam et al. 2025,Near Infrared Spectrograph (NIRSpec),Near Infrared Spectrograph (NIRSpec),True,unknown,True,53.0,53.0,0.002618203318000739,0.0006478116147552753,58.9542743625966,52.0,0.23624637313392696,1.13373604543455,0.0038351903143034297,0.0012060504933660288,0.5597929401492876,0.9576890073338484,False,False
WASP-107 b,Transmission,768,771,Welbanks et al. 2024,Welbanks et al. 2024,Near Infrared Camera (NIRCam),Near Infrared Camera (NIRCam),True,unknown,True,4.0,0.0,0.010745291101562532,0.006282396934427648,4.2315185530879225,3.0,0.23752516448030397,1.4105061843626407,0.44502054295541976,0.38156141415971295,0.23796903354132284,1.435614724946768,False,False
WASP-17 b,Transmission,540,1010,Saba et al. 2022,Alderson et al. 2022,Space Telescope Imaging Spectrograph,Space Telescope Imaging Spectrograph,True,unknown,True,9.0,0.0,0.018031045726980718,0.013456776826293442,10.399496440384135,8.0,0.2380980502603925,1.299937055048017,0.042023030918222924,0.2791422032289776,0.16820526510985623,1.4824047299136078,False,False
LTT 3780 c,Transmission,1573,1576,Rigby et al. 2025,Rigby et al. 2025,Near Infrared Imager and Slitless Spectrograph (NIRISS),Near Infrared Spectrograph (NIRSpec) - G395H,False,unknown,True,43.0,0.0,0.004256503096350004,0.018214554596742337,48.14506348808544,42.0,0.23814166294678835,1.1463110354306056,-0.39335007700824987,0.7583164892778474,0.21379187507295416,1.1677072760960956,False,False
HAT-P-18 b,Transmission,428,796,Kirk et al. 2017,Fournier-Tondreau et al. 2024,ACAM,Near Infrared Imager and Slitless Spectrograph (NIRISS),False,unknown,True,12.0,0.0,0.005718214188390762,0.005100854891661257,13.880456624114862,11.0,0.2396790449573613,1.261859693101351,-0.017739084039157155,0.056378715191043816,0.18319542438630823,1.3781457344750858,False,False
GJ 1132 b,Transmission,1086,1093,Bennett et al. 2025,Bennett et al. 2025,Near Infrared Spectrograph (NIRSpec) - G395M,Near Infrared Spectrograph (NIRSpec),False,unknown,True,58.0,0.0,-0.00012934849000170896,0.0007824293176879715,64.06972289316504,57.0,0.24244446939056005,1.124030226195878,-0.0011854214538213625,0.0014049990630210852,0.23290003827728478,1.1313904408210715,False,False
WASP-107 b,Transmission,768,773,Welbanks et al. 2024,Welbanks et al. 2024,Near Infrared Camera (NIRCam),Near Infrared Camera (NIRCam),True,unknown,True,3.0,0.0,0.006849498592181174,0.007938727140639501,2.8317660869902803,2.0,0.2427111942506557,1.4158830434951402,,,,,False,False
TRAPPIST-1 e,Transmission,1032,1034,Espinoza et al. 2025,Espinoza et al. 2025,Near Infrared Spectrograph (NIRSpec) - PRISM,Near Infrared Spectrograph (NIRSpec) - PRISM,True,unknown,True,67.0,0.0,0.0062565976316522115,0.0019514710575714406,73.58190720007553,66.0,0.2439188704263068,1.1148773818193263,0.006565497214934262,0.0017084187843723505,0.6921245514431918,0.9048163235092453,False,False
WASP-107 b,Transmission,771,772,Welbanks et al. 2024,Welbanks et al. 2024,Near Infrared Camera (NIRCam),Near Infrared Camera (NIRCam),True,unknown,True,4.0,0.0,-0.013282649696399092,0.0067280651493576114,4.166415631327644,3.0,0.24404590045235364,1.3888052104425481,-0.46603665234108776,0.41062484097936464,0.23712742537490353,1.4391576225245344,False,False
GJ 3470 b,Transmission,103,848,Ehrenreich et al. 2014,Beatty et al. 2024,Wide Field Camera 3,Wide Field Camera 3,True,unknown,True,14.0,0.0,-0.017931347485470567,0.003996979095375662,16.087934991554008,13.0,0.24441400918360703,1.2375334608887698,-0.03953092428423896,0.02780709044774918,0.2964533480630683,1.1722459301550014,False,False
WASP-107 b,Transmission,551,552,Dyrek et al. 2024,Dyrek et al. 2024,Mid-Infrared Instrument (MIRI) - LRS,Mid-Infrared Instrument (MIRI) - LRS,True,unknown,True,49.0,0.0,-0.0018980916161112891,0.0017212680783833324,54.34343180130481,48.0,0.2456288264204835,1.1321548291938501,-0.004207225029784664,0.0010858290977118481,0.7790247811760773,0.8368169275754671,False,False
L 98-59 b,Transmission,1621,1625,Zhou et al. 2022,Zhou et al. 2022,Wide Field Camera 3,Wide Field Camera 3,True,unknown,True,25.0,0.0,0.0014078528528589966,0.0012126867643475986,28.32208861133143,24.0,0.2466893660281625,1.180087025472143,0.0024084829133441533,0.008381752424033691,0.20685952953760328,1.227805196715422,False,False
L 98-59 b,Transmission,880,1623,Damiano et al. 2022,Zhou et al. 2022,Wide Field Camera 3,Wide Field Camera 3,True,unknown,True,17.0,0.0,0.004250125473150116,0.0012529960686435912,19.35906380949983,16.0,0.2504836432479234,1.2099414880937394,0.006037967079903774,0.008900927375303349,0.21835178726040258,1.2599267721374807,False,False
TOI-836 b,Transmission,775,776,Alderson et al. 2024,Alderson et al. 2024,Near Infrared Spectrograph (NIRSpec),Near Infrared Spectrograph (NIRSpec),True,unknown,True,106.0,106.0,0.000819631819620108,0.0004900801008393398,114.25497625581971,105.0,0.25254701764935067,1.0881426310078068,-0.002970148338060834,0.0008863432391051129,0.5085712092953355,0.9906315714547738,False,False
TRAPPIST-1 e,Transmission,1031,1698,Espinoza et al. 2025,Zhang et al. 2018,Near Infrared Spectrograph (NIRSpec) - PRISM,Wide Field Camera 3,False,unknown,True,12.0,1.0,0.006731511945133113,0.005117063916778841,13.639112697944899,11.0,0.25360978535355044,1.239919336176809,-0.04018111581212243,0.03443874120053909,0.26689286398130696,1.227782647917252,False,False
WASP-39 b,Transmission,76,835,JWST Transiting Exoplanet Community ERS Team 2022,Carter et al. 2024,Near Infrared Spectrograph (NIRSpec),Near Infrared Spectrograph (NIRSpec),True,unknown,True,21.0,0.0,0.012357665767482024,0.0020925311751422053,23.744498736283198,20.0,0.25373120127211773,1.1872249368141599,0.0016462281321738144,0.010167238275364426,0.20718154722688145,1.248330646164322,False,False
GJ 1132 b,Transmission,556,1090,May et al. 2023,Bennett et al. 2025,Near Infrared Spectrograph (NIRSpec),Near Infrared Spectrograph (NIRSpec) - G395M,False,unknown,True,60.0,0.0,0.0016850942503833317,0.0010050161328766407,65.76671789166846,59.0,0.2541634872951971,1.1146901337570927,2.1923048105826736e-05,0.00167933454203894,0.22587266731468064,1.1339059908443512,False,False
WASP-6 b,Transmission,713,1780,Jord&aacute;n et al. 2013,Carter et al. 2020,IMACS spectrograph,FORS2,False,unknown,True,15.0,0.0,0.19877722443734752,0.007250494990752642,16.944101008606676,14.0,0.25916897879880624,1.2102929291861912,0.20756810992869787,0.09700557966111464,0.49792038615028145,0.9511963369163917,False,False
WASP-79 b,Transmission,484,496,Sotzen et al. 2020,Skaf et al. 2020,Wide Field Camera 3,Wide Field Camera 3,True,unknown,True,14.0,0.0,-0.006478297656361568,0.002024736066785668,15.786589413571296,13.0,0.260846264148429,1.2143530318131766,-0.002760659439615476,0.014925021318367367,0.20284274585844467,1.31269800432227,False,False
GJ 1132 b,Transmission,560,1090,May et al. 2023,Bennett et al. 2025,Near Infrared Spectrograph (NIRSpec),Near Infrared Spectrograph (NIRSpec) - G395M,False,unknown,True,60.0,0.0,0.0006003769479188061,0.0010218766567223862,65.47073701247731,59.0,0.2623627341371069,1.109673508686056,0.0004624730641148881,0.0017104337625344016,0.23546519632637358,1.1275453409722522,False,False
WASP-12 b,Transmission,53,507,Stevenson et al. 2014,Changeat et al. 2022,Wide Field Camera 3,Wide Field Camera 3,True,unknown,True,10.0,0.0,0.01797427895766584,0.003715505730565372,11.155057797066581,9.0,0.26523012625889325,1.2394508663407313,0.015322435061572754,0.027061754570796966,0.21125577063768272,1.3543090554573358,False,False
WASP-79 b,Transmission,484,586,Sotzen et al. 2020,Changeat et al. 2022,Wide Field Camera 3,Wide Field Camera 3,True,unknown,True,14.0,0.0,-0.006457928349336994,0.0020319301122284734,15.705645375628107,13.0,0.26539089612690964,1.2081265673560082,-0.0028317528711649135,0.014985538605672347,0.20682544987226092,1.3058281114889712,False,False
Kepler-51 d,Transmission,669,1589,Edwards et al. 2023,Libby-Roberts et al. 2026,Wide Field Camera 3,Near Infrared Spectrograph (NIRSpec) - PRISM,False,unknown,True,25.0,0.0,0.040980584637880596,0.005666097801033591,27.871643461525032,24.0,0.2654911064113682,1.161318477563543,-0.13576658784804113,0.04263845402078423,0.7718104166392826,0.7709968978817404,False,False
GJ 1132 b,Transmission,1081,1086,Bennett et al. 2025,Bennett et al. 2025,Near Infrared Spectrograph (NIRSpec) - G395H,Near Infrared Spectrograph (NIRSpec) - G395M,False,unknown,True,56.0,1.0,0.0017705092454118965,0.001025883131871505,60.918282842648075,55.0,0.2714949649277275,1.1076051425936013,-0.0010361533985041942,0.0018065686558670592,0.25030159365842686,1.1220245521169796,False,False
L 98-59 b,Transmission,1624,1625,Zhou et al. 2022,Zhou et al. 2022,Wide Field Camera 3,Wide Field Camera 3,True,unknown,True,25.0,0.0,0.0033922220320355394,0.0011871533021129556,27.6785084353834,24.0,0.27383309794038485,1.1532711848076416,-0.00047235835098316363,0.00816405856590603,0.22831525859251778,1.2032678632748455,False,False
GJ 1132 b,Transmission,1090,1093,Bennett et al. 2025,Bennett et al. 2025,Near Infrared Spectrograph (NIRSpec) - G395M,Near Infrared Spectrograph (NIRSpec),False,unknown,True,58.0,0.0,0.0015455968906845853,0.0008283324476395217,62.937408234568,57.0,0.2743054323849382,1.1041650567468069,-0.0012258900079547609,0.0014785313202925528,0.26356077621729496,1.1116063734008492,False,False
HAT-P-41 b,Transmission,184,1639,Wakeford et al. 2020,Sheppard et al. 2021,Wide Field Camera 3,Space Telescope Imaging Spectrograph,False,unknown,True,13.0,0.0,-0.011576600318674744,0.007123064233416966,14.361401214582298,12.0,0.27822759885076903,1.1967834345485249,-0.14953900043420237,0.10200169313446301,0.34791230402991125,1.1101923032569092,False,False
GJ 1132 b,Transmission,1083,1088,Bennett et al. 2025,Bennett et al. 2025,Near Infrared Spectrograph (NIRSpec) - G395M,Near Infrared Spectrograph (NIRSpec) - G395H,False,unknown,True,62.0,2.0,-0.005450545759224609,0.000979990177646373,66.95812638526039,61.0,0.28003855721687543,1.0976742030370554,-0.003534591275584866,0.001688547178378555,0.3849164328785335,1.0429388651649907,False,False
WASP-52 b,Transmission,334,1702,Chen et al. 2017,Alam et al. 2018,OSIRIS,Space Telescope Imaging Spectrograph,False,unknown,True,21.0,2.0,0.15272768535246112,0.011178643199685789,23.168273438618176,20.0,0.2806076999509011,1.1584136719309088,-0.006566869776089134,0.11337755245615526,0.23015595547095144,1.2192062457562824,False,False
TOI-1685 b,Transmission,1024,1572,Luque et al. 2025,Fisher et al. 2026,Near Infrared Spectrograph (NIRSpec) - G395H,Near Infrared Spectrograph (NIRSpec) - G395H,True,unknown,True,24.0,1.0,-3.6180028438806935e-05,0.0010082340868439851,26.421833502424526,23.0,0.28135934806556745,1.1487753696706315,-0.006208414147192636,0.004418646292173121,0.32420854180635067,1.1112577758566944,False,False
WASP-39 b,Transmission,172,835,JWST Transiting Exoplanet Community ERS Team 2022,Carter et al. 2024,Near Infrared Spectrograph (NIRSpec),Near Infrared Spectrograph (NIRSpec),True,unknown,True,15.0,15.0,-0.004324904638471465,0.0027033697120437826,16.528855976550407,14.0,0.28215490326826614,1.1806325697536004,0.01002172116522929,0.01338794666493156,0.25083450890544506,1.2283468808600362,False,False
TOI-836 b,Transmission,777,778,Alderson et al. 2024,Alderson et al. 2024,Near Infrared Spectrograph (NIRSpec),Near Infrared Spectrograph (NIRSpec),True,unknown,True,105.0,0.0,0.00012953443155311534,0.0004854137961047917,111.7946366429603,104.0,0.283158380375788,1.0749484292592337,-0.002328471873999794,0.0008942043656312092,0.42629482503587546,1.019553708974906,False,False
55 Cnc e,Eclipse,852,860,Patel et al. 2024,Patel et al. 2024,Near Infrared Camera (NIRCam),Near Infrared Camera (NIRCam),True,independent,True,30.0,30.0,0.007079551919238565,0.0005100568185333591,32.836082019478695,29.0,0.28439970224350375,1.1322786903268516,-0.003931296058893254,0.0018639661133279962,0.4440480153702229,1.0138488429215353,False,False
55 Cnc e,Eclipse,856,858,Patel et al. 2024,Patel et al. 2024,Near Infrared Camera (NIRCam),Near Infrared Camera (NIRCam),True,independent,True,30.0,30.0,0.0011006652677732663,0.00048463533158458615,32.83380487569248,29.0,0.28449292249981906,1.1322001681273268,0.0015897372891659608,0.0017657835706851904,0.2735653003240385,1.1436879428237428,False,False
GJ 1132 b,Transmission,557,1083,May et al. 2023,Bennett et al. 2025,Near Infrared Spectrograph (NIRSpec),Near Infrared Spectrograph (NIRSpec) - G395M,False,unknown,True,59.0,0.0,0.0014996127812276104,0.0009797241162374142,63.63735376278876,58.0,0.2847384203836204,1.0971957545308408,0.005239406522189329,0.001659387715282422,0.600858981156544,0.9415432779859383,False,False
CoRoT-1 b,Transmission,579,884,Changeat et al. 2022,Glidic et al. 2022,Wide Field Camera 3,Wide Field Camera 3,True,unknown,True,10.0,0.0,0.13617296052239858,0.017597417818102767,10.856180120858532,9.0,0.28569607657904855,1.2062422356509481,-0.08865727036691423,0.1243660271382785,0.2414458360208748,1.293498900448441,False,False
WASP-17 b,Transmission,911,912,Louie et al. 2025,Louie et al. 2025,Near Infrared Imager and Slitless Spectrograph (NIRISS),Near Infrared Imager and Slitless Spectrograph (NIRISS),True,unknown,True,112.0,0.0,-0.0033361091140374083,0.0040012669789797105,118.93286098187008,111.0,0.28612467799094743,1.0714672160528835,-0.0731410708273946,0.144940417780141,0.2692614424467817,1.0788928274777638,False,False
WASP-6 b,Transmission,713,1779,Jord&aacute;n et al. 2013,Carter et al. 2020,IMACS spectrograph,FORS2,False,unknown,True,15.0,0.0,0.22513635738649587,0.007248715686353453,16.453644393121536,14.0,0.28646248880418124,1.1752603137943953,0.18985967376699786,0.09703018664990136,0.47718146549051343,0.9711493051040994,False,False
HD 189733 b,Transmission,34,897,Pont et al. 2013,Zhang et al. 2025,Infrared Array Camera (IRAC),Near Infrared Camera (NIRCam),False,unknown,True,5.0,0.0,0.019944490561508776,0.006625914601459604,4.9929909686125935,4.0,0.28801742199574587,1.2482477421531484,0.024025500615403907,0.015312698463374907,0.46966903515393654,0.8437517435870355,False,False
HAT-P-26 b,Transmission,397,570,Wakeford et al. 2017,A-thano et al. 2023,Wide Field Camera 3,Wide Field Camera 3,True,unknown,True,18.0,0.0,0.0021782905960141116,0.0014499902245704596,19.71864557530494,17.0,0.28887243421828673,1.1599203279591142,0.010012669971598716,0.006860136365932212,0.34854511087387946,1.0992735794085027,False,False
TrES-4 b,Transmission,275,675,Ranjan et al. 2014,Edwards et al. 2023,WFC3,Wide Field Camera 3,False,unknown,True,8.0,0.0,0.02538588069253754,0.01761016014053851,8.49428975939204,7.0,0.2910293238075476,1.2134699656274341,-0.1295535635104237,0.1493102214336308,0.2576662070284388,1.2902367261184973,False,False
GJ 341 b,Transmission,996,998,Kirk et al. 2024,Kirk et al. 2024,Near Infrared Camera (NIRCam),Near Infrared Camera (NIRCam),True,unknown,True,54.0,54.0,0.0009712639879159012,0.0005166507193928911,58.09664716660048,53.0,0.2931157814119311,1.0961631540868015,-0.006783440638141888,0.0018515078927087382,0.754585541999952,0.8591089963693571,False,False
L 98-59 b,Transmission,1623,1624,Zhou et al. 2022,Zhou et al. 2022,Wide Field Camera 3,Wide Field Camera 3,True,unknown,True,25.0,0.0,-0.0051001633524504365,0.0010909513242383366,27.21160436589653,24.0,0.2946866636082991,1.133816848579022,-0.005125526267560623,0.007524379197580586,0.26686002258632135,1.1629385027560348,False,False
GJ 1132 b,Transmission,1080,1083,Bennett et al. 2025,Bennett et al. 2025,Near Infrared Spectrograph (NIRSpec) - G395H,Near Infrared Spectrograph (NIRSpec) - G395M,False,unknown,True,62.0,1.0,0.00296162246553123,0.0009986407560270676,66.42114537616212,61.0,0.2956516018819365,1.0888712356747887,0.001989880219316493,0.0016968685661530871,0.30544282718630067,1.0840995330758405,False,False
TOI-836 b,Transmission,775,778,Alderson et al. 2024,Alderson et al. 2024,Near Infrared Spectrograph (NIRSpec),Near Infrared Spectrograph (NIRSpec),True,unknown,True,104.0,0.0,0.00032841679480369914,0.0004865969967733349,110.09364540301107,103.0,0.2982166469537001,1.068870343718554,-0.0023149849599509325,0.0009008982967073262,0.44018523532092607,1.0146136461156852,False,False
WASP-17 b,Transmission,912,1015,Louie et al. 2025,Alderson et al. 2022,Near Infrared Imager and Slitless Spectrograph (NIRISS),Wide Field Camera 3,False,unknown,True,6.0,0.0,-0.030400164132802564,0.005592801298288101,6.079358116725348,5.0,0.2985734545097068,1.2158716233450695,-0.3195342684809862,0.15127505773543234,0.805614717238859,0.4044148842714139,False,False
WASP-39 b,Transmission,303,837,Ahrer et al. 2023,Carter et al. 2024,Near Infrared Camera (NIRCam),Near Infrared Spectrograph (NIRSpec),False,unknown,True,43.0,0.0,0.03422196993867179,0.0016682768647056296,46.25575876622175,42.0,0.30092139260242107,1.1013275896719465,-0.0032481597349995014,0.0038633825391865637,0.28844603123985274,1.1109485151786547,False,False
KOI-13 b,Eclipse,514,605,Mansfield et al. 2021,Changeat et al. 2022,Wide Field Camera 3,Wide Field Camera 3,True,unknown,True,12.0,0.0,-0.015362725401880183,0.0037774005343240045,12.855916227868656,11.0,0.30284692669439683,1.1687196570789686,-0.057082072197781136,0.02915159035814433,0.5300440358568326,0.9021714523615436,False,False
KOI-13 b,Eclipse,357,514,Beatty et al. 2017,Mansfield et al. 2021,Wide Field Camera 3,Wide Field Camera 3,True,unknown,True,12.0,0.0,0.015362725401880183,0.0037774005343240045,12.855916227868656,11.0,0.30284692669439683,1.1687196570789686,0.057082072197781136,0.02915159035814433,0.5300440358568326,0.9021714523615436,False,False
WASP-17 b,Transmission,254,1015,Sing et al. 2016,Alderson et al. 2022,Space Telescope Imaging Spectrograph,Wide Field Camera 3,False,unknown,True,3.0,0.0,0.08369792596389074,0.026137061424422407,2.3543590325477823,2.0,0.30814663665354813,1.1771795162738912,,,,,False,False
WASP-19 b,Transmission,277,919,Mandell et al. 2013,Tumborang et al. 2024,Wide Field Camera 3,Wide Field Camera 3,True,unknown,True,6.0,0.0,0.09589765006295708,0.009653832848632771,5.974956670005394,5.0,0.30866337681203404,1.1949913340010787,-0.018517274713291038,0.06843721812083975,0.2066070200988955,1.475436708091799,False,False
HD 15337 c,Transmission,1767,1768,Wallack et al. 2026,Wallack et al. 2026,Near Infrared Spectrograph (NIRSpec) - G395H,Near Infrared Spectrograph (NIRSpec) - G395H,True,unknown,True,104.0,104.0,-0.0025143920037788963,0.0006236813915639815,109.63507785780092,103.0,0.3089091780075352,1.064418231629135,-0.001400209977960371,0.001144806551163872,0.31990677331073714,1.0601873576079746,False,False
WASP-107 b,Transmission,773,774,Welbanks et al. 2024,Welbanks et al. 2024,Near Infrared Camera (NIRCam),Near Infrared Camera (NIRCam),True,unknown,True,3.0,0.0,-0.017642881485078542,0.00878357443398916,2.34830552751952,2.0,0.3090807331871534,1.17415276375976,,,,,False,False
TOI-5205 b,Transmission,1602,1604,Ca&ntilde;as et al. 2026,Ca&ntilde;as et al. 2026,Near Infrared Spectrograph (NIRSpec) - PRISM,Near Infrared Spectrograph (NIRSpec) - PRISM,True,unknown,True,469.0,0.0,0.03138817044913278,0.002146465547242624,482.73023919129525,468.0,0.3091544144885542,1.03147487006687,-0.0006984492818558521,0.002223224671926596,0.29887535943808113,1.0334722535283307,False,False
WASP-74 b,Transmission,117,519,Mancini et al. 2019,Fu et al. 2021,Wide Field Camera 3,Wide Field Camera 3,True,unknown,True,18.0,0.0,0.06502162800333536,0.001959172034750063,19.32791070325969,17.0,0.31003826976157384,1.1369359237211583,0.0016036908785321486,0.013598811020975607,0.2527166960852782,1.207125219472761,False,False
TRAPPIST-1 c,Transmission,988,1692,Radica et al. 2025,Zhang et al. 2018,Near Infrared Imager and Slitless Spectrograph (NIRISS),Wide Field Camera 3,False,unknown,True,7.0,0.0,0.020948353569629055,0.009292001527616764,7.108819069624735,6.0,0.3109008834728204,1.184803178270789,-0.08404840353490727,0.06369787050671348,0.37266242117232384,1.0735555245303812,False,False
HD 189733 b,Transmission,461,464,Pont et al. 2013,Swain et al. 2008,Near Infrared Camera and Multi-Object Spectrometer,Near Infrared Camera and Multi-Object Spectrometer,True,unknown,True,17.0,17.0,0.00868288830148115,0.005763614881711207,18.204942749641006,16.0,0.3120332972018041,1.1378089218525629,0.025897918535363215,0.022063757874566242,0.3292994618736405,1.1218127790784016,False,False
WASP-43 b,Eclipse,699,704,Bell et al. 2024,Bell et al. 2024,Mid-Infrared Instrument (MIRI),Mid-Infrared Instrument (MIRI),True,unknown,True,14.0,0.0,-0.010902321663525777,0.002195040941055096,14.908172533164507,13.0,0.31312041093326365,1.1467825025511158,0.003548705453996051,0.0015542085900752587,0.6427185500745702,0.8078974605884884,False,False
GJ 1132 b,Transmission,1082,1085,Bennett et al. 2025,Bennett et al. 2025,Near Infrared Spectrograph (NIRSpec) - G395M,Near Infrared Spectrograph (NIRSpec) - G395H,False,unknown,True,54.0,0.0,0.00020663775034005172,0.0010388637875322535,57.45445533968239,53.0,0.3136731231240369,1.0840463271638188,-0.0011646100398695377,0.0018240902227501543,0.2930001587333971,1.097054292128107,False,False
WASP-17 b,Transmission,913,1015,Louie et al. 2025,Alderson et al. 2022,Near Infrared Imager and Slitless Spectrograph (NIRISS),Wide Field Camera 3,False,unknown,True,13.0,0.0,-0.042741726046604846,0.0029590375465068336,13.735362105463116,12.0,0.31792589337414184,1.144613508788593,0.027235977499112426,0.0395554086419442,0.2765933125322421,1.2055688628108712,False,False
WASP-107 b,Transmission,552,765,Dyrek et al. 2024,Sing et al. 2024,Mid-Infrared Instrument (MIRI) - LRS,Near Infrared Spectrograph (NIRSpec),False,unknown,True,4.0,0.0,0.03858078736546296,0.003625848456022523,3.519363113485508,3.0,0.3182594597321839,1.1731210378285026,-0.023350780274878448,0.02201884450829264,0.3019900308084685,1.1973612727201135,False,False
WASP-107 b,Transmission,767,772,Welbanks et al. 2024,Welbanks et al. 2024,Near Infrared Camera (NIRCam),Near Infrared Camera (NIRCam),True,unknown,True,4.0,0.0,-0.010782998092728315,0.006735453600037379,3.475184806011557,3.0,0.32399485869349265,1.1583949353371856,-0.3631942069479546,0.41500561536806874,0.2580390537857585,1.3546443342533636,False,False
WASP-17 b,Transmission,540,1011,Saba et al. 2022,Alderson et al. 2022,Space Telescope Imaging Spectrograph,Space Telescope Imaging Spectrograph,True,unknown,True,9.0,0.0,0.039248990179154626,0.015731149757727676,9.212554627917626,8.0,0.324683774258958,1.1515693284897033,-0.4111568140047753,0.32005925061116425,0.372766488353031,1.0803268035155587,False,False
HAT-P-41 b,Transmission,184,1638,Wakeford et al. 2020,Sheppard et al. 2021,Wide Field Camera 3,Space Telescope Imaging Spectrograph,False,unknown,True,25.0,25.0,0.001827756730857628,0.004506571562121427,26.536084650796543,24.0,0.32653678370497935,1.1056701937831892,0.060817737774314186,0.06841241021424728,0.3130130898328639,1.1193820395100933,False,False
WASP-39 b,Transmission,835,871,Carter et al. 2024,Rustamkulov et al. 2023,Near Infrared Spectrograph (NIRSpec),Near Infrared Spectrograph (NIRSpec) - PRISM,False,unknown,True,30.0,0.0,0.005673892483038331,0.0019008321645911529,31.84800823460736,29.0,0.32658434875615844,1.0982071805037021,0.00031341237119464544,0.007044418462454409,0.28082185714862445,1.1373581712953922,False,False
L 98-59 b,Transmission,880,1621,Damiano et al. 2022,Zhou et al. 2022,Wide Field Camera 3,Wide Field Camera 3,True,unknown,True,17.0,0.0,0.0013429944816647837,0.0012766189283312966,17.94599993850707,16.0,0.327068575300965,1.121624996156692,-0.002107219075483801,0.00899340430655699,0.26843404657224246,1.192740006032173,False,False
WASP-121 b,Eclipse,348,518,Evans et al. 2017,Mansfield et al. 2021,Wide Field Camera 3,Wide Field Camera 3,True,unknown,True,13.0,0.0,-0.0016104007061208687,0.0019070224621543525,13.586914869907979,12.0,0.3278607890131255,1.132242905825665,0.02199479598877574,0.01382225343335489,0.4386831930576529,1.0049824704775494,False,False
WASP-19 b,Transmission,62,283,Mancini et al. 2013,Huitson et al. 2013,GROND,Space Telescope Imaging Spectrograph,False,unknown,True,3.0,3.0,-0.08348254480417085,0.01588037375102473,2.227250691189224,2.0,0.32836635905094763,1.113625345594612,,,,,False,False
HD 86226 c,Transmission,1611,1612,Kahle et al. 2025,Kahle et al. 2025,Wide Field Camera 3,Wide Field Camera 3,True,unknown,True,21.0,21.0,-0.0027140534767686702,0.0006556564599549653,22.207030653922963,20.0,0.329383110968938,1.1103515326961482,0.004302169300573943,0.005164054334504755,0.30916028525230216,1.1322619185508713,False,False
55 Cnc e,Eclipse,858,860,Patel et al. 2024,Patel et al. 2024,Near Infrared Camera (NIRCam),Near Infrared Camera (NIRCam),True,independent,True,30.0,30.0,-0.0018344116372614617,0.0004817082116747395,31.76490251075688,29.0,0.33028688796706046,1.0953414658881682,-0.002332647782547249,0.0017515865241841306,0.3636297211432976,1.0711209418969856,False,False
WASP-39 b,Transmission,298,834,Nikolov et al. 2016,Carter et al. 2024,FORS2,Near Infrared Imager and Slitless Spectrograph (NIRISS),False,unknown,True,7.0,0.0,0.004171707642606518,0.010929105177728592,6.898291664102723,6.0,0.3303557040646541,1.149715277350454,-0.4370684123645951,0.20598150505350685,0.7920831691364447,0.47918183488490707,False,False
WASP-39 b,Transmission,836,871,Carter et al. 2024,Rustamkulov et al. 2023,Near Infrared Spectrograph (NIRSpec),Near Infrared Spectrograph (NIRSpec) - PRISM,False,unknown,True,29.0,0.0,0.0049717215307222,0.0025563315402460287,30.69783244993955,28.0,0.33066043929182953,1.0963511589264126,0.00928701668305413,0.006973406842551167,0.3645841531137814,1.0712668453943743,False,False
TOI-5205 b,Transmission,1604,1606,Ca&ntilde;as et al. 2026,Ca&ntilde;as et al. 2026,Near Infrared Spectrograph (NIRSpec) - PRISM,Near Infrared Spectrograph (NIRSpec) - PRISM,True,unknown,True,470.0,0.0,-0.00799047701865103,0.0025381357622843563,481.86278683028337,469.0,0.33071995710532526,1.0274259847127578,0.0013982985637244613,0.0026288108326503186,0.3222593492663568,1.0290167851030543,False,False
KELT-9 b,Transmission,878,879,Egan et al. 2024,Egan et al. 2024,CUTE NUV Spectrograph,CUTE NUV Spectrograph,True,unknown,True,8.0,0.0,-0.5654764383767501,0.3716948170280483,7.991186017608741,7.0,0.33337175414126796,1.1415980025155343,5.746244634941357,16.601001765858275,0.24767907088454266,1.3118957011807253,False,False
WASP-96 b,Transmission,578,985,Radica et al. 2023,Nikolov et al. 2022,Near Infrared Imager and Slitless Spectrograph (NIRISS),Wide Field Camera 3,False,unknown,True,66.0,0.0,-0.02003259365552427,0.003196662123203573,69.21874920635871,65.0,0.3370608347039162,1.06490383394398,0.02309709997114702,0.014708277846310683,0.38259594860150237,1.0430118673471047,False,False
GJ 1132 b,Transmission,1086,1092,Bennett et al. 2025,Bennett et al. 2025,Near Infrared Spectrograph (NIRSpec) - G395M,Near Infrared Spectrograph (NIRSpec),False,unknown,True,58.0,0.0,5.929109977370976e-05,0.0007925265657656802,60.858386505737556,57.0,0.33882504649268563,1.0676909913287291,-0.00041582171665354925,0.001422648502746119,0.30804367353280615,1.0852313355944647,False,False
L 98-59 b,Transmission,1623,1625,Zhou et al. 2022,Zhou et al. 2022,Wide Field Camera 3,Wide Field Camera 3,True,unknown,True,25.0,0.0,-0.001775189117861993,0.0011696008301216732,26.28458847945392,24.0,0.33888451631713723,1.0951911866439132,-0.005868021288111703,0.008117421404637589,0.3122290000191137,1.1200876185737287,False,False
GJ 1132 b,Transmission,557,1087,May et al. 2023,Bennett et al. 2025,Near Infrared Spectrograph (NIRSpec),Near Infrared Spectrograph (NIRSpec) - G395M,False,unknown,True,54.0,0.0,-0.00020191520783880524,0.0009892880712933513,56.68330815547257,53.0,0.33935209098776564,1.0694963802919353,0.005391204556474898,0.0017349769568062185,0.6693389100898062,0.9043768939982701,False,False
WASP-107 b,Transmission,767,768,Welbanks et al. 2024,Welbanks et al. 2024,Near Infrared Camera (NIRCam),Near Infrared Camera (NIRCam),True,unknown,True,4.0,0.0,-0.008405528829370254,0.00629384522558396,3.33316817282195,3.0,0.3430528680083756,1.1110560576073167,-0.34145673777315194,0.38650496208260576,0.27905550253270345,1.276344583136505,False,False
WASP-43 b,Eclipse,697,704,Bell et al. 2024,Bell et al. 2024,Mid-Infrared Instrument (MIRI),Mid-Infrared Instrument (MIRI),True,unknown,True,14.0,0.0,-0.004468216521211073,0.002347828346882594,14.435315894952039,13.0,0.3439165190022605,1.1104089149963108,0.005091894117283419,0.0015884414115052996,0.9803831301630982,0.3466249762464419,False,False
WASP-39 b,Transmission,75,835,JWST Transiting Exoplanet Community ERS Team 2022,Carter et al. 2024,Near Infrared Spectrograph (NIRSpec),Near Infrared Spectrograph (NIRSpec),True,unknown,True,20.0,0.0,-0.010365092585249086,0.002236441846414531,20.85965267414396,19.0,0.34460739853271216,1.0978764565338925,0.010875902557436663,0.01129937090563302,0.3365928798349289,1.107400136638655,False,False
WASP-17 b,Transmission,913,1014,Louie et al. 2025,Alderson et al. 2022,Near Infrared Imager and Slitless Spectrograph (NIRISS),Wide Field Camera 3,False,unknown,True,25.0,0.0,-0.05070048237887776,0.0024659838752066764,26.154802458019933,24.0,0.3453571182081421,1.0897834357508305,-0.024470269410155284,0.01758647175183747,0.3917800536313257,1.052988559902567,False,False
WASP-80 b,Transmission,112,888,Kirk et al. 2018,Wong et al. 2022,ACAM,Space Telescope Imaging Spectrograph,False,unknown,True,3.0,0.0,-0.017294217974576805,0.030719167367376763,2.1187913719122298,2.0,0.3466652417166161,1.0593956859561149,,,,,False,False
Kepler-51 d,Transmission,669,1619,Edwards et al. 2023,Libby-Roberts et al. 2020,Wide Field Camera 3,Wide Field Camera 3,True,unknown,True,20.0,0.0,0.029003613281907255,0.008056409198061514,20.806448122737038,19.0,0.34759353869779974,1.0950762169861599,-0.16681496347393399,0.06306837385579582,0.7413584613284472,0.7672498547392095,False,False
HAT-P-12 b,Transmission,17,1669,Yan et al. 2020,Alexoudi et al. 2018,MODS2,Space Telescope Imaging Spectrograph,False,unknown,True,12.0,0.0,-0.032441147573003724,0.011241330977152283,12.20544332472264,11.0,0.3484005710137075,1.1095857567929672,-0.14000299995232923,0.1610733973511759,0.32355255916459985,1.1449956237655037,False,False
TRAPPIST-1 d,Transmission,1070,1694,Piaulet-Ghorayeb et al. 2025,Zhang et al. 2018,Near Infrared Spectrograph (NIRSpec) - PRISM,Wide Field Camera 3,False,unknown,True,4.0,0.0,0.019738064134251835,0.006987409864920636,3.2856035704919693,3.0,0.3496513911447095,1.0952011901639898,-0.0702880344296295,0.043427521089713046,0.7167640200443626,0.33300861383185026,False,False
WASP-39 b,Transmission,833,835,Carter et al. 2024,Carter et al. 2024,Near Infrared Camera (NIRCam),Near Infrared Spectrograph (NIRSpec),False,unknown,True,29.0,1.0,0.013216883608760232,0.0020412933007480545,30.266378241748853,28.0,0.3505985925695571,1.080942080062459,-0.010697758582724442,0.007916925715698587,0.38853871101810905,1.053351753363145,False,False
GJ 1214 b,Transmission,443,659,Croll et al. 2011,Edwards et al. 2023,WIRCam,Wide Field Camera 3,False,unknown,True,4.0,4.0,0.024291409016418058,0.013321905028549644,3.2779273264007833,3.0,0.35072658401988943,1.0926424421335945,,,,,False,False
GJ 1214 b,Transmission,232,443,Kreidberg et al. 2014,Croll et al. 2011,Wide Field Camera 3,WIRCam,False,unknown,True,4.0,4.0,-0.013623662030867395,0.013329734397929307,3.275045077758392,3.0,0.35113103487052233,1.0916816925861308,,,,,False,False
WASP-39 b,Transmission,171,833,JWST Transiting Exoplanet Community ERS Team 2022,Carter et al. 2024,Near Infrared Spectrograph (NIRSpec),Near Infrared Camera (NIRCam),False,unknown,True,28.0,1.0,-0.016686674562556788,0.0021338690926430504,29.19577795600242,27.0,0.35147026667209275,1.081325109481571,-0.0004252457384749309,0.0075754372425964524,0.3023954560048343,1.1227933399610475,False,False
WASP-17 b,Transmission,911,1015,Louie et al. 2025,Alderson et al. 2022,Near Infrared Imager and Slitless Spectrograph (NIRISS),Wide Field Camera 3,False,unknown,True,13.0,0.0,-0.04219067160775388,0.002951051359438939,13.224252771241598,12.0,0.35295400018891493,1.1020210642701331,0.027371042171384342,0.03935665388818527,0.31061822072154777,1.1582350827149217,False,False
GJ 1132 b,Transmission,555,1085,May et al. 2023,Bennett et al. 2025,Near Infrared Spectrograph (NIRSpec),Near Infrared Spectrograph (NIRSpec) - G395H,False,unknown,True,53.0,0.0,-0.002178449453226598,0.000940815536889776,55.21151891196174,52.0,0.3542918291461941,1.0617599790761874,0.0040490922847778435,0.001678555924252678,0.5376902526185963,0.9684819812962988,False,False
GJ 1132 b,Transmission,1080,1087,Bennett et al. 2025,Bennett et al. 2025,Near Infrared Spectrograph (NIRSpec) - G395H,Near Infrared Spectrograph (NIRSpec) - G395M,False,unknown,True,56.0,1.0,0.000985869725845106,0.00101286582831796,58.2809088803065,55.0,0.3556466122898494,1.0596528887328454,0.0020861303005129043,0.0017784239396377915,0.36745907927557364,1.0537949705123384,False,False
HD 189733 b,Transmission,264,464,McCullough et al. 2014,Swain et al. 2008,Wide Field Camera 3,Near Infrared Camera and Multi-Object Spectrometer,False,unknown,True,3.0,3.0,-0.05704708912202053,0.010526989202329832,2.061759975645378,2.0,0.356692936979963,1.030879987822689,,,,,False,False
HR 8799 c,Direct Imaging,805,933,Wang et al. 2022,Greenbaum et al. 2018,CHARIS integral field spectrograph,Gemini Planet Imager (GPI),False,unknown,True,14.0,14.0,3.711537075325306e-18,2.8071636845835934e-18,14.232498809430709,13.0,0.3576764760495384,1.094807600725439,8.633478787360103e-18,1.347868965506966e-17,0.312204665820229,1.1518518856600344,False,
WASP-117 b,Transmission,341,509,Anisman et al. 2020,Carone et al. 2021,Wide Field Camera 3,Wide Field Camera 3,True,unknown,True,17.0,1.0,0.010378247754587481,0.0014282414937781054,17.36512271423937,16.0,0.3623589614915221,1.0853201696399606,-0.0004483425912626767,0.010262036722732118,0.29761907262101717,1.1575475964978035,False,False
WASP-39 b,Transmission,73,77,Fischer et al. 2016,Feinstein et al. 2023,Space Telescope Imaging Spectrograph,Near Infrared Imager and Slitless Spectrograph (NIRISS),False,unknown,True,10.0,0.0,0.029045987987716414,0.009397759351916614,9.847201618581002,9.0,0.3629962587604125,1.0941335131756669,0.1000783784102844,0.1166340697097405,0.33302351171864947,1.1388680300151472,False,False
WASP-74 b,Transmission,117,585,Mancini et al. 2019,Changeat et al. 2022,Wide Field Camera 3,Wide Field Camera 3,True,unknown,True,17.0,0.0,0.08558745718240886,0.0020014016245058215,17.347803065704618,16.0,0.36344336031276975,1.0842376916065386,-0.020378612705662987,0.014549279314939103,0.4239902185134162,1.0257300629871928,False,False
L 98-59 b,Transmission,875,1624,Damiano et al. 2022,Zhou et al. 2022,Wide Field Camera 3,Wide Field Camera 3,True,unknown,True,17.0,0.0,-0.0016005070250191033,0.0012484480349362417,17.331811209449086,16.0,0.36444623546539306,1.0832382005905679,-0.007228296556669783,0.008981743813869953,0.338094088943916,1.1122763971691227,False,False
GJ 1132 b,Transmission,555,1092,May et al. 2023,Bennett et al. 2025,Near Infrared Spectrograph (NIRSpec),Near Infrared Spectrograph (NIRSpec),True,unknown,True,60.0,0.0,0.0003360553973116309,0.000744025574618348,62.12177876878671,59.0,0.3655656783641993,1.052911504555707,0.0032780811222434046,0.0012529020878746073,0.5772127111146803,0.9530393019229935,False,False
L 98-59 b,Transmission,874,1625,Damiano et al. 2022,Zhou et al. 2022,Wide Field Camera 3,Wide Field Camera 3,True,unknown,True,17.0,0.0,0.005573149029731902,0.0014221407766109094,17.29163495003082,16.0,0.3669725519457285,1.0807271843769262,-0.007419923672813489,0.010036749766399336,0.3343289196145282,1.116340441050862,False,False
WASP-39 b,Transmission,76,303,JWST Transiting Exoplanet Community ERS Team 2022,Ahrer et al. 2023,Near Infrared Spectrograph (NIRSpec),Near Infrared Camera (NIRCam),False,unknown,True,68.0,0.0,-0.00392362547702342,0.0022108306897046038,70.31943156495093,67.0,0.3670975344968856,1.0495437547007602,-0.01573481383780385,0.00794430206598684,0.46315835506652453,1.006007440515552,False,False
L 98-59 b,Transmission,874,881,Damiano et al. 2022,Damiano et al. 2022,Wide Field Camera 3,Wide Field Camera 3,True,unknown,True,18.0,0.0,0.003963075670212891,0.001493484234476559,18.304389880332614,17.0,0.36988581701434825,1.0767288164901538,-0.00573292923728463,0.010116569642544381,0.3248783931702076,1.1239534776174576,False,False
GJ 1132 b,Transmission,555,1091,May et al. 2023,Bennett et al. 2025,Near Infrared Spectrograph (NIRSpec),Near Infrared Spectrograph (NIRSpec) - G395M,False,unknown,True,60.0,0.0,-5.733659220931469e-05,0.000989994918058159,61.93308667895539,59.0,0.3718963495215907,1.0497133335416169,0.00354255064304046,0.0016264545914128198,0.5054364983650197,0.9860180636795659,False,False
HAT-P-12 b,Transmission,17,641,Yan et al. 2020,Wong et al. 2020,MODS2,Space Telescope Imaging Spectrograph,False,unknown,True,3.0,0.0,-0.023471028661702496,0.0188979438123873,1.9690816171095047,2.0,0.3736107464121142,0.9845408085547523,,,,,False,False
L 98-59 b,Transmission,1622,1623,Zhou et al. 2022,Zhou et al. 2022,Wide Field Camera 3,Wide Field Camera 3,True,unknown,True,25.0,0.0,0.006856717177821998,0.0011308038417012388,25.581656312880337,24.0,0.3747271429220623,1.0659023463700141,-0.005067247914197357,0.007762389761337255,0.34231708498347674,1.093718053095613,False,False
GJ 1132 b,Transmission,1082,1091,Bennett et al. 2025,Bennett et al. 2025,Near Infrared Spectrograph (NIRSpec) - G395M,Near Infrared Spectrograph (NIRSpec) - G395M,True,unknown,True,64.0,0.0,0.00279732949913799,0.0010412736875091626,65.85808301215032,63.0,0.37824925284434885,1.045366397018259,0.0003550973577901689,0.0017628937567160002,0.3461843925841691,1.0615727338721967,False,False
Kepler-51 d,Transmission,1589,1619,Libby-Roberts et al. 2026,Libby-Roberts et al. 2020,Near Infrared Spectrograph (NIRSpec) - PRISM,Wide Field Camera 3,False,unknown,True,20.0,0.0,-0.007735557863440428,0.006141943945218061,20.23033748616689,19.0,0.38083933983005064,1.0647546045350993,-0.06477884700955709,0.04634291536428666,0.4375854883883294,1.0153582898731819,False,False
WASP-127 b,Transmission,406,1651,Chen et al. 2018,Spake et al. 2021,OSIRIS,Space Telescope Imaging Spectrograph,False,unknown,True,20.0,0.0,-0.0008644450664519131,0.004632155955890593,20.168685000207105,19.0,0.38449260179989003,1.0615097368530055,0.029558904380944825,0.047065069469895214,0.3456718311044459,1.0985692521019474,False,False
GJ 1214 b,Transmission,472,862,Gillon et al. 2014,Schlawin et al. 2024,Infrared Array Camera (IRAC),Near Infrared Spectrograph (NIRSpec),False,unknown,True,4.0,4.0,-0.016227073861442506,0.005327831360483636,3.0393037469076276,3.0,0.3856049199910099,1.0131012489692093,-0.0154712085106923,0.012528114229738846,0.46900624882034525,0.7571391869138605,False,False
TRAPPIST-1 c,Transmission,1008,1692,Rathcke et al. 2025,Zhang et al. 2018,Near Infrared Spectrograph (NIRSpec) - PRISM,Wide Field Camera 3,False,unknown,True,12.0,12.0,0.01540703894868749,0.009168767666942395,11.707002410274168,11.0,0.38606499014716217,1.0642729463885607,0.07212396934164138,0.057874828766086434,0.4270902646036537,1.0153972564322766,False,False
GJ 1214 b,Transmission,472,863,Gillon et al. 2014,Schlawin et al. 2024,Infrared Array Camera (IRAC),Near Infrared Spectrograph (NIRSpec),False,unknown,True,4.0,4.0,-0.008986427446539963,0.006300100598845021,3.0341595090071354,3.0,0.38638837930927666,1.0113865030023785,-0.0175965745386779,0.014231327252476705,0.4711146783096265,0.7526537362373784,False,False
WASP-39 b,Transmission,75,833,JWST Transiting Exoplanet Community ERS Team 2022,Carter et al. 2024,Near Infrared Spectrograph (NIRSpec),Near Infrared Camera (NIRCam),False,unknown,True,28.0,0.0,-0.02236010562731303,0.0021443994444959877,28.360487453797372,27.0,0.3925713410697524,1.0503884242147175,-0.0011285203557539606,0.007668665163660087,0.341989695875769,1.0899550539970244,False,False
TOI-1685 b,Transmission,1025,1570,Luque et al. 2025,Fisher et al. 2026,Near Infrared Spectrograph (NIRSpec) - G395H,Near Infrared Spectrograph (NIRSpec) - G395H,True,unknown,True,24.0,1.0,0.0009792455414343304,0.001015807596266163,24.197967598669706,23.0,0.39291482528084154,1.052085547768248,-9.890306507449573e-05,0.004463713411902014,0.33696381933773617,1.099885302745076,False,False
HAT-P-26 b,Transmission,396,397,Stevenson et al. 2016,Wakeford et al. 2017,LDSS-3C,Wide Field Camera 3,False,unknown,True,3.0,0.0,-0.002261321171961429,0.005470159436890767,1.8663973434726282,2.0,0.393293678857707,0.9331986717363141,,,,,False,False
GJ 1132 b,Transmission,555,1081,May et al. 2023,Bennett et al. 2025,Near Infrared Spectrograph (NIRSpec),Near Infrared Spectrograph (NIRSpec) - G395H,False,unknown,True,60.0,0.0,-0.0015978926417332556,0.0009630712445020987,61.2006784435362,59.0,0.3969088000017242,1.0372996346362067,0.00397009062663635,0.0016313861122877532,0.5771324323731739,0.9530762154281321,False,False
WASP-127 b,Transmission,980,1650,Boehm et al. 2025,Spake et al. 2021,Wide Field Camera 3,Space Telescope Imaging Spectrograph,False,unknown,True,15.0,0.0,0.021032065114999145,0.005611709304134553,14.701932216191203,14.0,0.39882874472043855,1.0501380154422288,-0.09083097519210523,0.10769863755479037,0.3745034272909123,1.0762031425381209,False,False
WASP-39 b,Transmission,73,834,Fischer et al. 2016,Carter et al. 2024,Space Telescope Imaging Spectrograph,Near Infrared Imager and Slitless Spectrograph (NIRISS),False,unknown,True,8.0,0.0,0.02505107480291377,0.010048422318127291,7.290095843360534,7.0,0.3993129807415427,1.0414422633372191,-0.24312021642808912,0.1957441150542997,0.45206657315005827,0.9579092297013355,False,False
HAT-P-12 b,Transmission,206,643,Sing et al. 2016,Wong et al. 2020,Wide Field Camera 3,Wide Field Camera 3,True,unknown,True,12.0,0.0,0.015480330265681954,0.011905377079323336,11.531966803745064,11.0,0.39983058852569686,1.0483606185222785,0.023555465072376845,0.07783093651004723,0.3242531675027012,1.1440370309017782,False,False
GJ 1132 b,Transmission,557,1085,May et al. 2023,Bennett et al. 2025,Near Infrared Spectrograph (NIRSpec),Near Infrared Spectrograph (NIRSpec) - G395H,False,unknown,True,53.0,0.0,-0.0043701137920825065,0.0009368071258404472,53.86289666799203,52.0,0.40292844291225816,1.0358249359229237,0.005027452315944446,0.0016807554018499625,0.7127585649064924,0.8807000383236229,False,False
GJ 341 b,Transmission,999,1001,Kirk et al. 2024,Kirk et al. 2024,Near Infrared Camera (NIRCam),Near Infrared Camera (NIRCam),True,unknown,True,53.0,0.0,-4.540741074628868e-05,0.0003582079152844019,53.786680738081834,52.0,0.40575510172612145,1.0343592449631123,-0.004701813413481594,0.0012838324868373915,0.8573109870656532,0.7916479842658248,False,False
WASP-17 b,Transmission,1011,1012,Alderson et al. 2022,Alderson et al. 2022,Space Telescope Imaging Spectrograph,Space Telescope Imaging Spectrograph,True,unknown,True,14.0,0.0,-0.0482972012340513,0.015137891212921889,13.498010055417183,13.0,0.4101206069598061,1.0383084658013217,0.6883069453496209,0.2612890831621636,0.8853526934259441,0.5465510351428183,False,False
GJ 1132 b,Transmission,1083,1084,Bennett et al. 2025,Bennett et al. 2025,Near Infrared Spectrograph (NIRSpec) - G395M,Near Infrared Spectrograph (NIRSpec) - G395H,False,unknown,True,54.0,0.0,-0.003252603601324853,0.0010021310405928748,54.68963022462356,53.0,0.41019643482044255,1.0318798155589353,-0.003644183278602736,0.0017613715432219968,0.536659871594176,0.9694055980831754,False,False
TOI-1685 b,Transmission,1024,1570,Luque et al. 2025,Fisher et al. 2026,Near Infrared Spectrograph (NIRSpec) - G395H,Near Infrared Spectrograph (NIRSpec) - G395H,True,unknown,True,24.0,1.0,0.0004998279065498705,0.00092957579051459,23.875389147373095,23.0,0.41073537709207386,1.0380603977118736,-0.002510941359993672,0.0040886953936746795,0.3740681936122984,1.0681021933097166,False,False
HD 189733 b,Transmission,462,477,Pont et al. 2013,Di Gloria et al. 2015,Space Telescope Imaging Spectrograph,HARPS Echelle Spectrograph,False,unknown,True,6.0,0.0,0.10600874088985031,0.013580428231559433,5.027975672569743,5.0,0.41247555353624654,1.0055951345139484,-0.29569371403195915,0.21065836492075868,0.5482161368648393,0.7644252591985627,False,False
WASP-12 b,Transmission,248,250,Sing et al. 2013,Kreidberg et al. 2015,Space Telescope Imaging Spectrograph,Wide Field Camera 3,False,unknown,True,11.0,2.0,0.026070748264995725,0.004381317748079396,10.319190944482559,10.0,0.412949967618845,1.031919094448256,0.045995482380338716,0.0262791511754297,0.610509788881727,0.8061958735161956,False,False
WASP-12 b,Transmission,248,249,Sing et al. 2013,Copperwheat et al. 2013,Space Telescope Imaging Spectrograph,Space Telescope Imaging Spectrograph,True,unknown,True,3.0,1.0,-0.017222767124445343,0.02102683421655815,1.76261898383167,2.0,0.4142401122851833,0.881309491915835,,,,,False,False
L 98-59 b,Transmission,875,1622,Damiano et al. 2022,Zhou et al. 2022,Wide Field Camera 3,Wide Field Camera 3,True,unknown,True,17.0,0.0,-0.0033494630208493513,0.0012943696112605106,16.555543992918363,16.0,0.41490515641905035,1.0347214995573977,0.004686176820970111,0.009222961808249486,0.3625676883363661,1.086491966190932,False,False
GJ 1132 b,Transmission,557,1081,May et al. 2023,Bennett et al. 2025,Near Infrared Spectrograph (NIRSpec),Near Infrared Spectrograph (NIRSpec) - G395H,False,unknown,True,59.0,0.0,-0.0038778101239467966,0.0009618835035581702,59.635538844852846,58.0,0.41595329102972567,1.028198945600911,0.005227503692110129,0.0016404825124365998,0.7500255009332315,0.8680937570636171,False,False
L 98-59 b,Transmission,875,880,Damiano et al. 2022,Damiano et al. 2022,Wide Field Camera 3,Wide Field Camera 3,True,unknown,True,18.0,0.0,-0.0012529388141430985,0.0013365576681379306,17.56342397897812,17.0,0.4168695306295824,1.0331425869987128,-0.0028074812746855943,0.009175042928195183,0.3558442900805599,1.0918620899543654,False,False
GJ 1132 b,Transmission,1086,1094,Bennett et al. 2025,Bennett et al. 2025,Near Infrared Spectrograph (NIRSpec) - G395M,Near Infrared Spectrograph (NIRSpec),False,unknown,True,58.0,0.0,-0.0020390702444645086,0.0007896699772543624,58.56096019954262,57.0,0.41791361298330815,1.0273852666586425,-0.001046202262761594,0.0014151194786533865,0.4009194986064756,1.035971269259231,False,False
WASP-121 b,Eclipse,348,611,Evans et al. 2017,Changeat et al. 2022,Wide Field Camera 3,Wide Field Camera 3,True,unknown,True,24.0,0.0,6.120074205478788e-05,0.0018714405599268848,23.729349726879818,23.0,0.4189197722532578,1.0317108576904268,0.01801398297257779,0.013453876561146298,0.46367961663504353,0.9971172523973681,False,False
GJ 1214 b,Transmission,9,231,de Mooij et al. 2012,Bean et al. 2011,GROND,MMIRS,False,unknown,True,3.0,3.0,0.02256243149620162,0.02188815920383156,1.7237021247209996,2.0,0.4223795074356873,0.8618510623604998,,,,,False,False
L 98-59 b,Transmission,874,1623,Damiano et al. 2022,Zhou et al. 2022,Wide Field Camera 3,Wide Field Camera 3,True,unknown,True,17.0,0.0,0.007055260361281596,0.001331740128483973,16.43624672596833,16.0,0.42295056173978535,1.0272654203730207,-0.002130666873404303,0.009304505986550601,0.3570121257011766,1.0922539283548203,False,False
HAT-P-32 b,Transmission,163,211,Gibson et al. 2013,Nortmann et al. 2016,GMOS,OSIRIS,False,unknown,True,20.0,0.0,0.014877764898204497,0.004923677153875288,19.534242396036703,19.0,0.423077804590823,1.028118020844037,0.048033051982184896,0.047714149095225644,0.4218699822908868,1.0289350277892824,False,False
WASP-107 b,Transmission,552,768,Dyrek et al. 2024,Welbanks et al. 2024,Mid-Infrared Instrument (MIRI) - LRS,Near Infrared Camera (NIRCam),False,unknown,True,3.0,0.0,0.0186180461903528,0.004318991156238365,1.7188068917305985,2.0,0.42341459671937054,0.8594034458652993,,,,,False,False
GJ 1132 b,Transmission,555,558,May et al. 2023,May et al. 2023,Near Infrared Spectrograph (NIRSpec),Near Infrared Spectrograph (NIRSpec),True,unknown,True,58.0,0.0,7.17037783739039e-05,0.0009225235937676517,58.38126113173267,57.0,0.42437923414108714,1.0242326514339064,0.0022554438486049695,0.0015705649374341826,0.46291230719148974,1.0056957004359146,False,False
WASP-76 b,Transmission,721,723,von Essen et al. 2020,Fu et al. 2021,Space Telescope Imaging Spectrograph,Space Telescope Imaging Spectrograph,True,unknown,True,8.0,0.0,-0.010986472682611478,0.004627485403448903,7.042027370966318,7.0,0.4245171523305291,1.0060039101380454,0.18361394223270588,0.07853471950174469,0.9543015790962762,0.26263286368728517,False,False
L 98-59 b,Transmission,880,1626,Damiano et al. 2022,Zhou et al. 2022,Wide Field Camera 3,Wide Field Camera 3,True,unknown,True,17.0,0.0,0.0012970386507049757,0.001060916680551762,16.407840348943317,16.0,0.42487690640662373,1.0254900218089573,0.003941547915489985,0.007474266118303134,0.37348164566968256,1.0753162145696638,False,False
GJ 1132 b,Transmission,555,1089,May et al. 2023,Bennett et al. 2025,Near Infrared Spectrograph (NIRSpec),Near Infrared Spectrograph (NIRSpec) - G395H,False,unknown,True,60.0,0.0,-0.0042042179537944546,0.0009420966519709053,60.253653445433116,59.0,0.4301807177404683,1.0212483634819172,0.0033050446289947587,0.0015842012288018608,0.553746604303928,0.9638138224139932,False,False
HR 8799 d,Direct Imaging,813,1595,Doelman et al. 2022,Xuan et al. 2026,LMIRCam/ALES,Near Infrared Spectrograph (NIRSpec) - G395H,False,unknown,True,5.0,5.0,-5.717847197039812e-17,9.413286755128786e-18,3.8152636868266865,4.0,0.43158409692896416,0.9538159217066716,3.024204576283191e-16,6.237857483357722e-16,0.31050611857167737,1.1934061533478861,False,
GJ 341 b,Transmission,1000,1002,Kirk et al. 2024,Kirk et al. 2024,Near Infrared Camera (NIRCam),Near Infrared Camera (NIRCam),True,unknown,True,57.0,0.0,2.763612313687413e-05,0.0004115240260907104,57.061429724686256,56.0,0.4354097174504386,1.0189541022265403,0.0018801002506038606,0.001385938061137832,0.46626620205662433,1.0040216386904357,False,False
GJ 341 b,Transmission,999,1003,Kirk et al. 2024,Kirk et al. 2024,Near Infrared Camera (NIRCam),Near Infrared Camera (NIRCam),True,unknown,True,53.0,0.0,5.243279121249339e-07,0.0002680005023161746,52.976560338004504,52.0,0.4362448581961127,1.0187800065000867,-0.0030808996068060596,0.0009673396960004774,0.7850564928558906,0.8398596965076525,False,False
55 Cnc e,Eclipse,854,858,Patel et al. 2024,Patel et al. 2024,Near Infrared Camera (NIRCam),Near Infrared Camera (NIRCam),True,independent,True,30.0,30.0,0.005762852851665918,0.00048086804305861285,29.529556619705033,29.0,0.43775556862043175,1.018260573093277,-6.544048060380884e-05,0.0017477459196521545,0.38611969651294,1.0545769520465609,False,False
TOI-1685 b,Transmission,1025,1572,Luque et al. 2025,Fisher et al. 2026,Near Infrared Spectrograph (NIRSpec) - G395H,Near Infrared Spectrograph (NIRSpec) - G395H,True,unknown,True,24.0,1.0,0.00040331009389044076,0.001089017880815038,23.374185483373214,23.0,0.43910656578116813,1.0162689340597049,-0.0036041490413123182,0.0047734205403653345,0.4128616692603131,1.0365496356473576,False,False
GJ 341 b,Transmission,999,1002,Kirk et al. 2024,Kirk et al. 2024,Near Infrared Camera (NIRCam),Near Infrared Camera (NIRCam),True,unknown,True,53.0,0.0,-0.00019984035981929695,0.00035787662581353736,52.828297976835024,52.0,0.441905633524153,1.0159288072468273,-0.0017831596124200488,0.0012809436077098574,0.47797856859073834,0.9978518984308274,False,False
GJ 1132 b,Transmission,1089,1090,Bennett et al. 2025,Bennett et al. 2025,Near Infrared Spectrograph (NIRSpec) - G395H,Near Infrared Spectrograph (NIRSpec) - G395M,False,unknown,True,62.0,1.0,0.0030581772475827503,0.00102360405270895,61.9213010422087,61.0,0.44301749128541834,1.015103295773913,8.429673641975452e-05,0.0017063287628018,0.4074614192308276,1.031981007417713,False,False
55 Cnc e,Eclipse,852,856,Patel et al. 2024,Patel et al. 2024,Near Infrared Camera (NIRCam),Near Infrared Camera (NIRCam),True,independent,True,30.0,30.0,0.0078231152275979,0.0005120595972361386,29.386652326400373,29.0,0.44506959242747096,1.0133328388413922,-0.0030241011284551462,0.0018752764500122837,0.5299157152287728,0.9566471932610552,False,False
WASP-39 b,Transmission,77,834,Feinstein et al. 2023,Carter et al. 2024,Near Infrared Imager and Slitless Spectrograph (NIRISS),Near Infrared Imager and Slitless Spectrograph (NIRISS),True,unknown,True,27.0,0.0,-0.00015450384693020076,0.0019173869313565352,26.305147079256223,26.0,0.4464334421144381,1.0117364261252393,-0.10537416633613735,0.03350313691987413,0.9019785533538416,0.6565138098285821,False,False
GJ 1214 b,Transmission,472,864,Gillon et al. 2014,Schlawin et al. 2024,Infrared Array Camera (IRAC),Near Infrared Spectrograph (NIRSpec),False,unknown,True,4.0,4.0,-0.02439575205126682,0.006389993470511648,2.662463018358186,3.0,0.4466440467239158,0.887487672786062,-0.015414764596527738,0.014326969783878684,0.4712235203400149,0.7524227320585638,False,False
WASP-17 b,Transmission,254,540,Sing et al. 2016,Saba et al. 2022,Space Telescope Imaging Spectrograph,Space Telescope Imaging Spectrograph,True,unknown,True,9.0,0.0,0.03435912877076863,0.012672528362938234,7.837994803355002,8.0,0.44945333486540817,0.9797493504193753,-0.09600297027838577,0.25799466157075396,0.35983335038519987,1.099932469643594,False,False
55 Cnc e,Eclipse,852,854,Patel et al. 2024,Patel et al. 2024,Near Infrared Camera (NIRCam),Near Infrared Camera (NIRCam),True,independent,True,30.0,30.0,0.003131573670963985,0.0005087289216007668,29.259891303566008,29.0,0.45159307254945613,1.0089617690884831,-0.001653351071667111,0.0018598967916315092,0.43978039760044635,1.0167736856420289,False,False
WASP-19 b,Transmission,279,684,Huitson et al. 2013,Edwards et al. 2023,Wide Field Camera 3,Wide Field Camera 3,True,unknown,True,5.0,0.0,0.050971422796825476,0.005704058676418299,3.674909170900089,4.0,0.4517857536377562,0.9187272927250223,-0.07706601707995296,0.0478941853029363,0.7805173143986189,0.36191368861994516,False,False
HAT-P-12 b,Transmission,16,17,Sing et al. 2016,Yan et al. 2020,Space Telescope Imaging Spectrograph,MODS2,False,unknown,True,12.0,0.0,-0.043244166866944954,0.011802700482539629,10.88657167557679,11.0,0.45281437811879144,0.9896883341433445,0.20047436892525392,0.16258915237238528,0.49773300123955844,0.9366253189902449,False,False
WASP-52 b,Transmission,334,923,Chen et al. 2017,Fournier-Tondreau et al. 2025,OSIRIS,Near Infrared Imager and Slitless Spectrograph (NIRISS),False,unknown,True,20.0,2.0,0.1394589462076875,0.008664039099735182,19.058939313798792,19.0,0.45306096173554483,1.003102069147305,0.1319796834584737,0.10724654410888015,0.48601540710017943,0.9746952819690503,False,False
GJ 436 b,Eclipse,926,930,Mukherjee et al. 2025,Mukherjee et al. 2025,Near Infrared Camera (NIRCam),Near Infrared Camera (NIRCam),True,unknown,True,3.0,0.0,-0.0012664327298940467,0.002648541047285018,1.582908726005464,2.0,0.45318521995035466,0.791454363002732,,,,,False,False
TRAPPIST-1 c,Transmission,989,1692,Radica et al. 2025,Zhang et al. 2018,Near Infrared Imager and Slitless Spectrograph (NIRISS),Wide Field Camera 3,False,unknown,True,7.0,0.0,0.024282662474478422,0.009360271719180396,5.728574160924749,6.0,0.45427172759135503,0.9547623601541249,-0.06795685633876057,0.06450391467479372,0.46416746361288386,0.9237294322201144,False,False
HAT-P-11 b,Transmission,157,1716,Fraine et al. 2014,Chachan et al. 2019,Wide Field Camera 3,Wide Field Camera 3,True,unknown,True,18.0,0.0,-0.0031108937361969667,0.001177651746571111,16.99132894980421,17.0,0.45495373450551657,0.9994899382237771,0.01566330826939128,0.00833352308437452,0.638976867546229,0.841162811200232,False,False
HAT-P-12 b,Transmission,382,641,Yan et al. 2020,Wong et al. 2020,MODS1,Space Telescope Imaging Spectrograph,False,unknown,True,3.0,0.0,0.053836862430096645,0.01998288399151971,1.5685548814739014,2.0,0.45644939439810506,0.7842774407369507,,,,,False,False
GJ 1132 b,Transmission,560,1082,May et al. 2023,Bennett et al. 2025,Near Infrared Spectrograph (NIRSpec),Near Infrared Spectrograph (NIRSpec) - G395M,False,unknown,True,60.0,0.0,-0.0007108942448259407,0.0010310818843356686,59.512656194089864,59.0,0.45682548139834006,1.0086890880354213,0.0008878817590573504,0.0017345016625499152,0.42970241005230586,1.0215624185397996,False,False
GJ 1132 b,Transmission,555,1094,May et al. 2023,Bennett et al. 2025,Near Infrared Spectrograph (NIRSpec),Near Infrared Spectrograph (NIRSpec),True,unknown,True,60.0,0.0,-0.001795320248403298,0.00074134922197542,59.506201413405826,59.0,0.4570595888094384,1.00857968497298,0.00255371304632587,0.0012440047860589525,0.576617695459314,0.9533128878620664,False,False
L 98-59 b,Transmission,882,1624,Damiano et al. 2022,Zhou et al. 2022,Wide Field Camera 3,Wide Field Camera 3,True,unknown,True,17.0,0.0,-0.0005512224996291541,0.0009156172276557703,15.888630419045047,16.0,0.46076032780013465,0.9930394011903154,-0.005221200767615328,0.006507433513076162,0.433926550617159,1.0163249595516668,False,False
WASP-6 b,Transmission,713,1786,Jord&aacute;n et al. 2013,Carter et al. 2020,IMACS spectrograph,Space Telescope Imaging Spectrograph,False,unknown,True,4.0,0.0,0.14074431867296427,0.02165117508393067,2.57972075855005,3.0,0.4610558566065778,0.8599069195166833,0.4577702964193446,0.8832438803548041,0.31488375490453024,1.1555517403146978,False,False
WASP-17 b,Transmission,254,914,Sing et al. 2016,Louie et al. 2025,Space Telescope Imaging Spectrograph,Near Infrared Imager and Slitless Spectrograph (NIRISS),False,unknown,True,6.0,1.0,0.08363932462073505,0.012392475666302149,4.640559076994586,5.0,0.46130012539476917,0.9281118153989173,0.24663900660900936,0.20162071302699167,0.5340002447460015,0.7860350031702827,False,False
WASP-19 b,Transmission,65,582,Bean et al. 2013,Changeat et al. 2022,MMIRS,Wide Field Camera 3,False,unknown,True,3.0,0.0,-0.011110671483140665,0.013701011913799372,1.5436721656330699,2.0,0.46216371795008326,0.7718360828165349,,,,,False,False
GJ 341 b,Transmission,996,997,Kirk et al. 2024,Kirk et al. 2024,Near Infrared Camera (NIRCam),Near Infrared Camera (NIRCam),True,unknown,True,54.0,54.0,-9.389128503554646e-05,0.0005078659499352438,53.26142329078047,53.0,0.4640904683292849,1.0049325149203863,-0.00393916286038962,0.0018239559264476397,0.6085137689937028,0.9345615673650547,False,False
WASP-107 b,Transmission,552,772,Dyrek et al. 2024,Welbanks et al. 2024,Mid-Infrared Instrument (MIRI) - LRS,Near Infrared Camera (NIRCam),False,unknown,True,3.0,0.0,0.01712915855583751,0.004566683650595267,1.5284956255161135,2.0,0.4656840808930772,0.7642478127580568,,,,,False,False
WASP-107 b,Transmission,552,766,Dyrek et al. 2024,Welbanks et al. 2024,Mid-Infrared Instrument (MIRI) - LRS,Mid-Infrared Instrument (MIRI) - LRS,True,unknown,True,45.0,0.0,0.006182227438329432,0.0020030102506562787,44.104788531101896,44.0,0.467207813064065,1.002381557525043,0.005372961685638814,0.0013715094385310322,0.9529432268656048,0.6687805261247068,False,False
GJ 436 b,Eclipse,926,927,Mukherjee et al. 2025,Mukherjee et al. 2025,Near Infrared Camera (NIRCam),Near Infrared Camera (NIRCam),True,unknown,True,3.0,0.0,0.0018638540696338508,0.002356648864247043,1.4916881858533635,2.0,0.4743337491501066,0.7458440929266817,,,,,False,False
HAT-P-12 b,Transmission,205,643,Line et al. 2013,Wong et al. 2020,Wide Field Camera 3,Wide Field Camera 3,True,unknown,True,22.0,22.0,0.012279761818186297,0.007521786476650035,20.711115500450756,21.0,0.4767033943782151,0.9862435952595598,0.060148852959229095,0.052650319577151265,0.49559443715464124,0.9702994397521667,False,False
Kepler-51 d,Transmission,1589,1618,Libby-Roberts et al. 2026,Libby-Roberts et al. 2020,Near Infrared Spectrograph (NIRSpec) - PRISM,Wide Field Camera 3,False,unknown,True,20.0,0.0,-0.035861708126164814,0.006473300626630074,18.686506118784347,19.0,0.4771062941982357,0.9835003220412815,0.06065328382259152,0.047861573543946934,0.517573890916953,0.9489192353458162,False,False
WASP-96 b,Transmission,578,1662,Radica et al. 2023,Yip et al. 2021,Near Infrared Imager and Slitless Spectrograph (NIRISS),Wide Field Camera 3,False,unknown,True,38.0,0.0,-0.04004945905909678,0.003506402354787319,36.81533354128397,37.0,0.4776207568558838,0.9950090146292965,0.01081867253394034,0.01668754407224281,0.4502680758711059,1.0109730541995503,False,False
WASP-39 b,Transmission,172,303,JWST Transiting Exoplanet Community ERS Team 2022,Ahrer et al. 2023,Near Infrared Spectrograph (NIRSpec),Near Infrared Camera (NIRCam),False,unknown,True,23.0,23.0,-0.017016897202654712,0.003399790037946478,21.67736999119328,22.0,0.4792810448878616,0.9853349995996946,0.004963651829824869,0.012119598157924103,0.4282227813320555,1.0242682871621989,False,False
WASP-43 b,Transmission,175,176,Murgas et al. 2014,Chen et al. 2014,OSIRIS,GROND,False,unknown,True,4.0,0.0,-0.08410192302634863,0.014085382906098743,2.472394405816942,3.0,0.48030069666591657,0.8241314686056472,0.11158532335440402,0.12018648746483808,0.44699781684860496,0.80520156838809,False,False
GJ 1132 b,Transmission,556,1082,May et al. 2023,Bennett et al. 2025,Near Infrared Spectrograph (NIRSpec),Near Infrared Spectrograph (NIRSpec) - G395M,False,unknown,True,60.0,0.0,0.0003082821223004582,0.0010150655440077352,58.83070076395657,59.0,0.48172073786313496,0.9971305214229927,0.00021314569327097316,0.0017029485111442868,0.44543650929574313,1.014052328512349,False,False
51 Eri b,Direct Imaging,781,785,Macintosh et al. 2015,Samland et al. 2017,Gemini Planet Imager (GPI),SPHERE - IFS,False,unknown,True,27.0,27.0,-7.75424525784195e-18,2.8326195099305065e-18,25.629549193775564,26.0,0.48360574285454416,0.985751892068291,6.169404307868868e-17,2.2642305306195116e-17,0.8335468633744173,0.7282170326256054,False,
WASP-6 b,Transmission,713,1785,Jord&aacute;n et al. 2013,Carter et al. 2020,IMACS spectrograph,Space Telescope Imaging Spectrograph,False,unknown,True,4.0,0.0,0.17019918188042096,0.021362964415146884,2.4392630363318997,3.0,0.48636767100393397,0.8130876787772999,0.4228873011598006,0.8717843520864367,0.33221297659655535,1.1019790199633515,False,False
GJ 341 b,Transmission,996,1005,Kirk et al. 2024,Kirk et al. 2024,Near Infrared Camera (NIRCam),Near Infrared Camera (NIRCam),True,unknown,True,52.0,0.0,0.0019236540662899535,0.0005700773276917761,50.62892421973707,51.0,0.48832085447746826,0.99272400430857,-0.004149553045243001,0.0020552528575589505,0.6125156834604394,0.9310513616157682,False,False
HD 209458 b,Transmission,44,502,Deming et al. 2013,Changeat et al. 2022,Wide Field Camera 3,Wide Field Camera 3,True,unknown,True,24.0,0.0,-0.0031092327787511542,0.0010239354147724023,22.53103825914353,23.0,0.48841716438929583,0.9796103590931969,-0.028558764717156713,0.0074193080053360574,0.9978393200239116,0.35065088946496226,False,False
TRAPPIST-1 e,Transmission,1033,1698,Espinoza et al. 2025,Zhang et al. 2018,Near Infrared Spectrograph (NIRSpec) - PRISM,Wide Field Camera 3,False,unknown,True,12.0,1.0,0.04477497252749619,0.005436885931397952,10.458657898799604,11.0,0.48966237167356474,0.9507870817090549,-0.044150268296509775,0.037929278679361265,0.522288773088844,0.9103725813950868,False,False
WASP-39 b,Transmission,75,303,JWST Transiting Exoplanet Community ERS Team 2022,Ahrer et al. 2023,Near Infrared Spectrograph (NIRSpec),Near Infrared Camera (NIRCam),False,unknown,True,45.0,0.0,-0.025306808545661637,0.0022384357175132892,43.51143309757767,44.0,0.49244719644732415,0.988896206763129,-0.0021462397387836903,0.007960779333908267,0.4526146778998718,1.0102034421944697,False,False
WASP-39 b,Transmission,577,871,Panek et al. 2023,Rustamkulov et al. 2023,Wide Field Camera 3,Near Infrared Spectrograph (NIRSpec) - PRISM,False,unknown,True,11.0,11.0,-2.7734645211288273e-05,0.004086070938410791,9.408383993266025,10.0,0.4938338225754052,0.9408383993266025,-0.007571438292021712,0.02458642249308063,0.4088487072719721,1.0348388390150456,False,False
WASP-121 b,Transmission,506,679,Changeat et al. 2022,Edwards et al. 2023,Wide Field Camera 3,Wide Field Camera 3,True,unknown,True,24.0,0.0,-0.004595428759743876,0.0017871370321875773,22.375129392128066,23.0,0.49771247766885196,0.9728317127012203,0.018860223504898688,0.012980039575335604,0.5665381266671835,0.9210849906368658,False,False
CoRoT-1 b,Transmission,371,658,Ranjan et al. 2014,Edwards et al. 2023,WFC3,Wide Field Camera 3,False,unknown,True,10.0,0.0,0.019442332978900103,0.025097850374584132,8.353336873408313,9.0,0.4989675398847847,0.9281485414898126,0.33805542556363855,0.16922011055895328,0.8230338067369254,0.5453034303939055,False,False
WASP-18 b,Eclipse,258,614,Sheppard et al. 2017,Changeat et al. 2022,Wide Field Camera 3,Wide Field Camera 3,True,unknown,True,24.0,0.0,0.0027110781418515912,0.0006993894901819587,22.344996541645195,23.0,0.4995142909465037,0.9715215887671824,0.012741621747917936,0.00515401546315141,0.8041378794286782,0.7378797035980352,False,False
GJ 341 b,Transmission,1002,1005,Kirk et al. 2024,Kirk et al. 2024,Near Infrared Camera (NIRCam),Near Infrared Camera (NIRCam),True,unknown,True,55.0,1.0,0.0020081767059615323,0.00047677599516181225,53.31308510416349,54.0,0.5008404029351022,0.9872793537808054,0.000886499508329461,0.001614865205587835,0.4737096895440323,1.0002212436127242,False,False
HD 97658 b,Transmission,478,1620,Knutson et al. 2014,Guo et al. 2020,Wide Field Camera 3,Wide Field Camera 3,True,unknown,True,27.0,27.0,-0.010109622577165248,0.0005043085286403762,25.3060504893671,26.0,0.5017085882099939,0.9733096342064269,-0.004381457729771223,0.003576864093717011,0.530630001478437,0.9522225206174413,False,False
WASP-17 b,Transmission,252,911,Mandell et al. 2013,Louie et al. 2025,Wide Field Camera 3,Near Infrared Imager and Slitless Spectrograph (NIRISS),False,unknown,True,19.0,19.0,0.02486954356601549,0.006783593459734229,17.278053960763298,18.0,0.5040724098913312,0.9598918867090721,-0.011079560094265124,0.04701387417532245,0.43939190110310117,1.0130891537219087,False,False
HR 8799 d,Direct Imaging,810,934,Wang et al. 2022,Greenbaum et al. 2018,CHARIS integral field spectrograph,Gemini Planet Imager (GPI),False,unknown,True,14.0,14.0,3.948271078992715e-17,3.356961618472375e-18,12.254581804495606,13.0,0.5068868490909822,0.9426601388073543,3.40249558358044e-17,1.5593627257067253e-17,0.8233510899099001,0.6244627192359663,False,
GJ 1132 b,Transmission,557,1092,May et al. 2023,Bennett et al. 2025,Near Infrared Spectrograph (NIRSpec),Near Infrared Spectrograph (NIRSpec),True,unknown,True,59.0,0.0,-0.0020364187176716794,0.0007424026390367914,57.06194140395084,58.0,0.5101871105204115,0.9838265759301869,0.004597359982233186,0.0012635470857413004,0.8998541722485398,0.7688347750913495,False,False
GJ 1132 b,Transmission,557,1094,May et al. 2023,Bennett et al. 2025,Near Infrared Spectrograph (NIRSpec),Near Infrared Spectrograph (NIRSpec),True,unknown,True,59.0,0.0,-0.004191903200689306,0.0007400451118492187,57.03765301500395,58.0,0.5110955516751394,0.9834078106035163,0.0038816628268572295,0.0012549612279948734,0.8117412831840471,0.8328187730335859,False,False
GJ 1132 b,Transmission,557,1089,May et al. 2023,Bennett et al. 2025,Near Infrared Spectrograph (NIRSpec),Near Infrared Spectrograph (NIRSpec) - G395H,False,unknown,True,59.0,0.0,-0.006601379874390402,0.0009418857086262418,56.94419967558183,58.0,0.5145927512373906,0.9817965461307212,0.004581525367281608,0.0015944270459677173,0.7753836522087336,0.8541651998373267,False,False
GJ 1132 b,Transmission,1081,1084,Bennett et al. 2025,Bennett et al. 2025,Near Infrared Spectrograph (NIRSpec) - G395H,Near Infrared Spectrograph (NIRSpec) - G395H,True,unknown,True,54.0,0.0,0.002328002492715112,0.0009835249568638064,51.946808537355786,53.0,0.5151812563363908,0.980128462968977,-0.004026959088002073,0.001743358931832205,0.6850408727902874,0.8963699741064391,False,False
GJ 341 b,Transmission,996,1006,Kirk et al. 2024,Kirk et al. 2024,Near Infrared Camera (NIRCam),Near Infrared Camera (NIRCam),True,unknown,True,52.0,0.0,0.0031324883343687776,0.0005683393229192123,49.94007484433712,51.0,0.5157535913543965,0.9792171538105318,-0.006213829115176383,0.0020366011766962283,0.8250947473284195,0.8126199534392664,False,False
GJ 1132 b,Transmission,557,560,May et al. 2023,May et al. 2023,Near Infrared Spectrograph (NIRSpec),Near Infrared Spectrograph (NIRSpec),True,unknown,True,58.0,0.0,-0.003911154036120069,0.0009361893708047488,55.87988050776773,57.0,0.5171534563595963,0.9803487808380303,0.00459387273685095,0.0016201211469989052,0.7728376666291203,0.8542813029449607,False,False
WASP-127 b,Transmission,980,1651,Boehm et al. 2025,Spake et al. 2021,Wide Field Camera 3,Space Telescope Imaging Spectrograph,False,unknown,True,16.0,1.0,0.018958476101713344,0.006530357188233328,14.108408193046914,15.0,0.51732359957392,0.9405605462031276,-0.1117415607343976,0.10720066410209864,0.524800212259749,0.9301354446513488,False,False
WASP-17 b,Transmission,252,1014,Mandell et al. 2013,Alderson et al. 2022,Wide Field Camera 3,Wide Field Camera 3,True,unknown,True,17.0,17.0,-0.02578006259678918,0.00654761136887919,15.096675813416706,16.0,0.5175695425409257,0.9435422383385441,-0.036758848024505554,0.04986499529509399,0.4840487976786426,0.9702173376430667,False,False
L 98-59 b,Transmission,880,1625,Damiano et al. 2022,Zhou et al. 2022,Wide Field Camera 3,Wide Field Camera 3,True,unknown,True,17.0,0.0,0.003016206336388677,0.001353599600979581,15.076570066236172,16.0,0.5190377086895371,0.9422856291397608,-0.0004986245113887516,0.009693227489930819,0.4461055447718123,1.0049282627161862,False,False
GJ 1132 b,Transmission,557,558,May et al. 2023,May et al. 2023,Near Infrared Spectrograph (NIRSpec),Near Infrared Spectrograph (NIRSpec),True,unknown,True,57.0,0.0,-0.002314757061571048,0.0009223934060400658,54.80325127409258,56.0,0.5202328757213648,0.9786294870373675,0.0038529997128281803,0.001602688462394393,0.7011350918070599,0.891338642267305,False,False
WASP-80 b,Eclipse,799,1584,Bell et al. 2023,Morel et al. 2025,Near Infrared Camera (NIRCam),Near Infrared Imager and Slitless Spectrograph (NIRISS),False,unknown,True,4.0,0.0,0.01041679122955334,0.002985223669887424,2.259109648272384,3.0,0.5203996396325796,0.7530365494241279,-0.029832661968624583,0.02626189290155223,0.6161015216815503,0.48434352110335643,False,False
WASP-121 b,Eclipse,123,348,Mikal-Evans et al. 2020,Evans et al. 2017,Wide Field Camera 3,Wide Field Camera 3,True,unknown,True,27.0,0.0,0.0019883750081914823,0.00202587202830381,24.96373208571967,26.0,0.5210289824327727,0.9601435417584488,-0.010933647679274808,0.014571823111362379,0.49632637454216233,0.9760295958803269,False,False
GJ 1132 b,Transmission,555,1093,May et al. 2023,Bennett et al. 2025,Near Infrared Spectrograph (NIRSpec),Near Infrared Spectrograph (NIRSpec),True,unknown,True,54.0,0.0,3.408802485856148e-05,0.0007558190049553682,51.78895570691934,53.0,0.5213735758768578,0.9771501076777234,0.00335268630071314,0.0013224417011443023,0.7306442179864309,0.8723383382921028,False,False
HD 209458 b,Transmission,45,1682,Sing et al. 2016,Tsiaras et al. 2016,Wide Field Camera 3,Wide Field Camera 3,True,unknown,True,25.0,0.0,-0.01051178396423499,0.0010505135323015738,22.95329198191866,24.0,0.5225568455434075,0.9563871659132775,-0.014877102101611382,0.007357904975073433,0.7090245083426059,0.8202229442348643,False,False
HD 189733 b,Transmission,261,477,Sing et al. 2016,Di Gloria et al. 2015,Space Telescope Imaging Spectrograph,HARPS Echelle Spectrograph,False,unknown,True,7.0,0.0,0.10788932473687217,0.013474831171240766,5.16159826451796,6.0,0.5232604587031191,0.86026637741966,-0.21836709794632655,0.2008946005918251,0.5522865006498449,0.796017394852906,False,False
L 98-59 b,Transmission,874,1626,Damiano et al. 2022,Zhou et al. 2022,Wide Field Camera 3,Wide Field Camera 3,True,unknown,True,17.0,0.0,0.0038611652990178506,0.0011516002271351909,14.971889037016183,16.0,0.526698383758782,0.9357430648135114,-0.005178085390246383,0.007963341688215846,0.4843583716501523,0.969938442530306,False,False
WASP-12 b,Eclipse,54,1679,Stevenson et al. 2014,Swain et al. 2013,Wide Field Camera 3,Wide Field Camera 3,True,unknown,True,10.0,0.0,0.017290414515372388,0.004317898663873505,8.068753388812986,9.0,0.5272326761899484,0.8965281543125541,0.03088689476289092,0.0316822461598611,0.5239211922849099,0.8897913994757024,False,False
HAT-P-26 b,Transmission,24,962,Wakeford et al. 2017,Ramos Rosado et al. 2025,Space Telescope Imaging Spectrograph,Space Telescope Imaging Spectrograph,True,unknown,True,5.0,0.0,-0.017552213966651537,0.012559971001429252,3.1728382409542473,4.0,0.5293291756835106,0.7932095602385618,-0.29483418923873167,0.17678987549206335,0.9419757878934455,0.13052753866385472,False,False
WASP-17 b,Transmission,537,576,Saba et al. 2022,Panek et al. 2023,Wide Field Camera 3,Wide Field Camera 3,True,unknown,True,19.0,19.0,-0.005213261104645656,0.003381241463381548,16.902723193787253,18.0,0.5298024951896454,0.9390401774326251,0.07985780762538518,0.022684820167445125,0.998851959349057,0.2652985903060265,False,False
WASP-43 b,Eclipse,482,619,Kreidberg et al. 2014,Changeat et al. 2022,Wide Field Camera 3,Wide Field Camera 3,True,unknown,True,14.0,0.0,0.0035189540024585584,0.001768471863911699,11.970044188738193,13.0,0.5301017611254858,0.920772629902938,0.00506900003678495,0.01305580311763181,0.46029887439736494,0.9849417584937518,False,False
HAT-P-12 b,Transmission,206,573,Sing et al. 2016,Panek et al. 2023,Wide Field Camera 3,Wide Field Camera 3,True,unknown,True,12.0,3.0,-0.006102981205379494,0.012032759590599887,9.977991898266652,11.0,0.5323678834881393,0.9070901725696956,0.03506158050727728,0.07873688301521709,0.4600291202925141,0.97796992822938,False,False
Kepler-51 d,Transmission,1618,1619,Libby-Roberts et al. 2020,Libby-Roberts et al. 2020,Wide Field Camera 3,Wide Field Camera 3,True,unknown,True,20.0,0.0,0.02831631658605737,0.008376440751033576,17.83440152891832,19.0,0.5335241801193011,0.9386527120483327,-0.12077324952387601,0.06287768749137947,0.7195869216863648,0.785836892785941,False,False
GJ 1132 b,Transmission,1088,1091,Bennett et al. 2025,Bennett et al. 2025,Near Infrared Spectrograph (NIRSpec) - G395H,Near Infrared Spectrograph (NIRSpec) - G395M,False,unknown,True,62.0,1.0,0.001431605778836619,0.0010022942203402436,59.40430746245609,61.0,0.533952886589315,0.9738411059419031,0.0028892028195522525,0.0016498461737373927,0.6103236485642038,0.9389603763426347,False,False
GJ 3470 b,Transmission,100,198,Biddle et al. 2014,Benneke et al. 2019,SBIG imager,Space Telescope Imaging Spectrograph,False,unknown,True,3.0,3.0,-0.020719210360749224,0.024429131647396348,1.2505621441143677,2.0,0.5351110026293927,0.6252810720571839,,,,,False,False
HAT-P-12 b,Transmission,641,1669,Wong et al. 2020,Alexoudi et al. 2018,Space Telescope Imaging Spectrograph,Space Telescope Imaging Spectrograph,True,unknown,True,3.0,0.0,-0.01620035884795421,0.016559679872014402,1.2469530678911744,2.0,0.5360775026083231,0.6234765339455872,,,,,False,False
WASP-107 b,Transmission,353,770,Spake et al. 2018,Welbanks et al. 2024,Wide Field Camera 3,Wide Field Camera 3,True,unknown,True,19.0,0.0,-0.0013461522993923052,0.0019114514946109427,16.797688629694054,18.0,0.537053567413744,0.9332049238718919,-0.036383687378132405,0.014112185621394517,0.8971718819772251,0.5971000661670944,False,False
KELT-9 b,Transmission,876,879,Egan et al. 2024,Egan et al. 2024,CUTE NUV Spectrograph,CUTE NUV Spectrograph,True,unknown,True,8.0,0.0,-0.36411959496505125,0.31528564686003085,6.017295024892717,7.0,0.5377313546267886,0.8596135749846738,2.722799415094914,14.786710851440588,0.4250535324995238,0.9972313534869585,False,False
HR 8799 e,Direct Imaging,816,935,Wang et al. 2022,Greenbaum et al. 2018,CHARIS integral field spectrograph,Gemini Planet Imager (GPI),False,unknown,True,13.0,13.0,6.474035342712264e-17,9.995234887242615e-18,10.857155799434146,12.0,0.5411985722298582,0.9047629832861789,7.094680822888256e-17,4.934416047192725e-17,0.641278439178586,0.7990818283872586,False,
WASP-80 b,Transmission,435,890,Fukui et al. 2014,Wong et al. 2022,,Space Telescope Imaging Spectrograph,False,unknown,True,4.0,4.0,-0.013063471026445986,0.038071266379247126,2.1532034800477513,3.0,0.5412245424991706,0.7177344933492504,-0.5259781674620132,0.5105223255577449,0.579338178089329,0.5458688992200679,False,False
GJ 1132 b,Transmission,558,1084,May et al. 2023,Bennett et al. 2025,Near Infrared Spectrograph (NIRSpec),Near Infrared Spectrograph (NIRSpec) - G395H,False,unknown,True,53.0,0.0,0.0008230311649934649,0.0009385941165032708,50.29167497718875,52.0,0.5413256319135331,0.9671475957151683,-0.0024961440428243257,0.0016844665857788158,0.5897184978666138,0.943054220291893,False,False
WASP-43 b,Transmission,81,1773,Ricci et al. 2015,Weaver et al. 2020,Mexman,IMACS spectrograph,False,unknown,True,3.0,3.0,-0.0809313744410427,0.06550272090467928,1.2263513373247958,2.0,0.5416281036607838,0.6131756686623979,,,,,False,False
GJ 1214 b,Transmission,8,443,Berta et al. 2012,Croll et al. 2011,WFC3,WIRCam,False,unknown,True,4.0,4.0,-0.014780311200710945,0.01733045842042958,2.136810571702092,3.0,0.5445017043943685,0.712270190567364,,,,,False,False
HAT-P-12 b,Transmission,205,206,Line et al. 2013,Sing et al. 2016,Wide Field Camera 3,Wide Field Camera 3,True,unknown,True,11.0,0.0,-0.005158219050373948,0.015708623192475075,8.848558090275262,10.0,0.5465338683866452,0.8848558090275261,-0.06829579302585904,0.1114912889671059,0.48723778203514445,0.9414800849950993,False,False
WASP-19 b,Transmission,1671,1672,Sedaghati et al. 2017,Sedaghati et al. 2017,FORS2,FORS2,True,unknown,True,14.0,14.0,-0.04715167069206517,0.015208889595302174,11.747763580519068,13.0,0.54842786380408,0.9036741215783899,0.6941730992075577,0.7688122778317757,0.5347116598643498,0.9110421520978457,False,False
HAT-P-1 b,Transmission,391,393,Wakeford et al. 2013,Sing et al. 2016,Wide Field Camera 3,Wide Field Camera 3,True,unknown,True,16.0,2.0,0.03075902099960129,0.005577781720150026,13.698854598077254,15.0,0.5484803751387028,0.9132569732051503,0.06041717188818146,0.03921495930842585,0.6603210691956366,0.8089429648621705,False,False
WASP-107 b,Transmission,765,772,Sing et al. 2024,Welbanks et al. 2024,Near Infrared Spectrograph (NIRSpec),Near Infrared Camera (NIRCam),False,unknown,True,72.0,0.0,-0.03073150247796261,0.0021080758925312686,68.82442109294666,71.0,0.5510611229623634,0.9693580435626291,0.010927740257859808,0.007151436844918883,0.5968422616253025,0.9498498537995402,False,False
L 98-59 b,Transmission,874,882,Damiano et al. 2022,Damiano et al. 2022,Wide Field Camera 3,Wide Field Camera 3,True,unknown,True,18.0,0.0,0.0025850672066893856,0.0011223549684696108,15.591460544446457,17.0,0.5529584996815934,0.9171447379086152,-0.005105014581338005,0.0074535472242237884,0.5156957470937931,0.9451473634996875,False,False
GJ 1132 b,Transmission,1081,1090,Bennett et al. 2025,Bennett et al. 2025,Near Infrared Spectrograph (NIRSpec) - G395H,Near Infrared Spectrograph (NIRSpec) - G395M,False,unknown,True,62.0,1.0,0.00031581516080543895,0.0010450879274933617,58.780555657693625,61.0,0.5567919834958974,0.9636156665195676,-0.0006592556256471122,0.0017526320988328669,0.5255810368876449,0.9773177586833085,False,False
WASP-43 b,Transmission,175,1773,Murgas et al. 2014,Weaver et al. 2020,OSIRIS,IMACS spectrograph,False,unknown,True,17.0,1.0,-0.06346135047658868,0.0059694067977386365,14.561445152612288,16.0,0.5569622111002127,0.910090322038268,-0.09661171490701823,0.06067897730921503,0.6770285237521216,0.8017610202985196,False,False
WASP-17 b,Transmission,542,914,Saba et al. 2022,Louie et al. 2025,Space Telescope Imaging Spectrograph,Near Infrared Imager and Slitless Spectrograph (NIRISS),False,unknown,True,4.0,0.0,0.04380135669859485,0.013911411740028665,2.0548907401349674,3.0,0.5610924372260062,0.6849635800449891,-0.3851282107059646,0.35112874984976306,0.6531631100841613,0.4259283951631841,False,False
GJ 1132 b,Transmission,1084,1087,Bennett et al. 2025,Bennett et al. 2025,Near Infrared Spectrograph (NIRSpec) - G395H,Near Infrared Spectrograph (NIRSpec) - G395M,False,unknown,True,54.0,0.0,0.0013088571528487422,0.0009818454847661559,50.706928627035175,53.0,0.5639425242616135,0.9567345023968901,0.0035674587238205416,0.0017255104731305898,0.6917124896355588,0.8929318131507369,False,False
HAT-P-32 b,Transmission,165,211,Mallonn et al. 2016,Nortmann et al. 2016,Multiple Instruments,OSIRIS,False,unknown,True,3.0,3.0,0.009043440555946063,0.017356447273394946,1.1433253433091957,2.0,0.5645859368406484,0.5716626716545978,,,,,False,False
TRAPPIST-1 e,Transmission,1033,1696,Espinoza et al. 2025,Zhang et al. 2018,Near Infrared Spectrograph (NIRSpec) - PRISM,Wide Field Camera 3,False,unknown,True,12.0,0.0,0.02085784474884842,0.005798272738840718,9.621728643542982,11.0,0.5646991222198179,0.8747026039584529,0.09940992519002073,0.037976328551460575,0.9863406732184151,0.2769473241634693,False,False
L 98-59 b,Transmission,874,875,Damiano et al. 2022,Damiano et al. 2022,Wide Field Camera 3,Wide Field Camera 3,True,unknown,True,18.0,0.0,0.003790679473886198,0.001410677486080025,15.3888120948377,17.0,0.5674978546190386,0.9052242408728058,-0.003605627410436008,0.009580598356938624,0.5066149684649166,0.9529484494158201,False,False
GJ 1132 b,Transmission,1080,1091,Bennett et al. 2025,Bennett et al. 2025,Near Infrared Spectrograph (NIRSpec) - G395H,Near Infrared Spectrograph (NIRSpec) - G395M,False,unknown,True,62.0,1.0,-0.0010023256158541245,0.0010095473910328623,58.48387855037738,61.0,0.5676503054855344,0.9587521073832358,0.0014790584822506445,0.001678467305322328,0.5599776307674389,0.9617895393826367,False,False
GJ 3470 b,Transmission,196,434,Awiphan et al. 2016,Fukui et al. 2013,ULTRASPEC,,False,unknown,True,3.0,3.0,-0.0017639822708180202,0.021304482791143216,1.1311959096907618,2.0,0.5680203946422004,0.5655979548453809,,,,,False,False
WASP-6 b,Transmission,1779,1790,Carter et al. 2020,Carter et al. 2020,FORS2,Space Telescope Imaging Spectrograph,False,unknown,True,8.0,0.0,-0.05238334926567359,0.01105491367706271,5.754420455342435,7.0,0.5686991895377738,0.8220600650489194,0.29170452375839623,0.1373332794105359,0.9747191138760377,0.20712954189107233,False,False
WASP-107 b,Transmission,550,766,Dyrek et al. 2024,Welbanks et al. 2024,Mid-Infrared Instrument (MIRI) - LRS,Mid-Infrared Instrument (MIRI) - LRS,True,unknown,True,45.0,0.0,0.000182285252510941,0.0021098380175022273,41.73865591635797,44.0,0.5690151960716775,0.9486058162808629,0.005193166823083903,0.0014193853598413642,0.9583370359284419,0.6593547120904433,False,False
WASP-17 b,Transmission,252,913,Mandell et al. 2013,Louie et al. 2025,Wide Field Camera 3,Near Infrared Imager and Slitless Spectrograph (NIRISS),False,unknown,True,19.0,19.0,0.025290160604268794,0.005721628201637873,16.306993023357954,18.0,0.5711317085526199,0.9059440568532197,-0.007528789279896674,0.039518636652183685,0.5047324019179866,0.9570998858098969,False,False
HD 189733 b,Transmission,34,795,Pont et al. 2013,Fu et al. 2024,Infrared Array Camera (IRAC),Near Infrared Camera (NIRCam),False,unknown,True,5.0,0.0,0.0076211346957539335,0.006619759375890662,2.9209995299472777,4.0,0.571131796387501,0.7302498824868194,0.009498631418609817,0.015297868793821296,0.46891535716073907,0.8451559093631458,False,False
WASP-63 b,Transmission,1063,1064,Kilpatrick et al. 2018,Kilpatrick et al. 2018,WFC3,WFC3,True,unknown,True,15.0,15.0,0.0017144626127948057,0.001695215353823462,12.433391782216248,14.0,0.5715409542494289,0.8880994130154463,-0.03341042185998289,0.011664553774153428,0.9884979648645694,0.32533491180650703,False,False
WASP-19 b,Transmission,582,919,Changeat et al. 2022,Tumborang et al. 2024,Wide Field Camera 3,Wide Field Camera 3,True,unknown,True,6.0,0.0,0.01490925948427331,0.00948869513042816,3.8459306989144473,5.0,0.5718046886564767,0.7691861397828894,0.09294299550294927,0.06722159396802993,0.7478509980114886,0.4835621006346515,False,False
55 Cnc e,Eclipse,709,854,Hu et al. 2024,Patel et al. 2024,Near Infrared Camera (NIRCam),Near Infrared Camera (NIRCam),True,independent,True,19.0,19.0,-0.0002614474121042126,0.0005368861767910601,16.27335921525421,18.0,0.5734760689720253,0.9040755119585673,0.003455316384397952,0.002086316180105069,0.7000174041775737,0.7959073548911003,False,False
GJ 1132 b,Transmission,560,1084,May et al. 2023,Bennett et al. 2025,Near Infrared Spectrograph (NIRSpec),Near Infrared Spectrograph (NIRSpec) - G395H,False,unknown,True,53.0,0.0,0.0022809590484577217,0.0009561024274192415,49.36724274986952,52.0,0.5780638963307886,0.9493700528821061,-0.0030117277861483856,0.001717910052542916,0.6607658298728626,0.9077208107429001,False,False
GJ 1132 b,Transmission,1090,1092,Bennett et al. 2025,Bennett et al. 2025,Near Infrared Spectrograph (NIRSpec) - G395M,Near Infrared Spectrograph (NIRSpec),False,unknown,True,64.0,0.0,0.0015810216942464777,0.0008123787163152043,60.13265371110953,63.0,0.5791663906718837,0.9544865668430085,-6.527799732229965e-05,0.001389131743344101,0.5436142019954604,0.9698458946542527,False,False
WASP-6 b,Transmission,713,1787,Jord&aacute;n et al. 2013,Carter et al. 2020,IMACS spectrograph,Space Telescope Imaging Spectrograph,False,unknown,True,4.0,0.0,0.12900723588015908,0.02166747966083644,1.950506814214968,3.0,0.5827424802183876,0.650168938071656,0.3370212321230916,0.8726690202441958,0.4062933857799712,0.9006797552743689,False,False
TOI-260 b,Transmission,1759,1760,Meech et al. 2026,Meech et al. 2026,Near Infrared Spectrograph (NIRSpec) - G395H,Near Infrared Spectrograph (NIRSpec) - G395H,True,unknown,True,106.0,106.0,0.0005457559034907698,0.0003479218868627267,101.31580421112335,105.0,0.583598711891535,0.9649124210583176,-0.00455544982141347,0.0006199296822161117,0.9999996703052121,0.4549788888261558,False,False
WASP-17 b,Transmission,215,537,Sing et al. 2016,Saba et al. 2022,Wide Field Camera 3,Wide Field Camera 3,True,unknown,True,11.0,0.0,-0.012579269971571107,0.012967650245657155,8.459157680552256,10.0,0.5840804326162369,0.8459157680552256,-0.1906894133919789,0.09098004858338235,0.9070041785788859,0.4517957098403261,False,False
TOI-270 d,Transmission,1057,1583,Felix et al. 2025,Holmberg &amp; Madhusudhan 2024,Near Infrared Spectrograph (NIRSpec) - G395H,Near Infrared Spectrograph (NIRSpec) - G395H,True,unknown,True,3388.0,5.0,0.0002885291086431514,0.0006305917456276921,3368.6311450197327,3387.0,0.5853046602176845,0.9945766592913294,0.003125992410736295,0.001042106372031564,0.6229112317247866,0.9922129432812455,False,False
GJ 341 b,Transmission,997,1004,Kirk et al. 2024,Kirk et al. 2024,Near Infrared Camera (NIRCam),Near Infrared Camera (NIRCam),True,unknown,True,52.0,0.0,0.0005100726899910818,0.0005110898301594,48.173549578293915,51.0,0.5866065526686837,0.9445794034959591,-0.002348362368975306,0.001768715194270531,0.6182017168390613,0.9282140685580784,False,False
GJ 1132 b,Transmission,555,560,May et al. 2023,May et al. 2023,Near Infrared Spectrograph (NIRSpec),Near Infrared Spectrograph (NIRSpec),True,unknown,True,59.0,0.0,-0.0015431584715274956,0.000936143774765543,54.98795657413838,58.0,0.588012080051261,0.9480682167954894,0.003033315507425634,0.00158575161618279,0.6868121510840853,0.9005076500230079,False,False
TOI-270 d,Transmission,494,1056,Mikal-Evans et al. 2023,Felix et al. 2025,Wide Field Camera 3,Near Infrared Imager and Slitless Spectrograph (NIRISS),False,unknown,True,28.0,0.0,0.0086943273189069,0.001452195553989259,24.694551638904013,27.0,0.5915752304507473,0.9146130236631116,0.004704715339273677,0.009921443838999889,0.549126922957876,0.9411418917253814,False,False
55 Cnc e,Eclipse,852,853,Patel et al. 2024,Patel et al. 2024,Near Infrared Camera (NIRCam),Near Infrared Camera (NIRCam),True,independent,True,28.0,28.0,-0.0016403194114443936,0.000515090372214932,24.66865977130768,27.0,0.5930248347649596,0.9136540656039882,-0.0018359712059388467,0.0020418860309553894,0.5839601202780562,0.9176992610272552,False,False
HAT-P-41 b,Eclipse,527,645,Fu et al. 2022,Changeat et al. 2022,Wide Field Camera 3,Wide Field Camera 3,True,unknown,True,13.0,0.0,0.012313299936852396,0.003666575507145332,10.252500487378025,12.0,0.5938194746610028,0.8543750406148355,0.023558803590842062,0.027951921638210187,0.5719804613333533,0.8674666294316876,False,False
WASP-39 b,Transmission,77,298,Feinstein et al. 2023,Nikolov et al. 2016,Near Infrared Imager and Slitless Spectrograph (NIRISS),FORS2,False,unknown,True,7.0,0.0,-0.004426789846776521,0.01086972692387784,4.612528105203527,6.0,0.5943783779154843,0.7687546842005878,0.3390449051048403,0.2051276949995996,0.8654044598439873,0.3761243037355192,False,False
GJ 1132 b,Transmission,557,1091,May et al. 2023,Bennett et al. 2025,Near Infrared Spectrograph (NIRSpec),Near Infrared Spectrograph (NIRSpec) - G395M,False,unknown,True,59.0,0.0,-0.002460971784765817,0.000989713412489283,54.744401585940665,58.0,0.5971126610739695,0.943868992861046,0.004587117712770134,0.0016363171068307853,0.828046049040831,0.8225580353935026,False,False
GJ 341 b,Transmission,999,1000,Kirk et al. 2024,Kirk et al. 2024,Near Infrared Camera (NIRCam),Near Infrared Camera (NIRCam),True,unknown,True,53.0,0.0,-7.800779429632442e-05,0.0003702782816793741,48.88419056826982,52.0,0.5971947222901434,0.9400805878513427,-0.0034043157502137203,0.0013272517655950771,0.8018641101590389,0.8295155727544685,False,False
HD 189733 b,Transmission,38,463,Borsa et al. 2016,Sing et al. 2011,HARPS Echelle Spectrograph,Space Telescope Imaging Spectrograph,False,unknown,True,3.0,3.0,0.01225745490451959,0.006418117807521123,1.0172970749561125,2.0,0.6013076747166086,0.5086485374780563,,,,,False,False
TOI-421 b,Transmission,1053,1055,Davenport et al. 2025,Davenport et al. 2025,Near Infrared Imager and Slitless Spectrograph (NIRISS),Near Infrared Imager and Slitless Spectrograph (NIRISS),True,unknown,True,38.0,0.0,0.0010507747119483794,0.000844079031157586,34.1825415581376,37.0,0.601846307746079,0.9238524745442594,0.001249752037442406,0.002362699780313419,0.5687045195322813,0.9417431268116618,False,False
WASP-17 b,Transmission,255,542,Sedaghati et al. 2016,Saba et al. 2022,FORS2,Space Telescope Imaging Spectrograph,False,unknown,True,5.0,0.0,-0.03702135219107549,0.01342585568403191,2.741678971225575,4.0,0.6019412800681918,0.6854197428063937,0.35179723181394373,0.2838496274845421,0.7516569667680422,0.40187299229593926,False,False
WASP-39 b,Transmission,170,871,Wakeford et al. 2018,Rustamkulov et al. 2023,Wide Field Camera 3,Near Infrared Spectrograph (NIRSpec) - PRISM,False,unknown,True,18.0,18.0,-0.02899993698470072,0.002854471761015507,14.889177345882352,17.0,0.6034639027546451,0.8758339615224913,0.007125314001476315,0.013552407271703908,0.5531624856048201,0.9132971087995065,False,False
WASP-127 b,Transmission,406,1650,Chen et al. 2018,Spake et al. 2021,OSIRIS,Space Telescope Imaging Spectrograph,False,unknown,True,4.0,0.0,0.022494795881426936,0.01441313880140277,1.851373595039561,3.0,0.603819779135603,0.6171245316798536,0.40276518034634756,1.1749106386525756,0.42024005084532545,0.8669291813452781,False,False
HD 189733 b,Transmission,461,501,Pont et al. 2013,Changeat et al. 2022,Near Infrared Camera and Multi-Object Spectrometer,Wide Field Camera 3,False,unknown,True,3.0,0.0,0.08206478563131771,0.016800774089519303,1.0058273763202994,2.0,0.6047659906068423,0.5029136881601497,,,,,False,False
WASP-17 b,Transmission,254,912,Sing et al. 2016,Louie et al. 2025,Space Telescope Imaging Spectrograph,Near Infrared Imager and Slitless Spectrograph (NIRISS),False,unknown,True,7.0,0.0,0.08199296338379172,0.011858880089746655,4.527775144450278,6.0,0.6056370807611291,0.754629190741713,0.12277746476442775,0.1511538527682757,0.5685737526793411,0.7735991099077381,False,False
HD 209458 b,Eclipse,270,649,Line et al. 2016,Changeat et al. 2022,Wide Field Camera 3,Wide Field Camera 3,True,unknown,True,10.0,0.0,0.01622956326481279,0.0005711132127161611,7.299284914461356,9.0,0.6059904345649877,0.8110316571623728,0.0024443425801268744,0.003918827622847053,0.546348601679552,0.8637786470321828,False,False
GJ 1132 b,Transmission,1084,1089,Bennett et al. 2025,Bennett et al. 2025,Near Infrared Spectrograph (NIRSpec) - G395H,Near Infrared Spectrograph (NIRSpec) - G395H,True,unknown,True,54.0,0.0,-0.005035819205339471,0.0009622858148817447,49.60386895489389,53.0,0.6071971522802768,0.9359220557527149,0.003405637384137346,0.0016898659820604267,0.7242080898756704,0.875813740073614,False,False
GJ 436 b,Eclipse,929,930,Mukherjee et al. 2025,Mukherjee et al. 2025,Near Infrared Camera (NIRCam),Near Infrared Camera (NIRCam),True,unknown,True,3.0,0.0,-0.0005767282760207493,0.002571447200868514,0.9964315177416505,2.0,0.6076138226864063,0.49821575887082525,,,,,False,False
GJ 1132 b,Transmission,1082,1089,Bennett et al. 2025,Bennett et al. 2025,Near Infrared Spectrograph (NIRSpec) - G395M,Near Infrared Spectrograph (NIRSpec) - G395H,False,unknown,True,62.0,2.0,-0.0015806723534055483,0.0010195082595646345,57.16492156222554,61.0,0.6156370119949974,0.9371298616758285,-0.00044675148667770915,0.0017530563121135802,0.582373891093915,0.9516662896004022,False,False
WASP-17 b,Transmission,252,537,Mandell et al. 2013,Saba et al. 2022,Wide Field Camera 3,Wide Field Camera 3,True,unknown,True,18.0,18.0,-0.022958885084104146,0.006282242683000931,14.61044855263922,17.0,0.6235179527118997,0.8594381501552482,-0.08587057280283668,0.045269353223366914,0.8087259716707693,0.6882682058371168,False,False
L 98-59 b,Transmission,880,882,Damiano et al. 2022,Damiano et al. 2022,Wide Field Camera 3,Wide Field Camera 3,True,unknown,True,18.0,0.0,6.65031437335676e-05,0.0010248577775696455,14.599546779073107,17.0,0.6243011556083459,0.8587968693572415,0.0034309890392729245,0.0068599970792953425,0.5727015448549991,0.8968376481539581,False,False
HAT-P-12 b,Transmission,17,642,Yan et al. 2020,Wong et al. 2020,MODS2,Space Telescope Imaging Spectrograph,False,unknown,True,5.0,0.0,-0.0012246619650018984,0.018992855581214104,2.6103020115410387,4.0,0.6249992562772307,0.6525755028852597,0.2855371987385937,0.3820593899166051,0.5617355689250365,0.6839166610028694,False,False
WASP-6 b,Transmission,1780,1790,Carter et al. 2020,Carter et al. 2020,FORS2,Space Telescope Imaging Spectrograph,False,unknown,True,8.0,0.0,-0.026004087958938233,0.0110539440729231,5.27156266958986,7.0,0.6268609293960907,0.75308038136998,0.2728690990794772,0.1372765520147033,0.9705163471479623,0.2200801933417624,False,False
WASP-39 b,Transmission,77,638,Feinstein et al. 2023,Jiang et al. 2023,Near Infrared Imager and Slitless Spectrograph (NIRISS),OSIRIS,False,unknown,True,15.0,0.0,0.01534732498046078,0.02284190672871082,11.709872107266024,14.0,0.6295896291936328,0.8364194362332874,-0.7204561042717368,0.5427454074922371,0.6981969668304164,0.7652156781145281,False,False
TRAPPIST-1 e,Transmission,1034,1696,Espinoza et al. 2025,Zhang et al. 2018,Near Infrared Spectrograph (NIRSpec) - PRISM,Wide Field Camera 3,False,unknown,True,12.0,0.0,-0.014856059281521838,0.005634773916189321,8.898707138114005,11.0,0.6312416880811895,0.8089733761921823,0.06751312424998025,0.037725395438105803,0.8401197259048985,0.5696062073139311,False,False
WASP-80 b,Transmission,112,435,Kirk et al. 2018,Fukui et al. 2014,ACAM,,False,unknown,True,6.0,6.0,0.1043446277103304,0.03831691785757934,3.445404684545265,5.0,0.6316642157969982,0.6890809369090529,0.49801629283381615,0.3812594293323109,0.78359577333642,0.4347854780848064,False,False
TOI-270 d,Transmission,1057,1579,Felix et al. 2025,Holmberg &amp; Madhusudhan 2024,Near Infrared Spectrograph (NIRSpec) - G395H,Near Infrared Spectrograph (NIRSpec) - G395H,True,unknown,True,3388.0,5.0,0.0003448534679964305,0.0006307865718151766,3358.7315376426895,3387.0,0.6316841352206916,0.9916538345564481,0.0005274249243818328,0.0010434739786233473,0.6282681238890279,0.9918712513200171,False,False
WASP-39 b,Transmission,77,173,Feinstein et al. 2023,Alderson et al. 2023,Near Infrared Imager and Slitless Spectrograph (NIRISS),Near Infrared Spectrograph (NIRSpec) - G395H,False,unknown,True,4.0,0.0,0.08165083911965425,0.020593067987642755,1.7190435958559762,3.0,0.6327083009502159,0.573014531951992,-0.18901738019913697,1.711095360247425,0.42595547356245556,0.8534204603294478,False,False
WASP-6 b,Transmission,1779,1789,Carter et al. 2020,Carter et al. 2020,FORS2,Space Telescope Imaging Spectrograph,False,unknown,True,8.0,0.0,-0.04055823890086765,0.011263435419010523,5.2120038464933165,7.0,0.634108926048327,0.7445719780704738,0.2787328163416343,0.13960349914450013,0.9756024484211641,0.2042631406837103,False,False
HD 189733 b,Transmission,33,501,Pont et al. 2013,Changeat et al. 2022,Wide Field Camera 3,Wide Field Camera 3,True,unknown,True,3.0,0.0,-0.005834280973214304,0.012948322053659107,0.8980544984527902,2.0,0.6382487066733058,0.4490272492263951,,,,,False,False
GJ 1132 b,Transmission,1084,1085,Bennett et al. 2025,Bennett et al. 2025,Near Infrared Spectrograph (NIRSpec) - G395H,Near Infrared Spectrograph (NIRSpec) - G395H,True,unknown,True,54.0,0.0,-0.002845511765645045,0.0009259606429815005,48.80192976669477,53.0,0.63825506180366,0.9207911276734863,0.0029758069265314016,0.001637134314678013,0.7257943940342791,0.8749600650783366,False,False
WASP-127 b,Transmission,350,1651,Palle et al. 2017,Spake et al. 2021,ALFOSC,Space Telescope Imaging Spectrograph,False,unknown,True,16.0,2.0,0.051290847037889775,0.012845829604106592,12.496396100629081,15.0,0.6411334827431965,0.833093073375272,-0.06897680586621051,0.1381976458055428,0.586451822617895,0.8748055884273926,False,False
WASP-39 b,Transmission,638,834,Jiang et al. 2023,Carter et al. 2024,OSIRIS,Near Infrared Imager and Slitless Spectrograph (NIRISS),False,unknown,True,15.0,1.0,-0.012551937334187229,0.022890024760795897,11.49329377653105,14.0,0.646923147299205,0.8209495554665036,0.6704392781775789,0.5440861527818364,0.6959853402852585,0.767300231698282,False,False
WASP-79 b,Eclipse,533,655,Foote et al. 2022,Changeat et al. 2022,Wide Field Camera 3,Wide Field Camera 3,True,unknown,True,3.0,0.0,0.008170274533305806,0.004755389153581123,0.8704085701435674,2.0,0.6471324540740888,0.4352042850717837,,,,,False,False
WASP-39 b,Transmission,77,828,Feinstein et al. 2023,Carter et al. 2024,Near Infrared Imager and Slitless Spectrograph (NIRISS),Near Infrared Imager and Slitless Spectrograph (NIRISS),True,unknown,True,107.0,0.0,-0.0059110444869086495,0.0007231294017231092,99.94866060617407,106.0,0.6471962849414135,0.9429118925110762,0.004623266199802789,0.0020955580212769502,0.7456570956601603,0.9055356677321145,False,False
WASP-6 b,Transmission,1776,1781,Carter et al. 2020,Carter et al. 2020,FORS2,FORS2,True,unknown,True,7.0,0.0,-0.04232680613448586,0.01254704504886577,4.203080888990334,6.0,0.6492154218975856,0.700513481498389,0.27633701208876155,0.5139322993376173,0.5618677562628781,0.7827937550112465,False,False
GJ 1132 b,Transmission,1082,1093,Bennett et al. 2025,Bennett et al. 2025,Near Infrared Spectrograph (NIRSpec) - G395M,Near Infrared Spectrograph (NIRSpec),False,unknown,True,58.0,0.0,0.0026825630352142757,0.0008378819974890864,52.31409292511404,57.0,0.6512086250050467,0.9177911039493691,-0.0014736451226362093,0.0015069904839187778,0.6509518539843179,0.9171045992549633,False,False
L 98-59 b,Transmission,1621,1622,Zhou et al. 2022,Zhou et al. 2022,Wide Field Camera 3,Wide Field Camera 3,True,unknown,True,25.0,0.0,-0.0037729865469230913,0.0011707206136054703,20.762592930232746,24.0,0.6526879151890237,0.8651080387596978,0.014367102820671286,0.007995462846109715,0.7822673562349292,0.7623355788910505,False,False
WASP-6 b,Transmission,1781,1790,Carter et al. 2020,Carter et al. 2020,FORS2,Space Telescope Imaging Spectrograph,False,unknown,True,8.0,0.0,-0.012384011618126597,0.011037412674754077,5.0211507399672435,7.0,0.6573819804159544,0.7173072485667491,0.26468975480368306,0.137025084237806,0.9722209270255877,0.21495516222836422,False,False
WASP-17 b,Transmission,254,1012,Sing et al. 2016,Alderson et al. 2022,Space Telescope Imaging Spectrograph,Space Telescope Imaging Spectrograph,True,unknown,True,14.0,0.0,0.025627384292962248,0.012197623480377007,10.440670170154187,13.0,0.65756296903116,0.8031284746272451,0.40635555431291287,0.19746586696173588,0.9053480261151017,0.5171595661716698,False,False
WASP-107 b,Transmission,551,768,Dyrek et al. 2024,Welbanks et al. 2024,Mid-Infrared Instrument (MIRI) - LRS,Near Infrared Camera (NIRCam),False,unknown,True,3.0,0.0,0.021328022536885444,0.0045062464836248305,0.8361464019802174,2.0,0.6583140374216923,0.4180732009901087,,,,,False,False
KELT-20 b,Transmission,1654,1655,Chachan et al. 2025,Chachan et al. 2025,Wide Field Camera 3,Wide Field Camera 3,True,unknown,True,30.0,0.0,0.005351047484186331,0.0033431069805255585,25.351337905222138,29.0,0.6598950004907409,0.8741840656973151,-0.00321185223738482,0.024688650181288678,0.6095792389602734,0.9048004779577884,False,False
WASP-6 b,Transmission,1776,1779,Carter et al. 2020,Carter et al. 2020,FORS2,FORS2,True,unknown,True,7.0,0.0,0.0003095989321831839,0.01264877951344328,4.087811704391823,6.0,0.6647942824379807,0.6813019507319705,0.22720056558922574,0.5186502105618245,0.5644971405878692,0.7791828070882155,False,False
WASP-6 b,Transmission,1776,1780,Carter et al. 2020,Carter et al. 2020,FORS2,FORS2,True,unknown,True,7.0,0.0,-0.02787091776471839,0.012630338194065118,4.077233979209666,6.0,0.6662252201497709,0.6795389965349443,0.2566903222813648,0.516804252951279,0.5740636812169737,0.7661070590642798,False,False
GJ 1214 b,Transmission,232,659,Kreidberg et al. 2014,Edwards et al. 2023,Wide Field Camera 3,Wide Field Camera 3,True,unknown,True,21.0,0.0,0.008103365650416526,0.000830820295468083,16.779746830943036,20.0,0.6672258141316408,0.8389873415471518,-0.00954893011388871,0.006076119515262263,0.7653307127256677,0.753156584525712,False,False
GJ 341 b,Transmission,997,1001,Kirk et al. 2024,Kirk et al. 2024,Near Infrared Camera (NIRCam),Near Infrared Camera (NIRCam),True,unknown,True,53.0,0.0,0.00010904390817738234,0.00042938309896408815,46.976583196027384,52.0,0.671274571614414,0.9033958306928344,-0.004503456878768899,0.0015230777913070109,0.9066937264815734,0.7496830881458861,False,False
WASP-6 b,Transmission,1777,1781,Carter et al. 2020,Carter et al. 2020,FORS2,FORS2,True,unknown,True,7.0,0.0,-0.013977746175752414,0.012550510741647895,4.0306293703881275,6.0,0.6725312623745032,0.6717715617313545,0.24540472075404723,0.5143665601654307,0.5781127457704687,0.7606008307214492,False,False
HAT-P-32 b,Transmission,163,1728,Gibson et al. 2013,Alam et al. 2020,GMOS,Space Telescope Imaging Spectrograph,False,unknown,True,17.0,0.0,-0.029460329611763234,0.006544086535698682,12.98181801597211,16.0,0.674086725929333,0.8113636259982568,-0.03784856077020291,0.06662054582225786,0.6286136469604717,0.8439370693010708,False,False
HD 189733 b,Transmission,38,477,Borsa et al. 2016,Di Gloria et al. 2015,HARPS Echelle Spectrograph,HARPS Echelle Spectrograph,True,unknown,True,6.0,0.0,0.1320168871911469,0.01486101730097713,3.1524517134364265,5.0,0.6764955726993447,0.6304903426872853,-0.07754297376508225,0.24342860496602514,0.5493304366561305,0.7627451933476216,False,False
WASP-39 b,Transmission,303,871,Ahrer et al. 2023,Rustamkulov et al. 2023,Near Infrared Camera (NIRCam),Near Infrared Spectrograph (NIRSpec) - PRISM,False,unknown,True,65.0,65.0,0.02079137079985008,0.002062748824754708,58.290933445159204,64.0,0.6776128882107733,0.9107958350806126,0.0009294219882175138,0.004759143380333789,0.6458772325231187,0.9246475322616984,False,False
HD 189733 b,Transmission,38,460,Borsa et al. 2016,Pont et al. 2013,HARPS Echelle Spectrograph,Advanced Camera for Surveys,False,unknown,True,3.0,0.0,0.02685548461193938,0.01077210495293889,0.7766587652846935,2.0,0.6781889228113086,0.38832938264234673,,,,,False,False
TRAPPIST-1 e,Transmission,1033,1034,Espinoza et al. 2025,Espinoza et al. 2025,Near Infrared Spectrograph (NIRSpec) - PRISM,Near Infrared Spectrograph (NIRSpec) - PRISM,True,unknown,True,67.0,0.0,0.03610683276131477,0.0017333472393428963,60.16863792834968,66.0,0.6789693649433581,0.9116460292174194,-0.004709370103390415,0.0016608005310199865,0.8757372416731963,0.8019691770417253,False,False
WASP-17 b,Transmission,914,1015,Louie et al. 2025,Alderson et al. 2022,Near Infrared Imager and Slitless Spectrograph (NIRISS),Wide Field Camera 3,False,unknown,True,3.0,0.0,-0.014551501888786737,0.008913085389161924,0.7726847027976157,2.0,0.6795378451215162,0.38634235139880785,,,,,False,False
GJ 1132 b,Transmission,1090,1094,Bennett et al. 2025,Bennett et al. 2025,Near Infrared Spectrograph (NIRSpec) - G395M,Near Infrared Spectrograph (NIRSpec),False,unknown,True,64.0,0.0,-0.000473828305998203,0.000807990842143288,57.26493371766057,63.0,0.6798948754298878,0.908967201867628,-0.0007479226669647365,0.0013808989581655224,0.6569148042246633,0.9188964735058187,False,False
GJ 1132 b,Transmission,559,1083,May et al. 2023,Bennett et al. 2025,Near Infrared Spectrograph (NIRSpec),Near Infrared Spectrograph (NIRSpec) - G395M,False,unknown,True,60.0,0.0,0.0033841947194583645,0.0010018288405849935,53.387825221363705,59.0,0.6815641503751336,0.9048783935824357,0.0020675943824786935,0.0016966012841854318,0.7001272051540832,0.8948736644444503,False,False
HR 8799 e,Direct Imaging,818,1597,Doelman et al. 2022,Xuan et al. 2026,LMIRCam/ALES,Near Infrared Spectrograph (NIRSpec) - G395H,False,unknown,True,4.0,4.0,-4.3166089047761036e-17,7.450902739414464e-18,1.5021020542107064,3.0,0.681785262362831,0.5007006847369021,3.2446324933609817e-16,5.380806477233106e-16,0.5659520997979137,0.569245833692526,False,
GJ 1132 b,Transmission,1081,1082,Bennett et al. 2025,Bennett et al. 2025,Near Infrared Spectrograph (NIRSpec) - G395H,Near Infrared Spectrograph (NIRSpec) - G395M,False,unknown,True,62.0,1.0,-0.0010690259315266444,0.0010529073612039655,55.281515992988574,61.0,0.6822372716354692,0.9062543605407963,-0.0004046130143774293,0.001771447509105224,0.6503591272792314,0.9204890953128302,False,False
L 98-59 b,Transmission,1625,1626,Zhou et al. 2022,Zhou et al. 2022,Wide Field Camera 3,Wide Field Camera 3,True,unknown,True,25.0,0.0,-0.001580128064785463,0.0009884005508404125,20.22869120854918,24.0,0.6836993762186845,0.8428621336895491,0.0026509807085468066,0.006827893252211862,0.6372051385280926,0.8729542316778955,False,False
WASP-6 b,Transmission,1778,1781,Carter et al. 2020,Carter et al. 2020,FORS2,FORS2,True,unknown,True,7.0,0.0,0.0004189659874970691,0.01249541745652157,3.9401804304702024,6.0,0.6847715065247785,0.6566967384117004,0.24258881862745932,0.511661071670871,0.5910752977880619,0.7430781047766187,False,False
CoRoT-1 b,Transmission,4,658,Schlawin et al. 2014,Edwards et al. 2023,SpeX and MORIS,Wide Field Camera 3,False,unknown,True,3.0,0.0,-0.18543406833426723,0.025418232790683924,0.7551065243968343,2.0,0.685536687420822,0.37755326219841717,,,,,False,False
WASP-6 b,Transmission,1777,1779,Carter et al. 2020,Carter et al. 2020,FORS2,FORS2,True,unknown,True,7.0,0.0,0.02866047210168128,0.012652943111765912,3.9299683602987487,6.0,0.6861531911056455,0.6549947267164581,0.19629226694983984,0.5190913431309702,0.5804757775019637,0.7573948066094587,False,False
L 98-59 b,Transmission,874,1621,Damiano et al. 2022,Zhou et al. 2022,Wide Field Camera 3,Wide Field Camera 3,True,unknown,True,17.0,0.0,0.003898073094327767,0.0013578295687579906,12.809109671182062,16.0,0.6866604947767043,0.8005693544488789,-0.009972767000007076,0.009444996447759629,0.7020104019389835,0.7796153760290229,False,False
WASP-96 b,Transmission,578,1614,Radica et al. 2023,Wang et al. 2026,Near Infrared Imager and Slitless Spectrograph (NIRISS),Near Infrared Imager and Slitless Spectrograph (NIRISS),True,unknown,True,278.0,0.0,-0.02597013424024578,0.0012048810782702964,264.99517336368115,277.0,0.6876371739612116,0.9566612756811593,0.021882336904951154,0.0028841696499943247,0.9992472494874343,0.7515647046670597,False,False
WASP-6 b,Transmission,1780,1789,Carter et al. 2020,Carter et al. 2020,FORS2,Space Telescope Imaging Spectrograph,False,unknown,True,8.0,0.0,-0.014122502115475227,0.011262006534938092,4.769200219788194,7.0,0.6881048063264126,0.6813143171125992,0.25988375409097075,0.13954533504569033,0.9716128712238038,0.21680211274982422,False,False
WASP-6 b,Transmission,1777,1780,Carter et al. 2020,Carter et al. 2020,FORS2,FORS2,True,unknown,True,7.0,0.0,0.000477867714531285,0.012634101530009791,3.9100756344686354,6.0,0.6888442823926231,0.6516792724114392,0.2257398633374179,0.5172387995458402,0.5904495786422064,0.7439204476599004,False,False
HD 189733 b,Transmission,460,477,Pont et al. 2013,Di Gloria et al. 2015,Advanced Camera for Surveys,HARPS Echelle Spectrograph,False,unknown,True,3.0,0.0,0.1040958876956798,0.028999263473934916,0.7453487201903992,2.0,0.6888895262422768,0.3726743600951996,,,,,False,False
L 98-59 b,Transmission,873,1622,Damiano et al. 2022,Zhou et al. 2022,Wide Field Camera 3,Wide Field Camera 3,True,unknown,True,17.0,0.0,-0.002417211286149348,0.0014681467765809925,12.774573714067342,16.0,0.6891632508379896,0.7984108571292089,0.010135739358394838,0.01042179738351262,0.6919449363380226,0.7885810946920924,False,False
L 98-59 b,Transmission,1622,1626,Zhou et al. 2022,Zhou et al. 2022,Wide Field Camera 3,Wide Field Camera 3,True,unknown,True,25.0,0.0,0.0036628215667410566,0.0009430458418771423,20.117349878586232,24.0,0.6900834753345358,0.8382229116077596,-0.007772514320806685,0.0064200296892626685,0.7212483470978814,0.8109407266489308,False,False
L 98-59 b,Transmission,1624,1626,Zhou et al. 2022,Zhou et al. 2022,Wide Field Camera 3,Wide Field Camera 3,True,unknown,True,25.0,0.0,0.0017801415444318625,0.0008952127928389774,20.102147616024606,24.0,0.6909526140414775,0.8375894840010253,0.0025425183633025717,0.006098182762999003,0.6462321439510876,0.8664485468537191,False,False
GJ 1132 b,Transmission,555,556,May et al. 2023,May et al. 2023,Near Infrared Spectrograph (NIRSpec),Near Infrared Spectrograph (NIRSpec),True,unknown,True,59.0,0.0,-0.0026592644404945225,0.0009177851678752925,52.06450918479715,58.0,0.6944879159626713,0.8976639514620198,0.0034822886775480854,0.001551522141248281,0.8241817941945312,0.8250355485825328,False,False
HAT-P-26 b,Transmission,396,962,Stevenson et al. 2016,Ramos Rosado et al. 2025,LDSS-3C,Space Telescope Imaging Spectrograph,False,unknown,True,3.0,0.0,-0.017665686827223456,0.015784174240107814,0.7240509815068199,2.0,0.6962646193058415,0.36202549075340995,,,,,False,False
GJ 341 b,Transmission,998,1001,Kirk et al. 2024,Kirk et al. 2024,Near Infrared Camera (NIRCam),Near Infrared Camera (NIRCam),True,unknown,True,53.0,0.0,-0.0005770881292233768,0.000438018042687406,46.30439263633092,52.0,0.6964633640634286,0.89046908916021,-0.0008623995734878216,0.001545384180506051,0.6723334801557119,0.9018230260331486,False,False
GJ 1132 b,Transmission,1084,1092,Bennett et al. 2025,Bennett et al. 2025,Near Infrared Spectrograph (NIRSpec) - G395H,Near Infrared Spectrograph (NIRSpec),False,unknown,True,54.0,0.0,-0.0004151859965269595,0.0007545578371769268,47.252679939226866,53.0,0.6965051343947556,0.8915599988533371,0.0031750619058778027,0.0013334616038158688,0.8490454468675197,0.7996768874563958,False,False
GJ 1132 b,Transmission,1085,1088,Bennett et al. 2025,Bennett et al. 2025,Near Infrared Spectrograph (NIRSpec) - G395H,Near Infrared Spectrograph (NIRSpec) - G395H,True,unknown,True,54.0,0.0,0.0004744471484734779,0.0009584524761399594,47.22022285974012,53.0,0.6976930209886693,0.8909476011271721,-0.003126886112448406,0.0016855118818160117,0.7842808568475385,0.8418965785992361,False,False
GJ 1132 b,Transmission,1080,1085,Bennett et al. 2025,Bennett et al. 2025,Near Infrared Spectrograph (NIRSpec) - G395H,Near Infrared Spectrograph (NIRSpec) - G395H,True,unknown,True,54.0,0.0,-0.0030359132927937032,0.0009677750474699836,47.213242037838945,53.0,0.6979483088432888,0.8908158875063952,0.001774754296234328,0.0017134733788425932,0.7025104757553507,0.8873160512555358,False,False
WASP-6 b,Transmission,1778,1779,Carter et al. 2020,Carter et al. 2020,FORS2,FORS2,True,unknown,True,7.0,0.0,0.043056111429127374,0.012598135351472984,3.8386723481906686,6.0,0.6984976625187918,0.6397787246984448,0.19356622069857088,0.5164123460385415,0.5936354656784837,0.7396351435649544,False,False
L 98-59 b,Transmission,880,881,Damiano et al. 2022,Damiano et al. 2022,Wide Field Camera 3,Wide Field Camera 3,True,unknown,True,18.0,0.0,0.0016628704207795214,0.0014252407410379367,13.55229017300245,17.0,0.6985010487741263,0.7971935395883795,0.00012667172789130818,0.009749794946587108,0.6320409686102874,0.8470075859102287,False,False
WASP-6 b,Transmission,1778,1780,Carter et al. 2020,Carter et al. 2020,FORS2,FORS2,True,unknown,True,7.0,0.0,0.014872341198352188,0.012578847146707674,3.8231746062285463,6.0,0.700591198085553,0.6371957677047577,0.22281237622527528,0.5145382869687113,0.6029677045392774,0.727131298308118,False,False
TOI-270 d,Transmission,1057,1581,Felix et al. 2025,Holmberg &amp; Madhusudhan 2024,Near Infrared Spectrograph (NIRSpec) - G395H,Near Infrared Spectrograph (NIRSpec) - G395H,True,unknown,True,3388.0,5.0,-0.00048587693430921484,0.0006054713512940922,3342.652056698559,3387.0,0.7030142757591548,0.9869064235897724,0.003240340113895317,0.000997278803455075,0.7422967193210077,0.9840799983710278,False,False
Kepler-51 d,Transmission,669,1618,Edwards et al. 2023,Libby-Roberts et al. 2020,Wide Field Camera 3,Wide Field Camera 3,True,unknown,True,20.0,0.0,-0.00017667006878448305,0.008323165361105276,15.300684322680214,19.0,0.7033045792545876,0.805299174877906,-0.04588004673760322,0.0642649639477453,0.67626419515645,0.8217223597003409,False,False
WASP-107 b,Transmission,678,770,Edwards et al. 2023,Welbanks et al. 2024,Wide Field Camera 3,Wide Field Camera 3,True,unknown,True,20.0,11.0,0.013388871176930248,0.0018402980787582022,15.292860721096224,19.0,0.7038109343107168,0.8048874063734854,-0.0281039429922003,0.012718325856749983,0.9176988581998,0.5783331588718901,False,False
GJ 3470 b,Transmission,189,196,Biddle et al. 2014,Awiphan et al. 2016,,ULTRASPEC,False,unknown,True,3.0,3.0,0.010045486974938381,0.025709628820600315,0.700653823373214,2.0,0.7044577565981174,0.350326911686607,,,,,False,False
WASP-6 b,Transmission,1779,1788,Carter et al. 2020,Carter et al. 2020,FORS2,Space Telescope Imaging Spectrograph,False,unknown,True,8.0,0.0,-0.014205836018132408,0.011330633763267369,4.627282754656097,7.0,0.7053410217055651,0.6610403935222996,0.26374013037675975,0.1404150538914639,0.9815659106338699,0.18321851129744973,False,False
WASP-19 b,Transmission,1672,1673,Sedaghati et al. 2017,Sedaghati et al. 2017,FORS2,FORS2,True,unknown,True,21.0,21.0,-0.007303287905537109,0.006128947480697691,16.17829280013668,20.0,0.7055034562540562,0.8089146400068341,-0.1365465099068033,0.2103297692779134,0.6734358961091416,0.8293068181376487,False,False
GJ 3470 b,Transmission,660,848,Edwards et al. 2023,Beatty et al. 2024,Wide Field Camera 3,Wide Field Camera 3,True,unknown,True,14.0,0.0,-0.002944004901804597,0.0014034533196535287,9.848360163962669,13.0,0.7062849959671498,0.7575661664586668,-0.02017643013838274,0.009817679283805324,0.9337996682264771,0.46873958219053513,False,False
GJ 1132 b,Transmission,1080,1081,Bennett et al. 2025,Bennett et al. 2025,Near Infrared Spectrograph (NIRSpec) - G395H,Near Infrared Spectrograph (NIRSpec) - G395H,True,unknown,True,62.0,0.0,-0.0023102533060126206,0.0009915584914214504,54.548837976013395,61.0,0.7071472304195412,0.8942432455084163,0.002375762703160365,0.0016918028839844144,0.7409368238909839,0.8762806565682965,False,False
WASP-107 b,Transmission,552,774,Dyrek et al. 2024,Welbanks et al. 2024,Mid-Infrared Instrument (MIRI) - LRS,Near Infrared Camera (NIRCam),False,unknown,True,3.0,0.0,0.02173512463652184,0.004855966305564769,0.6927698941259091,2.0,0.7072401846669611,0.34638494706295453,,,,,False,False
WASP-17 b,Transmission,215,252,Sing et al. 2016,Mandell et al. 2013,Wide Field Camera 3,Wide Field Camera 3,True,unknown,True,11.0,1.0,0.008825319955660212,0.014682066997325218,7.185998731454468,10.0,0.7077766034173986,0.7185998731454468,-0.13792638623332948,0.10439689204487143,0.7943437588826872,0.6044999829275873,False,False
bet Pic b,Direct Imaging,789,790,Kammerer et al. 2024,Kammerer et al. 2024,Near Infrared Camera (NIRCam),Near Infrared Camera (NIRCam),True,unknown,True,6.0,0.0,9.831564999706418e-17,1.0174379347419424e-16,2.9486129393649003,5.0,0.7079081236956865,0.58972258787298,-9.04458016290594e-17,1.2389260449196273e-16,0.6597984904031324,0.6039158599030213,False,
55 Cnc e,Eclipse,854,860,Patel et al. 2024,Patel et al. 2024,Near Infrared Camera (NIRCam),Near Infrared Camera (NIRCam),True,independent,True,30.0,30.0,0.003982160688848168,0.0005069214386870684,24.400292989011483,29.0,0.7089576112620891,0.841389413414189,-0.0022497092276511092,0.0018517363261897335,0.7368212017096163,0.818723762892254,False,False
GJ 1132 b,Transmission,1084,1094,Bennett et al. 2025,Bennett et al. 2025,Near Infrared Spectrograph (NIRSpec) - G395H,Near Infrared Spectrograph (NIRSpec),False,unknown,True,54.0,0.0,-0.00261270278144758,0.0007523102725705188,46.901632935315064,53.0,0.7092692320130524,0.8849364704776427,0.0024839620973521304,0.0013240044866792392,0.7968690213579082,0.834267104500663,False,False
WASP-43 b,Transmission,81,175,Ricci et al. 2015,Murgas et al. 2014,Mexman,OSIRIS,False,unknown,True,3.0,3.0,-0.026526674402281035,0.06532248209983839,0.6863879684339165,2.0,0.7095005662983513,0.34319398421695824,,,,,False,False
WASP-17 b,Transmission,576,911,Panek et al. 2023,Louie et al. 2025,Wide Field Camera 3,Near Infrared Imager and Slitless Spectrograph (NIRISS),False,unknown,True,20.0,20.0,0.05007467280956164,0.0043154998751252635,15.188519976940903,19.0,0.7105424830100818,0.7993957882600475,-0.0035781786394434027,0.02903018834650618,0.6500333664905307,0.8429626471588176,False,False
55 Cnc e,Eclipse,709,860,Hu et al. 2024,Patel et al. 2024,Near Infrared Camera (NIRCam),Near Infrared Camera (NIRCam),True,independent,True,19.0,19.0,0.00391776999951232,0.0005385727971748861,14.261661371787106,18.0,0.7118814781687501,0.7923145206548392,0.0007526590650184451,0.0020851314372632825,0.6577822023873736,0.831256810618753,False,False
WASP-19 b,Transmission,65,684,Bean et al. 2013,Edwards et al. 2023,MMIRS,Wide Field Camera 3,False,unknown,True,3.0,0.0,-0.05942672478135669,0.012970856166682502,0.6793615126379491,2.0,0.7119975872149332,0.33968075631897454,,,,,False,False
WASP-12 b,Eclipse,54,612,Stevenson et al. 2014,Changeat et al. 2022,Wide Field Camera 3,Wide Field Camera 3,True,unknown,True,10.0,0.0,0.026179551043376537,0.006888916615834588,6.265206918712139,9.0,0.7131097799238454,0.6961341020791266,-0.053582820693989015,0.0525766109457676,0.7331088578270402,0.6533205888982258,False,False
GJ 341 b,Transmission,1003,1005,Kirk et al. 2024,Kirk et al. 2024,Near Infrared Camera (NIRCam),Near Infrared Camera (NIRCam),True,unknown,True,55.0,1.0,0.0018957154919026328,0.00041623325376675377,47.73553681899451,54.0,0.713275070480764,0.8839914225739725,0.002398259897542778,0.001403913367503309,0.7805698998713954,0.8456105319070646,False,False
WASP-127 b,Transmission,350,406,Palle et al. 2017,Chen et al. 2018,ALFOSC,OSIRIS,False,unknown,True,18.0,0.0,0.05207119113669114,0.011629718649518091,13.333373775584755,17.0,0.7135984805129274,0.7843161044461621,-0.01753105061181207,0.1131138569608916,0.65001857478012,0.8318345720450585,False,False
WASP-6 b,Transmission,1781,1789,Carter et al. 2020,Carter et al. 2020,FORS2,Space Telescope Imaging Spectrograph,False,unknown,True,8.0,0.0,-0.000481522298623167,0.01124490261302933,4.5391405079005835,7.0,0.7159991145753113,0.6484486439857976,0.2516839207565641,0.13929495590541546,0.973047102390925,0.21241065778787083,False,False
WASP-107 b,Transmission,126,770,Kreidberg et al. 2018,Welbanks et al. 2024,Wide Field Camera 3,Wide Field Camera 3,True,unknown,True,18.0,0.0,0.006131636019908453,0.0019598716265834914,13.280928174356122,17.0,0.7171859245469605,0.7812310690797719,-0.030323325811995865,0.015286182224731645,0.8984910819609604,0.5841143592238769,False,False
GJ 1132 b,Transmission,556,557,May et al. 2023,May et al. 2023,Near Infrared Spectrograph (NIRSpec),Near Infrared Spectrograph (NIRSpec),True,unknown,True,58.0,0.0,0.005062518462507466,0.000918559949554537,50.45897070443798,57.0,0.7172377744980762,0.8852451000778593,-0.005079368802789907,0.0015843771180802254,0.9451818997675586,0.7175199719424254,False,False
LTT 1445 A b,Transmission,525,1631,Diamond-Lowe et al. 2023,Bennett et al. 2025,LDSS-3C,Wide Field Camera 3,False,unknown,True,7.0,0.0,-0.004393160137096658,0.004893939870197194,3.672075776808769,6.0,0.7209526423380619,0.6120126294681282,0.026372808480824707,0.05343647233875603,0.6342332835732343,0.6856996516479499,False,False
HAT-P-32 b,Transmission,163,165,Gibson et al. 2013,Mallonn et al. 2016,GMOS,Multiple Instruments,False,unknown,True,3.0,3.0,0.014873796419839384,0.018819375951742972,0.6464205817250119,2.0,0.7238216252884018,0.32321029086250597,,,,,False,False
WASP-19 b,Transmission,582,684,Changeat et al. 2022,Edwards et al. 2023,Wide Field Camera 3,Wide Field Camera 3,True,unknown,True,25.0,0.0,-0.05168001104494144,0.0046905029067608,19.508462294789844,24.0,0.7243575726870093,0.8128525956162435,0.004304406004280079,0.031891100763774126,0.6724327563272251,0.8474019500446255,False,False
HD 189733 b,Transmission,462,463,Pont et al. 2013,Sing et al. 2011,Space Telescope Imaging Spectrograph,Space Telescope Imaging Spectrograph,True,unknown,True,5.0,5.0,-0.017427327700876228,0.003270367601934894,2.056255365439327,4.0,0.7254126315594089,0.5140638413598317,-0.04898013611290505,0.059689993802864896,0.7095452141038812,0.4609705000322594,False,False
HAT-P-12 b,Transmission,205,573,Line et al. 2013,Panek et al. 2023,Wide Field Camera 3,Wide Field Camera 3,True,unknown,True,18.0,18.0,-0.008356755670324352,0.008526168285665185,13.155333224486174,17.0,0.7257268883910675,0.7738431308521279,0.09187222168635105,0.05996107833366275,0.8211962517033968,0.6754814793137166,False,False
55 Cnc e,Eclipse,709,853,Hu et al. 2024,Patel et al. 2024,Near Infrared Camera (NIRCam),Near Infrared Camera (NIRCam),True,independent,True,20.0,20.0,-0.005121899966275481,0.0005094639787065517,14.913255462841109,19.0,0.7280944507880531,0.7849081822547952,0.00443813175568048,0.00198450503123598,0.9347469223142598,0.5506558321248349,False,False
GJ 1132 b,Transmission,558,1083,May et al. 2023,Bennett et al. 2025,Near Infrared Spectrograph (NIRSpec),Near Infrared Spectrograph (NIRSpec) - G395M,False,unknown,True,59.0,0.0,0.0038715978026023492,0.0009770769705089051,51.01177723262913,58.0,0.7304937788208654,0.8795134005625712,0.0019461291964772663,0.0016549781005439587,0.745179476968723,0.8706838411139606,False,False
HD 189733 b,Transmission,33,37,Pont et al. 2013,Sing et al. 2016,Wide Field Camera 3,Wide Field Camera 3,True,unknown,True,3.0,0.0,-0.030250853203202407,0.012886965654594823,0.626618632211756,2.0,0.7310237601715952,0.313309316105878,,,,,False,False
GJ 341 b,Transmission,1005,1006,Kirk et al. 2024,Kirk et al. 2024,Near Infrared Camera (NIRCam),Near Infrared Camera (NIRCam),True,unknown,True,55.0,0.0,0.001024364771739337,0.0005361632631735349,47.18102988948297,54.0,0.7327333277208561,0.8737227757311662,-0.0015523836078946592,0.0017607355290198462,0.7270376077126451,0.8755413583509024,False,False
GJ 1132 b,Transmission,556,1083,May et al. 2023,Bennett et al. 2025,Near Infrared Spectrograph (NIRSpec),Near Infrared Spectrograph (NIRSpec) - G395M,False,unknown,True,60.0,0.0,0.0066317426216426865,0.000974894678546739,51.87970277497994,59.0,0.7329674405486147,0.8793169961861007,0.0008338987229254478,0.0016438015437044396,0.709809468326995,0.8900405275191315,False,False
WASP-19 b,Transmission,684,919,Edwards et al. 2023,Tumborang et al. 2024,Wide Field Camera 3,Wide Field Camera 3,True,unknown,True,6.0,0.0,0.06803048729182598,0.009038629294799056,2.7842825051012046,5.0,0.7332006774059335,0.5568565010202409,0.06803681942601024,0.06407890148372453,0.798524789019618,0.41423369663749277,False,False
HAT-P-18 b,Transmission,428,628,Kirk et al. 2017,Jiang et al. 2023,ACAM,OSIRIS,False,unknown,True,9.0,0.0,0.04426396863209784,0.027973692285190078,5.2050113805539695,8.0,0.735456371329729,0.6506264225692462,0.08695798956865047,0.4612950392819897,0.6392898577001109,0.7384965662655124,False,False
GJ 1132 b,Transmission,557,1093,May et al. 2023,Bennett et al. 2025,Near Infrared Spectrograph (NIRSpec),Near Infrared Spectrograph (NIRSpec),True,unknown,True,54.0,0.0,-0.0021415058086261584,0.000751427326838636,46.1495178583938,53.0,0.7359431827550691,0.8707456199696944,0.004299955888258056,0.0013258900943398312,0.9595897107997117,0.6852309133766499,False,False
HAT-P-12 b,Transmission,16,641,Sing et al. 2016,Wong et al. 2020,Space Telescope Imaging Spectrograph,Space Telescope Imaging Spectrograph,True,unknown,True,3.0,0.0,-0.06573326136490146,0.017069758309541164,0.6109536215223716,2.0,0.7367719898130276,0.3054768107611858,,,,,False,False
GJ 1132 b,Transmission,1080,1089,Bennett et al. 2025,Bennett et al. 2025,Near Infrared Spectrograph (NIRSpec) - G395H,Near Infrared Spectrograph (NIRSpec) - G395H,True,unknown,True,62.0,0.0,-0.005022837798368717,0.0009703153083731261,53.639219952872566,61.0,0.7370402751941093,0.8793314746372551,0.0017326793533788333,0.001642399751539729,0.7425663883531968,0.875437704175084,False,False
GJ 1214 b,Transmission,8,659,Berta et al. 2012,Edwards et al. 2023,WFC3,Wide Field Camera 3,False,unknown,True,21.0,21.0,0.004193408919148737,0.004673797038521472,15.665950805421895,20.0,0.7371198435026217,0.7832975402710948,-0.016982972913784287,0.03380438314712143,0.6959754222394596,0.8112397591740135,False,False
WASP-39 b,Transmission,172,173,JWST Transiting Exoplanet Community ERS Team 2022,Alderson et al. 2023,Near Infrared Spectrograph (NIRSpec),Near Infrared Spectrograph (NIRSpec) - G395H,False,unknown,True,56.0,56.0,0.011540187448205876,0.0029272900626867377,47.980714596789895,55.0,0.7375275249025387,0.8723766290325435,-0.012087115137789066,0.00516034083077324,0.871151044678266,0.7869314999388621,False,False
WASP-39 b,Transmission,638,871,Jiang et al. 2023,Rustamkulov et al. 2023,OSIRIS,Near Infrared Spectrograph (NIRSpec) - PRISM,False,unknown,True,25.0,3.0,0.002620231155746762,0.015527012180069544,19.229119548916163,24.0,0.739662629925289,0.8012133145381735,-0.23577342630921339,0.26993512493927835,0.7317331816152004,0.802878859218289,False,False
WASP-6 b,Transmission,1777,1789,Carter et al. 2020,Carter et al. 2020,FORS2,Space Telescope Imaging Spectrograph,False,unknown,True,3.0,0.0,-0.03479338788275273,0.018873685321494655,0.6010623924323932,2.0,0.7404248053456219,0.3005311962161966,,,,,False,False
WASP-6 b,Transmission,1776,1789,Carter et al. 2020,Carter et al. 2020,FORS2,Space Telescope Imaging Spectrograph,False,unknown,True,3.0,0.0,-0.06305628888165166,0.018867562129595762,0.5988397834698329,2.0,0.7412481001307152,0.29941989173491645,,,,,False,False
55 Cnc e,Eclipse,709,851,Hu et al. 2024,Patel et al. 2024,Near Infrared Camera (NIRCam),Near Infrared Camera (NIRCam),True,independent,True,20.0,20.0,-0.004858372348299447,0.0005385730271067881,14.700649437345259,19.0,0.7414241333430176,0.7737183914392242,0.003907196832784726,0.002016285769210225,0.8966547888974862,0.6080837243274894,False,False
GJ 9827 d,Transmission,539,841,Roy et al. 2023,Piaulet-Ghorayeb et al. 2024,Wide Field Camera 3,Near Infrared Imager and Slitless Spectrograph (NIRISS),False,unknown,True,19.0,0.0,0.0011501951074232458,0.0008172651138126946,13.80685987427643,18.0,0.7415921912639276,0.767047770793135,0.0006923001536015358,0.005175388848542501,0.6819798697028685,0.8111156506873174,False,False
GJ 1132 b,Transmission,1084,1091,Bennett et al. 2025,Bennett et al. 2025,Near Infrared Spectrograph (NIRSpec) - G395H,Near Infrared Spectrograph (NIRSpec) - G395M,False,unknown,True,54.0,0.0,-0.0007622843002644487,0.001013247116317247,45.978102026232186,53.0,0.7418827354280773,0.8675113589855129,0.0030445860863164216,0.001734832683327106,0.8117082607995607,0.8249647812304997,False,False
WASP-6 b,Transmission,1778,1789,Carter et al. 2020,Carter et al. 2020,FORS2,Space Telescope Imaging Spectrograph,False,unknown,True,3.0,0.0,-0.020457782465771276,0.018833098938368584,0.5949793535017756,2.0,0.7426802500544409,0.2974896767508878,,,,,False,False
GJ 1214 b,Transmission,8,232,Berta et al. 2012,Kreidberg et al. 2014,WFC3,Wide Field Camera 3,False,unknown,True,20.0,20.0,-0.002773896179276197,0.004772767995497485,14.652182743976638,19.0,0.744432777974315,0.7711675128408757,-0.02244605027875348,0.03600753256956446,0.7117534587049382,0.7924217436432417,False,False
HAT-P-11 b,Transmission,1714,1715,Chachan et al. 2019,Chachan et al. 2019,Space Telescope Imaging Spectrograph,Wide Field Camera 3,False,unknown,True,3.0,0.0,0.013000460811912501,0.010295170425467931,0.5877931774413994,2.0,0.7453535654237922,0.2938965887206997,,,,,False,False
HD 189733 b,Transmission,33,264,Pont et al. 2013,McCullough et al. 2014,Wide Field Camera 3,Wide Field Camera 3,True,unknown,True,3.0,0.0,0.0033643769715835507,0.013362422166997814,0.5867200852931358,2.0,0.7457535892591729,0.2933600426465679,,,,,False,False
WASP-12 b,Transmission,250,429,Kreidberg et al. 2015,Mandell et al. 2013,Wide Field Camera 3,Wide Field Camera 3,True,unknown,True,8.0,0.0,-0.011398825852519508,0.0054311049440972144,4.288596155194342,7.0,0.7460012226957422,0.6126565935991917,0.026359759809979455,0.04191226974766938,0.6911474444044065,0.6488411553022714,False,False
KELT-7 b,Transmission,1049,1052,Ahrer et al. 2025,Ahrer et al. 2025,Near Infrared Spectrograph (NIRSpec) - G395H,Near Infrared Spectrograph (NIRSpec) - G395H,True,unknown,True,60.0,0.0,0.00020953661479121045,0.00047126116212618086,51.476572073116536,59.0,0.74612119707613,0.872484272425704,0.0020616392584402914,0.0008058823456626189,0.8953529744959288,0.7746894440193473,False,False
GJ 1214 b,Transmission,9,375,de Mooij et al. 2012,Rackham et al. 2017,GROND,IMACS spectrograph,False,unknown,True,3.0,3.0,-0.04257479646059452,0.019942780572192797,0.5838694384327457,2.0,0.7468172871998153,0.2919347192163729,,,,,False,False
WASP-12 b,Transmission,53,1680,Stevenson et al. 2014,Swain et al. 2013,Wide Field Camera 3,Wide Field Camera 3,True,unknown,True,10.0,0.0,0.06152507551081208,0.003879526364957167,5.904095721555564,9.0,0.7494771339462261,0.6560106357283959,-0.016578953035523616,0.02834264439120802,0.6961691695422867,0.6952415486461998,False,False
55 Cnc e,Eclipse,851,858,Patel et al. 2024,Patel et al. 2024,Near Infrared Camera (NIRCam),Near Infrared Camera (NIRCam),True,independent,True,28.0,28.0,0.010356732648369707,0.0005040229531335318,21.75062532824868,27.0,0.7499390828798634,0.8055787158610622,0.00046769201092840284,0.0019568204236951104,0.7053439417715486,0.8343654390041002,False,False
L 98-59 b,Transmission,1621,1624,Zhou et al. 2022,Zhou et al. 2022,Wide Field Camera 3,Wide Field Camera 3,True,unknown,True,25.0,0.0,-0.0017440493571070006,0.0011329440143515697,19.033110777607373,24.0,0.750221492239086,0.7930462824003072,0.002314460492643922,0.007750741107647678,0.7044735151985839,0.8236496497701996,False,False
WASP-6 b,Transmission,1780,1788,Carter et al. 2020,Carter et al. 2020,FORS2,Space Telescope Imaging Spectrograph,False,unknown,True,8.0,0.0,0.012180354090723154,0.011329356342866213,4.212885261169028,7.0,0.7549566962137846,0.6018407515955754,0.2448236439775211,0.1403562622015499,0.9783263896326352,0.19504956781786276,False,False
GJ 341 b,Transmission,1004,1005,Kirk et al. 2024,Kirk et al. 2024,Near Infrared Camera (NIRCam),Near Infrared Camera (NIRCam),True,unknown,True,55.0,0.0,0.0014508797506826096,0.0005448673965186835,46.49100122797425,54.0,0.7561825918094226,0.8609444671847084,0.001593348231521049,0.001787346563764171,0.7515261609705999,0.8621943402498055,False,False
GJ 1132 b,Transmission,558,1080,May et al. 2023,Bennett et al. 2025,Near Infrared Spectrograph (NIRSpec),Near Infrared Spectrograph (NIRSpec) - G395H,False,unknown,True,59.0,0.0,0.0007569309615407078,0.0009502534838792095,50.224650492840546,58.0,0.756252750538568,0.8659422498765611,-0.00042504182940260446,0.0016225719078680418,0.7275685044140583,0.879930346424959,False,False
TOI-776 c,Transmission,956,957,Teske et al. 2025,Teske et al. 2025,Near Infrared Spectrograph (NIRSpec),Near Infrared Spectrograph (NIRSpec),True,unknown,True,104.0,0.0,0.0004640546856041761,0.0003790801882793154,92.55279302329473,103.0,0.7602768950734213,0.8985708060514052,-0.0034830120218130515,0.0006926492079718542,0.9968536125154124,0.6594765766570483,False,False
HD 209458 b,Transmission,44,45,Deming et al. 2013,Sing et al. 2016,Wide Field Camera 3,Wide Field Camera 3,True,unknown,True,27.0,27.0,0.006684494467713187,0.000944168947393853,20.608118426471968,26.0,0.761898197149302,0.7926199394796911,-0.00980376554393803,0.006652213678749912,0.8233250766101997,0.7374460112802066,False,False
WASP-39 b,Transmission,828,835,Carter et al. 2024,Carter et al. 2024,Near Infrared Imager and Slitless Spectrograph (NIRISS),Near Infrared Spectrograph (NIRSpec),False,unknown,True,3.0,1.0,0.04479454985285992,0.016381420952092003,0.5420833816670478,2.0,0.7625847029504236,0.2710416908335239,,,,,False,False
55 Cnc e,Eclipse,853,856,Patel et al. 2024,Patel et al. 2024,Near Infrared Camera (NIRCam),Near Infrared Camera (NIRCam),True,independent,True,28.0,28.0,0.009634948323542369,0.000514543907332631,21.45838905747427,27.0,0.7643638562741251,0.7947551502768249,-0.0009507795810679399,0.0020461089547760807,0.7293424275725874,0.817017862665877,False,False
WASP-107 b,Transmission,551,772,Dyrek et al. 2024,Welbanks et al. 2024,Mid-Infrared Instrument (MIRI) - LRS,Near Infrared Camera (NIRCam),False,unknown,True,3.0,0.0,0.019931436383245456,0.004748479910883329,0.5347375896061177,2.0,0.7653907472788217,0.26736879480305886,,,,,False,False
WASP-17 b,Transmission,254,1011,Sing et al. 2016,Alderson et al. 2022,Space Telescope Imaging Spectrograph,Space Telescope Imaging Spectrograph,True,unknown,True,14.0,0.0,0.07340278496431343,0.012228118676807367,9.09642243686774,13.0,0.7656227943644615,0.69972480283598,-0.2509648176186996,0.20142373415520917,0.8196723502625782,0.6286683084601197,False,False
HD 209458 b,Transmission,45,574,Sing et al. 2016,Panek et al. 2023,Wide Field Camera 3,Wide Field Camera 3,True,unknown,True,18.0,18.0,-0.0002145369115986246,0.0011187363186195784,12.51718781030952,17.0,0.7678594627676396,0.7363051653123247,-0.0017507881987339489,0.007815366120324515,0.7112554922362287,0.7791877143776121,False,False
WASP-96 b,Transmission,985,1614,Nikolov et al. 2022,Wang et al. 2026,Wide Field Camera 3,Near Infrared Imager and Slitless Spectrograph (NIRISS),False,unknown,True,66.0,0.0,-0.0047019325895321104,0.003304964959003696,56.33285212101296,65.0,0.769638252654775,0.8666592634001994,-0.004856600006964808,0.015266540612794526,0.7444018026485927,0.8786195538865704,False,False
WASP-12 b,Eclipse,612,1679,Changeat et al. 2022,Swain et al. 2013,Wide Field Camera 3,Wide Field Camera 3,True,unknown,True,17.0,0.0,-0.008728068408471706,0.0060547070174660645,11.617590720695834,16.0,0.7698582975636923,0.7260994200434896,0.06774337616309052,0.043897398833455885,0.8648545293954277,0.6157373652525584,False,False
HAT-P-11 b,Transmission,1705,1714,Mansfield et al. 2018,Chachan et al. 2019,Wide Field Camera 3,Space Telescope Imaging Spectrograph,False,unknown,True,3.0,0.0,-0.016901113630085937,0.010297078031712386,0.5197788264643178,2.0,0.7711368586212148,0.2598894132321589,,,,,False,False
GJ 341 b,Transmission,1001,1002,Kirk et al. 2024,Kirk et al. 2024,Near Infrared Camera (NIRCam),Near Infrared Camera (NIRCam),True,unknown,True,57.0,0.0,-0.0001463412393253468,0.000401599344303776,47.890961928218545,56.0,0.7712148557227414,0.8551957487181883,0.0028936053950650523,0.001352362466868666,0.8728467264679672,0.7875052161940266,False,False
WASP-6 b,Transmission,1776,1790,Carter et al. 2020,Carter et al. 2020,FORS2,Space Telescope Imaging Spectrograph,False,unknown,True,3.0,0.0,-0.0767662094701303,0.019006856229337028,0.5178244181565902,2.0,0.7718907850726915,0.2589122090782951,,,,,False,False
WASP-6 b,Transmission,1777,1790,Carter et al. 2020,Carter et al. 2020,FORS2,Space Telescope Imaging Spectrograph,False,unknown,True,3.0,0.0,-0.04850964622035694,0.019012589882827304,0.5175589525675385,2.0,0.7719932470935478,0.25877947628376924,,,,,False,False
WASP-6 b,Transmission,1778,1790,Carter et al. 2020,Carter et al. 2020,FORS2,Space Telescope Imaging Spectrograph,False,unknown,True,3.0,0.0,-0.034171115329203666,0.018972797607462746,0.5128239129212051,2.0,0.7738231216868525,0.25641195646060255,,,,,False,False
WASP-12 b,Eclipse,245,1679,Crossfield et al. 2012,Swain et al. 2013,SpeX,Wide Field Camera 3,False,unknown,True,4.0,0.0,0.03577023307899558,0.05659413939296218,1.109068185531297,3.0,0.7748854508911145,0.369689395177099,-0.26263195963113206,2.463594339152826,0.577612668432919,0.5488517587615652,False,False
WASP-12 b,Eclipse,245,612,Crossfield et al. 2012,Changeat et al. 2022,SpeX,Wide Field Camera 3,False,unknown,True,3.0,0.0,0.014617735440802538,0.052336213663941304,0.5096127011805405,2.0,0.7750665746141596,0.25480635059027024,,,,,False,False
TOI-1685 b,Transmission,1027,1571,Luque et al. 2025,Fisher et al. 2026,Near Infrared Spectrograph (NIRSpec) - G395H,Near Infrared Spectrograph (NIRSpec) - G395H,True,unknown,True,29.0,29.0,-0.0006014455169902821,0.001280039845302417,22.099192201025346,28.0,0.7766782805718737,0.7892568643223338,-0.009297110958716793,0.0036243940036937406,0.9615025213350494,0.5747852732502432,False,False
CoRoT-1 b,Eclipse,587,883,Changeat et al. 2022,Glidic et al. 2022,Wide Field Camera 3,Wide Field Camera 3,True,unknown,True,10.0,0.0,0.029219205095212947,0.008883685696124854,5.622803452425345,9.0,0.7769950635512634,0.6247559391583717,0.08254790551721573,0.059758602894064934,0.881906886237346,0.46433237675355676,False,False
WASP-39 b,Transmission,172,833,JWST Transiting Exoplanet Community ERS Team 2022,Carter et al. 2024,Near Infrared Spectrograph (NIRSpec),Near Infrared Camera (NIRCam),False,unknown,True,22.0,22.0,-0.013217968720419492,0.00254251256880256,15.82299465888117,21.0,0.7795124557614908,0.7534759361371985,0.007979038462219427,0.009057611120831336,0.7737135164719781,0.7523486559920076,False,False
WASP-6 b,Transmission,1781,1788,Carter et al. 2020,Carter et al. 2020,FORS2,Space Telescope Imaging Spectrograph,False,unknown,True,8.0,0.0,0.02580959347104397,0.011313342296212852,3.994958753535523,7.0,0.7803578796190382,0.5707083933622176,0.23667613991346934,0.140114053631799,0.9796677048476733,0.19027851421001984,False,False
WASP-6 b,Transmission,1776,1788,Carter et al. 2020,Carter et al. 2020,FORS2,Space Telescope Imaging Spectrograph,False,unknown,True,3.0,0.0,-0.03628632623714755,0.019459161328290613,0.49233715229814795,2.0,0.7817904225976006,0.24616857614907398,,,,,False,False
WASP-6 b,Transmission,1777,1788,Carter et al. 2020,Carter et al. 2020,FORS2,Space Telescope Imaging Spectrograph,False,unknown,True,3.0,0.0,-0.00801485260247218,0.019463556122394192,0.4920710363276428,2.0,0.7818944529770041,0.2460355181638214,,,,,False,False
GJ 1132 b,Transmission,556,1084,May et al. 2023,Bennett et al. 2025,Near Infrared Spectrograph (NIRSpec),Near Infrared Spectrograph (NIRSpec) - G395H,False,unknown,True,53.0,0.0,0.003463505798773546,0.0009384620556895462,43.849237728278645,52.0,0.7820020587475958,0.8432545716976663,-0.0036867393373147678,0.0016789944733933263,0.8898944112396554,0.765248853496484,False,False
L 98-59 b,Transmission,881,1624,Damiano et al. 2022,Zhou et al. 2022,Wide Field Camera 3,Wide Field Camera 3,True,unknown,True,17.0,0.0,-0.0021965513701986835,0.0013341852140605333,11.407979184872584,16.0,0.7836305580128116,0.7129986990545365,-0.0014133009221507227,0.00966683289546122,0.724738279315617,0.7591069629213748,False,False
WASP-6 b,Transmission,1778,1788,Carter et al. 2020,Carter et al. 2020,FORS2,Space Telescope Imaging Spectrograph,False,unknown,True,3.0,0.0,0.00631687311027392,0.01942433130156696,0.4873962999617618,2.0,0.7837241657169604,0.2436981499808809,,,,,False,False
GJ 1132 b,Transmission,559,1087,May et al. 2023,Bennett et al. 2025,Near Infrared Spectrograph (NIRSpec),Near Infrared Spectrograph (NIRSpec) - G395M,False,unknown,True,54.0,0.0,0.001587802965302493,0.001014967727454407,44.71088579715234,53.0,0.7839756062899941,0.8436016188141952,0.001986309012030807,0.0017843453409035468,0.7940516432340542,0.8359942649820992,False,False
GJ 1132 b,Transmission,1081,1088,Bennett et al. 2025,Bennett et al. 2025,Near Infrared Spectrograph (NIRSpec) - G395H,Near Infrared Spectrograph (NIRSpec) - G395H,True,unknown,True,62.0,0.0,-4.340766108284814e-05,0.0009791011871660988,52.023709726932374,61.0,0.7867444972414557,0.8528477004415144,-0.0036383363782054264,0.0016583826145388219,0.8850378624614461,0.7868414007883866,False,False
GJ 1132 b,Transmission,1088,1089,Bennett et al. 2025,Bennett et al. 2025,Near Infrared Spectrograph (NIRSpec) - G395H,Near Infrared Spectrograph (NIRSpec) - G395H,True,unknown,True,62.0,0.0,-0.0025648548877828547,0.000958254157564536,51.953758515078334,61.0,0.7887871866179647,0.8517009592635792,0.002972666837490902,0.001612558560502239,0.8549200250557534,0.809257671812465,False,False
HD 209458 b,Transmission,44,1682,Deming et al. 2013,Tsiaras et al. 2016,Wide Field Camera 3,Wide Field Camera 3,True,unknown,True,25.0,0.0,-0.004249160273406233,0.0010624422947806227,18.274206867000913,24.0,0.7895076338624131,0.761425286125038,-0.022922690428180407,0.007385817448832626,0.997028937545281,0.3757311855462157,False,False
WASP-19 b,Transmission,277,279,Mandell et al. 2013,Huitson et al. 2013,Wide Field Camera 3,Wide Field Camera 3,True,unknown,True,5.0,0.0,-0.022752221183283645,0.006602244563365398,1.6932207148917235,4.0,0.7919487188605046,0.4233051787229309,0.024589148813859915,0.053793331898492946,0.6859040038737996,0.4947588734595789,False,False
WASP-39 b,Transmission,173,871,Alderson et al. 2023,Rustamkulov et al. 2023,Near Infrared Spectrograph (NIRSpec) - G395H,Near Infrared Spectrograph (NIRSpec) - PRISM,False,unknown,True,107.0,107.0,-0.01063352477147037,0.0020805994057735287,93.93599893720196,106.0,0.7927507542140391,0.8861886692188864,0.013662652526989881,0.0035943231473222845,0.9699820266482427,0.7570196660877249,False,False
GJ 1132 b,Transmission,556,1087,May et al. 2023,Bennett et al. 2025,Near Infrared Spectrograph (NIRSpec),Near Infrared Spectrograph (NIRSpec) - G395M,False,unknown,True,54.0,0.0,0.004781761600993088,0.0009875562154323036,44.42603323533039,53.0,0.7929613884615484,0.838227042176045,0.00014083765373228051,0.0017272278299903506,0.7631969214608182,0.8542189329090716,False,False
CoRoT-1 b,Transmission,371,579,Ranjan et al. 2014,Changeat et al. 2022,WFC3,Wide Field Camera 3,False,unknown,True,10.0,0.0,0.03957073798843076,0.026332391278370892,5.454422870340962,9.0,0.7930338763660896,0.6060469855934403,0.25082150363561617,0.17946948726043102,0.8990952722034979,0.4376519737068628,False,False
WASP-17 b,Transmission,254,1013,Sing et al. 2016,Alderson et al. 2022,Space Telescope Imaging Spectrograph,Space Telescope Imaging Spectrograph,True,unknown,True,12.0,0.0,0.05539016197329839,0.019991866700200197,7.064819531760728,11.0,0.7938102423905704,0.6422563210691571,0.11766555548845559,0.17853268584194842,0.7598114937352022,0.6630446132260792,False,False
WASP-12 b,Transmission,248,429,Sing et al. 2013,Mandell et al. 2013,Space Telescope Imaging Spectrograph,Wide Field Camera 3,False,unknown,True,10.0,0.0,0.015296781533295747,0.006904083860246986,5.428304616470109,9.0,0.795488945524944,0.6031449573855677,0.07218684838623839,0.05215520592869789,0.898206915117712,0.4390792523351923,False,False
L 98-59 b,Transmission,875,1625,Damiano et al. 2022,Zhou et al. 2022,Wide Field Camera 3,Wide Field Camera 3,True,unknown,True,17.0,0.0,0.0016792580674183225,0.0013359467180535532,11.21427676058846,16.0,0.7960699221374536,0.7008922975367787,-0.007252724650253467,0.009654035651270876,0.7769959810956366,0.7099919938853424,False,False
GJ 341 b,Transmission,996,1000,Kirk et al. 2024,Kirk et al. 2024,Near Infrared Camera (NIRCam),Near Infrared Camera (NIRCam),True,unknown,True,53.0,0.0,0.0003364640073703687,0.0005127940623461893,43.35438859448282,52.0,0.7977278731212933,0.8337382422015926,-0.006682892787774246,0.0018837470191300333,0.9888513701942497,0.6033039509038207,False,False
55 Cnc e,Eclipse,851,860,Patel et al. 2024,Patel et al. 2024,Near Infrared Camera (NIRCam),Near Infrared Camera (NIRCam),True,independent,True,28.0,28.0,0.008470708091543147,0.0005326064828398482,20.73782955098451,27.0,0.7984121780306674,0.7680677611475745,-0.0014028883769319237,0.0020671032366828975,0.7782397287590901,0.7798935272173291,False,False
HD 189733 b,Transmission,37,461,Sing et al. 2016,Pont et al. 2013,Wide Field Camera 3,Near Infrared Camera and Multi-Object Spectrometer,False,unknown,True,3.0,0.0,-0.05812696619380598,0.016518081252161317,0.44204511053543527,2.0,0.8016985975597688,0.22102255526771764,,,,,False,False
GJ 341 b,Transmission,1000,1006,Kirk et al. 2024,Kirk et al. 2024,Near Infrared Camera (NIRCam),Near Infrared Camera (NIRCam),True,unknown,True,55.0,1.0,0.003016251217156306,0.00048399484063888117,45.03858804807097,54.0,0.8023659245613263,0.834047926816129,0.0016706241321622112,0.0016303040518311934,0.8063963521598627,0.8299719458463203,False,False
GJ 1132 b,Transmission,1083,1085,Bennett et al. 2025,Bennett et al. 2025,Near Infrared Spectrograph (NIRSpec) - G395M,Near Infrared Spectrograph (NIRSpec) - G395H,False,unknown,True,54.0,0.0,-0.006167831992525699,0.000997714516508123,44.11983236967377,53.0,0.8024114789402002,0.8324496673523354,-0.0007555203882109688,0.0017531754037752292,0.7792479159450137,0.8448869164376518,False,False
GJ 3470 b,Transmission,846,847,Beatty et al. 2024,Beatty et al. 2024,Near Infrared Camera (NIRCam),Near Infrared Camera (NIRCam),True,unknown,True,4.0,0.0,-0.0003483106181163021,0.004004991544014646,0.9931138082424656,3.0,0.8029182071027667,0.3310379360808219,-0.12186821092492542,0.2381479811735478,0.6937653362556417,0.36562150785139536,False,False
GJ 1132 b,Transmission,1085,1087,Bennett et al. 2025,Bennett et al. 2025,Near Infrared Spectrograph (NIRSpec) - G395H,Near Infrared Spectrograph (NIRSpec) - G395M,False,unknown,True,54.0,0.0,0.004150703926129549,0.0009782643055913777,44.07814103891588,53.0,0.8036810657476907,0.8316630384701109,0.0006397260951003359,0.0017188002122028156,0.7790691116945494,0.8449925598428035,False,False
HD 189733 b,Transmission,489,490,Cubillos et al. 2023,Cubillos et al. 2023,Space Telescope Imaging Spectrograph,Space Telescope Imaging Spectrograph,True,unknown,True,3.0,0.0,0.011921584154632263,0.05101709485597914,0.43651538209695573,2.0,0.8039182524349406,0.21825769104847786,,,,,False,False
GJ 341 b,Transmission,1001,1006,Kirk et al. 2024,Kirk et al. 2024,Near Infrared Camera (NIRCam),Near Infrared Camera (NIRCam),True,unknown,True,55.0,1.0,0.0028900351180902264,0.00047532235732726253,44.98485703065618,54.0,0.8039843433081826,0.8330529079751144,0.002563769729280102,0.0015998264624118915,0.85075494118356,0.8003161315734645,False,False
WASP-19 b,Transmission,65,277,Bean et al. 2013,Mandell et al. 2013,MMIRS,Wide Field Camera 3,False,unknown,True,3.0,0.0,-0.06963816882373777,0.013885951074206213,0.43459740481335224,2.0,0.804689570691574,0.21729870240667612,,,,,False,False
WASP-43 b,Eclipse,699,702,Bell et al. 2024,Bell et al. 2024,Mid-Infrared Instrument (MIRI),Mid-Infrared Instrument (MIRI),True,unknown,True,14.0,0.0,-0.002256897962080719,0.002371467469850335,8.543333022809344,13.0,0.8064929424055602,0.6571794632930265,0.0009039404308425546,0.0016395437865890283,0.7661565148254795,0.6866134183918682,False,False
GJ 3470 b,Transmission,197,848,Benneke et al. 2019,Beatty et al. 2024,Wide Field Camera 3,Wide Field Camera 3,True,unknown,True,15.0,0.0,-0.00994606694411903,0.0013292884188134786,9.348577747105223,14.0,0.8080935557650923,0.6677555533646587,-0.01086847574361006,0.008702349539888396,0.8570824036290643,0.599138043178569,False,False
TRAPPIST-1 e,Transmission,1031,1032,Espinoza et al. 2025,Espinoza et al. 2025,Near Infrared Spectrograph (NIRSpec) - PRISM,Near Infrared Spectrograph (NIRSpec) - PRISM,True,unknown,True,67.0,0.0,0.0030717762312627646,0.0019489361005240278,55.8851680164251,66.0,0.8081282864436148,0.8467449699458348,0.001076675591140119,0.0016346212637252306,0.7947860369541154,0.8530972641103863,False,False
HAT-P-32 b,Transmission,165,1728,Mallonn et al. 2016,Alam et al. 2020,Multiple Instruments,Space Telescope Imaging Spectrograph,False,unknown,True,5.0,5.0,-0.04858130093142343,0.016323132770134283,1.5904021965594435,4.0,0.8105161191083666,0.39760054913986087,0.22866151101433219,0.19500602834395506,0.9750587234684498,0.07181406583549475,False,False
GJ 1132 b,Transmission,558,1087,May et al. 2023,Bennett et al. 2025,Near Infrared Spectrograph (NIRSpec),Near Infrared Spectrograph (NIRSpec) - G395M,False,unknown,True,54.0,0.0,0.0021560423314561142,0.000987517529010862,43.80625569810767,53.0,0.8118580959592353,0.82653312637939,0.0013154585681028714,0.0017324495872306288,0.8015988096997106,0.8313405922332788,False,False
WASP-127 b,Transmission,350,1650,Palle et al. 2017,Spake et al. 2021,ALFOSC,Space Telescope Imaging Spectrograph,False,unknown,True,7.0,0.0,0.02870200025751356,0.018060524494892177,2.97164450557125,6.0,0.8123972464729764,0.495274084261875,0.20710469224422992,0.5244382976301222,0.7283747888172056,0.5631384917455557,False,False
HIP 67522 b,Transmission,843,844,Thao et al. 2024,Thao et al. 2024,Near Infrared Spectrograph (NIRSpec),Near Infrared Spectrograph (NIRSpec),True,unknown,True,140.0,140.0,-0.0020750955507841348,0.0023762311300508923,124.04705078736734,139.0,0.8134793501187441,0.8924248258083981,-0.008595146203141243,0.004187682627099847,0.8653940003711478,0.868364967368,False,False
GJ 1132 b,Transmission,559,1091,May et al. 2023,Bennett et al. 2025,Near Infrared Spectrograph (NIRSpec),Near Infrared Spectrograph (NIRSpec) - G395M,False,unknown,True,60.0,0.0,-0.0006130257470884664,0.001011382745229237,49.23932141076937,59.0,0.8135876218259797,0.8345647696740571,0.0015280362327446857,0.001675488987971401,0.811178473991485,0.8346135861544209,False,False
GJ 341 b,Transmission,998,1000,Kirk et al. 2024,Kirk et al. 2024,Near Infrared Camera (NIRCam),Near Infrared Camera (NIRCam),True,unknown,True,53.0,0.0,-0.0006930495537353061,0.00044799249713001394,42.82754523364457,52.0,0.8138266177282387,0.8236066391085495,0.0002851632424576325,0.0015818057904268357,0.7862828598677766,0.8391185378000648,False,False
KELT-9 b,Eclipse,511,800,Changeat &amp; Edwards 2021,Jacobs et al. 2022,Wide Field Camera 3,Wide Field Camera 3,True,unknown,True,22.0,0.0,-0.017951992526765128,0.0010907326806793636,15.173983010667321,21.0,0.8141216586880412,0.7225706195555868,0.014143899063244838,0.007689386922674322,0.92309571781236,0.589528557556022,False,False
KELT-9 b,Eclipse,603,800,Changeat et al. 2022,Jacobs et al. 2022,Wide Field Camera 3,Wide Field Camera 3,True,unknown,True,22.0,0.0,-0.017951992526765128,0.0010907326806793636,15.173983010667321,21.0,0.8141216586880412,0.7225706195555868,0.014143899063244838,0.007689386922674322,0.92309571781236,0.589528557556022,False,False
GJ 1132 b,Transmission,558,1088,May et al. 2023,Bennett et al. 2025,Near Infrared Spectrograph (NIRSpec),Near Infrared Spectrograph (NIRSpec) - G395H,False,unknown,True,59.0,0.0,-0.001736767437241282,0.0009390444517191003,48.26533874965592,58.0,0.8151834869923524,0.832161012925102,-0.001789346464013668,0.0015902632218728315,0.8249444802175241,0.824548925890187,False,False
L 168-9 b,Transmission,903,904,Alam et al. 2025,Alam et al. 2025,Near Infrared Spectrograph (NIRSpec),Near Infrared Spectrograph (NIRSpec),True,unknown,True,53.0,53.0,0.0024909375582117966,0.0006582545982042656,42.74957559506434,52.0,0.8161508165520989,0.8221072229820066,-0.0015250560447711678,0.0012271659592565346,0.8346674545584851,0.807944255839054,False,False
TOI-260 b,Transmission,1759,1763,Meech et al. 2026,Meech et al. 2026,Near Infrared Spectrograph (NIRSpec) - G395H,Near Infrared Spectrograph (NIRSpec) - G395H,True,unknown,True,104.0,104.0,-0.0022512829287081506,0.0003683284204825743,89.9337189615823,103.0,0.8172706686252856,0.873142902539634,0.003496045862326629,0.0006759395804627194,0.9990938380586369,0.6194393478981464,False,False
WASP-6 b,Transmission,1778,1787,Carter et al. 2020,Carter et al. 2020,FORS2,Space Telescope Imaging Spectrograph,False,unknown,True,5.0,0.0,-0.01206154676911899,0.013152683819070149,1.530272663925734,4.0,0.8212658556391902,0.3825681659814335,-0.3515809015007067,0.34074791631521706,0.9263643670199652,0.15522612404958092,False,False
WASP-107 b,Transmission,353,769,Spake et al. 2018,Welbanks et al. 2024,Wide Field Camera 3,Wide Field Camera 3,True,unknown,True,9.0,0.0,0.015685700081263673,0.0030664653129436,4.364021943297777,8.0,0.8228780976864393,0.5455027429122221,-0.03165340519575053,0.04308855093480575,0.7997702982679222,0.5463379765740508,False,False
GJ 1132 b,Transmission,560,1087,May et al. 2023,Bennett et al. 2025,Near Infrared Spectrograph (NIRSpec),Near Infrared Spectrograph (NIRSpec) - G395M,False,unknown,True,54.0,0.0,0.0036749862537624684,0.001003790274344727,43.42859087528006,53.0,0.8229161330015408,0.8194073750052842,0.0007924299468302086,0.0017614259116856769,0.8017072986263911,0.8312730583796373,False,False
WASP-107 b,Transmission,765,768,Sing et al. 2024,Welbanks et al. 2024,Near Infrared Spectrograph (NIRSpec),Near Infrared Camera (NIRCam),False,unknown,True,77.0,0.0,-0.028072545670382917,0.0019748237373715433,64.50047812689418,76.0,0.8237116208957023,0.8486905016696603,0.008917666499611279,0.00644617380202355,0.8462102700318054,0.8344889311402507,False,False
GJ 341 b,Transmission,996,1007,Kirk et al. 2024,Kirk et al. 2024,Near Infrared Camera (NIRCam),Near Infrared Camera (NIRCam),True,unknown,True,52.0,0.0,0.0019281730748982502,0.0004676081455155889,41.5792514827091,51.0,0.823865587700516,0.8152794408374333,-0.0051851140710156935,0.0017075720575419901,0.9749897907725595,0.6471732975064352,False,False
WASP-18 b,Eclipse,58,1657,Nymeyer et al. 2010,Deline et al. 2025,Infrared Array Camera (IRAC),Infrared Array Camera (IRAC),True,unknown,True,4.0,4.0,0.013025778648425496,0.012607075622444154,0.9038769478644341,3.0,0.8244921128418448,0.3012923159548114,0.0050336835452014445,0.007964076237960383,0.7770926204722098,0.2521957330516263,False,False
WASP-43 b,Eclipse,697,699,Bell et al. 2024,Bell et al. 2024,Mid-Infrared Instrument (MIRI),Mid-Infrared Instrument (MIRI),True,unknown,True,14.0,0.0,0.005776086694018863,0.0024307041407510936,8.277145578950075,13.0,0.825087657285883,0.6367035060730827,0.0011994737607503119,0.0016901304334506616,0.8025720745132157,0.6477901171124182,False,False
WASP-121 b,Eclipse,123,518,Mikal-Evans et al. 2020,Mansfield et al. 2021,Wide Field Camera 3,Wide Field Camera 3,True,unknown,True,13.0,0.0,0.00014325840266199004,0.0013951745444843585,7.452788337600512,12.0,0.8263000097117376,0.6210656948000427,0.020697487712306315,0.010299686490168687,0.9840356023230262,0.3104176022491749,False,False
GJ 1132 b,Transmission,560,1080,May et al. 2023,Bennett et al. 2025,Near Infrared Spectrograph (NIRSpec),Near Infrared Spectrograph (NIRSpec) - G395H,False,unknown,True,60.0,0.0,0.002409459436056754,0.0009648683899486638,48.74717614769012,59.0,0.827026150323629,0.8262233245371207,-0.0012092420034991343,0.0016420205219773616,0.8168731176675937,0.8311179152065099,False,False
WASP-63 b,Transmission,1064,1065,Kilpatrick et al. 2018,Kilpatrick et al. 2018,WFC3,WFC3,True,unknown,True,14.0,14.0,0.0023347219930172198,0.0021963284355021938,8.24611147367772,13.0,0.8272050196285128,0.6343162672059784,0.029112104928831907,0.016101919997741996,0.9587333534091272,0.41477373733475204,False,False
WASP-18 b,Eclipse,60,1657,Sheppard et al. 2017,Deline et al. 2025,Infrared Array Camera (IRAC),Infrared Array Camera (IRAC),True,unknown,True,4.0,4.0,0.011827331026730769,0.008113253428964172,0.8898123767408206,3.0,0.8278855953577525,0.29660412558027355,0.003674364853674318,0.006930335607658838,0.7375969448752597,0.3043577487287273,False,False
WASP-6 b,Transmission,1777,1787,Carter et al. 2020,Carter et al. 2020,FORS2,Space Telescope Imaging Spectrograph,False,unknown,True,5.0,0.0,-0.02717880420076012,0.013197005140328889,1.4894321474797203,4.0,0.8285117667164972,0.3723580368699301,-0.34358296476679556,0.34188871867946397,0.9233722923485211,0.1598321644173656,False,False
WASP-19 b,Transmission,279,919,Huitson et al. 2013,Tumborang et al. 2024,Wide Field Camera 3,Wide Field Camera 3,True,unknown,True,4.0,0.0,0.1200817653923706,0.01153843686503129,0.8842477202885266,3.0,0.8292274365121508,0.29474924009617554,0.05851257833987209,0.09912637457702807,0.7649788741341341,0.26790706104785234,False,False
HAT-P-12 b,Transmission,16,642,Sing et al. 2016,Wong et al. 2020,Space Telescope Imaging Spectrograph,Space Telescope Imaging Spectrograph,True,unknown,True,11.0,4.0,-0.042902815030486006,0.01422343121015049,5.825636648335097,10.0,0.8296935040143313,0.5825636648335097,0.062654878230021,0.12610459404815205,0.7812226796484408,0.6198642464100251,False,False
GJ 3470 b,Transmission,195,198,Dragomir et al. 2015,Benneke et al. 2019,SBIG imager,Space Telescope Imaging Spectrograph,False,unknown,True,3.0,3.0,0.0401213205129909,0.023403252669200677,0.36570144818230427,2.0,0.8328924772392698,0.18285072409115213,,,,,False,False
L 98-59 b,Transmission,881,1621,Damiano et al. 2022,Zhou et al. 2022,Wide Field Camera 3,Wide Field Camera 3,True,unknown,True,17.0,0.0,-0.0002754283274406031,0.0013595638260762918,10.593863427296252,16.0,0.8338334688792073,0.6621164642060158,-0.0016417120659043397,0.009892374076223592,0.7826877996222521,0.7044214392891269,False,False
GJ 3470 b,Transmission,197,660,Benneke et al. 2019,Edwards et al. 2023,Wide Field Camera 3,Wide Field Camera 3,True,unknown,True,17.0,0.0,-0.006592674959973063,0.0011084826427789208,10.591583676458825,16.0,0.8339659303744105,0.6619739797786766,0.008677833633693767,0.00770194196203825,0.8600818229220395,0.6214743007914608,False,False
WASP-17 b,Transmission,912,913,Louie et al. 2025,Louie et al. 2025,Near Infrared Imager and Slitless Spectrograph (NIRISS),Near Infrared Imager and Slitless Spectrograph (NIRISS),True,unknown,True,11.0,0.0,0.003702326711714021,0.003981850297388853,5.764957550616423,10.0,0.8346087178344219,0.5764957550616423,0.0812523147511188,0.14456350343443813,0.7935392650375579,0.605450472898461,False,False
WASP-6 b,Transmission,1778,1785,Carter et al. 2020,Carter et al. 2020,FORS2,Space Telescope Imaging Spectrograph,False,unknown,True,5.0,0.0,0.028802965264805566,0.012755536850447231,1.452559203556786,4.0,0.8350104592524307,0.3631398008891965,-0.37572667641578233,0.33787601272968615,0.9749727713842746,0.07198630752330361,False,False
WASP-107 b,Transmission,551,765,Dyrek et al. 2024,Sing et al. 2024,Mid-Infrared Instrument (MIRI) - LRS,Near Infrared Spectrograph (NIRSpec),False,unknown,True,4.0,0.0,0.04177456874653264,0.0038583870773347424,0.8581586112217504,3.0,0.8355115153651891,0.28605287040725014,-0.02090763949406018,0.023050795181004908,0.9824238493293044,0.01773244528651188,False,False
GJ 341 b,Transmission,997,1007,Kirk et al. 2024,Kirk et al. 2024,Near Infrared Camera (NIRCam),Near Infrared Camera (NIRCam),True,unknown,True,52.0,0.0,0.0018189377353068988,0.0003884000027090571,41.11081999291815,51.0,0.8373324411691371,0.8060945096650618,-0.0016377394730932551,0.0013616900779927455,0.852425337387498,0.7932854239987647,False,False
L 98-59 b,Transmission,873,880,Damiano et al. 2022,Damiano et al. 2022,Wide Field Camera 3,Wide Field Camera 3,True,unknown,True,18.0,0.0,0.00028709516881282436,0.001475533434621088,11.356838585402908,17.0,0.8374239905762201,0.6680493285531123,-0.004288890629361487,0.010084491797101967,0.7984959974827688,0.6984976365035729,False,False
V1298 Tau b,Transmission,674,804,Edwards et al. 2023,Barat et al. 2024,Wide Field Camera 3,Wide Field Camera 3,True,unknown,True,16.0,16.0,-0.08503634085968763,0.0014261319311498933,9.682907754664287,15.0,0.8391976974823886,0.6455271836442857,0.015243935548328836,0.009932215021328293,0.9213568793899184,0.5233789563369512,False,False
GJ 341 b,Transmission,1002,1004,Kirk et al. 2024,Kirk et al. 2024,Near Infrared Camera (NIRCam),Near Infrared Camera (NIRCam),True,unknown,True,55.0,1.0,0.0005723698217779375,0.0004841902934103052,43.6918991200989,54.0,0.8408226505421262,0.8091092429647945,-0.00033314848522921983,0.001624672149754322,0.8164804631977294,0.8235820986686327,False,False
55 Cnc e,Eclipse,851,856,Patel et al. 2024,Patel et al. 2024,Near Infrared Camera (NIRCam),Near Infrared Camera (NIRCam),True,independent,True,28.0,28.0,0.009139542464161727,0.0005382807072954968,19.750332110600915,27.0,0.841068384304678,0.731493781874108,-0.0014751948827304837,0.0020939430582137446,0.8255283367167829,0.7405386071941732,False,False
GJ 1132 b,Transmission,560,1083,May et al. 2023,Bennett et al. 2025,Near Infrared Spectrograph (NIRSpec),Near Infrared Spectrograph (NIRSpec) - G395M,False,unknown,True,60.0,0.0,0.0055245824688121125,0.0009913668043220034,48.193720768316865,59.0,0.8414831073103387,0.8168427248867265,0.0012019312579000794,0.0016759757915903862,0.8311969663492387,0.8220588306796649,False,False
WASP-6 b,Transmission,1777,1785,Carter et al. 2020,Carter et al. 2020,FORS2,Space Telescope Imaging Spectrograph,False,unknown,True,5.0,0.0,0.013637943240486798,0.012814822012128715,1.414166062128115,4.0,0.8417291871636784,0.3535415155320287,-0.36913009641710676,0.339172434765953,0.9726557745003555,0.07657103712176352,False,False
WASP-6 b,Transmission,1776,1787,Carter et al. 2020,Carter et al. 2020,FORS2,Space Telescope Imaging Spectrograph,False,unknown,True,5.0,0.0,-0.05677089762830822,0.013188095317116491,1.414095540777949,4.0,0.8417414806654193,0.35352388519448724,-0.3323476934752384,0.3414282142120977,0.9261699298865278,0.15552653342770315,False,False
WASP-17 b,Transmission,215,911,Sing et al. 2016,Louie et al. 2025,Wide Field Camera 3,Near Infrared Imager and Slitless Spectrograph (NIRISS),False,unknown,True,12.0,0.0,0.030445820370637238,0.01230627433249456,6.438365750653524,11.0,0.8425745277053213,0.5853059773321386,-0.14883239286885394,0.07968574746781198,0.9825784412698438,0.2949906719569665,False,False
WASP-17 b,Transmission,215,1014,Sing et al. 2016,Alderson et al. 2022,Wide Field Camera 3,Wide Field Camera 3,True,unknown,True,10.0,1.0,-0.017466923797835772,0.01371236165129069,4.893352003445154,9.0,0.8435041335202869,0.5437057781605726,-0.17422633778664132,0.10333799082103733,0.9794145917789342,0.2563506787889566,False,False
51 Eri b,Direct Imaging,781,784,Macintosh et al. 2015,Samland et al. 2017,Gemini Planet Imager (GPI),SPHERE - IRDIS,False,unknown,True,3.0,0.0,-9.593010237636827e-18,4.052960923814464e-18,0.3367116908820025,2.0,0.8450530728920833,0.16835584544100124,,,,,False,
GJ 1132 b,Transmission,1088,1093,Bennett et al. 2025,Bennett et al. 2025,Near Infrared Spectrograph (NIRSpec) - G395H,Near Infrared Spectrograph (NIRSpec),False,unknown,True,56.0,1.0,0.0017428467849833656,0.0007763524070220133,44.41919585986189,55.0,0.8454784722396672,0.8076217429065797,0.0025314055753870315,0.001361266756099037,0.9044292517165129,0.7585388948704755,False,False
GJ 436 b,Eclipse,928,931,Mukherjee et al. 2025,Mukherjee et al. 2025,Mid-Infrared Instrument (MIRI) - LRS,Mid-Infrared Instrument (MIRI) - LRS,True,unknown,True,24.0,0.0,0.0015964074179291774,0.0017844307251390751,16.19441046657234,23.0,0.8468207341760425,0.7041048028944495,0.0033500860306529497,0.001277277174663707,0.9915237145437836,0.42341600698981613,False,False
WASP-17 b,Transmission,254,542,Sing et al. 2016,Saba et al. 2022,Space Telescope Imaging Spectrograph,Space Telescope Imaging Spectrograph,True,unknown,True,7.0,1.0,0.029255762013074997,0.014020999652637915,2.6794807693118288,6.0,0.8478649335105879,0.44658012821863813,-0.05532738312605602,0.14826035273688673,0.7704261198863176,0.5080439095229281,False,False
HR 8799 c,Direct Imaging,1559,1593,Ruffio et al. 2026,Xuan et al. 2026,Near Infrared Spectrograph (NIRSpec) - G395H,Near Infrared Spectrograph (NIRSpec) - G395H,True,unknown,True,1934.0,1934.0,-3.7075772600435835e-20,4.896771003216083e-20,1869.1520822645323,1933.0,0.847942204641815,0.9669695200540778,6.055102338347075e-20,1.5825685529868403e-19,0.8446796226742181,0.9673942495202603,False,
HD 189733 b,Transmission,264,461,McCullough et al. 2014,Pont et al. 2013,Wide Field Camera 3,Near Infrared Camera and Multi-Object Spectrometer,False,unknown,True,3.0,0.0,-0.09056271770080768,0.017169599305384545,0.32987126390147775,2.0,0.8479482831081825,0.16493563195073888,,,,,False,False
WASP-107 b,Transmission,551,774,Dyrek et al. 2024,Welbanks et al. 2024,Mid-Infrared Instrument (MIRI) - LRS,Near Infrared Camera (NIRCam),False,unknown,True,3.0,0.0,0.02440639580929076,0.00502371571336212,0.32973722851466186,2.0,0.8480051125505134,0.16486861425733093,,,,,False,False
GJ 1132 b,Transmission,558,559,May et al. 2023,May et al. 2023,Near Infrared Spectrograph (NIRSpec),Near Infrared Spectrograph (NIRSpec),True,unknown,True,58.0,0.0,0.00032025598367646534,0.0009453278440032633,46.065047531112285,57.0,0.8495648602122515,0.808158728616005,-0.00020058720536859857,0.0016391521646857141,0.8259875693121576,0.8223227231041246,False,False
WASP-18 b,Eclipse,59,1657,Arcangeli et al. 2018,Deline et al. 2025,Infrared Array Camera (IRAC),Infrared Array Camera (IRAC),True,unknown,True,4.0,4.0,0.012824234575359661,0.011058185106885363,0.7927822191481615,3.0,0.8511926412079258,0.26426073971605385,0.00498492529140494,0.007533141794512587,0.837406124713074,0.17744611146029435,False,False
WASP-18 b,Eclipse,615,1657,Changeat et al. 2022,Deline et al. 2025,Infrared Array Camera (IRAC),Infrared Array Camera (IRAC),True,unknown,True,4.0,4.0,0.012824234575359661,0.011058185106885363,0.7927822191481615,3.0,0.8511926412079258,0.26426073971605385,0.00498492529140494,0.007533141794512587,0.837406124713074,0.17744611146029435,False,False
WASP-6 b,Transmission,1778,1786,Carter et al. 2020,Carter et al. 2020,FORS2,Space Telescope Imaging Spectrograph,False,unknown,True,5.0,0.0,-0.00019567612747016755,0.012858231982963405,1.3550434837871428,4.0,0.8519698064467941,0.3387608709467857,-0.3654700985239842,0.3379598289237722,0.9798773707668227,0.06187178365482399,False,False
WASP-17 b,Transmission,215,913,Sing et al. 2016,Louie et al. 2025,Wide Field Camera 3,Near Infrared Imager and Slitless Spectrograph (NIRISS),False,unknown,True,12.0,0.0,0.029920442717665075,0.012309097071722046,6.291355950052682,11.0,0.8532340073058504,0.5719414500047892,-0.14691529343033277,0.0797132525915612,0.9837981621554749,0.2894532670893284,False,False
WASP-6 b,Transmission,1776,1785,Carter et al. 2020,Carter et al. 2020,FORS2,Space Telescope Imaging Spectrograph,False,unknown,True,5.0,0.0,-0.015967361652543827,0.012811771894649342,1.3449282969965655,4.0,0.8537079935571678,0.33623207424914137,-0.3586905893102644,0.3387325973675781,0.9736894667482349,0.07453918674448519,False,False
GJ 1132 b,Transmission,559,1085,May et al. 2023,Bennett et al. 2025,Near Infrared Spectrograph (NIRSpec),Near Infrared Spectrograph (NIRSpec) - G395H,False,unknown,True,53.0,0.0,-0.002556229345502986,0.0009643495732322602,41.383058683330546,52.0,0.8543267964654214,0.7958280516025105,0.0014686090321716153,0.0017351591524260553,0.8495542112443423,0.7973861700599952,False,False
HR 8799 e,Direct Imaging,815,935,Wang et al. 2022,Greenbaum et al. 2018,CHARIS integral field spectrograph,Gemini Planet Imager (GPI),False,unknown,True,13.0,13.0,8.273044449321703e-17,9.719926812494414e-18,7.032233086065735,12.0,0.8554761165501037,0.5860194238388112,6.629768737517319e-17,4.93705133112069e-17,0.9195728785194528,0.47536001032117686,False,
WASP-39 b,Transmission,577,828,Panek et al. 2023,Carter et al. 2024,Wide Field Camera 3,Near Infrared Imager and Slitless Spectrograph (NIRISS),False,unknown,True,20.0,20.0,0.007710412486293185,0.002804190335549175,12.660188802328822,19.0,0.8555035531014176,0.6663257264383591,-0.009387623696882947,0.018260550063005223,0.8261389891563724,0.6886609464319501,False,False
GJ 1132 b,Transmission,559,1081,May et al. 2023,Bennett et al. 2025,Near Infrared Spectrograph (NIRSpec),Near Infrared Spectrograph (NIRSpec) - G395H,False,unknown,True,60.0,0.0,-0.0019546416923777094,0.000986417513534773,47.6157354585385,59.0,0.8558197564959925,0.8070463637040424,0.001838606333870585,0.0016816309997362234,0.862880046517448,0.8003504764366242,False,False
GJ 1132 b,Transmission,559,1089,May et al. 2023,Bennett et al. 2025,Near Infrared Spectrograph (NIRSpec),Near Infrared Spectrograph (NIRSpec) - G395H,False,unknown,True,60.0,0.0,-0.004642725504719131,0.0009667668888765854,47.57988578258699,59.0,0.8566829892820902,0.8064387420777456,0.0012622493397909038,0.0016352048495393162,0.8491646678848943,0.8100693689015074,False,False
TOI-561 b,Eclipse,1067,1068,Teske et al. 2025,Teske et al. 2025,Near Infrared Spectrograph (NIRSpec) - G395H,Near Infrared Spectrograph (NIRSpec) - G395H,True,same_obs,True,7.0,0.0,0.0015874576448002315,0.0004927766238130041,2.5922685571885107,6.0,0.8580017951085658,0.43204475953141847,-0.0010335391018919272,0.0009165566340736565,0.9327859247619265,0.2641426742360582,True,
WASP-6 b,Transmission,1777,1786,Carter et al. 2020,Carter et al. 2020,FORS2,Space Telescope Imaging Spectrograph,False,unknown,True,5.0,0.0,-0.015382230144057683,0.012918651761034947,1.3190485064545578,4.0,0.8581354829908049,0.32976212661363946,-0.35929156775514437,0.33930994842291,0.9779432484285908,0.06593420615837811,False,False
WASP-52 b,Transmission,923,1690,Fournier-Tondreau et al. 2025,Bruno et al. 2018,Near Infrared Imager and Slitless Spectrograph (NIRISS),Wide Field Camera 3,False,unknown,True,19.0,0.0,0.025193715668374115,0.0040874176335528225,11.765022083748002,18.0,0.8591285731871775,0.6536123379860002,0.01623855795873723,0.027927048238692177,0.8335298142770816,0.6721719020098651,False,False
GJ 1132 b,Transmission,560,1088,May et al. 2023,Bennett et al. 2025,Near Infrared Spectrograph (NIRSpec),Near Infrared Spectrograph (NIRSpec) - G395H,False,unknown,True,60.0,0.0,-7.685241302228153e-05,0.0009541999170004734,47.417082759364,59.0,0.8605646401733065,0.8036793688027797,-0.0026621263489363797,0.0016118541383399916,0.9001300366586575,0.7705055979368711,False,False
WASP-39 b,Transmission,76,172,JWST Transiting Exoplanet Community ERS Team 2022,JWST Transiting Exoplanet Community ERS Team 2022,Near Infrared Spectrograph (NIRSpec),Near Infrared Spectrograph (NIRSpec),True,unknown,True,62.0,62.0,0.007874427971213656,0.0027862524679334562,49.07025135778588,61.0,0.8639733577360234,0.8044303501276373,-0.025663276192070466,0.0047157850602041005,0.9999998578851027,0.3242491268201932,False,False
L 98-59 b,Transmission,1621,1623,Zhou et al. 2022,Zhou et al. 2022,Wide Field Camera 3,Wide Field Camera 3,True,unknown,True,25.0,0.0,0.00316138858133266,0.001121738268083727,16.618147361215627,24.0,0.8644846486350318,0.6924228067173178,0.008292945492963617,0.007753124420943093,0.8768431762495759,0.6727846530834425,False,False
GJ 3090 b,Transmission,1551,1555,Ahrer et al. 2025,Ahrer et al. 2025,Near Infrared Spectrograph (NIRSpec) - G395H,Near Infrared Spectrograph (NIRSpec) - G395H,True,unknown,True,61.0,0.0,-0.0011980023666193663,0.0007974583581061129,48.06632658338969,60.0,0.8663674669563803,0.8011054430564948,0.0004703472605507005,0.0013567198400421829,0.847720487242261,0.8126464364731812,False,False
WASP-39 b,Transmission,75,172,JWST Transiting Exoplanet Community ERS Team 2022,JWST Transiting Exoplanet Community ERS Team 2022,Near Infrared Spectrograph (NIRSpec),Near Infrared Spectrograph (NIRSpec),True,unknown,True,67.0,67.0,-0.010221499408949107,0.002105085326032939,53.4025892333707,66.0,0.86782148940245,0.8091301398995561,-0.002539300829552336,0.0031576637817987956,0.8622238093582224,0.8116292099919084,False,False
WASP-6 b,Transmission,1776,1786,Carter et al. 2020,Carter et al. 2020,FORS2,Space Telescope Imaging Spectrograph,False,unknown,True,5.0,0.0,-0.045001095336079405,0.012912540724754918,1.25621251584807,4.0,0.8687596941092319,0.3140531289620175,-0.34933786440570586,0.33880751506881057,0.9786977781038256,0.06436175350443525,False,False
WASP-121 b,Transmission,639,1699,Wilson et al. 2021,Evans et al. 2018,GMOS,Wide Field Camera 3,False,unknown,True,6.0,0.0,-0.06856708539696604,0.011734457256734155,1.8543405635385346,5.0,0.8689102964881114,0.3708681127077069,-0.46445854238052264,1.1032265615908177,0.7948732149039014,0.41927486036538475,False,False
TOI-561 b,Eclipse,1066,1068,Teske et al. 2025,Teske et al. 2025,Near Infrared Spectrograph (NIRSpec) - G395H,Near Infrared Spectrograph (NIRSpec) - G395H,True,same_obs,True,7.0,0.0,0.001985583340592422,0.0004932746807059592,2.489236941269701,6.0,0.8696702732197704,0.41487282354495014,-0.00029819522908867047,0.000913322890712207,0.7940568206613055,0.4765276095682913,True,
55 Cnc e,Eclipse,851,854,Patel et al. 2024,Patel et al. 2024,Near Infrared Camera (NIRCam),Near Infrared Camera (NIRCam),True,independent,True,28.0,28.0,0.0042749299098700615,0.0005360890129236757,18.952517598542148,27.0,0.8717252326051713,0.7019450962423017,-0.00011678279075327573,0.002080363390104373,0.8385603245759518,0.7288217836311518,False,False
GJ 1132 b,Transmission,1081,1087,Bennett et al. 2025,Bennett et al. 2025,Near Infrared Spectrograph (NIRSpec) - G395H,Near Infrared Spectrograph (NIRSpec) - G395M,False,unknown,True,56.0,1.0,0.003685532911773734,0.001025627602049725,43.32647039345181,55.0,0.8725275804937641,0.7877540071536692,-0.001117455360953171,0.0018029210705013323,0.860245278465512,0.7952280555036059,False,False
GJ 341 b,Transmission,1000,1007,Kirk et al. 2024,Kirk et al. 2024,Near Infrared Camera (NIRCam),Near Infrared Camera (NIRCam),True,unknown,True,55.0,1.0,0.0018851585388949613,0.00037421863427270196,42.4185463951634,54.0,0.872942530116605,0.7855286369474704,0.0019396490277505157,0.0012733498224361832,0.9042292469837571,0.7565700111014649,False,False
WASP-19 b,Transmission,283,285,Huitson et al. 2013,Sedaghati et al. 2015,Space Telescope Imaging Spectrograph,FORS2,False,unknown,True,3.0,0.0,0.04324360034556348,0.01301064329557971,0.26774010933154707,2.0,0.874703720885982,0.13387005466577354,,,,,False,False
HD 97658 b,Transmission,1628,1629,Guo et al. 2020,Guo et al. 2020,Space Telescope Imaging Spectrograph,Space Telescope Imaging Spectrograph,True,unknown,True,10.0,10.0,0.00644267273026426,0.002591338684883332,4.504883967047779,9.0,0.8751606968186879,0.5005426630053088,0.04986817753055214,0.0261405577367246,0.9989632867112502,0.10819858520838903,False,False
HD 219666 b,Transmission,974,975,Murphy et al. 2025,Murphy et al. 2025,Wide Field Camera 3,Wide Field Camera 3,True,unknown,True,15.0,0.0,0.022541549325702032,0.0020364490195336196,8.25292790459715,14.0,0.8757370897981166,0.5894948503283679,-0.0022550971203291357,0.01590516036991738,0.828108161916131,0.63329424649182,False,False
GJ 1132 b,Transmission,1087,1089,Bennett et al. 2025,Bennett et al. 2025,Near Infrared Spectrograph (NIRSpec) - G395M,Near Infrared Spectrograph (NIRSpec) - G395H,False,unknown,True,56.0,1.0,-0.006375432959343866,0.0010068452090657854,43.122614758480566,55.0,0.8772316311154238,0.784047541063283,8.125820735804358e-05,0.001757154104606464,0.855761389354455,0.798527337616936,False,False
GJ 341 b,Transmission,1001,1004,Kirk et al. 2024,Kirk et al. 2024,Near Infrared Camera (NIRCam),Near Infrared Camera (NIRCam),True,unknown,True,55.0,1.0,0.0004561058902331778,0.0004844421471114057,42.15256230974577,54.0,0.879111693878525,0.7806030057360327,0.0023926273881900713,0.0016267969771051162,0.9063794011035415,0.7545175150461915,False,False
L 98-59 b,Transmission,873,874,Damiano et al. 2022,Damiano et al. 2022,Wide Field Camera 3,Wide Field Camera 3,True,unknown,True,18.0,0.0,-0.00257602309405231,0.0015609133297202129,10.523637881961637,17.0,0.8802299869011515,0.6190375224683315,0.004809165618269271,0.01055058872237285,0.8496206397352527,0.6447416457582021,False,False
L 98-59 b,Transmission,875,881,Damiano et al. 2022,Damiano et al. 2022,Wide Field Camera 3,Wide Field Camera 3,True,unknown,True,18.0,0.0,0.00028196065204947376,0.0014195452211451301,10.519859567627664,17.0,0.8804087343203822,0.6188152686839803,-0.004795134694968601,0.00994510205932291,0.8511957922969319,0.6429613054021263,False,False
HD 219666 b,Transmission,663,974,Edwards et al. 2023,Murphy et al. 2025,Wide Field Camera 3,Wide Field Camera 3,True,unknown,True,15.0,0.0,-0.002276341616960915,0.001802964061694757,8.167626734877887,14.0,0.8804113803699911,0.5834019096341347,0.01851625645071041,0.013453580457051301,0.9356337474588825,0.4825696831109083,False,False
55 Cnc e,Eclipse,852,859,Patel et al. 2024,Patel et al. 2024,Near Infrared Camera (NIRCam),Near Infrared Camera (NIRCam),True,independent,True,28.0,28.0,0.0005511914864337897,0.0006766644291340511,18.691221459649046,27.0,0.8809775691601133,0.6922674614684832,-0.002445564538543182,0.002545180105666222,0.8840514680633232,0.6833833622830026,False,False
51 Eri b,Direct Imaging,781,786,Macintosh et al. 2015,Samland et al. 2017,Gemini Planet Imager (GPI),SPHERE - IFS,False,unknown,True,16.0,16.0,-3.709574869785429e-17,5.3789356761248624e-18,8.911526624631732,15.0,0.8820977968216981,0.5941017749754488,-2.3381948969480925e-16,1.2490825144507595e-16,0.9792963500556707,0.38624322159646834,False,
GJ 1132 b,Transmission,559,1094,May et al. 2023,Bennett et al. 2025,Near Infrared Spectrograph (NIRSpec),Near Infrared Spectrograph (NIRSpec),True,unknown,True,60.0,0.0,-0.0022590295345576174,0.0007702958631013686,46.41326187311683,59.0,0.8830918390271139,0.7866654554765564,0.0006088809358553212,0.0013076855117145313,0.8681125094771074,0.7964907318405565,False,False
WASP-80 b,Eclipse,797,1584,Jacobs et al. 2023,Morel et al. 2025,Wide Field Camera 3,Near Infrared Imager and Slitless Spectrograph (NIRISS),False,unknown,True,3.0,0.0,0.000734833422593141,0.0016203251995653128,0.24333340619652757,2.0,0.8854434348810493,0.12166670309826379,,,,,False,False
WASP-39 b,Transmission,77,835,Feinstein et al. 2023,Carter et al. 2024,Near Infrared Imager and Slitless Spectrograph (NIRISS),Near Infrared Spectrograph (NIRSpec),False,unknown,True,3.0,0.0,0.04714441419048334,0.016764496757106635,0.24245815655974462,2.0,0.8858310117038678,0.12122907827987231,,,,,False,False
55 Cnc e,Eclipse,851,852,Patel et al. 2024,Patel et al. 2024,Near Infrared Camera (NIRCam),Near Infrared Camera (NIRCam),True,same_obs,True,28.0,28.0,0.0011244740870273186,0.0005397161037067023,18.53853836693151,27.0,0.8861995179725186,0.6866125321085744,0.00122238531085783,0.002094166227077727,0.8684580027062897,0.6999162022268636,True,
HAT-P-12 b,Transmission,642,1669,Wong et al. 2020,Alexoudi et al. 2018,Space Telescope Imaging Spectrograph,Space Telescope Imaging Spectrograph,True,unknown,True,11.0,2.0,-0.01916534597744432,0.013445918009924639,5.069587503152074,10.0,0.8864812523937657,0.5069587503152074,0.03572256186616638,0.11860269350133994,0.8361464003815656,0.553207661697371,False,False
HIP 41378 b,Transmission,666,1637,Edwards et al. 2023,Brande et al. 2024,Wide Field Camera 3,Wide Field Camera 3,True,unknown,True,10.0,10.0,-0.008554606980343781,0.0011996216623869434,4.352677287549834,9.0,0.886706179611449,0.4836308097277593,0.0003130168429893717,0.0086518407471275,0.8241124845284868,0.5439210439558678,False,False
GJ 1132 b,Transmission,556,1091,May et al. 2023,Bennett et al. 2025,Near Infrared Spectrograph (NIRSpec),Near Infrared Spectrograph (NIRSpec) - G395M,False,unknown,True,60.0,0.0,0.0028517856892187987,0.00098390765199572,46.208014739067515,59.0,0.8873980848875973,0.7831866904926698,0.0005042925426513273,0.0016200304537073381,0.8700750261767816,0.7950192390361676,False,False
WASP-12 b,Transmission,429,1680,Mandell et al. 2013,Swain et al. 2013,Wide Field Camera 3,Wide Field Camera 3,True,unknown,True,19.0,19.0,0.003647922046984147,0.006706653593556686,11.156140874046194,18.0,0.8876135765411644,0.6197856041136774,-0.06470484451273224,0.049525741227836116,0.9251064940680781,0.5558368779238673,False,False
HD 189733 b,Transmission,33,35,Pont et al. 2013,Gibson et al. 2012,Wide Field Camera 3,Wide Field Camera 3,True,unknown,True,4.0,0.0,0.01716638319074039,0.012872278684250088,0.6365511195227112,3.0,0.8880161813506555,0.21218370650757037,-0.018512740183305586,0.059215320165322126,0.7638334912808178,0.26940545691843454,False,False
HR 8799 b,Direct Imaging,793,794,Boccaletti et al. 2024,Boccaletti et al. 2024,Mid-Infrared Instrument (MIRI),Mid-Infrared Instrument (MIRI),True,unknown,True,3.0,0.0,-2.9408902264147034e-19,1.976327054033299e-19,0.23744231536604785,2.0,0.888055393664229,0.11872115768302392,,,,,False,
55 Cnc e,Eclipse,709,855,Hu et al. 2024,Patel et al. 2024,Near Infrared Camera (NIRCam),Near Infrared Camera (NIRCam),True,independent,True,20.0,20.0,-0.0018729589920118404,0.0007556235323130026,11.933958061648013,19.0,0.8884287813018451,0.6281030558762112,0.005346790777374086,0.0027327412021416597,0.9770196357870828,0.45032246227914474,False,False
GJ 1132 b,Transmission,1082,1092,Bennett et al. 2025,Bennett et al. 2025,Near Infrared Spectrograph (NIRSpec) - G395M,Near Infrared Spectrograph (NIRSpec),False,unknown,True,64.0,0.0,0.0028008045556398025,0.0008218380979091432,49.56593812594069,63.0,0.8913542659226816,0.7867609226339792,-0.0003663100653813182,0.0014133256215087533,0.8744041063280661,0.7983671333087249,False,False
WASP-121 b,Eclipse,518,611,Mansfield et al. 2021,Changeat et al. 2022,Wide Field Camera 3,Wide Field Camera 3,True,unknown,True,13.0,0.0,0.0006037735372351558,0.0011816941561422496,6.443770926367292,12.0,0.8920820832156734,0.5369809105306077,-0.013048390385928062,0.008649960283187444,0.9647349779381061,0.3789295210159617,False,False
WASP-94 A b,Transmission,1019,1020,Ahrer et al. 2025,Ahrer et al. 2025,Near Infrared Spectrograph (NIRSpec),Near Infrared Spectrograph (NIRSpec),True,unknown,True,60.0,0.0,0.0014337450441703945,0.0008934718525314819,45.88640836014837,59.0,0.8939405780671995,0.777735734917769,-0.0011524947903416643,0.0015172525321059157,0.8876346009271799,0.781197007694543,False,False
HAT-P-18 b,Transmission,19,628,Fu et al. 2022,Jiang et al. 2023,Near Infrared Imager and Slitless Spectrograph (NIRISS),OSIRIS,False,unknown,True,18.0,3.0,0.049855012299727997,0.027397471122066853,10.218137273489425,17.0,0.8942142383649718,0.6010668984405544,-0.031547892111977775,0.5670823692485268,0.85515948596308,0.6384401475491385,False,False
GJ 341 b,Transmission,1000,1001,Kirk et al. 2024,Kirk et al. 2024,Near Infrared Camera (NIRCam),Near Infrared Camera (NIRCam),True,unknown,True,57.0,0.0,0.000163119334710404,0.00041209328862740625,43.20687439991689,56.0,0.8945661827609448,0.7715513285699445,-0.001030427469274619,0.0013893910813579217,0.8875718599292743,0.77557900142893,False,False
WASP-52 b,Transmission,923,1691,Fournier-Tondreau et al. 2025,Bruno et al. 2018,Near Infrared Imager and Slitless Spectrograph (NIRISS),Wide Field Camera 3,False,unknown,True,19.0,0.0,0.11352501793141746,0.003898508977482701,10.978340504347594,18.0,0.8952735503103484,0.6099078057970886,-0.023929831325392312,0.026552160317005545,0.8965002518124774,0.598006442460599,False,False
GJ 1132 b,Transmission,1088,1092,Bennett et al. 2025,Bennett et al. 2025,Near Infrared Spectrograph (NIRSpec) - G395H,Near Infrared Spectrograph (NIRSpec),False,unknown,True,62.0,1.0,0.001912607536560778,0.0007629309327326417,47.58699509953673,61.0,0.8953132119906639,0.7801146737628972,0.0029499077609406177,0.001287500903835177,0.9592797186129836,0.7056241431748332,False,False
TRAPPIST-1 g,Transmission,1042,1695,Wakeford et al. 2019,Zhang et al. 2018,Wide Field Camera 3,Wide Field Camera 3,True,unknown,True,11.0,1.0,0.0025531133607033835,0.007810197912372135,4.904514389779519,10.0,0.8974645229885538,0.49045143897795185,0.032069761636432596,0.052556637623450406,0.8730370629432828,0.50357525382207,False,False
HAT-P-18 b,Transmission,628,796,Jiang et al. 2023,Fournier-Tondreau et al. 2024,OSIRIS,Near Infrared Imager and Slitless Spectrograph (NIRISS),False,unknown,True,18.0,2.0,-0.031259649029975,0.027220441970699113,10.128669203880683,17.0,0.898127935178703,0.5958040708165108,0.004857831641595364,0.5659268694469022,0.859826962963856,0.6330372200869542,False,False
WASP-17 b,Transmission,254,1010,Sing et al. 2016,Alderson et al. 2022,Space Telescope Imaging Spectrograph,Space Telescope Imaging Spectrograph,True,unknown,True,14.0,0.0,0.049321764798509755,0.009705462312723784,7.070853116907652,13.0,0.898463351828706,0.5439117782236655,0.07474634273302178,0.15747961598691393,0.8676479428825099,0.5704640562009351,False,False
GJ 1132 b,Transmission,1082,1094,Bennett et al. 2025,Bennett et al. 2025,Near Infrared Spectrograph (NIRSpec) - G395M,Near Infrared Spectrograph (NIRSpec),False,unknown,True,64.0,0.0,0.0007701061971264274,0.00081937145326627,48.95170495598326,63.0,0.9029062102363717,0.777011189777512,-0.0010844302824253348,0.0014075563174545207,0.8975101588119508,0.7799699237213094,False,False
GJ 3090 b,Transmission,1551,1554,Ahrer et al. 2025,Ahrer et al. 2025,Near Infrared Spectrograph (NIRSpec) - G395H,Near Infrared Spectrograph (NIRSpec) - G395H,True,unknown,True,55.0,0.0,0.00290938967240541,0.00108436497020517,40.84554555375748,54.0,0.9066836949302216,0.7563989917362497,0.002595124796491847,0.0018585144686010706,0.926236747200271,0.7338824544402414,False,False
WASP-12 b,Transmission,248,1680,Sing et al. 2013,Swain et al. 2013,Space Telescope Imaging Spectrograph,Wide Field Camera 3,False,unknown,True,10.0,0.0,0.020447631598885716,0.004586491993907753,4.070096460846816,9.0,0.906738612889671,0.4522329400940907,0.01000862564615379,0.03272531508766607,0.8592320846981693,0.49706999234691107,False,False
WASP-121 b,Eclipse,1723,1771,Mikal-Evans et al. 2019,Pelletier et al. 2026,Wide Field Camera 3,Near Infrared Imager and Slitless Spectrograph (NIRISS),False,independent,True,17.0,0.0,-0.002644830592908103,0.0018085857532032276,9.138066516061365,16.0,0.907618902334628,0.5711291572538353,-0.014213911225525792,0.02058485022663195,0.8945522241271312,0.5774180950691642,False,False
L 98-59 b,Transmission,881,1623,Damiano et al. 2022,Zhou et al. 2022,Wide Field Camera 3,Wide Field Camera 3,True,unknown,True,17.0,0.0,0.002890758712437926,0.0013272252667220024,9.110299497317191,16.0,0.9088017404785327,0.5693937185823245,0.005452578414556087,0.00965055059557826,0.8881856913775549,0.5860714978894331,False,False
HD 219666 b,Transmission,663,976,Edwards et al. 2023,Murphy et al. 2025,Wide Field Camera 3,Wide Field Camera 3,True,unknown,True,15.0,0.0,-0.0009339585167441946,0.0015354120117252693,7.602862945385153,14.0,0.9089736328683834,0.5430616389560824,0.017735483523022857,0.011676103464513421,0.968095401621593,0.40735666367865997,False,False
WASP-43 b,Eclipse,704,707,Bell et al. 2024,Bell et al. 2024,Mid-Infrared Instrument (MIRI),Mid-Infrared Instrument (MIRI),True,unknown,True,14.0,0.0,0.006578752350339946,0.0022623310828624368,6.8500552849512015,13.0,0.9097124519440017,0.5269273296116309,-0.00344212910806552,0.0015632038393687117,0.9994036967017866,0.16678168037648722,False,False
WASP-52 b,Transmission,923,1689,Fournier-Tondreau et al. 2025,Bruno et al. 2018,Near Infrared Imager and Slitless Spectrograph (NIRISS),Wide Field Camera 3,False,unknown,True,19.0,0.0,0.031460760288205644,0.0037799416566906122,10.589206347972421,18.0,0.9109692270697911,0.5882892415540234,-0.0043950735627433886,0.02572559058631844,0.8785015183699635,0.621177560744726,False,False
WASP-39 b,Transmission,298,449,Nikolov et al. 2016,Sing et al. 2016,FORS2,Space Telescope Imaging Spectrograph,False,unknown,True,26.0,3.0,-0.001334731202425607,0.008541873508805498,16.11845160426256,25.0,0.9112555836579554,0.6447380641705024,-0.12684110193685155,0.10401602469282366,0.9310813442180591,0.6096425984030818,False,False
WASP-17 b,Transmission,215,576,Sing et al. 2016,Panek et al. 2023,Wide Field Camera 3,Wide Field Camera 3,True,unknown,True,12.0,3.0,-0.02089586243588827,0.012619647876751903,5.367111922985901,11.0,0.9120931678486727,0.487919265725991,-0.11698465076404037,0.0816277269330601,0.9730638052829698,0.3313197428047465,False,False
WASP-127 b,Transmission,350,980,Palle et al. 2017,Boehm et al. 2025,ALFOSC,Wide Field Camera 3,False,unknown,True,18.0,0.0,0.023590322526491708,0.011699123363751235,9.782792825323792,17.0,0.9124708075932555,0.5754584014896348,0.011441329060110163,0.13065784376143447,0.8781049150243624,0.6109453017206866,False,False
WASP-79 b,Eclipse,517,655,Mansfield et al. 2021,Changeat et al. 2022,Wide Field Camera 3,Wide Field Camera 3,True,unknown,True,13.0,0.0,0.006805893712188427,0.0020436665987214712,6.057641952846776,12.0,0.9131484922989019,0.5048034960705646,-0.025971516059812374,0.013964899005784407,0.9950367442358895,0.23626302564417065,False,False
55 Cnc e,Eclipse,852,857,Patel et al. 2024,Patel et al. 2024,Near Infrared Camera (NIRCam),Near Infrared Camera (NIRCam),True,independent,True,28.0,28.0,9.463475713862522e-05,0.0006382432668071113,17.67002687506558,27.0,0.913281649509929,0.6544454398172438,-0.001544654170641263,0.0025052626847043885,0.9000643260668438,0.6649952311483099,False,False
WASP-107 b,Transmission,773,901,Welbanks et al. 2024,Murphy et al. 2024,Near Infrared Camera (NIRCam),Near Infrared Camera (NIRCam),True,unknown,True,30.0,0.0,-0.003463696422339425,0.0016740026742499286,19.299870402082018,29.0,0.9133549091243931,0.6655127724855868,0.005916401566590969,0.004075623862823583,0.9446875941907442,0.6140202455395665,False,False
55 Cnc e,Eclipse,851,853,Patel et al. 2024,Patel et al. 2024,Near Infrared Camera (NIRCam),Near Infrared Camera (NIRCam),True,independent,True,30.0,30.0,-0.00012034191576971544,0.00044684504080390997,19.259362784881734,29.0,0.9144550469564127,0.6641159580993702,0.00023280052084686048,0.0018158360659971762,0.8904734025912447,0.6872473601862925,False,False
WASP-57 b,Transmission,187,332,Southworth et al. 2015,Southworth et al. 2015,GROND,BUSCA,False,unknown,True,3.0,3.0,0.09349031296909457,0.08359650384487557,0.1755024337468734,2.0,0.9159887309193856,0.0877512168734367,,,,,False,False
HAT-P-1 b,Transmission,22,392,Sing et al. 2016,Nikolov et al. 2014,Space Telescope Imaging Spectrograph,Space Telescope Imaging Spectrograph,True,unknown,True,12.0,0.0,0.005926006573035838,0.003858517975934368,5.293839732912597,11.0,0.9161051809013987,0.4812581575375088,0.02496212014117835,0.032384007146182184,0.9103159604385553,0.46996819848663085,False,False
GJ 3090 b,Transmission,1550,1555,Ahrer et al. 2025,Ahrer et al. 2025,Near Infrared Spectrograph (NIRSpec) - G395H,Near Infrared Spectrograph (NIRSpec) - G395H,True,unknown,True,55.0,0.0,-0.004605898537346326,0.0010120709644093845,40.24916864948023,54.0,0.917760081545852,0.7453549749903746,0.003628875493166294,0.001730537024058558,0.9658118915932421,0.6764510684159967,False,False
WASP-96 b,Transmission,1614,1662,Wang et al. 2026,Yip et al. 2021,Near Infrared Imager and Slitless Spectrograph (NIRISS),Wide Field Camera 3,False,unknown,True,38.0,4.0,-0.01608682967305672,0.0034831750098571175,25.703649710694236,37.0,0.9188613789733394,0.6946932354241685,-0.0020578629682346506,0.016532890821199967,0.8988305296156669,0.7135599088409269,False,False
GJ 436 b,Eclipse,927,929,Mukherjee et al. 2025,Mukherjee et al. 2025,Near Infrared Camera (NIRCam),Near Infrared Camera (NIRCam),True,unknown,True,3.0,2.0,-0.0023797546102030443,0.0022830980294399556,0.16896025818201704,2.0,0.9189899163603921,0.08448012909100852,,,,,False,False
GJ 1132 b,Transmission,556,1088,May et al. 2023,Bennett et al. 2025,Near Infrared Spectrograph (NIRSpec),Near Infrared Spectrograph (NIRSpec) - G395H,False,unknown,True,60.0,0.0,0.0010572905518598812,0.0009364004780617583,44.504217995613836,59.0,0.9192304368375152,0.7543087795866752,-0.003102071110559986,0.0015781702688244124,0.9594728948451465,0.7006997540863641,False,False
TOI-5205 b,Transmission,1600,1605,Ca&ntilde;as et al. 2026,Ca&ntilde;as et al. 2026,Near Infrared Spectrograph (NIRSpec) - PRISM,Near Infrared Spectrograph (NIRSpec) - PRISM,True,unknown,True,469.0,1.0,0.005235892939190784,0.0021520713957165444,425.57053825233317,468.0,0.9206069284580856,0.9093387569494299,0.009892334088053411,0.0021700488598150472,0.9826414588369089,0.8667878309801674,False,False
WASP-19 b,Transmission,285,1671,Sedaghati et al. 2015,Sedaghati et al. 2017,FORS2,FORS2,True,unknown,True,6.0,0.0,-0.01192046899033312,0.019499751305324612,1.4309124298178197,5.0,0.9209021553476976,0.28618248596356394,0.02464376658457039,1.2421457212777238,0.8388737330938181,0.3576297042850427,False,False
L 98-59 b,Transmission,881,1626,Damiano et al. 2022,Zhou et al. 2022,Wide Field Camera 3,Wide Field Camera 3,True,unknown,True,17.0,0.0,-0.0003978369805016671,0.0011537998017263473,8.812365251003472,16.0,0.9209388806611565,0.550772828187717,0.0028239693804267304,0.008430401603646352,0.8926661822466383,0.5800104899853992,False,False
HD 189733 b,Transmission,38,462,Borsa et al. 2016,Pont et al. 2013,HARPS Echelle Spectrograph,Space Telescope Imaging Spectrograph,False,unknown,True,6.0,1.0,0.02825691236826852,0.005514359609979885,1.4222776893201745,5.0,0.921860909834757,0.2844555378640349,0.07915010284590006,0.08711091457313211,0.9634296581830182,0.14917506068930017,False,False
WASP-94 A b,Transmission,1020,1021,Ahrer et al. 2025,Ahrer et al. 2025,Near Infrared Spectrograph (NIRSpec),Near Infrared Spectrograph (NIRSpec),True,unknown,True,57.0,0.0,-0.00367685924588881,0.0009031533229374432,41.69803876112735,56.0,0.9226144613490967,0.7446078350201313,0.002540366611897924,0.0015603244221446767,0.9488833817728549,0.7099513472811728,False,False
WASP-39 b,Transmission,73,449,Fischer et al. 2016,Sing et al. 2016,Space Telescope Imaging Spectrograph,Space Telescope Imaging Spectrograph,True,unknown,True,32.0,14.0,0.026952179833239772,0.007196502640363419,20.577223322223062,31.0,0.9226164508025613,0.6637813974910666,-0.1146798155604954,0.06221029305708175,0.9703648784451125,0.5726339694673217,False,False
WASP-12 b,Transmission,250,507,Kreidberg et al. 2015,Changeat et al. 2022,Wide Field Camera 3,Wide Field Camera 3,True,unknown,True,7.0,0.0,-0.050689597859576094,0.0021237526903143673,1.9564464747935184,6.0,0.9236602850966659,0.3260744124655864,0.006452972915977302,0.01643686679425604,0.8757655710372954,0.360463689956724,False,False
GJ 341 b,Transmission,1004,1006,Kirk et al. 2024,Kirk et al. 2024,Near Infrared Camera (NIRCam),Near Infrared Camera (NIRCam),True,unknown,True,55.0,0.0,0.002438007789660621,0.0005428343584596669,39.90439179164374,54.0,0.9237410721264232,0.738970218363773,-5.221518165967065e-05,0.0017703381116356133,0.9080548092742936,0.752896639018338,False,False
55 Cnc e,Eclipse,853,854,Patel et al. 2024,Patel et al. 2024,Near Infrared Camera (NIRCam),Near Infrared Camera (NIRCam),True,same_obs,True,28.0,28.0,0.004642914029959971,0.000510198604794754,17.287402579834346,27.0,0.923793086198492,0.6402741696234943,0.00016856893856804017,0.0020277643977669154,0.9003644659807558,0.6646343042476359,True,
WASP-17 b,Transmission,537,1014,Saba et al. 2022,Alderson et al. 2022,Wide Field Camera 3,Wide Field Camera 3,True,unknown,True,23.0,4.0,-0.0032035900433197827,0.0032078893500480286,13.302587041658164,22.0,0.9243772269404623,0.6046630473480984,0.0448671581863014,0.024056221457481257,0.9811076043097041,0.4678097432486603,False,False
TRAPPIST-1 c,Transmission,988,989,Radica et al. 2025,Radica et al. 2025,Near Infrared Imager and Slitless Spectrograph (NIRISS),Near Infrared Imager and Slitless Spectrograph (NIRISS),True,unknown,True,26.0,0.0,-0.0038477991671850586,0.003372156629048884,15.652989070365095,25.0,0.9247714253836983,0.6261195628146038,-0.008193662198037662,0.00851334665326249,0.9285017423325423,0.6136117059125702,False,False
GJ 1132 b,Transmission,1087,1094,Bennett et al. 2025,Bennett et al. 2025,Near Infrared Spectrograph (NIRSpec) - G395M,Near Infrared Spectrograph (NIRSpec),False,unknown,True,58.0,0.0,-0.0037292790008528827,0.0007882728167996044,42.26774205364323,57.0,0.9273959831682443,0.7415393342744426,-0.000899356188071555,0.0014086275814694986,0.9198756864547663,0.7475019181611927,False,False
WASP-29 b,Transmission,289,889,Gibson et al. 2013,Wong et al. 2022,GMOS,Space Telescope Imaging Spectrograph,False,unknown,True,5.0,0.0,-0.00816612272522597,0.012528021859476402,0.8747145787685127,4.0,0.9281600646845213,0.21867864469212817,0.010988469547478955,0.24199267791839316,0.8320218248872951,0.29088422250832346,False,False
HAT-P-18 b,Transmission,628,803,Jiang et al. 2023,Fournier-Tondreau et al. 2024,OSIRIS,Near Infrared Imager and Slitless Spectrograph (NIRISS),False,unknown,True,18.0,0.0,-0.03520884835610051,0.02721862317018085,9.348448926392152,17.0,0.9286919293197538,0.5499087603760089,0.007265464770992053,0.5655979355362148,0.8983803506482111,0.5842677447529684,False,False
GJ 1132 b,Transmission,1083,1089,Bennett et al. 2025,Bennett et al. 2025,Near Infrared Spectrograph (NIRSpec) - G395M,Near Infrared Spectrograph (NIRSpec) - G395H,False,unknown,True,62.0,2.0,-0.008170204061511857,0.000981621374588535,45.618365289244984,61.0,0.9290593593872222,0.7478420539220489,-0.000953988793711012,0.001689071213476141,0.9204759110461564,0.7549894221910809,False,False
WASP-39 b,Transmission,77,577,Feinstein et al. 2023,Panek et al. 2023,Near Infrared Imager and Slitless Spectrograph (NIRISS),Wide Field Camera 3,False,unknown,True,20.0,20.0,-0.015207732636514891,0.0028566231296222417,10.824900283671738,19.0,0.9295878379706679,0.5697315938774599,-0.012763887373015592,0.01867486647948528,0.91960109535457,0.5754308962341518,False,False
GJ 1132 b,Transmission,558,1091,May et al. 2023,Bennett et al. 2025,Near Infrared Spectrograph (NIRSpec),Near Infrared Spectrograph (NIRSpec) - G395M,False,unknown,True,59.0,0.0,0.00017463721467953847,0.000986671250067422,42.98348876505349,58.0,0.9296826486610359,0.7410946338802326,0.001573918160902964,0.001631810162803883,0.9307336412393751,0.7377751661396875,False,False
GJ 1132 b,Transmission,1080,1093,Bennett et al. 2025,Bennett et al. 2025,Near Infrared Spectrograph (NIRSpec) - G395H,Near Infrared Spectrograph (NIRSpec),False,unknown,True,56.0,1.0,-0.0008371238046644351,0.0007831765221679078,40.37711419597031,55.0,0.9300635189997053,0.7341293490176419,0.0011244851554735437,0.0013808619542460996,0.9269135547262936,0.7354439185151008,False,False
WASP-127 b,Transmission,224,350,Chen et al. 2018,Palle et al. 2017,ALFOSC,ALFOSC,True,unknown,True,23.0,0.0,-0.10579181293588809,0.014876271432174933,13.07735776659064,22.0,0.9309813174609806,0.5944253530268473,0.055524208996128824,0.11830629773524937,0.9135469721335463,0.6122424272118631,False,False
55 Cnc e,Eclipse,858,859,Patel et al. 2024,Patel et al. 2024,Near Infrared Camera (NIRCam),Near Infrared Camera (NIRCam),True,independent,True,28.0,28.0,-0.008171913445943446,0.0006460827781563984,16.963618860137274,27.0,0.9320159380724137,0.6282821800050842,-0.003057949770285168,0.0023994098054986534,0.950807613754626,0.5899758748743056,False,False
GJ 1132 b,Transmission,1080,1094,Bennett et al. 2025,Bennett et al. 2025,Near Infrared Spectrograph (NIRSpec) - G395H,Near Infrared Spectrograph (NIRSpec),False,unknown,True,62.0,1.0,-0.002622385613372619,0.0007694868791876343,45.41120971216221,61.0,0.9321050555059248,0.7444460608551182,0.0008176704580949456,0.0013029535930344054,0.9249859187094185,0.7502898141630969,False,False
55 Cnc e,Eclipse,856,857,Patel et al. 2024,Patel et al. 2024,Near Infrared Camera (NIRCam),Near Infrared Camera (NIRCam),True,independent,True,28.0,28.0,-0.00766078013578466,0.000638858711482774,16.940587031625444,27.0,0.9325776093567891,0.6274291493194609,0.001134117645941741,0.0025055022392035673,0.9168506226701045,0.6436805486825927,False,False
HAT-P-32 b,Eclipse,28,592,Nikolov et al. 2018,Changeat et al. 2022,Wide Field Camera 3,Wide Field Camera 3,True,unknown,True,14.0,0.0,0.011100035972096418,0.0035235405249995845,6.336610698636956,13.0,0.9330396172904958,0.48743159220284277,-0.006168869665430034,0.02470721788142598,0.901629670079212,0.522855931012916,False,False
WASP-107 b,Transmission,550,552,Dyrek et al. 2024,Dyrek et al. 2024,Mid-Infrared Instrument (MIRI) - LRS,Mid-Infrared Instrument (MIRI) - LRS,True,unknown,True,49.0,0.0,-0.005777599299856276,0.0017420413329366944,34.180595655669535,48.0,0.9337704359523381,0.7120957428264486,-0.0008794406803296712,0.0011274608108493814,0.9297357437909632,0.7143014097002794,False,False
HD 15337 c,Transmission,1766,1770,Wallack et al. 2026,Wallack et al. 2026,Near Infrared Spectrograph (NIRSpec) - G395H,Near Infrared Spectrograph (NIRSpec) - G395H,True,unknown,True,104.0,104.0,-0.0021908975325416343,0.0005716602037214698,82.25927409655625,103.0,0.9342290914012508,0.7986337290927792,-0.0032124032946658477,0.0010440931234329406,0.9872285699553117,0.7136563116049803,False,False
WASP-39 b,Transmission,170,577,Wakeford et al. 2018,Panek et al. 2023,Wide Field Camera 3,Wide Field Camera 3,True,unknown,True,19.0,19.0,-0.022520647705597648,0.004660677518863263,9.918191557675675,18.0,0.9345437780959975,0.551010642093093,-0.058280279120374846,0.031048725868081967,0.9901154017479061,0.37616720138008697,False,False
WASP-79 b,Eclipse,517,533,Mansfield et al. 2021,Foote et al. 2022,Wide Field Camera 3,Wide Field Camera 3,True,unknown,True,3.0,0.0,0.0002285005113553754,0.004771998789760118,0.13358602586988028,2.0,0.9353887946817273,0.06679301293494014,,,,,False,False
HD 209458 b,Transmission,44,574,Deming et al. 2013,Panek et al. 2023,Wide Field Camera 3,Wide Field Camera 3,True,unknown,True,18.0,18.0,0.006178171362246732,0.0011596326076325218,9.045479928602214,17.0,0.9388241710050567,0.5320870546236597,-0.013365130501922532,0.008189277476536626,0.9834194170293974,0.39887277450956343,False,False
L 98-59 b,Transmission,873,1624,Damiano et al. 2022,Zhou et al. 2022,Wide Field Camera 3,Wide Field Camera 3,True,unknown,True,17.0,0.0,-0.0002633567098085507,0.001422167546905768,8.302641717973666,16.0,0.9393415795911557,0.5189151073733541,-0.004743705712545045,0.010081481579116567,0.9204844871662738,0.5387491372635533,False,False
55 Cnc e,Eclipse,855,860,Patel et al. 2024,Patel et al. 2024,Near Infrared Camera (NIRCam),Near Infrared Camera (NIRCam),True,independent,True,28.0,28.0,0.005614314816903473,0.0006864169439912488,16.592473966362217,27.0,0.9406956366929871,0.6145360728282303,-0.0035677383162231653,0.002616837891177322,0.9620121980828134,0.5666798202773708,False,False
GJ 341 b,Transmission,998,999,Kirk et al. 2024,Kirk et al. 2024,Near Infrared Camera (NIRCam),Near Infrared Camera (NIRCam),True,unknown,True,54.0,54.0,-0.0005674603732325072,0.0003798129080363472,37.94398331006239,53.0,0.9409857695357619,0.7159242133974036,0.0036034655524427453,0.0013301134363776553,0.9921503851261575,0.5885487590568331,False,False
GJ 1132 b,Transmission,1084,1093,Bennett et al. 2025,Bennett et al. 2025,Near Infrared Spectrograph (NIRSpec) - G395H,Near Infrared Spectrograph (NIRSpec),False,unknown,True,54.0,0.0,-0.0006094346402994047,0.0007418570212244994,37.92374240247284,53.0,0.9412747358901759,0.7155423094806196,0.002476783013234407,0.001310853396198009,0.9719160130336402,0.6606489780970393,False,False
TOI-561 b,Eclipse,1066,1067,Teske et al. 2025,Teske et al. 2025,Near Infrared Spectrograph (NIRSpec) - G395H,Near Infrared Spectrograph (NIRSpec) - G395H,True,same_obs,True,7.0,0.0,0.0003803290740162655,0.0004374499003219365,1.740967084125986,6.0,0.941914920168943,0.29016118068766433,0.0007586251106211014,0.0008033252593668715,0.9737924723648634,0.16983172732604584,True,
TOI-260 b,Transmission,1762,1764,Meech et al. 2026,Meech et al. 2026,Near Infrared Spectrograph (NIRSpec) - G395H,Near Infrared Spectrograph (NIRSpec) - G395H,True,unknown,True,104.0,104.0,0.0003572788799576426,0.00036085697355902073,81.37767591824056,103.0,0.9429158170650678,0.7900745234780636,-0.0030453095219415906,0.0006634325103021934,0.9996662407226701,0.591249419609896,False,False
55 Cnc e,Eclipse,853,860,Patel et al. 2024,Patel et al. 2024,Near Infrared Camera (NIRCam),Near Infrared Camera (NIRCam),True,independent,True,28.0,28.0,0.008661865594731772,0.0005090377616635035,16.409154385133306,27.0,0.9446941032473678,0.607746458708641,-0.0015486773749764135,0.0020187742063409882,0.9404220933507392,0.6084867099426947,False,False
GJ 1132 b,Transmission,560,1091,May et al. 2023,Bennett et al. 2025,Near Infrared Spectrograph (NIRSpec),Near Infrared Spectrograph (NIRSpec) - G395M,False,unknown,True,60.0,0.0,0.0018082377737755784,0.0010015249984236402,42.76878487002024,59.0,0.9447100488237469,0.7248946588139024,0.0010012668378052844,0.0016542231751747478,0.9381859298580848,0.7310762412243514,False,False
GJ 1214 b,Transmission,863,864,Schlawin et al. 2024,Schlawin et al. 2024,Near Infrared Spectrograph (NIRSpec),Near Infrared Spectrograph (NIRSpec),True,unknown,True,59.0,0.0,-0.0037372017359528957,0.0011467096604409806,41.91349378000448,58.0,0.9447538282400736,0.7226464444828359,0.00029802373974377363,0.001948169931465209,0.9331981041318496,0.7349138955348298,False,False
GJ 341 b,Transmission,998,1004,Kirk et al. 2024,Kirk et al. 2024,Near Infrared Camera (NIRCam),Near Infrared Camera (NIRCam),True,unknown,True,52.0,0.0,-6.106872286907366e-05,0.0005178572865974108,35.96340979532872,51.0,0.9451065285108957,0.705164897947622,0.0013860580392865704,0.0017866802024297434,0.9416748270837353,0.7072317248011291,False,False
GJ 1132 b,Transmission,1085,1091,Bennett et al. 2025,Bennett et al. 2025,Near Infrared Spectrograph (NIRSpec) - G395H,Near Infrared Spectrograph (NIRSpec) - G395M,False,unknown,True,54.0,0.0,0.0024096783025419973,0.0010085227585903346,37.604593100474794,53.0,0.9456988998086567,0.7095206245372603,0.00047658829489908097,0.0017264113069172565,0.9345094855783412,0.7216997214480639,False,False
GJ 486 b,Transmission,127,354,Moran et al. 2023,Moran et al. 2023,Near Infrared Spectrograph (NIRSpec),Near Infrared Spectrograph (NIRSpec),True,unknown,True,46.0,1.0,0.0013518308237163378,0.00035328662429558476,30.885714986154408,45.0,0.9460376563385919,0.6863492219145424,0.0010792684694135807,0.0006249848006757623,0.9720635486254786,0.6341734010753572,False,False
GJ 1132 b,Transmission,559,560,May et al. 2023,May et al. 2023,Near Infrared Spectrograph (NIRSpec),Near Infrared Spectrograph (NIRSpec),True,unknown,True,59.0,0.0,-0.0019964725046428223,0.0009586222576366742,41.7813498972339,58.0,0.9464392630105242,0.7203681016764466,0.0009988855860173088,0.0016363607802138689,0.9401121081847778,0.7264688370783221,False,False
HD 189733 b,Transmission,35,37,Gibson et al. 2012,Sing et al. 2016,Wide Field Camera 3,Wide Field Camera 3,True,unknown,True,3.0,0.0,-0.04579163621572808,0.006983785927872542,0.1100637276254443,2.0,0.9464549898084644,0.05503186381272215,,,,,False,False
HAT-P-41 b,Eclipse,512,527,Mansfield et al. 2021,Fu et al. 2022,Wide Field Camera 3,Wide Field Camera 3,True,unknown,True,13.0,0.0,-0.009195494507468097,0.0037086108845353627,5.3074052332565245,12.0,0.9469155106726086,0.4422837694380437,-0.007519221876310456,0.02836829315546487,0.9191395618296705,0.47610453504642647,False,False
WASP-17 b,Transmission,912,1013,Louie et al. 2025,Alderson et al. 2022,Near Infrared Imager and Slitless Spectrograph (NIRISS),Space Telescope Imaging Spectrograph,False,unknown,True,7.0,0.0,-0.02417130493382729,0.020811248508182473,1.6760962173006857,6.0,0.9469517225740065,0.2793493695501143,-0.04639562265076587,0.26294486788927657,0.8957592267667632,0.3289925911874998,False,False
TRAPPIST-1 d,Transmission,1069,1694,Piaulet-Ghorayeb et al. 2025,Zhang et al. 2018,Near Infrared Spectrograph (NIRSpec) - PRISM,Wide Field Camera 3,False,unknown,True,4.0,0.0,0.03862789038480406,0.006022915230247555,0.3614717876585147,3.0,0.9480813052962853,0.12049059588617156,-0.010854231938339962,0.04260440943287478,0.8621874468505183,0.1482825762154563,False,False
GJ 1132 b,Transmission,556,1080,May et al. 2023,Bennett et al. 2025,Near Infrared Spectrograph (NIRSpec),Near Infrared Spectrograph (NIRSpec) - G395H,False,unknown,True,60.0,0.0,0.0035260601933718733,0.0009481946704891427,42.48126093486649,59.0,0.9482941144058225,0.7200213717773981,-0.0016535903270539296,0.001609872787071881,0.9507842678005934,0.7142450292693595,False,False
WASP-19 b,Transmission,65,279,Bean et al. 2013,Huitson et al. 2013,MMIRS,Wide Field Camera 3,False,unknown,True,3.0,1.0,-0.0948947816459664,0.015473937930133254,0.10541641981668953,2.0,0.9486567807502199,0.052708209908344766,,,,,False,False
WASP-39 b,Transmission,828,833,Carter et al. 2024,Carter et al. 2024,Near Infrared Imager and Slitless Spectrograph (NIRISS),Near Infrared Camera (NIRCam),False,unknown,True,13.0,1.0,-0.0007929764136766653,0.005448096952584842,5.238175740358612,12.0,0.9495467625886286,0.4365146450298843,-0.00975400562696916,0.05056807316991793,0.9210441836982599,0.472815429303008,False,False
WASP-17 b,Transmission,914,1013,Louie et al. 2025,Alderson et al. 2022,Near Infrared Imager and Slitless Spectrograph (NIRISS),Space Telescope Imaging Spectrograph,False,unknown,True,6.0,1.0,-0.018978078409942627,0.021815040112228894,1.1453640792763082,5.0,0.9500103109348924,0.22907281585526165,0.16188095302837557,0.3571818891717086,0.9187594580677402,0.2349895766094881,False,False
GJ 341 b,Transmission,999,1006,Kirk et al. 2024,Kirk et al. 2024,Near Infrared Camera (NIRCam),Near Infrared Camera (NIRCam),True,unknown,True,52.0,0.0,0.0027762510999282874,0.000441437549567557,35.58590784871369,51.0,0.9501813410194264,0.697762898994386,-0.0027108691137783416,0.001532865700616386,0.9741982603667363,0.6491664909284184,False,False
L 98-59 b,Transmission,882,1621,Damiano et al. 2022,Zhou et al. 2022,Wide Field Camera 3,Wide Field Camera 3,True,unknown,True,17.0,0.0,0.0013453848776423872,0.0009503732036903704,7.9539542686850435,16.0,0.9502253545375376,0.4971221417928152,-0.005530508905954093,0.006747237494927813,0.9493437765257896,0.4854730118619507,False,False
HD 219666 b,Transmission,663,975,Edwards et al. 2023,Murphy et al. 2025,Wide Field Camera 3,Wide Field Camera 3,True,unknown,True,15.0,0.0,0.02110019432994006,0.0019173675404803028,6.555976984930369,14.0,0.9504774825095422,0.4682840703521692,0.015557534021461358,0.015086055296003818,0.9626937183068884,0.42249961711558276,False,False
GJ 1132 b,Transmission,1081,1083,Bennett et al. 2025,Bennett et al. 2025,Near Infrared Spectrograph (NIRSpec) - G395H,Near Infrared Spectrograph (NIRSpec) - G395M,False,unknown,True,62.0,1.0,0.005622018261978102,0.001012438278353142,43.92573227371649,61.0,0.9512914965443386,0.7200939717002703,-1.1189309690851345e-05,0.0017151540301697792,0.9407750203987321,0.7320948285640438,False,False
GJ 341 b,Transmission,999,1005,Kirk et al. 2024,Kirk et al. 2024,Near Infrared Camera (NIRCam),Near Infrared Camera (NIRCam),True,unknown,True,52.0,0.0,0.0017319094969418213,0.0004435500271910142,35.461096980484,51.0,0.9517819817523842,0.6953156270683137,-0.0006709721886904277,0.0015526119910271126,0.9429483410113353,0.7054867456168935,False,False
Qatar-1 b,Transmission,47,630,von Essen et al. 2017,Jiang et al. 2023,GMOS,OSIRIS,False,unknown,True,12.0,0.0,-0.19869974164607784,0.010024167371046158,4.509373044470182,11.0,0.9525862630087584,0.40994300404274386,0.19516273439134538,0.17031766916231744,0.9764183674638901,0.3196343862009578,False,False
TOI-1685 b,Transmission,1029,1571,Luque et al. 2025,Fisher et al. 2026,Near Infrared Spectrograph (NIRSpec) - G395H,Near Infrared Spectrograph (NIRSpec) - G395H,True,unknown,True,29.0,29.0,0.0010560473121875337,0.0017552143372028888,16.770828845163823,28.0,0.9529794148822058,0.5989581730415651,-0.01151681483918158,0.005226925084880186,0.9946115902939645,0.44133403955252914,False,False
L 98-59 b,Transmission,875,1621,Damiano et al. 2022,Zhou et al. 2022,Wide Field Camera 3,Wide Field Camera 3,True,unknown,True,17.0,0.0,0.000351329570077386,0.0012756333662245667,7.85785336702827,16.0,0.952985796068383,0.4911158354392669,-0.0087526278300404,0.009152669942472238,0.9592024668675344,0.4628905597140875,False,False
L 168-9 b,Transmission,905,906,Alam et al. 2025,Alam et al. 2025,Near Infrared Spectrograph (NIRSpec),Near Infrared Spectrograph (NIRSpec) - G395H,False,unknown,True,53.0,53.0,-0.0008893963971488351,0.0005226714208475636,36.11263126279519,52.0,0.9540450907337964,0.6944736781306767,-0.0031741750650015345,0.0009926390511432674,0.998684628404117,0.5075933551594433,False,False
WASP-17 b,Transmission,542,1013,Saba et al. 2022,Alderson et al. 2022,Space Telescope Imaging Spectrograph,Space Telescope Imaging Spectrograph,True,unknown,True,7.0,1.0,0.02851339580571564,0.019508448093347976,1.5724083667844975,6.0,0.9545404602960199,0.2620680611307496,0.10681150592457596,0.21370365365095412,0.9325893764139621,0.26451940157782394,False,False
WASP-17 b,Transmission,537,1013,Saba et al. 2022,Alderson et al. 2022,Wide Field Camera 3,Space Telescope Imaging Spectrograph,False,unknown,True,3.0,0.0,-0.023477466556453733,0.04183284458886489,0.09276150609731386,2.0,0.9546783962708237,0.04638075304865693,,,,,False,False
L 98-59 b,Transmission,882,1625,Damiano et al. 2022,Zhou et al. 2022,Wide Field Camera 3,Wide Field Camera 3,True,unknown,True,17.0,0.0,0.0028585305442690436,0.0010195344368504014,7.7932756769962666,16.0,0.9547835287519515,0.48707972981226666,-0.004139197185982473,0.007341457837785099,0.9430920888941298,0.49835949660866113,False,False
WASP-17 b,Transmission,1013,1015,Alderson et al. 2022,Alderson et al. 2022,Space Telescope Imaging Spectrograph,Wide Field Camera 3,False,unknown,True,3.0,0.0,0.014792037863679932,0.04185791472300817,0.09186533729110156,2.0,0.9551062686244801,0.04593266864555078,,,,,False,False
HD 189733 b,Transmission,35,264,Gibson et al. 2012,McCullough et al. 2014,Wide Field Camera 3,Wide Field Camera 3,True,unknown,True,3.0,0.0,-0.01236433985993091,0.007434433148637969,0.09118534183208746,2.0,0.9554310577979124,0.04559267091604373,,,,,False,False
GJ 3470 b,Transmission,195,220,Dragomir et al. 2015,Dragomir et al. 2015,SBIG imager,SBIG imager,True,unknown,True,3.0,3.0,-0.03242812117312894,0.04947846320254867,0.09007930291460862,2.0,0.9559595758912839,0.04503965145730431,,,,,False,False
WASP-39 b,Transmission,303,828,Ahrer et al. 2023,Carter et al. 2024,Near Infrared Camera (NIRCam),Near Infrared Imager and Slitless Spectrograph (NIRISS),False,unknown,True,13.0,0.0,0.009320638183569497,0.005651147486591518,5.05372301577061,12.0,0.9561604458989091,0.42114358464755086,-0.04004893136619318,0.052755350027172826,0.953818834514768,0.4070384285884664,False,False
HR 8799 d,Direct Imaging,810,811,Wang et al. 2022,Wang et al. 2022,CHARIS integral field spectrograph,CHARIS integral field spectrograph,True,unknown,True,22.0,22.0,1.747354643131524e-17,2.229032587256116e-18,11.290779794576114,21.0,0.9568205868013562,0.5376561806941007,-8.460346202710342e-18,7.564288503598468e-18,0.9674439588389536,0.5019914682103243,False,
WASP-43 b,Eclipse,699,707,Bell et al. 2024,Bell et al. 2024,Mid-Infrared Instrument (MIRI),Mid-Infrared Instrument (MIRI),True,unknown,True,14.0,0.0,-0.004012952165398899,0.002355671440111145,5.670202940398887,13.0,0.9573367749158153,0.4361694569537606,0.00015632297003710153,0.0016696620708352683,0.9321782850902562,0.4717864336230655,False,False
KELT-7 b,Transmission,1050,1052,Ahrer et al. 2025,Ahrer et al. 2025,Near Infrared Spectrograph (NIRSpec) - G395H,Near Infrared Spectrograph (NIRSpec) - G395H,True,unknown,True,238.0,0.0,-0.00040766487371911097,0.0004831577659140717,200.73147837836362,237.0,0.9580334774613619,0.8469682631998465,0.0017364213242044976,0.000818127289147469,0.9721822255305628,0.8314692860970107,False,False
HD 189733 b,Transmission,488,490,Cubillos et al. 2023,Cubillos et al. 2023,Space Telescope Imaging Spectrograph,Space Telescope Imaging Spectrograph,True,unknown,True,3.0,0.0,0.018143604811672306,0.05081790571697006,0.08364836930232925,2.0,0.9590383794181417,0.04182418465116462,,,,,False,False
WASP-43 b,Eclipse,702,704,Bell et al. 2024,Bell et al. 2024,Mid-Infrared Instrument (MIRI),Mid-Infrared Instrument (MIRI),True,unknown,True,14.0,0.0,-0.008286780131159197,0.002290188170880814,5.600253992137945,13.0,0.9595005423417639,0.43078876862599574,0.002778061391885959,0.0015390647293937517,0.9986724245527917,0.19517606292432801,False,False
WASP-39 b,Transmission,686,687,Powell et al. 2024,Powell et al. 2024,Mid-Infrared Instrument (MIRI) - LRS,Mid-Infrared Instrument (MIRI) - LRS,True,unknown,True,26.0,0.0,-0.0009150373258201864,0.0053643950515084365,14.105650352721625,25.0,0.9598594743717861,0.564226014108865,-0.0012417804587249797,0.003927887578165911,0.9465214675917057,0.5835709559485149,False,False
HD 189733 b,Transmission,37,501,Sing et al. 2016,Changeat et al. 2022,Wide Field Camera 3,Wide Field Camera 3,True,unknown,True,24.0,0.0,0.02854915350553059,0.001984504164640099,12.560387971298463,23.0,0.9608880881939906,0.5461038248390636,-0.027770470104122917,0.014585283523212828,0.9936626976361852,0.4061431091619286,False,False
L 98-59 b,Transmission,882,1623,Damiano et al. 2022,Zhou et al. 2022,Wide Field Camera 3,Wide Field Camera 3,True,unknown,True,17.0,0.0,0.00437615603723394,0.0009041359495755346,7.523398211836977,16.0,0.9618064740786019,0.47021238823981104,0.003132767749184117,0.006463739391809777,0.9491441384300191,0.4858996750514328,False,False
GJ 1132 b,Transmission,1088,1094,Bennett et al. 2025,Bennett et al. 2025,Near Infrared Spectrograph (NIRSpec) - G395H,Near Infrared Spectrograph (NIRSpec),False,unknown,True,62.0,1.0,-0.00018271921504746545,0.0007604937844693947,42.8074658880374,61.0,0.9628623700893043,0.7017617358694656,0.002219325008859633,0.0012791739087240656,0.9794212428126505,0.6632892344643064,False,False
GJ 1132 b,Transmission,559,1092,May et al. 2023,Bennett et al. 2025,Near Infrared Spectrograph (NIRSpec),Near Infrared Spectrograph (NIRSpec),True,unknown,True,60.0,0.0,-0.00012941757588480596,0.0007725432704247815,41.11407321759582,59.0,0.9630554706984177,0.696848698603319,0.0013264524315389381,0.0013158860512085646,0.9647689911710995,0.691343948614024,False,False
WASP-39 b,Transmission,298,638,Nikolov et al. 2016,Jiang et al. 2023,FORS2,OSIRIS,False,unknown,True,26.0,3.0,0.004071682278504672,0.01552667774271648,13.802230663343959,25.0,0.9650711332204696,0.5520892265337584,0.06714873503605294,0.22793933217732976,0.9528182319190304,0.5714769654135854,False,False
GJ 341 b,Transmission,998,1003,Kirk et al. 2024,Kirk et al. 2024,Near Infrared Camera (NIRCam),Near Infrared Camera (NIRCam),True,unknown,True,53.0,0.0,-0.0005723947578540857,0.0003681994722312669,34.99387074643937,52.0,0.9661647506630912,0.6729590528161418,0.0006331389558438919,0.0012973713420201423,0.9601324312899475,0.6814845174639149,False,False
WASP-43 b,Transmission,703,705,Bell et al. 2024,Bell et al. 2024,Mid-Infrared Instrument (MIRI),Mid-Infrared Instrument (MIRI),True,unknown,True,14.0,0.0,0.0056205691173714075,0.004339963732900512,5.366315222752057,13.0,0.9662194925052323,0.4127934786732351,-0.0019821251308382005,0.0027412048829375847,0.963003915170961,0.4036218982486259,False,False
GJ 1132 b,Transmission,1083,1094,Bennett et al. 2025,Bennett et al. 2025,Near Infrared Spectrograph (NIRSpec) - G395M,Near Infrared Spectrograph (NIRSpec),False,unknown,True,64.0,0.0,-0.005737427708210724,0.0007826636455653144,44.04770189137071,63.0,0.9667053139367154,0.6991698712915986,-0.0013949818947340633,0.001348331997069791,0.9686561399596393,0.6931823935206711,False,False
WASP-19 b,Eclipse,616,918,Changeat et al. 2022,Tumborang et al. 2024,Wide Field Camera 3,Wide Field Camera 3,True,unknown,True,6.0,0.0,-0.011021980292673105,0.008640487379821303,0.9470394115470235,5.0,0.9667233116415547,0.1894078823094047,-0.029041600889812395,0.061292611423823744,0.9485210938788133,0.18063375314688526,False,False
WASP-74 b,Eclipse,520,622,Fu et al. 2021,Changeat et al. 2022,Wide Field Camera 3,Wide Field Camera 3,True,unknown,True,25.0,0.0,-0.0017102090775325974,0.0018758181104407412,12.957218667419733,24.0,0.9668202523682474,0.5398841111424889,-0.0025764243694497676,0.01304475982793349,0.9537412474863453,0.5616612984626009,False,False
HD 189733 b,Transmission,488,489,Cubillos et al. 2023,Cubillos et al. 2023,Space Telescope Imaging Spectrograph,Space Telescope Imaging Spectrograph,True,unknown,True,10.0,0.0,0.008167606167797627,0.04964484930886097,2.908890389764636,9.0,0.9677977400787635,0.3232100433071818,0.33208446306776235,3.1508317980274794,0.9406074542687469,0.36222276417889954,False,False
TOI-1685 b,Transmission,1028,1571,Luque et al. 2025,Fisher et al. 2026,Near Infrared Spectrograph (NIRSpec) - G395H,Near Infrared Spectrograph (NIRSpec) - G395H,True,unknown,True,29.0,29.0,-0.00011007385074138268,0.0014411489425109486,15.821594594749627,28.0,0.968388188714959,0.5650569498124867,-0.005147501177530976,0.0042135254241944,0.9778290179791369,0.5307088196047793,False,False
CoRoT-1 b,Transmission,371,884,Ranjan et al. 2014,Glidic et al. 2022,WFC3,Wide Field Camera 3,False,unknown,True,8.0,0.0,0.15850275582109646,0.028753248730160406,1.8218841265325512,7.0,0.969037799403383,0.2602691609332216,0.25336148598616387,0.23804822355084856,0.9947235129734533,0.11484819562102204,False,False
WASP-39 b,Transmission,77,303,Feinstein et al. 2023,Ahrer et al. 2023,Near Infrared Imager and Slitless Spectrograph (NIRISS),Near Infrared Camera (NIRCam),False,unknown,True,25.0,2.0,-0.00502034123607049,0.005379914998646853,12.817035335446322,24.0,0.9690410793869476,0.5340431389769301,0.02205615718405685,0.05129991480593637,0.9595202917802881,0.5492253206846749,False,False
WASP-17 b,Transmission,252,576,Mandell et al. 2013,Panek et al. 2023,Wide Field Camera 3,Wide Field Camera 3,True,unknown,True,17.0,17.0,-0.02593493663009946,0.006373321747253869,7.099246233691623,16.0,0.9713003522693108,0.44370288960572646,-0.003756146058731703,0.04773107053003756,0.9550159235798051,0.47287023315377635,False,False
HR 8799 e,Direct Imaging,815,816,Wang et al. 2022,Wang et al. 2022,CHARIS integral field spectrograph,CHARIS integral field spectrograph,True,unknown,True,22.0,22.0,1.9813754472440272e-17,5.489351285197718e-18,10.469256209736523,21.0,0.9721527256298083,0.49853600998745345,1.0952819174183694e-18,2.0847367977857564e-17,0.9589033607131243,0.523324797684142,False,
TrES-2 b,Transmission,140,676,Ranjan et al. 2014,Edwards et al. 2023,WFC3,Wide Field Camera 3,False,unknown,True,8.0,0.0,-0.013183304499173381,0.011420407867648356,1.737763999174121,7.0,0.9729209234772163,0.24825199988201727,-0.08910167094677551,0.08924995265252507,0.9935611392356294,0.1235140133271957,False,False
GJ 1132 b,Transmission,1089,1091,Bennett et al. 2025,Bennett et al. 2025,Near Infrared Spectrograph (NIRSpec) - G395H,Near Infrared Spectrograph (NIRSpec) - G395M,False,unknown,True,62.0,1.0,0.0044360595521572305,0.0010041682965464234,41.5950024037615,61.0,0.9729267377304188,0.6818852853075655,0.000544664337205277,0.001650409339080153,0.9672167612472595,0.6914348450704356,False,False
GJ 1132 b,Transmission,1081,1091,Bennett et al. 2025,Bennett et al. 2025,Near Infrared Spectrograph (NIRSpec) - G395H,Near Infrared Spectrograph (NIRSpec) - G395M,False,unknown,True,62.0,1.0,0.0018579337379022334,0.0010213805777404964,41.51089204578774,61.0,0.9735373904707129,0.6805064269801269,-0.0003512603171817378,0.0016925885282395151,0.9673730814600366,0.6911303996263135,False,False
HAT-P-2 b,Eclipse,589,979,Changeat et al. 2022,Jacobs et al. 2025,Wide Field Camera 3,Wide Field Camera 3,True,unknown,True,15.0,15.0,-3.785674934210801e-05,0.0009908528128596667,5.682729714389916,14.0,0.9738657928641834,0.40590926531356547,-0.00012410020409083045,0.00722733933473452,0.9569509847682277,0.4371103748644518,False,False
GJ 1132 b,Transmission,1080,1092,Bennett et al. 2025,Bennett et al. 2025,Near Infrared Spectrograph (NIRSpec) - G395H,Near Infrared Spectrograph (NIRSpec),False,unknown,True,62.0,1.0,-0.0005287498935336892,0.0007706236772652385,41.37684210144814,61.0,0.9744884932241589,0.6783088869089859,0.0014782914847826102,0.0013085717099828962,0.9775449536473186,0.6683437237202003,False,False
GJ 3090 b,Transmission,1550,1554,Ahrer et al. 2025,Ahrer et al. 2025,Near Infrared Spectrograph (NIRSpec) - G395H,Near Infrared Spectrograph (NIRSpec) - G395H,True,unknown,True,55.0,0.0,7.815104535768849e-07,0.0012310362994912927,35.65418260645013,54.0,0.9744902493357664,0.6602626408601876,0.004870440511680747,0.002062993053966233,0.995299928101336,0.5675569135439401,False,False
GJ 486 b,Transmission,225,354,Moran et al. 2023,Moran et al. 2023,Near Infrared Spectrograph (NIRSpec),Near Infrared Spectrograph (NIRSpec),True,unknown,True,45.0,11.0,-0.005486045313906781,0.00035255418244281903,27.63128168334327,44.0,0.9745115031969025,0.627983674621438,0.0014620809404404151,0.0006310686821183494,0.9962708021110588,0.5177573283821958,False,False
WASP-74 b,Transmission,519,585,Fu et al. 2021,Changeat et al. 2022,Wide Field Camera 3,Wide Field Camera 3,True,unknown,True,25.0,0.0,0.02295695491630177,0.002003435706353952,12.425942275520569,24.0,0.9746703257757569,0.5177475948133571,-0.016708860248590838,0.014065899809693014,0.9830364573962458,0.4789060697516069,False,False
GJ 1132 b,Transmission,1083,1093,Bennett et al. 2025,Bennett et al. 2025,Near Infrared Spectrograph (NIRSpec) - G395M,Near Infrared Spectrograph (NIRSpec),False,unknown,True,58.0,0.0,-0.003916781054589471,0.0008006143070971123,38.04646726891808,57.0,0.9748577434501742,0.6674818819108435,-0.0012347628950267354,0.0014355351105891495,0.9743007832152835,0.6661897211098138,False,False
WASP-17 b,Transmission,255,914,Sedaghati et al. 2016,Louie et al. 2025,FORS2,Near Infrared Imager and Slitless Spectrograph (NIRISS),False,unknown,True,24.0,3.0,0.008213832247463235,0.003827323041007909,11.692102137587447,23.0,0.9749514106031665,0.5083522668516282,-0.05271457411604322,0.08461975787949719,0.9701371772582486,0.5138193267393303,False,False
WASP-17 b,Transmission,541,1012,Saba et al. 2022,Alderson et al. 2022,Space Telescope Imaging Spectrograph,Space Telescope Imaging Spectrograph,True,unknown,True,9.0,0.0,0.07804085545331638,0.015060934923054851,2.1775340216020833,8.0,0.9750796108853342,0.2721917527002604,-0.2179063252616231,0.30233900346372344,0.976327518886864,0.23686785269396554,False,False
L 98-59 b,Transmission,875,882,Damiano et al. 2022,Damiano et al. 2022,Wide Field Camera 3,Wide Field Camera 3,True,unknown,True,18.0,0.0,-0.0011377939765117877,0.0010376152108169901,7.550524318617598,17.0,0.975237839919884,0.444148489330447,-0.001857894307684853,0.007256493875046668,0.9627431102225352,0.46781074731442884,False,False
WASP-39 b,Transmission,638,837,Jiang et al. 2023,Carter et al. 2024,OSIRIS,Near Infrared Spectrograph (NIRSpec),False,unknown,True,18.0,0.0,0.021235354736809056,0.01529287370462251,7.538556663245663,17.0,0.9754448684160307,0.44344450960268605,-0.09133430238121795,0.25672931839440083,0.9644793281148386,0.4632494193399003,False,False
WASP-74 b,Eclipse,515,622,Mansfield et al. 2021,Changeat et al. 2022,Wide Field Camera 3,Wide Field Camera 3,True,unknown,True,13.0,0.0,-0.0006471017159044501,0.0020224135216942198,4.363716961721092,12.0,0.9759436037774035,0.36364308014342434,-0.010085562923077546,0.014932669054587478,0.9725437430280143,0.35523166747466545,False,False
WASP-17 b,Transmission,255,1013,Sedaghati et al. 2016,Alderson et al. 2022,FORS2,Space Telescope Imaging Spectrograph,False,unknown,True,7.0,1.0,-0.00037338453200650617,0.020208230693936794,1.2155108222329793,6.0,0.9761116545394928,0.20258513703882988,-0.12507161593940394,0.3699742317597459,0.9539947732639896,0.22024593623988165,False,False
WASP-39 b,Transmission,77,833,Feinstein et al. 2023,Carter et al. 2024,Near Infrared Imager and Slitless Spectrograph (NIRISS),Near Infrared Camera (NIRCam),False,unknown,True,14.0,0.0,0.00249005147449774,0.005270714865977195,4.935521271729284,13.0,0.9765852034857906,0.3796554824407142,-0.0017565830035462737,0.049869420006599975,0.9601380388193963,0.411190047183277,False,False
TOI-1685 b,Transmission,1027,1570,Luque et al. 2025,Fisher et al. 2026,Near Infrared Spectrograph (NIRSpec) - G395H,Near Infrared Spectrograph (NIRSpec) - G395H,True,unknown,True,29.0,29.0,0.0009094940926150404,0.0012957518787277847,15.163319773184334,28.0,0.976660047194461,0.5415471347565833,-0.007604936176595066,0.0036911342956724613,0.997409498960393,0.40438447293706,False,False
WASP-117 b,Transmission,341,510,Anisman et al. 2020,Carone et al. 2021,Wide Field Camera 3,Wide Field Camera 3,True,unknown,True,17.0,1.0,0.007185276347671722,0.0013196443355745332,6.8149788728511895,16.0,0.9766645526516202,0.42593617955319935,0.00492902971504865,0.009351731726241437,0.9692451981937179,0.4358116454567968,False,False
GJ 1132 b,Transmission,559,1093,May et al. 2023,Bennett et al. 2025,Near Infrared Spectrograph (NIRSpec),Near Infrared Spectrograph (NIRSpec),True,unknown,True,54.0,0.0,-0.0003389407586639884,0.0007851360629004239,34.4200745080574,53.0,0.9775790599043767,0.6494353680765547,0.0008618474995154217,0.001389776805017986,0.9744808714568571,0.6545290123494305,False,False
TOI-270 d,Transmission,494,672,Mikal-Evans et al. 2023,Edwards et al. 2023,Wide Field Camera 3,Wide Field Camera 3,True,unknown,True,24.0,0.0,0.002823385612047786,0.0018196770591085143,11.453234985216321,23.0,0.9780699753202478,0.49796673848766615,0.010762050876074517,0.012985858779691859,0.9779239316942523,0.48938208260445876,False,False
HD 189733 b,Transmission,35,501,Gibson et al. 2012,Changeat et al. 2022,Wide Field Camera 3,Wide Field Camera 3,True,unknown,True,3.0,0.0,-0.022813962638336262,0.007058881876774758,0.04377498017962439,2.0,0.9783503029639471,0.021887490089812195,,,,,False,False
55 Cnc e,Eclipse,853,858,Patel et al. 2024,Patel et al. 2024,Near Infrared Camera (NIRCam),Near Infrared Camera (NIRCam),True,independent,True,28.0,28.0,0.010551679442488962,0.00047831380947801295,14.23980465591327,27.0,0.9788016657760497,0.5274001724412322,0.00016104386862947343,0.001897290259051176,0.9698066411828126,0.5474076874640432,False,False
GJ 341 b,Transmission,998,1007,Kirk et al. 2024,Kirk et al. 2024,Near Infrared Camera (NIRCam),Near Infrared Camera (NIRCam),True,unknown,True,52.0,0.0,0.0011823343095645979,0.000397940114769481,32.61062258458314,51.0,0.9789939731697551,0.6394239722467282,0.0018991469540171405,0.001388480809646868,0.9854065772789515,0.6147955885990035,False,False
HAT-P-11 b,Transmission,1705,1715,Mansfield et al. 2018,Chachan et al. 2019,Wide Field Camera 3,Wide Field Camera 3,True,unknown,True,10.0,0.0,-0.004376023434756349,0.0007177648935821827,2.5660195762579416,9.0,0.9790549502138298,0.2851132862508824,-0.007972954884250889,0.011549681957332686,0.9781450706282415,0.2611850564577761,False,False
WASP-121 b,Transmission,993,994,Gapp et al. 2025,Gapp et al. 2025,Near Infrared Spectrograph (NIRSpec),Near Infrared Spectrograph (NIRSpec),True,unknown,True,349.0,349.0,-0.007520128630365898,0.002183489860385366,296.4089857552472,348.0,0.9791206561080442,0.8517499590668024,-0.003432459151697113,0.003633714975361969,0.9790559417925734,0.8516331111443365,False,False
55 Cnc e,Eclipse,854,855,Patel et al. 2024,Patel et al. 2024,Near Infrared Camera (NIRCam),Near Infrared Camera (NIRCam),True,independent,True,28.0,28.0,-0.0014618540244912953,0.0006877646036898054,14.191250867929613,27.0,0.9793167314782693,0.525601883997393,0.0021279870514019287,0.0026223951537814195,0.978657455374825,0.52049123936162,False,False
GJ 341 b,Transmission,1001,1007,Kirk et al. 2024,Kirk et al. 2024,Near Infrared Camera (NIRCam),Near Infrared Camera (NIRCam),True,unknown,True,55.0,1.0,0.0017701723053979764,0.00036300057571573115,34.90194323473492,54.0,0.9797127330307774,0.6463322821247208,0.0028562784299405756,0.0012342260371812205,0.996251581488873,0.5574773507085005,False,False
GJ 1132 b,Transmission,556,559,May et al. 2023,May et al. 2023,Near Infrared Spectrograph (NIRSpec),Near Infrared Spectrograph (NIRSpec),True,unknown,True,59.0,0.0,0.003091358595345107,0.0009430933548214364,38.096277702455644,58.0,0.979892542331542,0.6568323741802697,-0.0015689175054409117,0.0016272268332593106,0.9806184315878662,0.6520466802704855,False,False
WASP-121 b,Eclipse,611,1723,Changeat et al. 2022,Mikal-Evans et al. 2019,Wide Field Camera 3,Wide Field Camera 3,True,unknown,True,13.0,0.0,0.0038867481414210318,0.002358165739421714,4.1684086259028135,12.0,0.9802020786186908,0.3473673854919011,0.003673529286238425,0.02737785514939344,0.9653088332856675,0.3773095145891146,False,False
HD 189733 b,Transmission,261,463,Sing et al. 2016,Sing et al. 2011,Space Telescope Imaging Spectrograph,Space Telescope Imaging Spectrograph,True,unknown,True,4.0,4.0,-0.015993881052854077,0.0028464529359597764,0.18237508395734509,3.0,0.9803831234625096,0.06079169465244836,0.017215135889053868,0.053941842746235744,0.9605381617865639,0.040261566395100014,False,False
55 Cnc e,Eclipse,855,858,Patel et al. 2024,Patel et al. 2024,Near Infrared Camera (NIRCam),Near Infrared Camera (NIRCam),True,independent,True,28.0,28.0,0.0074780795389880915,0.0006638646319839295,14.05664557939141,27.0,0.9806956117310731,0.5206165029404226,-0.0023167152037668532,0.0025286784210307722,0.9819431559834048,0.5083564074125364,False,False
HD 189733 b,Transmission,38,261,Borsa et al. 2016,Sing et al. 2016,HARPS Echelle Spectrograph,Space Telescope Imaging Spectrograph,False,unknown,True,7.0,1.0,0.027915263003716106,0.005399286939082633,1.1175724336376256,6.0,0.9807602643626114,0.1862620722729376,0.06146177233793171,0.07964790685012707,0.991291699397404,0.10442006477077719,False,False
TOI-260 b,Transmission,1759,1762,Meech et al. 2026,Meech et al. 2026,Near Infrared Spectrograph (NIRSpec) - G395H,Near Infrared Spectrograph (NIRSpec) - G395H,True,unknown,True,106.0,106.0,-0.0012822775955419,0.0003475940566347266,77.04018200258405,105.0,0.9815253799983046,0.733716019072229,0.003698041266848566,0.0006265487975203273,0.999999989747658,0.4058052597741506,False,False
55 Cnc e,Eclipse,853,855,Patel et al. 2024,Patel et al. 2024,Near Infrared Camera (NIRCam),Near Infrared Camera (NIRCam),True,independent,True,30.0,30.0,0.0026946248660609153,0.0006379613594838223,15.379175308414183,29.0,0.9818294918688828,0.5303163899453167,0.002022231333533344,0.002415673467418043,0.9816329780340843,0.5242282014009693,False,False
L 98-59 b,Transmission,1623,1626,Zhou et al. 2022,Zhou et al. 2022,Wide Field Camera 3,Wide Field Camera 3,True,unknown,True,25.0,0.0,-0.003306744637536547,0.0008796469993772827,11.732841656311209,24.0,0.9827534426945385,0.48886840234630036,-0.0030294648806521735,0.006095757523069858,0.9776618934973108,0.49938492613768876,False,False
WASP-17 b,Transmission,1010,1011,Alderson et al. 2022,Alderson et al. 2022,Space Telescope Imaging Spectrograph,Space Telescope Imaging Spectrograph,True,unknown,True,14.0,0.0,0.024114216326571132,0.013148281475593285,4.579236560329541,13.0,0.9833271265646837,0.35224896617919543,-0.3535278298349792,0.2281160914540604,0.9990815255480557,0.181453723900341,False,False
WASP-12 b,Transmission,53,429,Stevenson et al. 2014,Mandell et al. 2013,Wide Field Camera 3,Wide Field Camera 3,True,unknown,True,10.0,0.0,0.05947885247765503,0.006542394481300304,2.4042124868964767,9.0,0.9833495033892897,0.2671347207662752,0.035316344483125324,0.050700690056849115,0.9833949076915659,0.2398761480570854,False,False
55 Cnc e,Eclipse,855,856,Patel et al. 2024,Patel et al. 2024,Near Infrared Camera (NIRCam),Near Infrared Camera (NIRCam),True,same_obs,True,28.0,28.0,0.006331854971795106,0.0006922725958731623,13.717749825511373,27.0,0.9838603763425198,0.5080648083522731,-0.004571083639942203,0.0026424737526494955,0.9963767314859858,0.4125141636358399,True,
GJ 1132 b,Transmission,1087,1092,Bennett et al. 2025,Bennett et al. 2025,Near Infrared Spectrograph (NIRSpec) - G395M,Near Infrared Spectrograph (NIRSpec),False,unknown,True,58.0,0.0,-0.0016649998886529855,0.0007910702471854876,36.567633885459145,57.0,0.9839048088773704,0.6415374365870026,-0.00022637730321464414,0.0014162357859094077,0.9795170597986737,0.6525372083204195,False,False
WASP-52 b,Transmission,1701,1702,Alam et al. 2018,Alam et al. 2018,Space Telescope Imaging Spectrograph,Space Telescope Imaging Spectrograph,True,unknown,True,36.0,0.0,0.084302355350602,0.008932783709187105,19.491582088898106,35.0,0.9841524806444706,0.5569023453970887,-0.1769157756714147,0.06180497813459579,0.999913248789984,0.3322872377197832,False,False
XO-2 N b,Transmission,217,451,Pearson et al. 2019,Zellem et al. 2015,GMOS,Mont4k CCD,False,unknown,True,3.0,2.0,0.007660671695140765,0.03004230744339571,0.030868976462584803,2.0,0.9846840130300614,0.015434488231292402,,,,,False,False
WASP-39 b,Transmission,76,171,JWST Transiting Exoplanet Community ERS Team 2022,JWST Transiting Exoplanet Community ERS Team 2022,Near Infrared Spectrograph (NIRSpec),Near Infrared Spectrograph (NIRSpec),True,unknown,True,94.0,3.0,0.009349695891980371,0.0020988350242019437,65.94530762942776,93.0,0.9848845970992666,0.7090893293486856,-0.02303892036171796,0.0035868479649464394,0.9999999999998275,0.26835048365774694,False,False
55 Cnc e,Eclipse,851,859,Patel et al. 2024,Patel et al. 2024,Near Infrared Camera (NIRCam),Near Infrared Camera (NIRCam),True,independent,True,30.0,30.0,0.0021904870488505253,0.0006802429120471926,15.013918588231867,29.0,0.9849062033119258,0.5177213306286851,-0.0024406582640108345,0.002407979682147312,0.9872834495533108,0.49952116104045824,False,False
WASP-17 b,Transmission,1010,1012,Alderson et al. 2022,Alderson et al. 2022,Space Telescope Imaging Spectrograph,Space Telescope Imaging Spectrograph,True,unknown,True,14.0,0.0,-0.02417206996686751,0.0130484285547082,4.42967659272242,13.0,0.9857034443765108,0.34074435328634,0.33486113637808995,0.22412835541807413,0.9990377973814619,0.183121858328437,False,False
KELT-9 b,Transmission,876,877,Egan et al. 2024,Egan et al. 2024,CUTE NUV Spectrograph,CUTE NUV Spectrograph,True,unknown,True,33.0,0.0,-0.3427086609504804,0.26897365152754793,17.037877185971727,32.0,0.9859072971269245,0.5324336620616165,3.612076576450241,11.90395107109381,0.9808768313765426,0.5466388492395772,False,False
L 98-59 b,Transmission,875,1626,Damiano et al. 2022,Zhou et al. 2022,Wide Field Camera 3,Wide Field Camera 3,True,unknown,True,17.0,0.0,0.00020667540116574523,0.0010602881106314731,6.174844067401699,16.0,0.986094360565573,0.38592775421260617,-0.0033458656565964313,0.007681656682077302,0.9799964979705497,0.39900844310631006,False,False
GJ 3090 b,Transmission,1549,1552,Ahrer et al. 2025,Ahrer et al. 2025,Near Infrared Imager and Slitless Spectrograph (NIRISS),Near Infrared Imager and Slitless Spectrograph (NIRISS),True,unknown,True,69.0,0.0,0.0016322441907163912,0.0008998062610040495,44.88671691135412,68.0,0.9863177947016193,0.6600987781081489,-0.0012180379461804041,0.0018827789919235224,0.9846730257299653,0.6637043346784053,False,False
L 168-9 b,Transmission,580,581,Bouwman et al. 2023,Bouwman et al. 2023,Mid-Infrared Instrument (MIRI) - LRS,Mid-Infrared Instrument (MIRI) - LRS,True,unknown,True,48.0,0.0,0.0009156343188007171,0.0012761425359176987,28.22286811551683,47.0,0.9863599887201556,0.6004865556492943,-0.000664717033788949,0.0008265298910249436,0.9857076167589518,0.5994801794834919,False,False
55 Cnc e,Eclipse,856,859,Patel et al. 2024,Patel et al. 2024,Near Infrared Camera (NIRCam),Near Infrared Camera (NIRCam),True,independent,True,28.0,28.0,-0.006946094892208587,0.0006732688646829773,13.401898631789699,27.0,0.9864387128395771,0.49636661599221105,0.00045011808950827124,0.0025305577016721758,0.9804012552423453,0.5142407615239836,False,False
HAT-P-26 b,Transmission,565,569,A-thano et al. 2023,A-thano et al. 2023,ULTRASPEC,ULTRASPEC,True,unknown,True,4.0,0.0,0.001083443665745293,0.0016380402243375823,0.13993651420604628,3.0,0.9866476923071921,0.04664550473534876,0.004514823076352691,0.015068183803218416,0.9752315794146964,0.02508031883866301,False,False
WASP-6 b,Transmission,575,1793,Panek et al. 2023,Carter et al. 2020,Wide Field Camera 3,Wide Field Camera 3,True,unknown,True,17.0,17.0,-0.0012679475504333904,0.007194961098087231,6.119597400295025,16.0,0.9867513335587322,0.3824748375184391,0.059828413827879505,0.05502272254602099,0.9926441775514792,0.3291525906732504,False,False
WASP-96 b,Transmission,985,1662,Nikolov et al. 2022,Yip et al. 2021,Wide Field Camera 3,Wide Field Camera 3,True,unknown,True,37.0,11.0,-0.018365046244548544,0.004448213917144192,19.80809388291987,36.0,0.9869066000045345,0.5502248300811075,-0.01146994113898978,0.0203986658553946,0.984150055610428,0.556912148562729,False,False
55 Cnc e,Eclipse,852,855,Patel et al. 2024,Patel et al. 2024,Near Infrared Camera (NIRCam),Near Infrared Camera (NIRCam),True,independent,True,28.0,28.0,0.0015797914375600853,0.000693846560678549,13.261978456621904,27.0,0.9874739912980813,0.49118438728229274,0.0013108510845273866,0.002649310627110517,0.9838196067170257,0.5006600694545974,False,False
TOI-199 b,Transmission,1717,1718,Bello-Arufe et al. 2026,Bello-Arufe et al. 2026,Near Infrared Spectrograph (NIRSpec) - G395M,Near Infrared Spectrograph (NIRSpec) - G395M,True,unknown,True,25.0,25.0,-0.006055078833273301,0.006676272705862263,11.1879473691682,24.0,0.9876072658066789,0.46616447371534164,0.004356775751269272,0.01216179053870597,0.9825719403403824,0.4808528368396651,False,False
WASP-12 b,Transmission,429,507,Mandell et al. 2013,Changeat et al. 2022,Wide Field Camera 3,Wide Field Camera 3,True,unknown,True,18.0,18.0,-0.03968234426454737,0.005562838754815945,6.630256061541888,17.0,0.9878503323868734,0.3900150624436405,-0.02808079945067977,0.0433320179546071,0.9856603965288643,0.38814391603635157,False,False
GJ 341 b,Transmission,997,999,Kirk et al. 2024,Kirk et al. 2024,Near Infrared Camera (NIRCam),Near Infrared Camera (NIRCam),True,unknown,True,54.0,54.0,0.00019411348566794942,0.00036920868313052133,32.452402719626065,53.0,0.988313695562013,0.6123094852759635,0.00045612647377214283,0.0012995346513880908,0.985296006304747,0.621715523529268,False,False
55 Cnc e,Eclipse,854,857,Patel et al. 2024,Patel et al. 2024,Near Infrared Camera (NIRCam),Near Infrared Camera (NIRCam),True,independent,True,28.0,28.0,-0.002685237488220725,0.0006347420061396978,13.123350102406107,27.0,0.9884384058688742,0.48605000379281876,-0.0012116869235955588,0.002492202538447179,0.9849584383290719,0.49565262411330074,False,False
WASP-6 b,Transmission,575,1792,Panek et al. 2023,Carter et al. 2020,Wide Field Camera 3,Wide Field Camera 3,True,unknown,True,17.0,17.0,0.006492366174406275,0.0072251661390786166,5.922751557276378,16.0,0.9889086565705293,0.3701719723297736,0.05601974024628784,0.05524872681140456,0.9929814414906498,0.3263097449776958,False,False
K2-18 b,Transmission,118,345,Benneke et al. 2019,Tsiaras et al. 2019,Wide Field Camera 3,Wide Field Camera 3,True,unknown,True,15.0,0.0,0.0013310572231259874,0.000876578013467957,4.74549307262088,14.0,0.9890488265914074,0.3389637909014914,-0.0015756967345211263,0.0068368724150855015,0.9813556673276634,0.36095203587560093,False,False
HD 209458 b,Transmission,502,574,Changeat et al. 2022,Panek et al. 2023,Wide Field Camera 3,Wide Field Camera 3,True,unknown,True,17.0,17.0,0.009426002729877715,0.0012159163130324687,5.902752136138423,16.0,0.9891123320168441,0.3689220085086514,0.013778537030587637,0.00880624831189786,0.9990473430353621,0.23031194351751427,False,False
XO-2 N b,Transmission,92,451,Pearson et al. 2019,Zellem et al. 2015,KOSMOS,Mont4k CCD,False,unknown,True,3.0,2.0,0.005492924481427516,0.021582046658101706,0.021737084556125483,2.0,0.9891903069328906,0.010868542278062741,,,,,False,False
TOI-270 d,Transmission,1056,1057,Felix et al. 2025,Felix et al. 2025,Near Infrared Imager and Slitless Spectrograph (NIRISS),Near Infrared Spectrograph (NIRSpec) - G395H,False,unknown,True,86.0,86.0,0.021518348336964324,0.006143458249941215,57.8986242896682,85.0,0.9892756427027085,0.6811602857608023,0.17705720826795524,0.2573968730136307,0.9882444059744734,0.683636315328049,False,False
WASP-43 b,Transmission,698,706,Bell et al. 2024,Bell et al. 2024,Mid-Infrared Instrument (MIRI),Mid-Infrared Instrument (MIRI),True,unknown,True,14.0,0.0,0.0033763102739396253,0.004381182282119351,4.11390555644529,13.0,0.9899182716663723,0.3164542735727146,-0.001780660437317031,0.0025918014311411817,0.9890666155331713,0.30349061084232626,False,False
55 Cnc e,Eclipse,851,857,Patel et al. 2024,Patel et al. 2024,Near Infrared Camera (NIRCam),Near Infrared Camera (NIRCam),True,independent,True,30.0,30.0,0.0019051038745465415,0.0006448421103113077,14.269144265154274,29.0,0.9899276087937829,0.4920394574191129,-0.0006426090321075903,0.0023518019686236194,0.9857503830150739,0.5069458410338105,False,False
L 98-59 b,Transmission,881,882,Damiano et al. 2022,Damiano et al. 2022,Wide Field Camera 3,Wide Field Camera 3,True,unknown,True,18.0,0.0,-0.0015279381274947116,0.0011281462674523006,6.346651547712376,17.0,0.9905371612140431,0.37333244398308096,0.0021035721133530966,0.007858762351122164,0.9848433210550658,0.3921876967183415,False,False
WASP-6 b,Transmission,575,1791,Panek et al. 2023,Carter et al. 2020,Wide Field Camera 3,Wide Field Camera 3,True,unknown,True,17.0,17.0,0.028716384707981806,0.007133847340234903,5.736023045538131,16.0,0.9907044029221773,0.3585014403461332,0.052453089727467546,0.05496988175480005,0.9935035905230267,0.32169977600908595,False,False
WASP-39 b,Transmission,687,688,Powell et al. 2024,Powell et al. 2024,Mid-Infrared Instrument (MIRI) - LRS,Mid-Infrared Instrument (MIRI) - LRS,True,unknown,True,26.0,0.0,0.00851202519579797,0.00552094578546326,11.344818947393438,25.0,0.9910983379514988,0.45379275789573753,-0.0034799234619414922,0.0040935497924461045,0.9914621314625895,0.4425895947237808,False,False
55 Cnc e,Eclipse,854,859,Patel et al. 2024,Patel et al. 2024,Near Infrared Camera (NIRCam),Near Infrared Camera (NIRCam),True,independent,True,28.0,28.0,-0.0020484055334615355,0.0006692806273362618,12.62775461048016,27.0,0.9914232441790022,0.4676946152029689,-0.002994574439569682,0.002505668120926359,0.9948577090680434,0.4307477868284818,False,False
GJ 341 b,Transmission,1002,1007,Kirk et al. 2024,Kirk et al. 2024,Near Infrared Camera (NIRCam),Near Infrared Camera (NIRCam),True,unknown,True,55.0,1.0,0.001882506941973882,0.0003624091333387135,32.369361533452675,54.0,0.9914337921664683,0.5994326209898644,5.536625101811625e-05,0.001230781427739053,0.9886612118312877,0.6107044889855241,False,False
WASP-103 b,Transmission,504,681,Changeat et al. 2022,Edwards et al. 2023,Wide Field Camera 3,Wide Field Camera 3,True,unknown,True,24.0,0.0,0.036819373593254996,0.003723071045951556,9.904350761342613,23.0,0.9918526100153583,0.430623946145331,0.011285959135170498,0.02740088521282474,0.9885547278840207,0.4424865066227673,False,False
WASP-43 b,Eclipse,697,702,Bell et al. 2024,Bell et al. 2024,Mid-Infrared Instrument (MIRI),Mid-Infrared Instrument (MIRI),True,unknown,True,14.0,0.0,0.0037974469720152386,0.0025030426965700777,3.9154073339835658,13.0,0.992058366044793,0.30118517953719737,0.002193523156030383,0.0016770134313378142,0.9990219155730669,0.1837132980032217,False,False
WASP-107 b,Transmission,771,901,Welbanks et al. 2024,Murphy et al. 2024,Near Infrared Camera (NIRCam),Near Infrared Camera (NIRCam),True,unknown,True,30.0,0.0,-0.007016629630927497,0.0012821125838297126,13.802451512919891,29.0,0.9923323301175342,0.47594660389378934,0.0029734905056376408,0.0031253461051701783,0.9933466979178982,0.46061669643918285,False,False
WASP-19 b,Transmission,65,919,Bean et al. 2013,Tumborang et al. 2024,MMIRS,Wide Field Camera 3,False,unknown,True,3.0,0.0,0.018402579812593807,0.016317963683593034,0.015082756184729677,2.0,0.9924869867512764,0.0075413780923648385,,,,,False,False
CoRoT-1 b,Transmission,579,658,Changeat et al. 2022,Edwards et al. 2023,Wide Field Camera 3,Wide Field Camera 3,True,unknown,True,17.0,0.0,-0.01797366929908038,0.01710938658956841,5.511953144058441,16.0,0.9925626046253627,0.34449707150365255,0.1324805256600012,0.1290445162285322,0.9958057386757861,0.2971994056089,False,False
55 Cnc e,Eclipse,709,858,Hu et al. 2024,Patel et al. 2024,Near Infrared Camera (NIRCam),Near Infrared Camera (NIRCam),True,same_obs,True,19.0,19.0,0.005462538301203569,0.0005009354096240169,6.614922617729368,18.0,0.9929916847485124,0.36749570098496487,0.003728112017666721,0.0019362609850928551,0.9999445040227215,0.1710404480836879,True,
LHS 475 b,Transmission,545,553,Lustig-Yaeger et al. 2023,Lustig-Yaeger et al. 2023,Near Infrared Spectrograph (NIRSpec) - G395H,Near Infrared Spectrograph (NIRSpec) - G395H,True,unknown,True,56.0,0.0,0.003746896868802549,0.0005344002251645056,32.57881835486358,55.0,0.9930512838165944,0.5923421519066105,-0.003617409541943532,0.0009254805680957276,0.999999538710706,0.3203892742453451,False,False
GJ 341 b,Transmission,1003,1004,Kirk et al. 2024,Kirk et al. 2024,Near Infrared Camera (NIRCam),Near Infrared Camera (NIRCam),True,unknown,True,55.0,1.0,0.0004686470753012891,0.0004237821683275073,31.809862570485276,54.0,0.9930633798193774,0.5890715290830607,0.0010584584228732858,0.0014137512101599916,0.9925008702511229,0.5896099811465705,False,False
HAT-P-32 b,Transmission,1675,1729,Damiano et al. 2017,Alam et al. 2020,Wide Field Camera 3,Wide Field Camera 3,True,unknown,True,17.0,1.0,-0.019354252379154353,0.0035401222477959324,5.413615875206926,16.0,0.9932833524364368,0.33835099220043285,0.0056097841135955345,0.02666692266572184,0.9885102030208435,0.3579574993643329,False,False
GJ 436 b,Eclipse,927,930,Mukherjee et al. 2025,Mukherjee et al. 2025,Near Infrared Camera (NIRCam),Near Infrared Camera (NIRCam),True,unknown,True,19.0,0.0,-0.0011714954219497163,0.0009405752716937957,6.516608858114632,18.0,0.9936088859844647,0.3620338254508129,-0.001601543918479107,0.0029286506272567336,0.9916005326024598,0.36573880629744515,False,False
WASP-43 b,Transmission,703,706,Bell et al. 2024,Bell et al. 2024,Mid-Infrared Instrument (MIRI),Mid-Infrared Instrument (MIRI),True,unknown,True,14.0,0.0,0.002633934174867724,0.004327661833004446,3.7401574299795075,13.0,0.9936543915935866,0.28770441769073135,-0.00212639364194123,0.0025514300488264077,0.9952135717481018,0.2537984224880677,False,False
L 98-59 b,Transmission,1621,1626,Zhou et al. 2022,Zhou et al. 2022,Wide Field Camera 3,Wide Field Camera 3,True,unknown,True,25.0,0.0,-0.00016688378273063445,0.0009311163826317416,10.152398515253106,24.0,0.9938895348720795,0.42301660480221276,0.0051239496102127805,0.006400052394598668,0.9939148789773942,0.41354005333994853,False,False
GJ 1132 b,Transmission,522,524,Libby-Roberts et al. 2022,Mugnai et al. 2021,WFC3,Wide Field Camera 3,False,unknown,True,22.0,0.0,-0.00022793450886339603,0.0009482531518228916,8.200292202467061,21.0,0.994235383832295,0.39049010487938385,-0.002450120270771364,0.007067825432319029,0.9913243011893215,0.4040060116594158,False,False
WASP-17 b,Transmission,548,549,Grant et al. 2023,Grant et al. 2023,Mid-Infrared Instrument (MIRI) - LRS,Mid-Infrared Instrument (MIRI) - LRS,True,unknown,True,28.0,0.0,-0.016969716188346123,0.004486741918154939,11.93952929903031,27.0,0.9945242670877535,0.44220478885297443,0.004915212200874055,0.003022899639819868,0.998927376406111,0.35752606254936903,False,False
WASP-76 b,Transmission,347,724,Edwards et al. 2020,Fu et al. 2021,Wide Field Camera 3,Wide Field Camera 3,True,unknown,True,23.0,0.0,0.04899952693551255,0.0022920893010435228,8.719280553515302,22.0,0.994673708742923,0.39633093425069554,0.024377358886940613,0.01619581875068525,0.9989915750018591,0.3073220339622758,False,False
WASP-76 b,Transmission,584,724,Changeat et al. 2022,Fu et al. 2021,Wide Field Camera 3,Wide Field Camera 3,True,unknown,True,23.0,0.0,0.048983081820609876,0.0022920736291177453,8.710950690858239,22.0,0.9947100009547245,0.39595230412991994,0.024348487635534453,0.01619174168848518,0.9989964627595398,0.30712655424320623,False,False
KELT-9 b,Transmission,877,879,Egan et al. 2024,Egan et al. 2024,CUTE NUV Spectrograph,CUTE NUV Spectrograph,True,unknown,True,8.0,0.0,0.0860087550339732,0.27308918729147813,1.0064878226085432,7.0,0.9947231988755441,0.14378397465836332,-2.477131568739286,13.808785156388028,0.9865675293743206,0.16238462274034157,False,False
TOI-1685 b,Transmission,1027,1572,Luque et al. 2025,Fisher et al. 2026,Near Infrared Spectrograph (NIRSpec) - G395H,Near Infrared Spectrograph (NIRSpec) - G395H,True,unknown,True,29.0,29.0,-0.0008897605143540756,0.0013210796904365774,12.52112642280194,28.0,0.9947951777725982,0.4471830865286407,-0.005671835998505629,0.003730354368202015,0.9985595499780119,0.37812381396198247,False,False
WASP-39 b,Transmission,73,638,Fischer et al. 2016,Jiang et al. 2023,Space Telescope Imaging Spectrograph,OSIRIS,False,unknown,True,25.0,5.0,0.018684402739148582,0.015837915409138457,9.925631827992097,24.0,0.9948466186489499,0.41356799283300405,-0.03892085151101218,0.20748322084610557,0.9919338275221699,0.43001928235223597,False,False
TOI-1685 b,Transmission,1029,1572,Luque et al. 2025,Fisher et al. 2026,Near Infrared Spectrograph (NIRSpec) - G395H,Near Infrared Spectrograph (NIRSpec) - G395H,True,unknown,True,29.0,29.0,0.0007086434035542324,0.0017902200877739929,12.423410040475924,28.0,0.9951265191054135,0.443693215731283,-0.00849275193730376,0.005312587600137449,0.9989382557047068,0.3654762352165622,False,False
KELT-9 b,Transmission,876,878,Egan et al. 2024,Egan et al. 2024,CUTE NUV Spectrograph,CUTE NUV Spectrograph,True,unknown,True,8.0,0.0,0.11384472720492275,0.3371968240683374,0.9788096722015277,7.0,0.9951631609508155,0.13982995317164681,-4.362823311105389,14.64175240119102,0.9894399715970105,0.14833712051704587,False,False
GJ 486 b,Transmission,127,225,Moran et al. 2023,Moran et al. 2023,Near Infrared Spectrograph (NIRSpec),Near Infrared Spectrograph (NIRSpec),True,unknown,True,45.0,0.0,0.006663182395184724,0.0003753481508732882,23.469172941137597,44.0,0.9952641702656426,0.5333902941167635,-0.00045754896274647066,0.0006509437369287633,0.9947160621658384,0.5343047258984245,False,False
HD 3167 c,Transmission,696,1039,Guilluy et al. 2021,Mikal-Evans et al. 2021,Wide Field Camera 3,Wide Field Camera 3,True,unknown,True,24.0,0.0,-0.007676773940346552,0.0004016410360585911,9.18113066992384,23.0,0.995308812791228,0.3991795943445148,-0.0006995645938959132,0.002935832027609783,0.9926581618264505,0.4147432250706924,False,False
WASP-63 b,Transmission,1063,1065,Kilpatrick et al. 2018,Kilpatrick et al. 2018,WFC3,WFC3,True,unknown,True,14.0,14.0,0.004272943770998402,0.0022446456641481275,3.5100153002219967,13.0,0.9953752501386852,0.2700011769401536,-0.00570234964115111,0.016558602249042806,0.9920928905810547,0.2826184958535608,False,False
GJ 1132 b,Transmission,1087,1093,Bennett et al. 2025,Bennett et al. 2025,Near Infrared Spectrograph (NIRSpec) - G395M,Near Infrared Spectrograph (NIRSpec),False,unknown,True,58.0,0.0,-0.0017948797468548426,0.0007808888181051498,32.98428916663977,57.0,0.9954942199576026,0.57867173976561,-0.0010584227396155134,0.0013985007730110094,0.9951542530985317,0.5787768303030729,False,False
TOI-776 c,Transmission,955,959,Teske et al. 2025,Teske et al. 2025,Near Infrared Spectrograph (NIRSpec),Near Infrared Spectrograph (NIRSpec),True,unknown,True,104.0,0.0,-0.0007867382124665904,0.0003938787230751838,69.33307680707284,103.0,0.9955636640067281,0.6731366680298334,-0.0016143155097498715,0.0007212045498053546,0.9986919247061393,0.6306158895703531,False,False
TOI-270 d,Transmission,1057,1580,Felix et al. 2025,Holmberg &amp; Madhusudhan 2024,Near Infrared Spectrograph (NIRSpec) - G395H,Near Infrared Spectrograph (NIRSpec) - G395H,True,unknown,True,34.0,0.0,-0.0023191755427832447,0.0005985310641039401,15.590548551743977,33.0,0.9956273345066219,0.47244086520436296,0.002032199857367995,0.000987460684313675,0.9997172618359516,0.3548487657739362,False,False
TOI-1685 b,Transmission,1029,1570,Luque et al. 2025,Fisher et al. 2026,Near Infrared Spectrograph (NIRSpec) - G395H,Near Infrared Spectrograph (NIRSpec) - G395H,True,unknown,True,29.0,29.0,0.0024972600398098536,0.0017629315160251574,12.263854798395968,28.0,0.9956308150689162,0.43799481422842745,-0.009878723010510654,0.005267748425383267,0.9996535764687695,0.32396382459970297,False,False
L 98-59 b,Transmission,873,875,Damiano et al. 2022,Damiano et al. 2022,Wide Field Camera 3,Wide Field Camera 3,True,unknown,True,18.0,0.0,0.0009662290850419931,0.0014966091388645794,5.561865120926014,17.0,0.9956788516133608,0.32716853652505967,0.002403017422529126,0.01039830152251928,0.9925891683250114,0.34427870294010265,False,False
55 Cnc e,Eclipse,855,859,Patel et al. 2024,Patel et al. 2024,Near Infrared Camera (NIRCam),Near Infrared Camera (NIRCam),True,independent,True,30.0,30.0,-0.0005624683603386469,0.000799161451893743,12.86665450368454,29.0,0.995778783532163,0.44367774150636347,-0.004835298015056082,0.0027965538385648376,0.9993792634471123,0.3527551331643397,False,False
TOI-260 b,Transmission,1759,1761,Meech et al. 2026,Meech et al. 2026,Near Infrared Spectrograph (NIRSpec) - G395H,Near Infrared Spectrograph (NIRSpec) - G395H,True,unknown,True,104.0,104.0,0.0001897193035724733,0.0003705442424743228,69.01518509761847,103.0,0.9959264931140709,0.6700503407535774,-0.002375820103499741,0.0006821846414353877,0.9999123131954366,0.5577081804123244,False,False
TOI-1685 b,Transmission,1028,1570,Luque et al. 2025,Fisher et al. 2026,Near Infrared Spectrograph (NIRSpec) - G395H,Near Infrared Spectrograph (NIRSpec) - G395H,True,unknown,True,29.0,29.0,0.001394727536823964,0.0014560595688744452,12.148440893174689,28.0,0.995968572265716,0.43387288904195315,-0.003047618458778454,0.004270025582744948,0.9955587884544994,0.4310755323324657,False,False
GJ 341 b,Transmission,1003,1006,Kirk et al. 2024,Kirk et al. 2024,Near Infrared Camera (NIRCam),Near Infrared Camera (NIRCam),True,unknown,True,55.0,1.0,0.002898845290228021,0.0004137138063998378,30.378413907090287,54.0,0.9961054037010758,0.562563220501672,0.00123664841493417,0.0013827545909847823,0.9961990989315308,0.5580863295734161,False,False
GJ 1132 b,Transmission,1083,1092,Bennett et al. 2025,Bennett et al. 2025,Near Infrared Spectrograph (NIRSpec) - G395M,Near Infrared Spectrograph (NIRSpec),False,unknown,True,64.0,0.0,-0.0036857033114452245,0.0007846608103131875,37.103498499383484,63.0,0.9961961357605063,0.5889444206251346,-0.0007217686048612242,0.001355128941191621,0.9954405977303122,0.5938679769359533,False,False
55 Cnc e,Eclipse,853,859,Patel et al. 2024,Patel et al. 2024,Near Infrared Camera (NIRCam),Near Infrared Camera (NIRCam),True,independent,True,30.0,30.0,0.0024016086394952254,0.0006562048429655062,12.683730982839968,29.0,0.99627522439589,0.4373700338910334,-0.0030649029264790146,0.0024484481962217764,0.9981468055210247,0.39702834718386715,False,False
51 Eri b,Direct Imaging,785,786,Samland et al. 2017,Samland et al. 2017,SPHERE - IFS,SPHERE - IFS,True,unknown,True,16.0,16.0,-2.718052019248377e-18,4.331674232779869e-18,4.364688700495737,15.0,0.9962755567407288,0.2909792466997158,-6.676440082132179e-17,4.738816055473148e-17,0.9997612897641835,0.1699811276062307,False,
WASP-39 b,Transmission,449,638,Sing et al. 2016,Jiang et al. 2023,Space Telescope Imaging Spectrograph,OSIRIS,False,unknown,True,25.0,14.0,0.00921379910149211,0.01947219900939964,9.488992592113265,24.0,0.9963523901099179,0.3953746913380527,0.18713274991207401,0.2702016103785896,0.9959258660768756,0.39171058185202506,False,False
WASP-107 b,Transmission,767,901,Welbanks et al. 2024,Murphy et al. 2024,Near Infrared Camera (NIRCam),Near Infrared Camera (NIRCam),True,unknown,True,30.0,0.0,-0.005924632295567552,0.0012738927787295513,12.566233750695197,29.0,0.9965681925548796,0.4333184051963861,0.0032107965834757093,0.0030774370727617685,0.997537392773826,0.40991738067765526,False,False
WASP-107 b,Transmission,353,678,Spake et al. 2018,Edwards et al. 2023,Wide Field Camera 3,Wide Field Camera 3,True,unknown,True,21.0,1.0,-0.01480417176750477,0.0016545836855972728,7.027847637740727,20.0,0.9965927291856501,0.35139238188703636,-0.00505958052167197,0.011129819850577243,0.9951075209130067,0.3590099676038334,False,False
TOI-270 d,Transmission,1057,1582,Felix et al. 2025,Holmberg &amp; Madhusudhan 2024,Near Infrared Spectrograph (NIRSpec) - G395H,Near Infrared Spectrograph (NIRSpec) - G395H,True,unknown,True,34.0,0.0,-0.0016668794361654276,0.0006241048264452097,15.180798732752397,33.0,0.9966052221257724,0.4600242040227999,0.0017521642939242184,0.0010334301516439746,0.9993378088735194,0.38456664739158103,False,False
WASP-18 b,Eclipse,60,615,Sheppard et al. 2017,Changeat et al. 2022,Infrared Array Camera (IRAC),Infrared Array Camera (IRAC),True,unknown,True,4.0,4.0,0.0019393104006475079,0.011283019837577716,0.05261407604251423,3.0,0.9968404368431446,0.017538025347504742,-0.001008712734298772,0.007295316613247075,0.9833915228841712,0.016747944252789238,False,False
WASP-18 b,Eclipse,59,60,Arcangeli et al. 2018,Sheppard et al. 2017,Infrared Array Camera (IRAC),Infrared Array Camera (IRAC),True,unknown,True,4.0,4.0,-0.0019393104006475079,0.011283019837577716,0.05261407604251423,3.0,0.9968404368431446,0.017538025347504742,0.001008712734298772,0.007295316613247075,0.9833915228841712,0.016747944252789238,False,False
HD 189733 b,Transmission,261,460,Sing et al. 2016,Pont et al. 2013,Space Telescope Imaging Spectrograph,Advanced Camera for Surveys,False,unknown,True,10.0,1.0,-0.00031545783270632246,0.0017749019445180846,1.5301540632373436,9.0,0.9969168254789228,0.17001711813748263,-0.00752713525715196,0.013925872103083145,0.9962521263777137,0.15474977255292055,False,False
KELT-7 b,Eclipse,513,601,Mansfield et al. 2021,Changeat et al. 2022,Wide Field Camera 3,Wide Field Camera 3,True,unknown,True,13.0,0.0,0.004654848890173903,0.0017143000470220353,2.761902729453876,12.0,0.997004274682823,0.230158560787823,-0.004808759072566533,0.012352978096221805,0.9949389413442602,0.23730584822132092,False,False
KELT-7 b,Eclipse,513,711,Mansfield et al. 2021,Pluriel et al. 2020,Wide Field Camera 3,Wide Field Camera 3,True,unknown,True,13.0,0.0,0.004665735398167021,0.001715784438945246,2.7460899190287287,12.0,0.997086583577588,0.22884082658572738,-0.004790799883570045,0.012358113172940976,0.9950628295472717,0.2359823884047266,False,False
WASP-6 b,Transmission,575,683,Panek et al. 2023,Edwards et al. 2023,Wide Field Camera 3,Wide Field Camera 3,True,unknown,True,17.0,17.0,0.019126476867778096,0.006700002236826592,4.677254445655449,16.0,0.9971390207311166,0.29232840285346556,0.0004577700434070615,0.05114682378391779,0.9945247570908522,0.3118116227377271,False,False
HAT-P-32 b,Transmission,1674,1729,Damiano et al. 2017,Alam et al. 2020,Wide Field Camera 3,Wide Field Camera 3,True,unknown,True,17.0,1.0,-0.019285770191885487,0.005196156335684569,4.650823737933687,16.0,0.9972345197560525,0.29067648362085546,0.019801404859630823,0.038356482095425526,0.9961802620725504,0.2922875432338759,False,False
WASP-39 b,Transmission,73,298,Fischer et al. 2016,Nikolov et al. 2016,Space Telescope Imaging Spectrograph,FORS2,False,unknown,True,27.0,1.0,0.02380477866125248,0.0073412875880975795,10.380377021925923,26.0,0.9972350411517615,0.39924527007407395,0.03160775337353592,0.0791801781460846,0.996014338376519,0.40884104801368437,False,False
HD 15337 c,Transmission,1765,1769,Wallack et al. 2026,Wallack et al. 2026,Near Infrared Spectrograph (NIRSpec) - G395H,Near Infrared Spectrograph (NIRSpec) - G395H,True,unknown,True,104.0,104.0,-0.001686660237099179,0.0004894088327092185,67.55795378056702,103.0,0.9972821992128641,0.6559024638890002,-0.002386514381111964,0.0008935267491661405,0.999651675656386,0.5923949423069473,False,False
WASP-121 b,Eclipse,123,611,Mikal-Evans et al. 2020,Changeat et al. 2022,Wide Field Camera 3,Wide Field Camera 3,True,unknown,True,23.0,0.0,0.0009086660219893714,0.00137337295051546,7.946860078892732,22.0,0.9972980793472341,0.3612209126769424,0.004628245467153948,0.010394050139784616,0.9961209345937746,0.36898034630431964,False,False
L 98-59 b,Transmission,873,1623,Damiano et al. 2022,Zhou et al. 2022,Wide Field Camera 3,Wide Field Camera 3,True,unknown,True,17.0,0.0,0.004189768093189418,0.0014234727641485648,4.622433902965333,16.0,0.9973343098987709,0.2889021189353333,0.001956569382356629,0.010142528640000889,0.9950937996743642,0.30568137446368465,False,False
WASP-43 b,Transmission,698,705,Bell et al. 2024,Bell et al. 2024,Mid-Infrared Instrument (MIRI),Mid-Infrared Instrument (MIRI),True,unknown,True,14.0,0.0,0.005623659695612627,0.004405190643120869,3.136627037536767,13.0,0.99739522681049,0.2412790028874436,-0.0012470343911778709,0.00278759015498809,0.995975943955821,0.2447085925028958,False,False
HD 209458 b,Transmission,574,1682,Panek et al. 2023,Tsiaras et al. 2016,Wide Field Camera 3,Wide Field Camera 3,True,unknown,True,16.0,16.0,-0.010314811582651916,0.0013170642715317094,4.0888874787437235,15.0,0.997431539831949,0.2725924985829149,-0.009611280253257016,0.009996419512260091,0.9987458217404114,0.22603275249200538,False,False
GJ 341 b,Transmission,1001,1005,Kirk et al. 2024,Kirk et al. 2024,Near Infrared Camera (NIRCam),Near Infrared Camera (NIRCam),True,unknown,True,55.0,1.0,0.0019044203572809366,0.0004771763491045145,29.325311734208327,54.0,0.9975449318006065,0.5430613284112653,0.0036922870118463917,0.0016170982947820158,0.9997816355032612,0.4549424059539189,False,False
WASP-43 b,Transmission,450,583,Kreidberg et al. 2014,Changeat et al. 2022,Wide Field Camera 3,Wide Field Camera 3,True,unknown,True,21.0,0.0,-0.005207539769440107,0.0014833940433272347,6.683980724299918,20.0,0.9976000672182056,0.3341990362149959,-0.007877244306604235,0.010931663784862076,0.9975072361022751,0.3244595374354546,False,False
WASP-17 b,Transmission,255,912,Sedaghati et al. 2016,Louie et al. 2025,FORS2,Near Infrared Imager and Slitless Spectrograph (NIRISS),False,unknown,True,29.0,0.0,0.010651777335474054,0.00376882446540113,11.407807374570986,28.0,0.9976667551789773,0.40742169194896377,-0.0385619197604806,0.0852421784013324,0.9967735797259207,0.4149318163139786,False,False
WASP-18 b,Eclipse,58,59,Nymeyer et al. 2010,Arcangeli et al. 2018,Infrared Array Camera (IRAC),Infrared Array Camera (IRAC),True,unknown,True,4.0,4.0,-0.0008352787466568835,0.014348909044671294,0.039295832869876236,3.0,0.9979524971436173,0.013098610956625413,1.1815969738943686e-05,0.008221744534926436,0.9805448585349236,0.019646883719218244,False,False
WASP-18 b,Eclipse,58,615,Nymeyer et al. 2010,Changeat et al. 2022,Infrared Array Camera (IRAC),Infrared Array Camera (IRAC),True,unknown,True,4.0,4.0,-0.0008352787466568835,0.014348909044671294,0.039295832869876236,3.0,0.9979524971436173,0.013098610956625413,1.1815969738943686e-05,0.008221744534926436,0.9805448585349236,0.019646883719218244,False,False
TOI-270 d,Transmission,1579,1582,Holmberg &amp; Madhusudhan 2024,Holmberg &amp; Madhusudhan 2024,Near Infrared Spectrograph (NIRSpec) - G395H,Near Infrared Spectrograph (NIRSpec) - G395H,True,unknown,True,34.0,0.0,-0.00012581048450257664,0.0006622186487227244,14.401737307755074,33.0,0.9979701881234555,0.43641628205318406,0.0027881619127626605,0.0011205243655879216,0.9999932772815734,0.2565710322880962,False,False
WASP-19 b,Eclipse,617,920,Changeat et al. 2022,Tumborang et al. 2024,Infrared Array Camera (IRAC),Infrared Array Camera (IRAC),True,unknown,True,4.0,4.0,0.005494247930480336,0.025337939765753565,0.03902258721407498,3.0,0.9979736503760448,0.013007529071358326,0.00045895730177253715,0.025391321705370073,0.9808380356982843,0.019347934272472014,False,False
WASP-19 b,Eclipse,287,920,Anderson et al. 2013,Tumborang et al. 2024,Infrared Array Camera (IRAC),Infrared Array Camera (IRAC),True,unknown,True,4.0,4.0,0.005494247930480336,0.025337939765753565,0.03902258721407498,3.0,0.9979736503760448,0.013007529071358326,0.00045895730177253715,0.025391321705370073,0.9808380356982843,0.019347934272472014,False,False
TOI-1685 b,Transmission,1028,1572,Luque et al. 2025,Fisher et al. 2026,Near Infrared Spectrograph (NIRSpec) - G395H,Near Infrared Spectrograph (NIRSpec) - G395H,True,unknown,True,29.0,29.0,-0.000384803723726295,0.0014779644984031564,11.155366873975154,28.0,0.998088333845452,0.39840595978482696,-0.0011230925772644357,0.004309242770294571,0.9970457897205552,0.41064599797737383,False,False
GJ 486 b,Eclipse,831,832,Weiner Mansfield et al. 2024,Weiner Mansfield et al. 2024,Mid-Infrared Instrument (MIRI),Mid-Infrared Instrument (MIRI),True,unknown,True,22.0,0.0,-0.0002732741386396953,0.000822252040008282,7.018401244621991,21.0,0.9981057967434613,0.3342095830772377,0.0007246800308635744,0.0005147654164456092,0.9997065048520662,0.25182685869238025,False,False
GJ 341 b,Transmission,998,1002,Kirk et al. 2024,Kirk et al. 2024,Near Infrared Camera (NIRCam),Near Infrared Camera (NIRCam),True,unknown,True,53.0,0.0,-0.0007744622579887077,0.0004378067760547617,27.31946371805546,52.0,0.998111005163073,0.5253743022702972,0.0019476771561946697,0.001543683046519748,0.9987896682015955,0.5044618979003934,False,False
WASP-39 b,Transmission,686,688,Powell et al. 2024,Powell et al. 2024,Mid-Infrared Instrument (MIRI) - LRS,Mid-Infrared Instrument (MIRI) - LRS,True,unknown,True,28.0,0.0,0.006959485006080959,0.00497063419295225,10.480151992504968,27.0,0.998184749386884,0.388153777500184,-0.004790607016123634,0.003432845129008213,0.9995028161846087,0.32817974991812515,False,False
WASP-107 b,Transmission,551,766,Dyrek et al. 2024,Welbanks et al. 2024,Mid-Infrared Instrument (MIRI) - LRS,Mid-Infrared Instrument (MIRI) - LRS,True,unknown,True,45.0,0.0,0.004053373966363664,0.0020638574708379495,21.54350642763655,44.0,0.9982459987177734,0.4896251460826489,7.28202407398479e-05,0.0013676657963729683,0.9974393648848993,0.5009458484924235,False,False
GJ 341 b,Transmission,999,1004,Kirk et al. 2024,Kirk et al. 2024,Near Infrared Camera (NIRCam),Near Infrared Camera (NIRCam),True,unknown,True,52.0,0.0,0.00043180565095024635,0.00045158649449579134,26.415796486069073,51.0,0.9982790881552233,0.5179567938444917,-0.002330447021152383,0.0015637545879817476,0.9992338376078927,0.4838966746797797,False,False
KELT-7 b,Transmission,1051,1052,Ahrer et al. 2025,Ahrer et al. 2025,Near Infrared Spectrograph (NIRSpec) - G395H,Near Infrared Spectrograph (NIRSpec) - G395H,True,unknown,True,60.0,0.0,-0.00023690665648204746,0.0004724731564813453,32.09565769132514,59.0,0.9983508605398902,0.5439941981580532,0.00025480220065036264,0.0008155221803528541,0.9978133086369174,0.551690320559383,False,False
WASP-121 b,Transmission,223,506,Evans et al. 2016,Changeat et al. 2022,Wide Field Camera 3,Wide Field Camera 3,True,unknown,True,25.0,0.0,0.000710915497023175,0.002310374848045289,8.353035311529158,24.0,0.9986882325499632,0.3480431379803816,-0.0011833813357814969,0.01626767027753657,0.997725860030366,0.36294537256376974,False,False
TOI-776 c,Transmission,957,959,Teske et al. 2025,Teske et al. 2025,Near Infrared Spectrograph (NIRSpec),Near Infrared Spectrograph (NIRSpec),True,unknown,True,106.0,0.0,-0.002048706453612946,0.00036212396009612733,66.6932653721624,105.0,0.9986931974904485,0.6351739559253562,0.002807545490322857,0.0006532476800138172,0.9999994303010726,0.4636725846086185,False,False
GJ 3090 b,Transmission,1549,1553,Ahrer et al. 2025,Ahrer et al. 2025,Near Infrared Imager and Slitless Spectrograph (NIRISS),Near Infrared Imager and Slitless Spectrograph (NIRISS),True,unknown,True,82.0,0.0,0.002933831566810719,0.0006070620131457616,47.887166860171774,81.0,0.9987419143663144,0.5911995908663182,0.00011389115783540338,0.0012732013819172854,0.9983395914926002,0.5984895636848427,False,False
WASP-39 b,Transmission,173,835,Alderson et al. 2023,Carter et al. 2024,Near Infrared Spectrograph (NIRSpec) - G395H,Near Infrared Spectrograph (NIRSpec),False,unknown,True,29.0,0.0,-0.020761737056956452,0.0017577354383450934,10.636789587464802,28.0,0.9987587952106864,0.3798853424094572,0.0062801122941509024,0.006719629303225127,0.9990359405662564,0.3616047126183542,False,False
WASP-39 b,Transmission,172,837,JWST Transiting Exoplanet Community ERS Team 2022,Carter et al. 2024,Near Infrared Spectrograph (NIRSpec),Near Infrared Spectrograph (NIRSpec),True,unknown,True,62.0,62.0,0.0149540356589616,0.0019309345829068472,32.90420239278806,61.0,0.9987709453105924,0.5394131539801321,-0.00454909123914211,0.0031583977969717185,0.999358384281615,0.5138281981099959,False,False
GJ 341 b,Transmission,996,1004,Kirk et al. 2024,Kirk et al. 2024,Near Infrared Camera (NIRCam),Near Infrared Camera (NIRCam),True,unknown,True,52.0,0.0,0.000768979425672114,0.0005778365984211192,25.69128222384366,51.0,0.9988124909609665,0.5037506318400717,-0.005609068695099153,0.002066421831628508,0.9999884065643745,0.3664677014680059,False,False
GJ 1132 b,Transmission,1091,1094,Bennett et al. 2025,Bennett et al. 2025,Near Infrared Spectrograph (NIRSpec) - G395M,Near Infrared Spectrograph (NIRSpec),False,unknown,True,64.0,0.0,-0.0018671201878563879,0.0007828713162007904,34.1059660776985,63.0,0.9989045857275228,0.5413645409158492,-0.0009504501584171941,0.0013134339272728227,0.9987982990992301,0.5416502374147817,False,False
GJ 1132 b,Transmission,1091,1093,Bennett et al. 2025,Bennett et al. 2025,Near Infrared Spectrograph (NIRSpec) - G395M,Near Infrared Spectrograph (NIRSpec),False,unknown,True,58.0,0.0,-5.748738106723717e-05,0.0008027892266939607,29.773805678271305,57.0,0.9989065415940451,0.5223474680398474,-0.0008389910380193835,0.0013973827901431282,0.998700855552837,0.5252379186893378,False,False
HD 219666 b,Transmission,975,976,Murphy et al. 2025,Murphy et al. 2025,Wide Field Camera 3,Wide Field Camera 3,True,unknown,True,15.0,0.0,-0.021515034741020324,0.0017881235014699437,3.0570475099432803,14.0,0.9989689244197594,0.21836053642452002,0.0016558908443396146,0.01436853995212573,0.9977719127590144,0.23413586808256653,False,False
55 Cnc e,Eclipse,859,860,Patel et al. 2024,Patel et al. 2024,Near Infrared Camera (NIRCam),Near Infrared Camera (NIRCam),True,same_obs,True,28.0,28.0,0.006003601810346778,0.000672226585491445,9.756707041649392,27.0,0.9990418644180824,0.36135952006108857,0.0010154373112626679,0.002516304926099587,0.9985862747027892,0.3689946179060104,True,
HAT-P-32 b,Transmission,500,1729,Changeat et al. 2022,Alam et al. 2020,Wide Field Camera 3,Wide Field Camera 3,True,unknown,True,18.0,0.0,-0.02361050272538286,0.003263706003723533,4.3735347710626575,17.0,0.99906177298099,0.25726675123897985,-0.0015931090277655545,0.023667318868962554,0.9981060014949305,0.2730627364666783,True,
GJ 1132 b,Transmission,558,1092,May et al. 2023,Bennett et al. 2025,Near Infrared Spectrograph (NIRSpec),Near Infrared Spectrograph (NIRSpec),True,unknown,True,59.0,0.0,0.000251760206106796,0.0007397949906541422,30.16758674985516,58.0,0.9990649740914971,0.5201308060319856,0.0011726603810777842,0.001259350542065051,0.9991350994408237,0.5140442558529611,True,
HIP 67522 b,Transmission,842,843,Thao et al. 2024,Thao et al. 2024,Near Infrared Spectrograph (NIRSpec),Near Infrared Spectrograph (NIRSpec),True,unknown,True,140.0,140.0,-0.004430063404212355,0.001889446020972806,92.83390590000124,139.0,0.9990708861913852,0.667869826618714,0.0007280543634865498,0.0033009363404539432,0.9988619383179053,0.6723569507769327,True,
WASP-39 b,Transmission,837,871,Carter et al. 2024,Rustamkulov et al. 2023,Near Infrared Spectrograph (NIRSpec),Near Infrared Spectrograph (NIRSpec) - PRISM,False,unknown,True,145.0,4.0,-0.01456392223305534,0.0007698364747110951,96.8866374632411,144.0,0.9990766204346749,0.6728238712725076,0.0029753709114246287,0.0006834568840585066,0.9999980866314662,0.544995959257205,True,
GJ 1132 b,Transmission,1081,1093,Bennett et al. 2025,Bennett et al. 2025,Near Infrared Spectrograph (NIRSpec) - G395H,Near Infrared Spectrograph (NIRSpec),False,unknown,True,56.0,1.0,0.001674191519134972,0.0007938257769667805,27.97677431826521,55.0,0.9990954016904909,0.5086686239684584,-0.002039479145515101,0.0014044788452303484,0.9995809117433883,0.4790390125435875,True,
HD 189733 b,Transmission,261,462,Sing et al. 2016,Pont et al. 2013,Space Telescope Imaging Spectrograph,Space Telescope Imaging Spectrograph,True,unknown,True,12.0,2.0,-0.00016072075483860747,0.0021592628871575296,1.7682195693477736,11.0,0.9991590615381326,0.16074723357707033,0.013167527641073385,0.028477978246717543,0.9987556086481376,0.15544281997398726,True,
HAT-P-41 b,Eclipse,512,645,Mansfield et al. 2021,Changeat et al. 2022,Wide Field Camera 3,Wide Field Camera 3,True,unknown,True,13.0,0.0,0.0034889393945226805,0.003223928624477936,2.138731497580706,12.0,0.9991617452604642,0.17822762479839216,0.0058168286902901606,0.025389261949985312,0.9981692131579378,0.18965836386891005,True,
GJ 341 b,Transmission,1003,1007,Kirk et al. 2024,Kirk et al. 2024,Near Infrared Camera (NIRCam),Near Infrared Camera (NIRCam),True,unknown,True,55.0,1.0,0.001769429569011364,0.00027806571594003217,27.038353387651632,54.0,0.999200823663233,0.5007102479194747,0.0015373429185060572,0.0009377722702118214,0.9997465563663323,0.4594502673897526,True,
GJ 1132 b,Transmission,558,1093,May et al. 2023,Bennett et al. 2025,Near Infrared Spectrograph (NIRSpec),Near Infrared Spectrograph (NIRSpec),True,unknown,True,54.0,0.0,0.00023763875708261047,0.0007491425237398959,26.295299096388415,53.0,0.999220595788633,0.4961377187997814,0.00013376249309773557,0.0013222858325567073,0.9988774039522343,0.5054820334975325,True,
WASP-127 b,Transmission,495,1652,Skaf et al. 2020,Spake et al. 2021,Wide Field Camera 3,Wide Field Camera 3,True,unknown,True,24.0,24.0,-0.0005230774632828313,0.0021447542407599385,7.288097360784297,23.0,0.999233930071002,0.3168737982949694,0.02363074452705884,0.01587934414396045,0.9999299916062347,0.23061481614805954,True,
TOI-270 d,Transmission,1578,1582,Holmberg &amp; Madhusudhan 2024,Holmberg &amp; Madhusudhan 2024,Near Infrared Spectrograph (NIRSpec) - G395H,Near Infrared Spectrograph (NIRSpec) - G395H,True,unknown,True,34.0,0.0,-6.790616361092782e-05,0.0006632746956286619,13.075299243867736,33.0,0.9992441491644763,0.3962211892081132,0.002715113327452422,0.0011240310514265353,0.9999985895719256,0.2262684012436666,True,
GJ 1132 b,Transmission,558,1094,May et al. 2023,Bennett et al. 2025,Near Infrared Spectrograph (NIRSpec),Near Infrared Spectrograph (NIRSpec),True,unknown,True,59.0,0.0,-0.0018461086186093321,0.0007376375795529696,29.46026759654794,58.0,0.9993447360702539,0.5079356482163437,0.0004418061224455287,0.001250987674912934,0.9991197460011765,0.5146586224683272,True,
L 168-9 b,Transmission,904,906,Alam et al. 2025,Alam et al. 2025,Near Infrared Spectrograph (NIRSpec),Near Infrared Spectrograph (NIRSpec) - G395H,False,unknown,True,53.0,53.0,-0.0008377157629383534,0.0005320461627070565,25.286740840642484,52.0,0.9993455209826494,0.4862834777046631,0.0021754682092080405,0.0010080707207311397,0.9999525853843728,0.40450109689552577,True,
WASP-6 b,Transmission,683,1793,Edwards et al. 2023,Carter et al. 2020,Wide Field Camera 3,Wide Field Camera 3,True,unknown,True,24.0,0.0,-0.019204598307443425,0.004485092368694623,7.1497667389961475,23.0,0.9993461804862963,0.3108594234346151,0.04789484128429546,0.03281870833795584,0.9999361845570005,0.22818126806140357,True,
55 Cnc e,Eclipse,709,857,Hu et al. 2024,Patel et al. 2024,Near Infrared Camera (NIRCam),Near Infrared Camera (NIRCam),True,same_obs,True,20.0,20.0,-0.0026123619060508477,0.0006850156465420083,5.072346563097818,19.0,0.9993682454950147,0.2669656085840957,0.00251302853182639,0.00262377155140509,0.9996877473136964,0.2308322345993461,True,
HD 106315 c,Transmission,695,1632,Guilluy et al. 2021,Kreidberg et al. 2022,Wide Field Camera 3,Wide Field Camera 3,True,unknown,True,20.0,0.0,-0.007033791325963114,0.0006636951980808545,5.066581174197772,19.0,0.9993734429227711,0.26666216706304063,-0.005038386701129678,0.004901406223727682,0.9997582650572612,0.2227725428472937,True,
HAT-P-12 b,Transmission,573,643,Panek et al. 2023,Wong et al. 2020,Wide Field Camera 3,Wide Field Camera 3,True,unknown,True,18.0,18.0,0.01953902775836916,0.003970715078090491,4.095525336500893,17.0,0.9993939004057121,0.24091325508828784,-0.020654788687920412,0.027106458703823395,0.9995188161254188,0.2196812531113433,True,
WASP-17 b,Transmission,576,1014,Panek et al. 2023,Alderson et al. 2022,Wide Field Camera 3,Wide Field Camera 3,True,unknown,True,17.0,17.0,0.0004397800197632505,0.003722898217513309,3.633630453114746,16.0,0.9994038791691698,0.22710190331967162,-0.03071512102939221,0.02696683918106563,0.9999178018576413,0.15575457624669029,True,
L 98-59 b,Transmission,873,1621,Damiano et al. 2022,Zhou et al. 2022,Wide Field Camera 3,Wide Field Camera 3,True,unknown,True,17.0,0.0,0.0014055118104056028,0.0014417273254604404,3.620566647329429,16.0,0.9994175157324506,0.2262854154580893,-0.0032677716617946326,0.010313026082102938,0.9989337365134976,0.23467781564310422,True,
WASP-18 b,Eclipse,58,60,Nymeyer et al. 2010,Sheppard et al. 2017,Infrared Array Camera (IRAC),Infrared Array Camera (IRAC),True,unknown,True,4.0,4.0,-0.0023571360119393242,0.01298835037298513,0.01672952274067143,3.0,0.9994273813161101,0.0055765075802238105,0.0007725505949335159,0.007798762238707124,0.99654771944764,0.0034582534235128555,False,False
TOI-270 d,Transmission,1578,1583,Holmberg &amp; Madhusudhan 2024,Holmberg &amp; Madhusudhan 2024,Near Infrared Spectrograph (NIRSpec) - G395H,Near Infrared Spectrograph (NIRSpec) - G395H,True,unknown,True,34.0,0.0,-2.9215183358583563e-05,0.0006622536615813073,12.653804010581839,33.0,0.9994659893316552,0.3834486063812678,0.0026182172414634156,0.0011205645976292192,0.9999986990444867,0.22482801405953462,True,
GJ 1132 b,Transmission,1091,1092,Bennett et al. 2025,Bennett et al. 2025,Near Infrared Spectrograph (NIRSpec) - G395M,Near Infrared Spectrograph (NIRSpec),False,unknown,True,64.0,0.0,0.00014312026165260746,0.0007868723750778436,32.56481499714232,63.0,0.9994720333177052,0.5169018253514654,-0.00037004471897993064,0.0013229470026313982,0.9992800273392825,0.5239770315232885,True,
GJ 3470 b,Transmission,189,434,Biddle et al. 2014,Fukui et al. 2013,,,False,unknown,True,3.0,3.0,0.026751287296594716,0.029136309023997196,0.000963915797498116,2.0,0.9995181582243028,0.000481957898749058,,,,,False,False
WASP-6 b,Transmission,683,1792,Edwards et al. 2023,Carter et al. 2020,Wide Field Camera 3,Wide Field Camera 3,True,unknown,True,24.0,0.0,-0.01118172505838981,0.00451353365273789,6.892722707213491,23.0,0.9995184744669757,0.29968359596580396,0.044893898903381455,0.032978499578763296,0.9999339770280098,0.2290710426927762,True,
HAT-P-12 b,Transmission,16,1669,Sing et al. 2016,Alexoudi et al. 2018,Space Telescope Imaging Spectrograph,Space Telescope Imaging Spectrograph,True,unknown,True,17.0,0.0,-0.0761475561832142,0.009019769028008962,3.485881261670974,16.0,0.9995439783930052,0.21786757885443586,0.07968392094966269,0.06471069573331865,0.9999732140530937,0.13130445877679936,True,
WASP-39 b,Transmission,76,871,JWST Transiting Exoplanet Community ERS Team 2022,Rustamkulov et al. 2023,Near Infrared Spectrograph (NIRSpec),Near Infrared Spectrograph (NIRSpec) - PRISM,False,unknown,True,103.0,103.0,0.012558591078927333,0.002118680583576128,61.14977539726167,102.0,0.999547755630776,0.5995076019339379,-0.022717495873230065,0.003908409942753184,0.999999999999983,0.27094085536496687,True,
TOI-270 d,Transmission,1057,1578,Felix et al. 2025,Holmberg &amp; Madhusudhan 2024,Near Infrared Spectrograph (NIRSpec) - G395H,Near Infrared Spectrograph (NIRSpec) - G395H,True,unknown,True,34.0,0.0,-0.0016176965861002498,0.0006243362132300032,12.45121769716295,33.0,0.9995509772260878,0.37730962718675604,-0.0008473573113800361,0.0010348062239274375,0.9995809442784913,0.3681466408485159,True,
GJ 1132 b,Transmission,560,1093,May et al. 2023,Bennett et al. 2025,Near Infrared Spectrograph (NIRSpec),Near Infrared Spectrograph (NIRSpec),True,unknown,True,54.0,0.0,0.001715326326871828,0.0007701028150879696,25.306421024075355,53.0,0.9995512847278923,0.477479641963686,-0.0003991659544348137,0.001359811602220536,0.9993694898744317,0.48500485254145376,True,
HAT-P-41 b,Transmission,498,1640,Changeat et al. 2022,Sheppard et al. 2021,Wide Field Camera 3,Wide Field Camera 3,True,unknown,True,24.0,0.0,0.019959940594300073,0.0029040904502174287,6.74298675088575,23.0,0.9995999684077156,0.2931733369950326,-0.010590908455330885,0.021536335079633914,0.9994353341821954,0.2955068047797579,True,
WASP-74 b,Eclipse,515,520,Mansfield et al. 2021,Fu et al. 2021,Wide Field Camera 3,Wide Field Camera 3,True,unknown,True,14.0,0.0,0.0002980184718200617,0.002048965196211256,2.209741704282279,13.0,0.9996043154844743,0.16998013109863683,-0.006731627517508199,0.014124045112724845,0.999432045469642,0.16521557345081958,True,
TOI-270 d,Transmission,1579,1580,Holmberg &amp; Madhusudhan 2024,Holmberg &amp; Madhusudhan 2024,Near Infrared Spectrograph (NIRSpec) - G395H,Near Infrared Spectrograph (NIRSpec) - G395H,True,unknown,True,34.0,0.0,-0.0008006010436301689,0.0006383499175778736,12.254896856103622,33.0,0.9996219680711717,0.37136051079101884,0.002978069018035632,0.0010786458566514352,0.9999999962624675,0.14475454471729907,True,
HD 219666 b,Transmission,974,976,Murphy et al. 2025,Murphy et al. 2025,Wide Field Camera 3,Wide Field Camera 3,True,unknown,True,15.0,0.0,0.0009602258849883112,0.0016746029269376298,2.56412936658549,14.0,0.9996281439234032,0.18315209761324927,-0.00039202404134590157,0.012547425143407807,0.9991066511406143,0.19716563211116994,True,
GJ 1132 b,Transmission,1089,1093,Bennett et al. 2025,Bennett et al. 2025,Near Infrared Spectrograph (NIRSpec) - G395H,Near Infrared Spectrograph (NIRSpec),False,unknown,True,56.0,1.0,0.004431872693907818,0.000775487108058981,26.332315789082966,55.0,0.9996298963477726,0.47876937798332664,-0.001169997952106532,0.001357772539161057,0.9996433476979182,0.4738848537390006,True,
WASP-43 b,Eclipse,697,707,Bell et al. 2024,Bell et al. 2024,Mid-Infrared Instrument (MIRI),Mid-Infrared Instrument (MIRI),True,unknown,True,14.0,0.0,0.0019040864876726175,0.0024944583421349312,2.179067238531168,13.0,0.9996339395412668,0.16762055681008986,0.001536940110232417,0.0017090887112395233,0.9999198182730838,0.11419769891697311,True,
55 Cnc e,Eclipse,857,858,Patel et al. 2024,Patel et al. 2024,Near Infrared Camera (NIRCam),Near Infrared Camera (NIRCam),True,same_obs,True,28.0,28.0,0.008353780741184449,0.0006123431155831024,8.785377019905678,27.0,0.9996388406664476,0.32538433407058065,0.0013868316448074902,0.002400666292851701,0.9995444171379778,0.32506368243226835,True,
WASP-94 A b,Transmission,1019,1022,Ahrer et al. 2025,Ahrer et al. 2025,Near Infrared Spectrograph (NIRSpec),Near Infrared Spectrograph (NIRSpec),True,unknown,True,56.0,0.0,-0.001686357737897534,0.0008200819618036585,26.25477627421963,55.0,0.9996460534495993,0.4773595686221751,0.0012739451363776777,0.001431912838348019,0.9996689113931446,0.4715415671418047,True,
HD 189733 b,Transmission,264,501,McCullough et al. 2014,Changeat et al. 2022,Wide Field Camera 3,Wide Field Camera 3,True,unknown,True,24.0,0.0,-0.0049123833247145116,0.0027967695417811735,6.6305896875845765,23.0,0.9996532232488761,0.28828650815585116,-0.02948079387891877,0.020058070894095694,0.9999771735305444,0.2031981604501274,True,
L 98-59 b,Transmission,873,1625,Damiano et al. 2022,Zhou et al. 2022,Wide Field Camera 3,Wide Field Camera 3,True,unknown,True,17.0,0.0,0.0032568483966664585,0.001510060381278125,3.333060193311028,16.0,0.9996595173845811,0.20831626208193926,-0.007459336053609713,0.010856822830655472,0.9997007659022354,0.19073351703416283,True,
GJ 341 b,Transmission,1000,1003,Kirk et al. 2024,Kirk et al. 2024,Near Infrared Camera (NIRCam),Near Infrared Camera (NIRCam),True,unknown,True,57.0,0.0,0.00015355746795338144,0.0003417109538901327,26.839301742305576,56.0,0.9996649910169012,0.47927324539831384,0.0004063126552652673,0.0011522765121444482,0.9995402597544842,0.4857265957846072,True,
GJ 1132 b,Transmission,1085,1094,Bennett et al. 2025,Bennett et al. 2025,Near Infrared Spectrograph (NIRSpec) - G395H,Near Infrared Spectrograph (NIRSpec),False,unknown,True,54.0,0.0,0.0002789203588489245,0.0007477098532569052,24.80243643754688,53.0,0.9996664117304007,0.46797049882163927,-0.00044799513622650525,0.0013153483170221904,0.9995357266212934,0.4747391259867788,True,
WASP-39 b,Transmission,171,172,JWST Transiting Exoplanet Community ERS Team 2022,JWST Transiting Exoplanet Community ERS Team 2022,Near Infrared Spectrograph (NIRSpec),Near Infrared Spectrograph (NIRSpec),True,unknown,True,60.0,60.0,-0.0021385293432698497,0.002111558569286209,28.85228624481203,59.0,0.9996726419946391,0.48902180075952595,0.00017748587664468993,0.003383945460676138,0.9995242362431875,0.4974057811423457,True,
GJ 341 b,Transmission,1002,1003,Kirk et al. 2024,Kirk et al. 2024,Near Infrared Camera (NIRCam),Near Infrared Camera (NIRCam),True,unknown,True,57.0,0.0,0.0001347087865823923,0.00032885797858659457,26.671469916991565,56.0,0.9996958519617622,0.4762762485177065,-0.001471390459920056,0.0011068584222796948,0.9998435606207763,0.4528059418035116,True,
HD 15337 c,Transmission,1765,1766,Wallack et al. 2026,Wallack et al. 2026,Near Infrared Spectrograph (NIRSpec) - G395H,Near Infrared Spectrograph (NIRSpec) - G395H,True,unknown,True,106.0,106.0,0.0017257381402293126,0.0005601432631089796,62.08484776881382,105.0,0.9997231194195478,0.5912842644648936,0.0019969253349384794,0.0010039519265267242,0.999920490985804,0.5589275903690476,True,
TOI-1685 b,Transmission,1028,1029,Luque et al. 2025,Luque et al. 2025,Near Infrared Spectrograph (NIRSpec) - G395H,Near Infrared Spectrograph (NIRSpec) - G395H,True,unknown,True,40.0,0.0,-0.0006329083471697172,0.001862281814139233,15.440535446019464,39.0,0.9997358748478619,0.3959111652825503,0.005950455450469017,0.005277901682684813,0.9998491405627769,0.3728800260590905,True,
GJ 341 b,Transmission,996,999,Kirk et al. 2024,Kirk et al. 2024,Near Infrared Camera (NIRCam),Near Infrared Camera (NIRCam),True,unknown,True,54.0,54.0,0.0002183235155279009,0.0004458313045427426,24.366485268323082,53.0,0.9997440981366558,0.45974500506269966,-0.0034706897902983588,0.0016139486185159457,0.9999857488909595,0.37965614220843896,True,
GJ 1132 b,Transmission,1085,1092,Bennett et al. 2025,Bennett et al. 2025,Near Infrared Spectrograph (NIRSpec) - G395H,Near Infrared Spectrograph (NIRSpec),False,unknown,True,54.0,0.0,0.002425492134961042,0.0007496849261823021,24.17587109123746,53.0,0.9997726993303312,0.4561485111554238,0.0002414373803366352,0.0013245422823697456,0.9996642292730027,0.46428163738994377,True,
GJ 341 b,Transmission,1005,1007,Kirk et al. 2024,Kirk et al. 2024,Near Infrared Camera (NIRCam),Near Infrared Camera (NIRCam),True,unknown,True,55.0,0.0,-9.768698755229779e-05,0.0004398396310582151,24.763245981914068,54.0,0.999783210092218,0.45857862929470494,-0.0010525041148452812,0.0014497255970573838,0.9997639748649167,0.4572861631188816,True,
L 98-59 b,Transmission,881,1625,Damiano et al. 2022,Zhou et al. 2022,Wide Field Camera 3,Wide Field Camera 3,True,unknown,True,17.0,0.0,0.001622309124864869,0.0014050027761501073,3.109484895491518,16.0,0.9997846506467083,0.19434280596821987,-0.003264340570607256,0.010293632682464473,0.9995903283613718,0.20059455574899998,True,
GJ 1132 b,Transmission,1085,1093,Bennett et al. 2025,Bennett et al. 2025,Near Infrared Spectrograph (NIRSpec) - G395H,Near Infrared Spectrograph (NIRSpec),False,unknown,True,54.0,0.0,0.002238874753129412,0.0007371445539906352,23.924259635089005,53.0,0.9998061003217756,0.4514011251903586,-0.0005115799220628744,0.0013020165729578234,0.9997331079093662,0.45711304993258034,True,
L 98-59 b,Transmission,873,1626,Damiano et al. 2022,Zhou et al. 2022,Wide Field Camera 3,Wide Field Camera 3,True,unknown,True,17.0,0.0,0.001352143669611081,0.0012368302036194975,3.0585019420758046,16.0,0.9998070884643583,0.1911563713797378,-0.0005576536038274345,0.008826249375157354,0.9995503570235922,0.20363400465229523,True,
WASP-6 b,Transmission,683,1791,Edwards et al. 2023,Carter et al. 2020,Wide Field Camera 3,Wide Field Camera 3,True,unknown,True,24.0,0.0,0.010693809774071868,0.004451495879432052,6.132760260322934,23.0,0.9998232295569592,0.2666417504488232,0.03417815238382698,0.03265638107063696,0.9999342252898428,0.22897226039780383,True,
TOI-776 c,Transmission,956,958,Teske et al. 2025,Teske et al. 2025,Near Infrared Spectrograph (NIRSpec),Near Infrared Spectrograph (NIRSpec),True,unknown,True,104.0,0.0,-0.0025003895520685684,0.00037883040816926025,59.2708523710877,103.0,0.9998304242611978,0.5754451686513369,0.0009030568044757556,0.0006920076827524129,0.9998839751343733,0.564390953308315,True,
55 Cnc e,Eclipse,709,859,Hu et al. 2024,Patel et al. 2024,Near Infrared Camera (NIRCam),Near Infrared Camera (NIRCam),True,independent,True,20.0,20.0,-0.002044831984922311,0.0007494162006197433,4.219029516120038,19.0,0.9998398760131959,0.2220541850589494,-0.0017096409613141716,0.0026950719748777474,0.9998312488375115,0.21203440064726847,True,
WASP-103 b,Eclipse,339,608,Cartier et al. 2017,Changeat et al. 2022,Wide Field Camera 3,Wide Field Camera 3,True,unknown,True,18.0,18.0,-0.005852527907218828,0.004259253769853104,3.365312793358428,17.0,0.9998427930301919,0.19795957607990755,-0.012059501589477349,0.030320842839369963,0.9997357065520334,0.2004452393884404,True,
L 168-9 b,Transmission,903,906,Alam et al. 2025,Alam et al. 2025,Near Infrared Spectrograph (NIRSpec),Near Infrared Spectrograph (NIRSpec) - G395H,False,unknown,True,53.0,53.0,0.0016777883071948832,0.0005307429004231028,22.93404266375488,52.0,0.9998441507526942,0.44103928199528614,0.0006385416547385777,0.0009707816099195824,0.9998199628738796,0.44120380355594974,True,
WASP-39 b,Transmission,75,171,JWST Transiting Exoplanet Community ERS Team 2022,JWST Transiting Exoplanet Community ERS Team 2022,Near Infrared Spectrograph (NIRSpec),Near Infrared Spectrograph (NIRSpec),True,unknown,True,92.0,8.0,-0.005814490274957997,0.0016411266770395962,49.97538660085924,91.0,0.999855272716874,0.5491800725369147,-0.0014220549694726778,0.00274588054923089,0.9998232420756858,0.5523019998273523,True,
TOI-270 d,Transmission,1578,1580,Holmberg &amp; Madhusudhan 2024,Holmberg &amp; Madhusudhan 2024,Near Infrared Spectrograph (NIRSpec) - G395H,Near Infrared Spectrograph (NIRSpec) - G395H,True,unknown,True,34.0,0.0,-0.0007436013783070445,0.0006394586260654744,11.227661477230072,33.0,0.9998569856548998,0.34023216597666883,0.00289711664003495,0.0010823374864213182,0.9999999994019341,0.1269631382078102,True,
HD 15337 c,Transmission,1765,1767,Wallack et al. 2026,Wallack et al. 2026,Near Infrared Spectrograph (NIRSpec) - G395H,Near Infrared Spectrograph (NIRSpec) - G395H,True,unknown,True,104.0,104.0,0.0013063352106169822,0.0005806709675562526,58.82735428366697,103.0,0.9998574869548003,0.5711393619773493,0.0002685516512553395,0.0010697008101836344,0.9998134832569069,0.5761208495061307,True,
TOI-776 c,Transmission,954,959,Teske et al. 2025,Teske et al. 2025,Near Infrared Spectrograph (NIRSpec),Near Infrared Spectrograph (NIRSpec),True,unknown,True,104.0,0.0,-0.0027020434448240763,0.00039063037281191875,58.74256303104161,103.0,0.9998621910705306,0.5703161459324428,7.24262344610132e-05,0.0007146179178796187,0.9998157887417164,0.5758067773649944,True,
GJ 3090 b,Transmission,1552,1553,Ahrer et al. 2025,Ahrer et al. 2025,Near Infrared Imager and Slitless Spectrograph (NIRISS),Near Infrared Imager and Slitless Spectrograph (NIRISS),True,unknown,True,69.0,0.0,0.0012763879713711195,0.0009050610746159246,33.408422038686155,68.0,0.9998668689600434,0.4913003240983258,0.001414359490364808,0.001890172561959844,0.9998571561221322,0.4902763282447892,True,
55 Cnc e,Eclipse,855,857,Patel et al. 2024,Patel et al. 2024,Near Infrared Camera (NIRCam),Near Infrared Camera (NIRCam),True,independent,True,30.0,30.0,-0.0009422966653924695,0.0007632306697993203,8.91860852890323,29.0,0.9998751617657594,0.3075382251345941,-0.0026501560460531572,0.0028018582752716075,0.999921274365675,0.2865701387811579,True,
WASP-52 b,Transmission,1690,1691,Bruno et al. 2018,Bruno et al. 2018,Wide Field Camera 3,Wide Field Camera 3,True,unknown,True,19.0,0.0,0.0879614166096683,0.004962376916544332,3.6009608075312602,18.0,0.9998900381373834,0.20005337819618113,-0.03775866155559922,0.03392323561450127,0.9999879345480742,0.13894435197433735,True,
TOI-270 d,Transmission,1578,1581,Holmberg &amp; Madhusudhan 2024,Holmberg &amp; Madhusudhan 2024,Near Infrared Spectrograph (NIRSpec) - G395H,Near Infrared Spectrograph (NIRSpec) - G395H,True,unknown,True,34.0,0.0,-0.0007485376846436434,0.0006387492787481923,10.969792913136457,33.0,0.9998902307592619,0.33241796706474114,0.0027604051576757115,0.0010797595471875086,0.9999999979624877,0.1385656641772934,True,
TOI-1685 b,Transmission,1571,1572,Fisher et al. 2026,Fisher et al. 2026,Near Infrared Spectrograph (NIRSpec) - G395H,Near Infrared Spectrograph (NIRSpec) - G395H,True,unknown,True,53.0,53.0,-0.0009711258706124484,0.0005741348873300453,22.272640111227332,52.0,0.9999005947543411,0.42832000213898713,0.0012020189935528247,0.00099529942588136,0.999945450130276,0.4081198201400217,True,
GJ 1132 b,Transmission,560,1094,May et al. 2023,Bennett et al. 2025,Near Infrared Spectrograph (NIRSpec),Near Infrared Spectrograph (NIRSpec),True,unknown,True,60.0,0.0,-0.00022022474603668776,0.0007566629002792999,26.777727311541664,59.0,0.9999035053516426,0.4538597849413841,-0.0003634557096884457,0.0012804897520080055,0.9998614452566864,0.4602958879589528,True,
L 98-59 b,Transmission,880,1624,Damiano et al. 2022,Zhou et al. 2022,Wide Field Camera 3,Wide Field Camera 3,True,unknown,True,17.0,0.0,-0.00046420211277130216,0.0012496518776774423,2.7561350867886487,16.0,0.9999042789584726,0.17225844292429054,-0.002134939112480558,0.008819006712816484,0.9997934166495198,0.17983536637164074,True,
GJ 341 b,Transmission,999,1007,Kirk et al. 2024,Kirk et al. 2024,Near Infrared Camera (NIRCam),Near Infrared Camera (NIRCam),True,unknown,True,52.0,0.0,0.00168838176906149,0.0003075577394394349,21.480552661042132,51.0,0.9999109589975721,0.4211873070792575,-0.0018292171894193254,0.0010857371920468786,0.9999846489544592,0.37284207027758043,True,
55 Cnc e,Eclipse,851,855,Patel et al. 2024,Patel et al. 2024,Near Infrared Camera (NIRCam),Near Infrared Camera (NIRCam),True,independent,True,30.0,30.0,0.0026152026175060125,0.0006461656007856311,8.583046546912277,29.0,0.9999165301363254,0.29596712230731986,0.0023268191790569693,0.002379442452555616,0.9999536206714078,0.27238532279964794,True,
TOI-1685 b,Transmission,1024,1026,Luque et al. 2025,Luque et al. 2025,Near Infrared Spectrograph (NIRSpec) - G395H,Near Infrared Spectrograph (NIRSpec) - G395H,True,unknown,True,26.0,0.0,0.000627755801512063,0.001118652881045381,6.529472983187306,25.0,0.9999224541241036,0.26117891932749226,-0.003189123322881098,0.0046699324639973535,0.9999213406980832,0.2526297016413855,True,
GJ 1132 b,Transmission,560,1092,May et al. 2023,Bennett et al. 2025,Near Infrared Spectrograph (NIRSpec),Near Infrared Spectrograph (NIRSpec),True,unknown,True,60.0,0.0,0.0018736253839880337,0.0007586739891560606,26.378153832674002,59.0,0.9999251876017885,0.44708735309616954,0.0003690019292790509,0.0012885732066637197,0.9998920371602992,0.4533818805044094,True,
L 98-59 b,Transmission,921,922,Bello-Arufe et al. 2025,Bello-Arufe et al. 2025,Near Infrared Spectrograph (NIRSpec),Near Infrared Spectrograph (NIRSpec),True,unknown,True,74.0,0.0,-0.0019655619671407982,0.0003685399210333189,35.688176438784026,73.0,0.9999293497898297,0.4888791292984113,0.0006018241768496015,0.0006415725555218098,0.9999365417745097,0.48344787900856445,True,
L 98-59 b,Transmission,882,1626,Damiano et al. 2022,Zhou et al. 2022,Wide Field Camera 3,Wide Field Camera 3,True,unknown,True,17.0,0.0,0.0012193638269257978,0.0006498108673419052,2.6176875872108964,16.0,0.9999326667763673,0.16360547420068103,-0.0002539894889340318,0.0046331073314084086,0.9998305369103999,0.17431215297226096,True,
GJ 1132 b,Transmission,556,1092,May et al. 2023,Bennett et al. 2025,Near Infrared Spectrograph (NIRSpec),Near Infrared Spectrograph (NIRSpec),True,unknown,True,60.0,0.0,0.0029629406644734145,0.0007373397608875858,26.210551998955367,59.0,0.9999328950917743,0.44424664405009096,-0.00011526267410264117,0.0012470992079443846,0.999898275723741,0.4517587877245499,True,
TOI-1685 b,Transmission,1025,1026,Luque et al. 2025,Luque et al. 2025,Near Infrared Spectrograph (NIRSpec) - G395H,Near Infrared Spectrograph (NIRSpec) - G395H,True,unknown,True,26.0,0.0,0.0010806166268344458,0.0011863794019614828,6.410653268220521,25.0,0.9999349460098464,0.25642613072882087,-0.0005698525909784604,0.004944745557268547,0.9998712334172145,0.26655716971320675,True,
GJ 1132 b,Transmission,556,1093,May et al. 2023,Bennett et al. 2025,Near Infrared Spectrograph (NIRSpec),Near Infrared Spectrograph (NIRSpec),True,unknown,True,54.0,0.0,0.002853437024695121,0.0007486655337308957,22.290146118099734,53.0,0.999935799236798,0.42056879468112707,-0.001045288364241159,0.0013151083966020073,0.9999358419801802,0.4165075091099105,True,
TOI-270 d,Transmission,1056,1579,Felix et al. 2025,Holmberg &amp; Madhusudhan 2024,Near Infrared Imager and Slitless Spectrograph (NIRISS),Near Infrared Spectrograph (NIRSpec) - G395H,False,unknown,True,86.0,86.0,0.026171834265936864,0.006880509969819419,43.84808640598396,85.0,0.9999368871535202,0.5158598400703995,0.10413730428586546,0.3041062370253597,0.9999158005563209,0.5206050373102379,True,
TOI-270 d,Transmission,1056,1583,Felix et al. 2025,Holmberg &amp; Madhusudhan 2024,Near Infrared Imager and Slitless Spectrograph (NIRISS),Near Infrared Spectrograph (NIRSpec) - G395H,False,unknown,True,86.0,86.0,0.023146023559920337,0.006849139869149204,43.82609981285144,85.0,0.9999375647206641,0.5156011742688404,0.10456993184087236,0.30249214480036607,0.9999167791372431,0.5203166069748906,True,
LTT 3780 c,Transmission,1574,1575,Rigby et al. 2025,Rigby et al. 2025,Mid-Infrared Instrument (MIRI),Mid-Infrared Instrument (MIRI),True,unknown,True,29.0,0.0,-0.004023468430123471,0.002830871542226805,7.725313425693401,28.0,0.9999469370193961,0.2759040509176215,0.0003623370449941629,0.0021186028016155966,0.9999007586813591,0.2850393848361953,True,
WASP-6 b,Transmission,1786,1787,Carter et al. 2020,Carter et al. 2020,Space Telescope Imaging Spectrograph,Space Telescope Imaging Spectrograph,True,unknown,True,7.0,0.0,-0.013356442573012908,0.013600650025795077,0.1319086397361911,6.0,0.999954487431873,0.021984773289365184,0.028454680782564603,0.24639494557847166,0.9997531412832513,0.023714415804806654,False,False
TOI-270 d,Transmission,1056,1581,Felix et al. 2025,Holmberg &amp; Madhusudhan 2024,Near Infrared Imager and Slitless Spectrograph (NIRISS),Near Infrared Spectrograph (NIRSpec) - G395H,False,unknown,True,86.0,86.0,0.022845248611588355,0.006620837174310399,43.18727276038976,85.0,0.9999545832785888,0.5080855618869383,0.1213740045357167,0.28928956399137284,0.9999408231597585,0.5120386084439901,True,
GJ 1132 b,Transmission,556,1094,May et al. 2023,Bennett et al. 2025,Near Infrared Spectrograph (NIRSpec),Near Infrared Spectrograph (NIRSpec),True,unknown,True,60.0,0.0,0.0008790577247231465,0.0007347784071943351,25.564350287724213,59.0,0.999956368391331,0.43329407267329173,-0.0008087351322640722,0.001238472558845188,0.9999494391034595,0.4334125526193863,True,
WASP-39 b,Transmission,172,871,JWST Transiting Exoplanet Community ERS Team 2022,Rustamkulov et al. 2023,Near Infrared Spectrograph (NIRSpec),Near Infrared Spectrograph (NIRSpec) - PRISM,False,unknown,True,62.0,62.0,0.005393459088491694,0.0021947600999965046,26.832887779230237,61.0,0.9999570341442421,0.43988340621688915,0.0015304191534393928,0.0034076928104171977,0.9999422976530606,0.4438531760157659,True,
L 98-59 b,Transmission,874,1622,Damiano et al. 2022,Zhou et al. 2022,Wide Field Camera 3,Wide Field Camera 3,True,unknown,True,17.0,0.0,0.00024219836267609714,0.0013714462193953208,2.4366024432375344,16.0,0.9999589248025674,0.1522876527023459,0.0033040251542779233,0.009512225654454011,0.9999223419838551,0.15439692075805558,True,
TOI-260 b,Transmission,1763,1764,Meech et al. 2026,Meech et al. 2026,Near Infrared Spectrograph (NIRSpec) - G395H,Near Infrared Spectrograph (NIRSpec) - G395H,True,unknown,True,106.0,106.0,0.0013712662068405,0.00037564156723656264,56.923438451436404,105.0,0.9999652619870711,0.5421279852517753,-0.002881223961680302,0.0006852642031663619,0.9999999990161872,0.3773581006005951,True,
GJ 1132 b,Transmission,1089,1092,Bennett et al. 2025,Bennett et al. 2025,Near Infrared Spectrograph (NIRSpec) - G395H,Near Infrared Spectrograph (NIRSpec),False,unknown,True,62.0,1.0,0.004451990438415171,0.0007633352692143546,26.449948718878804,61.0,0.9999667643874933,0.43360571670293124,-3.85656635922673e-05,0.0012880111896502976,0.9999488022289468,0.4408175365666895,True,
TOI-260 b,Transmission,1761,1764,Meech et al. 2026,Meech et al. 2026,Near Infrared Spectrograph (NIRSpec) - G395H,Near Infrared Spectrograph (NIRSpec) - G395H,True,unknown,True,106.0,106.0,-0.0011449439947798213,0.00037792310325420223,56.56769347056791,105.0,0.9999703337195359,0.5387399378149325,0.003058739667895967,0.0006908310553282008,0.9999999998676755,0.35542159134352097,True,
WASP-6 b,Transmission,1785,1787,Carter et al. 2020,Carter et al. 2020,Space Telescope Imaging Spectrograph,Space Telescope Imaging Spectrograph,True,unknown,True,7.0,0.0,-0.043319106698434764,0.013212016504846295,0.1130673883338749,6.0,0.9999711342564559,0.018844564722312485,0.04282499956737193,0.23459499918748838,0.9999071605670141,0.015948676002082558,False,False
GJ 341 b,Transmission,1004,1007,Kirk et al. 2024,Kirk et al. 2024,Near Infrared Camera (NIRCam),Near Infrared Camera (NIRCam),True,unknown,True,55.0,0.0,0.0013178440944789688,0.00044695801306054013,21.740542822311127,54.0,0.9999731722659012,0.4026026448576135,0.0005029363859262715,0.0014606237941520292,0.9999607213360673,0.4079618824550758,True,
L 98-59 b,Transmission,873,881,Damiano et al. 2022,Damiano et al. 2022,Wide Field Camera 3,Wide Field Camera 3,True,unknown,True,18.0,0.0,0.0016011803546435051,0.0015461574228741667,2.585835247922162,17.0,0.9999764062443203,0.15210795576012717,-0.004110584672452311,0.010686947773127242,0.9999587740418182,0.15236815048440178,True,
TOI-5205 b,Transmission,1599,1602,Ca&ntilde;as et al. 2026,Ca&ntilde;as et al. 2026,Near Infrared Spectrograph (NIRSpec) - PRISM,Near Infrared Spectrograph (NIRSpec) - PRISM,True,unknown,True,469.0,1.0,-0.015726814007788026,0.001732497830122261,353.6820869270058,468.0,0.9999765926629711,0.7557309549722346,-0.009227503940563974,0.0017928356229110682,0.9999998389725346,0.7006247256905139,True,
GJ 3090 b,Transmission,1550,1551,Ahrer et al. 2025,Ahrer et al. 2025,Near Infrared Spectrograph (NIRSpec) - G395H,Near Infrared Spectrograph (NIRSpec) - G395H,True,unknown,True,55.0,0.0,-0.0030851119285309637,0.0008783466577318702,21.456707047376067,54.0,0.9999784844802119,0.3973464268032605,0.0021909253980253417,0.0014890761205282712,0.9999942430932693,0.36399790738614934,True,
HAT-P-32 b,Transmission,500,1675,Changeat et al. 2022,Damiano et al. 2017,Wide Field Camera 3,Wide Field Camera 3,True,unknown,True,19.0,0.0,-0.0020599173408349216,0.003498250876849427,2.8746299775964945,18.0,0.9999800323526454,0.15970166542202746,0.007159600471585761,0.025347492659120237,0.9999583392698518,0.16440279363015536,True,
GJ 3090 b,Transmission,1548,1552,Ahrer et al. 2025,Ahrer et al. 2025,Near Infrared Imager and Slitless Spectrograph (NIRISS),Near Infrared Imager and Slitless Spectrograph (NIRISS),True,unknown,True,70.0,0.0,0.003271218653088034,0.0012688100277979844,30.797266255885763,69.0,0.9999809159222448,0.4463371921142864,0.0004945028896032971,0.0024288664116139695,0.999971784305441,0.45229140728276085,True,
WASP-39 b,Transmission,173,836,Alderson et al. 2023,Carter et al. 2024,Near Infrared Spectrograph (NIRSpec) - G395H,Near Infrared Spectrograph (NIRSpec),False,unknown,True,29.0,0.0,-0.006402747110713927,0.002240677870599759,6.969092760974019,28.0,0.9999822650412954,0.2488961700347864,0.006390315355562858,0.006203079640971015,0.999993672375943,0.2188078902417788,True,
HD 209458 b,Transmission,502,1682,Changeat et al. 2022,Tsiaras et al. 2016,Wide Field Camera 3,Wide Field Camera 3,True,unknown,True,23.0,0.0,-0.0008143464101521132,0.0011372888286005853,4.335469342934387,22.0,0.9999826825148966,0.19706678831519941,0.006286470885943691,0.008464929111247839,0.9999877763834432,0.1801877071538326,True,
GJ 1132 b,Transmission,1081,1094,Bennett et al. 2025,Bennett et al. 2025,Near Infrared Spectrograph (NIRSpec) - G395H,Near Infrared Spectrograph (NIRSpec),False,unknown,True,62.0,1.0,-0.00023884809064335437,0.0007788816923424587,25.181319078757028,61.0,0.9999864447217561,0.4128085094878201,-0.0014675176633901302,0.0013207305583334602,0.9999914894590495,0.3991114185017098,True,
55 Cnc e,Eclipse,853,857,Patel et al. 2024,Patel et al. 2024,Near Infrared Camera (NIRCam),Near Infrared Camera (NIRCam),True,independent,True,30.0,30.0,0.002012758672095904,0.0006156229992053604,7.227776427118542,29.0,0.9999871369879523,0.2492336699006394,-0.0010992338001091252,0.00232552884030714,0.9999812719778186,0.25015531768383,True,
WASP-39 b,Transmission,171,871,JWST Transiting Exoplanet Community ERS Team 2022,Rustamkulov et al. 2023,Near Infrared Spectrograph (NIRSpec),Near Infrared Spectrograph (NIRSpec) - PRISM,False,unknown,True,94.0,39.0,0.0018490265376705545,0.0017165745148404936,45.966405141700804,93.0,0.9999893144088693,0.49426242087850325,0.001200033648464832,0.0027823947440597115,0.9999860425127683,0.49761292984122496,True,
GJ 341 b,Transmission,1000,1004,Kirk et al. 2024,Kirk et al. 2024,Near Infrared Camera (NIRCam),Near Infrared Camera (NIRCam),True,unknown,True,55.0,1.0,0.0006021161512338736,0.0004930208216862426,20.529349870769007,54.0,0.9999898795758349,0.3801731457549816,0.0013730778914938417,0.0016571004502422347,0.9999906460281666,0.3743918387183169,True,
WASP-107 b,Transmission,126,678,Kreidberg et al. 2018,Edwards et al. 2023,Wide Field Camera 3,Wide Field Camera 3,True,unknown,True,20.0,1.0,-0.007040416148804525,0.001699465912722524,2.9552351231405827,19.0,0.9999904568780303,0.1555386906916096,0.001891586747255937,0.01166605473946065,0.9999769309781688,0.1627191266955591,True,
55 Cnc e,Eclipse,857,860,Patel et al. 2024,Patel et al. 2024,Near Infrared Camera (NIRCam),Near Infrared Camera (NIRCam),True,independent,True,28.0,28.0,0.006462804458071815,0.0006374203493604696,6.136967266670942,27.0,0.9999904772878904,0.2272950839507756,-0.0007023101806573392,0.002495971659921842,0.9999821838344752,0.23299207647491624,True,
GJ 341 b,Transmission,1006,1007,Kirk et al. 2024,Kirk et al. 2024,Near Infrared Camera (NIRCam),Near Infrared Camera (NIRCam),True,unknown,True,55.0,0.0,-0.0011271954817274395,0.0004371740198295355,20.431457073763262,54.0,0.999990683012894,0.3783603161808011,0.0005298879436137495,0.0014283429285212171,0.9999862899893687,0.3829024574789966,True,
55 Cnc e,Eclipse,857,859,Patel et al. 2024,Patel et al. 2024,Near Infrared Camera (NIRCam),Near Infrared Camera (NIRCam),True,independent,True,30.0,30.0,0.00042630296672202533,0.000758042336711598,6.974568262717904,29.0,0.9999913831314582,0.24050235388682428,-0.0025044202677908622,0.002784223969516411,0.9999953858650674,0.2201950367759176,True,
TOI-1685 b,Transmission,1570,1572,Fisher et al. 2026,Fisher et al. 2026,Near Infrared Spectrograph (NIRSpec) - G395H,Near Infrared Spectrograph (NIRSpec) - G395H,True,unknown,True,53.0,53.0,-0.0011368452713557194,0.0005792767507612199,18.980388664212082,52.0,0.9999926563306121,0.36500747431177083,-0.0008794628847481323,0.0010246411561086386,0.9999936356445808,0.3577193599512344,True,
HD 15337 c,Transmission,1767,1770,Wallack et al. 2026,Wallack et al. 2026,Near Infrared Spectrograph (NIRSpec) - G395H,Near Infrared Spectrograph (NIRSpec) - G395H,True,unknown,True,106.0,106.0,-0.0016350520222954005,0.0005830507013689406,53.44497397639922,105.0,0.9999932193783294,0.508999752156183,-0.0015652789164779502,0.001067825363818871,0.9999967917536501,0.49323306001818923,True,
GJ 1132 b,Transmission,1081,1092,Bennett et al. 2025,Bennett et al. 2025,Near Infrared Spectrograph (NIRSpec) - G395H,Near Infrared Spectrograph (NIRSpec),False,unknown,True,62.0,1.0,0.0017525427439172602,0.000779445953132175,24.105852390874773,61.0,0.9999940298303855,0.39517790804712744,-0.0008052512295812525,0.001325385479970643,0.9999927797618378,0.3956120535363592,True,
LTT 1445 A b,Eclipse,982,983,Wachiraphan et al. 2025,Wachiraphan et al. 2025,Mid-Infrared Instrument (MIRI),Mid-Infrared Instrument (MIRI),True,unknown,True,19.0,0.0,3.350041689329358e-05,0.0007674439376032294,2.4417931672751627,18.0,0.9999944289103837,0.13565517595973126,0.00025404775514822713,0.0005074149009502164,0.9999931285905485,0.12888953258510383,True,
WASP-107 b,Transmission,768,774,Welbanks et al. 2024,Welbanks et al. 2024,Near Infrared Camera (NIRCam),Near Infrared Camera (NIRCam),True,unknown,True,71.0,0.0,-0.0010679534520619555,0.0020111371624154596,29.47815524080484,70.0,0.9999949334647712,0.4211165034400691,0.0051436560873990515,0.006904954390282516,0.999994650244375,0.419177473427759,True,
WASP-94 A b,Transmission,1021,1022,Ahrer et al. 2025,Ahrer et al. 2025,Near Infrared Spectrograph (NIRSpec),Near Infrared Spectrograph (NIRSpec),True,unknown,True,56.0,0.0,0.0005186993179256533,0.0008146545073039337,20.21767930788258,55.0,0.9999953590206667,0.3675941692342287,-1.2680105696531548e-06,0.0014252305328735396,0.999992239392977,0.37440145400625474,True,
GJ 341 b,Transmission,1001,1003,Kirk et al. 2024,Kirk et al. 2024,Near Infrared Camera (NIRCam),Near Infrared Camera (NIRCam),True,unknown,True,57.0,0.0,-1.0939783938249507e-05,0.000329711030248308,20.679981256276005,56.0,0.9999958386587031,0.3692853795763572,0.001414938153881893,0.001111497101567898,0.9999984124893886,0.3465353979644285,True,
GJ 3090 b,Transmission,1554,1555,Ahrer et al. 2025,Ahrer et al. 2025,Near Infrared Spectrograph (NIRSpec) - G395H,Near Infrared Spectrograph (NIRSpec) - G395H,True,unknown,True,55.0,0.0,-0.004274203099608588,0.0011953981595090553,19.37371950725284,54.0,0.9999963393769823,0.3587725834676452,-0.0011565740127616384,0.0020590874882609827,0.9999953442396297,0.35958907613563446,True,
GJ 341 b,Transmission,997,1005,Kirk et al. 2024,Kirk et al. 2024,Near Infrared Camera (NIRCam),Near Infrared Camera (NIRCam),True,unknown,True,52.0,0.0,0.001830340128475528,0.000503059827836325,17.62494763070494,51.0,0.9999964623648429,0.3455872084451949,-0.000589728670862668,0.0017565815684677999,0.9999945179259315,0.3502447246262449,True,
TOI-1685 b,Transmission,1027,1029,Luque et al. 2025,Luque et al. 2025,Near Infrared Spectrograph (NIRSpec) - G395H,Near Infrared Spectrograph (NIRSpec) - G395H,True,unknown,True,40.0,0.0,-0.0010414815338179284,0.0017468735113840867,11.002299498790553,39.0,0.999997181620143,0.2821102435587321,0.0011065335957556033,0.004936194196068742,0.9999949445020871,0.2882118025218039,True,
L 98-59 b,Transmission,873,882,Damiano et al. 2022,Damiano et al. 2022,Wide Field Camera 3,Wide Field Camera 3,True,unknown,True,18.0,0.0,0.00017166909992729316,0.0012036139240014078,1.8923126748793668,17.0,0.9999977445303326,0.11131251028702158,-0.0011780041416503976,0.008299185321814305,0.9999936086418714,0.1170103189497745,True,
WASP-52 b,Transmission,1689,1690,Bruno et al. 2018,Bruno et al. 2018,Wide Field Camera 3,Wide Field Camera 3,True,unknown,True,19.0,0.0,-0.006035515533274653,0.004874095119360855,2.176811037323151,18.0,0.9999977708213604,0.12093394651795283,0.01923076011532111,0.033301018406475,0.9999981556811626,0.10843087262685897,True,
GJ 1132 b,Transmission,1089,1094,Bennett et al. 2025,Bennett et al. 2025,Near Infrared Spectrograph (NIRSpec) - G395H,Near Infrared Spectrograph (NIRSpec),False,unknown,True,62.0,1.0,0.0023584526407079264,0.0007603404008217536,22.460841637768155,61.0,0.9999984869198557,0.368210518651937,-0.0007116985257512741,0.001279335563949652,0.9999980704132458,0.3691894722883194,True,
TOI-1685 b,Transmission,1024,1025,Luque et al. 2025,Luque et al. 2025,Near Infrared Spectrograph (NIRSpec) - G395H,Near Infrared Spectrograph (NIRSpec) - G395H,True,unknown,True,26.0,0.0,-0.0004387757321792911,0.0011725122387007101,4.4103859979113444,25.0,0.9999984912470901,0.17641543991645378,-0.002711209722784541,0.004808286826567013,0.9999982789747788,0.17051857337630852,True,
L 98-59 b,Transmission,875,1623,Damiano et al. 2022,Zhou et al. 2022,Wide Field Camera 3,Wide Field Camera 3,True,unknown,True,17.0,0.0,0.0032909081928387176,0.001239134688016321,1.5001233766027517,16.0,0.999998720758899,0.09375771103767198,-0.0015538447841692616,0.008931407275943139,0.9999962902444092,0.09799039674546238,True,
KELT-1 b,Transmission,503,668,Changeat et al. 2022,Edwards et al. 2023,Wide Field Camera 3,Wide Field Camera 3,True,unknown,True,24.0,0.0,0.003640544953748849,0.0022465021626912143,3.5982830413386084,23.0,0.9999987913643799,0.15644708875385255,-0.001388456624487622,0.01621787955347048,0.9999969488496071,0.16322515932579112,True,
WASP-43 b,Transmission,698,703,Bell et al. 2024,Bell et al. 2024,Mid-Infrared Instrument (MIRI),Mid-Infrared Instrument (MIRI),True,unknown,True,14.0,0.0,0.00018116078867396292,0.005144224365649048,0.8032457427656033,13.0,0.99999899536814,0.061788134058892566,0.0005772331193700118,0.0031838554331119033,0.9999967354727979,0.06419800316955579,True,
TOI-270 b,Transmission,1045,1046,Coulombe et al. 2025,Coulombe et al. 2025,Near Infrared Spectrograph (NIRSpec) - G395H,Near Infrared Spectrograph (NIRSpec) - G395H,True,unknown,True,111.0,0.0,1.164518138815027e-05,0.0007396680369524428,52.699556155194465,110.0,0.9999992652718269,0.4790868741381315,9.108199964996409e-05,0.0013255550399634127,0.999998930842471,0.4834388510860555,True,
TOI-776 c,Transmission,958,959,Teske et al. 2025,Teske et al. 2025,Near Infrared Spectrograph (NIRSpec),Near Infrared Spectrograph (NIRSpec),True,unknown,True,106.0,0.0,0.0008998805646672581,0.0003618676690087827,48.94456485353447,105.0,0.9999994114234654,0.4661387128908045,-0.0012759635303544199,0.0006527288369338912,0.9999999192819745,0.433877564512521,True,
L 168-9 b,Transmission,580,907,Bouwman et al. 2023,Alam et al. 2025,Mid-Infrared Instrument (MIRI) - LRS,Mid-Infrared Instrument (MIRI) - LRS,True,unknown,True,48.0,0.0,0.0038657225110354586,0.0012607981826252648,13.71758655797904,47.0,0.9999994836096148,0.2918635437867881,-0.00023129465089001,0.0008129717231345135,0.9999991219409406,0.29644876894359934,True,
L 168-9 b,Transmission,580,908,Bouwman et al. 2023,Alam et al. 2025,Mid-Infrared Instrument (MIRI) - LRS,Mid-Infrared Instrument (MIRI) - LRS,True,unknown,True,48.0,0.0,0.0009598188681216616,0.0012607981826252648,13.715741715577327,47.0,0.9999994847900431,0.29182429182079417,-0.00023102591923592608,0.0008129717231345135,0.9999991237063061,0.29641275019118823,True,
HD 15337 c,Transmission,1768,1770,Wallack et al. 2026,Wallack et al. 2026,Near Infrared Spectrograph (NIRSpec) - G395H,Near Infrared Spectrograph (NIRSpec) - G395H,True,unknown,True,104.0,104.0,0.0007762169110064424,0.00048296872083008986,47.31908488434816,103.0,0.9999995060974836,0.4594085911101763,-0.00014032169450704015,0.000878323384001058,0.9999992751863443,0.4636623662123765,True,
WASP-43 b,Eclipse,702,707,Bell et al. 2024,Bell et al. 2024,Mid-Infrared Instrument (MIRI),Mid-Infrared Instrument (MIRI),True,unknown,True,14.0,0.0,-0.0017683949126589466,0.002438800311484303,0.7151764312695419,13.0,0.9999995094871496,0.055013571636118606,-0.0006331575228186144,0.0016612732123181644,0.9999994171470497,0.047493164758163155,True,
K2-18 b,Transmission,937,938,Madhusudhan et al. 2025,Madhusudhan et al. 2025,Mid-Infrared Instrument (MIRI) - LRS,Mid-Infrared Instrument (MIRI) - LRS,True,unknown,True,28.0,0.0,0.0024319435374687173,0.0032256156297765137,4.571640116508483,27.0,0.9999996331830991,0.169320004315129,0.00021444436953287885,0.0024840612856338157,0.9999991104111485,0.17554567577713162,True,
L 168-9 b,Transmission,581,907,Bouwman et al. 2023,Alam et al. 2025,Mid-Infrared Instrument (MIRI) - LRS,Mid-Infrared Instrument (MIRI) - LRS,True,unknown,True,48.0,0.0,0.0032306186777754193,0.0012866561685961513,13.320079824190554,47.0,0.9999996877550138,0.283405953706182,0.00041857650523383907,0.0007993170178265697,0.9999995809291351,0.28360547745518594,True,
L 168-9 b,Transmission,581,908,Bouwman et al. 2023,Alam et al. 2025,Mid-Infrared Instrument (MIRI) - LRS,Mid-Infrared Instrument (MIRI) - LRS,True,unknown,True,48.0,0.0,0.0003245655919855666,0.0012866561685961513,13.318647288729649,47.0,0.9999996883321061,0.2833754742282904,0.0004187878650084297,0.0007993170178265697,0.999999581852785,0.2835683133783789,True,
GJ 1132 b,Transmission,555,1080,May et al. 2023,Bennett et al. 2025,Near Infrared Spectrograph (NIRSpec),Near Infrared Spectrograph (NIRSpec) - G395H,False,unknown,True,60.0,0.0,0.001083509961297325,0.0009519200372190399,19.575833185017853,59.0,0.9999997139525661,0.33179378279691274,0.0018905018730904055,0.0016132078632524948,0.9999998827044305,0.31383633506767694,True,
GJ 1132 b,Transmission,557,1088,May et al. 2023,Bennett et al. 2025,Near Infrared Spectrograph (NIRSpec),Near Infrared Spectrograph (NIRSpec) - G395H,False,unknown,True,59.0,0.0,-0.003972005186414837,0.0009402475913108642,18.82756635976563,58.0,0.9999997682199961,0.3246132130994074,0.0016884739586268374,0.0015926279330778857,0.9999998783474789,0.31058916658407537,True,
GJ 341 b,Transmission,998,1006,Kirk et al. 2024,Kirk et al. 2024,Near Infrared Camera (NIRCam),Near Infrared Camera (NIRCam),True,unknown,True,52.0,0.0,0.0022483865648061617,0.0005089376837839063,14.994327006129568,51.0,0.999999800485923,0.2940064118848935,0.0010543907518697673,0.0017617544104581375,0.9999997588387299,0.2927227568769899,True,
KELT-7 b,Transmission,1049,1051,Ahrer et al. 2025,Ahrer et al. 2025,Near Infrared Spectrograph (NIRSpec) - G395H,Near Infrared Spectrograph (NIRSpec) - G395H,True,unknown,True,60.0,0.0,0.0004328366938089881,0.0004714382595029602,19.068499170692817,59.0,0.9999998320763668,0.32319490119818334,0.001823505285947901,0.0008117463290722256,0.9999999995525652,0.24176199035954288,True,
WASP-17 b,Eclipse,895,896,Gressier et al. 2025,Gressier et al. 2025,Near Infrared Imager and Slitless Spectrograph (NIRISS),Near Infrared Imager and Slitless Spectrograph (NIRISS),True,same_obs,True,155.0,0.0,-0.0047448008408614,0.0005587439611695103,80.07532764768118,154.0,0.9999998596757883,0.5199696600498778,0.004774274002551176,0.0012997950355347061,0.9999999998945042,0.4351874627342449,True,
WASP-39 b,Transmission,171,837,JWST Transiting Exoplanet Community ERS Team 2022,Carter et al. 2024,Near Infrared Spectrograph (NIRSpec),Near Infrared Spectrograph (NIRSpec),True,unknown,True,80.0,3.0,0.011914251893218753,0.001631415109463124,30.134016484935266,79.0,0.9999998803466361,0.3814432466447502,-0.0035494943923093237,0.002682706280051489,0.9999999559763004,0.3638899646090053,True,
GJ 357 b,Transmission,1058,1059,Adams Redai et al. 2025,Adams Redai et al. 2025,Near Infrared Spectrograph (NIRSpec) - G395H,Near Infrared Spectrograph (NIRSpec) - G395H,True,unknown,True,51.0,0.0,-0.00047630835130509325,0.0004879071315585875,13.920886517276742,50.0,0.9999999032421342,0.27841773034553485,-0.0003115563304971222,0.0008887666956033715,0.9999998417133719,0.281591874962928,True,
GJ 436 b,Eclipse,926,929,Mukherjee et al. 2025,Mukherjee et al. 2025,Near Infrared Camera (NIRCam),Near Infrared Camera (NIRCam),True,unknown,True,18.0,0.0,0.00013522091744559727,0.0009822802025615074,1.228295825218398,17.0,0.9999999231191826,0.07225269560108223,9.450550949957934e-05,0.0021985072979117254,0.9999997119059283,0.07665300065348521,True,
TOI-270 d,Transmission,1581,1582,Holmberg &amp; Madhusudhan 2024,Holmberg &amp; Madhusudhan 2024,Near Infrared Spectrograph (NIRSpec) - G395H,Near Infrared Spectrograph (NIRSpec) - G395H,True,unknown,True,34.0,0.0,0.0006827564784154413,0.0006384689984125489,6.144416572209902,33.0,0.9999999277456346,0.18619444158211826,-5.6971941936610566e-05,0.0010784772215814995,0.9999998312651749,0.19192581112907134,True,
GJ 341 b,Transmission,1002,1006,Kirk et al. 2024,Kirk et al. 2024,Near Infrared Camera (NIRCam),Near Infrared Camera (NIRCam),True,unknown,True,55.0,1.0,0.003010762120877182,0.000474688969972583,15.30617324000283,54.0,0.9999999563913294,0.283447652592645,-0.0002712622381196397,0.0015967998931624818,0.9999999201203941,0.28825121657226743,True,
GJ 1132 b,Transmission,559,1088,May et al. 2023,Bennett et al. 2025,Near Infrared Spectrograph (NIRSpec),Near Infrared Spectrograph (NIRSpec) - G395H,False,unknown,True,60.0,0.0,-0.00190126116867845,0.0009639067546574319,17.81746031958387,59.0,0.9999999587832212,0.3019908528743029,-0.0016559798508312738,0.0016326553901098554,0.9999999779192977,0.2894600655191219,True,
TOI-1685 b,Transmission,1027,1028,Luque et al. 2025,Luque et al. 2025,Near Infrared Spectrograph (NIRSpec) - G395H,Near Infrared Spectrograph (NIRSpec) - G395H,True,unknown,True,40.0,0.0,-0.0007105783818772884,0.001510542105305209,8.299971563603377,39.0,0.9999999589139448,0.21281978368213786,-0.004952331488381324,0.0042319670269955175,0.9999999944186355,0.18238308551079885,True,
GJ 1132 b,Transmission,1084,1088,Bennett et al. 2025,Bennett et al. 2025,Near Infrared Spectrograph (NIRSpec) - G395H,Near Infrared Spectrograph (NIRSpec) - G395H,True,unknown,True,54.0,0.0,-0.002321675040142684,0.0009611576989603216,14.674172656580456,53.0,0.9999999633982026,0.27687118219963125,-0.00016692151914780823,0.0016912530999339806,0.9999999305403245,0.28200829940478706,True,
TOI-270 d,Transmission,1580,1583,Holmberg &amp; Madhusudhan 2024,Holmberg &amp; Madhusudhan 2024,Near Infrared Spectrograph (NIRSpec) - G395H,Near Infrared Spectrograph (NIRSpec) - G395H,True,unknown,True,34.0,0.0,0.0007231594188821004,0.0006381039859179149,5.844931521216311,33.0,0.9999999635703671,0.17711913700655488,-0.0002885711014095242,0.0010773949347142805,0.999999925564944,0.1804122637239122,True,
TOI-836 b,Transmission,777,779,Alderson et al. 2024,Alderson et al. 2024,Near Infrared Spectrograph (NIRSpec),Near Infrared Spectrograph (NIRSpec),True,unknown,True,105.0,0.0,0.0006418247609502051,0.00041753988804075424,43.88968038038141,104.0,0.9999999652859352,0.4220161575036674,-0.0016457358606379261,0.0007631787154643889,0.9999999983935719,0.3809662308417058,True,
WASP-6 b,Transmission,1785,1786,Carter et al. 2020,Carter et al. 2020,Space Telescope Imaging Spectrograph,Space Telescope Imaging Spectrograph,True,unknown,True,7.0,0.0,-0.029851427099463666,0.0132063741867059,0.011715553288924803,6.0,0.9999999666466506,0.0019525922148208004,0.0142705477556981,0.23821533729592295,0.9999996842165806,0.0016253629029340949,False,False
HAT-P-32 b,Transmission,500,1674,Changeat et al. 2022,Damiano et al. 2017,Wide Field Camera 3,Wide Field Camera 3,True,unknown,True,19.0,0.0,-0.00160962108683125,0.005179006318313486,1.3037191374136885,18.0,0.9999999673704084,0.07242884096742713,-0.0039486112629008585,0.03677986411820182,0.9999998850010395,0.07601137678582802,True,
HD 209458 b,Transmission,728,729,Xue et al. 2024,Xue et al. 2024,Near Infrared Camera (NIRCam),Near Infrared Camera (NIRCam),True,unknown,True,69.0,3.0,-0.0011018622910677837,0.0005205922585984526,22.369655626826436,68.0,0.999999969066168,0.3289655239239182,-0.0003662132920441381,0.0007934874271278899,0.999999956204574,0.33069629038897597,True,
TOI-270 d,Transmission,1580,1582,Holmberg &amp; Madhusudhan 2024,Holmberg &amp; Madhusudhan 2024,Near Infrared Spectrograph (NIRSpec) - G395H,Near Infrared Spectrograph (NIRSpec) - G395H,True,unknown,True,34.0,0.0,0.0006819156551622305,0.0006391881549933995,5.762419460771243,33.0,0.9999999700570872,0.1746187715385225,-0.00018983949096002776,0.0010810883082564145,0.9999999324030316,0.17911199925049684,True,
K2-22 b,Transmission,1035,1037,Tusay et al. 2025,Tusay et al. 2025,Mid-Infrared Instrument (MIRI) - LRS,Mid-Infrared Instrument (MIRI) - LRS,True,unknown,True,17.0,0.0,0.0024855933266083458,0.019498146182155923,0.9079594850401296,16.0,0.9999999700795045,0.0567474678150081,-0.0019586687751614327,0.014437221291570683,0.9999998893598016,0.05930357879200154,True,
GJ 1132 b,Transmission,555,559,May et al. 2023,May et al. 2023,Near Infrared Spectrograph (NIRSpec),Near Infrared Spectrograph (NIRSpec),True,unknown,True,59.0,0.0,0.0003971406035084302,0.0009479895340653622,16.956968887707575,58.0,0.9999999727901531,0.29236153254668235,0.0020287475306323744,0.001632131298084737,0.9999999930140655,0.2703843369147593,True,
WASP-121 b,Transmission,992,995,Gapp et al. 2025,Gapp et al. 2025,Near Infrared Spectrograph (NIRSpec),Near Infrared Spectrograph (NIRSpec),True,unknown,True,349.0,349.0,-0.009230203446363178,0.0015839977530620656,222.7158520870397,348.0,0.9999999753550046,0.6399880807098842,-0.008188229501891048,0.0026305761460110326,0.9999999983675946,0.6139102814253996,True,
WASP-107 b,Transmission,126,353,Kreidberg et al. 2018,Spake et al. 2018,Wide Field Camera 3,Wide Field Camera 3,True,unknown,True,20.0,0.0,0.007713052282329543,0.0017671378799385949,1.4310808042249272,19.0,0.9999999807518978,0.07532004232762775,0.006620950086716214,0.012449606106222018,0.9999999888446045,0.06379156907537963,True,
GJ 3090 b,Transmission,1548,1553,Ahrer et al. 2025,Ahrer et al. 2025,Near Infrared Imager and Slitless Spectrograph (NIRISS),Near Infrared Imager and Slitless Spectrograph (NIRISS),True,unknown,True,69.0,0.0,0.004392471846005435,0.0010521809862394833,21.810061680381015,68.0,0.9999999829011722,0.32073620118207374,0.0024136528423080697,0.0019494011854779404,0.9999999944623458,0.30264244800667145,True,
KELT-7 b,Transmission,1050,1051,Ahrer et al. 2025,Ahrer et al. 2025,Near Infrared Spectrograph (NIRSpec) - G395H,Near Infrared Spectrograph (NIRSpec) - G395H,True,unknown,True,60.0,0.0,-0.0001759802060716194,0.0004825668053840191,17.054216510672543,59.0,0.9999999836869605,0.2890545171300431,0.0014624980660678506,0.000827171054071897,0.999999999614946,0.2401403025032138,True,
TOI-776 c,Transmission,954,957,Teske et al. 2025,Teske et al. 2025,Near Infrared Spectrograph (NIRSpec),Near Infrared Spectrograph (NIRSpec),True,unknown,True,104.0,0.0,-0.0006431270996652482,0.0004442557364804948,42.18359772425319,103.0,0.9999999840087781,0.40954949246847755,-0.0028999461653365106,0.0008122856909862752,0.9999999999998676,0.2886072508587826,True,
TOI-1685 b,Transmission,1570,1571,Fisher et al. 2026,Fisher et al. 2026,Near Infrared Spectrograph (NIRSpec) - G395H,Near Infrared Spectrograph (NIRSpec) - G395H,True,unknown,True,53.0,53.0,-9.077708589798418e-05,0.0005190900684952551,13.568915100757746,52.0,0.99999998446387,0.260940675014572,-0.0020346757953526575,0.0009446823873636286,0.9999999999934723,0.17509754154317148,True,
TOI-836 b,Transmission,778,779,Alderson et al. 2024,Alderson et al. 2024,Near Infrared Spectrograph (NIRSpec),Near Infrared Spectrograph (NIRSpec),True,unknown,True,104.0,0.0,0.0005692956145854229,0.0004299264377669115,42.09336958181653,103.0,0.9999999850382122,0.4086734910855974,0.0008209598059031895,0.0007946066138391519,0.9999999893156817,0.402215093126485,True,
HAT-P-12 b,Transmission,1071,1072,Crouzet et al. 2025,Crouzet et al. 2025,Near Infrared Spectrograph (NIRSpec),Near Infrared Spectrograph (NIRSpec),True,unknown,True,117.0,117.0,0.0021126109122954883,0.0015086702145911239,49.78123206007404,116.0,0.9999999894463472,0.4291485522420176,-0.001972103543792519,0.002690761788416629,0.999999988701674,0.42820926570346796,True,
TOI-776 c,Transmission,955,956,Teske et al. 2025,Teske et al. 2025,Near Infrared Spectrograph (NIRSpec),Near Infrared Spectrograph (NIRSpec),True,unknown,True,106.0,106.0,0.0007990074177433759,0.0004040958197088319,42.665481570505925,105.0,0.999999990876875,0.40633791971910405,-0.0011201863486939925,0.0007306041641007711,0.999999997630621,0.38764113859356014,True,
WASP-15 b,Transmission,971,972,Kirk et al. 2025,Kirk et al. 2025,Near Infrared Spectrograph (NIRSpec),Near Infrared Spectrograph (NIRSpec),True,unknown,True,60.0,0.0,-0.003917278114045464,0.001003592254950352,16.21239356876308,59.0,0.9999999945198158,0.2747863316739505,-0.0019065957715200795,0.0017153494722577044,0.999999998086081,0.25822380989928356,True,
TOI-5205 b,Transmission,1600,1606,Ca&ntilde;as et al. 2026,Ca&ntilde;as et al. 2026,Near Infrared Spectrograph (NIRSpec) - PRISM,Near Infrared Spectrograph (NIRSpec) - PRISM,True,unknown,True,469.0,1.0,0.007097434541015823,0.0022102245511776974,312.8984113874926,468.0,0.9999999955126502,0.668586349118574,0.00042727794883088923,0.002301659654970844,0.9999999945346641,0.6699442173974942,True,
WASP-17 b,Eclipse,902,910,Valentine et al. 2024,Valentine et al. 2024,Mid-Infrared Instrument (MIRI) - LRS,Mid-Infrared Instrument (MIRI) - LRS,True,same_obs,True,28.0,0.0,0.0020218867111879784,0.0049798037652957206,3.127414685276733,27.0,0.9999999957569029,0.11583017352876789,0.0005657275052799651,0.003635027762822355,0.9999999884502242,0.11935358814717945,True,
GJ 1132 b,Transmission,557,1080,May et al. 2023,Bennett et al. 2025,Near Infrared Spectrograph (NIRSpec),Near Infrared Spectrograph (NIRSpec) - G395H,False,unknown,True,59.0,0.0,-0.001297914469403918,0.0009511113428965931,15.185251586456493,58.0,0.9999999974142206,0.261814682525112,0.003235974292464234,0.001623478610274382,0.9999999999939813,0.19670642202118258,True,
WASP-6 b,Transmission,1788,1790,Carter et al. 2020,Carter et al. 2020,Space Telescope Imaging Spectrograph,Space Telescope Imaging Spectrograph,True,unknown,True,10.0,0.0,-0.03708382101547543,0.01308940010515178,0.05874529888039101,9.0,0.9999999976206708,0.0065272554311545565,0.025049382126021823,0.10553090091754931,0.9999999999999133,0.0003003720601881374,True,
TOI-776 c,Transmission,954,956,Teske et al. 2025,Teske et al. 2025,Near Infrared Spectrograph (NIRSpec),Near Infrared Spectrograph (NIRSpec),True,unknown,True,106.0,106.0,-0.0011036353895162853,0.00040102054892519185,40.32698828790765,105.0,0.9999999985286182,0.38406655512293003,0.0005962980480915839,0.0007244448817249207,0.9999999986224384,0.3812449780046631,True,
GJ 1132 b,Transmission,555,557,May et al. 2023,May et al. 2023,Near Infrared Spectrograph (NIRSpec),Near Infrared Spectrograph (NIRSpec),True,unknown,True,58.0,0.0,0.002426436103226044,0.0009233576578846903,14.217756450075955,57.0,0.9999999987586587,0.24943432368554308,-0.0013104308820782002,0.0015894882892418308,0.9999999991189423,0.24175111134386465,True,
TOI-270 b,Transmission,1045,1047,Coulombe et al. 2025,Coulombe et al. 2025,Near Infrared Spectrograph (NIRSpec) - G395H,Near Infrared Spectrograph (NIRSpec) - G395H,True,unknown,True,112.0,0.0,-5.3182298700540085e-05,0.0007566879691231019,43.65586715617187,111.0,0.999999998830817,0.3932961005060529,-0.0005492800240848253,0.0013516447703214882,0.9999999983474216,0.3953702116380471,True,
TOI-260 b,Transmission,1760,1761,Meech et al. 2026,Meech et al. 2026,Near Infrared Spectrograph (NIRSpec) - G395H,Near Infrared Spectrograph (NIRSpec) - G395H,True,unknown,True,104.0,104.0,-0.00040203036151748825,0.0004215891421199077,38.474402488259855,103.0,0.999999999155261,0.3735378882355326,0.0022048540441226136,0.0007702970872406432,0.999999999999629,0.2968764533837079,True,
GJ 1214 b,Transmission,862,863,Schlawin et al. 2024,Schlawin et al. 2024,Near Infrared Spectrograph (NIRSpec),Near Infrared Spectrograph (NIRSpec),True,unknown,True,59.0,0.0,0.0004323827832399856,0.0009865869271133536,14.312954002047002,58.0,0.9999999992940649,0.2467750690008104,-0.00017084212800686142,0.0016731515104354366,0.999999998587903,0.25092154318610116,True,
WASP-39 b,Transmission,75,837,JWST Transiting Exoplanet Community ERS Team 2022,Carter et al. 2024,Near Infrared Spectrograph (NIRSpec),Near Infrared Spectrograph (NIRSpec),True,unknown,True,83.0,8.0,0.006363828821100345,0.001631299398133212,26.380264898634966,82.0,0.9999999993096335,0.3217105475443289,-0.004214204065184675,0.002621538690770222,0.9999999999342415,0.29377913305301695,True,
GJ 1214 b,Transmission,862,864,Schlawin et al. 2024,Schlawin et al. 2024,Near Infrared Spectrograph (NIRSpec),Near Infrared Spectrograph (NIRSpec),True,unknown,True,59.0,0.0,-0.003285603382340745,0.0009807647100200218,13.917916776783,58.0,0.9999999996212073,0.23996408235832759,0.00011997462044578232,0.0016674060202567281,0.9999999992258484,0.24408315024057406,True,
WASP-121 b,Transmission,992,993,Gapp et al. 2025,Gapp et al. 2025,Near Infrared Spectrograph (NIRSpec),Near Infrared Spectrograph (NIRSpec),True,unknown,True,349.0,349.0,-0.0005969608525242672,0.0013804512304942803,209.18795750335835,348.0,0.9999999996435713,0.6011148204119493,-0.00039406227478567954,0.002292776555444816,0.999999999542639,0.6027620109263393,True,
TOI-836 b,Transmission,776,779,Alderson et al. 2024,Alderson et al. 2024,Near Infrared Spectrograph (NIRSpec),Near Infrared Spectrograph (NIRSpec),True,unknown,True,106.0,106.0,3.521827961278026e-05,0.0004344683586429764,38.538485449061824,105.0,0.9999999996759253,0.36703319475296975,0.00151523848028617,0.0007819908277347248,0.9999999999838141,0.33446085365328176,True,
WASP-15 b,Transmission,970,973,Kirk et al. 2025,Kirk et al. 2025,Near Infrared Spectrograph (NIRSpec),Near Infrared Spectrograph (NIRSpec),True,unknown,True,60.0,0.0,-0.005344664143921536,0.0009915487306822236,14.168527792705133,59.0,0.9999999997262652,0.24014453885940903,-0.002638004871891052,0.0016853304035759666,0.9999999999925909,0.20204212451662037,True,
WASP-121 b,Transmission,994,995,Gapp et al. 2025,Gapp et al. 2025,Near Infrared Spectrograph (NIRSpec),Near Infrared Spectrograph (NIRSpec),True,unknown,True,349.0,349.0,-0.0010342369892363432,0.002318185130707194,208.17674306557382,348.0,0.9999999997474273,0.5982090317976259,-0.004413054170056789,0.0038563562329323765,0.999999999790578,0.5961590392173263,True,
WASP-107 b,Transmission,772,774,Welbanks et al. 2024,Welbanks et al. 2024,Near Infrared Camera (NIRCam),Near Infrared Camera (NIRCam),True,unknown,True,71.0,0.0,0.001533743050634195,0.0021225018386420245,19.30076972428514,70.0,0.9999999997558012,0.275725281775502,0.005191462615793129,0.007306873337997109,0.999999999760316,0.2724054095746251,True,
TOI-836 b,Transmission,775,779,Alderson et al. 2024,Alderson et al. 2024,Near Infrared Spectrograph (NIRSpec),Near Infrared Spectrograph (NIRSpec),True,unknown,True,106.0,106.0,0.0008496446938545558,0.00041519149028766,37.90648674707697,105.0,0.9999999998150733,0.36101415949597115,-0.0014486892579933886,0.0007538359141583562,0.9999999999909607,0.32897440127803984,True,
GJ 1132 b,Transmission,1080,1084,Bennett et al. 2025,Bennett et al. 2025,Near Infrared Spectrograph (NIRSpec) - G395H,Near Infrared Spectrograph (NIRSpec) - G395H,True,unknown,True,54.0,0.0,-0.0004207737996610109,0.0009704278225872887,11.296894378629757,53.0,0.9999999998210994,0.2131489505401841,-0.001391068685844625,0.0017186800087720464,0.9999999998868709,0.2046499064434094,True,
GJ 1132 b,Transmission,555,1084,May et al. 2023,Bennett et al. 2025,Near Infrared Spectrograph (NIRSpec),Near Infrared Spectrograph (NIRSpec) - G395H,False,unknown,True,53.0,0.0,0.000653333989506352,0.0009437175850099264,10.816360376992254,52.0,0.9999999998411065,0.20800693032677411,0.0009814328192759435,0.001685593841852706,0.9999999998164704,0.2054382002493943,True,
HAT-P-32 b,Transmission,1674,1675,Damiano et al. 2017,Damiano et al. 2017,Wide Field Camera 3,Wide Field Camera 3,True,unknown,True,20.0,0.0,-0.000951329067035297,0.005109080721987092,0.839798459172591,19.0,0.9999999998412032,0.04419991890382058,0.0048406300419027775,0.03409117633577397,0.9999999993781558,0.04553539443712457,True,
TOI-5205 b,Transmission,1599,1601,Ca&ntilde;as et al. 2026,Ca&ntilde;as et al. 2026,Near Infrared Spectrograph (NIRSpec) - PRISM,Near Infrared Spectrograph (NIRSpec) - PRISM,True,unknown,True,469.0,1.0,-0.019259811288231798,0.0016932133979959548,300.0794631888194,468.0,0.9999999998581516,0.6411954341641439,0.0010982585139274307,0.0016932855352809202,0.9999999998421755,0.6416676363946324,True,
WASP-6 b,Transmission,1788,1789,Carter et al. 2020,Carter et al. 2020,Space Telescope Imaging Spectrograph,Space Telescope Imaging Spectrograph,True,unknown,True,10.0,0.0,-0.02466585863559898,0.013189667403709117,0.028413346275521015,9.0,0.9999999999083121,0.0031570384750578906,0.015181163373808794,0.10560116810033605,0.999999999990651,0.0009683216925943638,True,
WASP-39 b,Transmission,303,833,Ahrer et al. 2023,Carter et al. 2024,Near Infrared Camera (NIRCam),Near Infrared Camera (NIRCam),True,unknown,True,49.0,0.0,0.0034812050714845048,0.0018320953862427662,8.798278260729006,48.0,0.9999999999337912,0.18329746376518763,-0.0006094133856058313,0.004241568339837971,0.9999999998508114,0.18675819882853092,True,
NGTS-2 b,Transmission,1644,1647,Fairman et al. 2026,Fairman et al. 2026,Near Infrared Spectrograph (NIRSpec) - G395H,Near Infrared Spectrograph (NIRSpec) - G395H,True,unknown,True,61.0,0.0,-0.001163848562529465,0.0009727631805777375,13.747714911814,60.0,0.9999999999347032,0.2291285818635667,-0.0006705373992226415,0.0016356708365029434,0.9999999998962377,0.23016370926777824,True,
WASP-39 b,Transmission,75,871,JWST Transiting Exoplanet Community ERS Team 2022,Rustamkulov et al. 2023,Near Infrared Spectrograph (NIRSpec),Near Infrared Spectrograph (NIRSpec) - PRISM,False,unknown,True,93.0,0.0,-0.003703836630232904,0.001698476457283631,29.014449030399,92.0,0.9999999999644789,0.31537444598259784,0.0005668349187129856,0.002814457767613754,0.9999999999390226,0.31839435849726916,True,
HIP 67522 b,Transmission,842,844,Thao et al. 2024,Thao et al. 2024,Near Infrared Spectrograph (NIRSpec),Near Infrared Spectrograph (NIRSpec),True,unknown,True,228.0,228.0,-0.004707759318902515,0.0021863206441034007,114.25842718426397,227.0,0.9999999999674486,0.5033410889174624,-0.010098683626394848,0.0038127001301447795,0.9999999999988718,0.4745258257735606,True,
HD 15337 c,Transmission,1768,1769,Wallack et al. 2026,Wallack et al. 2026,Near Infrared Spectrograph (NIRSpec) - G395H,Near Infrared Spectrograph (NIRSpec) - G395H,True,unknown,True,104.0,104.0,-0.0004895425803498423,0.0005395312478447229,34.88795870122949,103.0,0.9999999999687539,0.3387180456430048,-0.0012510819686582333,0.0009819119796589193,0.9999999999895227,0.3261230926087119,True,
TrES-4 b,Transmission,968,969,Meech et al. 2025,Meech et al. 2025,Near Infrared Spectrograph (NIRSpec),Near Infrared Spectrograph (NIRSpec),True,unknown,True,61.0,0.0,0.0012499955042495684,0.0016220738218108068,13.166854378038876,60.0,0.9999999999763691,0.2194475729673146,0.001155545248589105,0.002710015703886277,0.9999999999631687,0.22008540902193027,True,
WASP-15 b,Transmission,970,972,Kirk et al. 2025,Kirk et al. 2025,Near Infrared Spectrograph (NIRSpec),Near Infrared Spectrograph (NIRSpec),True,unknown,True,60.0,0.0,-0.005001365083979259,0.001007257261469543,11.863622408087943,59.0,0.9999999999956073,0.20107834589979565,-0.002195395517270213,0.001718237054930692,0.9999999999997047,0.17639826071254597,True,
WASP-52 b,Transmission,1689,1691,Bruno et al. 2018,Bruno et al. 2018,Wide Field Camera 3,Wide Field Camera 3,True,unknown,True,19.0,0.0,0.0818809112383432,0.004719631480551015,0.46399847194421895,18.0,0.9999999999956446,0.025777692885789943,-0.018488145285751104,0.032184260503162324,0.9999999999999992,0.00788290305917797,True,
WASP-6 b,Transmission,1789,1790,Carter et al. 2020,Carter et al. 2020,Space Telescope Imaging Spectrograph,Space Telescope Imaging Spectrograph,True,unknown,True,10.0,0.0,-0.012444763075917239,0.013031454914557565,0.013790616127517507,9.0,0.999999999996434,0.0015322906808352785,0.009903034052958783,0.10464157360594653,0.9999999999985804,0.0006042910918892066,True,
GJ 1132 b,Transmission,1093,1094,Bennett et al. 2025,Bennett et al. 2025,Near Infrared Spectrograph (NIRSpec),Near Infrared Spectrograph (NIRSpec),True,unknown,True,58.0,0.0,-0.00195806502415721,0.0004922994895893614,10.81995612495846,57.0,0.9999999999973676,0.1898237916659379,0.00010470001867413887,0.0008713052244971062,0.9999999999940911,0.19295565358553673,True,
TOI-260 b,Transmission,1762,1763,Meech et al. 2026,Meech et al. 2026,Near Infrared Spectrograph (NIRSpec) - G395H,Near Infrared Spectrograph (NIRSpec) - G395H,True,unknown,True,104.0,104.0,-0.0009714459376942027,0.0004191532967141657,32.17962628320933,103.0,0.9999999999981826,0.31242355614766343,-0.00019667887431024008,0.0007699862949440135,0.9999999999969537,0.31484687208227297,True,
WASP-107 b,Transmission,767,773,Welbanks et al. 2024,Welbanks et al. 2024,Near Infrared Camera (NIRCam),Near Infrared Camera (NIRCam),True,unknown,True,99.0,0.0,-0.0033017503134516474,0.0013460082776962337,29.427143377332342,98.0,0.9999999999984369,0.3002769732380851,-0.003170889806994821,0.003292916004646761,0.9999999999990462,0.293813242396062,True,
TOI-260 b,Transmission,1759,1764,Meech et al. 2026,Meech et al. 2026,Near Infrared Spectrograph (NIRSpec) - G395H,Near Infrared Spectrograph (NIRSpec) - G395H,True,unknown,True,104.0,104.0,-0.0009187860685677144,0.0003003756405314716,31.649398510430004,103.0,0.9999999999990001,0.30727571369349516,0.0006475672322889999,0.0005516388069100289,0.9999999999996334,0.296778077972831,True,
GJ 1132 b,Transmission,1080,1088,Bennett et al. 2025,Bennett et al. 2025,Near Infrared Spectrograph (NIRSpec) - G395H,Near Infrared Spectrograph (NIRSpec) - G395H,True,unknown,True,62.0,0.0,-0.0025842289160487265,0.0009635634688062671,11.902115578647917,61.0,0.9999999999990812,0.19511664883029373,-0.0015487336634132198,0.0016350085124383347,0.9999999999996927,0.18341442722531257,True,
GJ 1132 b,Transmission,557,559,May et al. 2023,May et al. 2023,Near Infrared Spectrograph (NIRSpec),Near Infrared Spectrograph (NIRSpec),True,unknown,True,58.0,0.0,-0.002019850048015152,0.0009469401384119014,10.32571420919751,57.0,0.9999999999991197,0.1811528808631142,0.0034461599867135987,0.0016430391099081546,1.0,0.10583036452640074,True,
HAT-P-30 b,Transmission,1755,1758,Claringbold et al. 2026,Claringbold et al. 2026,Near Infrared Spectrograph (NIRSpec) - G395H,Near Infrared Spectrograph (NIRSpec) - G395H,True,unknown,True,60.0,0.0,0.0014283294126241572,0.0011308114560835917,10.959413647614099,59.0,0.999999999999346,0.18575277368837456,-0.003924995877501785,0.0019248994690247159,1.0,0.11726941382792225,True,
TOI-836 c,Transmission,838,839,Wallack et al. 2024,Wallack et al. 2024,Near Infrared Spectrograph (NIRSpec),Near Infrared Spectrograph (NIRSpec),True,unknown,True,105.0,105.0,0.00128440956494255,0.0004172436885658876,31.759176873287938,104.0,0.9999999999993779,0.3053767007046917,-0.001119236719681737,0.000767538561124888,0.9999999999999101,0.28769693277152647,True,
HAT-P-26 b,Transmission,566,570,A-thano et al. 2023,A-thano et al. 2023,Wide Field Camera 3,Wide Field Camera 3,True,unknown,True,32.0,0.0,0.001725939700581548,0.0008346869554951087,2.3033927309528353,31.0,0.9999999999994157,0.0743029913210592,-0.002679680904952769,0.003959693924809473,0.9999999999999035,0.061513883687436634,True,
HD 15337 c,Transmission,1769,1770,Wallack et al. 2026,Wallack et al. 2026,Near Infrared Spectrograph (NIRSpec) - G395H,Near Infrared Spectrograph (NIRSpec) - G395H,True,unknown,True,106.0,106.0,0.0011962250686378972,0.0004939581720935858,32.11772463055459,105.0,0.9999999999994853,0.3058830917195675,0.0011267629084805242,0.0008986711272389503,0.9999999999998519,0.2937085090406965,True,
GJ 1132 b,Transmission,556,1081,May et al. 2023,Bennett et al. 2025,Near Infrared Spectrograph (NIRSpec),Near Infrared Spectrograph (NIRSpec) - G395H,False,unknown,True,60.0,0.0,0.0011329063313740557,0.0009558107743601071,10.826511098414173,59.0,0.9999999999995136,0.1835001881087148,0.0006958215006949145,0.0016233684110577725,0.9999999999992392,0.18349636126955018,True,
HD 15337 c,Transmission,1765,1770,Wallack et al. 2026,Wallack et al. 2026,Near Infrared Spectrograph (NIRSpec) - G395H,Near Infrared Spectrograph (NIRSpec) - G395H,True,unknown,True,104.0,104.0,-0.000431113821966859,0.00042627157361472016,30.931300416962102,103.0,0.9999999999995651,0.3003038875433214,-0.0012655586610506142,0.0007782895416650036,0.9999999999999697,0.27732523790264496,True,
WASP-6 b,Transmission,1776,1778,Carter et al. 2020,Carter et al. 2020,FORS2,FORS2,True,unknown,True,12.0,0.0,-0.04415394397059167,0.008920747610152466,0.03071855611245898,11.0,0.9999999999996367,0.002792596010223544,0.026121971035828122,0.18931810630120616,0.9999999999999437,0.0011680281636812033,True,
TOI-776 c,Transmission,956,959,Teske et al. 2025,Teske et al. 2025,Near Infrared Spectrograph (NIRSpec),Near Infrared Spectrograph (NIRSpec),True,unknown,True,104.0,0.0,-0.001592824858723013,0.00031457079604061257,30.742098728753447,103.0,0.9999999999996523,0.2984669779490626,-0.0005039433576592479,0.0005750569888774694,0.9999999999997439,0.2938640518112978,True,
TOI-270 b,Transmission,1046,1047,Coulombe et al. 2025,Coulombe et al. 2025,Near Infrared Spectrograph (NIRSpec) - G395H,Near Infrared Spectrograph (NIRSpec) - G395H,True,unknown,True,112.0,0.0,-0.0001587380469194327,0.0006887231122746882,34.82832498352242,111.0,0.9999999999996917,0.31376869354524706,-0.0008727067716557957,0.0012047634181004039,0.9999999999996897,0.31185089365705476,True,
WASP-107 b,Transmission,771,773,Welbanks et al. 2024,Welbanks et al. 2024,Near Infrared Camera (NIRCam),Near Infrared Camera (NIRCam),True,unknown,True,99.0,0.0,-0.004325633485889774,0.0013497535197257412,27.65561838490127,98.0,0.9999999999998235,0.2822001876010334,-0.002861002724391765,0.0033159127995440654,0.9999999999998721,0.2774348174005733,True,
HD 15337 c,Transmission,1765,1768,Wallack et al. 2026,Wallack et al. 2026,Near Infrared Spectrograph (NIRSpec) - G395H,Near Infrared Spectrograph (NIRSpec) - G395H,True,unknown,True,106.0,106.0,-0.0011955594660189922,0.0004705175467823893,30.979856894825268,105.0,0.9999999999998651,0.295046256141193,-0.0011592153081234732,0.0008371935951450516,0.999999999999977,0.2794482419340138,True,
GJ 1132 b,Transmission,1092,1093,Bennett et al. 2025,Bennett et al. 2025,Near Infrared Spectrograph (NIRSpec),Near Infrared Spectrograph (NIRSpec),True,unknown,True,58.0,0.0,-0.00017637578038830193,0.0004957251197171051,9.257823508397797,57.0,0.9999999999999345,0.16241795628768066,-0.0007619345883845884,0.00088413089930871,0.9999999999999775,0.15205611845858485,True,
GJ 1132 b,Transmission,555,1088,May et al. 2023,Bennett et al. 2025,Near Infrared Spectrograph (NIRSpec),Near Infrared Spectrograph (NIRSpec) - G395H,False,unknown,True,60.0,0.0,-0.0014954723549193117,0.0009405349563076589,9.955694547655677,59.0,0.9999999999999377,0.16874058555348603,0.0002169611297069846,0.0015816004746578203,0.9999999999998541,0.17132546008669666,True,
GJ 1132 b,Transmission,1085,1089,Bennett et al. 2025,Bennett et al. 2025,Near Infrared Spectrograph (NIRSpec) - G395H,Near Infrared Spectrograph (NIRSpec) - G395H,True,unknown,True,54.0,0.0,-0.0022127856565147546,0.0009585067848047964,7.569562746132819,53.0,0.9999999999999738,0.1428219386062796,0.00039742663001171797,0.0016823125284953807,0.9999999999999407,0.14449527342048624,True,
GJ 1132 b,Transmission,1081,1085,Bennett et al. 2025,Bennett et al. 2025,Near Infrared Spectrograph (NIRSpec) - G395H,Near Infrared Spectrograph (NIRSpec) - G395H,True,unknown,True,54.0,0.0,-0.0005794914428750673,0.0009779056929878492,7.47947856434612,53.0,0.99999999999998,0.14112223706313434,-0.001486879970636435,0.0017338215771626154,0.9999999999999949,0.12969318711238165,True,
HAT-P-30 b,Transmission,1756,1757,Claringbold et al. 2026,Claringbold et al. 2026,Near Infrared Spectrograph (NIRSpec) - G395H,Near Infrared Spectrograph (NIRSpec) - G395H,True,unknown,True,60.0,0.0,0.0018606548438444824,0.0011334123594693487,9.501315855228489,59.0,0.9999999999999805,0.1610392517835337,-0.003368654815567825,0.001928169871067616,1.0,0.11119050762450719,True,
WASP-6 b,Transmission,1776,1777,Carter et al. 2020,Carter et al. 2020,FORS2,FORS2,True,unknown,True,12.0,0.0,-0.029234009390431977,0.008967423980198811,0.016719839038928378,11.0,0.9999999999999871,0.001519985367175307,0.0181015342720664,0.19030595270093204,0.9999999999999931,0.0007672392456519944,True,
WASP-94 A b,Transmission,1019,1021,Ahrer et al. 2025,Ahrer et al. 2025,Near Infrared Spectrograph (NIRSpec),Near Infrared Spectrograph (NIRSpec),True,unknown,True,56.0,0.0,-0.002341769529919875,0.0006717176556388086,7.982699218196087,55.0,0.9999999999999873,0.1451399857853834,0.0011332677731478477,0.0011827088836657471,0.9999999999999981,0.13082515303348252,True,
GJ 1132 b,Transmission,560,1089,May et al. 2023,Bennett et al. 2025,Near Infrared Spectrograph (NIRSpec),Near Infrared Spectrograph (NIRSpec) - G395H,False,unknown,True,60.0,0.0,-0.002619670030604778,0.0009544556028672957,9.306569495497156,59.0,0.9999999999999883,0.15773846602537553,0.0002981070210008396,0.0016113658924214744,0.999999999999973,0.15986799139711982,True,
WASP-17 b,Transmission,912,914,Louie et al. 2025,Louie et al. 2025,Near Infrared Imager and Slitless Spectrograph (NIRISS),Near Infrared Imager and Slitless Spectrograph (NIRISS),True,unknown,True,31.0,0.0,-0.00038805809069616433,0.0015638767689021443,1.5837882217354264,30.0,0.999999999999989,0.052792940724514216,-0.006491754987756046,0.027281402743079382,0.9999999999999707,0.052660878835630545,True,
GJ 1132 b,Transmission,558,1089,May et al. 2023,Bennett et al. 2025,Near Infrared Spectrograph (NIRSpec),Near Infrared Spectrograph (NIRSpec) - G395H,False,unknown,True,59.0,0.0,-0.0043145255667402845,0.000939933965950047,8.801395932414644,58.0,0.9999999999999926,0.15174820573128697,0.0010943081893084957,0.0015910456572972168,0.999999999999995,0.14611119901604475,True,
GJ 1132 b,Transmission,558,1081,May et al. 2023,Bennett et al. 2025,Near Infrared Spectrograph (NIRSpec),Near Infrared Spectrograph (NIRSpec) - G395H,False,unknown,True,59.0,0.0,-0.0015495942373033188,0.0009583697265200636,8.604315765345058,58.0,0.9999999999999958,0.1483502718162941,0.0021823585788079743,0.0016347642212190725,1.0,0.1196872830356353,True,
GJ 1132 b,Transmission,559,1080,May et al. 2023,Bennett et al. 2025,Near Infrared Spectrograph (NIRSpec),Near Infrared Spectrograph (NIRSpec) - G395H,False,unknown,True,60.0,0.0,0.0007208875483623149,0.0009749809835718138,8.840865770015197,59.0,0.9999999999999968,0.14984518254263046,1.4995760749390264e-05,0.0016641257155724214,0.9999999999999917,0.15242732014458846,True,
GJ 1132 b,Transmission,559,1084,May et al. 2023,Bennett et al. 2025,Near Infrared Spectrograph (NIRSpec),Near Infrared Spectrograph (NIRSpec) - G395H,False,unknown,True,53.0,0.0,0.00033171021337521716,0.0009675035415311827,6.426722656437915,52.0,0.9999999999999983,0.12359082031611376,-0.0016194082179361027,0.0017421012137061158,0.9999999999999998,0.10907095812409386,True,
GJ 1132 b,Transmission,556,558,May et al. 2023,May et al. 2023,Near Infrared Spectrograph (NIRSpec),Near Infrared Spectrograph (NIRSpec),True,unknown,True,58.0,0.0,0.002765616047323167,0.0009157696653494672,7.9066813024423475,57.0,0.9999999999999986,0.13871370706039207,-0.0013296027689198085,0.00157846530588764,0.9999999999999997,0.12852047210469644,True,
WASP-166 b,Transmission,1585,1588,Mayo et al. 2025,Mayo et al. 2025,Near Infrared Spectrograph (NIRSpec) - G395M,Near Infrared Spectrograph (NIRSpec) - G395M,True,unknown,True,61.0,0.0,-0.0005751150237849092,0.0006304894170789181,8.755470387388293,60.0,0.999999999999999,0.14592450645647154,-0.0008592091691041765,0.0011005215416081883,0.9999999999999996,0.13806665242872507,True,
TOI-776 c,Transmission,955,958,Teske et al. 2025,Teske et al. 2025,Near Infrared Spectrograph (NIRSpec),Near Infrared Spectrograph (NIRSpec),True,unknown,True,104.0,0.0,-0.001688580460600039,0.00044691463784659577,26.106694466567113,103.0,0.9999999999999992,0.2534630530734671,-0.000202773007947108,0.00081760499525566,0.9999999999999987,0.25534496312427607,True,
KELT-7 b,Transmission,505,710,Changeat et al. 2022,Pluriel et al. 2020,Wide Field Camera 3,Wide Field Camera 3,True,unknown,True,24.0,0.0,-0.006257997594556845,0.0013447630696162207,0.5069850699421155,23.0,0.9999999999999992,0.02204282912791806,0.0017861247596221103,0.009876227280450104,0.9999999999999973,0.021558091626474336,True,
WASP-121 b,Transmission,993,995,Gapp et al. 2025,Gapp et al. 2025,Near Infrared Spectrograph (NIRSpec),Near Infrared Spectrograph (NIRSpec),True,unknown,True,349.0,349.0,-0.008679310164414731,0.001136631004737624,175.99312506797497,348.0,0.9999999999999996,0.5057273708849855,-0.007788781971331626,0.001879314083598215,1.0,0.45768415067694423,True,
GJ 1132 b,Transmission,560,1081,May et al. 2023,Bennett et al. 2025,Near Infrared Spectrograph (NIRSpec),Near Infrared Spectrograph (NIRSpec) - G395H,False,unknown,True,60.0,0.0,8.671491798864518e-05,0.000973004849532299,8.127951846970216,59.0,0.9999999999999997,0.1377618957113596,0.0013073963938677368,0.0016565857217982515,0.9999999999999999,0.1293982268729193,True,
GJ 1132 b,Transmission,556,1085,May et al. 2023,Bennett et al. 2025,Near Infrared Spectrograph (NIRSpec),Near Infrared Spectrograph (NIRSpec) - G395H,False,unknown,True,53.0,0.0,0.0006107765287962381,0.000933933283451364,5.90562113609584,52.0,0.9999999999999998,0.11356963723261232,-0.0005459324844341305,0.0016698300827838065,0.9999999999999996,0.11370062868220683,True,
WASP-6 b,Transmission,1777,1778,Carter et al. 2020,Carter et al. 2020,FORS2,FORS2,True,unknown,True,12.0,0.0,-0.014916703901859278,0.008928561936890267,0.007488714033746828,11.0,0.9999999999999999,0.0006807921848860753,0.008113730380256005,0.19004168746917138,0.9999999999999984,0.0005665895700889194,True,
GJ 3090 b,Transmission,1548,1549,Ahrer et al. 2025,Ahrer et al. 2025,Near Infrared Imager and Slitless Spectrograph (NIRISS),Near Infrared Imager and Slitless Spectrograph (NIRISS),True,unknown,True,69.0,0.0,0.001518354503433006,0.0010486675556946356,10.849010350377736,68.0,0.9999999999999999,0.15954426985849612,0.002508899938545985,0.001941442214519404,1.0,0.13700008140516917,True,
NGTS-2 b,Transmission,1645,1646,Fairman et al. 2026,Fairman et al. 2026,Near Infrared Spectrograph (NIRSpec) - G395H,Near Infrared Spectrograph (NIRSpec) - G395H,True,unknown,True,60.0,0.0,-0.0006501078754686617,0.0009745838245666704,7.611696490023091,59.0,0.9999999999999999,0.1290118049156456,-0.0012706221196628236,0.0016574558373306173,1.0,0.121103546383383,True,
GJ 1132 b,Transmission,556,1089,May et al. 2023,Bennett et al. 2025,Near Infrared Spectrograph (NIRSpec),Near Infrared Spectrograph (NIRSpec) - G395H,False,unknown,True,60.0,0.0,-0.0015578329120317282,0.0009366277643962111,7.80922136686299,59.0,0.9999999999999999,0.13235968418411848,-0.00013292187142172087,0.0015786344399297246,0.9999999999999997,0.13451951096587736,True,
TrES-3 b,Eclipse,274,610,Fressin et al. 2010,Changeat et al. 2022,Infrared Array Camera (IRAC),Infrared Array Camera (IRAC),True,unknown,True,4.0,4.0,0.0,0.033921377998247085,0.0,3.0,1.0,0.0,0.0,0.018277800784121667,1.0,0.0,False,False
WASP-6 b,Transmission,1791,1793,Carter et al. 2020,Carter et al. 2020,Wide Field Camera 3,Wide Field Camera 3,True,unknown,True,28.0,0.0,-0.029780031835299908,0.0046793236179417,0.2548182526214624,27.0,1.0,0.009437713060054163,0.011798746042966069,0.033686823773812574,1.0,0.005082481562614839,True,
WASP-69 b,Eclipse,827,829,Schlawin et al. 2024,Schlawin et al. 2024,Near Infrared Camera (NIRCam),Near Infrared Camera (NIRCam),True,unknown,True,50.0,0.0,1.3497898309088653e-05,0.0005230155081707413,4.624274353034677,49.0,1.0,0.09437294598029952,8.045594862233987e-05,0.0008037308682212649,0.9999999999999999,0.09613028589824087,True,
HAT-P-18 b,Transmission,796,803,Fournier-Tondreau et al. 2024,Fournier-Tondreau et al. 2024,Near Infrared Imager and Slitless Spectrograph (NIRISS),Near Infrared Imager and Slitless Spectrograph (NIRISS),True,unknown,True,139.0,0.0,-0.0002161405255302173,0.0007383660772636041,5.227532672007447,138.0,1.0,0.03788067153628585,-0.00021467970985041416,0.0017587923772773824,1.0,0.038048422032865556,True,
HAT-P-30 b,Transmission,1757,1758,Claringbold et al. 2026,Claringbold et al. 2026,Near Infrared Spectrograph (NIRSpec) - G395H,Near Infrared Spectrograph (NIRSpec) - G395H,True,unknown,True,60.0,0.0,-0.00040981777702437863,0.0011401626224867116,5.103402074679712,59.0,1.0,0.08649834024880868,-0.0005553414301200777,0.001941710080247533,1.0,0.08657935236792964,True,
HAT-P-30 b,Transmission,1755,1757,Claringbold et al. 2026,Claringbold et al. 2026,Near Infrared Spectrograph (NIRSpec) - G395H,Near Infrared Spectrograph (NIRSpec) - G395H,True,unknown,True,61.0,0.0,0.0018612848983860712,0.0011396586132710275,7.697571202228344,60.0,1.0,0.12829285337047241,-0.003249367425162768,0.0019328030075108024,1.0,0.08256345532735611,True,
HAT-P-30 b,Transmission,1755,1756,Claringbold et al. 2026,Claringbold et al. 2026,Near Infrared Spectrograph (NIRSpec) - G395H,Near Infrared Spectrograph (NIRSpec) - G395H,True,unknown,True,60.0,0.0,-1.878618348126608e-05,0.001123815429678869,3.5134170392988544,59.0,1.0,0.05954944134404838,-8.775110053151139e-06,0.0019109814331838171,1.0,0.06057579229992485,True,
KELT-7 b,Eclipse,601,711,Changeat et al. 2022,Pluriel et al. 2020,Wide Field Camera 3,Wide Field Camera 3,True,unknown,True,24.0,0.0,6.466233189938392e-06,0.001283631837752569,0.0006012400529312519,23.0,1.0,2.614087186657617e-05,6.144600591104503e-05,0.009456261728108518,1.0,2.5409869306611525e-05,True,
LHS 475 b,Transmission,536,546,Lustig-Yaeger et al. 2023,Lustig-Yaeger et al. 2023,Near Infrared Spectrograph (NIRSpec) - G395H,Near Infrared Spectrograph (NIRSpec) - G395H,True,unknown,True,3271.0,0.0,0.004205828576458006,0.0006023059763651346,1779.8843225336102,3270.0,1.0,0.5443071322732753,0.00429956112386403,0.001048895894926674,1.0,0.5393335735438467,True,
HD 209458 b,Eclipse,46,599,Diamond-Lowe et al. 2014,Changeat et al. 2022,Infrared Array Camera (IRAC),Infrared Array Camera (IRAC),True,unknown,True,4.0,4.0,0.0,0.005562974902475771,0.0,3.0,1.0,0.0,0.0,0.003264293625143286,1.0,0.0,False,False
LHS 475 b,Transmission,536,545,Lustig-Yaeger et al. 2023,Lustig-Yaeger et al. 2023,Near Infrared Spectrograph (NIRSpec) - G395H,Near Infrared Spectrograph (NIRSpec) - G395H,True,unknown,True,3226.0,2.0,0.0011734670040589223,0.0005218904066250633,2262.8220354219916,3225.0,1.0,0.7016502435417028,0.009856999339172952,0.0009071464307389006,1.0,0.665246081802004,True,
HD 189733 b,Transmission,37,264,Sing et al. 2016,McCullough et al. 2014,Wide Field Camera 3,Wide Field Camera 3,True,unknown,True,28.0,28.0,0.03319059351593351,0.0026636013453257916,0.0010062034103247679,27.0,1.0,3.72667929749914e-05,-4.813318108096885e-05,0.018380065119279542,1.0,3.84363634191296e-05,True,
HAT-P-26 b,Transmission,1043,1044,Gressier et al. 2025,Gressier et al. 2025,Near Infrared Spectrograph (NIRSpec) - G395H,Near Infrared Spectrograph (NIRSpec) - G395H,True,unknown,True,214.0,214.0,0.0014429310628005468,0.00106199646685691,67.23530040592706,213.0,1.0,0.3156586873517703,0.003130198147108199,0.0018559028528625813,1.0,0.30372934889231024,True,
KOI-13 b,Eclipse,357,605,Beatty et al. 2017,Changeat et al. 2022,Wide Field Camera 3,Wide Field Camera 3,True,unknown,True,15.0,15.0,0.0,0.002561652361650444,0.0,14.0,1.0,0.0,0.0,0.017276861153198663,1.0,0.0,True,
KELT-9 b,Eclipse,511,603,Changeat &amp; Edwards 2021,Changeat et al. 2022,Wide Field Camera 3,Wide Field Camera 3,True,unknown,True,24.0,0.0,8.769838475467952e-19,0.0010306697566833298,2.2190088823932898e-29,23.0,1.0,9.647864706057782e-31,8.97953599251754e-18,0.007447923461584842,1.0,9.425688198806637e-31,True,
HAT-P-7 b,Eclipse,153,648,Christiansen et al. 2010,Changeat et al. 2022,Infrared Array Camera (IRAC),Infrared Array Camera (IRAC),True,unknown,True,4.0,4.0,0.0,0.015872367880782327,0.0,3.0,1.0,0.0,0.0,0.00995004671613066,1.0,0.0,False,False
TOI-776 b,Transmission,951,953,Alderson et al. 2025,Alderson et al. 2025,Near Infrared Spectrograph (NIRSpec),Near Infrared Spectrograph (NIRSpec),True,unknown,True,105.0,105.0,-4.517775121431193e-05,0.0004577852194814591,11.104968113358709,104.0,1.0,0.10677853955152604,0.000580858396890791,0.0008311144623479897,1.0,0.10307300503381682,True,
TOI-5205 b,Transmission,1599,1600,Ca&ntilde;as et al. 2026,Ca&ntilde;as et al. 2026,Near Infrared Spectrograph (NIRSpec) - PRISM,Near Infrared Spectrograph (NIRSpec) - PRISM,True,unknown,True,469.0,0.0,0.0007263042418440513,0.0013157258028685926,206.27952187055823,468.0,1.0,0.44076820912512443,-0.009189842742791372,0.0013380630221953888,1.0,0.3407062782147839,True,
TOI-270 d,Transmission,1582,1583,Holmberg &amp; Madhusudhan 2024,Holmberg &amp; Madhusudhan 2024,Near Infrared Spectrograph (NIRSpec) - G395H,Near Infrared Spectrograph (NIRSpec) - G395H,True,unknown,True,34.0,0.0,4.312690250790463e-05,0.00066195652871918,0.4358351542874047,33.0,1.0,0.013207125887497112,-9.097187082418733e-05,0.0011192858520884977,1.0,0.013413414087897242,True,
TOI-5205 b,Transmission,1600,1602,Ca&ntilde;as et al. 2026,Ca&ntilde;as et al. 2026,Near Infrared Spectrograph (NIRSpec) - PRISM,Near Infrared Spectrograph (NIRSpec) - PRISM,True,unknown,True,469.0,1.0,-0.016690112184809383,0.0017461105633908957,215.0581185974374,468.0,1.0,0.45952589443896885,-5.734490454477823e-05,0.0018278089129974227,1.0,0.4605077822185733,True,
TOI-5205 b,Transmission,1600,1604,Ca&ntilde;as et al. 2026,Ca&ntilde;as et al. 2026,Near Infrared Spectrograph (NIRSpec) - PRISM,Near Infrared Spectrograph (NIRSpec) - PRISM,True,unknown,True,469.0,1.0,0.014639488693278397,0.001827568021140805,212.27653689142178,468.0,1.0,0.45358234378508927,-0.0007099335886244217,0.0018759322053635873,1.0,0.45424693301016295,True,
TOI-5205 b,Transmission,1605,1606,Ca&ntilde;as et al. 2026,Ca&ntilde;as et al. 2026,Near Infrared Spectrograph (NIRSpec) - PRISM,Near Infrared Spectrograph (NIRSpec) - PRISM,True,unknown,True,469.0,0.0,0.0022309747694565533,0.0027836439377462783,92.37696784097054,468.0,1.0,0.1973866834208772,-0.00970048937907294,0.002847864416945725,1.0,0.17296476551091983,True,
TOI-776 b,Transmission,950,952,Alderson et al. 2025,Alderson et al. 2025,Near Infrared Spectrograph (NIRSpec),Near Infrared Spectrograph (NIRSpec),True,unknown,True,105.0,105.0,-0.00020774816393672295,0.00046046855059563816,15.682326816487734,104.0,1.0,0.15079160400468974,0.001112521607185825,0.0008386845440077602,1.0,0.1351718817151117,True,
TOI-270 d,Transmission,1581,1583,Holmberg &amp; Madhusudhan 2024,Holmberg &amp; Madhusudhan 2024,Near Infrared Spectrograph (NIRSpec) - G395H,Near Infrared Spectrograph (NIRSpec) - G395H,True,unknown,True,3393.0,0.0,0.0006721202413806954,0.0006374939901187898,247.63816642260852,3392.0,1.0,0.07300653491232563,-0.00019381418111852233,0.0010751534965348596,1.0,0.07301848139302895,True,
GJ 1132 b,Transmission,1083,1087,Bennett et al. 2025,Bennett et al. 2025,Near Infrared Spectrograph (NIRSpec) - G395M,Near Infrared Spectrograph (NIRSpec) - G395M,True,unknown,True,58.0,0.0,-0.0018508059527997534,0.001012925249117584,4.310104276535027,57.0,1.0,0.0756158645006145,-0.00038499352734482637,0.0018173608537697201,1.0,0.0761647715015669,True,
GJ 1132 b,Transmission,1082,1090,Bennett et al. 2025,Bennett et al. 2025,Near Infrared Spectrograph (NIRSpec) - G395M,Near Infrared Spectrograph (NIRSpec) - G395M,True,unknown,True,64.0,0.0,0.0012662375355661638,0.0010422872961366855,3.6041006196114576,63.0,1.0,0.05720794634303901,-0.00013801866160220968,0.0017928235269632459,1.0,0.05803506595032709,True,
GJ 1132 b,Transmission,1082,1086,Bennett et al. 2025,Bennett et al. 2025,Near Infrared Spectrograph (NIRSpec) - G395M,Near Infrared Spectrograph (NIRSpec) - G395M,True,unknown,True,58.0,0.0,0.002988258911045493,0.0010455787046028545,1.997956794129075,57.0,1.0,0.03505187358121184,0.00037470312563334633,0.0018876217624174477,1.0,0.034974149957897785,True,
TOI-270 d,Transmission,1579,1583,Holmberg &amp; Madhusudhan 2024,Holmberg &amp; Madhusudhan 2024,Near Infrared Spectrograph (NIRSpec) - G395H,Near Infrared Spectrograph (NIRSpec) - G395H,True,unknown,True,3393.0,0.0,-7.786255812403635e-05,0.000661266972653765,14.568829002201346,3392.0,1.0,0.004295055719988604,0.002700501592049367,0.0011173513376190505,1.0,0.0025737336836189517,True,
TOI-270 d,Transmission,1579,1581,Holmberg &amp; Madhusudhan 2024,Holmberg &amp; Madhusudhan 2024,Near Infrared Spectrograph (NIRSpec) - G395H,Near Infrared Spectrograph (NIRSpec) - G395H,True,unknown,True,3393.0,0.0,-0.0007452490097327627,0.000637747309231968,251.28007334897063,3392.0,1.0,0.07408021030335218,0.002887142724567604,0.00107644601412748,1.0,0.07198064839387192,True,
HD 189733 b,Eclipse,456,597,Charbonneau et al. 2008,Changeat et al. 2022,Infrared Array Camera (IRAC),Infrared Array Camera (IRAC),True,unknown,True,4.0,4.0,0.0,0.013779538069036737,0.0,3.0,1.0,0.0,0.0,0.008225597959883767,1.0,0.0,False,False
TOI-270 d,Transmission,1580,1581,Holmberg &amp; Madhusudhan 2024,Holmberg &amp; Madhusudhan 2024,Near Infrared Spectrograph (NIRSpec) - G395H,Near Infrared Spectrograph (NIRSpec) - G395H,True,unknown,True,34.0,0.0,-1.9541120265118894e-06,0.0006136811696644278,0.4800465387225942,33.0,1.0,0.014546864809775581,-0.00013977652198352345,0.0010349050083899066,1.0,0.01443139835755955,True,
GJ 1132 b,Transmission,1081,1089,Bennett et al. 2025,Bennett et al. 2025,Near Infrared Spectrograph (NIRSpec) - G395H,Near Infrared Spectrograph (NIRSpec) - G395H,True,unknown,True,62.0,0.0,-0.0026026720619335133,0.0009734440809412759,4.95844366739693,61.0,1.0,0.0812859617606054,-0.0008559271675811396,0.0016504053304718033,1.0,0.07815801270104492,True,
GJ 1132 b,Transmission,1083,1091,Bennett et al. 2025,Bennett et al. 2025,Near Infrared Spectrograph (NIRSpec) - G395M,Near Infrared Spectrograph (NIRSpec) - G395M,True,unknown,True,64.0,0.0,-0.0037320691077621392,0.0009928197856909952,4.168054121476832,63.0,1.0,0.06615958922979098,-0.00018313790887148658,0.001693818403123788,1.0,0.06703812738959468,True,
L 168-9 b,Transmission,907,908,Alam et al. 2025,Alam et al. 2025,Mid-Infrared Instrument (MIRI) - LRS,Mid-Infrared Instrument (MIRI) - LRS,True,unknown,True,48.0,0.0,-0.002906192163346516,0.0012440641395720618,1.5234744357090992e-05,47.0,1.0,3.241434969593828e-07,1.775845923013436e-07,0.0007724051452345892,1.0,3.30040982567684e-07,True,
NGTS-2 b,Transmission,1645,1647,Fairman et al. 2026,Fairman et al. 2026,Near Infrared Spectrograph (NIRSpec) - G395H,Near Infrared Spectrograph (NIRSpec) - G395H,True,unknown,True,238.0,0.0,-0.0008185094292896867,0.0009587084076293794,29.09381321766479,237.0,1.0,0.12275870555976703,-0.001225881661717995,0.0016230943059164023,1.0,0.12086175305295675,True,
GJ 1132 b,Transmission,1087,1091,Bennett et al. 2025,Bennett et al. 2025,Near Infrared Spectrograph (NIRSpec) - G395M,Near Infrared Spectrograph (NIRSpec) - G395M,True,unknown,True,58.0,0.0,-0.0018840142649284761,0.0010165284718006307,3.3262007003718725,57.0,1.0,0.05835439825213812,6.258561034524693e-05,0.0017899909555314218,1.0,0.0593746107991987,True,
GJ 1132 b,Transmission,1086,1090,Bennett et al. 2025,Bennett et al. 2025,Near Infrared Spectrograph (NIRSpec) - G395M,Near Infrared Spectrograph (NIRSpec) - G395M,True,unknown,True,58.0,0.0,-0.0017356761594856521,0.001037213398026826,2.432925793211024,57.0,1.0,0.04268290865282498,-0.00035528962595541386,0.0018615517947244784,1.0,0.04279463418931685,True,
NGTS-2 b,Transmission,1646,1647,Fairman et al. 2026,Fairman et al. 2026,Near Infrared Spectrograph (NIRSpec) - G395H,Near Infrared Spectrograph (NIRSpec) - G395H,True,unknown,True,60.0,0.0,-0.00024103426752176255,0.0009578582187626177,6.279462986149437,59.0,1.0,0.10643157603643114,9.177839438145172e-05,0.0016326978856817953,1.0,0.10821212268785246,True,
NGTS-2 b,Transmission,1644,1645,Fairman et al. 2026,Fairman et al. 2026,Near Infrared Spectrograph (NIRSpec) - G395H,Near Infrared Spectrograph (NIRSpec) - G395H,True,unknown,True,61.0,0.0,-0.0002759284048356643,0.0009884387463189829,5.229953595671995,60.0,1.0,0.08716589326119992,0.00042148602351239965,0.0016593107658974906,1.0,0.087549680323651,True,
L 98-59 c,Transmission,940,942,Scarsdale et al. 2024,Scarsdale et al. 2024,Near Infrared Spectrograph (NIRSpec),Near Infrared Spectrograph (NIRSpec),True,unknown,True,106.0,106.0,0.0017067750255325162,0.0005103763659668204,17.26654701167007,105.0,1.0,0.16444330487304828,-0.00034892881113254067,0.0009223370533355213,1.0,0.16464835559368193,True,
L 98-59 c,Transmission,939,941,Scarsdale et al. 2024,Scarsdale et al. 2024,Near Infrared Spectrograph (NIRSpec),Near Infrared Spectrograph (NIRSpec),True,unknown,True,104.0,0.0,0.0021391579143858865,0.0005181709557563752,14.251386812059426,103.0,1.0,0.1383629787578585,-0.0011836137264307743,0.000949328587979903,1.0,0.1244794178902854,True,
LHS 475 b,Transmission,546,553,Lustig-Yaeger et al. 2023,Lustig-Yaeger et al. 2023,Near Infrared Spectrograph (NIRSpec) - G395H,Near Infrared Spectrograph (NIRSpec) - G395H,True,unknown,True,56.0,0.0,0.0001469228335640186,0.0006099227085436468,0.9956868091846034,55.0,1.0,0.018103396530629152,0.00023990535038555857,0.0010570682534690942,1.0,0.017484794694523104,True,
TOI-270 d,Transmission,1578,1579,Holmberg &amp; Madhusudhan 2024,Holmberg &amp; Madhusudhan 2024,Near Infrared Spectrograph (NIRSpec) - G395H,Near Infrared Spectrograph (NIRSpec) - G395H,True,unknown,True,34.0,0.0,5.311941888642569e-05,0.0006624699176533577,0.431669392911866,33.0,1.0,0.01308089069429897,-7.919049114573383e-05,0.0011217297156898675,1.0,0.013333921544685589,True,
NGTS-2 b,Transmission,1644,1646,Fairman et al. 2026,Fairman et al. 2026,Near Infrared Spectrograph (NIRSpec) - G395H,Near Infrared Spectrograph (NIRSpec) - G395H,True,unknown,True,59.0,0.0,-0.0009732781433761106,0.0009935272903613991,6.513022438437796,58.0,1.0,0.11229349031789303,-0.0011315400908775335,0.0016921604496845156,1.0,0.10641875011448482,True,
LHS 475 b,Transmission,545,546,Lustig-Yaeger et al. 2023,Lustig-Yaeger et al. 2023,Near Infrared Spectrograph (NIRSpec) - G395H,Near Infrared Spectrograph (NIRSpec) - G395H,True,unknown,True,3337.0,3.0,0.0036864978324699384,0.000525409335672213,2272.170676824583,3336.0,1.0,0.6811063179929805,-0.003843572101230579,0.000921745695926595,1.0,0.6760967763211158,True,
GJ 1132 b,Transmission,1092,1094,Bennett et al. 2025,Bennett et al. 2025,Near Infrared Spectrograph (NIRSpec),Near Infrared Spectrograph (NIRSpec),True,unknown,True,64.0,0.0,-0.0020497679883389503,0.00049273319971904,7.745903091972328,63.0,1.0,0.12295084272971948,-0.0006717918165426874,0.0008394960849290124,1.0,0.11460534652395984,True,
HAT-P-30 b,Transmission,1756,1758,Claringbold et al. 2026,Claringbold et al. 2026,Near Infrared Spectrograph (NIRSpec) - G395H,Near Infrared Spectrograph (NIRSpec) - G395H,True,unknown,True,241.0,0.0,0.001499428840244014,0.0011234784366662488,27.148342008301988,240.0,1.0,0.11311809170125828,-0.003902834265150839,0.0019006939901802277,1.0,0.09594979144267081,True,
HD 15337 c,Transmission,1766,1767,Wallack et al. 2026,Wallack et al. 2026,Near Infrared Spectrograph (NIRSpec) - G395H,Near Infrared Spectrograph (NIRSpec) - G395H,True,unknown,True,104.0,104.0,-0.00045552546448128967,0.00069453209634104,24.09161066985916,103.0,1.0,0.23389913271707924,-0.0016752072286406266,0.0012763159352081911,1.0,0.21930261645090912,True,
HAT-P-7 b,Transmission,499,662,Changeat et al. 2022,Edwards et al. 2023,Wide Field Camera 3,Wide Field Camera 3,True,unknown,True,24.0,0.0,-0.014354668486462966,0.009877546792648337,0.3115571497241576,23.0,1.0,0.013545963031485113,-0.00129821575885993,0.07212920054327503,1.0,0.01414696384313241,True,
KELT-7 b,Transmission,1049,1050,Ahrer et al. 2025,Ahrer et al. 2025,Near Infrared Spectrograph (NIRSpec) - G395H,Near Infrared Spectrograph (NIRSpec) - G395H,True,unknown,True,60.0,0.0,0.0006261233143969772,0.00048101329225741415,4.608591830680915,59.0,1.0,0.07811172594374433,0.0003561002308201557,0.0008153071160785348,1.0,0.07616940276212612,True,
WASP-12 b,Eclipse,278,613,Stevenson et al. 2014,Changeat et al. 2022,Infrared Array Camera (IRAC),Infrared Array Camera (IRAC),True,unknown,True,4.0,4.0,0.0,0.011324515621326678,0.0,3.0,1.0,0.0,0.0,0.018869801084284477,1.0,0.0,False,False
WASP-79 b,Transmission,496,586,Skaf et al. 2020,Changeat et al. 2022,Wide Field Camera 3,Wide Field Camera 3,True,unknown,True,23.0,23.0,3.5460203386877065e-05,0.0020114470000731793,0.0001772238297258048,22.0,1.0,8.055628623900218e-06,-4.624107693986544e-08,0.01508687244479325,1.0,8.439229539602659e-06,True,
WASP-76 b,Transmission,347,584,Edwards et al. 2020,Changeat et al. 2022,Wide Field Camera 3,Wide Field Camera 3,True,unknown,True,25.0,0.0,1.07118772293817e-05,0.0012836791333685727,0.0005048695797418606,24.0,1.0,2.103623248924419e-05,-1.3120957713814208e-05,0.00909947441402918,1.0,2.1860450837506454e-05,True,
WASP-94 A b,Transmission,1020,1022,Ahrer et al. 2025,Ahrer et al. 2025,Near Infrared Spectrograph (NIRSpec),Near Infrared Spectrograph (NIRSpec),True,unknown,True,223.0,0.0,-0.003800954879234937,0.0007228364476849412,58.353559916394076,222.0,1.0,0.26285387349727063,0.002869507143248687,0.001257251997553864,1.0,0.24047227543824398,True,
WASP-76 b,Eclipse,405,653,Edwards et al. 2020,Changeat et al. 2022,Wide Field Camera 3,Wide Field Camera 3,True,unknown,True,24.0,0.0,3.6324997059115594e-19,0.0013751947833203016,5.7304941937323974e-30,23.0,1.0,2.4915192146662597e-31,5.683088649556016e-18,0.009761673955309058,1.0,2.450707359761567e-31,True,
WASP-6 b,Transmission,1791,1792,Carter et al. 2020,Carter et al. 2020,Wide Field Camera 3,Wide Field Camera 3,True,unknown,True,28.0,0.0,-0.021841673195230758,0.004703542988362548,0.16925775100499518,27.0,1.0,0.006268805592777599,0.008661489248713626,0.03381580951463001,1.0,0.0039865941597152345,True,
WASP-6 b,Transmission,1779,1780,Carter et al. 2020,Carter et al. 2020,FORS2,FORS2,True,unknown,True,34.0,0.0,-0.02597342529771569,0.004738524470786506,0.09477016910735579,33.0,1.0,0.002871823306283509,0.018004510978640864,0.0646856224568339,1.0,0.0005405545788859673,True,
WASP-6 b,Transmission,1779,1781,Carter et al. 2020,Carter et al. 2020,FORS2,FORS2,True,unknown,True,34.0,0.0,-0.039285649617950495,0.004713907120780576,0.1832953988685098,33.0,1.0,0.005554406026318478,0.026230113209375898,0.06439082586264765,1.0,0.000542341245219724,True,
WASP-6 b,Transmission,1780,1781,Carter et al. 2020,Carter et al. 2020,FORS2,FORS2,True,unknown,True,34.0,0.0,-0.013310490661204658,0.004719974426770765,0.024101614391775394,33.0,1.0,0.000730351951265921,0.00822100192084585,0.0642626732710599,1.0,0.0002417504597805418,True,
WASP-6 b,Transmission,1792,1793,Carter et al. 2020,Carter et al. 2020,Wide Field Camera 3,Wide Field Camera 3,True,unknown,True,28.0,0.0,-0.007934987544136744,0.004734112242527981,0.024854517847505544,27.0,1.0,0.0009205376980557609,0.0032407131840448506,0.033927184347761576,1.0,0.0006050196924860523,True,
TOI-836 c,Transmission,838,840,Wallack et al. 2024,Wallack et al. 2024,Near Infrared Spectrograph (NIRSpec),Near Infrared Spectrograph (NIRSpec),True,unknown,True,106.0,106.0,8.293556641979146e-05,0.00041287802280082046,13.284630443911762,105.0,1.0,0.12652028994201678,-0.00015613543202785501,0.0007638263981121356,1.0,0.12733505863175615,True,
TOI-836 b,Transmission,775,777,Alderson et al. 2024,Alderson et al. 2024,Near Infrared Spectrograph (NIRSpec),Near Infrared Spectrograph (NIRSpec),True,unknown,True,105.0,105.0,0.00023932545876656315,0.0004733556791825767,8.73175715315112,104.0,1.0,0.08395920339568384,0.00017041357268814298,0.000867896399043382,1.0,0.0844000279008106,True,
TOI-836 b,Transmission,776,778,Alderson et al. 2024,Alderson et al. 2024,Near Infrared Spectrograph (NIRSpec),Near Infrared Spectrograph (NIRSpec),True,unknown,True,104.0,0.0,-0.000602233832547088,0.000503628213106966,10.920818430392515,103.0,1.0,0.10602736340186908,0.000740808784316156,0.0009256563852797743,1.0,0.10078752942597219,True,
WASP-121 b,Transmission,992,994,Gapp et al. 2025,Gapp et al. 2025,Near Infrared Spectrograph (NIRSpec),Near Infrared Spectrograph (NIRSpec),True,unknown,True,1747.0,1747.0,-0.009496578223953053,0.0010917297949043882,882.6102112474903,1746.0,1.0,0.5055041301532017,-0.00633762020025713,0.0018214517500294467,1.0,0.4988560194324157,True,
WASP-107 b,Transmission,768,772,Welbanks et al. 2024,Welbanks et al. 2024,Near Infrared Camera (NIRCam),Near Infrared Camera (NIRCam),True,unknown,True,72.0,0.0,-0.0027062841990100886,0.0018483509887282418,8.290236808555285,71.0,1.0,0.11676389871204627,-0.00018007891451566856,0.006225315564497099,1.0,0.11842000063652901,True,
WASP-107 b,Transmission,767,771,Welbanks et al. 2024,Welbanks et al. 2024,Near Infrared Camera (NIRCam),Near Infrared Camera (NIRCam),True,unknown,True,100.0,0.0,0.001058993154162325,0.0011634066582324723,10.727613702514752,99.0,1.0,0.10835973436883588,-8.3186944859156e-05,0.002818694554333799,1.0,0.10945655826748338,True,
GJ 1132 b,Transmission,560,1085,May et al. 2023,Bennett et al. 2025,Near Infrared Spectrograph (NIRSpec),Near Infrared Spectrograph (NIRSpec) - G395H,False,unknown,True,53.0,0.0,-0.0005307150712664069,0.0009513719791660658,3.786451706671308,52.0,1.0,0.07281637897444823,7.45334632804247e-05,0.0017088687301191785,1.0,0.07420685057958767,True,
WASP-166 b,Transmission,1586,1587,Mayo et al. 2025,Mayo et al. 2025,Near Infrared Imager and Slitless Spectrograph (NIRISS),Near Infrared Imager and Slitless Spectrograph (NIRISS),True,unknown,True,109.0,12.0,0.00019310864007694633,0.00043794363780913194,11.416123445321388,108.0,1.0,0.10570484671593877,4.4387371538037044e-05,0.0012683403939836705,1.0,0.10668129622426609,True,
WASP-15 b,Transmission,972,973,Kirk et al. 2025,Kirk et al. 2025,Near Infrared Spectrograph (NIRSpec),Near Infrared Spectrograph (NIRSpec),True,unknown,True,60.0,0.0,-0.00034763617758901073,0.000989017421120475,4.842752149053481,59.0,1.0,0.08208054489921153,-0.0004471771265465619,0.0016941772216178775,1.0,0.08229453177435529,True,
WASP-15 b,Transmission,971,973,Kirk et al. 2025,Kirk et al. 2025,Near Infrared Spectrograph (NIRSpec),Near Infrared Spectrograph (NIRSpec),True,unknown,True,239.0,0.0,-0.004255810011674578,0.0009883193479729212,42.71607525801947,238.0,1.0,0.17947930780680452,-0.0023710855897016133,0.0016814423088201338,1.0,0.17184621396057764,True,
WASP-17 b,Transmission,911,913,Louie et al. 2025,Louie et al. 2025,Near Infrared Imager and Slitless Spectrograph (NIRISS),Near Infrared Imager and Slitless Spectrograph (NIRISS),True,unknown,True,118.0,0.0,0.00011197785253557134,0.0007080503997512095,1.547635431065958,117.0,1.0,0.013227653256974,0.0003229174877436172,0.002063015958670741,1.0,0.013130472080936024,True,
WASP-18 b,Eclipse,260,481,Coulombe et al. 2023,Coulombe et al. 2023,Near Infrared Imager and Slitless Spectrograph (NIRISS),Near Infrared Imager and Slitless Spectrograph (NIRISS),True,unknown,True,408.0,0.0,0.0010463225018482215,0.0007034827196644621,116.50965161305353,407.0,1.0,0.28626450027777284,0.004570831385540488,0.0019221093892107359,1.0,0.2730409627679265,True,
WASP-18 b,Eclipse,259,481,Coulombe et al. 2023,Coulombe et al. 2023,Near Infrared Imager and Slitless Spectrograph (NIRISS),Near Infrared Imager and Slitless Spectrograph (NIRISS),True,unknown,True,408.0,0.0,0.0011331221656676095,0.0006958874285475426,70.2079452103699,407.0,1.0,0.17250109388297272,0.001241171041179203,0.0018368491060449983,1.0,0.1718013936403766,True,
WASP-18 b,Eclipse,259,260,Coulombe et al. 2023,Coulombe et al. 2023,Near Infrared Imager and Slitless Spectrograph (NIRISS),Near Infrared Imager and Slitless Spectrograph (NIRISS),True,unknown,True,408.0,0.0,9.856832451364025e-05,0.0006542202624619823,75.22673190367794,407.0,1.0,0.18483226511960182,-0.0033283977091988983,0.0018504507475968499,1.0,0.177318782917183,True,
TOI-836 c,Transmission,839,840,Wallack et al. 2024,Wallack et al. 2024,Near Infrared Spectrograph (NIRSpec),Near Infrared Spectrograph (NIRSpec),True,unknown,True,105.0,105.0,-0.0011722220730155202,0.0004182718711290947,16.70257794627338,104.0,1.0,0.1606017110218594,0.0009254262571162167,0.0007659356370761423,1.0,0.14798794864857298,True,
GJ 1132 b,Transmission,557,1084,May et al. 2023,Bennett et al. 2025,Near Infrared Spectrograph (NIRSpec),Near Infrared Spectrograph (NIRSpec) - G395H,False,unknown,True,53.0,0.0,-0.001553365788863051,0.000939891029616276,3.8063848547063555,52.0,1.0,0.07319970874435298,0.0019349149050891955,0.001687982070192991,1.0,0.048870723360287284,True,
TOI-5205 b,Transmission,1599,1603,Ca&ntilde;as et al. 2026,Ca&ntilde;as et al. 2026,Near Infrared Spectrograph (NIRSpec) - PRISM,Near Infrared Spectrograph (NIRSpec) - PRISM,True,unknown,True,469.0,1.0,0.01582198802440433,0.00178089120705104,229.7905311684943,468.0,1.0,0.4910054084796887,-0.000953685015389431,0.0017445708289864478,1.0,0.49141690645108305,True,
GJ 1132 b,Transmission,558,560,May et al. 2023,May et al. 2023,Near Infrared Spectrograph (NIRSpec),Near Infrared Spectrograph (NIRSpec),True,unknown,True,58.0,0.0,-0.0016478685361830797,0.000933253666005434,4.6971191718793275,57.0,1.0,0.08240559950665487,0.0008937832122530201,0.0016147892401192393,1.0,0.07840640582711715,True,
GJ 1132 b,Transmission,558,1085,May et al. 2023,Bennett et al. 2025,Near Infrared Spectrograph (NIRSpec),Near Infrared Spectrograph (NIRSpec) - G395H,False,unknown,True,53.0,0.0,-0.0020089674097186613,0.0009340592028249729,1.7949079105624626,52.0,1.0,0.03451745981850889,0.0006035674212878475,0.0016751826162821539,1.0,0.03264886660996571,True,
WASP-31 b,Transmission,69,291,Sing et al. 2015,McGruder et al. 2020,Space Telescope Imaging Spectrograph,IMACS spectrograph,False,unknown,True,30.0,5.0,0.09784116946308155,0.6062884513591786,0.012245566923792875,29.0,1.0,0.00042226092840665086,-0.2159461707956366,4.533136540332336,1.0,0.00035629496718165345,True,
WASP-18 b,Transmission,508,682,Changeat et al. 2022,Edwards et al. 2023,Wide Field Camera 3,Wide Field Camera 3,True,unknown,True,25.0,0.0,1.2985616078977991e-17,0.0012695899110639192,2.203313910253925e-27,24.0,1.0,9.180474626058021e-29,-1.3445510724799344e-16,0.008911112140250692,1.0,8.589790362317201e-29,True,
WASP-19 b,Eclipse,287,617,Anderson et al. 2013,Changeat et al. 2022,Infrared Array Camera (IRAC),Infrared Array Camera (IRAC),True,unknown,True,4.0,4.0,0.0,0.026429511811972426,0.0,3.0,1.0,0.0,0.0,0.03268790569860653,1.0,0.0,False,False
WASP-18 b,Eclipse,59,615,Arcangeli et al. 2018,Changeat et al. 2022,Infrared Array Camera (IRAC),Infrared Array Camera (IRAC),True,unknown,True,4.0,4.0,0.0,0.013178580553061842,0.0,3.0,1.0,0.0,0.0,0.007812175292145548,1.0,0.0,False,False
GJ 1132 b,Transmission,556,560,May et al. 2023,May et al. 2023,Near Infrared Spectrograph (NIRSpec),Near Infrared Spectrograph (NIRSpec),True,unknown,True,59.0,0.0,0.0010978684502978915,0.00093102805901941,7.143827701718283,58.0,1.0,0.12316944313307385,-0.00044230129754568626,0.0016029828438339751,0.9999999999999999,0.12399462625201903,True,
WASP-33 b,Eclipse,650,1678,Changeat et al. 2022,Haynes et al. 2015,Wide Field Camera 3,Wide Field Camera 3,True,unknown,True,11.0,0.0,3.267586110297843e-19,0.0009853616046555341,2.2032692554748247e-29,10.0,1.0,2.2032692554748246e-30,1.9545000642605045e-17,0.00774688663820471,1.0,1.7408244902758485e-30,True,
WASP-15 b,Transmission,970,971,Kirk et al. 2025,Kirk et al. 2025,Near Infrared Spectrograph (NIRSpec),Near Infrared Spectrograph (NIRSpec),True,unknown,True,60.0,0.0,-0.0010662725187457409,0.0010054812480287812,6.015925059882108,59.0,1.0,0.10196483152342556,-0.00028125318605262017,0.0017060211959182242,1.0,0.1032542504148038,True,
WASP-96 b,Transmission,340,984,Nikolov et al. 2018,Nikolov et al. 2022,FORS2,FORS2 Spectrograph,False,unknown,True,48.0,0.0,0.10001306221438017,0.004759883930003519,0.047746608647548414,47.0,1.0,0.0010158852903733705,-0.0007398961608761754,0.04670973302776432,1.0,0.0010325150773738384,True,
XO-2 N b,Transmission,92,217,Pearson et al. 2019,Pearson et al. 2019,KOSMOS,GMOS,False,unknown,True,60.0,2.0,-0.004553635500136314,0.0035049490941771746,7.390254095661604,59.0,1.0,0.12525854399426448,-0.021199563654287094,0.07970790454694196,0.9999999999999999,0.12619855819447648,True,
