t_bmjd,bin00,bin01,bin02,bin03,bin04,bin05,bin06,bin07
60821.20343484612,0.999903709996965,0.9999045583681571,0.9996217235152788,0.9991625684997547,0.9996009441107097,1.000801509902008,0.9755529838260267,0.9976837578009711
60821.20361254471,1.000608611571867,1.00052319426922,1.0013401180565256,1.0018605360012973,1.0005496730536267,1.0025473440111548,1.3750699286364128,1.0043900231341576
60821.20379024331,1.001056353995243,0.999467895699437,0.9998808960530775,0.9992583643702585,0.999409496765371,1.0013237918452282,0.5047712196811145,0.991949992707032
60821.2039679419,1.0010578645936814,1.0004959605822303,1.0007825759921234,1.0021949596862285,1.0013642241634426,0.9995129326827706,0.7726038266056242,1.0010474095412654
60821.2041456405,1.0001349877260317,1.0002436366509704,1.0002765639467162,1.0008450801359443,0.9988090747245615,0.9989802908289754,0.9727024591707596,1.0026986094624133
60821.204323339094,1.0000297409571413,0.9999016328170534,1.0004200220276318,0.9998694951309216,0.9996203071017261,1.001513720300755,1.0221337830762587,0.9980382138403168
60821.20450103769,1.0004490141850757,1.0019460534864675,1.0021828024283668,1.0028130934393447,1.0027934210646872,1.0032506058864725,1.250940362639576,0.9999269878367566
60821.204678736285,1.000992113711848,0.999957515540411,1.0014516819669967,1.0019800256228888,1.0016077883986347,1.0018792771354132,0.2453652848252427,0.9980822002737284
60821.20485643487,1.0000285546957888,1.0006276027646912,1.0000425036285554,0.9997911996434731,0.9999569943506145,1.0022469256413347,0.5809272653332149,0.9982236461380468
60821.20503413347,1.0002427508768186,1.0002724195325252,1.000807295525598,1.0013841393876493,1.000539314466774,1.0009395165802033,1.0805318533773682,0.9892587432441374
60821.205211832064,1.0008473524388288,1.0007292578216367,1.001790718222324,1.0016742857111924,1.002693836410122,1.0020632024826186,1.3567688608307629,1.0060468826864934
60821.20538953066,1.0004273666847823,0.9999828915360021,1.0001222727229122,1.0004462833242496,0.9992392169347557,0.9990899795069027,1.2086972459339396,1.0006435676786358
60821.205567229255,1.0003802554921941,1.0000248222588106,1.0001409967781765,0.999298491870439,0.9998859518004978,0.9990826955399382,1.2689354957831667,1.0048701105535673
60821.20574492784,1.0006749709703868,1.0001914611491185,1.000912827979048,1.0019526875267726,1.0008618595579892,1.0002536584590167,1.7399979142667468,1.010102257476576
60821.20592262644,1.0009637440638899,1.0005934923731448,1.0011911202290018,1.0015511158105572,1.0009910916319147,1.0004763699935,0.9661452415543915,0.9969895964277725
60821.20610032504,1.0005232219871745,1.0006204710651034,1.0010514202283884,1.0012382557881356,1.0030650144281783,1.0013168552372091,0.466559387159604,1.0021381585033249
60821.20627802364,1.0006435461224705,1.0009644151101484,1.0018392610097866,1.000520123807113,1.0009900415176964,1.0020108805150285,1.314881216260651,1.0030248033032407
60821.206455722226,0.9995830861707953,0.9991829733919769,1.0001372504707573,0.9994787163367064,0.9991141401534983,0.9999516257502371,0.4504048598863463,1.007011752919939
60821.20663342082,1.0004541097237887,1.0004958767929666,1.0002302443636857,0.9998018911221214,0.9999309201075094,0.9987996679708632,1.5002286644942389,1.0064846783595864
60821.206811119424,0.9999474105727693,1.0002262050382784,1.0005045358138984,1.0010230214613465,1.0015858123888939,1.0041909715730253,0.540628483949033,0.9980525630701047
60821.20698881802,1.0002946680434157,0.999692217875458,1.0005766308589858,1.0006036388951403,0.9981615910251583,0.9985189237831755,0.8608832706916639,0.9939983846282294
60821.207166516615,1.001308015725482,0.9997367152338886,1.000263981375417,1.0013738052528203,0.9996084242694393,1.000055244008494,0.2722827123894102,0.9929978240375965
60821.2073442152,1.0002656991103773,0.9995671041824322,1.00002851711345,1.0007175197049247,1.00113935140375,0.9998768537128571,0.6111137456639003,1.0019592243270188
60821.2075219138,1.000211029540494,1.0009091996177442,1.0014799967408963,1.00165625400749,1.0033938947748335,1.0020816314279215,0.38133358865652844,1.015149210366865
60821.207699612394,1.0011715972085355,1.001218518384405,1.002546785642862,1.0007957087212165,1.0013791153406382,1.0024020001183227,1.0655319386490736,1.0052933782981148
60821.20787731099,0.999960365285268,1.0004339320433466,1.0006687866766812,0.9997589142615491,1.0001253579551082,0.9996372257491581,0.8936105006115967,1.0032900067431743
60821.20805500958,1.0006548540703444,1.0001368644640025,1.0007574837973892,1.0004475366524277,1.0004452292510766,1.0008462124330468,0.8625897462488702,1.0029177742587463
60821.20823270817,1.0007172180298491,1.001054385917521,1.0003798134511033,1.0008308586208847,1.0011615632710027,1.0015181231800556,0.7452516963821408,1.0023924325196107
60821.20841040677,1.0007021765128465,1.0014391360593506,1.0015254938725198,1.0017176275312296,1.0024764376757491,1.0053940852838676,1.0537279933794552,1.0029230101030464
60821.208588105364,0.9992089151841544,1.0006453321738566,1.0007584182562255,1.001395921678085,0.9994093791154065,0.9980256146107943,0.38435899652473043,0.9949760585502275
60821.20876580395,1.0010200234719746,1.0019138771397398,1.0018917647672365,1.0015057544397052,1.0023260200585906,1.001923970390902,0.5313444685604537,1.0009199446675756
60821.208943502555,0.9991608851390633,0.999593182230489,0.9998545283159804,0.9985718666704615,1.0001993371078168,0.9999834476416318,1.6374245987699896,0.9914906744031865
60821.20912120115,1.0007838799173205,1.0004874853526333,1.0005301984983377,1.0009337140466434,1.0011576934607136,1.002167889233368,1.344480643892199,1.0037955491706383
60821.20929889975,1.000717394661241,1.001116723497325,1.0012441495851636,1.0007021278204629,1.0010936034101645,1.0014217024249066,1.0314176781602125,0.9916686622169918
60821.209476598335,1.0010858869793993,1.0007710189709358,1.0013507663541477,1.0001597008269225,1.0011659817427387,1.0020466401434829,0.36855663476181166,1.0150711290141792
60821.20965429694,1.0007913161296982,1.0001934895021993,1.0002905532124955,1.0006082485047174,1.0009386606371005,1.0002084681635721,0.9371060492026009,0.9992261877774989
60821.20983199553,1.0001725232815848,1.000350640618628,0.9998835507831845,0.9992821825595106,0.9987921167738958,1.0003155456469022,0.14616591604817727,0.9970444234586985
60821.21000969413,1.0005165699997143,1.001101320963162,1.000885397271644,1.0001334991625273,0.999939307081685,0.9964349466701095,1.6444958383379265,0.9950322441354245
60821.21018739272,1.001614988468351,1.0012947724177976,1.000920628779357,1.0014585488996943,1.0013130310023792,1.0027375616741723,0.8986386020565634,1.0089262493656048
60821.21036509131,0.9997918293961058,0.9989163305647565,0.999614561971515,0.9991943633010367,0.9983530474776822,1.0008034074575174,0.8365939700828774,0.9973336845903985
60821.21054278991,1.0012077338680814,1.0006209942945954,1.0004394810628825,1.0007777669264908,1.0011603310130797,1.002323524279735,0.8140775473444156,1.0066193826887362
60821.2107204885,0.9999818970827682,0.9999326763764651,0.9997097886412198,0.9995128798994093,1.0003495183098805,0.9983189444825696,0.9792972573824488,0.9997001016550512
60821.21089818709,0.999732200299836,0.9997624218524829,0.9998675024731736,1.000596815277011,1.0003030320767063,1.0001213485184142,0.7093672432689114,1.0081753936871338
60821.21107588569,0.9996941274648219,0.9995755153912282,0.9993039303821006,1.000016955316875,0.9994013975039052,0.9998998406773986,0.8388640903295608,0.9924510932836454
60821.21125358428,1.0014289793033433,1.00108860929762,1.0006464413046063,1.0012744424506916,1.0009365953505176,1.0010040070981296,0.7653757810547067,1.0013426609952252
60821.21143128287,1.000310038667167,1.0005761869884342,1.0009868575178664,1.0004183793782988,1.0004988867421254,0.9984881715408261,0.7340622180821418,0.986516368439201
60821.211608981466,0.9998559518226663,0.9995203601110221,1.0010440758198436,1.0005085045506357,0.9995758657104329,0.9959309947175694,1.4677457721002216,1.0006895231471529
60821.21178668007,1.0007103904880175,0.999438657780518,0.9991298147235647,0.9992805968047209,0.9986805663930723,0.9994827770364071,0.5128950464637498,0.9930586697297515
60821.211964378665,0.9999908305077557,1.0004458547840047,1.000180773058842,0.9991252548695806,1.0010393678916434,1.00054108222252,1.1139694026851028,1.0089610835259335
60821.21214207725,0.9991333707993877,0.9994709195487677,0.9998049857136768,0.9994259257190835,0.9991023989472352,0.997791313380447,0.9670414876525252,1.002142669087687
60821.21231977585,1.000223524211301,1.0004377553365595,1.0000635326382714,0.999966226025208,0.9995958875784234,1.0008845885531086,0.9564495157059955,1.004982712370519
60821.212497474444,1.000862473655362,1.0005951485713147,0.9996470116680005,1.0005942685460942,1.00052181138602,0.999429023326349,0.49385791875251495,1.001156714535668
60821.21267517304,1.0007271773939674,1.0005633634225124,1.000210057060092,1.0012117565220697,1.0010783840025779,1.0018273983586998,0.8076423886984344,0.9982988660083286
60821.212852871635,1.0003161546060473,1.0007183641292061,1.0002691650748339,1.001451851050619,1.0008264971010896,1.0020166147711806,1.3592127231484499,1.0082761259131623
60821.21303057023,1.0006532199222475,1.001195755271757,1.002068683582227,1.0017202467956219,1.0021208708601064,1.0011139166775638,1.0627645421538554,1.0102716842427033
60821.213208268826,1.000692218225749,1.0008303729637822,1.0005338722980013,1.0004393771170357,1.001710032165433,1.0026532885588924,1.254075231364688,1.0044488424435147
60821.213385967414,1.000123993806617,1.0002510148215735,0.9999665919688315,1.0014072477691902,1.0004547003520192,1.0006177623862984,0.6486875910775477,0.994050354446434
60821.21356366601,1.0001308259642514,0.9994438900754372,0.9989257574327338,0.9997080603838411,0.9990411986623255,0.9991167608885317,1.6558931446300869,0.995113299321759
60821.213741364605,1.0001263400192455,1.0002066756108439,1.0007121785527566,1.0003695091173903,0.9994361421590944,1.0009548071974597,1.1486595392230121,1.0032923667890778
60821.21391906319,1.0002076940074378,0.9995223781264664,0.9990844891239473,0.9998525511335982,0.9995693113249636,1.0005977797285122,0.5641823133272941,0.9937004881480094
60821.21409676179,0.9989570340494164,0.9998484065035287,0.9990460373476349,0.9983875375192897,0.9999042486932568,0.9990018136213198,1.7610030714705835,1.0013846814074248
60821.214274460384,0.9999667789434369,0.9995180065757996,0.9996826509355682,0.9995563765462535,0.9998232125871412,1.000115136536731,1.4883657559421652,0.9946371421866691
60821.21445215898,0.9999437268543122,1.0005322030659454,0.9996589251654525,0.9998398880161556,0.9985646953033587,1.0000796431003751,1.210588468515347,0.998516368726218
60821.21462985757,0.9992641411121508,0.9986036678447605,0.9974551423592792,0.9979238456503486,0.9973956061181122,0.9975828899867379,1.6785556814239597,0.9935362976029191
60821.21480755617,1.0011297061813393,1.0021117719644108,1.001035715202443,1.0014063247234124,1.0020915499983885,1.0036781045908134,1.1420233036599574,0.9936103875143659
60821.214985254766,0.9989251106947835,0.9988274856529421,0.9978347840583227,0.9981737233254907,0.9984085983339592,0.998247989449745,0.8023508405642348,0.9837419525995651
60821.215162953355,1.0005468884396689,0.9998629620769544,1.0013093636551946,1.0004950966526645,1.0012697058917932,1.004544551683127,1.001758690395108,0.9992856070609237
60821.21534065195,1.0004622721558267,1.000427737078707,1.0005780429447864,1.0005014583042753,1.001316851559524,1.0027873069124262,0.9216091292031796,1.0024594483629936
60821.21551835055,1.0006476794201327,1.0006489401903254,1.0000162766159197,1.0006409311571447,1.0020091433538225,1.0013888769930013,1.2975960649511078,0.9987825568720726
60821.21569604914,1.0003270402079534,1.0001853719185496,0.9996941735072878,0.9992768399995334,0.9985042462683021,0.9999418622159031,1.0158973793512829,0.9975746085662494
60821.21587374774,0.9995989560705635,1.0001222615550838,0.9987513236863027,1.0001505292979738,0.9989460032993315,0.999894351471567,0.43472298846166185,0.9943771273733738
60821.21605144633,1.00121132573206,1.0008702463155834,1.001374551868894,1.0006034122003027,1.0001887510271938,1.0005499145586956,1.2812774153048432,0.9930047515550983
60821.21622914492,1.0008884230839847,1.0001672491351146,1.0006355837357368,1.0002621464866046,1.0006486694583687,1.0021430195865808,0.6579952971332564,1.0002577294332968
60821.216406843516,1.0018325711101292,1.0018067233670351,1.0015895746650265,1.0017564143081574,1.001230905565391,1.0042361172024163,0.828551632747774,1.0016025682711325
60821.21658454211,0.9999799553683364,0.9997445887042293,0.9999683490991287,0.9993674753461625,1.000322705641326,0.9996258288274463,0.9447350899256437,0.9972831560410925
60821.2167622407,1.000930301033073,1.00156255655635,1.0013584519562462,1.0019197939283662,1.0007885703210284,1.0010947725433927,0.9168095662500151,1.0138636647312502
60821.216939939295,0.9994595517445628,0.9994675676155025,0.9983933505836011,0.999388143837635,0.9988040605685656,0.9981558218466242,1.1126931411398833,0.9968939960667252
60821.21711763789,1.0002989288910988,0.9998868791962775,0.9992381420814485,0.9995807025437722,1.0007600241276398,1.0009008581225713,0.914687689917812,0.9998041692982068
60821.21729533648,1.0004282924609895,1.000673169615085,1.0001835066782678,1.0002367437995139,1.000762671158913,1.0012736605729171,0.562156984960888,0.9886176823177324
60821.217473035074,1.0011273373512763,1.0011129362951585,1.0014284314032524,1.0021182341307728,1.0014081851042484,1.0032920920221784,0.4761996443997084,0.9992687710761344
60821.21765073368,1.0005629822058792,1.0008459613940386,1.0016570043476307,1.0015730609207736,1.000816415632874,1.0018766847463578,1.1727124283950778,1.0050956834312612
60821.217828432265,1.000033502990388,1.00049371912875,1.0004485283584412,1.0013432089174954,1.0009661938884553,1.0002697665506348,1.0072044159146267,0.9885602964495233
60821.21800613086,0.9999672816043759,0.9994710842255019,0.9992830332946907,0.9994959718361013,0.9995922421022686,0.9987407842801465,1.2065825207189038,1.0132574791969087
60821.21818382946,1.0001477330349375,0.9996869875755212,0.9997646601785066,0.9988407822017362,0.9993263148948931,1.0011324234357115,0.5765502525202051,0.9934124213133948
60821.21836152805,1.0003992347506747,1.0002821318326123,1.00086824517133,1.000532043844608,1.0007138077645268,0.9995856393026273,1.8697115829663014,1.0230218069949235
60821.21853922665,0.9999866070480763,0.9996810024467646,0.9996700359063205,1.000821323759114,0.9987925923919992,1.0012295653012773,0.9471099406046511,0.9961485199785218
60821.21871692524,1.0014159850487996,1.0004387479310166,1.002338430479541,1.0021637938041539,1.0020906476436044,1.004042663922165,0.5522596297285468,1.0092969595827517
60821.21889462383,1.000058792359192,1.0002064231548808,1.000844099098288,1.000702397029825,1.0010709748427211,1.000601260049101,0.7228932417926996,1.0011456264640248
60821.21907232243,0.9992880538946615,0.9988502614609333,0.998569611547493,0.9971267349919556,0.9971776438534187,0.99693286884423,0.655748278878643,0.993214415303916
60821.21925002102,1.00037066570003,1.0001388482020208,0.9999534101907949,0.9987710697682809,1.0002179282184178,1.0003101590272678,1.4225291385320806,0.9933420680854821
60821.21942771961,1.0000362760109271,0.9996868444808699,1.0000842605042413,1.0006512628520094,1.0003778329205584,1.0017260553628329,1.2775499458517587,0.999520471436828
60821.219605418206,1.000601777875632,1.0007687956536597,1.0012936997793263,1.0005089658517097,1.0018043318646364,1.0040732602149898,1.412644736487062,1.0084428672166272
60821.2197831168,1.0001766636568117,1.0002039715027937,1.0011810274574207,0.9997970804003594,0.9999328277840287,1.0012666768469536,0.8127121307278231,0.9989187977007777
60821.21996081539,0.9998134961289116,0.9989892707509128,0.9985561671351407,0.9986162048091348,0.9975136705525847,0.9975758905779241,1.7281640762177637,1.0013667379424211
60821.220138513985,0.9996922789896092,0.9995085202528171,0.9997527964132331,0.9993180501782881,0.9997204504542272,1.0011392406412616,0.6585695192857086,0.9923720044115408
60821.22031621257,0.9994148801576823,0.9984814885895785,0.9988500458019942,0.9974523619411975,0.9979948185760313,0.9979055651895745,1.0475017717473993,0.9844626333456136
60821.220493911176,1.0004519770689755,1.0009577453396823,1.0010485031940468,1.002248070530643,1.001242219477391,1.002761452831374,0.6316122340983857,1.0037902753596541
60821.22067160977,1.0001926294114205,1.0000436456438146,1.0002922117586506,1.0007291285361013,0.9998158746120183,0.998438741000478,1.7191417724453997,1.0092721884354625
60821.22084930836,1.0003698762438693,1.0000082357932358,1.0009121410808361,0.9998006328400769,1.0003193004833455,1.000357041937138,0.9207061799182068,0.9991610597196813
60821.221027006955,0.9999633970984914,0.9999027681434378,0.9998761260549704,1.0003880514390147,1.000705362430021,1.0010856324023636,1.1044461685572122,0.998459355073833
60821.22120470556,1.0008862402707799,1.0011487119529767,1.0030787936443224,1.0027866105875822,1.0027469381770096,1.0007412843792063,0.47762402897077993,1.0115135180859345
60821.22138240415,1.0009293234060126,1.000851867811669,1.0016816701879565,1.0019181900586922,0.9996952696445816,1.00129406368376,1.1564898215519845,1.008028241266983
60821.22156010274,1.0001564853665903,1.000948907567363,1.000116139160887,1.0006447167982708,1.001195384754985,0.9993524095718089,1.2269390105673683,1.0013300090059698
60821.22173780133,0.9999683777037112,0.9991398380624837,0.9987215081448856,0.9992513729861191,0.9979844140815305,0.998963225713384,1.1155276325758194,1.0033183491866022
60821.221915499926,1.0001541140747658,0.9999794634306793,1.0006362585309847,1.0007518703315348,1.0006199485557123,1.003181998111424,1.3160493064276624,0.9952061410495119
60821.22209319852,1.0016633586981178,1.0014049694455711,1.0016121890529799,1.0015403033688448,1.0016533432827208,1.0001460876829609,0.8773338314395208,1.0006798747118828
60821.22227089711,1.0008945811805319,1.0010112041593453,1.0007436257937543,1.0015183943405208,1.0017175898281676,1.0012832587549556,0.6045563703667125,0.9961442842863458
60821.222448595705,1.001978903448605,1.0016846449491488,1.002431390264117,1.0037720534908228,1.0034183066778384,1.003513236705743,0.6142496177062269,1.0152310796811308
60821.2226262943,0.9999581029263928,1.0001821701530553,1.0005609936096382,1.000867318411533,0.9994811920590513,0.9990944744246428,1.28830074034375,0.9891487755280827
60821.22280399289,0.9999061151380108,1.000130696159583,1.0002051248822694,1.0011146157138302,1.0015278479426635,1.001442191398199,0.8209709778442108,1.008168620673524
60821.222981691484,1.0001184963853291,1.000551856545017,1.0008585348534065,1.0008350823464571,1.000892206186144,1.0019229654856596,0.1847850965268309,1.0039137093603345
60821.22315939007,0.9998694565850138,1.000168636917462,1.0005740127678515,0.9993642006187122,0.9985437484055517,0.998415068154106,1.0988314658474543,1.0095187791167786
60821.223337088675,1.0002041464551672,1.0002912269576698,1.0008120238234934,1.0004229973429042,1.0015528778332392,1.0029436120074215,0.6355087087738551,1.002042325570177
60821.22351478727,1.0007762849213224,1.0001719135854796,1.0006518286638966,1.000629833609335,1.000685356731931,1.0017888614315937,1.3204401075523353,0.9942673824761262
60821.22369248586,1.0003649573365487,0.9994756026794228,0.9989793852254446,0.9995803490447445,1.0000638660544094,0.9998214422237315,0.1765812794324553,0.9985398428110318
60821.223870184454,0.9994694012525714,1.0004454342054288,0.9996601149968259,0.9988315326678777,0.9989472112094737,0.9985623853334978,0.9772069259741968,1.0006255928189103
60821.22404788304,0.999469978843378,0.9995683078823068,0.9997907000353102,1.0006698320132381,1.0001485178989318,1.0010836964724457,0.8827079266507494,0.9935015849610945
60821.224225581645,0.9994859395206037,1.0001158315452376,1.0000338075390025,1.0001248982894029,0.9993913394541658,0.9989007220368117,0.737381010387175,0.9948810633119822
60821.22440328024,1.0009457128913304,1.0015951821368563,1.0017045363175578,1.0018327593771048,1.001719993567492,1.0014043280009435,1.1970423417429443,1.0026474489164234
60821.22458097883,1.000411897282848,1.001026687580979,1.0008602030819327,1.0008812384801304,1.002144103661412,1.001571925442183,1.3482300169631247,0.9991515691370736
60821.224758677425,1.0007593376931507,1.0008039011787317,1.002241779290991,1.0028103632674976,1.0023075557051397,1.0027272109234926,1.1164703641475564,1.009541553350449
60821.22493637601,1.0014074478135633,1.00164626729011,1.0024337271263823,1.0020964188562171,1.0026696090670146,1.0030613993740802,1.0017455164546378,1.0083188328651427
60821.22511407461,1.0001856637032214,1.001482833611175,1.0015596464560188,1.0018034472022304,1.0015902947967874,1.002657438014433,0.8846026614264109,1.007874692862904
60821.2252917732,0.9997434980929436,1.0014047748441,1.0025239866296964,1.001658000947781,1.0034086030648803,1.0041182981462222,0.7918127224576039,1.0213838638090966
60821.22546947179,0.9997921405012232,1.0000138061470016,0.9997807013367661,0.9999354596317857,0.9990694316800579,1.0016585244768474,1.3422444740779689,1.0007554053899128
60821.22564717039,1.0006992250145943,1.0001835900364844,1.000234687361715,1.0007939943877178,1.0008181266685363,1.0051075133443321,0.47959837153619345,1.0096086139836353
60821.225824868976,1.0008763201409865,1.0016592546259564,1.0008980659940405,1.0004494047775974,1.00109326644431,1.001201639904284,1.1127230993275876,1.0039464266792062
60821.22600256757,1.001802018033526,1.0020104036408541,1.0014257430049007,1.0024324632687556,1.001435639922294,1.001015974038253,1.4700686032928638,1.0058567433990206
60821.22618026617,1.0010993775866184,1.000466609856121,1.001352584219318,1.0009351991714022,0.99975930523788,1.0031590717964898,0.03325919945278191,1.0044530306668709
60821.22635796476,0.9996231574946174,1.0003912361540817,1.0000829297283529,1.0002471132029134,0.9996290646825833,1.000794594482029,1.0871466992452528,0.9920999043883715
60821.22653566336,0.9995701217651105,1.000200016359376,1.0001308740792665,0.9991342949362261,0.9986028571974885,0.9989021061293212,0.8927109210241375,0.9939694727264037
60821.226713361946,1.0006753073085604,1.0010296595607657,1.0009558100047564,1.0011868194244748,1.0018398138301092,0.9994294924471303,0.6215149728750569,1.0086154548452277
60821.22689106054,1.0001983197732707,0.9998184663507821,1.0008408666166977,1.000081039196996,1.0005356855322416,1.0020223922823925,0.8255819200810414,0.9923443683493584
60821.22706875914,1.0004307069875011,1.0010378233917359,1.0007691909943213,1.00145975527705,1.0009395988630423,1.0018787727629153,0.6075302761752386,1.0077314202443604
60821.22724645773,1.0001643479252984,1.001384330082438,1.0021732735448738,1.002742192965233,1.0024848776202877,1.0031947550924865,1.3461947909132765,1.0086172904736943
60821.22742415632,1.0016482507135533,1.0009368078173515,1.0013362444479321,1.002129507577806,1.0023685283104178,1.0027287313966597,0.9341963848959624,1.009002256406217
60821.22760185492,1.0000797277949538,0.9994302957208354,1.000143245288806,1.0003095996459932,1.00076154354069,1.0007121038221642,0.8429758372838826,0.9935789053894375
60821.227779553505,0.9999197968394706,1.0000791354750547,0.999646959405202,0.9996716836259073,0.9992167312943626,0.9998660825091206,1.2947993351514333,0.9886080375661098
60821.2279572521,1.0000666419936517,1.0002224691615698,0.9997187172177059,0.9999838820483916,0.9993792337746318,0.999449349110099,0.8981454512054697,0.9895908941706789
60821.228134950696,1.0004463194793263,1.0010401219742595,1.0001971442979338,1.000956759950318,0.9995498122837512,1.0005688133187112,1.0611681943850257,1.0014587613981396
60821.228312649284,0.9991233642002193,0.9989677224012237,0.9993180384769795,0.9987613038493126,0.9983800292796771,0.9994876669399202,0.7600267886299469,0.9932993463151927
60821.22849034788,1.0015009850597254,1.001458778293976,1.0021416052597452,1.0023002048718863,1.003110570241569,1.0051506083832016,0.9018101835484855,1.0124710686608704
60821.22866804647,1.0000777919272055,0.9993530492743476,0.9998244006281231,0.9994908593721239,0.9997372396431742,0.9986167603203697,0.8425595645923541,0.9913497043572752
60821.22884574506,1.001315338850688,1.0017893135177882,1.0017380785815981,1.0022162712930627,1.0021753204904114,1.0023848603357093,0.17414369397939128,0.9971480679847204
60821.22902344365,1.0002563217990081,1.0002039239859384,1.0003611372575594,0.9995503821461951,0.9996766815077556,1.0003044823674248,0.07241584026082244,0.999955388632508
60821.229201142254,1.0000527653514482,1.0007688125203296,1.0009516936767242,1.0010386116483376,1.0022658059517415,1.001290670012076,0.7353829059062617,1.0000173093218045
60821.22937884084,0.9999152364261775,0.9991759708221633,0.9992246893070486,0.9993962494720041,0.9995929991138103,1.0003501603347507,1.5983618072497199,0.9908115137630472
60821.22955653944,1.0005049891040274,1.0003406920038,1.0009652043252968,1.001270651190255,1.0019381890876446,0.999970008248396,0.6924750360656489,1.0108086473451598
60821.22973423803,1.0004343996298442,1.0005676036670603,0.9996331020617287,1.0002754505012594,1.0005654758786524,1.00011463563389,1.010433894299461,0.9966178809097672
60821.22991193663,1.0002835962707917,1.0002332389837254,0.9997382585531107,0.999625934448655,0.9989087043574698,0.9991480269177156,0.7629841870086777,0.9963133936727635
60821.230089635224,1.000509271184404,1.0000248641534424,1.0010707302871569,1.0007354829417583,1.000918305148752,1.0033954081658192,1.3592650953726486,0.9994264383421637
60821.23026733381,1.0007956520611092,1.0003923867148776,1.0003239536518047,1.0002104642780854,1.0009685032104305,0.9978398202517927,0.8478728025992844,1.0021802251704148
60821.23044503241,0.9997626921401206,0.9997478254725976,0.9994812807227658,0.9981420932587481,0.9992983121588451,0.9985691537325369,0.42109257136317024,0.9899804955966975
60821.230622731,1.0012094711024433,1.001704009155763,1.0005974699621965,1.002388828800914,1.0011242656301678,0.9997028553324043,1.0547419955136121,0.9980721240330463
60821.23080042959,1.000167662225661,1.0006817133995338,1.000627591378518,1.0017640981245066,1.0010013262495312,1.003141151040308,0.38758256713485995,0.9948090448242943
60821.23097812818,0.9996702854579561,0.999503296663276,0.9989934622927251,0.9979014162442463,0.9992568601546464,0.999230671260262,0.770864100251601,1.0056626071866976
60821.231155826776,0.9998164674751167,1.0004942026399544,1.0010232644434232,1.0004746743018038,0.999144567631155,0.9994463045784514,0.5640507210913589,0.989537472786107
60821.231333525364,0.9995912753744906,0.9995796881690966,1.0002122912672187,0.999884654331543,0.9988355790498438,0.9998524093072532,0.9554038045430345,0.9883810313309873
60821.23151122396,1.0003578323831483,1.0015025922802312,1.0019153777597343,1.0022180463299084,1.002680089950355,1.0039971710726148,1.2849805913996661,1.0047300294387451
60821.23168892255,1.0008435225532792,1.0010862766190323,1.001419868336275,1.0020018878482668,1.0019141780866518,1.0024263999735283,0.5800126978918582,0.9940872419890212
60821.23186662114,1.001088088255816,1.0010043437773724,1.0018019119235078,1.0026275007565089,1.0027902223981926,1.0021110897425858,0.8710981261821754,1.0074607889500067
60821.23204431974,0.9997727081247549,0.9999835640264548,0.9996623021124206,0.9990213837533504,1.0002209153751813,0.9986458531182162,1.166563982535253,1.0076504204801755
60821.232222018334,1.0006979347438154,1.0010565386849628,1.0013698921177847,1.0003260245964278,1.0016840047592803,1.0009567973465536,1.8714959551843662,1.009488941196232
60821.23239971692,1.0001791566519733,1.0000359201649007,1.0009875240610937,0.9999341551383018,1.001765925749253,1.0016359415423184,0.9438717161903601,1.0093435866053027
60821.23257741552,0.9992677486698595,0.9988133686129347,0.9993739909189648,0.9988212265556659,0.9991597768163908,0.9987975193972226,0.9957872663673332,0.9972042330168394
60821.23275511411,1.0005382062682207,1.0001785530684848,1.0001638613674007,1.001450267661855,1.001167695752176,1.0009058723323356,1.0664462794972531,1.0044239384756215
60821.23293281271,1.0004010041417972,1.0003213283412717,1.0004735923862778,1.001033920262997,1.0010619702526966,1.0009238146929162,0.6892320473545961,1.0054825423399427
60821.2331105113,1.0000503254380204,0.9995314300873576,0.9985013256352099,0.9995786992593843,0.9997910075356116,1.0011033413938024,2.0651273369687253,0.9951957072857355
60821.23328820989,1.0006350191958606,1.0005363843678297,0.9998860338712586,1.0006313210261812,1.0019100155454077,1.001752465930634,0.2887030766763246,1.0064670673018998
60821.23346590848,1.0011168173209624,1.0003756051037453,1.0009961951745303,1.0014524504684432,1.0004499012371122,1.0011699748182628,0.6968284271238875,1.003559146578934
60821.23364360708,1.00097991676033,1.0009072911449735,1.0019647658842086,1.0023196428081778,1.002240034104359,1.0035115448546421,1.164189205440628,1.010581123892457
60821.233821305665,1.0014232524766504,1.0007350387367338,1.000587594053722,1.001917465833012,1.0023317665066251,1.0032580569521266,0.9774828884324791,1.0019898945007166
60821.23399900426,1.0002547318087596,1.000355850243292,1.0018591686248886,1.0011351576968657,1.002416463515352,1.0033313604686727,1.0840675736098588,1.0064459783369075
60821.23417670285,1.0008841740835293,1.0015913628336084,1.0017307766434538,1.002725951012099,1.0016984318417501,1.0038400381405483,0.2701354266691449,1.0026223196181454
60821.234354401444,1.0008144003755834,1.0006870285769065,1.002215978302683,1.0013102286633975,1.0018070281490543,1.0021723086976302,1.0832459105393617,1.01121742010469
60821.23453210003,1.0012590900607625,1.001181705879791,1.0018606962389802,1.0022024117059973,1.0013405055216829,1.0017621478701968,1.015780551880086,1.0007100887411993
60821.23470979863,1.0011329066252295,1.0013481144403051,1.0011831159888733,1.0001776574093086,1.0018353487072817,1.000883467460613,0.6408180754246645,1.009247621395726
60821.23488749722,0.9999998951754064,0.9999219932453658,1.0004772802693898,1.0004679392617617,1.0008668307801114,1.0028203889139138,0.18302753238409775,0.9936672413885456
60821.23506519582,1.0005391055804913,0.9997816672669593,1.0004606195494081,1.0004916974131117,0.9999756393608834,0.9995844130332572,1.2305878965720245,0.9968909537507228
60821.23524289441,1.000758468229739,1.000941693892132,1.0007611847737075,1.0014300063486183,1.0011492245218705,1.0026540580594607,1.138133469683002,1.0080330622823566
60821.235420593,1.0013996457218737,1.0022798904062595,1.0017645230074752,1.0024900478980838,1.0040168487354064,1.0055415756222836,1.2556258960800855,1.0045036578374635
60821.2355982916,1.0016704713427105,1.0007592249973274,1.001004921851574,1.0018330741324617,1.001981482601874,1.0049684764092663,1.0661613993126218,1.0051858827699107
60821.23577599019,0.9996071618911494,1.000390499098742,1.0002017731314716,1.000477877974545,1.0013206559467684,1.002101934728293,1.3905957497780441,0.9965269184700742
60821.23595368878,1.0008911751795506,1.0001908650120857,1.0002790189779196,1.00037545989385,1.0017720541414856,1.002259319441815,1.0189828752917856,1.0035452583073847
60821.23613138738,1.001567740186416,1.0015239703309626,1.0010284725688214,1.0004832157285322,1.0023454845296713,1.0028314622785286,0.8145099560398088,1.0007497610793494
60821.236309085965,0.999695440506895,0.9999350748894739,0.9988111796642104,0.9986885274125711,1.0005305875529695,1.001202139928145,1.2196880604174065,0.9965471440802111
60821.23648678456,1.0010001756732425,1.0005254406194757,1.0001883564459093,1.0009864388591763,1.00061072111844,1.001387389921067,1.26634236228966,0.9979276656567817
60821.23666448315,1.0006922259187538,1.0010602076390778,1.0010781225574223,1.0014385421560357,1.000689487490957,1.0029057990127195,1.0055846870002758,1.0040336165198027
60821.236842181745,1.0006303010759674,1.0010473768186738,1.0009471228273858,1.0013969647996672,1.000974897012062,1.0009338237980194,0.9126022185828198,1.000168656830291
60821.23701988033,1.0002086785582025,0.999847146400059,1.0001342461850489,1.0005066631171937,1.00068251696288,1.001180902572931,1.428196246170207,1.0008125650068254
60821.23719757892,1.0013571974134037,1.0005325859212164,1.0010448633927094,1.001406628683777,1.0021808024583516,1.0015298286930765,0.45512856259723616,0.9998877523456988
60821.23737527752,0.9997111263899864,0.9997816973730583,0.9994282588484362,1.0000751718229426,1.00098785467807,1.0009017198928898,1.056417389261274,0.9989231801528144
60821.237552976105,1.0018452341038833,1.000607727661204,1.0006398064598239,1.0010239454683216,1.0013196654939067,0.9998008907503476,1.549833120771573,0.989413214527465
60821.23773067471,1.0002557875967493,0.9995615247605641,0.9994829990135516,0.9999706988489242,0.9993716612430231,0.9982983984565479,0.9489681331423885,0.9980500633804776
60821.237908373296,0.9990514039864266,0.9993880053570972,1.0007564839825482,1.0003335781334866,1.0003269663171377,0.999989278076681,0.6749349849512938,0.9997523648255383
60821.23808607189,1.0004985488280613,0.9993460312887603,0.9992091888211923,0.9998351632107022,0.9987760134117569,0.9993905263696933,0.9160935557526346,1.0009002250984982
60821.23826377048,1.001021436676971,1.0015425769883264,1.0008977633099172,1.0008618442413761,1.0020088073172728,1.0024729321704513,1.2802397365196296,1.0065086771129947
60821.238441469075,1.0012585812454198,1.0009262993378987,1.000070507576338,1.000484963703959,0.9996207479638368,0.99888620679541,0.9329517167469459,0.9988745219754676
60821.23861916767,1.0012446210571833,1.001773064748336,1.0015976463516718,1.0024109211962302,1.0023753837905833,1.0024728152892666,0.978072593673403,1.004292857222972
60821.238796866266,1.0015978692245904,1.00055202376082,1.000876301894311,1.0016942798114008,1.0019028818314397,0.9998919838237724,1.2987115177565427,1.0013078537506386
60821.238974564854,1.0003775106280526,1.0002953150394644,1.0001907586641798,0.9997002213709935,0.9990670669715276,0.9999320143920308,0.7563646726205292,0.9906032523536726
60821.23915226344,0.9987829456570515,0.998455792489983,0.999033167165904,0.998098767039693,0.9975419766136601,0.9951167068196622,1.3089929799612345,1.0033132652090373
60821.23932996204,1.0008668449745952,1.0020565254590974,1.0004382960726947,1.0014596168645462,1.000991705716406,1.001439250192942,1.31888961453383,0.9978301262739832
60821.239507660626,1.000452723598169,1.0002363560531458,0.9999960271471028,1.0014290574983729,1.0012092754428288,1.0011497417900146,1.1122887447340806,1.0046192693199067
60821.23968535922,1.0000853186093208,1.0009164927295495,1.0013394754991722,1.0005736717008378,1.0023580420371108,1.0025498941629167,1.0724749930547837,1.0069989447942658
60821.23986305781,0.9999314878989877,1.000701369599036,1.0003820936494925,1.001052599518359,1.0003971855033629,1.0020430821719666,0.7996066085494111,1.001922080729079
60821.240040756406,1.0003917096071606,1.0000217019248734,1.0005195595530063,1.0002981984335721,1.0010613479903245,1.002170565009851,1.1179394786791061,1.0066286233693564
60821.240218454994,1.000833633041645,1.001035335285878,1.0014091554528368,1.00166825574681,1.000456244670433,1.0028807599078757,1.2170811234281578,1.0060338196356775
60821.24039615358,1.0006258572886282,1.0003902488191234,1.0013653385426766,1.000621247893563,1.0011800068080305,1.0012913383143103,0.8384157278392494,1.001551241793572
60821.24057385218,1.000066010244091,0.9996612029712489,1.0001379017202392,1.0007747620738474,1.0006340685959358,1.0004257683281998,0.6789831690152548,1.0064209216232267
60821.24075155077,1.0006101367870148,1.0002777332590014,1.000700035649126,0.9988396706872237,1.0000995613882226,1.0007220103410703,1.3963005483880646,1.005858564627775
60821.24092924937,0.9993481047214589,0.998773690950777,0.9981683286488167,0.9984535276028067,0.9983680735899082,0.9980114329884956,0.4836729864095256,1.000048939169365
60821.24110694796,1.0010847028720882,1.001434369139432,1.001312497332589,1.00210286102664,1.0016692286299964,1.0042117153579406,0.8598895708390257,1.0057147007838263
60821.24128464655,1.0008213751615282,1.0008252875721173,1.0016228812513526,1.0008501525992999,1.0002398585063714,1.0012238951412584,1.33099299918375,0.9947183944481385
60821.24146234515,1.0001058457003833,1.000130402897161,1.0007711617969437,1.0000366428688783,0.999990158072788,1.00104715977957,0.746248077976717,1.0087050965298947
60821.241640043736,0.9997910368627431,1.0006972800663452,1.000321333910266,1.0002608856167192,0.999551675353649,0.9994664390221736,0.570258665180419,0.9990538604739337
60821.24181774233,1.0003338252843978,0.9996423576414377,1.0001473587561376,1.000098340759954,0.9994647257105287,1.001676758774383,1.1554566337501124,0.998708837836942
60821.24199544092,0.9995923071603052,0.9999972214950473,1.0005645517709831,1.00010716640552,0.999242712607006,0.9951157554627957,0.9110187492489239,0.9847107364153386
60821.242173139515,1.0005119240402067,1.000410537065343,1.0000041530770316,0.999874828004981,1.0014194003240977,1.0010824644434448,0.9825748868175427,1.0007133501923613
60821.2423508381,1.0003310978064475,0.9999291546883284,1.000738132038409,1.0001861696304073,1.001068837813822,1.0010021507158853,0.6682605929659255,0.999188983859833
60821.24252853669,0.9999430694101152,1.0006430705891896,0.9997353517512749,1.0005260391671253,1.0006994827197044,1.0003035936494356,1.359651710054033,0.9994104266571957
60821.24270623529,1.0006571370464725,0.9998931352799253,0.9997848995248447,1.0004006792139482,0.9996379839624441,0.9996299643118343,0.7555086164432778,0.9946619689235461
60821.242883933875,1.0001534675546355,1.0003124381553223,1.0008893486692874,1.0002735590115859,1.001315390506804,1.0020394226320193,1.0227204748615202,0.9961943883371502
60821.24306163247,1.0004798011290277,0.9998323782703198,1.0016190316286329,1.000709955224997,1.0013669258378275,1.0014235801571079,1.23934519027903,1.000987129958738
60821.24323933106,1.00091201183713,1.0022248147439898,1.00203600062862,1.002647075404723,1.0030605920533633,1.0018842568105233,0.8161857130373592,1.009921357781373
60821.24341702965,1.0009245666672348,1.0003476481449307,1.0011037746792752,1.0014701737754825,0.9999843579109465,0.9966886078704352,0.6285257844809264,0.9994754981207945
60821.24359472825,1.0003650408825817,0.9996484907616208,0.9990430561675847,0.9996713613288435,0.9986599763482387,0.9999053270612421,1.0731634111607558,0.9980443293228687
60821.24377242684,1.000867916302455,1.0007463094808497,0.999889335229716,1.0003926401979901,1.0012101640439044,1.0008858492646089,1.2699085184243373,1.0010377338972363
60821.243950125434,0.9999888567904235,0.9999661781169976,0.9996611700451928,0.9993489159447901,0.999853574641753,0.9988693531901202,0.31996380839830524,0.994284831578907
60821.24412782402,0.9999991011034427,0.9988981787633948,0.9990933258279349,0.9998279183660592,1.0002068715379362,0.9994863370897178,1.198322826798115,1.0026036714462816
60821.24430552262,1.0001989607544375,1.0001614324916952,0.9996628733723143,1.0006312552950298,1.0003273477037526,1.0020485528266978,0.4782054355285722,1.0055619700238876
60821.24448322121,1.0010553528275878,1.0003127080220413,1.000283750906704,1.0002765209060753,1.0004822334175134,1.0008679888341998,0.6588698568626778,1.0034686868733895
60821.2446609198,1.0005761643236022,0.9999345190148144,1.0008511321305813,1.0001931344706958,1.00008189363469,0.999772499424658,0.7625104215543373,1.005821889690245
60821.2448386184,1.0006432679434138,1.0007103885520359,1.0000075123096617,0.9995799151747811,0.9996260132179403,0.9994275427079768,1.1618921427979145,0.9902772310582376
60821.245016316985,0.9999889255658873,1.000881886675542,1.0000004481397433,1.0000076515862402,1.0003875528892776,0.9998786192826075,0.903883775093734,0.9946595424882705
60821.24519401557,1.0008289558485377,1.0006735129334312,1.001456980974651,1.0027060949547024,1.0008070973096106,1.0028566580730904,1.0993883442777648,1.0031227164088101
60821.24537171417,1.0002997620435277,1.0007107208072974,1.0008365805170907,1.0006160143186447,1.0008775478926857,1.0012854066809267,0.6805837350380087,0.9975650396642751
60821.24554941276,0.9999744322524123,1.0000836891132117,1.0009533555236878,1.0018144972816496,1.0004093861578292,0.9990634532838623,1.6048013605185412,0.9904475359975295
60821.24572711135,1.0002553986384224,0.9992885449622252,0.9996790485433917,1.0007184329169079,1.0001945288857246,1.0005468909375153,0.7488025002450267,1.001848551652946
60821.24590480994,1.0004650753329452,1.0001897227939436,0.9997506452764494,1.0004552376964015,1.0004900501703757,1.0013888100748802,1.1857361656204222,0.995908367266342
60821.24608250853,1.000053070763742,1.0005825807258724,1.001265238559564,1.0015737608207518,1.0026286666934683,1.0027126149316024,0.941223480842468,1.0080405304588311
60821.246260207125,1.0010320911810104,1.0015075554338797,1.0015208574471226,1.002180404635483,1.0032899059598241,1.0048171883228918,1.2415982751571737,1.0002437061225833
60821.24643790572,1.0000918758189608,1.0006901026635229,1.0004950001087352,1.0011770386439076,1.001291219479556,0.9994337262384714,1.834071740692408,1.005805086565265
60821.24661560431,0.9990768764487465,0.997886887511804,0.9988936139412339,0.9999545498362371,0.9997499010468697,0.9982784426076461,1.071406287356311,0.99475774358809
60821.246793302904,1.000782379935229,1.0012603577007444,1.0013348596488136,1.0003861270467964,1.0011951942475381,1.0019823132083268,0.4861493391520781,1.0101807776856158
60821.24697100149,1.000436155481278,1.0016079206439805,1.0007633838822392,1.0019339420966291,1.0019510032690193,1.0014014774231321,1.500934078256544,1.0025063463847852
60821.24714870009,0.999648641958025,1.000488543056064,1.0008934293485896,0.9994451572196325,0.9995114782824063,0.9991343371540181,0.9619484836142351,0.9897986613015499
60821.24732639868,1.0015999501824102,1.0008847837528048,1.0018118904871214,1.00254994302545,1.001399894591892,1.002896670876704,0.9435160069496031,1.008480478302908
60821.24750409727,1.0008712486044489,1.000574979479957,0.9996176043265461,1.0021571416489499,0.9997934198245385,1.0012715187998045,1.3796947794895316,0.9932259155673294
60821.24768179587,0.9996082222949421,0.9993907495461585,0.9997927213403001,0.9995394068184007,1.0003861580030464,1.003406977783934,1.0774109037805994,0.997927448447165
60821.247859494455,0.9995863584673512,0.9997303584943075,1.000169890623883,0.9996912933208774,0.9997907718639605,1.0008923276234392,1.0576026759816626,0.9998268627427926
60821.24803719304,0.999895472635059,1.001122787155846,1.001865559099828,1.0016855657387345,1.0020414524874692,1.0015644371818044,0.9850622748814498,1.009684091144129
60821.24821489164,1.0003517547554326,0.9997794116672396,0.9992317436845688,0.998347283658549,0.999549319194721,0.998756664299633,0.9269998229486771,0.9910016452227693
60821.24839259023,1.001394993146382,1.0012866804061962,1.0024121026508452,1.0023122873518335,1.001331945696848,1.0035184522250167,1.1804965476201232,1.0064649605486136
60821.248570288815,1.00064695012327,1.0011905256972682,1.0007950674611128,1.0014130493381537,1.0013119710375322,1.001291670360502,1.172571362461904,1.0109539208958467
60821.24874798741,1.0006428011318778,1.000203222296197,1.0001777124393383,0.9991797814106869,0.9992831581743036,1.0002865205073708,0.9944538554530866,0.9871255921454416
60821.248925686,1.0001192578389524,0.9993926685379276,0.9992601808084304,0.9995234099707417,0.9997849382471526,0.9987621039124979,0.695264707604639,1.0069299970871284
60821.24910338459,1.0002366984821587,1.0000642650571234,1.0016359919519833,1.000909556184826,1.0010821686885645,1.0002701197386044,0.037351877539995464,0.9985884407105121
60821.24928108319,0.9997084703031212,1.0002156339889212,0.9993507267118799,0.9979690727492418,0.9985891438209656,0.9984592662432535,1.0959372472530933,0.9942589933459459
60821.24945878178,0.9995137114220828,1.0007064403003756,1.0000967349190544,1.0010029179324489,0.9995835501303176,0.999579827696251,0.5298290052120109,0.9984120824083587
60821.24963648037,0.9998738542143238,0.9995215108531802,0.9993321792498607,0.9995330023565124,1.0010663874234058,1.0001043936453968,1.3845207598199976,0.995230116780124
60821.24981417896,0.9995414657835106,0.9990246013462796,0.9992778868944078,0.9990138847088211,0.9988270335363003,0.9956059748823308,1.5844207157205343,0.9929293209215825
60821.24999187755,0.9997519770152027,1.000499383609416,1.0003280472042595,0.9991529413629815,1.0000333694364891,0.998390109730357,1.147985586872224,0.9896717684815548
60821.250169576146,1.0005866695833467,1.0005052818657543,1.0005047161480598,1.001908328093868,1.0009465134469815,0.9991610192109278,1.4144573849640896,1.0042082322474453
60821.25034727474,1.0001171741116504,0.999380095251624,0.99946718440077,0.9995589499688977,0.9990677487093951,1.0008456103550023,1.589831805188036,0.9984669871726162
60821.25052497333,1.0006513268276067,1.000469906473963,1.0008373680899565,1.0008649829223486,1.0013056709098065,1.0018474148572092,0.2517249739269796,1.0034997804153787
60821.25070267192,0.999052520856875,0.9983965654505661,0.9987838788986275,0.9986483065283136,0.9983789875292004,0.9971526493742483,1.2449867133281831,1.0016150009577902
60821.25088037051,1.0008687886892085,1.0009661995312822,1.0008664695565064,1.0005403243430644,1.0009419559512749,1.0025618356588877,1.0716438586230599,0.9952131843926081
60821.2510580691,1.0000947097680986,0.9996713476384448,1.0004537577190398,0.9998840821230143,0.9985560392025659,0.9986770905805561,1.575463913728608,1.0016451427792459
60821.25123576769,1.0009148339390403,1.0021187219392322,1.003482659975646,1.0020907832787445,1.0017489412204754,1.002522572486272,0.549889887908092,1.0002190065971197
60821.251413466285,0.99981218539474,0.999249050113006,0.9992512363880645,0.9992315540457508,1.0001347790594624,0.9990617270368931,1.016673771674491,1.000416133177645
60821.25159116487,0.9994478463760567,0.9992672728269263,0.9986123710987204,0.9982442803561838,0.9984662453297322,0.9993127950385767,1.4072895676462012,0.9993666281735198
60821.25176886346,1.0005803162383362,1.0003044877874756,1.0008337811015522,1.0007013236674769,1.0002287193036397,0.9995188440533563,0.910784850193261,0.9980091862803351
60821.25194656205,0.9999338770385833,1.0002870296959256,1.0003473266755374,0.9993409777806778,1.0005407775639643,0.9979905343180838,1.669523332799389,0.9954392428001428
60821.25212426065,1.0002039439752788,0.9993785785208645,0.9988855704214863,0.9987601915214787,0.9987028715625086,0.9997193473300233,0.9746812343192112,0.9876082550204077
60821.25230195924,0.9995531311483913,1.000618224714848,1.0000054484242442,1.0008590169145986,1.00013336986194,1.0026272910884744,1.2812391607700198,1.001523112666815
60821.25247965783,0.9994802174635735,0.9988141653363861,0.9990915077427107,0.9992151008508844,0.9993848365521724,0.9985446013974638,1.5414066788001306,0.9923600138462886
60821.252657356425,1.000947743998479,1.0003660215707082,1.000477055704397,1.000307607748104,1.0006464499072194,1.0003571328884182,1.394956641771268,0.9993850459499837
60821.25283505501,0.9998499540483411,1.000167297740142,1.0009673344469343,0.9997595802238463,0.9995196366476458,1.0007060073338028,0.7454934753907587,0.9919112740568179
60821.25301275361,1.0002546976518178,1.0005349370987324,1.0000254266766444,1.000175908546622,1.001065199772104,1.0018969476599198,0.829570649131992,1.0001309865126347
60821.253190452204,0.9996916870898137,1.0004246114852704,1.0002764525994485,1.000534375341124,0.9999814984406374,1.0001322410444968,0.9551036188068545,0.9927671822518043
60821.25336815079,1.0002213855559439,0.9999812590962597,1.0000081899656104,0.9997318362803836,0.9988389464780568,0.9997771912801394,1.8664017784679812,0.9904799710150606
60821.25354584938,1.0003076586053172,0.999752127561602,0.99954220473222,0.9997644470647803,1.0000362147813677,0.9994025448226604,1.1101440952035164,1.0049518843860188
60821.25372354797,1.0001957018437098,1.0004140883154924,0.9994749257865292,1.0007458664673734,1.0007413781880665,1.0020375273896145,1.00328761618152,0.9999883715925876
60821.253901246564,1.0001568786329997,1.0008221753994722,1.0009809850497797,1.0007986863645644,0.9984135379597245,1.002129302620771,1.3746838197016569,0.9991464870013322
60821.25407894515,0.999074329756411,0.9984918991335284,0.9998898831638976,0.9987634636610885,0.9989730534981464,0.9993435049279775,1.0961445005862682,0.9939577285050702
60821.25425664374,1.0009560782922464,1.0021822915113894,1.0023903853125669,1.002877605274365,1.0025158102679348,1.005419272057321,1.2549943610377565,1.0067853798954298
60821.254434342336,0.9996118058504756,0.9991147007393404,0.9992323008610137,0.9983944950396861,0.9988391886548402,0.9972754265705468,-0.1629321234285705,0.9926509913065117
60821.254612040924,1.0000375895145805,1.000230945297977,1.0002911398761614,1.0001337865607116,1.0007921230525822,1.001482130876391,0.9050380033646999,1.0011575893182023
60821.25478973951,1.0008061411655436,1.0010401341255164,0.999616516160069,0.9997704218711885,0.9994526562738746,0.9999402356521846,1.4878422556213338,0.9953408701595622
60821.2549674381,1.00043179231663,1.0016331033076347,1.0012317164304547,1.002077148538059,1.0024412294834164,1.0029712273095872,1.1748036217918099,1.0022881074397345
60821.2551451367,0.998973512927451,1.0001775231134467,0.9996290065287889,1.0009005549357899,1.0005758892944778,0.9984412005016636,0.9091065621265559,0.9911468661977618
60821.25532283529,1.000586255084244,1.0000619644796176,1.0007553088947856,1.001650931484793,1.000493513874547,1.0030579304339668,0.43971536410494777,0.9992373342851847
60821.25550053388,1.0001946959063917,1.00031515713506,0.9992810247528263,0.9997157127764114,0.999554683326836,0.9989854015646021,0.3116112101066569,0.9923247144998991
60821.255678232475,1.0001845263693798,0.999977930195974,0.9999690717560975,1.0005970577207075,1.0000638729312636,0.998309877470348,0.4412653502088184,1.0060598684644337
60821.25585593107,1.0005358840577676,1.0005766592551926,1.0003526377861556,1.0016644004558026,1.0007975524218813,1.0000742490325434,1.084050130607201,1.0181933989598564
60821.25603362966,0.99936396385102,0.9988350910701842,0.9988597714136631,0.9993632628592121,0.99922107765206,1.0008860638282084,1.156226930249638,1.0036887509401402
60821.25621132825,1.0002619629256269,1.000792263720566,1.0005783618028705,1.0006610509524687,1.001255530465014,1.0005118918116516,0.7989094993102678,1.007295629982391
60821.25638902684,1.0001173969010717,1.0013022229518556,1.0003116613315841,1.0004891557099995,0.9999792337252837,1.0025142951564585,0.4453467231652749,0.9941479714369855
60821.25656672543,0.9997878358034122,0.9991120414277146,0.9994229192408396,0.998981693450357,0.9992250400210894,0.9981380156816533,0.5501345711638046,0.9856375038374373
60821.25674442402,0.9996954742022562,0.9998165702106302,0.9989824479354602,0.9992244076129897,0.9986924094511215,0.9993364371437863,1.1345502302915365,0.9982927446235692
60821.25692212261,0.9995229834931451,0.9990530120729237,0.9989612822172662,1.0007902315935275,0.999635659585734,1.0016495372320444,-0.04953593169718558,0.9863948214287527
60821.2570998212,1.001517989216133,1.002167037512739,1.0028271561917628,1.0031749480869008,1.003477226449216,1.003941910953066,1.4742014818130145,1.0171368060321297
60821.25727751979,0.9989638326655496,0.9986518209178772,0.9995681209187385,1.0012018892336878,1.0008232322681065,1.000515858855749,0.6314481672056673,0.9986016213450272
60821.25745521838,1.000106442677562,1.0009051030119338,1.0014498712535778,1.000576161721076,0.9990314134564221,1.0007941203649413,0.8284852047385223,0.9919089694749232
60821.25763291697,1.0013874816964166,1.001654996245204,1.0019672957337338,1.0033627466450756,1.0015974337148614,1.0032218956298953,1.0364131139794035,1.008944839101426
60821.25781061556,1.000801203487291,1.0007370883091735,1.0017760132312734,1.0018661482882045,1.0013493833545575,1.0021131693857037,0.8742566260061071,0.9990960396597073
60821.25798831416,0.9997528390933297,0.9992765540294389,0.9991745446373069,0.9992462588954991,1.000105225499868,1.0014885088002117,0.6482270007316834,0.9881668410492889
60821.25816601275,0.9995667991563025,0.9991544193893195,0.9987790930566405,0.9986755499834016,0.9983432416412161,1.0013505511829688,0.9640495583423242,0.9873782811468617
60821.258343711335,1.0003958939863753,1.0004082595208164,0.9999556768558701,1.000957034705053,0.999815454194609,1.0019695745701853,0.31419216596887173,0.991082425600637
60821.25852140993,0.9998494413864959,0.9995538625770028,0.9992476391671544,0.9989078602134472,1.0001170724609967,0.9997383149280371,0.6961177538302465,0.9959208308454058
60821.258699108526,1.001058343098585,1.0010574788657898,1.0003018090789026,0.9998760087996836,1.0007453048717985,1.0033388157441774,0.6354940549696937,1.008606006373407
60821.258876807115,1.0000866988882564,1.0003828935001378,0.9998390074751394,1.0008807505612674,1.0011710155999922,1.0022914360227593,0.5329416362695453,1.0006976594870314
60821.2590545057,1.0010911337625883,1.0010313964650446,1.0013994680205174,1.0025797522875368,1.0010741898649769,1.0025731292542084,0.8715515256986661,1.0010685644770336
60821.2592322043,1.0005979310654716,0.9998413943215267,1.0007532028690487,1.0000386395727574,1.0000328534865652,1.000736438864174,1.1223270677870854,1.0024416664342997
60821.25940990289,1.001236351230797,1.0003718743051737,1.0014597732384378,1.0028711892041633,1.000937022087198,1.000571115806344,0.8304489003445995,1.0002299934103194
60821.259587601475,1.000720764351239,1.000493311970965,1.0016604771280668,1.002066456689719,1.0021416818935782,1.0036089066039484,1.0524228820842922,0.9970355208783045
60821.25976530006,1.0009704280542502,1.000532634526244,0.9998959647932053,1.0010223376799179,1.0004968651328598,0.9994604945741894,0.6750159698202032,0.9971259253291378
60821.25994299866,1.0008660921371375,1.0004762951332637,1.0016442982160734,1.0006343890960743,1.000990759684305,1.0003070128115341,0.9013738561927254,0.9996460674455053
60821.26012069725,0.9996162191735154,1.000139505458062,0.9997315855289788,1.0005231808601986,1.000171363551934,1.0016003513950513,0.6183958605518368,0.9901568718566321
60821.260298395835,1.0006626320059988,1.0011478298080034,1.0007315973181456,1.0003487184798407,1.0009660500321007,1.0027011443606346,1.3443275661845955,1.0071184546639917
60821.26047609442,1.0009259338680625,1.0009833063245563,1.001050761607101,1.002075653579506,1.0013856531844854,1.0030357177349893,1.3801088294655077,1.0081443123681566
60821.26065379301,1.0003657954125003,0.9998923641285217,1.0002624679548011,1.0004349225560802,1.000387761239373,1.0000166858239545,0.8377964802207827,0.9998759916316714
60821.260831491614,0.9996584483852065,0.9993822211774833,0.9993064736549133,0.9990462064683902,0.9991170057572177,0.997726135986055,1.321858334395403,0.9998056711379891
60821.2610091902,0.999116754370426,0.999026650555995,0.9992342917985669,1.0008124441385866,0.9992237947529016,0.9991677568688043,0.9440804563952628,1.0048825483889592
60821.26118688879,0.9993504180080265,0.9998067423829222,0.9993869403200956,0.9986069672532814,0.9981188186649587,0.9979245073434357,1.458208913765521,1.0000875111015781
60821.26136458738,1.0007499889997595,1.0010447055371534,1.0015168625888364,1.0020469584197722,1.0004943180947634,1.0021070385014743,1.4987926162145464,1.0195425643252638
60821.26154228598,1.0000923343220516,1.0004207094809314,1.0011409257170545,1.0006146542974952,0.9998772484910303,0.9991632808491303,0.7436906784609334,1.0053219269839366
60821.26171998457,0.9998045785515142,0.9993726049992785,0.9992623800269886,0.9994235948140738,0.9977548412708033,0.9954994168760732,1.399220291419086,0.9869505801326877
60821.26189768316,1.000836519303216,1.0014071840574696,1.0003981843198768,1.0002715674833882,1.0014145694269727,1.000431395742042,0.9348534315268849,0.9961765630837403
60821.26207538175,1.0000599172303657,0.9994858097351612,0.9998120634169093,0.9988919818888884,0.9991660767582558,0.9989163790498659,1.2683070606289486,1.0068407886914845
60821.262253080335,1.0008735021932986,1.0004146472733069,1.000003237102722,1.0004553032057384,1.0006096208217727,1.0030357656625206,0.9807200044090091,1.0048532065050206
60821.26243077893,1.0002585986207326,1.0002767248860465,1.0002839828435022,1.0004924953552803,0.9992914176478856,1.000167334776346,0.8088790606778918,1.0033569536018878
60821.26260847752,1.001410618408595,1.0023278855130373,1.0025616149643595,1.0026200229322724,1.003000674208826,1.0038884006278934,0.7236244498010673,1.014979099698113
60821.26278617611,0.9996050520076307,0.9987876355154823,1.0000967484523686,0.9994004165608364,0.9985989937064704,0.9982174697206885,1.5258285158024585,1.0013922010712435
60821.262963874695,1.0008085043027828,1.0020032369383922,1.0019978581380475,1.0006750244045213,1.002240198962998,1.0017612547804398,0.275168021433465,1.0020182692597783
60821.26314157328,1.001715620511334,1.000680683444496,1.0012964552941142,1.0017860600926558,1.0022529622184797,1.002650401804122,0.7967421717738375,1.001566723996088
60821.26331927188,1.0007470098066897,1.001086744351739,1.001391469721844,1.0013060898189972,1.0015358457240653,1.002723469730946,0.8099616049122882,0.9954973255474618
60821.26349697047,1.0000745167073077,0.9991958230740331,0.9996525899240388,0.9989121841254206,0.9980371179201805,1.0017663778680461,1.0935583646171303,0.9955610646609176
60821.26367466906,1.0009865238206415,1.0006877772394172,1.0004269788112525,1.0007293803699622,0.999024471736788,0.9998753377733747,0.533458556044175,1.000876869183418
60821.26385236765,0.9998987884740226,0.9995662764460714,0.9999100698073297,0.9996790210413058,0.9997393170107168,1.000736767741412,1.3467422820787975,1.0133852119722262
60821.26403006624,1.0023825443367627,1.0023163011939498,1.0015381343179914,1.0020105988155248,1.0029116893885928,1.0040487018427133,0.6022405781626545,0.9976382936807833
60821.264207764834,1.0002764256209427,0.9989279203247052,1.000461107628932,1.0000734490604772,1.0012801430978167,1.0017600544409742,1.6760556730544598,1.0005172067270913
60821.26438546342,0.9999020416919264,1.0003564131910712,0.9999304436065937,1.0017112090950022,1.0011942260979874,1.0003200948300806,1.1154209889495519,0.9999620090677688
60821.26456316202,0.9998044779270102,0.999268730977746,1.0000316683951556,0.9991049307827247,0.9979316883112915,0.9987807985641473,0.898869467800461,1.002190414473956
60821.264740860606,1.000419011158321,1.0004527962348102,1.0010172804080149,1.0004076288229462,1.0001075253429361,1.0022750801282256,0.47538101814499467,0.9963556046299956
60821.264918559194,1.0006427648208946,0.9996686495153422,1.0002070672979402,1.0005951649001446,1.0006534826987061,1.0005073814655026,0.9663970227829948,1.0045558741670253
60821.26509625778,1.000459118177686,1.0012701066359637,1.0014444818037753,1.0021640101476292,1.0014556472931322,1.0033102510512841,0.7145618404752201,0.9995475730352628
60821.26527395638,0.9993322966734499,0.9991596328225862,0.9985056484838162,0.9990675278350802,0.9981530782231375,1.0002756821542023,1.395318703797043,1.0004817591138946
60821.26545165497,1.0001286551521342,1.0009363185025615,1.0015432397882509,1.0022847973864426,1.000931566325648,1.002348639659209,1.0384027562563356,1.0045139036515043
60821.265629353555,1.0011497067631476,1.0016952918078394,1.0012872739857377,1.0024552313122868,1.00223187388051,1.0028813955259392,0.7530998340199142,1.0034931191669791
60821.26580705214,1.001167680699751,1.0008111641844384,1.001331403372419,1.0008093577319943,1.0022282088889585,1.0015071900821153,1.3771887734088595,1.000171993963663
60821.26598475073,0.9997521096426069,1.00048294005713,1.0020489182319638,1.0008170320103025,0.9998577682217712,0.9996408112003594,1.2358931833776297,0.9952564055482758
60821.26616244932,0.9992214644752959,0.9988938520091526,0.99758956777822,0.9981197525046716,0.9985463961802687,1.000217525379795,1.0333676876551576,0.9913219062146078
60821.266340147915,1.0013566004362249,1.0021990968809493,1.0032254678128139,1.004197653085318,1.0031723286668321,1.002827412610328,1.0448336773762925,1.0114578328070278
60821.2665178465,0.9986354262879227,0.9986310351955757,0.9976578181518002,0.9974614491804804,0.9977463840411985,0.9956169503100886,1.231213360318799,0.9900548233545584
60821.2666955451,0.9996810272006709,1.0000409705536917,1.000324128154538,0.9991576277944557,0.9992785503102867,0.9986060304055536,1.2702364886889241,0.9931452274062252
60821.26687324369,0.9996319155190935,0.998664634871611,0.9986389913476541,0.9986703779251517,0.9976250640667889,0.994425472927303,1.2284861560804754,0.9901467204779153
60821.267050942275,1.0020620194426357,1.0022938668906842,1.0018339015973399,1.0029267306224199,1.0007378183937978,1.000197299637827,0.8857250732120142,1.001714279064014
60821.26722864086,0.9998814650579123,0.9991059244487532,0.9995889848880383,1.0010279356967329,1.000691073256357,1.0016695210232518,0.6160948418725626,0.9930018777659636
60821.267406339466,0.9992491179044997,0.9996596804369041,0.9999958544048007,1.0002124894482112,1.000066006614666,1.0000031555257007,0.3847078355537803,1.003323314157241
60821.267584038054,1.0011812139262168,1.0015992678609444,1.0023033106491765,1.0015970536044214,1.0018644179133092,1.0035999160051432,0.820556139464137,1.0088445035372455
60821.26776173664,1.0005198687602073,0.9998302383795832,1.0004142034727477,1.001271014744892,0.9998987698849521,0.9997905105538439,1.1165905753323397,1.0037104318840109
60821.26793943523,1.0006887400643822,1.0006444560138303,1.0000546005409232,1.0019437553361117,0.999189480923333,1.00036854637196,0.850522947053099,0.9956071100439188
60821.26811713382,1.0013248717146155,1.0009925427306448,1.00125013549103,1.0017413910800754,1.001513280349336,1.0017333168926807,1.0916480533125117,1.0116516645742661
60821.26829483241,1.0009445235527759,1.00113334550986,1.0009800876700234,1.0015216128009223,1.0019409297928235,1.0022289067401169,0.09026665924635703,1.0087888286395268
60821.268472530995,1.0001956916889432,1.0001707579465464,1.000024374268924,0.9997764201160387,1.0007983728119976,1.0015129272990417,0.7523350294849324,1.0010357489973314
60821.26865022959,1.0007348103934102,0.9994788481531691,1.0009079628076343,1.0005448362062044,1.000221295274909,1.000683430783443,1.3806168595459345,0.9970864027228822
60821.26882792818,0.999387627995613,0.9997159442019127,1.0007004944614828,1.0010080238159174,1.0011696080752182,1.001131553708313,0.916365910240165,0.9948378267938306
60821.26900562677,1.0000698125886835,1.0008886919234534,1.0013765384053692,1.0007224568611852,1.0003167396915407,1.0011674817770577,1.0314072612980723,0.9949653705310624
60821.269183325356,0.999333929744526,0.9997563703452187,0.9989144528243903,0.9985284831492214,0.9985251134317729,1.0017311127351323,1.0026962558759944,0.9937828398526439
60821.269361023944,0.9997990452808236,1.0006407370037917,1.0009755131897962,1.0012476224402667,1.0009857520334415,1.002101398134245,1.0026285489000955,0.9989336906034318
60821.26953872254,1.0006781214097455,1.0011153270095994,0.9995355362191926,1.0004028229811124,0.9995160831726483,1.0002407906108421,0.5685728551546194,0.9879541056408685
60821.26971642113,1.0013156137986823,1.0015633815722802,1.0013926791380132,1.0018154794041314,1.0009282879248174,1.0014072786436679,0.3097543257357185,0.9971860121480722
60821.269894119716,1.0010430821770833,1.0011863494735211,0.9998598264434192,1.0012227173579569,1.00046275426342,1.0026863277910727,0.8642768714495052,1.0031001331387692
60821.27007181831,1.0002772187697457,1.0004605057538645,1.0009357612250855,1.0018885429433044,1.0018396012052126,1.0024162415112492,1.7308432754065866,1.0094747568933837
60821.27024951691,1.001341531532125,1.0008736118510018,1.0010296706522157,1.0011587148839074,1.0027211878894942,1.004249198550163,0.6489870345458698,1.012852322355882
60821.270427215495,0.9993347328942354,0.9990507187498994,0.9994515265763837,0.9987166930261769,1.0003712428497915,0.9993538657406635,1.2268125622301678,0.9951572545278868
60821.27060491408,0.9998534909842649,1.0006319527332745,1.0013234359913166,1.0011273723632261,1.000885775398189,1.0003587070256166,0.40823465712767154,1.005870083435004
60821.27078261267,1.0000327506145106,1.0002047359438018,1.0002086533363392,1.0016372625106733,1.001583827951813,1.0010446438154967,0.7278880609046852,1.0006437846370948
60821.27096031126,0.9997115824313156,1.00062028516901,1.0007138610847854,1.0006517305117775,1.0013176671172568,1.0045159134103707,1.2381528359539085,1.0024439042500854
60821.27113800985,0.9986037395701199,0.9991832176866479,0.9991913033912959,0.9996400290116482,1.0003052999516957,0.9973520412503287,1.1849338750986111,1.0022535876870822
60821.271315708436,1.001208412544972,1.0020745495815815,1.0022618112365398,1.0025703211612058,1.0022870056204045,1.000616214896067,0.8351990706570517,1.013150602730763
60821.27149340703,0.9998403016351175,1.0003285793770835,0.9999835958628518,0.9998057094439773,1.0004878663045238,1.0008500458259497,0.6021536767589948,0.9962493294355662
60821.27167110562,1.001074436710935,1.0004597982605379,1.0008744428790637,1.0007673731973898,1.0003095201098258,0.999992981912585,0.47403265792105076,1.002237001394982
60821.27184880421,1.0027055172989023,1.0029827996261378,1.0030013516198333,1.003360586167855,1.0049012709139378,1.0024202970778668,0.930474597792411,1.008019902368358
60821.2720265028,0.9999344732464617,0.9997053853038123,1.0003545486240937,0.9996967487107052,0.9985811110977103,0.9984032153888345,0.8692274091153432,0.9966656049057653
60821.272204201385,1.0000875375796485,1.0003285721226018,0.9992064149319049,0.9999982543236517,1.0000089422928884,0.9998916375057243,0.7744278970140158,1.0013172271681436
60821.27238189998,1.000874664298616,1.0012555537829688,1.000801760290095,1.0020222009183157,1.0014050440546405,1.0003823742048819,1.4086857799108505,1.0004146257286726
60821.27255959857,1.0000671186522343,1.0002381526255366,0.9993672628813608,0.9995292712818543,0.9997092802127213,1.0014638424059417,0.7368253233230567,0.9937446925026514
60821.27273729716,1.000591295694902,1.001223338080678,1.0011400792247602,1.0009363347898015,1.0020412404201557,1.0008435429944709,1.6382363419649295,1.0144698948042374
60821.272914995745,0.9995447934697017,1.0006469375906546,1.0016545986084981,1.0018148128503277,1.0017500731134998,1.0005579887516471,1.2534704413253628,1.0010587295989746
60821.27309269434,0.9997357636996966,1.0014012275839155,0.9998311545220591,1.0008512277361672,1.0003999009314561,0.9989900290463776,1.3091182778124555,1.001557516258996
60821.273270392936,0.9995487947554001,0.9990962139622865,0.9983367743988697,0.9983763399329557,0.9982383465683433,0.9976611593922892,1.1114493758595594,0.9953018444271071
60821.273448091524,1.0016736597855131,1.0014525787952853,1.0024366420702124,1.0032533871625344,1.00253597394781,1.0013601618326422,0.8775598698143288,0.9978114101220812
60821.27362579011,0.998808469047064,0.9982091988738103,0.9981167305231435,0.9977640167692763,0.9984509749962525,0.9990593479623608,0.7760935822952195,1.0064726204840502
60821.2738034887,1.001860564724009,1.0011524432956342,1.001130048343335,1.0027457939084772,1.0031828902138133,1.0008647231003416,1.578751139501578,1.0144003549926426
60821.27398118729,1.0017477034188877,1.0010988263282705,1.001828096135662,1.0015660778177242,1.0028679691376832,1.0038264442781752,1.3772963631200443,1.0033005238076131
60821.27415888588,1.000589582616575,1.000952487291353,0.9999702980063894,1.0010272260368982,1.0004753325872826,1.0011982831497528,0.2691927161215177,1.0024439808532073
60821.274336584465,0.999578092179747,0.9997033431672164,1.0005339966284479,1.0018905388338621,1.0004193323192923,0.9993575273161431,1.213304659624431,0.9913646931184804
60821.27451428305,0.9998862481067667,0.9999830016227618,1.0000213571100631,0.9991248802981364,0.998758523712989,0.9989617277698571,0.7518756678814544,0.9885065222301354
60821.27469198164,1.001935286418834,1.0009516557463893,1.0008069284757126,1.0005890583356798,1.0007578369162913,1.001168352730402,0.44855448598124537,1.0024439261845313
60821.27486968023,1.0009255573724034,1.0004163196126987,1.0017685286484017,1.0011580572027001,1.001042974708726,1.0016930304487712,0.7713823737452666,1.0056795009377755
60821.27504737882,0.9997922891300774,0.9998169432723512,1.00055739308792,1.0002081734476362,1.0003407462318712,0.9999149294531315,1.0493083413368327,1.001972752438317
60821.275225077414,0.9998292330935554,0.9992882292109094,0.9988923275062035,0.9990795753422099,0.9990759310506939,1.0003178546806217,1.185698961123056,0.9969717142452664
60821.27540277601,1.0000892560430785,1.0002406035521756,1.000866639658162,0.9991725833689901,0.9992773286464363,0.9984297045328051,1.1071562095303318,1.00668835228846
60821.2755804746,1.0023283343469909,1.0026318769510685,1.0022888753341659,1.0029886923992997,1.002974239953112,1.0031664834005762,1.25025654998154,1.0036337660565517
60821.275758173186,1.0007910047168609,1.001217397929708,1.0020250501970096,1.0018774507190527,1.0020123628367403,1.0030216353680168,0.6886572411991086,1.0039770162731174
60821.275935871774,1.0000304257884356,0.9995429509297301,0.9992705497476413,0.9989264965845934,0.9990341129004758,1.001597298790668,0.8834148728370191,0.9927125735607051
60821.27611357037,1.0014421369573108,1.0013115513084994,1.0010791206118324,1.0013371541837817,1.0001325827409286,1.001944435608608,1.389617722230861,0.9912258986849457
60821.27629126896,1.0004753256465082,1.0000236114858165,0.9992264622812257,0.9995116864612569,1.00069161522681,0.999171559104186,0.8342756462256616,0.998355759900314
60821.276468967546,1.0005300059865985,1.0006466073303757,0.999906733790385,1.00006458119614,1.000930629772454,1.0014593548670057,1.1263903273053992,1.0023795666695086
60821.276646666134,1.0000257627504574,1.000571957988333,1.0006288929972667,0.9991975012426262,0.9991999272365417,1.0005493788898896,1.016257146245129,0.9961917786404173
60821.27682436472,1.0019950472193473,1.0015776696366936,1.002665443430526,1.003983384097016,1.004708969351794,1.0063289172604526,1.1860788060412555,1.017858437954536
60821.27700206331,1.0005068885069321,1.0001787255437868,0.9999512445304544,0.9995978954913626,1.0012986875573253,0.9998160846335622,1.1248056923014451,1.0008442393093122
60821.2771797619,0.9998679084447116,0.9995202170163707,0.999373325806088,0.9992785686031247,1.0005636009136556,1.0005096191862015,0.7189966906128328,1.0062113836625952
60821.27735746049,0.9997482785261763,1.0004716199825385,1.0001159593768603,1.0004742427239277,1.0004653931168126,0.999109789630203,0.4015561747850441,1.0023458721375895
60821.277535159075,0.9998267485606991,1.000318624595946,1.000974045650416,1.0014104483365225,1.0014029034943837,1.0016706420232233,1.106000134641768,1.0022503275754282
60821.27771285766,0.9999476079752745,0.9995071224955574,1.0005500669438476,1.0001015272050704,1.0014455004018714,1.001545873613803,1.058351490513538,1.016835710136718
60821.27789055625,1.0002194566119003,1.0008690096078172,0.9995209821851093,0.9992768285390964,0.9986961171906855,0.9986993853484912,1.0402713720802468,0.9992996729010208
60821.27806825485,1.0008676841275674,1.0007483790031142,1.0006939207916814,0.9996808022150309,1.0005824204473315,1.001029155728485,0.6885246748461106,0.999908282149762
60821.278245953436,1.0003473835900594,0.9999640137423852,1.0005721857704448,1.0013533315148389,1.000609036103307,1.0003541020272197,1.3696735175011998,1.0001299952347515
60821.278423652024,1.0001936613510953,1.0004820943659272,0.9994503940690481,1.0000764022302469,0.9996491555049763,1.000259160988332,0.10706724454942541,0.9917480031677847
60821.27860135062,0.9994171646724117,0.9999680461460329,0.9991029954358891,0.9985100949889592,0.9984342621961452,0.9955259696072943,1.7056694075923662,1.008216851673353
60821.27877904921,0.9998076465218605,1.0007635932834775,1.0003692948752483,1.0009890275870494,1.0026022385711644,1.0014733488965066,1.0870735949133015,1.0053871494770783
60821.2789567478,1.0016347194872688,1.0008453717860393,1.0011523179068456,1.0021344121272746,1.001129477356325,1.0030853369784258,0.5539975036249422,0.992155756854638
60821.27913444639,1.0001205981142627,0.9998143679313511,0.999240445275469,1.0002308764993988,1.0003863055766196,1.0025594257737995,0.58138002303037,0.9990774204965667
60821.27931214498,1.0013896642019011,1.001300873436899,1.0007778059940164,1.0016548755017647,1.0004805794411549,1.0002327035570278,1.4779240631606936,0.994703357715798
60821.27948984357,1.0000135157944077,1.0008000154969765,1.0016886516176127,1.0015041254310084,1.0009929539583684,1.0005644264923577,0.7604568017448897,1.0040837510444172
60821.279667542156,1.00069991199993,1.0005471153785082,1.0023717145103437,1.0015842664924441,1.0016444561568,1.001873551137045,1.148523709461053,0.9985103949803712
60821.279845240744,1.000037926160474,1.0002417423244387,0.9996866064042081,0.9998662062073169,0.9999652781719776,0.9986694121135707,0.636815330300867,1.0041458713204268
60821.28002293933,1.0002666295023876,0.9997239876084869,1.0010771148206417,0.9998343937347803,1.0005738831116686,1.002637373727179,1.633959806874141,1.0071635098993195
60821.28020063792,1.0006977753447546,1.0012229873264884,1.0013770596030036,1.0027757770734533,1.0009453986531622,1.0031355860340325,0.828443281496631,1.0060216064609162
60821.28037833651,1.0011548226113935,1.0005697433764351,1.001319958259668,1.0014822042028642,1.0016722105826543,1.0022912076036616,0.12185024186231726,1.0001425771091281
60821.2805560351,0.9995201729307419,1.0003590015901382,1.0009125351973498,0.9996010153180678,1.0007455349676218,0.9990859228299948,1.7024693734725647,1.008532754073144
60821.280733733685,0.9995591704649427,0.9996073030790994,0.9998294082844293,0.9989334186885426,0.9993472346570053,1.0004905121311003,1.1173200278275832,1.0051697708311305
60821.28091143227,1.0010381532688566,1.00071550586342,0.9999164837180083,0.9993563987228926,1.0001063414088531,1.0013815321219883,1.2799350890002599,0.9941199390896919
60821.28108913087,1.0011489679269592,1.0000288566574407,0.99952054361771,1.0002440219903317,1.0001239195774208,0.9988004094597328,1.2664928189916407,0.9937432992886074
60821.28126682946,1.0000249836029231,1.000806816392199,1.0006772027476616,0.9998236278002607,1.0014109120557186,1.0012199534950512,0.6593751748330087,1.0031283384500511
60821.281444528046,1.0010925428133621,1.000814631463962,1.0017894597341375,1.0016009803198294,1.0013601125480918,0.9996901855322613,2.200097981406794,1.0029698523259523
60821.281622226634,1.0004138930021744,1.0009389578643624,1.0008528045401313,1.0008138896324148,1.0005336676401946,1.0001300583988229,1.1357134662253185,1.0022510663141673
60821.28179992523,1.000525065385004,1.0011430200866425,1.0019775517853002,1.0025543684547138,1.0015154753668432,1.0000711149837407,0.5841549041084884,0.999950252916441
60821.28197762382,1.0003409462374353,1.0011002774059707,1.0000663145595257,1.0004922303604014,1.000464837392651,1.0015675969754634,0.9920178608242908,0.9980338886103937
60821.282155322406,1.0010682099927848,1.002184067227145,1.0014139554882997,1.0023881939666428,1.0029370978778698,1.0038527796006775,0.9628630405435373,1.0015697810466802
60821.282333020994,1.0013475948508517,1.0007038194375029,1.0005679117738016,1.0002912775126358,1.0002107779628275,1.0018531968558442,0.6779406745410124,0.9994036187745146
60821.28251071958,0.9996139265042009,1.0003688335891734,1.0010211973672243,1.0017592440009608,1.00264553134195,1.0026588465101982,0.9836655627102023,1.0004019115360077
60821.28268841817,1.0009148936367582,0.9997474748997699,1.00009748145187,1.0001832784209357,1.0003278170025849,0.9996729071484088,0.824035398283176,0.9954617981916711
60821.28286611676,1.0014924399776242,1.0018055688162741,1.002594190641696,1.0028678389857053,1.0020852954065889,1.001065348370155,0.6089376335538131,1.002703220635465
60821.28304381535,0.9996109591583584,1.0001268948111772,0.9999241204681437,1.0000801709395013,0.9978040791749506,0.9968685525030937,1.678844119355082,0.9968343118955658
60821.283221513935,1.0002370603611084,1.000173490347075,1.0014410381804795,1.0012382265825057,1.0003767584585592,1.0011523069538268,1.380193750514875,0.9969921011824148
60821.28339921252,1.0005086968246597,1.000552340600308,1.0000227865801208,1.0007514389015355,1.0009559735821298,1.0026281813099818,1.1669170152900992,1.00467899597859
60821.28357691111,0.9999837427884991,0.9994328699736633,0.9984950641118487,0.9984104660828772,0.9989199415089082,1.0000777263229648,1.1562790863927135,0.996837557984244
60821.2837546097,0.999547380627243,0.9986090838594285,0.9989731900483307,0.9996171941278909,0.9992157443728585,0.9997379331038305,0.7887075444468059,1.0033943621294221
60821.283932308295,0.9999106775514852,1.0010739605041044,1.0017595755359074,1.0010826973616433,1.001403503453445,1.001826513457334,0.5689591626504072,1.001101513321515
60821.28411000688,1.0000766509007217,0.9998356017992589,0.9989676607542824,0.9989453692625568,0.997959855534257,0.9987108987581595,0.6914736857732483,0.9914632012168217
60821.28428770547,1.0016705755059965,1.0018019486485485,1.0017140339533988,1.0032217556170258,1.0029221013175307,1.003275774918412,0.7871869885918956,1.0051822384287188
60821.28446540406,1.0010528267525052,1.0018390574987397,1.0007475801621248,1.001425339141103,1.0011494624238526,1.001135139043859,0.5944930695038885,1.0068186793980267
60821.284643102656,1.0007311517541488,0.9999213835061797,0.9991911497936818,1.000328898652213,1.0002511690728744,1.0012049347138694,0.6397567211564004,1.002680753735193
60821.284820801244,1.0009913367183552,1.0007097788128496,1.0012265717906028,1.001573353642516,1.0025985854747121,1.0005486605551992,1.4897680149742418,1.0163423008065438
60821.28499849983,1.0009579815416538,1.0013925115055264,1.001548460566748,1.0019696945934686,1.001338559371952,1.0013204931727582,1.167159922592581,1.0021111332568542
60821.28517619842,1.0005894715295844,1.0004737094546274,1.0006716089778243,1.0008295275835497,1.0006062812726981,0.9987007609981682,0.2425422935770773,0.9966009718380648
60821.28535389701,0.9995126276315551,0.9989850869099599,0.9983826122839389,1.000117336027624,0.9992188798466389,0.9977670357728292,0.8215447701704289,0.9971648529426217
60821.2855315956,1.001007006292276,0.9997918258990324,1.0003737755024924,0.9998077673687713,1.001445676783888,1.001155729886286,1.2171813406850254,1.0130832456895413
60821.285709294185,1.0016581793056523,1.0009237609947552,1.0004799750493043,1.0006016493632766,1.0005840987714714,1.0000786687512468,1.118636592590274,0.9975824849159699
60821.28588699277,1.0012823126268755,1.0019052125681709,1.0026696602131584,1.0042305768505526,1.0027063441068342,1.0030798893622184,1.0708843019393532,1.0192474484546434
60821.286064691354,1.0005843112157706,1.00021766216064,1.0000436902691474,0.9989670592856267,1.000293124946037,0.9995420504390177,1.5745934069802514,0.9979866048521174
60821.28624238994,0.9993964383325225,0.9989646416042118,0.9996241074690764,0.9998715505418133,0.9991288919350012,0.9989300689754809,0.7503932684488576,0.9942013788404411
60821.28642008853,0.9999604886810662,1.000796898064832,1.000380132749295,1.001443506817345,1.0001582242998037,0.9989741207376196,0.6415814584962584,1.0002822601807346
60821.28659778712,0.9999294815633148,0.9997187063458162,0.9994634604288203,0.9980340213378196,0.9986428814180723,1.0001877140853406,1.0324531470779408,0.9962830070143354
60821.286775485714,1.0002133029772964,1.0002831790170446,1.0003371305336421,1.000288610336223,0.9997482022780285,1.000326123613865,0.338917390971324,1.001327021944678
60821.2869531843,0.9996390043153708,0.9994361158101337,1.0004656175233433,0.9997957287342379,1.0012688868027029,0.9994214799678142,1.0336241233879524,1.0047220580676661
60821.28713088289,1.000371671175768,0.9991849578554434,0.9988668449358716,0.9995578919117784,0.9987024202921863,0.9987128595308228,1.4303823815243886,1.0033511570059925
60821.28730858148,0.9999857148133703,0.9980968641316443,0.9986189246335911,0.9973013320879021,0.9968569499370025,0.9943914350121322,1.7789576607874524,0.9982459799665567
60821.287486280075,1.0008120461622299,1.0009509565957166,1.0014711700493606,1.0034328320233328,1.0035237888853688,1.0040138064595994,1.3975316793467232,1.0134385543258182
60821.28766397866,0.9995046464467117,1.0000757367503825,0.9993722738384755,0.9994996165508212,1.0003438261332354,1.0000831791205271,0.4100435878413764,1.0018194591268197
60821.28784167725,1.0007529241888418,1.001163677767342,1.0007243648070032,1.001417592920826,1.0012705829694915,1.0031654754882977,0.8661710747824045,0.9898539896015375
60821.28801937584,0.9994848660387027,0.9995818568963979,0.9999424924371869,1.0004635043683952,0.99978195926827,0.9996859968695944,1.285790287079964,0.9979281935904274
60821.28819707443,1.0007166995213204,1.0008804082121734,1.001621219844497,1.0017446668426624,1.0029498050033525,1.000628224142877,0.9122182990754432,1.0105728877173623
60821.288374773016,1.001230442233748,1.0012316259632852,1.0009915017551765,1.0010429578896782,1.001221409930806,0.9995934795712921,1.472062883721902,1.0124317707152453
60821.288552471604,1.0013129230932953,1.0018917589505139,1.001852423863189,1.0026486538396204,1.0034408977013753,1.0022612263422679,1.0244909513113634,1.0091540736634639
60821.28873017019,1.0008225292661204,1.0009005539078277,1.001138269776651,1.002360017262291,1.0012914270862077,1.00051068117887,1.2129502795745823,0.9993414478483537
60821.28890786878,1.0001736273816455,1.0004327243535072,1.0003279355269112,0.9995882442507026,1.0005072183297457,0.9991891146442536,1.310750151653928,0.9966472483699393
60821.28908556737,1.0016604750521685,1.0017988406472302,1.0014290335807177,1.003084028521434,1.0007333324545464,1.0000366015404885,1.2503035774099596,1.020321782079329
60821.28926326595,1.0001101254728586,1.0005344274713939,1.0001868967184422,1.000187678415423,0.998564546057037,0.9978337213578022,0.6647993401284705,0.996495775952319
60821.28944096454,1.0003174478001677,1.0000932833466092,1.000286423351149,0.9991555177431578,1.0003271715075972,0.9967914075671711,1.4623041077378105,0.9948173850205679
60821.28961866313,1.0003216955697425,0.9993062709255115,0.9998780088360376,0.9998260801119642,1.000906002084917,0.9982094653372393,0.7604646133694897,1.001618088858929
60821.28979636172,1.0005973120862988,0.9999636591795925,1.0000136783296352,1.001097933162347,1.0013138229557745,1.0023880160120415,0.6559433090282893,1.001568669129345
60821.28997406031,0.9997076945405091,1.000251433223805,0.9992735559038076,0.9995083850420788,0.9997600988640235,0.9982153368067674,1.218041139153727,0.9898788564399394
60821.2901517589,1.0002040049038774,1.0009460061374107,1.00054232082693,1.0007064751708783,1.0004979278856205,1.0013643557691878,1.0264757218349752,0.9993063340657011
60821.290329457486,1.0008109245221182,1.0009538407962744,1.002000905334264,1.002359198469521,1.001248219068003,1.003687256505546,1.3165765139997616,1.0010149104366415
60821.29050715608,1.000505121115991,1.0003164382765264,1.0010179259360958,1.0028950918309578,1.0024871888008724,1.0021774147839164,0.6918908952056454,1.0081911164987996
60821.29068485467,0.9999815662835584,1.0001846675083774,1.0011205306825905,1.0007093819073938,1.000587802236234,1.0009588736819317,0.8226230196465039,1.0057924586871556
60821.29086255326,0.9997653002226352,0.9997526992147592,0.999346955868452,0.9999483512925234,0.9992834886350257,0.9987066270781622,0.37265780074914007,0.9895228438502758
60821.29104025185,1.000743924296292,1.0014423040915048,1.0016080761357826,1.0017993641073109,1.0017435285786596,1.0034347075153933,1.8092328675312828,1.0096588696081579
60821.291217950435,1.0000099374701175,0.9988686249117983,0.9997642802554686,0.9988534111596826,0.9973384603892501,1.001451003656625,0.4370485364364242,0.9971038603650273
60821.291395649016,1.0002463212003836,1.0006499044923038,0.9999891301081125,1.0007520229401927,0.9999078309766973,0.999986438740559,1.1264309096763214,1.004627147050995
60821.291573347604,1.0007054661955934,0.9996777226955924,0.9991799052600498,0.9993927565526208,0.9996288596779846,0.9981708916780289,0.9580908831008097,0.991422576446525
60821.29175104619,1.001547827458723,1.0013475915735373,1.0026388941489714,1.001963646218449,1.0026063011192317,1.0018798719271775,0.9386152333504081,1.0057686856827286
60821.29192874478,1.0004667339447975,1.000347443568547,1.000082293662589,0.9999587055385707,1.0011124322368863,1.0006167547284615,1.3062555381497023,0.9976753658661955
60821.29210644337,0.9999817342987848,1.0008409601543613,1.000745759546281,1.0003889560002166,1.0014680940274612,1.0013947306284916,0.9412426711822075,1.0135543250004317
60821.29228414196,1.0002912215772293,1.0002227546254243,1.000912434852777,1.0006793324197596,0.9994779545476238,1.001132494216718,1.2504149491248011,0.9968211107498325
60821.292461840545,1.0008854163499572,1.0007700568453015,1.00073927730887,1.0009690007321723,1.0014655635309868,1.0021984403743878,1.5297558310942183,1.004420083747932
60821.29263953914,1.0005033881897116,1.000698351916015,1.0013419983069733,1.0014621290662753,1.0011662218750519,1.0024066597291237,1.1294081910223914,1.0054176094735765
60821.29281723773,1.0006657476729754,1.0010504594293061,1.0011685806593706,1.0022771816672709,1.0026090537195096,1.0026759326287809,0.4716116861863346,0.999235273996087
60821.29299493632,1.0007596481828276,1.000497611339539,1.0011374802233006,1.0011537605739607,1.000349640792229,0.9994118420003734,1.0368481051362188,1.0015008688365084
60821.2931726349,1.0010913836313866,1.0009254565484884,1.0002282090852739,1.001555536581708,1.001816986019756,1.001457029710946,1.3442823328135003,1.0115869094438865
60821.29335033349,1.000524326241095,1.0006465244479223,1.0006015756176152,1.0000789681851225,0.9994130117671575,1.0014817045249171,1.3106140999708156,0.9887036528291853
60821.29352803208,1.0014322522153398,1.0020986382693966,1.0020117342961283,1.0028735048778825,1.0031704735889542,1.004127633305116,1.0897351537064408,1.0059654836233038
60821.29370573067,1.001096395008626,1.0006694331942905,1.0008317134752192,1.0013526055885775,1.0029315302280437,1.0022955610750441,0.7988559438959199,1.0100773251278539
60821.29388342926,0.9997474519897319,1.0002572603862228,1.0003974809176233,1.00031922619126,0.9994323303374131,0.9976180693728572,1.1251870906677184,0.9945130223159615
60821.29406112785,1.0005039883979525,0.9994136684488011,0.9988904041251939,0.9997071508687729,0.9993176028499622,1.0007656526374005,0.8975246501389291,1.004822893310242
60821.294238826435,1.0000524027031983,1.000279889472322,0.9994435414809433,0.9999615438821554,1.000528504609599,1.0005423024778177,1.3328813157660535,1.0052521964598704
60821.29441652502,0.9995076650279667,0.9997743610970868,1.000554298910198,1.0000226986963938,0.999711177295168,1.0017833908231246,0.977098725395837,0.9949967548718964
60821.294594223604,0.9999852978525058,1.0000886537177565,0.9994384998263112,0.9995682834227304,0.9994067633087683,0.997552211486169,1.22404494264579,1.0126823367637026
60821.29477192219,1.0010107267832966,1.0011625083448936,1.000569209761661,1.0010221130553527,1.0009095471961729,1.0017356631442562,0.23910650560797297,0.9973091072531932
60821.29494962078,1.0008136630779958,1.0008666036589648,1.0006312261186159,1.001130078061495,1.0011941718265978,0.9997003782978842,0.7766536820862724,1.0007789955933386
60821.29512731937,1.0004558294180994,1.0001465279777004,1.0005674230341157,1.0007313093463552,0.999947608002253,1.0023366063792403,0.7233644352976726,1.0069019685909206
60821.29530501796,1.0014598876429124,1.0007434125849488,1.0002051467776312,1.000571272994404,1.002872007709691,1.0009376349619856,0.7880622643090383,0.9978127409652775
60821.29548271655,0.9987919203165452,0.9993927251228849,0.9992398872188086,0.9997306732308737,0.9989965634180892,0.9986771560182903,1.27067532608973,0.9912623789751989
60821.29566041514,1.000427803185879,0.9999929291995932,0.9999835980633907,0.9993243183718835,0.9992711234936422,0.9974869581988091,1.3678959570945384,0.9934728620136357
60821.29583811373,0.9992628776130292,0.9995318403282971,0.9991783164709772,1.0015972360841536,0.9999334864751419,1.0003500434304349,0.7001520503020285,1.0014887278696079
60821.29601581231,1.0010975949635272,1.0013912156737346,1.0008518260705177,1.000991439972069,1.001602895423961,1.0011121600132666,1.2388308611418646,1.0006926862700458
60821.296193510905,1.001075041842699,1.0019923584803734,1.0031557864287992,1.0038436869153344,1.0040743721336653,1.0034660589212752,0.8158503002380905,1.011569844445065
60821.29637120949,1.0005291726803098,1.0009004109945383,1.001603900173147,1.0015280953416588,1.001044387623467,1.0024644395831066,0.2923418722765372,1.001417561392816
60821.29654890808,1.0001043432565304,1.0000251887914982,1.0005329707372212,1.000352088218011,1.0001505856017063,1.0001119376978633,0.973745231630447,1.0170992565213635
60821.29672660667,1.001628698633929,1.0016169218235003,1.0022105449521301,1.0021797071015301,1.0030559841893463,1.0042462662966214,1.0257659420659782,1.0050343810086904
60821.29690430526,1.0000616729279395,1.0006627984266983,1.0010281472191478,1.0017054496708713,1.0021968011807907,1.0035837195066606,0.7985589024320817,0.9994333847383584
60821.297082003846,1.0015866842109342,1.0010836481389538,1.001607784454354,1.0004376841517062,1.001216418821565,1.0013079432839669,1.1022964609763595,1.003829063413134
60821.29725970243,1.0007765500222705,0.9999388153002334,0.9997788705984435,0.9997724504424761,1.0000566704487537,1.0005159868167057,0.8820326229169375,0.9920329442601554
60821.297437401015,1.0006110410228086,1.0006338965716437,1.0002900672234833,0.9996606510698661,0.9996137919329117,0.9994602849375028,0.8812587955350607,1.0047672904948053
60821.297615099604,0.9998017378325319,0.9994172975032667,0.9988651791279382,0.9994488562050668,1.0005162084226182,0.9997175874736417,0.2805154218659505,1.015714100539647
60821.29779279819,1.00022680127752,1.0002504215863335,1.000028115405077,1.002188191078197,1.001147883907029,1.0024047927759905,1.0016221691735552,1.0015454640345098
60821.29797049678,1.0010645161195615,1.001195452034422,1.0010511645257705,1.0018932381734367,1.00093076582265,1.0007272595391496,0.7897487482743406,1.0033083886459357
60821.29814819537,0.9997696175369742,1.0001993650882823,1.0005336936142437,1.001199034253985,1.0010989523016836,1.0005012351297329,1.0848626762223113,1.0010222035142866
60821.29832589396,1.0003436775618884,1.0003187597106673,1.000717976752656,0.9991479494184383,0.9974915991961902,0.9996213376569361,1.0379798072421076,0.9942637066146334
60821.298503592545,1.0011694643998623,1.00129657624467,1.0016932968451655,1.0016875971196777,1.0014241901459588,1.002168717856895,1.3995276849207274,1.0079820439335274
60821.29868129113,0.9989059806534072,0.9984419494880212,0.9972624249954409,0.9979934059187759,0.9976582816886301,0.9951416943885315,1.015235776328679,0.9864486427402235
60821.29885898972,0.999624369142886,0.9993143119743793,0.9990227040436288,0.9994916305486267,0.9987861759153354,0.9993901648545467,0.8520172122593668,0.9970054529809541
60821.29903668832,1.0005750486840344,0.9992398965893712,0.9995705844220165,0.9995641574435948,1.000318980430835,1.0001248613381255,1.096703840005369,1.0084039996717118
60821.299214386905,1.00157220720663,1.0007343860147437,1.0018542662643677,1.00169021202171,1.002248008839006,1.0031080858088297,0.8110839653056245,1.0005209443733971
60821.299392085486,0.9997795568992799,1.0002129712314167,1.0002771381773372,1.0006773186361326,1.0010841258040895,0.9996008931877797,1.2883280302215858,0.9987531025531696
60821.299569784074,0.9996898163048867,0.9995136116294295,0.9996593925599111,1.0013343169492714,1.0010569362095818,0.9994892546550438,0.6304391886656199,1.003000596800492
60821.29974748266,1.0007996359606166,1.0001334900418442,1.0003491173640524,1.0006631221122193,1.0006680508496164,1.001048785360219,1.0698831525439967,1.0099584020045531
60821.29992518125,0.9997658125767602,1.0001940390291872,1.0004541739509694,1.0007785230935182,0.9991549931279403,0.9975456933881985,0.9473359299232039,0.9966478951012129
60821.30010287984,1.000817856688816,1.0004182678037563,1.0003118867767926,1.0000054727723202,1.000700191221545,1.0001241534355372,0.921861306385841,0.9997859390947421
60821.30028057843,1.0009851436955661,1.0002481650798036,1.000867690525505,1.002081076584357,1.001752134311142,1.002918648425449,1.5694468720557408,1.0054938276541594
60821.30045827701,1.0011870078359124,1.00065223082322,1.0011805961517999,1.0025514038984453,1.0020647947608594,1.00364440679457,1.1347737387651953,1.009675212193496
60821.3006359756,0.9999977463652833,0.9994761556522896,0.9993436265631508,0.9999793322549018,0.9997993766671385,0.9985071718230106,0.3368542145362069,0.9891365868412048
60821.300813674185,1.0007343960481672,1.0001710312591439,1.0006808945917436,1.0013806628825692,1.0013108541992426,0.9987209480418932,0.9239244033965452,1.0100660724641484
60821.30099137277,0.9994376000628562,0.9997080877796038,0.9995393143243986,0.9995387196358102,0.9978647239215597,0.9958217445811781,1.2745363687170455,0.998092898422924
60821.30116907137,1.0011374693464243,1.0012627540374086,1.000521035784515,1.0019222587356431,1.0006745102601537,1.0037408412895616,1.0642901192668635,1.0051717972557879
60821.30134676995,1.0001797837857311,1.0007250776079244,1.00110713985336,1.0013515507847435,1.0018413259945833,0.9997205099774462,0.9787597538368372,1.0001510338007502
60821.30152446854,1.0004923536512311,0.999822186993079,1.0000607809744266,0.999519307651863,1.0008923052500163,1.0005730615438262,0.30450649548473724,0.999440694224978
60821.301702167126,0.9994619413457388,0.99998578371649,0.9992339862537433,0.9998129283362756,0.9997559032395352,1.0000227960290275,0.9360704576442352,1.005421383328462
60821.301879865714,1.0012284082032576,1.0021185897263036,1.001216001942192,1.0021529437278451,1.0021512029911093,1.0008118507757304,1.8572130723747606,1.0084456132083137
60821.30205756431,1.0013018733226653,1.0014202265273766,1.0008234754278342,1.0018426702151473,1.0017862563322375,1.0000884029438468,0.5135828980867778,0.9986163670692243
60821.30223526289,1.000191285751188,1.0002737768460495,1.0001358390451183,0.9987602262724813,0.9984858581178299,0.998262052687341,0.41532203737149775,0.9848602775970986
60821.30241296148,1.0008309689540549,1.0023848584036308,1.001469837292987,1.002433289011726,1.0008783794344576,1.0007306774753024,0.7164066114552005,1.00200188489853
60821.30259066007,1.0008018792408397,0.999882212206844,1.0000796055943177,1.0006831667122889,0.9997110185699393,0.9987765471932099,1.2017669660106238,0.9934255154240557
60821.302768358655,1.001102290004406,1.0009425959869303,1.0011688935759995,1.001488609995642,1.0008402396577778,1.0007642710661753,0.59309955299725,1.003770549553492
60821.30294605724,1.0004253374239547,1.0001400013018853,0.9997017412705291,0.999840209943528,0.9996777414726026,0.9992263907442043,1.0783712547239108,1.0012681154835725
60821.303123755824,0.9993886588582671,1.0000792803833263,1.0006081038462888,1.0011994185852853,0.9996306760967906,0.9975648470754923,0.5570220565127005,0.997660569826724
60821.30330145441,1.000235166497167,1.0011968263959785,1.0016956379984816,1.003029441350919,1.0015349684605062,1.0017185026130924,0.7572383002811063,1.005841569450815
60821.303479153,1.0010948791789442,1.0005921238151738,1.0014643323148933,1.0015233944922155,1.0000005272537134,1.0018876437279407,1.0687957423963101,0.9996886405722509
60821.30365685159,1.00075922660616,1.0007043290648416,1.0014417611675288,1.0008299354272303,1.0011871373623629,1.0030070434703227,0.8149120304495434,0.9980831545895588
60821.30383455017,1.0008563923350038,1.000671138904298,1.001093754085369,1.0011834377082995,1.0006717715994453,1.002450715677982,0.6002383185001452,0.9937461077348605
60821.304012248766,1.0002707015637309,1.0006080564705864,1.000685998411599,1.0005685003080325,1.000264778553141,0.9998589463032896,1.2444694793599202,1.0120925564785643
60821.304189947354,1.0010098330099895,1.0012868666650134,1.0013059027576683,1.001170636548045,1.0021560199486652,1.0027906399113715,1.4887398647825523,1.005431574892423
60821.30436764594,0.9999159903406558,0.9995812743615182,1.0001243850201849,1.0001039513462804,1.0000120151315375,0.9984231741059864,0.39513328253881624,0.9811524038689434
60821.30454534453,0.9993020880896049,0.9992328394295827,0.9996117250367886,0.9994395481120723,0.9991686767667155,0.9961803834283111,1.793797023737298,1.0078025049692962
60821.30472304311,1.0002695151485184,1.0000963169894903,0.9992057955902365,0.9995086814607366,0.9990756509582821,0.9995797215710035,1.2056537871159199,0.9957239648410733
60821.30490074171,0.9998308709342945,0.9985339981603123,0.9991829012937374,0.9987793422814005,0.9993035881928822,0.9989428016226809,0.6819213373420395,0.9976131479316709
60821.305078440295,1.000919228029568,1.0010509911828143,1.00102484443034,1.0010793111352316,1.0009691431295904,1.0014668357948426,0.9922604486771126,1.0172940675109121
60821.30525613888,0.9997875691638629,0.9999229122068338,1.0003936534103193,1.0006051540388503,1.000744273157812,1.0015443331785412,0.35732322308147413,0.9987987877759197
60821.305433837464,1.0002590000417273,1.000178610016166,1.0015532312250166,1.0013408225587586,1.0008276975767951,1.0009262789359668,1.0171895164350135,1.0164428879889567
60821.30561153605,0.999080615864559,0.9988429834021774,0.9991134877153044,1.000720980461146,0.9986439161058338,0.9956437111976092,2.2039939053674007,1.0052468017582767
60821.30578923464,1.0004912883239154,1.0007680130764471,1.0000459262367052,1.0002384306279641,1.0010003144226631,0.9996052196420985,0.8662702420018145,0.9959616075242976
60821.30596693323,1.0003522215669687,1.0002631891113845,1.0006119270625418,1.0012594013295406,1.0013062712405898,0.9999262216374585,0.21691328533331783,0.9934582489007442
60821.30614463181,0.9995281310365707,1.0000206246343426,0.9995403933586392,1.000350454329386,1.0001567848069508,0.9993922294393526,0.5562677068000565,0.9980536354719494
60821.3063223304,1.0002470192636463,1.0004493380233885,1.0008410542126374,0.998947147552688,0.9983814236083256,0.9976558326358067,1.4029436086105898,0.9967890231253654
60821.306500028986,1.0006215090484096,1.0006810472567529,1.0010501429255945,1.0011806564450851,1.0007520555264031,1.0020898925891328,0.9908520786372748,1.0029709006166503
60821.306677727574,1.0003254231383274,1.0003316592672853,1.0010597916284296,1.0001947347173927,0.9999361872202222,1.000882407040856,1.1168530590005676,0.9982758173010685
60821.306855426155,0.9998945185485936,0.9997965485666129,1.0000717187529387,0.9987534985523312,0.9988049883862959,0.9992573272716119,0.8010413194621525,0.9942295271389082
60821.30703312475,1.0010520914550989,1.00108997332154,1.002041695403192,1.0024440789761944,1.0031465010611726,0.9999445909277891,0.8466654855323958,1.006654739926993
60821.30721082334,0.9994793687712751,1.0003037946217501,0.9990012131408016,0.9992096513021825,1.0008870351635286,0.9989641312013827,1.0662280048587962,0.9969505585141654
60821.30738852193,0.9995638892002764,0.999644221680508,1.0,1.0004825264756694,1.000740270271101,1.0002866447442287,0.6568233432021636,0.98687161244421
60821.30756622051,0.9996119869438105,1.0001037053163677,0.9999169686067509,0.9998810142749363,0.9999641544568336,0.99729058996704,1.494834540314912,1.0041646623592055
60821.307743919104,1.0009862905687337,1.000035633431512,1.0007206677916547,0.9996822627183347,1.0000835359018105,0.9999110423961975,0.6223455139596965,0.9935359487447678
60821.30792161769,1.0002338914585378,1.0003833432780023,1.0004946512132955,1.0006656392678146,1.0006580775524585,0.9992377483200036,1.3588735797377922,0.997297963173366
60821.30809931628,1.0016168247886161,1.0005655294293831,1.0008214904317358,1.0013400385909292,1.0006965546667146,1.0008809395724845,0.8475614361249938,1.012073442743903
60821.30827701486,1.0004911907766132,0.99994034508906,0.9995469406219742,1.0001923113155657,1.0010486505296097,1.0007949594205705,0.8174831388525773,0.9981801842895103
60821.30845471345,1.0016948241651005,1.0013654940020909,1.001395773205708,1.002788275678171,1.0014099792197437,1.0044530264754667,0.9813506424226762,1.011521812111037
60821.30863241204,1.0000521120614738,1.0004618993397971,0.9993800316182492,1.0009966677058613,1.0015480779748882,1.001822875984406,0.9931555910095096,1.00836601373245
60821.308810110626,0.999578598071748,0.9995739627507845,0.9994756871729822,0.9984647555777835,0.9977227674370855,0.9972289859957044,0.4687440105299273,0.9984725969908453
60821.30898780921,1.0007036498771413,1.001029816076208,1.0005390899957436,0.999377013313342,0.9999692293893516,0.9988182134041231,1.4045616637722413,1.0109481702618244
60821.309165507795,1.0002952902536504,0.9998084519015327,1.0001458617295365,0.9997383553466419,1.0000740185214978,1.0028429831363943,1.1525077980238851,0.9937500052849506
60821.30934320638,1.0023667324422512,1.0015188785916262,1.0011499347232367,1.001812201571272,1.0006258191588435,1.0029829438329867,0.8203068098802758,1.0071988828767973
60821.309520904964,0.9992681570145584,1.000531166581874,1.0007286024947546,0.9999633113772943,1.000777255108002,0.9991347994280092,0.8980370450580415,1.008973511231295
60821.30969860355,1.0008446308075623,1.0010545493247214,1.000786307665959,1.0012511526245544,1.0009987782821301,1.0020585843689176,1.0549480166003824,1.008611382405606
60821.30987630215,0.9992109821407057,0.9999528966119187,1.000052863545557,1.0002778022568704,1.0006554072885696,1.0010359495716767,0.866845445279366,1.0009931312900804
60821.310054000736,1.0006642249195894,1.00095785524508,1.0015035247925934,1.0022004806593314,1.002008352143871,1.0006091308738803,0.26253665131940274,1.008560670594843
60821.31023169932,1.0001308573517111,1.0001720523274418,1.0005017590639107,1.001243997984642,0.9997883348555308,0.9985538989684047,1.2883147190404027,0.9826296097198041
60821.310409397905,1.0010315305148145,1.0004264238361589,1.0014775070512054,1.001052778227238,1.00086345963468,1.002519433418032,0.9715581916555638,1.0098528517351848
60821.3105870965,1.0000124943172197,0.9997295733780266,0.9999306400046888,1.00102105906484,0.9995282973949617,0.9980824314729936,0.9762760087838641,0.9907344718268184
60821.31076479508,0.9996012944363268,0.9997410945831232,0.9998012940896488,0.9998125845971039,0.9997664973121781,0.9992179635020696,0.8251299642200538,0.9941818875319228
60821.31094249367,0.999752387360083,0.998841608315173,0.9989134851374172,1.000544645371444,0.9996358993463254,0.9974398334075716,0.9829634964532956,0.9916668829315861
60821.31112019226,1.0009606897870922,1.0014097392672827,1.0009048717106672,1.0021102879073853,1.001569738578642,1.0006579480713638,1.3638263774953763,1.0158902084374979
60821.31129789085,1.0002768687380235,1.0002472591764024,1.000643622414299,1.0009975149648782,1.0003373559427646,0.9997496449084963,1.346086954752811,1.0027687396622207
60821.31147558943,0.9999913944050135,0.9994635562498517,0.999405754487427,0.9987201554829794,0.9980454814758798,0.9963012250879194,0.8409460191021411,0.9829545918917999
60821.311653288016,1.0001268465266866,1.000383207981919,1.0013540918085058,1.0015411228270594,1.0018676896231467,1.003828690256658,0.47306766999363936,1.0077237506393495
60821.311830986604,1.0008383068498303,1.0011033204796778,1.0015672531687985,1.0021863386279477,1.002208838277644,1.0032378360676786,0.8233784999890242,1.0029250969730088
60821.312008685185,1.000498447434257,1.0007145188911863,1.0003322864323885,1.0008907884992533,0.9996793714729021,0.9976316834980284,1.3840001351301119,0.9953843222129454
60821.31218638377,1.0013020524158185,1.00152613778873,1.0017883090723563,1.001880598420498,1.0017164190902101,1.002216319332766,0.35175575278520127,1.0044620118177894
60821.31236408236,1.0007769286719705,1.0011920774309018,1.0016485371141213,1.0022242728223008,1.0010509293703933,1.0016901540335794,0.5625058146458891,0.9983100030557381
60821.31254178094,1.0019969553922778,1.0013981774370888,1.0023411588176736,1.0023101755260164,1.002123621601775,1.0025420649508925,0.4437983454057634,1.0045056722484076
60821.31271947954,0.9996528018734843,1.0005932457207676,1.0001860542421313,1.0004437030253432,1.0004417807875008,1.0008352315694924,0.9840207066360214,0.9871761405362119
60821.312897178126,0.9995109942527588,0.9998858907731472,1.0002679889968287,0.9998289669590759,0.9995577676888623,0.9997393292938781,1.1195202265588577,1.0009331436784676
60821.313074876714,1.0000498630884271,1.0002287499104554,1.000389700472299,1.001048140595044,1.0002753646337643,1.0029088030650333,0.9739693679073691,0.9970964778333543
60821.313252575295,1.0009137024518824,1.0014577934980862,1.0014114233282083,1.0026165563349252,1.0023180522007977,1.003236647178082,0.4748457852031844,1.0133368291475215
60821.31343027389,1.0011885781320686,1.001696937487011,1.0013580863367109,1.0006586960175106,1.0018941601217408,1.001733197050722,1.700005875804825,1.0075061892761192
60821.31360797248,0.9995889807049949,0.9994296674827211,0.9993329658324841,0.9991221538232045,0.9985462597583508,0.998968292985772,0.9981580804173608,0.9864078640939293
60821.31378567106,1.0006834243518699,1.0008850815492785,1.000596624295104,0.9997462972076695,1.000306089303038,1.000965403299164,0.599603125262803,1.0016673670611058
60821.31396336965,1.0009068929116824,1.0014192127135604,1.0010502888213224,1.0019156428102074,1.002394916658484,1.0031022844495079,0.7117664947627391,0.9931521144036058
60821.31414106824,1.0008712576821948,1.0003812235184524,1.0011746222388707,1.0012961648587384,1.0016286769361116,1.0003663673347294,0.9943025344266133,0.9969000359507865
60821.31431876682,1.0005780300311458,1.0004541060314793,1.0021527800362946,1.0027626095489062,1.0026348685007656,1.0034935831565055,0.47101957018088125,1.0074609133149657
60821.314496465406,1.0014317406305153,1.0009497414700332,0.9993620707098692,1.0009171699816022,1.0016904325734608,1.0024138825375972,0.5501185496245345,0.9930692645275221
60821.314674163994,0.9988732661501526,0.9982692558259326,0.9974447298493984,0.9980905000719462,0.9983366091941589,0.9980081118557779,1.3470790287409986,0.995714679538088
60821.314851862575,0.9998281405330022,0.9993089806557849,0.9985609025847875,1.0001364268975204,1.0012315049668694,1.0001283296074384,1.1280598786866967,0.9975613202687676
60821.31502956116,1.000485701509911,1.000544857602444,1.000478707979016,1.0012836343126739,1.000323013984598,1.0023506020741766,1.0580083350020277,1.0082817139643838
60821.31520725975,1.0001050216257006,1.0004789290542038,0.999947195428885,0.9989992710250009,0.9993301014394887,0.9999982953455842,1.4693909191626802,0.998475230421988
60821.31538495833,1.001633245969114,1.0018397100393674,1.000885909227015,1.001626867746436,1.0032942575216275,1.0030048804629084,0.563146297782725,1.0123932362055408
60821.31556265693,1.0007045705759654,1.0006179610144386,1.000826246566448,1.0019178957842456,1.0002769771631372,1.0015318146323196,0.5784607285136797,1.0001141840574082
60821.315740355516,1.001654410348701,1.001745122117123,1.0017012236263254,1.001802158975173,1.0027883695506457,1.0008110893710287,1.373730525851024,1.004989315601472
60821.3159180541,1.0004469926172532,1.001295946918383,1.0016963090528137,1.001619139049537,1.0009513909951984,1.0017880589692818,0.9743454927262336,1.0115824098267476
60821.316095752685,1.0007134681515504,1.0009988900393998,1.0016698254573446,1.0007164158060573,1.001547852525588,1.0025606476251394,0.2937157569371413,1.008143239840733
60821.31627345127,1.0011328529280554,1.0014103256107654,1.001586666652894,1.000719601585729,1.000081312447582,1.0004703804399726,0.8207095126772763,0.9978329943283485
60821.31645114986,1.0001338734712049,0.9993832893999122,1.0004915328296462,0.999973889804277,1.0014834645399784,0.9986682025448171,1.0802560579439542,1.0055172274381312
60821.31662884845,1.0008041002113488,1.0004722957375078,1.0005354296193678,1.0013539030579226,1.0011499032859636,0.9994012581349934,1.0447650792117615,1.0031738515460054
60821.31680654704,1.0003845723449527,1.0002033307506983,0.9992736734125839,0.9999238856994882,0.9998575806880994,0.9991929530797251,1.0580142801529269,0.9934887393710531
60821.31698424562,1.0008596406293848,1.0013205811432215,1.0002927777372508,1.0006457310839145,1.0010198896668545,1.0001110834913975,1.0725556520499988,1.0025548980712349
60821.31716194421,0.9998082787330015,1.0008324223548597,1.0009000849884646,1.0014872964077468,1.0005737712233929,1.001480278010066,1.1128370791999846,0.9998907429231993
60821.31733964279,1.0009154296853384,1.001276612636506,1.0023748569898938,1.0042014977292102,1.0037329171803655,1.0054937734845726,1.5673697040759045,1.0187694471517224
60821.31751734138,1.0001972047491432,0.9997104708768393,0.999551705558842,0.9997857393737173,0.9996613507694757,1.0013237432006348,1.133744616792455,0.9924601881671767
60821.317695039965,1.0007760332062028,1.000600917153793,1.001834623814201,1.001003702861476,1.001733643379579,1.0030763453155926,1.3509912802584663,1.013761908241951
60821.317872738546,0.9995009010303555,0.9993764139648901,0.9994046425551301,0.9991563065169768,0.9984572530065285,0.9976665231815794,1.137933079553498,0.9972715892208684
60821.318050437134,1.000640531695438,1.0002534704636257,1.0010325047262414,1.0006113912522967,1.0002517738643197,1.002365256795797,0.7832509973510434,0.9927859016687571
60821.31822813572,0.9997793501113087,1.0009225471386065,1.0009335033621658,1.000876210157942,1.000806924458952,1.0019091303664573,0.6521506776845334,0.9961487196489538
60821.3184058343,0.9999485540610148,0.9996848070596872,0.9990822853942841,0.9990941210767295,0.99806177627477,0.9983306998545641,1.0099681472067954,1.0037294752944952
60821.3185835329,1.0001109264685268,0.9999885924704385,1.0006136917846982,1.0000811574982813,0.9998296575005265,0.9947805529817673,1.481079083494541,0.99273679065394
60821.31876123149,0.9996473181457453,0.9994948571620015,1.0006948764857178,1.0006267678315297,1.0003055547670217,0.9993309844618794,1.0616209357300956,0.9979935044073868
60821.31893893007,0.9991014379054288,0.9993683772687113,0.9990513254626217,0.99899953468899,0.9995312945882152,0.9984070208625627,1.1285072320197627,1.0027274684118082
60821.319116628656,1.0005602782685237,1.0006330842510567,1.000907229147971,1.000412637995114,1.0009756579266829,0.9986617461836135,0.6617345482635749,0.9960512109074039
60821.319294327244,1.000453621679559,1.0012342036619921,1.0013602949075595,1.0028576366089328,1.0009745944304784,1.0031164959108585,0.9466383020893653,0.9985075743111064
60821.31947202583,0.9997936581772261,1.0003340200569892,1.0006637840816146,1.0003725663183525,0.9997528263119457,1.0005439829253118,1.0547446795915623,1.0073075456189067
60821.31964972442,1.0002889030594184,1.0000172045089495,1.0000275907966074,1.0010974056864919,1.0020275166354211,1.000161212427473,0.9395874886115906,0.9965792506670902
60821.319827423,0.9999671622089401,0.9995085458248651,0.9989640413079297,0.9996308077961598,0.9994008365756379,0.998103768129796,0.9273023517050347,0.9968142573238747
60821.32000512159,0.9994340702044968,0.9993419312370709,0.9985251778262841,0.999627899433002,0.9993145439508823,0.9975346285358098,1.4448057579441929,0.9980004468687763
60821.32018282018,0.9996640845883021,1.000034101647703,1.0000322645211386,1.0001439588445946,0.997743914692968,0.9961720011529331,0.7839961793840395,0.9894880257640449
60821.32036051876,1.00101117374688,1.0017721053431325,1.0013187218868973,1.0035439657293983,1.001971175498497,1.0031623791431028,0.6633015913440972,1.0062090861549782
60821.32053821735,1.0000332777392051,1.0002056240737227,0.9995068060935789,0.9998168622976377,0.9995798557727399,0.999666267519913,1.4146240115421118,1.0054846878971053
60821.32071591593,1.0007904560517527,1.0003842417455597,1.0017939504838602,1.0024224874389442,1.0015898515184847,1.0017726185322287,0.8839719801965192,0.9965063796243311
60821.32089361452,1.0011543191811538,1.0003372965436448,1.0008337765904476,1.0011802666423502,1.002407937145484,1.0002091524262293,1.4311016922229214,1.0034382977871035
60821.321071313105,0.9998541895091082,0.9991245757211794,0.9995030280983999,0.9990473674476277,0.999459001194083,0.9987461696969665,1.2571417915907745,0.9958369433528295
60821.321249011686,1.0002623905028383,0.999318752442622,0.9986834939457299,1.0005158618554375,0.999915425811617,0.9990721603422829,0.8283145882517631,0.9949297681209561
60821.32142671028,0.9999809811536071,1.0011502043812226,1.0001937122274667,1.0009924921141242,1.0009206313840713,1.0002988526173464,1.6854771113652787,0.9995641842757022
60821.32160440886,1.001058171390716,1.0014625546144196,1.0008099459646544,1.001456231969024,1.002534619950982,1.0032219180438806,1.4255111175985666,1.006973808672868
60821.32178210745,1.0007280314713694,1.0006479579335044,1.0005189179858949,1.0009608439324973,0.9998626206787635,0.9999243684010366,0.5202070167548564,1.000889784176725
60821.32195980604,1.0012420485163511,1.0009589446868676,0.9998476925619981,1.0000092958262274,1.000282886611202,0.9988472579737347,1.3637216540710888,0.9933297637823079
60821.32213750463,1.0000767267537498,0.9998943774285527,0.9995785727082382,0.9999814830462047,0.9989756131747854,0.9994731612979032,1.0175343982594962,1.0003122044665995
60821.322315203215,1.0007321727697567,1.0001837139067593,1.000292041326914,1.0004896854040037,1.00097334302888,0.9982618162417701,1.740627165857208,1.0089063084428074
60821.322492901796,0.9993535133654701,0.9999215456438454,1.000183736854635,1.0002220445690768,1.0000906017765414,0.9980840224264639,1.0570638864613673,0.9981420533066327
60821.322670600384,1.0001586017122328,1.0004088213804234,1.0006203860440306,1.0017798507539497,0.9999489263137838,1.0000076787558434,1.382091030375764,0.991565972802133
60821.322848298965,0.9999966027231777,1.0005605115043976,1.0006241804332243,1.000128449915799,1.0012290945365516,0.9996446185245714,1.8427568481202332,1.0092227912682188
60821.32302599755,1.0004911892380124,1.0011870692994667,1.0005907094666437,1.001400736540392,0.9998416001800308,0.9985223887447486,1.3544895857524983,0.9999336198671348
60821.32320369614,0.9998997939497605,1.0005831057689847,1.000291239010438,1.0000280133076924,1.0010309188399193,0.998900914140164,0.5751938879506595,0.9976416321955232
60821.32338139472,1.0006047955337263,1.0004411901522776,1.000284309953607,1.000832674989242,1.000958737334063,1.0017906173556972,1.1327686075597616,1.0069747365752721
60821.32355909331,1.0006932323176523,1.0005615398271774,1.000078343475242,0.9992527489779424,1.0017618373665176,1.0027885323259476,1.6297202345034616,1.0057254513412777
60821.32373679189,1.001312912630809,1.001196811887015,1.0014357265197267,1.003202458311387,1.003031070090126,1.0012517111746573,0.6462293459331072,0.9939766852242621
60821.32391449048,0.9999237535057408,0.999789244754447,0.9991267376000195,1.0001458841240727,0.9977999099427133,0.9997742585639773,1.29030568992424,0.9959671097214197
60821.32409218907,1.0014645374489222,1.0004712864577427,1.0008228113051998,1.0006760485978978,1.0000212830864907,1.0003874069657466,0.7120120423429438,1.008718219314402
60821.32426988766,0.9999038018514431,0.9997751191904234,1.0001821046049193,0.999989186899834,1.0001668473173524,1.004042958912418,0.44383699589464476,1.000796281527284
60821.324447586245,1.0001649330552496,0.9996893202541087,0.9994428681160453,1.0007321656258452,1.0020640834711048,1.0016162355549953,1.4863966425399295,1.0030058292960218
60821.324625284826,1.0008794675031434,0.9994864905682679,0.9997998165378166,1.0000730463924778,0.9992212209508321,1.0013855925461257,0.8148590964144251,0.9930768725570185
60821.324802983414,1.0004910252231485,1.001012963371155,0.9996466822473299,1.000919598485172,1.0009822541308602,1.0007732994379814,0.9465176435582567,1.005450549527536
60821.324980682,1.000324161331667,1.0004768176373078,1.0002318079565882,0.9997262553433168,1.0005646645957211,1.0016831295507098,0.38389512174579576,0.9973411557807663
60821.32515838059,1.0012892192527971,1.0017338878267772,1.0015078690964538,1.0025198240358106,1.0017066442925184,1.0016372354700032,0.793200492374375,0.9949142284451687
60821.32533607918,1.0000615293764683,0.9997392452343782,1.0000465733051636,1.0010847408684682,0.9989953508614239,0.9986853471618199,1.1348844073403823,0.998811866482237
60821.32551377776,1.000115983542215,1.0003505994494444,1.000075392442575,1.0007760125184317,1.0011658665089662,1.0004355962709366,0.8925164737095205,1.006052541020033
60821.32569147635,1.0008470242552405,1.0023485772898006,1.0010900527789701,1.0018646749196358,1.00344293325021,1.0002905197730179,1.228563323905546,1.0057010380938194
60821.32586917493,1.0000032947142632,0.9992732088065694,1.0002105528415022,0.9991984188909078,0.9996667320007955,0.9993778374401737,0.8056269907196403,1.0081605824526165
60821.32604687352,1.0003147494017757,0.9998012102965472,1.0005026980338514,1.000072200834042,0.9997538433429195,0.9996075343891867,0.5890856814476243,0.99959951882604
60821.3262245721,1.0001072721373485,0.9994767224086717,0.9993598184583237,0.9994892197163113,1.0014859732907246,1.0009882479152372,0.8757383573392318,1.0019439754082173
60821.326402270686,1.0002649573508466,1.0008850037449621,1.0013571150188485,1.0027053166801225,1.001276895364038,1.0024404478289777,1.3010677200506273,1.012236524259973
60821.32657996927,1.0006657687518086,1.0002650827124675,1.0015609125360643,1.0025244099851311,1.0028109217292493,1.0027637852737137,0.6218309080050924,1.0031478836737722
60821.326757667855,1.001254141304583,1.0011638952204307,1.002433684986063,1.0034465219959303,1.0029072872726184,1.002475211688954,0.7251956901114043,1.0045865246248376
60821.32693536644,0.9998779576631271,0.9997468111146951,0.9993730923289125,1.0005302513583225,1.000777697828722,1.0005807507436175,0.8962234154559148,0.9998513951646155
60821.32711306503,0.9995967664875144,0.9993159828628746,0.9997024169459929,0.9988423666995747,0.9989364768118335,1.0002112421313534,0.6480561319556131,0.9977347236578249
60821.32729076362,0.9997467608105183,1.000038866149104,0.999302209851844,0.9980782774537751,0.9995064482432763,0.9995525826752297,1.3583451206645702,0.9979561449618471
60821.3274684622,1.0012034802611454,1.001323820863921,1.00149231884622,1.0003224360173353,1.0023981882896231,1.0011829740984939,0.31257329288740965,1.001463827515396
60821.32764616079,0.9992874386119917,0.9989382642333282,0.9977301149159565,0.9977968400650877,0.9990082755717656,0.9990538919191372,0.7990715643046774,0.9949257662318094
60821.32782385937,1.0006743997101581,1.0017834765269449,1.0013320878006122,1.0012241462115976,1.0010968722235718,1.0007545158917166,0.8057772880169983,0.9991966750446967
60821.328001557966,0.9989655271350373,0.998546478264008,0.9981342642611577,0.9968349529163826,0.9981703503437468,0.9983171620354818,1.57482132715698,0.9920513715487942
60821.32817925655,1.000820374353792,1.0012002198674874,1.0011212914703582,1.0007222781638012,1.0018550986857626,1.0004348625840294,0.8633599045203099,0.99379906045028
60821.328356955135,0.9998671192203143,1.0000033929433236,0.9984689385806984,0.9996323335613693,0.9992941248729295,0.9990862190060469,1.3051293911747945,0.9963344394285127
60821.328534653716,1.0006608523453957,1.001155708746329,1.000735627449789,1.0019299404057456,1.001427041859356,1.0041384395752504,0.14950720530498607,1.000754595671078
60821.328712352304,0.9997035010819967,1.0000792744357163,1.00034802803331,0.999724575197204,1.0010997468581764,1.0001113391127419,0.014355908181329547,1.0035723615332008
60821.328890050885,1.0006891160572047,1.001020237041536,1.0014231335303945,1.0014175668991523,1.0014255752697352,0.9998692950047636,0.8408358860083879,0.9975429295949564
60821.32906774947,0.9994365862295149,1.0000125110184006,0.9990284281722493,0.9990964388197812,0.9989318872728395,0.9951176151571594,0.7957879862393596,0.9956400052013493
60821.329245448054,1.0010801603987967,1.0006973494216038,1.0004635469560261,1.0006976914372177,0.9999833478381192,0.9977393387838795,1.4258732333085864,0.992186699775696
60821.32942314664,1.0010457314938053,1.0012639898097104,1.0006690578831954,1.000658149392341,1.001261920892474,1.0018193827308477,0.8013090910889735,1.005534477107099
60821.32960084522,1.0009405756993806,1.0013959939727748,1.0024052207736045,1.002927449196387,1.002087101603515,1.0019664602633715,1.546854920347238,1.0051891511192437
60821.32977854381,1.0001695755031035,1.000305837845099,1.0006203944415824,1.000424853596774,1.0002139564642312,0.9976076554295384,1.1227848447818816,0.9929941996183967
60821.3299562424,1.00036933056198,1.0011508304301704,1.0013310378706084,1.0002890050822817,1.0008819225222239,1.0010630116153523,0.8045999271889418,1.0068825381209063
60821.33013394099,1.0006079147849936,0.9994950130596699,0.9999473967896937,0.9997593931561679,1.001872270292433,1.0014339920404265,1.666739617487671,1.0002871912255407
60821.33031163957,0.9995377957280418,0.9983576087742371,0.9990975855456793,0.9986920272924941,0.9996513750275153,1.0007265382322355,1.393930293400992,0.9860068440533899
60821.33048933816,1.0004078803641183,1.0006538265135667,1.000442828659976,1.000684710253462,1.0013761749333276,1.0029679924951251,1.0444818887192633,0.9886248730207926
60821.33066703674,1.0005312674517937,1.0002003826831407,1.0010758290831516,0.9993282328007034,0.9998597790667354,1.0013278406213582,0.6540088346354475,0.9934891698566843
60821.330844735334,1.0005247704393212,0.999984298612863,1.0003828475581702,0.9990273593375582,1.000875087854031,1.0013739130994745,0.4634009004991053,0.999712110960699
60821.331022433915,1.0015574131456908,1.0022980160124428,1.001906649234178,1.0019000127686004,1.0027339659440633,1.0031781061914171,1.113979067488553,1.0044617510047629
60821.3312001325,1.0007317775264681,1.0008576330922165,1.0015205294445384,1.0016520472641406,1.001183815284196,0.9998546785108788,0.7880489033513232,1.0027188538844798
60821.331377831084,0.9998190884934308,1.0003364075261276,1.001593500459888,1.0014229046313483,1.0024141579656032,1.0009615816311155,1.2920428972712446,1.0065339008838463
60821.33155552967,1.0007226031922865,1.000234423895747,1.0002781167102486,1.0014834300972613,1.001898638982791,1.004153533620564,1.5576650693645473,1.0081304628260186
60821.33173322825,0.9996051628894743,1.00084766264025,1.0012415760016005,1.00054933132399,0.9990433352599496,1.002127062426302,1.1364230810834786,1.005441939336047
60821.33191092684,1.0005075290659282,1.0006254982210432,1.0005249901931714,1.001832362294278,1.0012978401646135,1.0016323148885102,0.7693690292623574,0.9980374509765997
60821.33208862542,0.9994457485646681,1.0001118996145455,1.0002178894073377,0.9998874004952018,1.0002673131171076,0.999118179176474,0.9419854167199068,1.0005329736031117
60821.33226632401,0.999712067619231,0.9995833691785155,0.9993732114783704,0.9997729263406993,0.9999654499062379,0.9995386454489047,1.3657867662669307,0.9914952941796435
60821.33244402259,1.0006273833626904,1.0004987773438379,1.0002256558531064,1.0011661465114212,1.000837159850346,1.0033444723401554,0.9601178905431705,1.0133453853983734
60821.33262172118,1.0013741598277797,1.000282944634064,1.00100620752493,1.001003403924841,1.0010553871220857,1.0013207483219824,1.53993890151665,0.9937763820960195
60821.33279941976,0.9996195157274884,1.0001978580153374,0.9999100189955286,1.0012901987072407,1.0003800284562163,1.0014616259933915,0.8598532428480369,0.9908677851395531
60821.332977118356,1.0008027085532212,1.0007064105506502,1.0008456969453599,1.0011838045491,0.9998705234015437,1.0005499458369627,1.3198456194780634,1.0011800349089492
60821.33315481694,1.0004484700011145,1.0009018170457349,1.0004649882995837,1.0006650853249621,1.0006345444818052,1.000404189768405,0.951454522746322,0.9886259792962707
60821.333332515525,0.999354944685255,0.9996811455128422,1.0010869483963412,0.9998792710493867,0.9989811300033673,0.9989274055841094,1.1286065828193004,1.011288299679091
60821.333510214106,1.0008914389081962,1.001318470657408,1.0011518666113746,1.0008576878421116,1.0006744182118537,1.0017682428204704,1.3398991165810032,1.0045224800276975
60821.3336879127,0.9997545200284965,0.9999564812024028,0.9990011013896948,0.9995324030159571,0.999555127272585,0.9983016509049844,1.334162360625206,1.0009645130547924
60821.33386561128,1.0008875669139754,1.0006507840721424,1.0006732691542013,1.0008794753896129,1.002787593389118,1.0006333129596572,1.4181482211742267,1.0043543407652527
60821.33404330987,1.0001996555294046,1.0010416788542211,0.9999149895516235,1.0000110862180909,1.0009334012861728,1.0005920314074288,0.9551830321221879,1.0062401119025186
60821.33422100845,1.0002559282044161,0.9999673636976406,0.9993816329752927,0.9984531054943739,1.0000187725474683,1.0008413336399287,0.977595723558166,0.9943518485065134
60821.33439870704,1.0004639109048865,1.0010191829959019,1.0010803070170171,1.0016857710523106,1.0006957901639084,1.002153761894636,0.543881437762811,1.005613493961339
60821.33457640562,0.9997684784369046,1.0003261998594868,1.0009909564225483,1.000234452134674,1.001047377658177,1.000958788821872,0.9610751214879044,0.9923186422788569
60821.33475410421,1.0019989124794395,1.0028741025500505,1.0038320419860824,1.0035881463758778,1.004429308604668,1.0038918168558855,0.833332324453688,1.019486458600499
60821.33493180279,1.001311164927759,1.000384793879067,1.0014895239466306,1.0011074655323007,0.9991674391107298,0.9996111914742132,1.5768092466037278,0.9914102728526073
60821.33510950138,1.0001049021235862,1.000681415051764,0.9991596984652322,0.9984986406799737,0.9989591395225765,0.9987916693947055,2.1390437553495203,0.9950924024398845
60821.33528719996,1.00008333294672,0.9999964870583092,1.0005156703042357,0.9994057060504847,1.0009945499514494,1.000341933834395,0.21573786342742277,0.9959644393446704
60821.33546489854,0.9997572659600359,1.0007903448283653,0.9994269112617178,0.9995632312392639,0.99996295460371,1.0005817509888784,0.5132520593819153,1.0051091358289876
60821.33564259713,1.000436769256083,1.0000729019210064,1.0004452528277847,1.0014621803587642,1.0008579692163178,1.0017633246910063,1.206222247288088,0.9998944502020354
60821.33582029572,0.9997279743314457,0.9998958180832627,0.9990350529401494,0.9987003093737676,0.9991314204056351,0.9991620018382368,1.2692468842463138,1.0011218607100472
60821.335997994305,1.0008099128930448,1.0007749900748104,1.0012811666354586,1.00203310785769,1.0012181451159055,1.001160025550531,0.7763068648983944,1.0116975816685743
60821.336175692886,1.0002776182945705,1.0000586314996687,0.9998919698582888,1.0004837043597432,0.9998114749089595,1.0003521558693502,0.9766017272335079,1.0022885967009403
60821.336353391474,0.999405066627452,0.999999316768225,0.9999724110640112,1.000795533131273,0.9996260343066404,0.9995279936477465,0.7167501910746916,0.9946699454068961
60821.33653109006,0.9998748027521124,0.999535118117738,0.9992421812259646,0.9998573933250043,0.9996852653098073,1.0007054108683102,0.7590631434572734,0.9922836723609102
60821.33670878865,1.0006440092474513,1.000202820662401,1.0012674097361653,1.000818378039661,1.0010492408644813,1.0029018209957656,1.2184629892181775,0.9996471003845773
60821.33688648723,1.0009322105304592,1.0006850340264077,1.0016246491900744,1.0013074044561212,1.0012369814346824,1.0014032018096766,0.4861377560884798,1.0007918848072754
60821.33706418582,1.0004439099087548,0.9995999049274542,1.0003874505727581,1.000162930928611,1.0001466905348846,0.9997264148431468,0.9685908749303604,0.99981073270266
60821.3372418844,1.0008351545418237,1.000411382597309,1.0015637233272803,1.0008641861951142,1.0009678602877956,1.0031390368058757,1.6510770642023072,0.9992982928063786
60821.33741958298,1.0001501386151486,0.9998647293591156,1.0007687941929668,1.000780073783348,1.000375032647193,1.0035241713767442,0.7505937783270664,0.9959324831964183
60821.33759728157,1.0005261263295502,1.0008120405405492,1.0016020343314436,1.000900523117113,1.0005533127757678,1.0022676970988476,1.0206294979710042,1.0026621223314287
60821.33777498015,1.000709731926634,1.000284555445028,1.0002613927466075,0.9993496916460823,0.9988541007792974,1.0004688066628062,1.227250900204661,0.9959765134293166
60821.33795267874,0.9999578294150041,0.9989047806928357,0.9993769438783258,0.9988089170047578,0.998419205567578,1.001180130032943,0.8199827185587749,0.9977036057470324
60821.33813037732,0.9998814940565476,1.0002278778225941,0.999731896676214,1.0008335043983656,1.0005162716768694,0.9983391735302125,1.6536423426758693,1.001180417161329
60821.33830807591,1.0002627428834785,0.9999575289005495,0.9994655278720788,0.9996372535972092,0.9999889987895089,1.0003770664347074,0.09416290495366575,1.012678520647917
60821.33848577449,1.0000777418609048,0.9996884554607733,0.9992243516675477,0.9991821570452668,1.0002756641843267,1.0014698062917746,0.868258622833306,1.0062123149414801
60821.33866347308,1.0002535090156548,1.0008926425686975,1.0006164191408047,1.0001070673117802,1.0004053180666939,0.9990041031157647,0.2393941347347725,0.9953242090575699
60821.338841171666,0.9995441762884036,1.0005410146136264,0.9999985062909923,0.999999319022116,1.0002790633045362,0.9979109574429585,1.691717758203204,1.0113800042060985
60821.33901887025,0.9999425240387215,1.0006648306992072,1.0008976777213472,1.0002126258554631,1.000160742734611,0.9974215850372554,1.376356435696942,0.9972510710488486
60821.339196568835,1.0007630726851633,1.0007655169031484,1.0002834265354266,1.0011239222956607,1.0021373750913658,0.9998606520343225,1.0292285078998378,1.0008544674884212
60821.33937426742,1.0000658757446461,1.0003293101283484,1.0003951793953019,0.9994413983556161,0.9999439571477894,1.000429619329907,0.948690898863752,1.0009794903904294
60821.33955196601,0.9996940710762062,1.0006382180418696,1.0001062112438657,1.0008223140387669,1.000593968959536,1.0014588520436924,0.5245570858221471,1.0044957566888837
60821.33972966459,0.9998137720007698,1.00013670287524,0.9996072796435734,1.001509021482997,0.9995090219770322,0.9991032426257104,1.0545201178735335,0.9995311129726756
60821.33990736317,1.0010111582928038,1.0005886942191748,1.0001402564123454,0.9994261555800364,0.9997085337363887,0.9997393196540537,1.1743197237385137,0.9989836520854101
60821.34008506176,1.0006930263560172,0.9999522412621272,1.000683230288107,1.0005380788014757,1.0000722801154092,0.9990072508778288,0.954491585062561,1.0011020762712963
60821.34026276034,1.0003287890749317,1.0006111694028206,1.0012671771762296,1.000842184144901,1.0028263384157365,1.0000315399149882,1.430715677147176,1.0098337636903028
60821.34044045893,1.0000694659155291,1.0000377821796,1.0011667439567162,1.0005738792449486,1.0017841502058213,1.002967776732683,1.6504618216263376,0.9992648076486069
60821.34061815751,1.000576062594472,1.0014861045371581,1.0020618021344678,1.002417497899948,1.0022943901350803,1.0018690484728014,1.2508136015490807,1.0073132426540168
60821.34079585609,1.0004819200622748,1.000297811719224,1.0003208462431847,0.9978878260248134,1.0001621567269865,0.999158957676393,0.7743932070171357,0.9864039568451607
60821.34097355468,0.999901226766707,1.0000354359668733,0.999451260419019,1.0012194313651195,1.0011155947984827,1.002032435692893,0.8814679567467347,1.0021085680959096
60821.34115125326,1.00127725044266,1.001582888305801,1.001829234057858,1.0024307890112947,1.0036183343538256,1.003816657082871,1.6300917892976647,1.0146332447811512
60821.34132895185,0.9998223962256414,1.0000032152136744,0.9994622271491284,0.9993193752135324,0.9991298545689155,1.0003984261759862,1.2028167186240968,0.9989923619639723
60821.34150665044,1.0009643936172687,1.0006717991523124,1.0004949617990246,1.0001222174712683,1.000625272684009,1.0011912827574805,0.9249827098548542,1.0014113449460051
60821.34168434902,1.0011879350581248,1.0004548035828331,1.001518096916013,1.0020461457346155,1.002354385006368,1.0023351337612274,0.6486158086595192,1.004934135908699
60821.34186204761,0.9998604429915818,0.9995365751381482,0.9992356452356749,0.998903017762649,1.0003763704386124,0.999006671461721,1.6889714052465894,0.9978720480567858
60821.34203974619,1.000256250486017,1.0003957037591795,1.0010751883882292,1.001187040494731,1.0016223694427997,1.00326933415727,0.47186840750411957,0.9919683676904569
60821.34221744478,1.0011586780421171,1.0018351633920137,1.0020422789808698,1.0032417704716887,1.0023766734143116,1.0032415286634446,0.5987737403156534,1.0038070095281486
60821.342395143365,1.0013299017185469,1.0012215503271065,1.0027578588630675,1.0019436652531066,1.0029732778344964,1.0042703074985793,1.2621566481832622,1.0087035041463672
60821.342572841946,1.0002538522186388,1.0005248588071525,1.001638328532719,1.0034455751749127,1.0030774540201237,1.0022300416931718,1.1322187867345546,1.0004679635712108
60821.342750540534,0.9997544448038175,1.000554091163249,1.0001360027877086,1.000300027727665,1.000409934171929,1.000774026240634,0.5212697451448168,1.007249915604284
60821.342928239115,1.0004078635962452,1.0012111520544842,1.000900745884362,1.001467241277502,1.0017419475143559,1.0024038141122014,1.277583950374771,0.9987508682981865
60821.343105937696,0.9993566993124336,1.0000501926057515,0.9998713445202073,1.000220565190674,1.0004250147128506,1.000436301231716,0.8128663418585712,1.0091393909182367
60821.343283636284,0.9986966912073137,0.9991167719031907,0.9982259157578686,0.9983852595875328,0.9994815342477554,1.0023321668193823,1.0735265547200512,1.0040092926230932
60821.343461334865,1.0003585660488448,1.0012947082033026,1.0021064516619933,1.002195607040607,1.0026252877687791,1.002142630204854,1.0014411015003786,1.004761670969312
60821.343639033454,1.0020039396109115,1.0026194917698044,1.0024192255241444,1.0029142782716043,1.0029868923433654,1.0034349621457614,0.9820995506162845,1.0143180170970223
60821.343816732035,1.0011969061779893,1.0016628526834932,1.001390543621665,1.0031232285267861,1.0027743461316863,1.0028336473070258,1.0612002158067662,1.0096261932801043
60821.343994430616,1.0023384640667365,1.001454745228688,1.0012742686041334,1.0020188899201874,1.0018368530173232,1.0017577489072513,0.9994239168868535,1.003764214885984
60821.344172129204,0.9997028699023269,1.00049872475037,0.9998931672009295,0.9992877912044819,1.001225048364959,1.0003725948714817,1.3098049087567267,0.9982237153901674
60821.344349827785,1.001041472453996,1.0017941841942422,1.0018232216024479,1.002566669974681,1.0042443261373657,1.0036051478728685,0.32570076985886304,1.0014156573523307
60821.34452752637,1.0001076371329327,1.0012191881549826,0.9998481766441699,0.9999840137140434,0.9990215646467954,0.9991553629547011,0.9170011410191259,0.9916469516705977
60821.34470522496,1.0001147097911094,1.0002422449070982,1.0000678133322523,0.9993863869103099,1.0000114286338613,1.000087259894607,1.1253002143543749,0.9992077077836032
60821.34488292354,1.000515105683305,1.0005445960474155,1.0004838620675138,1.0008024939734101,1.0003437874673573,0.9997310123834998,1.2235554295879698,1.0061672200032064
60821.34506062213,1.0012477143723204,1.001484972145393,1.0019702790187623,1.0033152241239605,1.003012826316562,1.0039370412330246,0.8411610780478478,1.0073320777203583
60821.34523832072,1.0015325646958484,1.0017622831730553,1.0017070846467515,1.001541108782525,1.002876797387866,1.0021937464655941,1.1641372086619284,1.0080598227034303
60821.3454160193,1.000666635415668,1.0010751798049649,0.9996312786408577,1.0016566924822403,1.0013675737039454,1.0009982440760024,1.1186991764149856,0.9996593018169115
60821.34559371789,1.0013367848536054,1.0023143230704756,1.0025693048995128,1.0020693046359463,1.0018692625849395,1.0007950583812164,1.9906267339339616,1.0164384143766736
60821.34577141647,1.0006060743186105,1.0003250108844046,1.000218892913362,0.9997738675064572,0.9995565061381781,1.0014056833091671,0.08641406294322768,0.9892243974273641
60821.34594911505,0.9997953359548649,0.999874166803491,1.0007660077641036,1.0005935582795769,1.001235719472507,1.0031910800999915,0.9014665299626535,1.0036999467946077
60821.34612681364,1.0004420491363235,1.0009311186801233,1.0004828597715931,1.0003526477855706,1.0009383829701413,1.0003519830789005,0.9589366682796344,1.0021763886519346
60821.34630451222,1.0005830746421707,1.000736051866297,1.000841926922179,1.0007183350688096,1.0016630373354956,1.000874095005448,1.4476120438612525,1.0036695968096518
60821.3464822108,1.0009469565674096,1.0012510545370235,1.001450617131392,1.0015077086702249,1.0007956877587796,1.0007741949814888,1.0788913464653733,0.9994452681557077
60821.34665990939,1.0000748879381083,0.999693232398489,0.999970255099194,0.9985805466408607,0.9998166785049802,1.0016752125764057,1.2540184624525834,0.9989717856001014
60821.34683760797,0.9996424944825449,1.0012392645324335,1.0008194896187692,1.001107734141141,1.0002999754488704,1.002923029189615,1.863443843824247,0.9997964769620585
60821.34701530655,1.0000800153691525,1.0002513011395116,0.9998972931046174,1.0000897053055835,1.0002446174986888,1.0001887199384119,1.1479990936713405,1.002686466043473
60821.34719300514,0.9997948303034941,0.9997040568595559,0.9999623269395623,0.9992894345672636,0.9999385266216042,0.9980616749600808,1.0583100930059437,0.9986964964659791
60821.34737070373,1.0000899268744232,0.9998049440068146,0.9998151528032421,0.9994185078413793,0.9986731616090673,0.9989102641790715,2.010618113777499,0.9943701477245948
60821.34754840231,1.0013688324129257,1.0024277292765997,1.0019332910980188,1.0023483298669842,1.0024251611978061,1.0027845489249556,0.0395378259364409,1.001606500128786
60821.347726100896,0.9997606647617967,1.0008238310892097,1.0005485801753933,1.0007944798357378,0.9996965320858049,0.9997750390523079,1.6489995155308912,1.0041450404861638
60821.34790379948,0.9994091529120168,0.9992914444211218,0.9994958251292734,0.9989640522844463,0.9983217913804516,1.0003937079114098,0.9002101774631507,1.0003456093609902
60821.348081498065,0.9998226574352636,1.0003955040853594,1.0004323811743783,1.0008652776310352,0.9989670339416271,0.9998480647116939,1.062530097846075,1.011646268294969
60821.34825919665,0.9997940229842381,1.0002192980144549,1.0001237379463206,0.998776694513824,1.0006144528916685,0.9981287428547343,1.146914835529819,0.9952868546985922
60821.348436895234,1.0006223776141026,1.0013534233692156,1.0016042476111744,1.0010808336384067,1.002037415420594,1.0040308704738297,0.5663668876715421,1.0105968897292716
60821.348614593815,1.0000605881727205,1.0017191782924075,1.0011143165424414,1.001621152664736,1.0019790899078127,1.0038885041017347,0.8182736508756243,1.0046546315954061
60821.3487922924,0.9999584919767487,0.9992682942275223,0.9994005807245651,0.9993484545966731,0.9999502641708257,1.001992748570501,1.0313869338188564,0.9974798416675095
60821.348969990984,1.0001651289400142,1.0015370057646344,1.001031824100879,1.0002947819463215,1.0017857758881699,1.0000072556484836,0.8803728987862989,0.9997001452178729
60821.349147689565,1.000285458275241,1.0008783819406262,1.0005759347903338,1.000590107979065,1.0023179375315032,1.0035281595339836,0.18789544590788196,1.0031623811408643
60821.34932538815,1.0003073708089247,1.000619653091864,1.0001752141090507,0.9986915419634774,1.0003187240436198,1.0003001384232233,1.0878465729021694,0.9999607286035131
60821.349503086734,1.00099572231171,1.0010772084619615,1.001654315653195,1.0009536097295046,1.0010991169922248,1.003919860234514,0.5510301285167629,1.00132672119326
60821.349680785315,0.9998027048967472,0.9986521704592842,0.9986112061864123,0.9992521719278409,1.0002563160181523,1.000895699041461,1.0273338552353828,1.0011800694879074
60821.3498584839,1.0004138681870447,1.0007485428148606,1.0010905118218114,1.0010846238761935,1.0011655482423178,1.0021027358820216,1.5882431534857686,1.004447809112162
60821.350036182484,1.00050219149805,0.9999446300805763,0.9998618544466826,0.9994098583262737,0.9988612032659727,0.9978515157463367,1.0632822810766482,0.9962996893758052
60821.35021388107,0.999751489966114,0.9988802966200829,0.9992863144792331,0.9980478040986693,0.9983120913704535,0.9960700627060455,1.6683281126104972,1.0102097057034023
60821.350391579654,0.9998364192442034,0.9994282614305454,1.0006502888442428,1.0006172883997073,1.0001016992601386,1.000838456923069,1.2620561739980953,0.9947104428089613
60821.35056927824,1.0008035309481798,1.001045493512836,1.0009619493009485,1.0004435826697022,1.00083977726026,1.000714244655686,0.5999449570081412,0.9986287404419926
60821.35074697682,1.000955357579583,1.00121685917115,1.0019117571920515,1.0019549155581566,1.0012866369513649,1.0030085946178096,1.3796974863187015,1.0077994812030435
60821.35092467541,1.0002236498945467,1.0005196538674241,1.0004885104059869,1.000829411033211,1.0003273774985357,1.0001224167924918,0.9672002500098694,0.9947535645697433
60821.351102374,1.0000029448394452,0.9995205849104188,1.0000783504755357,1.0000573170222367,1.000647160758149,1.0026218889659149,1.0031429831314043,0.9959014735738816
60821.35128007258,1.0002680432236009,0.9999904380841039,1.000193051478137,0.9998407798608345,0.9995675671715942,0.9985531970761392,1.0740450143503624,1.0075030683234936
60821.35145777116,1.0005657285080283,1.0008512353689136,1.0004907837508665,1.0012796361117813,1.0019457086850785,1.0035249043766499,0.7949694326801633,0.9981570558247516
60821.35163546975,0.9997263458479008,1.000658921551083,0.9999552734649119,0.9991776980202517,0.9993986428477233,0.9981641094290977,1.2915665083769978,0.9953686276967307
60821.35181316833,1.0010431558561717,1.0011685388320806,1.0027456483663375,1.0018435212397994,1.0013196771283566,1.0017030164272527,0.8455666379782347,0.996730132766615
60821.35199086691,1.000099139974697,1.0001745630990238,0.9997879901547577,0.9997214917392002,0.9996620965020369,0.998622389411673,0.7761452159368922,1.001854146044271
60821.35216856549,1.0002352064974014,1.001719482246379,1.0013801129675102,1.0011403508972248,1.0013469234307018,1.000916953238714,1.224787905849768,1.0154632652796443
60821.35234626408,0.9999893419407168,1.0010303375263174,1.000410395129652,1.0002807249967258,0.9997120757798549,1.0006133484775426,0.7435237217720189,0.9940851063823865
60821.35252396266,1.0004480240372189,1.000751747933321,1.000273959563882,1.000584186905931,1.000661849328787,1.0021985254741015,1.0160011716447916,1.001954836160516
60821.35270166124,1.0001715182688966,1.0004111578962527,0.9999956339447639,1.0003181568286736,1.0016935234794662,0.9990822181215079,1.1937775849633905,0.9975815371690523
60821.35287935983,0.9997627722834824,1.000581396784862,0.9996263403175261,0.9984048012132908,1.000458918934342,0.9998259439935906,0.9431800612843684,0.9993178834187668
60821.35305705842,1.0012550770070212,1.001819560542377,1.0016682169948703,1.002357208520066,1.0019098918195892,1.000786175535885,1.4919588283414413,0.9991586355953457
60821.353234757,1.0002163683302057,1.00056987935952,1.0002818302985912,1.0005191569569853,1.0010793902373976,1.002237482049486,0.1839750652801558,1.000523011597873
60821.35341245558,0.9990847802497012,0.9991117905763783,0.999072371329222,1.000614844384488,1.0008989982272032,1.001033853996338,1.0369785205413478,0.9915437787349303
60821.35359015417,0.9999690175861485,1.0002214884417033,1.0005760289584065,0.999438507817005,1.0004525773420916,1.0015259673301824,0.9699419497232233,0.9995283439767916
60821.35376785275,0.9983720211844567,0.9983087839005917,0.9997968163213699,0.9981564199342774,0.9973849350087121,0.9981937276143806,1.3093610767047463,0.9997191794690596
60821.35394555134,1.0004331024760171,0.9999907119328493,0.9997049195036293,1.0000682720349592,1.0003371150514437,0.9999006662714595,0.8158546610246424,0.9858471982370464
60821.35412324992,0.9992719866321932,0.9988611417164561,0.9979072017165028,0.9984782123641637,0.9971843456563229,0.9978205983120106,0.9109031828504408,0.9916412847403422
60821.35430094851,1.000199852590374,0.9987878590667919,0.9987286986783105,0.9984862279062301,0.9983858832611928,0.9981649260357925,1.5779348727366573,0.9901195640129802
60821.35447864709,0.9982771228672931,0.999382915342749,0.9981854584697177,0.9988786578087462,0.9983668101618841,0.9990601245009828,0.9538242057873597,0.9906228512442112
60821.35465634567,0.9998197501321732,0.9993865368563878,0.9981393409763528,0.9987216344321345,0.999591644071734,0.9989683931357124,1.07826517413593,0.9832450718226559
60821.35483404426,0.9989383265679268,1.000145766180568,1.0006983184115177,0.999763578028682,1.000421170839256,0.9983082268925186,1.0395249219026006,1.0047780368636163
60821.35501174284,0.9986867998542578,0.9983327338776128,0.9977335526006478,0.9977156391100125,0.9976301089829401,0.9944782897053808,1.4932916970455383,0.9858042318722599
60821.35518944142,1.0009098694160878,1.0012884356161815,1.0011307285193378,1.0009082578542858,1.0015565372065636,1.0031446504012813,1.117017547494532,1.0124712012910009
60821.35536714,1.0005752623515662,1.0021271592412675,1.0032034025567476,1.0023002712070281,1.0037056117693766,1.000574665330839,1.6831398824658697,1.029302235914501
60821.35554483859,0.9986994048337763,0.9986809695540214,0.9981752428839993,0.9993783546633458,0.9997277480862502,1.0004299559091347,0.8589569689019977,1.0047740524550342
60821.35572253717,0.9991236494106001,0.9988878443267593,0.9993418562604833,0.9979043472424687,0.9989878024192808,1.000763600152352,1.0684930594983668,1.009743580176954
60821.35590023576,0.9990913197202747,0.9995820545231815,0.999014063690872,0.9986396666779097,0.9983657080358607,0.9976985832393814,0.6467950253167914,1.003228435407062
60821.35607793434,0.9997204023290798,1.0008112674165752,1.000267622800671,0.9996552887516476,1.0017951110628587,1.0013068624676675,0.645995792355464,1.0036830997671742
60821.35625563293,0.9990520504379229,0.9990929403521502,0.9987574135598579,1.0001907340871403,1.001028973268722,1.00266536785174,1.2784612331344987,1.0010165668199857
60821.35643333151,0.9992920554689866,0.9996967309522277,1.000206770534186,1.0008446182554467,1.0009102326642583,1.0003129811480478,0.8441776387647821,1.0058804391217206
60821.35661103009,0.9989671734632913,0.9996265567578574,0.9982187431430051,0.9986301261856544,0.9992826456635348,0.9992547152419587,0.7434115717772029,1.001430115878008
60821.35678872868,0.9994210736392389,0.99906876694357,0.9988769468366997,0.9992196817150525,0.9994047950527194,0.9981321675859822,1.0533200532689082,1.0071658169828337
60821.356966427265,0.99960616603903,1.0003369196776886,1.0001121579136365,1.000428123395693,1.0013419562435009,1.0013008799425516,1.9330886380126682,1.0133598666976018
60821.35714412585,0.9990022896972527,0.9988904355525027,0.9990263032300912,0.9990098186776555,0.9999477673814497,0.9975831510501689,0.9852880568459786,0.9933140361417833
60821.35732182443,0.9989980603473474,0.9997822426712581,0.9992328439555388,0.9995814114158665,1.0004033011574855,0.9987136958702549,1.406210281668051,1.0052734629078302
60821.35749952301,0.9986015116821471,0.99866051468496,0.9984405375560558,0.9983915222240819,0.9990528626097325,0.9976461166584151,1.3344109528871397,0.9931277308907174
60821.35767722159,0.9985530239153418,0.998166858070536,0.99844834547538,0.9982090479750546,0.9986787499269884,1.0000574912726405,0.45222582813835127,1.0024562657146734
60821.35785492018,0.9973364399467557,0.9978748906942977,0.9972847141245265,0.9971481358194357,0.9967399604518747,0.997189868392556,0.6679491992873081,1.0025638974520854
60821.35803261876,0.9992173921290118,0.9993672760403985,1.0003941040531197,1.0005264869330104,0.9985122999039184,1.0000934843194105,1.149148493558379,0.9969140226607172
60821.35821031734,0.9989140065368427,0.9984443555329732,0.9988657693285218,1.000021550284221,0.9992016065043037,0.9980731179827559,1.1107875135919307,1.013498619078612
60821.35838801592,0.9976055596976553,0.9985735180165742,0.9992379508133178,0.9986214978842904,0.9994984462136071,0.997757284299718,1.3914522412777928,0.9908441436817714
60821.35856571451,0.998436652105873,0.9989089183478844,0.9993364988012218,0.9991106948237539,1.000436695761851,0.9999191384198226,1.3089830427813134,1.0059319027840175
60821.35874341309,0.9992208293891974,0.9994791798869164,0.9996509265451499,0.9999190012830655,1.0010939730559767,1.0017982090626918,0.8766603012087032,0.9916990380890442
60821.35892111168,0.9993982761002808,1.0001305849854563,1.0013405448855854,1.0026870259531995,1.0005626626330795,1.0010365686599605,0.5977599396461539,1.0053135658753398
60821.35909881026,0.9991400314689467,0.9996245770671929,0.9991317764216497,0.9997620056247575,0.9999005765010567,1.0007491903266752,1.254855267852151,1.0051202649787179
60821.35927650884,0.9982313068841839,0.9977687547189686,0.9978585853589259,0.9983181641445209,0.9991295514377951,1.0015758255783302,1.3958216440195939,0.9943839951739399
60821.35945420743,0.9987553844555896,0.9985431483720795,0.9990698013989179,0.9989685200314877,0.9987515326196994,0.9993192178683484,1.078525481858904,1.002684272791427
60821.359631906016,0.9986585390652891,0.9984377459849455,0.9984005763004267,0.9969413785625164,0.9981094557436093,0.9997864327393409,1.860689564249525,1.0054548096577172
60821.3598096046,0.9994475636484906,0.9996039373955676,0.9999103339525279,0.9995831428119801,1.0003339450916704,1.0021978936446592,1.18553437428788,1.0069274676997557
60821.35998730318,0.9982282439013894,0.9985216557794945,0.9985277684338145,0.9981258623894442,0.9989024677563981,1.0004956259991638,0.5452117401068663,0.9960358594613824
60821.36016500176,0.9980932763666356,0.9981878484861834,0.9977887404815605,0.9993521305611339,0.9987019148317829,0.9994582997177578,0.5078451773798441,1.0008202606100243
60821.36034270035,0.9967397776363252,0.9970525171088027,0.996496015154286,0.9967866623835778,0.9966455818506403,0.997559265934926,0.8620948738563308,0.9971864238029651
60821.36052039893,0.9978939748095057,0.9992706393521086,0.9988306202154077,0.9993433258974438,0.9997057367895882,1.002301385312618,1.4436319628789216,0.9963600402070847
60821.36069809751,0.9976403836475872,0.998605633401481,0.9982277519252717,0.9969349112540137,0.9985168106288067,0.999205083771152,0.7988669204246858,0.9969253427063901
60821.36087579609,0.9976371600624103,0.9986519617176248,0.9983214896408211,0.9989085419835914,0.998920097126373,0.9982059480899482,1.2335106921713332,1.0021289897335957
60821.36105349468,0.9980652570965752,0.9986653638026761,0.9996782015132627,1.000139472965264,0.999377650971169,0.99872662564981,1.2434221881591325,1.00805677305702
60821.36123119326,0.9971015015824248,0.9969443722443666,0.9965430910498086,0.9965343069650728,0.996621066144507,0.9958186659071089,0.6073960414716668,0.9998906617129735
60821.36140889184,0.9968726233428593,0.998903633611171,0.9986627419742539,0.998745130461952,0.9972619840226407,0.9990891709065375,0.28566472419223393,1.006131364847189
60821.36158659042,0.9979681168070724,0.9986373884304561,0.9975566126626912,0.997055604361019,0.997080918656193,0.9974938129263504,1.309972331570806,0.9914821528359706
60821.36176428901,0.9995388588727403,0.9996420237712623,1.0003056317189383,1.0013590445426437,1.0005744700641532,0.9989464118625336,1.1211903976802284,1.0029130967018716
60821.36194198759,0.9973398659770815,0.9973047687999903,0.9965549778987941,0.9961683141152554,0.9972174278367683,0.9963557019348067,1.5305255490063636,0.9956650117744367
60821.36211968618,0.9969468619479893,0.99735540415842,0.9979999724491587,0.998153307501407,0.9973159582749735,0.998102708376244,1.4193179372140636,1.0106359498858315
60821.36229738476,0.9981774372453951,0.9980784734786751,0.9976050170320957,0.9982060836687984,0.9988280396806034,0.9976655228517392,0.8008339539586453,0.9949574932212041
60821.36247508335,0.9961204985415334,0.9961293700867528,0.9956586534024889,0.995315202016094,0.9964235424866803,0.99528027680546,1.2283754526999213,0.9887990243751256
60821.36265278193,0.9983051059864337,0.9992739795813739,0.9986713079685631,0.9987452095515116,0.9993859066942651,0.9988497429066006,0.9099442340854368,1.0070353542581332
60821.36283048051,0.997130829669602,0.9978979953673439,0.9979290820421666,0.9983587092963245,0.9987727923147359,0.9987243886764591,1.407358097939528,1.0000275348573902
60821.3630081791,0.9976633973228936,0.9967978341485558,0.9971682477455907,0.9985366228126414,0.9967662323112618,1.0000335343060052,1.0643278028590926,1.0017665774285684
60821.36318587768,0.9987421253751805,0.9981454824530773,0.9986267993631182,0.9972027013326743,0.9980477487669376,0.997623951880714,0.629958388238347,1.0070517912779215
60821.36336357626,0.9989070249482164,0.9981374735560969,0.9987787133657575,0.9996027381003739,0.998202603420619,1.0009500407702157,1.4323945072894333,1.0097737240277826
60821.36354127484,0.9972383974226042,0.9959263165014739,0.9953922390544496,0.9963045687213737,0.9971385659804654,0.9957956913260332,0.6555714020185912,0.9922911362666784
60821.36371897342,0.9967970251554915,0.9963285977692963,0.9956294713108904,0.9958028185687617,0.9956789338787664,0.995624397953596,1.2939407665785563,0.9969185728497081
60821.363896672,0.9984739790839325,0.9988311144735713,0.9978930953172492,0.9967270054984254,0.996948398874453,0.9980049438312049,0.9273251481200009,1.0068343548546768
60821.36407437059,0.9964474773005554,0.9969668211312785,0.9974053546462854,0.9961925547695799,0.9950703800335311,0.9933123866878089,0.983157470473719,0.9841809640900684
60821.36425206917,0.9981809760358226,0.999596067055171,1.000028273192723,1.000283236792437,0.9996249918403899,1.0006689637230544,1.3407780451784759,1.004489979909735
60821.36442976775,0.9982946691390788,0.9979375846467156,0.9988446261760513,0.9987744577575999,0.9984403602539799,0.9968678780286602,0.5571057586820632,1.0061401113141402
60821.36460746634,0.9972882950752671,0.9969358898248207,0.99733046297629,0.997684155404263,0.997389474169567,0.9962833355264091,1.0623106816877934,0.9933442940696825
60821.36478516492,0.9960778607626596,0.9964086608050796,0.9953895157709995,0.9941252624878703,0.9954652554323933,0.9976554247575431,0.9033845421766854,0.9955962145512314
60821.3649628635,0.9964457368260771,0.997044081660664,0.9973572221101835,0.9979979022823995,0.9974559673097051,0.9954962840283313,0.8694236697693262,0.9865748603729536
60821.36514056209,0.9982987171190523,0.9990888279056945,0.9994785744404796,0.999639825560118,0.9990617017347827,1.0007807602780912,0.945082932767183,0.99651654616194
60821.36531826068,0.9982814854371823,0.9987111222958014,0.9980191397222494,0.9977169633057681,0.9979211988654669,0.9986780199762256,0.8775829805411833,1.0030807888659241
60821.36549595926,0.9978497851562697,0.9988889843355094,0.9996121972851322,0.999844816532819,0.9977769826086793,0.9991792647774175,0.7090322576286898,1.0023719117698995
60821.36567365784,0.9982960205681306,0.9979167688776521,0.9987915244039677,0.9991199139315189,0.9996433663070305,0.9989704348722847,1.0535302471236223,1.0076933431007933
60821.36585135642,0.997747093162379,0.9970846734803429,0.997267552213343,0.9964689815020533,0.9980906121764489,1.0000048936467676,1.0947918947208615,1.0081438014288324
60821.366029055,0.997024118308806,0.9968889069920401,0.9966588912666385,0.9970317604849708,0.997293570805787,0.9968062917588839,0.9133928607615346,0.9954137315518541
60821.366206753584,0.9970165238467199,0.9974216527038229,0.9973017947387409,0.9983299811595265,0.99709297532015,0.9988897739900544,1.5060024153248885,0.9956750597665758
60821.36638445217,0.9961799091163509,0.9968618775768106,0.9965106094453634,0.9963805602615198,0.9966433625442582,0.9935941754224334,0.6905973693551246,0.9935491005075744
60821.36656215075,0.9964614218639304,0.9966453047499974,0.9960671557108425,0.9978481107220606,0.9972718213802155,0.9943568068190071,0.984664622292591,0.9960020758193844
60821.366739849334,0.9977845947416877,0.9985429340083597,0.998500269156473,0.9981510762149278,0.9981410508902752,0.9971525817546063,1.3789632645583116,1.0133628245381343
60821.366917547915,0.9968581438997103,0.9973375662677653,0.9987915054823457,0.9970386016579519,0.997754280485301,0.9978466107144209,0.714102795790037,0.996370467353731
60821.367095246496,0.9981761108912365,0.9976016050618343,0.9970340445461879,0.9981618370516947,0.9977848589996989,0.9999801841958877,0.9449178872065103,0.9955889765389954
60821.36727294508,0.9984311968552149,0.9986970292413995,0.9981896738110726,0.998983832287615,0.9988372507034905,0.9987903389753482,1.5582043624458064,1.015233401865438
60821.367450643666,0.9982041729270652,0.9983326720349491,0.9978836408867799,0.9977510676108096,0.9987684758093576,0.9986498636485961,0.85965727225235,1.0028221666849155
60821.367628342254,0.9960911341496032,0.9963557778920142,0.9965133180975594,0.995068498840136,0.996970325792495,0.9979487990837411,1.3211529929476524,0.9963870020821005
60821.367806040835,0.9977005360085047,0.9977251877412326,0.9985214718240455,0.9980126916604484,0.997751043617371,0.9983648082326463,0.752169567314094,0.9959276639529924
60821.367983739416,0.9968567949319976,0.9966380455819659,0.9979546285421087,0.9988711619663926,0.9990713298185123,0.9994247809853393,0.5789450873414371,0.9976888944098204
60821.368161438,0.9981679047863605,0.9976597893964375,0.9972167633895341,0.9978730898659074,0.9981933689798771,0.9990138800423356,1.4598479934632018,1.0064971300133876
60821.368339136585,0.9973233339308776,0.9978378790389107,0.997192520611352,0.9980704355391621,0.9996725046233584,0.9989101465788215,1.5229040575040562,0.9982101032116989
60821.368516835166,0.9973239595725343,0.9974938978113203,0.9973745228532683,0.9987183502196975,0.998775149897975,0.9957028228112378,0.3149426843382169,1.0017965560036988
60821.36869453375,0.9975547971919327,0.9973143429873815,0.9978946983746694,0.997822473286983,0.998502935735695,0.998838358498926,1.6505189647712217,0.9994989573046726
60821.36887223233,0.9971296517649636,0.997408272018872,0.9970513879179269,0.9987653988246716,0.998560081248793,0.9978394270098919,1.511368828507099,1.0128257043082567
60821.369049930916,0.9965578062146332,0.9972220637585637,0.9969847680220191,0.9954995024208756,0.9967182024769278,0.99604938408357,0.6373462586239876,0.9944157748271714
60821.3692276295,0.997645246946169,0.9970993873190196,0.9970503886472657,0.9967037905691639,0.9964313748298302,0.9968740773806832,1.0570140122525633,0.9956039463392666
60821.36940532808,0.9974137801469388,0.9981769478552669,0.997758215834873,0.9976752321062339,0.9974253951144106,0.9979522980267171,1.0177553272298647,1.007386904332845
60821.36958302666,0.9977375947005921,0.9979859006332222,0.9983183285198379,0.9977801021272561,0.9988153083594011,0.9974945469907209,1.0223731672881633,0.9960305703460134
60821.36976072524,0.9954580706323176,0.9965844595486453,0.9965793460877268,0.9957962201342044,0.9964905827868543,0.9968487537103157,1.1735587269187127,1.006202199298498
60821.36993842382,0.9967794004285189,0.9971904182690867,0.9971327057337959,0.9965501056589487,0.9976156503161626,0.9968527596163531,1.2603255505986561,0.9880205533583775
60821.3701161224,0.9983340482586922,0.9987548280114779,0.9994042607600315,0.9996480730489486,1.0008479965555819,1.0011556543941305,1.3401323973057273,1.0023278936773132
60821.37029382098,0.9974225720505431,0.997347848472045,0.997775497986364,0.9984096933090808,0.9992824603651123,0.9981342272333363,1.7388983714891233,0.9962275382448497
60821.37047151957,0.9968889614047678,0.9969717997377392,0.996248230243232,0.9964366498379612,0.9963151955067712,0.9953743553624974,1.166704666741963,0.9948255400010778
60821.37064921815,0.9979367830361188,0.9986268652030093,0.9984824940527244,0.9994598336145268,0.9996308901661031,0.9993859327771276,0.8454118535875782,1.0006111369515451
60821.37082691674,0.9967621299805564,0.9966722148324625,0.9967311995851795,0.9967349234720634,0.9969238850268796,0.9969536898805192,0.8501893106260864,0.99614328138071
60821.37100461532,0.9959665573120944,0.996188974626339,0.9956263309816896,0.9949429259073097,0.9942706472822713,0.9945232372984608,1.2832042239637498,0.9926822120579891
60821.37118231391,0.9969869250122313,0.9972451867486454,0.9966992625274149,0.9975040394285029,0.998087395380966,0.9981659210329492,0.9299220092316491,1.00619177692425
60821.37136001249,0.9974273125898325,0.996785197389137,0.9969631076052067,0.9966458262005848,0.997256231965592,0.9976002357840121,1.7261935508966955,0.9962147678923704
60821.37153771107,0.9979662408051048,0.9965298356104442,0.9959365242426219,0.9952827208209937,0.9954739317475958,0.9950613459598441,1.9241147583414178,1.0017769475576106
60821.37171540965,0.9974030277866658,0.9958982743899571,0.9961575265877737,0.9958782999442911,0.9965535736567083,0.9969652833630185,1.732332924638458,1.0020881331457436
60821.37189310823,0.997582938298283,0.9976172904288081,0.9976564464408181,0.9969348345297494,0.996779587922736,0.9951284742513202,1.3192806676765607,1.0034835696345288
60821.372070806814,0.9951792293607667,0.9956904041498267,0.9951871336220409,0.9963719098594284,0.9956951994374834,0.9948178267115396,1.0487795383035834,0.9862222674035659
60821.372248505395,0.9971367064245973,0.9971652698864307,0.9979856881646562,0.9976594446475102,0.9966583516440327,0.996673694538137,1.1445880845750669,1.0013622542123741
60821.372426203976,0.9981711297560407,0.9979683572659866,0.9978771619913847,0.9977590338512534,0.9993559478237393,0.9982507584364556,1.8646315884366218,1.0026926601981805
60821.37260390256,0.9970400434810645,0.9983761106120814,0.9980642724111932,0.9983162101149929,0.9983573153368996,0.9963014783848159,1.1719574256165781,0.9978497526247155
60821.372781601145,0.9957374910877478,0.9960040244380479,0.995699830482343,0.9950323034662739,0.9947120879702627,0.9934737738474494,1.207911112282421,0.9813154847080695
60821.372959299726,0.9974886020894581,0.9975751770257036,0.997107489097131,0.9971318851324232,0.9986158215047473,0.9988478759505652,0.262405979432222,0.9978755162509227
60821.37313699831,0.9978104927988629,0.9975178182271853,0.9965632334464907,0.9977831008781243,0.9983393882256281,0.9975902955546145,0.8964265868147419,0.9811384772406472
60821.373314696895,0.9966685029450868,0.9959778125792048,0.9963897516549794,0.9965539190322797,0.996685340349975,0.9973029009535263,1.0573972667391613,0.9974025643106835
60821.373492395476,0.9969290212385022,0.9967621939131767,0.9960962694865848,0.9963535709123831,0.995843055497988,0.9950156937834479,0.9063918769299243,0.9935627809229697
60821.37367009406,0.9977377486881254,0.998725635735231,0.9980744058198671,0.9995484213127127,0.9979758027978953,0.9968062107901168,1.31551405758392,1.006316994448021
60821.37384779264,0.9967022943632267,0.9967566151971147,0.9968269234109858,0.9968197449549923,0.9960865638308296,0.9956688480480979,0.8752901980182232,0.9918569428799686
60821.374025491226,0.9983026821826616,0.9979030893167198,0.998932379488595,0.997806705933269,0.9992481437291783,1.0005608879825398,0.6625261206069717,1.001284470604532
60821.37420318981,0.9968968856863059,0.9973044236780285,0.9970537557059027,0.99711212072542,0.9974060121931659,0.9972584119597683,0.5967714048431149,0.9946028344311844
60821.37438088839,0.9983918984982939,0.9990194446082638,0.9983293140615599,0.9984114267748279,0.9985975278854624,1.0011953619959046,0.7211663202359033,1.001775321969815
60821.37455858697,0.9982434539007782,0.998074383339104,0.9990167522113421,0.9995711571957733,0.9987587932698228,0.9990006576043072,1.0664380913791964,0.9935732799904997
60821.37473628555,0.9968842285571634,0.9977490827671478,0.9974581936058398,0.9957080343883778,0.9950623326550003,0.9970034648921268,0.816114561863341,0.9905034502277139
60821.37491398413,0.9975335715257178,0.9975122993588625,0.9972223912519755,0.9984990783335081,0.9983642184000971,0.9981974541214768,0.45817419807868864,1.0040198779705656
60821.37509168271,0.9965786402202487,0.9969164442062677,0.9961547851527676,0.9961739242998965,0.9953885831455138,0.996721496864559,0.8272974729991208,0.9862915034781234
60821.37526938129,0.9972098635788185,0.9972680059661122,0.997126291853974,0.9968888485336606,0.997307906435899,0.9998259241621433,0.7400253881119369,1.0041878521666283
60821.375447079874,0.9968606075464106,0.9966158116028442,0.9956166020776913,0.9957463483276179,0.995819819596205,0.9972671212972927,0.7565526918773294,0.981730926524481
60821.37562477846,0.9967540529421546,0.9968117226325045,0.9969126550802265,0.9964396103745282,0.9958893157974369,0.996339838975462,1.711275512872872,0.9942953673369344
60821.37580247704,0.9981242135543115,0.9984133112412382,0.9984636173145396,0.9983158814867858,1.0001298685233322,0.9987743208123676,1.1524737202249506,1.0036018740040715
60821.375980175624,0.9974052188400503,0.9973045546176272,0.9974286846762234,0.995253585557753,0.9978936847446396,0.9963987066477232,1.0265594489251058,0.9935967274963291
60821.37615787421,0.9964546730256916,0.9961663403927928,0.9965332908596997,0.9956079633296455,0.9955469712932857,0.994229237205643,1.2607548739015926,1.0009886043739336
60821.37633557279,0.9964607328427896,0.9979993126928968,0.997187946639254,0.9967897426632161,0.9969364721238333,0.9946801049245259,1.208881356203719,1.0021113605351548
60821.376513271374,0.9970355763042594,0.9967414218510984,0.9963669703520804,0.9963052979714616,0.9978766107123641,0.9971979390510367,0.9704770360968886,0.9929291567239268
60821.376690969955,0.9960819335098587,0.9962643588384273,0.9966094698600498,0.9960301527115986,0.9973769708936648,0.9974507984944051,1.2713331440233617,0.9975528648496451
60821.37686866854,0.9963939364043828,0.997164174128736,0.9966265079006147,0.9957802022809417,0.9971592701519463,0.9949177810694988,1.1977820131199495,0.9999310109613674
60821.377046367124,0.9975677204533756,0.9976630347761043,0.9985560546086117,0.9990843896362648,0.9988587668797938,1.0002391736853469,0.600650089287918,1.0060962211134628
60821.377224065705,0.9968952893540043,0.9965918739580846,0.9962769464448927,0.9954568968012582,0.9956256707114531,0.9993755703253447,1.1275239900362093,0.990661268006091
60821.377401764286,0.9969657933384071,0.9978483284541462,0.9973173625582731,0.9977908522462788,0.9980623399490364,0.9973764256619071,0.9725652040208845,0.9978126784557694
60821.37757946287,0.9978456601056127,0.9973247624787475,0.9967558097948591,0.9961415855399187,0.99743506910457,0.9989577187262415,1.1618841970943443,0.992126052971979
60821.37775716145,0.9957926041643309,0.9970130703758641,0.9966933519407372,0.9962900276254094,0.9964167154385828,0.9960559102263703,1.265913551615342,0.9794330731300789
60821.37793486003,0.997335887683774,0.9981552880517263,0.9978536409850757,0.9970559771167654,0.9982545919875496,0.9985380935200618,1.1711585806288625,0.987087114187554
60821.37811255861,0.9967596517196545,0.9978207593211246,0.9973355303406836,0.996547385273764,0.996624808540731,0.9971988246859773,1.3356789238542803,0.9907567482120377
60821.37829025719,0.9976447289881022,0.9978601462063241,0.9982797542631076,0.9971683919121865,0.9978714554389008,0.9985538935371241,1.0983653207955832,0.9986099759150511
60821.37846795577,0.9973296428047354,0.9973374824809307,0.9960141894703772,0.9959266683100922,0.9974469780130146,0.9972391065897992,1.1024717262300454,1.0004822915257379
60821.37864565435,0.9970828521691786,0.9975873330082854,0.9974328006790626,0.9967279193893728,0.9977512095867705,0.9986005443900235,1.6260493677880976,0.984965876379671
60821.378823352934,0.996596428472444,0.9965258735087633,0.9972191711659376,0.9955870749639116,0.9967156778091534,0.9968115003253293,1.0930888638095126,0.9965867939012674
60821.37900105152,0.9973931811992165,0.9978829532728865,0.9983678005307646,0.9979411706022164,0.9963912141381321,0.9974485275507341,0.8367789221986,1.0021279007475965
60821.3791787501,0.9949941921872737,0.995557636837411,0.9945269130154487,0.9942483667177081,0.993899502719695,0.993818971285477,1.7420167496583536,0.995669405981348
60821.379356448684,0.9967447024683868,0.9979410676037705,0.9975712242252492,0.9976935763751934,0.9968413651529723,0.9949700553756762,0.8580796471009,0.9893659928182988
60821.379534147265,0.9978174737721546,0.9979613247939364,0.9969443274553016,0.9969494595936946,0.9974961986266795,0.99829659564465,0.675613655207035,1.0028216204964586
60821.379711845846,0.9984147000369282,0.9992746393573575,0.9989219744666374,0.9992642220722585,0.9988384160205507,0.9983540326527124,1.5620369768542284,1.003082443255564
60821.379889544434,0.9975506587577438,0.9968060166039795,0.9974622822163308,0.995948877027977,0.9982932052422712,0.9984359862814925,1.47666226715702,1.0027596101682354
60821.380067243015,0.9969483198299612,0.9971345090553507,0.99699686432896,0.9975139220754974,0.996866282865613,0.9967225265493926,0.8892374833628983,0.9845458283195169
60821.380244941596,0.9978913544062655,0.998241567091314,0.9987624797141479,0.999410628155958,1.0003185917141548,1.000431713202127,0.9567964484493818,1.0099297640458302
60821.38042264018,0.9978553793187587,0.9976262576150401,0.9974124750066695,0.9974846000278484,0.9979950450261555,0.9993420690408974,0.2388559079709256,1.0040166262926165
60821.38060033876,0.9973064736035587,0.9969642873956359,0.9971556098072191,0.9964447018203575,0.9969384535345476,0.996663485762714,0.8488822165462998,1.0034973233941546
60821.38077803734,0.9968983049560192,0.9970310254230016,0.9968362008362813,0.9966975648164373,0.9966954992384135,0.9978960736063567,1.2419033837114244,1.0013777546698752
60821.38095573592,0.9975964130535395,0.9969051224648965,0.9966152156526008,0.9966071741719567,0.996457672894912,0.9967081530775121,0.989698290760354,0.9931876244299291
60821.3811334345,0.9974515653955897,0.9967980459732806,0.9977499107829328,0.9968597446844972,0.9975643923491302,0.9963125774695696,1.0482458293582453,0.9796775064259291
60821.38131113308,0.99944331953055,0.9989358585355758,0.9998246997516422,0.9997096773112361,0.9990852797974441,1.001132936210294,1.082232403187347,1.0144482120650453
60821.38148883166,0.997537377371448,0.996383181446291,0.9981804563409163,0.9975742434607803,0.9989059293242203,1.001362249686248,0.592101133445247,1.0026790816358178
60821.381666530244,0.9977783880134065,0.9976997593437007,0.9977028329072403,0.9972609307621509,0.9983627943714983,0.9994081829897213,0.7009362817189552,1.0102679490602202
60821.381844228825,0.9978493233475033,0.9976049079316018,0.9980456271328498,0.9973993535309316,0.9990908959937638,0.9984133052613716,0.7695646972874285,1.003667672779493
60821.38202192741,0.9971756318886302,0.9965296767419006,0.9959976107191844,0.9959344901196958,0.9963665947243562,0.9968344836998121,0.6224848025253583,0.9852495592628137
60821.382199625994,0.9968469703427675,0.9968883864980674,0.9966971601371901,0.9963442284396885,0.9962661189314989,0.9959277739241983,1.5274428058473983,0.9999979246779385
60821.382377324575,0.9963557350355743,0.9970389956909868,0.9972898304431165,0.9966951334407642,0.9966060448916462,0.9967710384112073,0.9264236145694268,0.9917986088685096
60821.382555023156,0.996993306187928,0.9969012555755277,0.996367204342139,0.996441020312236,0.9966702862006039,0.9965368508191059,0.8204444913402109,1.0035887288089889
60821.382732721744,0.9970821646863747,0.997240723195454,0.9976966731492026,0.9970725257570625,0.9964007468777387,0.9960996679326231,0.15084257021666314,1.002219749702455
60821.382910420325,0.9966087511671234,0.9968216704148727,0.9972429402435123,0.9970885529236752,0.9976967903951965,0.9982973483140187,1.1327926546088807,0.9825678269797282
60821.383088118906,0.9964977158486966,0.9965645706941096,0.9974395559181471,0.9973678675338025,0.9983544735988056,0.9999485585220396,1.0339717287071577,1.0087816271387289
60821.38326581749,0.9973391340363383,0.9981336235329092,0.9987831838189815,0.9986589636434414,0.997890912516686,0.997325167433923,1.0190519753031497,0.9967568845723677
60821.38344351607,0.9977632004737379,0.9982197736278228,0.9978680745523753,0.9972295159456253,0.9977445568715921,0.9988234041530833,0.5835683041283799,0.9989041819370322
60821.38362121465,0.9963373708300073,0.9959234149742715,0.9961009154048502,0.996596941756929,0.9964122995002497,0.9962028469486774,1.0635506575527174,0.9888538920134946
60821.38379891323,0.9968659324999253,0.9980588978273071,0.9986731666878995,0.998395023156695,0.998086830936323,0.9995931637862991,0.7143906002277416,1.007422103367786
60821.38397661181,0.9978838019407794,0.9970237105784373,0.9969249468739254,0.997652177795302,0.9976086541391138,0.998059899941431,1.5284366307560424,0.989611921549426
60821.38415431039,0.9958886245445001,0.9964742796797252,0.9968774869354811,0.9961888258077227,0.9958133774558637,0.9966303614377456,0.9716551289506287,0.9975659564180385
60821.38433200897,0.9966456567946796,0.996875190252967,0.9976428677568022,0.9969376555138973,0.9962321621127623,0.9969171770161154,0.8076272059819231,0.9888871795772204
60821.384509707554,0.9980728109465645,0.9987569029144544,0.9986569313861484,0.9997132479461432,0.9992151983387417,0.9984638045488993,0.9789577244443742,0.9923486117278218
60821.384687406135,0.9978102762010138,0.9985479688354234,0.9987554694732036,0.9977062657406488,0.9986799613363342,0.9990186270474691,0.9465445117171174,1.005311816372634
60821.38486510472,0.9969666188100396,0.9966868423453097,0.9964121888483799,0.9967671866904245,0.9964535539544515,0.9967251259036792,1.5368672448866594,1.0019667453043695
60821.385042803304,0.9964068272069152,0.9972312618119831,0.9963806247225845,0.996800303262958,0.9957456059982234,0.9951374625249749,1.0620801936410516,0.9991048455562004
60821.38522050188,0.9968136793456529,0.9968053794975938,0.9974272529034865,0.9969277157302397,0.9976552478642096,0.9985470462498393,1.1629419790869415,1.0020895341377647
60821.38539820046,0.996208716322621,0.996060327377364,0.9953105563923047,0.9947276335564417,0.9956824409813063,0.9978981268437797,0.7311500061565079,0.9926340977822228
60821.38557589905,0.9971241934376314,0.997385884793267,0.9965097716135415,0.9962310382709222,0.9961517165775646,0.9944867609266965,1.234370604571617,0.9923830579378207
60821.38575359763,0.9961070508610081,0.9953109263214309,0.9955910213648165,0.9951881561695739,0.9946893581543418,0.9920308507599365,1.5357173240413424,0.9910094323151986
60821.38593129621,0.9979947161920846,0.9988589367806647,0.9983899490594197,0.997272990293834,0.9979617639798002,0.9979638464777155,0.8921373640660797,1.0017587583558754
60821.38610899479,0.9970277200172166,0.9970472980232451,0.9957882605729028,0.9959860746956959,0.9968046258842026,0.9942236612367638,1.0639412676773903,0.9941496690647164
60821.38628669337,0.9977432040926172,0.9979075100697098,0.9984779310815693,0.9978868707411994,0.9987745304399588,0.9985811784843884,2.0640689882174055,1.005054699401947
60821.38646439195,0.9965497264072247,0.997021952505764,0.9972524310871033,0.9963287767789731,0.9957936977226023,0.9962900892333296,1.0130016561458937,0.9874785718963395
60821.38664209053,0.9970278840039405,0.9965321335822663,0.9961162710711957,0.9962318121659578,0.9961604869358983,0.9972971734834983,1.1941742159993092,0.9976221268793528
60821.38681978911,0.9974875067935163,0.9982262901398197,0.997879110148388,0.9987502478521135,0.9992380155069782,1.000269375984268,1.9471707502877864,1.0137596747223945
60821.386997487694,0.9961120227661819,0.9951676517409654,0.9960318387233374,0.9958454516110208,0.9961424167155141,0.9937262588767989,2.035831459835282,0.9976891082886299
60821.387175186275,0.9967015375014243,0.9969167327449125,0.9967033743498958,0.9959088971817349,0.9962155220542247,1.0,1.1789015005515224,0.9926188076870269
60821.387352884856,0.9972884669075096,0.9968582335749305,0.9966770490931958,0.9960066484771632,0.9967349468006761,0.9981447363036126,0.6855453124021963,0.9883561819160722
60821.38753058344,0.9965951953415074,0.9964452607805648,0.996582577724755,0.9969093989578371,0.996883772100171,0.9980894791580359,1.4089803760476403,0.9959401410960018
60821.387708282025,0.9969534997182968,0.9966570713595619,0.9961638942636348,0.9958429135753155,0.9954069148652765,0.9958794311272058,1.0897048798814253,0.9910384415491992
60821.38788598061,0.9963054549523339,0.9959938922158292,0.9965946414689044,0.996590592047949,0.998193543684508,0.9965080925133372,1.2494293409818849,0.9996403818939746
60821.38806367918,0.9973311348377885,0.99691980547292,0.9982558634050934,0.9968583763612024,0.9968440188048041,0.9985216071775737,1.527085323545025,1.0024833875906305
60821.38824137776,0.9969338797682393,0.9972314388162051,0.9966228593278453,0.9957132650170488,0.9962273818966877,0.9952989099657354,0.09163532092262452,0.996835528091078
60821.38841907635,0.9972266934470649,0.9978766190244582,0.9971602513251074,0.9972563706207643,0.9984498671596038,0.9972575412736198,1.0724891742832487,0.9983941384546416
60821.38859677493,0.9967272963391015,0.9967014934345391,0.9974644759143829,0.9974219616880494,0.9967665131396634,0.9965254490791631,0.9588089163774207,0.9924463182158367
60821.38877447351,0.9967636557031898,0.9962861854902102,0.9971862463334973,0.9960760241386993,0.9971601600304285,0.9976274838452477,1.574120890821962,1.003396004849304
60821.38895217209,0.9974730607322803,0.9969474395316706,0.996119717446632,0.9961788520229462,0.9967588703696239,0.996036662036688,0.9568817965438453,1.005301307509128
60821.38912987067,0.9966694988644587,0.9968489109294001,0.9963839257755631,0.9950226369481318,0.9961282169461311,0.9952428194597093,1.2096680959267174,1.0076855424897475
60821.389307569254,0.9973454095282832,0.9970228678134576,0.9972146649596488,0.997208720491645,0.9975529493816538,0.9963448351579849,1.3249186806879323,1.0024119701531597
60821.389485267835,0.9971780475392165,0.9978735341455461,0.9974228151230632,0.9990988970267721,0.9985242523026646,0.9997254630493878,1.16457425727591,1.001649423123354
60821.389662966416,0.9978964672231081,0.9979989458081209,0.9980931587974429,0.9977330275779498,0.9983207206640905,0.9976526017730291,0.7526754653836789,0.9982541041403957
60821.389840665,0.9971467837625961,0.9960849875475549,0.9957626075838322,0.9962808914508087,0.9964055031183906,0.9968685922384432,0.8856446122459414,0.994493475545986
60821.39001836358,0.9982658840848615,0.99904913162582,0.9985423667952409,0.999210268800909,0.9978178330119579,0.9985775180898295,0.7467591764689141,0.9987254809797925
60821.39019606215,0.997279430869824,0.997109557626163,0.9963627254181887,0.9972338380791786,0.9968611816762429,0.9977998285389281,1.6880111546959118,1.0016698627621923
60821.39037376073,0.9981310773063239,0.9972025414260905,0.9967322968192386,0.9971749488062464,0.9969795146985193,0.9941278391322178,0.8224823678797185,0.9991342070267059
60821.39055145932,0.9977937816902328,0.9983338434184231,0.9970910580335984,0.9984840848748295,0.9986439593582785,0.9972533559126554,1.0729053479648267,0.9912479286216428
60821.3907291579,0.9974286235606211,0.9974576910173449,0.9978503467526816,0.9964228255003692,0.9986096587059596,0.9976387555353272,1.3393100176922927,0.9917300401762147
60821.39090685648,0.997722764362774,0.9988233776117683,0.9981236285494245,0.9988426426408148,0.9971155207669283,0.9956310107808782,0.9579535443664381,0.9889340758447737
60821.39108455506,0.9979847046949092,0.997504004643589,0.9972376492299468,0.9964542318166152,0.9968220796202665,0.9972514168506816,1.6482320604144989,0.9921153310669264
60821.39126225365,0.996276307619754,0.9952186839080405,0.9941852493567557,0.9943402337499098,0.9935862311105631,0.9906000383923858,2.0617060404226755,0.9898892508211408
60821.39143995223,0.996640081399902,0.997822043327162,0.9969290264636432,0.997533092793396,0.9987029255166592,1.0001308617492888,0.6208345311450937,0.9983321812926129
60821.391617650814,0.9969372208823627,0.995909118981627,0.9953503284317134,0.9959856473164127,0.9964367994086236,0.9953150372363859,0.8912771606855869,0.9922012941054166
60821.39179534939,0.9965437382766308,0.9973675748309012,0.9981978724838936,0.9969094190628468,0.9972045050838958,0.9916130988271609,1.2365508582764697,1.0034377614738486
60821.39197304797,0.996783784535126,0.9965887208890213,0.9972923528493466,0.9980377130100321,0.9974240872458059,0.998761609479558,1.0208861900971242,0.9963577438461114
60821.39215074655,0.9981212491789185,0.9980548405133141,0.9971865743816187,0.9976777337755246,0.9988951441010941,1.000068050858727,0.5056622731319961,1.0140170902819654
60821.39232844513,0.9965099216297644,0.9965130907571326,0.995348006572675,0.9948590723475412,0.9943300078270637,0.9937657576120134,1.540197739698065,0.9971008497568211
60821.39250614371,0.9966520675064464,0.9964299874562063,0.9948719105099308,0.9962872132197388,0.9965230324993642,0.995880763235823,1.6782523275445445,0.9910541650954019
60821.39268384229,0.998749352174724,0.9983620224543125,0.9983865118147663,0.9991286724719519,0.999951640434435,1.0017324856799874,0.8707828328359685,1.0109085242996378
60821.39286154087,0.9969368510661486,0.9968259255891181,0.9964907809055866,0.9969418310730614,0.9968259067668219,0.9975615766109129,0.542157796668348,0.9922554683226465
60821.393039239454,0.9973509161593971,0.9965234275498047,0.9979377444047369,0.9988136853660408,0.9977717613563394,0.998675847079044,1.0051788051188273,1.0092978142051474
60821.39321693803,0.9971517315158791,0.9978286180546869,0.9972029756876004,0.9968157318620446,0.9979702603864039,0.999350482688537,1.4706596870547028,0.9928867835180463
60821.393394636616,0.9949657921788068,0.9953578396945628,0.9939900946073569,0.9934947526845077,0.9938055484276868,0.9947599435074873,0.9761632285986522,0.9857776756929855
60821.3935723352,0.9975382034584153,0.9969921510520764,0.9971512380324542,0.9969525334426865,0.9975949297893545,0.9966824989370207,1.391671443928583,0.9974024127660974
60821.39375003378,0.9969652229230487,0.9968308438037693,0.9971028583051621,0.9963368959505373,0.9966603724562169,0.9978966249067023,0.8739735497832263,0.9915364677552319
60821.39392773236,0.9981771841889592,0.9982261383441908,0.9982510437819372,0.9994483353230543,0.9986354965916091,1.000106520904151,0.6533967245193812,1.0028602942980507
60821.39410543094,0.9965717440093255,0.9965378626431031,0.9958396598390411,0.9976500052716264,0.9973398015541334,0.9979254359960542,1.385840789818341,0.990749557505156
60821.39428312953,0.9988039008354632,0.9982615865227347,0.9986590017636289,0.9981939180684071,0.9982220588257,1.0015602361402285,0.5484923796990872,0.9962982202724465
60821.3944608281,0.995967741831582,0.9954231961459408,0.9947169914896901,0.9944105726779312,0.9945837464170441,0.9936944645777986,1.7022966627472318,0.9948785445201643
60821.39463852668,0.9975773476739693,0.9987957125410075,0.9984479260094218,0.9980244230074173,0.9988932251379926,0.9982976901461503,1.6341413736785433,1.0070690071615283
60821.394816225264,0.9961456548126089,0.9966415347051516,0.9965621147605928,0.9962236648325973,0.9980219053056085,0.9968304004580733,0.5427522649654459,0.9983257963675523
60821.394993923845,0.9972225137854445,0.9970544012244414,0.9963786304716298,0.9969433231308634,0.9965453840983447,0.9964011458925784,1.2674561407975449,0.9846767827268591
60821.395171622426,0.9967026291053571,0.996526046704493,0.9974186995602617,0.9976290233288998,0.9979075655851429,0.9978140180203349,1.070074925518609,0.9976869561461921
60821.39534932101,0.9972851836348574,0.9963564084695554,0.9971198274798235,0.996754974966776,0.9963247702498316,0.9960851970390477,1.126356773864081,0.9886421762727836
60821.39552701959,0.996272174415911,0.9966304871752394,0.9971424449786805,0.996413027486595,0.9972442489006073,0.9965213473481288,0.8675125971587723,1.00023642680336
60821.39570471816,0.9981490150848753,0.9987788804550825,0.9974443866522558,0.9996527247716103,0.9989218753964897,0.9970730694070493,0.5181408636270736,0.9971667515993067
60821.39588241674,0.9975129914995405,0.9973337657549799,0.9972907695936241,0.9978088276770125,0.9972356658851119,0.9987604375497937,1.4328874777854506,0.997416445878492
60821.39606011532,0.997110671147762,0.9979866737571966,0.9982354781075891,0.9978464769682909,0.9973207799369339,0.9947319091536708,1.0407053608986558,0.9927889468775127
60821.396237813904,0.9986583858469243,0.9991001193604826,1.0001165299084203,1.0011259117307016,1.0014603747595328,1.00220246223619,1.4122367868097851,1.0111283625789824
60821.39641551249,0.9978448555553633,0.9978145514783755,0.9978211805024411,0.9985357483925583,0.9983680750977552,0.9968841926451636,1.1654058860338534,1.0044244920518934
60821.39659321107,0.9979335940635243,0.998383020305588,0.9985615290078979,0.9986763365891288,0.997315695474603,0.9987340505482399,1.1686784885940922,0.9984694159252894
60821.39677090965,0.9980622182656717,0.9988612046472605,0.9988680808466738,0.9982867733505248,1.0002261956387706,0.9999193354384233,0.8048622040610042,1.0063904231165821
60821.39694860823,0.996853868399695,0.997702970446935,0.998599596121154,0.9986959688352607,0.9986137826645318,0.9980500142542982,1.287671149607171,1.000351854295693
60821.397126306816,0.9984760066120945,0.9995544193762902,0.9998663559225659,1.0002845023732199,1.0030312184395216,1.00527847868329,1.2331024963496608,1.011559956745794
60821.3973040054,0.9976896916556792,0.9977141275163455,0.9982392485708074,0.9982943428866082,0.9986330109535927,0.9986424099170469,1.4604848606878789,1.0012093708429362
60821.39748170398,0.9965721298242444,0.9971030334971812,0.9968705649221001,0.9964700422630518,0.9952558747199434,0.9978358671841417,1.12877299665798,0.9820912930613228
60821.39765940256,0.9978392535473557,0.9977428656752029,0.9986796693453317,0.9987265900952342,0.9990077280400178,0.9986651986564051,1.0838056117838408,0.997122852691095
60821.39783710113,0.997291744488315,0.9975812289016176,0.9972492735964312,0.997613548310894,0.9983837264024236,0.997958492750631,1.769350497171055,1.004939763571324
60821.39801479971,0.9966704567869066,0.9962157947558389,0.9960544399407988,0.9958418022561314,0.9955419604299269,0.9950471380122824,1.258994583941293,0.9840014937300807
60821.398192498295,0.9959841552720033,0.9965589961492538,0.9966247269579457,0.99595578679452,0.9957814440512953,0.9942329679011779,1.240288120239423,1.0075747310371328
60821.398370196875,0.9968777463127261,0.9968898300980756,0.9966194614665679,0.996390726965689,0.9975419221740279,0.9981209484017994,0.6645841815346545,0.9909342488691751
60821.39854789546,0.9969106470337447,0.9964332183273303,0.9957330585007738,0.9962468059942137,0.9959503401250558,0.9969417717361727,1.2667162873195643,0.9871084220261631
60821.39872559404,0.9980171782197437,0.9977968878715915,0.9978452173429694,0.9977379034862506,0.9981881410367215,0.9997249002713318,1.189866292434523,0.9936279493650124
60821.39890329261,0.9984606881599474,0.9986517188808898,0.9986099509788112,0.9988316383264695,0.999256426401393,0.9988366435299908,0.9050670019462894,1.0086435617319336
60821.39908099119,0.9981277437300516,0.9978606906393925,0.996624119265852,0.9976451700168375,0.9974703146487445,0.9966594799260983,1.6043805803722144,1.0111775787345965
60821.39925868978,0.9961542465785698,0.9962481819945662,0.9962023832630565,0.9941555782551807,0.9967298755341204,0.9962782519189072,1.0918191609916101,0.9829304022998432
60821.39943638836,0.9969384095553602,0.9965752741902009,0.998334689342349,0.9981461034034379,0.9986698496553172,1.0008638217604664,0.6640731922264419,1.0060567475583428
60821.39961408694,0.997817152413556,0.9978732494153939,0.9976808434522216,0.9977433622919966,0.9988868831740303,0.9975689467588134,1.2258879415848505,0.9931789624846681
60821.399791785516,0.9969424409212941,0.9978679253242578,0.9976087186294107,0.9983601149469349,0.9972707776129731,0.9979755800993556,0.69712087357422,1.0021056991308346
60821.399969484104,0.9966654476539776,0.9969167555958673,0.9962143817716138,0.9968358286669441,0.9963426243196989,0.99720404417476,0.9245411922240762,1.0011818522718139
60821.400147182685,0.9967977435588691,0.9962287419980735,0.996295694472044,0.994237693692527,0.9960984324085244,0.9966108910062685,1.0510502514722335,1.0005638098285004
60821.400324881266,0.9971720603316248,0.9959916341424998,0.9964860324585318,0.9949453364388184,0.9958597929450647,0.9971723523652339,1.2253604646181635,0.9933967786903674
60821.40050257985,0.9976430572772877,0.9981842672337509,0.9979481250046008,0.9971540340526877,0.9985745518103541,0.9998599697353512,1.1093081787490255,0.9999672251775824
60821.40068027842,0.9960320515482333,0.9965318450436215,0.9969307646126437,0.996907049037019,0.9972326691431218,0.9941792039455526,0.8097148944290963,0.9989311574594335
60821.400857977,0.9982517835341148,0.9983855924888692,0.9980782575800544,0.9985324561233344,0.9992228175050705,0.9991928001681774,1.3138296933274962,1.0034918708450666
60821.40103567558,0.9963138187367522,0.9957327923084605,0.996210224735257,0.994887162150287,0.9944418949918792,0.9977870002538036,0.6085889932267357,0.9806381820940014
60821.40121337416,0.9972531233073401,0.9985258084871564,0.997549260952475,0.9980527812711724,0.9983089675029659,0.9971801940943023,0.6970584793651005,0.998799466302597
60821.401391072744,0.9974157090676992,0.9970513379269869,0.9965307467816117,0.9975361367066201,0.9967913459161164,0.998589656023073,1.0247102873867207,0.9825838187849659
60821.40156877132,0.9981522317475358,0.9984072370584399,0.9998258651915483,0.9997818571041915,0.9987582080093087,0.9980629865198939,0.3144700336551264,1.005202113372381
60821.4017464699,0.9977485308921361,0.9986417480662096,0.998166662808483,0.9992385931374607,0.997935570179929,0.9992578520122638,0.9095907596236796,1.0060254412516954
60821.40192416848,0.9965348854548814,0.9971510736400181,0.9970010868209278,0.9959014338621909,0.9967225879348786,0.9980376642148185,0.9453510207031284,0.9892271703583837
60821.40210186707,0.9977874083600549,0.9976495672212536,0.9981008426261295,0.9980255275263777,0.9981781176373001,0.996187253970072,1.2597303795569024,0.9962968942573186
60821.40227956564,0.9975592986736528,0.9975539644479947,0.9977754605831577,0.9981452376314656,0.996997346093956,0.9954781834939815,0.8772319229842239,0.9923676278104036
60821.40245726422,0.996732718515514,0.9968639760561693,0.9967145911314403,0.9969130511954303,0.9979768136686276,0.9954389122534654,1.2685660820601656,0.9971956973269159
60821.402634962804,0.9971910663313869,0.9972711301994466,0.9974169429296768,0.9966917569818129,0.9976749341024308,0.9988906550894483,1.2616566966023115,1.0082231474111212
60821.40281266139,0.9971844351759284,0.9975933863350537,0.9966107887631112,0.9977718853872635,0.9969389196613717,0.9986827918111639,0.5017281767830498,0.9952562874439121
60821.40299035997,0.9987089354468065,0.999179027878973,0.9991810011313769,0.9996612417562671,1.0007585827254206,1.001518144923469,1.0498500514428568,1.001996010573367
60821.40316805855,0.9973378729076683,0.997600374737405,0.9963140142324829,0.9971783596358941,0.9965016637068614,0.9950352781126878,1.1821022023291012,0.9971710666848735
60821.40334575713,0.9979091395817868,0.9979936665121109,0.9989643412984816,0.9989115935101094,1.0004344435589587,0.9994109796634355,0.5443588990746839,1.0003707372534727
60821.40352345571,0.9965736006282471,0.9969898264208068,0.9960863774386013,0.9964730889850638,0.9981044831665846,0.9962855142318676,1.4088261278657968,0.9920766467576849
60821.40370115429,0.996986964701326,0.9970666194124006,0.9967833051118611,0.9969694282291585,0.9987530607276531,0.9981211804551855,0.8948699671402752,0.9985676520448873
60821.40387885286,0.9969329518433627,0.9970266173649865,0.9974974594918591,0.9974112208823767,0.9986523882991577,0.9992818585690874,0.7803922563155734,0.9997488095753686
60821.404056551444,0.9967036273322344,0.9971276009940551,0.996878360520368,0.9971777555986228,0.9979476957964585,0.9973917226266601,1.2524027134035451,1.0110707189954473
60821.404234250025,0.9966780443264761,0.9964166026000496,0.9951289753764975,0.9969534634472077,0.9960321372050162,0.9967172583960436,0.5352446473784388,0.9846297758150128
60821.404411948606,0.9979466766966801,0.9976135756977819,0.9977326165304045,0.9975186780189803,0.9967159160765332,0.9958053316308261,0.6097982740347142,0.989629341139098
60821.40458964718,0.9967084407886976,0.9977554969939181,0.9969123085505208,0.9966782169231422,0.9979076850905448,0.9969946341130219,0.6222103880574448,0.9920301692471744
60821.40476734576,0.9967743136095714,0.9974052475317694,0.997140761064329,0.9971943752716924,0.9966727506510373,0.9967603833009513,1.6611538180382275,0.9986254092240671
60821.40494504435,0.9961503135123699,0.996168992554416,0.9973243573428922,0.9960573564895315,0.9968199582599914,0.9964823329676628,1.2281522946703554,0.9941539887552292
60821.40512274293,0.9965993050087945,0.9968992613763203,0.9963739780628078,0.9962585580375158,0.9971227219431347,0.996337427684385,0.4752975452164412,1.0053294938392812
60821.405300441504,0.9961018329757487,0.9967308389572692,0.9959542250900051,0.9962981184134305,0.9957280617502922,0.996348141617907,0.5571040518421783,1.0000560231464104
60821.405478140085,0.9979941556220829,0.9980891222050172,0.9973814360658949,0.9972236015987999,0.9980516223774907,0.9986515109314371,2.4573360476897355,1.003129783942268
60821.405655838666,0.9965519820707631,0.9965973750534425,0.9960912527265292,0.996701401916636,0.9973926212690535,0.9972377290100108,1.604198406020573,0.9900469080124922
60821.405833537254,0.9982941474890031,0.9974714257107399,0.9976775574705348,0.998793066939626,0.9983916364333775,0.996946269818463,1.3112967270776184,1.0069569869105928
60821.40601123583,0.9967634555655467,0.996459970992106,0.9964910937724066,0.9958118897716589,0.9968433437758467,0.9963613457286238,0.9053545269941916,1.0067924473344247
60821.40618893441,0.9970316796966465,0.9967100768698139,0.9965783007781189,0.9973660537219329,0.9953598537123648,0.9933885278976201,1.4928117065849296,1.005641524058234
60821.40636663299,0.996859968675056,0.9967983758612725,0.9960084082547896,0.9963733739032649,0.9961950264131649,0.9936060553270291,0.9202825547285066,1.0006278866471656
60821.40654433157,0.9979393751339584,0.9972502177672168,0.9986946191868883,0.9991129649158581,0.9972110797395581,0.9971167805545255,1.185740535901122,1.0005128104703482
60821.406722030144,0.9977653721440763,0.9985887403796762,0.9975508169258589,0.9984935325292469,0.9987022949072835,0.9977121682434699,0.8560376394964528,0.9990690403429151
60821.406899728725,0.9961132220537047,0.9968147982622204,0.9960468422494962,0.9956002727939278,0.9963305100403849,0.9963283518006268,0.5863247163379262,0.9917288258100951
60821.407077427306,0.9983805254190425,0.9987283716836888,0.9988143241884511,0.9984146072099364,0.9981430295131495,0.9975882208427657,1.956610720471962,0.9997726201183942
60821.40725512589,0.9974806607323794,0.9980427091952548,0.9960537292798783,0.9977118702337983,0.9980341138139096,0.9954708083708638,0.7127115370573083,1.0002915787762119
60821.40743282446,0.9977780888068606,0.99757460919761,0.9970353403472689,0.9969298214343247,0.9985953360857671,0.997543138594854,0.5117984991633205,1.0007000258052616
60821.40761052304,0.9965400873414363,0.9968494223555335,0.9964569823782498,0.996083989270411,0.9951687439447688,0.9975298429401409,0.6856162054294994,1.0065959591035076
60821.40778822162,0.9967571765354267,0.9971133015556318,0.9972984571626314,0.9976030730096117,0.9962218788866664,0.9953799431793358,1.286102767500016,0.9942563407127538
60821.4079659202,0.9965595696103327,0.9967729989690675,0.9963094063774802,0.9958171912852714,0.9982474482408444,0.9976421238962074,0.8996605933208268,0.994190810740588
60821.408143618784,0.9964372405908436,0.9975134462591705,0.996044912794096,0.9968977801841387,0.9975979850759815,0.9965882060059739,2.054838381648815,1.0048788373729753
60821.408321317365,0.9968842322491721,0.9974773279673063,0.9969589346174826,0.9968448015622579,0.9978939953099996,0.9984277647466582,1.3059284130687168,1.0059951870914792
60821.408499015946,0.9975090222824213,0.9972718445638225,0.9969277796167587,0.9962141345406776,0.9964630967302816,0.995556348992394,1.4517683917479605,0.9914687390678794
60821.40867671453,0.9969553269549817,0.9971703865054046,0.9968396775743206,0.9964974264686621,0.9970501202741583,0.9962046630186543,1.1179642836310526,0.9965111446021627
60821.40885441311,0.9972626011554113,0.9976331437321649,0.9969913299745343,0.9975043000544719,0.9971503001842787,0.9962086723726327,1.1545904359305537,1.0065044676599098
60821.40903211169,0.9976185192638513,0.9981684842968266,0.9981009498853242,0.997676510770056,0.9985392897249966,0.999534529139327,1.0797889758789694,1.004220183492389
60821.40920981026,0.9962552022514923,0.995498535562903,0.9963515769525004,0.9975474510224723,0.9977663698599122,0.9975407299417992,1.0261452468327017,1.004270105502496
60821.409387508844,0.998153354425876,0.9980635626865297,0.9982191726198214,0.9978552440090036,0.9985261249876245,0.9998064247355632,0.6564431262632969,1.0060588956819183
60821.409565207425,0.9965941575793693,0.9983262095672741,0.9976300877412512,0.9980741905931823,0.9996616554657715,0.9983929119155357,0.913479890074984,1.0007902772624953
60821.409742906006,0.9966999462456348,0.9973100484587138,0.9969013751532688,0.998139709788665,0.9981193596376288,0.9979574433269123,0.7655740464642516,0.9883831433724565
60821.40992060458,0.9977691529149134,0.9990766311178362,0.9988070825976746,0.9980810767806884,0.9996172784450739,0.9994111131843805,0.8425073111008369,0.9980135556607048
60821.41009830316,0.9970864338792084,0.9972814145800079,0.9965937268504999,0.9978510119784156,0.9977818895785393,0.9988903719417389,0.43869914157051,0.9906503311337872
60821.41027600174,0.9965920634412155,0.996336285846124,0.9956897976222885,0.9963695021367077,0.9974037051627563,0.9959529679149512,1.0304611897388487,1.0020247036568941
60821.410453700315,0.9972259048955204,0.9969871272877763,0.996902961599265,0.9956656995211498,0.9952589946844552,0.9965585540586358,1.4618044065245388,0.9930389008756516
60821.410631398896,0.9963756172720898,0.9970838415967702,0.9963905319518693,0.9969739713699857,0.9974432168453358,0.9985513542094113,1.0240075878722983,0.9903311073612586
60821.410809097484,0.9962891367349728,0.995912475533003,0.9952928108810929,0.9945493966599166,0.9947107925540092,0.9916527592222233,0.47596006872127633,0.9982037637918773
60821.41098679606,0.9981154396492499,0.9979457001814854,0.9981326231404746,0.9978234748416851,0.9986734810955148,0.999870355489663,1.3238484859798312,0.9938107253645438
60821.41116449464,0.9963277985280444,0.9965216067276838,0.9968130686032994,0.9956944118400357,0.9955892483271471,0.9933521469574637,0.9913673007780691,0.9912196175393166
60821.41134219322,0.9969792905533835,0.9970726676611789,0.9972478970484282,0.9983891139100375,0.9980272707821969,0.9973234195128515,1.1659514659956893,1.0089611838623853
60821.4115198918,0.9976031217411827,0.9968414310501613,0.9970704929806848,0.9981475815651303,0.9973853546715384,0.9987549707811465,1.2274309638822491,0.9927215947282206
60821.41169759038,0.9968274290017305,0.9970154809702496,0.9969032807366227,0.9968393434956668,0.9966529653515732,0.9983693311216009,0.3408275163352845,0.9979008975828871
60821.41187528896,0.9977312170630706,0.9979064750665381,0.9974384270013721,0.9971747298686059,0.9977305541095591,0.9996251632030908,1.108151511066994,0.9988100966110876
60821.412052987536,0.9966365367637939,0.9970986160086133,0.9970426228615533,0.9966853528710423,0.9977177785546311,0.9985321373751677,0.9740511283149825,0.9967219892126827
60821.41223068612,0.9978231333139658,0.998382025200909,0.9977808701868891,0.9983202147815762,0.9979952258640342,0.9977444607352648,1.3797016039631702,1.0007909262459056
60821.4124083847,0.9975236943253623,0.9962178647621822,0.9964427274112604,0.9971263944691071,0.9978413004903052,0.9976046117999272,1.171263858122555,0.9950341443472392
60821.41258608328,0.997267049103004,0.9961507217651159,0.9967982360317956,0.9962107343548585,0.9968162801699403,0.9948397443482195,1.6761180859240394,0.9920079392472002
60821.41276378185,0.9969364429453434,0.9975260919050718,0.9978889381708831,0.9986954750798798,0.9975383119214134,0.9967354100478575,1.2473800253210323,0.9949433032057409
60821.412941480434,0.9957775023100331,0.9959240974198533,0.996525429695811,0.996255851622356,0.996220852218175,0.9939936741626835,1.2705737503398074,1.001591043543861
60821.413119179015,0.9962564555346436,0.9965068553481523,0.9962007699747594,0.997535886946226,0.9967047286610435,0.9942517897263174,0.4281655481962379,0.9997879222283129
60821.41329687759,0.9979614331943223,0.9987690527309057,0.9984542265795304,0.9999245961672031,1.000034238367858,1.0005305045394317,1.1270057805146734,1.0124900864256643
60821.41347457617,0.9970493210376586,0.9967804685109694,0.9973132736727583,0.9970048009237711,0.9972640444221509,0.997241993928169,0.8030338070411482,0.998183368025615
60821.41365227476,0.9964812810253911,0.995881053475085,0.9962260528921062,0.9961398936885848,0.9963324734230681,0.9958627489462847,0.9140802737496247,0.981780464105325
60821.41382997333,0.997602610859466,0.998517966619775,0.9986905180353222,0.9982260337514778,0.998628038934136,0.9996877233427063,0.7740963303411287,1.0122131453090328
60821.41400767191,0.9977944564048395,0.9980926760725752,0.9973320395214375,0.9969243927121777,0.9992966696131508,1.0005187796649175,1.0909284583710424,1.0045652271551917
60821.41418537049,0.99706399600344,0.9973004019099654,0.9986632211753327,0.9984009647783312,0.9980791595444608,0.9982257202047113,0.8918470072988257,1.0032677347277712
60821.414363069074,0.9975516536002798,0.9971056671604124,0.9977952443490965,0.997525434041333,0.9965039997308055,0.9964917964786915,0.5019246866376568,0.9972789519873567
60821.414540767655,0.9978871587459403,0.9970966018601596,0.9976503618192213,0.9983506654446308,0.998330468624934,0.9964545834508156,0.9399412008379814,0.9988618634044196
60821.41471846623,0.9972012156635571,0.9978275032545298,0.9974762616647016,0.9969776337339988,0.9983687646234799,0.9980292122927175,1.0038117837564742,0.9993521118148205
60821.41489616481,0.997587064425776,0.9976860237435219,0.9977258285085097,0.9977347234207196,0.9977188291985452,0.9969750851425349,1.2558037242490272,0.9944852324414939
60821.41507386339,0.9973575950033025,0.9975846180972148,0.9976169223626654,0.9986049074078338,0.9976837091071643,0.997914795279217,1.0953961489813029,0.9956863362745776
60821.415251561964,0.9963893792348634,0.9959696778206157,0.9950396833620504,0.9961467869719766,0.9967127713931746,0.996322192481747,1.1778707827684811,0.9832026868532314
60821.415429260545,0.9974913901714311,0.9965284090579738,0.9965302131258648,0.9965382314333644,0.9983304766167415,0.9957552749756444,1.0401407507091385,0.9900311341467889
60821.415606959126,0.9963441173607406,0.9961416773208934,0.9952731783781209,0.9956618154107081,0.9957388196525878,0.9954730205375504,0.8495978790155314,0.9936453848626796
60821.4157846577,0.9977654972108742,0.997601289863742,0.9979377698169153,0.9985257998868745,0.9975459234676464,0.9979190658668087,1.0670688718103163,1.0086254223473408
60821.41596235628,0.997316859070458,0.997716187366709,0.9980000329543455,0.9982688712439438,0.9984578416825863,0.9985016137929186,0.7077349458521184,1.0053650098619584
60821.41614005486,0.9979292098030833,0.9986479762209185,0.9982966259694136,0.9994984585900907,1.0004582372145692,0.9991432080131568,0.13380345239412134,0.9990852571625589
60821.416317753436,0.996285003838797,0.9964747307140495,0.9960479491643851,0.9957204789457762,0.9957815819564402,0.9941018219397149,1.6602215101279258,0.9787988088854073
60821.416495452024,0.9977908837709981,0.9973068912184445,0.9965764192868305,0.9976771911620143,0.9983939626069541,0.9982632965160041,1.1990885423199171,0.9919841073121073
60821.416673150605,0.9973470261666332,0.9976139959014526,0.997695165029921,0.9974972061644778,0.9983449453197428,0.9967913131386095,1.0733832167709965,0.9953712949233083
60821.41685084918,0.997978869936514,0.9967986352014749,0.9965892666281528,0.9969965318516214,0.9969440793953787,0.9934541772537206,2.328668404527016,1.0025087342180474
60821.41702854776,0.9979200528521098,0.9974760256442334,0.9984891655746324,0.9979889851193549,0.9969575684514541,0.9979068878541413,0.5690185482258451,1.0007566294664039
60821.41720624634,0.9974123962589764,0.9978197215976011,0.9975087160968176,0.9989049492479568,0.9984822310066461,0.9970637567723744,1.2563183797858704,1.0048751764827804
60821.41738394492,0.9962463717356294,0.9965503574001592,0.9959294561367174,0.9950675425956209,0.9954180195748504,0.9952908495122353,1.0595877974745869,0.99039031038882
60821.4175616435,0.9974168239005208,0.9986170057413952,0.9972786398438164,0.997011168150719,0.9957605464037282,0.9971948384031223,1.0566856084504177,1.001502531332863
60821.417739342076,0.9960156150327569,0.9972233015186212,0.9958621126537808,0.9972954291105959,0.9961436907583286,0.9971662154232611,1.4814387310806847,0.9958876806722149
60821.41791704066,0.9968412005021935,0.996608043729031,0.9972392369960562,0.9982598868178157,0.9984375387741888,0.9979028473298486,1.568050063965187,0.998880757790838
60821.41809473924,0.9975774676642549,0.9975555337282549,0.9973972107581608,0.9967922925993129,0.9982510672286906,0.9984094238514667,1.340529807338977,0.9961503489680814
60821.41827243781,0.9970226775023748,0.9966909792749312,0.995325098758931,0.9950877972839776,0.9939328099717448,0.9937358042359352,1.1796330199170981,0.9878989864683309
60821.41845013639,0.9964698137999156,0.9967947619646188,0.996955532355828,0.9975318306127249,0.998111116924452,0.9995224651864061,1.1034005167569387,0.996330868209175
60821.418627834966,0.9974558727391808,0.9981041438061581,0.9977271716136455,0.9974101800785568,0.9989708573710628,0.997890519158184,0.8285931438181188,1.0058138926286604
60821.41880553355,0.995860326527776,0.996385782283944,0.9958465989038839,0.9954262714020179,0.9956137309509142,0.9955039955918337,1.1399718342325436,0.9809247360772395
60821.41898323213,0.9979419053906509,0.9975613549183383,0.9985693354970994,0.9983075640739147,0.9977767144184851,0.9987604105216371,0.15225132802335187,1.0058109218942795
60821.4191609307,0.9970640706127843,0.9971593144923264,0.9965158856076559,0.9969141872762989,0.9968940573706829,0.9980059928383938,1.1720393783319132,1.0046950065896343
60821.41933862929,0.9987310258122472,0.9985477776853723,0.9980763901699731,0.9981394201139138,0.998097034801911,0.9986664383879665,0.7573714979853864,0.9990676904657944
60821.419516327864,0.9967927679616865,0.9983045530281556,0.9982122092428946,0.9983537041837713,0.9981382030189334,0.9985105597656568,0.99778142571956,1.0009007170959687
60821.419694026445,0.9967704616137312,0.9968802388631466,0.9968542809961806,0.9966033083925531,0.9959921547492129,0.9993751252863822,1.2439295319794423,1.0007633070567135
60821.419871725026,0.9978977258904388,0.9975649042519766,0.9975597690532689,0.9972029203442302,0.9978313921357419,0.9975185618550001,1.439435773274355,1.0093092936238144
60821.4200494236,0.9968383788844739,0.9965917725796418,0.9958354793706757,0.9974369952828314,0.9955249724489752,0.9941230481831893,1.579896422178206,1.003948114241157
60821.42022712219,0.9970085552610765,0.9977889150646112,0.9975464961954698,0.9976098058964202,0.9984297969429062,0.9996559256651866,1.1464115825130368,1.0043329643129486
60821.42040482076,0.9975407677123553,0.9981682895196397,0.9987288415805605,0.9986762504036836,0.9996588204184931,0.9986553373131257,0.7477459373297137,1.0024755276595074
60821.42058251934,0.9969248588062563,0.9959217381494377,0.9970459142337023,0.9960082758002865,0.9966084281230119,0.9947655760087182,1.5141661121506316,0.9832189057241694
60821.42076021792,0.9982272184459473,0.998572083665762,0.9981763420982279,0.997951287191693,0.9987209108008558,0.9971201144591341,1.0576859727884993,0.9957087555796948
60821.4209379165,0.996917398179489,0.9974449570506895,0.9967612131280533,0.9966586073690616,0.9968718598463187,0.9975424701570692,1.6768100338112375,1.00537740717195
60821.42111561508,0.9972016394753999,0.9972266551682883,0.9976654716144899,0.9963226953092561,0.9977984677470323,0.9963900201730572,1.5439284793121797,0.9897706218029062
60821.42129331365,0.9973486468046593,0.9962243125399577,0.9958503744275359,0.9970377670783105,0.9973470057040354,0.9967440446645621,1.9557958965836224,0.9865311307174385
60821.42147101223,0.997040860799511,0.9976890485933381,0.9984707325044804,0.9969306809973971,0.9966625473430173,0.9934861279133838,1.271665013967118,1.005815190595481
60821.421648710806,0.9958077517072376,0.9965733452794361,0.9969753181019364,0.9982252798136207,0.9973863445405436,0.9954651666596959,0.35950650223308794,0.9944643756782757
60821.42182640939,0.9972439602030185,0.9976586501131144,0.9962129745309799,0.995533558606942,0.9963674069150346,0.9964993394864635,1.142120235059829,0.9913107963908084
60821.42200410797,0.9976768583869505,0.9979296756773238,0.9974963436662063,0.9979580019692099,0.9970655535697498,0.9978641240111585,1.0657255095180487,0.9924782274773661
60821.42218180654,0.9971699594247883,0.9985057431724692,0.9990510373103897,0.9975097652169487,1.0004864111241625,0.9979007622973166,1.2128891699790634,0.9965969147352794
60821.42235950513,0.9955910040240605,0.9963949368117351,0.9953195792557786,0.994677235619496,0.9933523183366527,0.9899782423431643,1.100753709532916,0.9808758751722765
60821.4225372037,0.9960933945819862,0.9955856158367666,0.9954026110735781,0.9957707575092279,0.9964693678831116,0.9978313596373687,0.7751864825094433,0.983639734950615
60821.422714902284,0.9965087895675684,0.9975624584743749,0.9982666847027358,0.9973596859775765,0.9972821466097654,0.9957518529286997,0.5515038540575651,0.9997019995458947
60821.422892600865,0.996631604855382,0.997210654059152,0.9970759204059441,0.9967721555843942,0.9973580128392142,0.996796648700366,0.7045965785015618,0.9911343032121264
60821.42307029945,0.9973842376155843,0.9973439478503143,0.9971357231824629,0.9968558094245461,0.9974608330195353,0.9994604542413467,1.09387786427183,0.9930058700167328
60821.42324799803,0.996956473169878,0.9967586050437592,0.9951303385033499,0.9961992810039956,0.9958103651019704,0.9949076763108258,1.179958286379169,0.9894077316300752
60821.4234256966,0.9976820153540651,0.9969743594074021,0.998292901930175,0.9977738899749773,0.9972084132636632,0.9977972311978689,0.6424421492748343,0.9974558181248006
60821.42360339518,0.9968318117238344,0.9969231943058037,0.9962723587216158,0.9970459832269792,0.9968534418893762,0.9959868439373853,0.8631421799513782,0.9994861874126881
60821.423781093756,0.997600471186537,0.998040389097905,0.9980413464458933,0.997322809398686,0.9972480416638045,0.9986916652382934,1.271816953217952,0.9936060456463929
60821.42395879234,0.9965690526887495,0.9957255536337458,0.9963787447714278,0.9963172284467233,0.9970378632574437,0.9963171188246792,1.0277045676819396,0.9848696945055454
60821.42413649091,0.9971582476037303,0.9968070155171509,0.9964084300461614,0.9962792313831295,0.9966197346721914,0.9940057979339133,1.367087870546563,0.9924960879696845
60821.42431418949,0.9970862832760163,0.9984523219924659,0.9980880257574193,0.9989838855067578,0.9994230821670445,1.0011297610961059,0.8041293371581498,1.0106469735404355
60821.42449188807,0.9956687709589264,0.9955438054808499,0.994511259773594,0.9946033994546349,0.9929362226442241,0.992614324701238,1.0101205519014902,0.9852172609252117
60821.424669586646,0.9984082776338002,0.9984000770925698,0.9991284208039937,0.9988346359686054,0.9983650116334645,0.9980890240760767,0.7549351152041684,0.990865652463478
60821.42484728523,0.9971711517897945,0.9972576494055507,0.997945912164908,0.9977589396090213,0.9996450990424295,0.9977846197859328,1.1793622716778152,1.006772427582934
60821.4250249838,0.9968084520765376,0.9966077874718939,0.9958738413092052,0.998274375285961,0.9974443416457899,0.9971898810041531,1.2498781538586188,1.0029044637259075
60821.42520268239,0.9972323862169554,0.9980016144732116,0.9979696955437086,0.9976245062063203,0.9984779934900636,0.9991484361912142,1.7116563394742874,0.9945934775995743
60821.42538038096,0.9979661274296682,0.9985138828276914,0.9984838722508688,0.9990269080096607,0.9981797128392662,0.9992346790704357,0.9923800131693861,1.0040437838359733
60821.42555807954,0.9977615833738868,0.9980952056370117,0.9986172227121716,0.9998170492232957,1.000364689203756,1.001873623566826,0.8451690479886711,1.0095170227790602
60821.42573577812,0.9972838003622297,0.9969109810144776,0.9973990890591758,0.9983399296652103,0.9964666454645632,0.9957686176288045,0.9572677509851722,0.9941967170861714
60821.425913476705,0.997174095859139,0.9975225514579159,0.9980811576486592,0.9979884946901705,0.9984931344341823,0.9996162332667503,0.581470015949312,1.0032424727057712
60821.42609117528,0.9977219482749972,0.9987541169115242,0.9988388394599923,0.9983469291651415,1.0000518088214843,0.9994047033922409,0.4221083992393562,0.9956879724537492
60821.42626887386,0.9964889565578368,0.9956705444937335,0.9955477489353411,0.9947879273712521,0.9971138317076872,0.9972634824928623,0.7863413948828782,0.9948515288091438
60821.42644657244,0.9959034215004052,0.9974496915509174,0.9963129441707531,0.99551285680387,0.9964795986978183,0.9944784195932602,0.7725779102069045,0.9971988304484378
60821.426624271015,0.9983680865799199,0.9993883063545386,0.9988698006240997,0.9993890057356305,1.0000958570629346,1.0010509977385709,0.8497455603169741,1.0091085734475373
60821.426801969596,0.9969801750971566,0.997430629139251,0.997532447771186,0.9976179177503521,0.997509608136391,0.9977216037775797,0.29381514085203864,0.9869003724504034
60821.42697966817,0.9969677121061431,0.9971069671258469,0.9970452405359502,0.997418536001391,0.9974700182084396,0.99968076178741,1.0848882472684303,1.0045032300975858
60821.42715736675,0.9971263863370204,0.9971558583760755,0.996490545375396,0.9971575981830327,0.9997767369374949,0.9969482714987516,1.605965369615019,0.9991371668348061
60821.427335065324,0.9978238820225822,0.9985049972520125,0.9985208162778495,0.998512146367948,0.9973854695305405,0.9957848307740178,0.8840180963191439,0.9883350443767381
60821.427512763905,0.9987751176272502,0.9981072112748188,1.0003393372883065,0.9992709979039587,0.9999871039876862,1.0003334002955915,1.5502517537661538,1.0060441165264111
60821.42769046248,0.9981113232132802,0.9975615070766809,0.9980058449725736,0.9984920117922401,0.9997512438147078,1.0000060002044922,1.00583546997811,0.9965392409265534
60821.42786816106,0.9964043452540046,0.9969955349883268,0.9970511758747498,0.9976103257439641,0.9978302296065215,0.9959453518061974,1.3945003132603093,1.0000122736477643
60821.42804585964,0.99800676429361,0.9987231491523525,0.9979054712681623,0.9980175292066171,0.9986388204401424,0.9974623531007886,1.1751528982906918,1.0044238162551384
60821.42822355822,0.997625040735882,0.9977379333147225,0.997275347811611,0.9971439944092217,0.9978305857065992,0.9967532770709672,0.9517079378374662,0.9975119106369382
60821.428401256795,0.9975586361119083,0.998616091703199,0.9981984308917624,0.9975812771096615,0.9975255837597629,0.9972178181213991,1.721518250482383,1.013545788210146
60821.428578955376,0.9969562773395784,0.9965805344437484,0.9955480718130194,0.9957353585007059,0.9963913821519476,0.9960309440774241,1.0922862305888865,0.9980642545251999
60821.42875665396,0.9974195415266593,0.9975745103581621,0.9979558278649191,0.9992164499086881,1.0002677444888615,0.9992492031178429,0.3130428190408751,1.0063835962422962
60821.42893435254,0.9972078772780882,0.9972038809273042,0.9972585319900955,0.9964225202294527,0.997040582144728,0.9945572280979985,1.4297689220999923,0.993633456168737
60821.42911205111,0.9978801785418172,0.9980543216515524,0.9984150438606404,0.9972733256483493,0.9973430755932613,0.9959619722712847,1.6575550504543914,1.0007105087554806
60821.42928974969,0.9974707564572927,0.9977606723724903,0.99689382696621,0.9971362096312718,0.9975136263429047,0.9964166087981801,1.430686448581683,1.0033447480118767
60821.429467448266,0.996629248584604,0.997674771643156,0.9975440604766708,0.9964546614133625,0.9968221578656384,0.994928223055335,1.5466451352068638,1.0081871847924093
60821.42964514685,0.9977219056630624,0.9967221895081243,0.9970747123923887,0.9976382458367766,0.9972879503347795,0.9972620992899217,0.8903137197229728,0.9999908961070184
60821.42982284542,0.9967472350325846,0.9977330724088153,0.9971354789615273,0.998505121736755,0.9984890991289174,0.9970199642396014,1.3209679856566163,0.9967976929338763
60821.430000544,0.9970425395866757,0.9979832473834584,0.9985267199339332,0.9978991958511882,0.9981538576690095,0.9997325595372024,1.94773966844845,1.007549140473168
60821.430178242575,0.9972013994948282,0.9974547825985847,0.9981374521144324,0.9978458151291172,0.9990693248040872,0.9990338113871894,0.6937411427153526,1.0066216432316017
60821.43035594116,0.9961232807778257,0.9965211460814499,0.9956589862910254,0.9959928551840711,0.9952373331687673,0.9967487738514758,1.024393116518686,0.9984156851643577
60821.43053363973,0.9975592445241904,0.9978953811092889,0.9972032122078758,0.9977028900947679,0.9990367970320613,0.9984200290707078,0.8789899485450764,0.9995753205797208
60821.43071133831,0.9960437187575183,0.9960399961936299,0.9957700567624037,0.9959776936415998,0.9971916990485853,0.9964295618571234,1.3748180617626324,0.9906611497008423
60821.43088903689,0.9977100996957802,0.9976947156301543,0.9961702209059784,0.9954217302569088,0.9968985649360196,0.9957721507040845,1.3890765507459804,0.9946302566752092
60821.43106673547,0.997664062499811,0.9965437797709259,0.9968310519549,0.9969971796468544,0.9962617130293892,0.997295956337109,0.8590932257226088,0.9906729406231736
60821.43124443405,0.9968986884634324,0.9976631824005271,0.9969709184947856,0.9975450792226731,0.9975402764192324,1.0000385905382427,1.1127851360391114,1.0001508750284092
60821.43142213263,0.9979818939993823,0.9971217877836701,0.9969297295889177,0.9970737834288895,0.9974744828410425,0.9968809076365266,0.9400105261102794,0.997146042236223
60821.4315998312,0.9975247419328571,0.9986077951743577,0.9977176755996116,0.9985272788616372,0.9990410373364836,0.9991890979586535,0.5332352588384413,1.011945408432847
60821.43177752979,0.9977582967168931,0.9983748246111193,0.9990792318473315,0.9981795117942711,0.999371632954198,1.0021177002014392,0.2849950536766438,0.9913115778082789
60821.43195522836,0.9966015220600744,0.9968332748914714,0.9978872885794738,0.997172556014452,0.9970404046522571,0.9983776941377278,1.1290467669432922,0.992223372351489
60821.432132926944,0.9977371425833486,0.9972877161842145,0.9988193178465261,0.9985548084589891,0.9981579963102051,0.9979046560411319,0.5040962518076699,0.99485753102133
60821.43231062552,0.9968052129541571,0.9975476597607225,0.9975659114298165,0.9971928375341262,0.9977647196445729,0.998173158863213,1.0467514416272052,0.9933362889990348
60821.4324883241,0.9977430431825673,0.9969198624189505,0.9971974514540424,0.998650075233517,0.9970808785112991,0.996531536014418,0.6775444485894979,0.986409952736012
60821.43266602267,0.9966811871489606,0.996775505682549,0.9967672041316246,0.9960914246499051,0.9968385925533068,0.9940352930114964,0.7405671133485286,0.9906014798992107
60821.43284372125,0.9984742745984696,0.998042982318573,0.9987971034222222,0.9990511139976267,0.9989570465982679,0.9993470754515411,0.9194067250397603,1.0052808079222655
60821.43302141983,0.9977381258883571,0.9975290075781036,0.9969434571706977,0.9970536572795459,0.9960622048012964,0.994614034017116,0.9856611447158782,0.9955016171552931
60821.4331991184,0.9979949680178509,0.9974435040201284,0.9982743749119694,0.9974164830729559,0.9962349282074683,0.9950266790398606,0.9475353402006308,0.9948694490820338
60821.43337681698,0.9989701029184344,0.9984885761205622,0.9980857990565382,0.9993283262298653,0.9993601699142746,1.000311884378774,1.1251169273236947,1.0042979014169562
60821.433554515555,0.9975627213196371,0.9972467890358404,0.9976060987548252,0.997814310505288,0.9962478790245953,0.9965153859734712,0.6526688719924577,0.9990681785482055
60821.43373221414,0.9987296303867574,0.9987201574908279,0.998659350163495,0.9983703665060708,1.0002801245422417,0.9985151409687851,0.5334937493076566,1.0055107104785126
60821.43390991272,0.9973697037153058,0.9975501829776715,0.9965137738666295,0.9975963520971102,0.997233463119913,0.9980666930798402,0.28905236946878105,0.9804178789662914
60821.4340876113,0.9985000645105542,0.9981126443613825,0.9992553901682847,0.9996106533391392,0.9986941189164074,0.9984196942964424,1.3704158715904744,1.0051058096346395
60821.43426530987,0.9979477149203193,0.9980455929494925,0.9977872691054286,0.9979912480416576,0.9980762458800985,0.9976705046177023,0.846951090092151,1.003387120003726
60821.43444300845,0.9974251026149029,0.9978691211908979,0.9973220165622316,0.9969947844158492,0.9977045684683973,0.9973651051915586,2.501890642060996,1.0033060521902701
60821.434620707034,0.9982846893316456,0.9987972865365441,0.9980039102367206,0.9995024355383704,0.9993873139958249,0.9991608461531352,1.2029872104558537,0.9974494282598885
60821.434798405615,0.9965242553923997,0.996941189976861,0.9977654177122449,0.9970623912061252,0.9971031923815133,0.9975727510875626,1.5577593872137174,0.9890645979314141
60821.43497610419,0.9973202209521308,0.9975075401941117,0.9970181074800027,0.996864111906491,0.9972570047548003,0.9968116651091508,1.4097691123706901,1.003229711605047
60821.43515380276,0.9974972207763165,0.9962952272140808,0.9970830858701947,0.9970262265071855,0.9971746999162739,0.9961680481738683,0.9714662870650547,0.9977723970675341
60821.43533150134,0.9981608008999429,0.998924175531489,0.9978391658342113,0.9983444222478517,0.9990801685718506,0.9977502635971885,0.7168369190375682,0.9969637405879911
60821.43550919992,0.9971515463001046,0.9969301166942853,0.9959360144589213,0.9974886133425424,0.996722619716253,0.9970795953878657,1.1887552836344473,1.002951944026201
60821.4356868985,0.9977584457817481,0.9982236118628194,0.9987642579065812,0.9968324928615048,0.9986641065193561,0.9973428294549437,1.3047866042880145,0.99632523535552
60821.43586459707,0.9968478798076,0.9969124826486572,0.9970390190626222,0.9964041425506978,0.9972485206146919,0.9964123497577202,0.9747283252746402,0.9969176859371114
60821.43604229565,0.9957627410435463,0.9961378481537358,0.9959509422985918,0.996840462132483,0.9959967147259389,0.9956619948368335,0.6600715762685498,0.9982729150517023
60821.436219994226,0.9973871484568496,0.9971884763006335,0.9967821607937658,0.9962480923452454,0.9960492521256094,0.9975053688748854,0.7773506542200547,1.003229613729013
60821.43639769281,0.9963747316514807,0.9964410518522996,0.9967060872924594,0.9963588806306135,0.9966508038464043,0.9971814116340808,1.0140801764261003,1.0060148647373464
60821.43657539138,0.9966839804612794,0.9974058614244865,0.9958659982968728,0.9955245857855437,0.9963781328500998,0.9958065539838381,1.709782023093337,0.9926687032814895
60821.43675308996,0.9968803447177476,0.9972836895195183,0.9970783029901882,0.9969366452371691,0.9980614296263951,0.9981379970595328,0.8691616167751185,0.9922193010768806
60821.43693078854,0.9974896329290797,0.9979593616067394,0.9981909597113047,0.997671549785042,0.9976022458245627,0.9978536238268515,1.189896067579193,1.0034992138919339
60821.437108487116,0.9979643061924977,0.996847570884116,0.9967292150150546,0.9971347200865962,0.9966639743453121,0.9967365686023868,1.4158967724814764,0.9954444405970072
60821.4372861857,0.9975821395937144,0.9982122975570765,0.9978633981614975,0.9970146808358928,0.9977323981726963,0.9992363194573943,1.0305462572234667,0.9969066815395542
60821.43746388428,0.9969460284770044,0.998128605027956,0.9976145132661487,0.9989922635303193,0.9998649793173483,0.9982023580657869,0.9108572653194105,1.007504792624586
60821.43764158286,0.9997914191950373,0.9995528067517584,0.998869329673728,1.0004681885403945,1.0004451520235607,1.00309318638443,1.3044289853408468,1.0221189774490749
60821.43781928143,0.9980896548136776,0.9992723491838772,0.997915002485214,0.9995599458441793,0.9985503725035636,0.9997093502184374,0.6776863346876141,1.0050751534207758
60821.43799698001,0.9967656936920433,0.9968641635790849,0.9973392166466876,0.9981866867695428,0.9991098923345484,1.0002697619917003,0.9745117847572514,1.0026835127660234
60821.43817467859,0.9975907764329492,0.9975911957264483,0.9974302213979569,0.9973344635778976,0.9980580113630186,0.9980169917708687,1.188995712589969,0.9880995736035323
60821.43835237716,0.9975982509047495,0.9981424380167283,0.9980279788699744,0.9979122903473686,0.9971569789192959,0.9977031625449849,1.3324972022826278,1.005944324290907
60821.43853007574,0.9970655538773167,0.99819188585093,0.9982319469148819,0.9977571276450385,0.9986923077497802,0.9986033112587159,0.8386761180422831,1.0118203824329657
60821.438707774316,0.997823242382059,0.997964995455264,0.9973293040269405,0.9985637185261482,0.9979431441832523,0.9993882204051316,0.908770709071961,0.9976173520527242
60821.43888547289,0.9977322025217507,0.9974192791062213,0.9979805271822374,0.9981666616626551,0.9984224108399895,0.9972994585429018,1.3565073091844049,1.0012003620615162
60821.43906317147,0.9968467914341748,0.9980454991880346,0.9974000520817298,0.9976768709601713,0.9968388521941254,0.9972065808181695,1.2827808056679924,1.0044001845514698
60821.439240870044,0.9978314520251099,0.9987803877113222,0.9984385666271004,0.9981313007945188,0.9980430345297395,0.99801864076611,1.3749347917981405,1.0095944840825466
60821.439418568625,0.9975887655188271,0.9983647681960368,0.9970918738635345,0.9976548175387022,0.998642646843274,0.9993201749265815,1.1954911326437232,1.007610905567086
60821.439596267206,0.9966216395083166,0.9965612972041412,0.9957075313624915,0.9953323236491624,0.9962466637122738,0.9917826859315074,1.407767896897447,1.0038385557943448
60821.43977396578,0.9965660304718856,0.997018796716349,0.9960052183113357,0.9962609713038972,0.9964125786559472,0.9943087413383066,0.8864495903888401,0.9990092064796171
60821.43995166436,0.9992019521482419,0.9971797370798801,0.9967343164823717,0.9958905940836955,0.9965639687681105,0.9957287433688247,0.8705150200196758,0.9998249075218015
60821.440129362934,0.997421211083802,0.9984841466624463,0.9979678095420335,0.9976789274365493,0.998346224938237,0.9967021076332545,1.4906536277680893,1.0097563710423747
60821.44030706152,0.9975737956538435,0.9981640245521278,0.998521952455247,0.9983751885299894,0.9994697364811931,1.0001098095921346,1.1572355716959326,1.001363843211781
60821.440484760096,0.9984401242863086,0.9986660185006697,0.9985047171677734,0.9994041526428376,0.9980675636175043,0.9992245810919425,0.44873116680711395,0.9920814756296343
60821.44066245867,0.9975987128673497,0.9981769551095383,0.9990483415292971,0.998802297726036,0.9997747772719315,0.9991002937103501,0.910362716088003,1.0088693478432385
60821.44084015725,0.9969061004787506,0.996856449568237,0.9984054076945921,0.9976655664750773,0.9975107147229582,0.9958560673684431,0.9525851303140264,0.9925083330234162
60821.441017855825,0.9979598725514389,0.9981906417433851,0.9981996947901085,0.9986169822400204,0.9993643459125242,1.0008680771678606,0.3197866703109126,0.9977818288341742
60821.441195554406,0.9971940233227623,0.9963818925436204,0.9962234913225188,0.9968437323009798,0.9964331018036936,0.9981415377711927,1.7346266746553634,0.9857451563598393
60821.44137325298,0.9975992915897279,0.9984579351663169,0.998271155485988,0.9983508421765341,0.9978645126025213,0.9995739597256365,0.4417374751713524,0.9854419235134225
60821.44155095155,0.9970459368500993,0.998656442136997,0.9995909772360697,0.9990065133253921,0.9993845938075486,1.0008743347414948,0.7342686014933575,0.9923411874245892
60821.441728650134,0.9962405232860349,0.9961172240787941,0.9965700947346661,0.995564615376901,0.9953419392393007,0.9966578101043665,1.238562507555786,0.9826287009328717
60821.44190634871,0.9960641244901138,0.9970056167933592,0.9963307653684532,0.9958102679182809,0.995614590163158,0.9941123841175421,0.8743202993690391,0.9808127645550049
60821.44208404728,0.9974123965666438,0.9969537257205506,0.9972444313113323,0.9963885273150338,0.9963741679842554,0.9954668075557465,0.8201822467992828,0.9965833590720571
60821.44226174586,0.997313645792139,0.9963390910728738,0.9974443121758715,0.99612291463847,0.995642500714813,0.99625842827015,0.7235839180180441,0.9904609124996724
60821.44243944444,0.9969246640527925,0.9965517028861468,0.9969390677944238,0.9962057613216221,0.9954193499320302,0.9940493528132885,1.0722359482987394,0.9855016700083362
60821.442617143024,0.9976716909591445,0.9977589563745911,0.997155274718494,0.9967146430611211,0.9977806304042041,0.9973483802700508,1.5888048965746928,0.994898114787064
60821.4427948416,0.9971077544608158,0.9973359694212738,0.9984014530755873,0.999278646455686,0.9988308200862208,0.9991606452700635,0.8037749427841173,1.0006154915977843
60821.44297254017,0.9987519921148443,0.9982294299698375,0.998094392553205,0.9984077862897958,0.9974919967944472,0.9967857460788397,0.7852968344941648,1.005195050473682
60821.44315023876,0.9987645183315085,0.9977351411456613,0.9985917776409244,0.9990829683894891,0.9995724730263184,0.9974729682473235,0.7981733797716046,1.0107657626433377
60821.44332793733,0.9974386458261555,0.9971395355400026,0.9963514703533622,0.9975540416959047,0.9976469393580121,0.9987585928781034,0.7035321064042401,0.9920314131686744
60821.44350563591,0.9956160638414062,0.9963224885846383,0.9969288387875549,0.9964443244818516,0.9961612472727552,0.9963951886137974,0.6142271770441001,0.9937418812127528
60821.44368333449,0.9972944716521431,0.9980190194652203,0.9984158234974738,0.9991068006608076,0.999653272431322,0.998598755880436,1.4176517357348868,1.0041019926138333
60821.44386103306,0.9972811748824773,0.9976338622677469,0.9971182453241951,0.997190993342996,0.9989566596460958,0.9968965415044754,1.0538139009757024,1.0120990013407352
60821.444038731635,0.9968460181121666,0.9966947834148524,0.9964227958476518,0.9967474437189093,0.9962167944243353,0.9930390049363466,0.8546443054709121,0.9865182536139387
60821.444216430216,0.998356980709805,0.9986799936731615,0.9979878632711144,0.9980993671652659,0.9976099068084895,0.9949999629103344,1.1182439619736508,1.0002981440058394
60821.44439412879,0.9978507530779082,0.996928919376791,0.9973128946902704,0.9976498041476156,0.9994015249165673,0.9984599624084993,0.9928472297818207,1.0020302054789045
60821.444571827364,0.9974413556067755,0.9964522892627656,0.9967662756520318,0.9959347584328744,0.9958690309170705,0.9942559042772138,0.9066588052151828,0.9880541841998948
60821.444749525945,0.9977855026681832,0.9977751219743316,0.9983224177903856,0.9982560350084372,0.9983273772822447,0.9986416233930606,1.3472203592089895,0.9984814190100413
60821.44492722452,0.9973595925338928,0.9965775159414197,0.9971887373870397,0.9961452885574438,0.9967594928013358,0.9978943065017734,1.16761436847912,0.9991046383336312
60821.4451049231,0.9972761682108874,0.996139180582035,0.9952212583273389,0.9946638320087942,0.9957918848832713,0.9931958086019452,1.263252414988568,0.9873422313348575
60821.44528262168,0.9976715880443994,0.9983550690538205,0.9979358713841745,0.9987423295828136,0.998233275792292,0.9962752636183391,1.9031263741576852,1.0049659786915537
60821.445460320254,0.9977389279772672,0.9979988067074668,0.9987959863864658,0.9972675452363667,0.9982717680547638,0.9995971456724507,0.7253982241535172,1.00439943708501
60821.445638018835,0.9967634577192184,0.9985846375451303,0.9987843560794721,0.9998781841223097,0.998729359628326,0.9998132372888898,1.0494264257398223,0.9946647545024662
60821.44581571741,0.9984579579194455,0.9987836443351096,0.9980644128932359,0.9984049281261633,0.9995356638756961,0.9964057475519483,1.1591552248675379,1.007332129798111
60821.44599341598,0.9965953996326605,0.9978968267042218,0.9976721431363977,0.9976464719640347,0.9983900114944528,0.9979094873935522,0.9539569110633641,0.9936799757935719
60821.44617111457,0.9976269485814254,0.99873797633902,0.9984923304359362,0.9988827925665675,0.9983238599576253,1.0000293792360146,0.768698368072009,0.9930676101602159
60821.446348813144,0.9969967728303504,0.9971429620950975,0.9968510302175118,0.9969631915369415,0.9970795133990492,0.995970158516788,0.928733452070766,1.000152003407628
60821.44652651172,0.9972638235179889,0.9975036306858984,0.9983146843474457,0.9969122109982126,0.9969925476639943,0.9961842454678081,1.4694358987177232,1.0073335844586844
60821.4467042103,0.9976205534068622,0.9988966845632418,0.9979392134706707,0.9986359964788559,0.9986908121666249,0.9987697405811424,0.8811848616742594,1.0055534137334308
60821.44688190887,0.9976267378292568,0.998076098611576,0.9980486148789707,0.9994011975760158,0.999632818422004,1.0010146059686393,1.0923992870755073,0.9917031757586011
60821.447059607446,0.997268047945216,0.9972225590439434,0.996986807816878,0.997762006436043,0.9968199168141054,0.9972776990255663,0.40392442252909816,1.0047475813835343
60821.44723730603,0.9973006562283715,0.9972404330245982,0.9970401697612644,0.9970234838734425,0.9977449139009499,0.9986651802596719,1.0483269866056717,0.9869336745825039
60821.4474150046,0.9976633168678686,0.9987244447652242,0.9991177985134109,0.9986008100512435,0.9983202995144161,0.9994947126381474,0.8641097794298952,0.9958541838346255
60821.447592703174,0.9986981840095356,0.9985130081439175,0.9981930955443964,0.9986296364217092,0.9977479524605378,0.9999442142318118,1.0510721597808932,0.9925557393933953
60821.44777040175,0.9985726800163187,0.9982335712520221,0.9984938967502065,0.9984543931758844,1.0001853478374758,0.9974768944804641,1.443736042290579,1.0043750505051048
60821.44794810033,0.9968814515512168,0.9971970343459586,0.9963607570194503,0.9968043796275531,0.9965300580416596,0.9983950247398623,0.6763093187345978,0.9955941969988059
60821.4481257989,0.9969390988841684,0.9974863546385637,0.9978929662761873,0.9982834678504308,0.9986613692323287,1.0002529303922796,0.9070220839409254,1.0003078037173059
60821.448303497484,0.9980921607646455,0.9986557025640279,0.9985575979309113,0.9979562610379997,0.9982720687697564,0.9997465478578508,1.1585972419505404,1.0004707668530106
60821.448481196065,0.9977988474339633,0.997197175622894,0.9962629404842491,0.9963191792239703,0.9964363338393676,0.9963519430078069,1.775618631790432,1.007861959519368
60821.44865889464,0.9974634730469473,0.9982509925661416,0.9975888570868046,0.9980163980780853,0.9993619769920697,0.9999958774887562,0.6928041437404634,1.004146638821052
60821.44883659321,0.9983514056226949,0.9981460189064473,0.9977735974634441,0.9978371798057832,0.9987249910832701,0.9977430589967474,1.3418096718934076,1.009030122373706
60821.4490142918,0.9967115202316977,0.9973108817931408,0.9970852005814755,0.9973506459670104,0.9968368817489146,0.9993760806437851,1.057570381052929,0.9903784402614176
60821.449191990374,0.9972287949692363,0.9973180216284075,0.9967670067747064,0.9969296141753297,0.9971159051171167,0.9957050182010291,0.23592251757204669,0.989958331541566
60821.44936968895,0.9968240312768055,0.9974956027464557,0.9969489892149253,0.9977131681156443,0.9982807956377884,0.9984669804035851,0.9660522714726993,1.0135542270248425
60821.44954738753,0.998963105946438,0.9990035465097811,0.9995174526532661,0.9993999316995709,0.9997012487391307,1.000543230797893,0.5697589836642438,1.0036143643339717
60821.4497250861,0.9983287708397909,0.9991782765178129,0.9983386535321743,0.9988737308248513,0.9990553194400703,1.0000775525053738,0.35035764158257743,0.9962398436652371
60821.449902784676,0.998029580446446,0.9979147005035197,0.998944858408335,0.9966959274408091,0.9983956494359234,0.9995913280237186,0.684156455933752,0.9937811676396133
60821.45008048325,0.9977239925710323,0.9971260367917848,0.9970569724916576,0.9985285918222404,0.9969330222649384,1.0011524543344343,0.9966145914208299,0.9968025323972013
60821.45025818183,0.9980998926002254,0.99862361093686,0.9992223509260367,0.9988031822725394,0.9996229109967207,1.002692754247154,0.9174233709931907,1.0014310494261485
60821.450435880404,0.9977108933238369,0.9979088686133859,0.9980312985145469,0.9991154483280263,0.9989279921029917,1.000967198327354,0.8798629294338718,1.0016719740880633
60821.45061357898,0.9968772945031501,0.9962340738875511,0.9961059596672633,0.9955743405100158,0.996091331036985,0.99608709019018,1.264907509198043,0.9923090486274337
60821.45079127756,0.9979128769715206,0.9970462833320334,0.9982638017956021,0.9983583529498139,0.9970692041531144,0.9959173709301805,1.5712164910802289,1.0022220311182857
60821.45096897613,0.9975580355156404,0.997506816283952,0.996897027242679,0.9963344280049528,0.9972148326097707,0.9969123586587345,0.9263516748642486,0.9884570856536241
60821.45114667471,0.9974216530959729,0.9967546505344079,0.9967410712938717,0.9968646713838452,0.9970889695111135,0.9961867127075983,0.8612222015751688,0.9971779381917942
60821.45132437329,0.9974141212029772,0.9969929827473738,0.9973088573327477,0.996821814494053,0.9956308604313473,0.9910343314339142,2.6951046411545967,1.0254773016826384
60821.45150207187,0.996661694862382,0.9967783226815781,0.9974428529272931,0.9961481532954608,0.9956185875788776,0.9941969829327423,1.1663184398933872,0.9869911048677538
60821.45167977044,0.9970201375808205,0.9971185888263179,0.9969919778427454,0.9965974131390068,0.9964486392331134,0.9918348838893555,1.1068973298774474,0.990996200742789
60821.45185746902,0.9968563397168326,0.9965812454681444,0.9969242905727864,0.996802516319149,0.9970269606005713,0.9962482925686372,0.8832494937990041,0.9925999684681399
60821.452035167604,0.9979676140257111,0.9973407719116927,0.9960096230789952,0.9972285694302134,0.9973339845266521,0.9978075617849597,0.6276728394435066,0.9991332543980147
60821.45221286618,0.9987555808084638,0.9995765897889227,0.9991992960394159,0.998604158380921,0.9989415685252031,0.998191960092247,0.9684923602397527,0.9985196703554438
60821.45239056475,0.9986379146544067,0.9993242067104627,0.9996926650223493,1.0007422413471818,1.0016236877491267,1.0013670997900328,0.9380283361584154,1.0066346105934365
60821.452568263325,0.9976676971390696,0.9968342134627822,0.9974891004135741,0.9993033063593743,0.9994685940759388,0.9992289399743102,1.2693164426882007,1.0027332203526311
60821.452745961906,0.9979956684231849,0.9981751995470198,0.9979507862229805,0.9986351649252208,0.9985444901462134,0.9963907373432977,0.4934302404686323,1.001847422007775
60821.45292366048,0.9967306205683277,0.9961087608804253,0.9975865803638868,0.9968749131845285,0.9978048145254446,0.996988746760395,1.406875377195385,0.997308996608469
60821.45310135905,0.9980605853250472,0.9989356819884515,0.9993662502109208,0.9986676719054475,0.997293821717323,0.9975900610335123,0.7532330719843574,0.9950143255546788
60821.45327905763,0.9986187732918637,0.9979200527622905,0.9983270055879633,0.9985044650580674,0.9994736142644557,1.0003060606959842,1.2355502985560218,1.0099108702362873
60821.45345675621,0.9984374742963862,0.9982717070889868,0.9979626600957959,0.9983927916886414,0.9975940751644038,0.9981651139917698,0.9329905791052695,1.0011672733903727
60821.45363445478,0.997485565642867,0.9979052898406988,0.998214534393198,0.9993811732975583,0.9984306701465173,0.9993369158529055,1.2304301156493695,1.002657422013576
60821.453812153355,0.9976260937961399,0.9978671627371061,0.9979011469404087,0.9963672255185568,0.9978022416950945,0.9991864488790351,1.1524127134161057,1.0007558799481306
60821.453989851936,0.998267686919696,0.9985295738699704,0.998510086004042,0.9999230698082713,0.9991927746170831,1.000644846905907,0.6859052544899079,1.0002997345218918
60821.45416755052,0.9974459391622211,0.996737950950817,0.9968934534502465,0.996956608522952,0.9974137547217798,0.9970278822493898,0.6277941165048451,0.9885592992023057
60821.45434524909,0.9976419563889631,0.9975519582101844,0.9980182925971375,0.9983262379530502,0.9986161680361277,0.9998090555951604,1.0224408712339073,0.9977432310227778
60821.454522947664,0.9983478391540865,0.99869720740054,0.9973707333800788,0.9982066003161604,0.9978097296890971,0.9988811615452627,0.807573891422608,0.9877640864536164
60821.454700646245,0.9982879966449275,0.9979374098098022,0.9984579409184878,0.9978934188675683,0.998147795433277,0.9988210762238215,1.0422323761552237,0.9960406668388111
60821.454878344826,0.9959454931499961,0.9965178898869247,0.9950293323319463,0.9956115540460222,0.9953869047728033,0.9937940055386275,0.8085995933460681,0.9805518777990073
60821.4550560434,0.9971049844977332,0.9974209560301164,0.9977473859486948,0.9982030897353293,0.9983482871558257,0.9979443992809819,1.2071337362892107,0.9902761273761095
60821.455233741974,0.99916627090932,0.9984307087077254,0.9977688367357671,0.999785494970468,0.9999866655599189,0.999748570569115,0.6413734503784656,0.994249895979778
60821.45541144055,0.9971825052236404,0.9981163841849263,0.9968024503178824,0.9977142172297491,0.9961345470407179,0.9969445057998516,1.2703143702777233,0.9946136523154397
60821.45558913913,0.9981965683412988,0.9983897361002829,0.9985023595306035,0.999051028959017,0.9990717355985677,0.9972690495234228,1.478040286138837,1.0120240893905754
60821.4557668377,0.9983415117793273,0.998351166999566,0.9990847434425861,0.9988570516025981,0.9984372651503457,0.9992918705979781,0.8390061897730213,1.0037170966779276
60821.455944536276,0.9973443466878463,0.9985253943944964,0.9985037853504359,0.9995111740803266,0.9991365240432638,0.9980865292743751,0.9117517532077328,0.9964094925510192
60821.45612223485,0.9981932094139597,0.998597003913806,0.9985384363594718,0.9986637459705874,0.9975531565478206,0.99756777849738,1.1126674388605071,0.9997996657227439
60821.45629993343,0.99708344871479,0.9975650536219033,0.9963700311165488,0.9951787263828179,0.9972900685190281,0.9961714900836932,0.7864446452178715,0.9992250923639228
60821.456477632004,0.9976290900910249,0.99824851103638,0.9976202391968592,0.9985930724140288,0.9992210209149426,0.9994544992975308,1.1315938601997366,0.9995920691147719
60821.45665533058,0.9968028953549951,0.9963481430406018,0.9959158654669379,0.9958432128198293,0.9943787093859644,0.9956765537968537,1.257854111197122,0.9840459579227394
60821.45683302916,0.998015615823669,0.998232940658409,0.9988401375473184,0.9981211290790748,0.9982345255239301,0.9973465589928313,1.3485073002263832,1.0083815877042832
60821.45701072774,0.9969310581569869,0.9972818266891392,0.9967161325408425,0.9973013616102874,0.9973525475320165,0.9955586051679882,0.9156803413627821,0.9965485252096017
60821.45718842631,0.9981960447781926,0.9985887550540581,0.9990386705801726,0.998311541504438,0.9992708328139791,0.9999945325156578,1.297554430097131,1.000614304152035
60821.45736612489,0.9974587879208723,0.9982069067194654,0.9973385757401898,0.996437209751587,0.9966344536843947,0.9966566897293657,0.500276000347054,0.9945072867601452
60821.45754382346,0.9973059428801377,0.9978744097125234,0.9981120431670224,0.9980472172843751,0.9967374758268405,0.9945316054218396,0.5363755549549293,0.9863017466626652
60821.45772152204,0.998511813180213,0.9980567439549949,0.9984898278748772,0.9973078139062659,0.9968699460118327,0.9980876656449373,1.3391985311816725,0.997409693393129
60821.45789922062,0.9988457036660284,0.9978681031372247,0.9989510986362509,0.9992372523500656,0.9993709767174869,0.9997876785066455,1.1224380072325901,0.9936204335569843
60821.458076919196,0.9986152354330251,0.9989105947975542,1.0001755944249133,0.999532228913645,0.9995686381593542,0.998358871053379,1.573456567077317,0.9977226564547077
60821.45825461777,0.9982934955191501,0.9980581067643471,0.9984620669712797,0.998818235855353,0.998795049173398,1.0013873998015146,1.0323603910671881,0.9943745386628295
60821.45843231634,0.9989070334759654,0.9991267538810895,0.9978351719086355,0.9977056332957797,0.9988251366593666,0.9993210526921851,0.7469964944376182,0.9976753456477284
60821.45861001492,1.0000610879523988,0.9992344939901046,0.99971903179589,0.9993447965813428,1.0003649141889772,1.0000794860202715,0.8501375124964672,1.0021888544899407
60821.4587877135,0.9986973823766934,0.9986507443799076,0.9988848467590773,0.9988711196590901,0.9984570681926486,0.9994522303765672,0.8152918894855933,0.996359155577711
60821.45896541207,0.9994053047762861,0.9995146011885504,0.9997412556814452,1.0003235265516748,1.0005742161035114,1.003193630086976,1.1693515520854043,1.0103130175750696
60821.459143110646,0.9989580181835629,0.9985159679035104,0.9990040129691001,0.9991510332982575,0.9992452069329568,0.9992462166640625,1.420499509765987,0.9949833825982375
60821.45932080922,0.9987657165163318,0.9994364449609129,1.0000099546088568,0.9999650263329829,1.0004748733631281,1.0005388128267303,1.418640185992482,1.0
60821.45949850779,0.9991295925674463,0.9990901874608179,0.9995212517253073,0.9997112484966983,0.9997320243184927,0.999327280573344,1.1512913740152473,0.999507583451435
60821.459676206374,0.9992852172774843,0.9991077516321359,0.9990775802329015,0.9994891837576328,0.9995762832259416,1.0000054722297136,0.9369391823059162,0.9986328781636576
60821.459853904955,0.997479346119338,0.9985050810264577,0.9987851791139113,0.9987633952956401,0.9993789771956507,0.9989060311870422,0.4758787528278779,0.9857084847984975
60821.46003160353,1.000047431001859,0.9996423514160386,0.9998622988504665,0.9987738405953953,0.999622624657336,0.9994530469880766,0.9059200622485544,0.9909290523756832
60821.4602093021,0.9989871850949424,0.9993719268021118,1.0002045301609195,0.9996813248159203,0.9979208831725466,0.9989699919576437,0.41125779720081135,0.9972656754739466
60821.460387000676,1.0000312420859832,0.9992514788676947,0.9996818876377752,0.9989356166638708,0.9990446391835597,1.0000587675969725,1.1143589648477916,1.0019552610770224
60821.460564699264,0.9994897416738987,0.9994014803948067,0.9992758224460444,1.0004830180620716,1.000164348298427,1.0012559058078008,0.8326728929766027,0.9971319418690169
60821.46074239784,1.0000286796576747,0.9997953210526858,0.9996409750371831,0.999503030346203,0.9995292742825331,0.9978590710533017,0.851491842836862,1.0042724740959956
60821.46092009641,0.9997388153980672,1.0004634166639526,1.0006606706997379,1.0002416954486089,1.0003981325312123,1.000434239692887,1.1104283226804468,0.9984380454290134
60821.461097794985,1.0000124730486581,1.0001587908675451,1.0003518324902851,0.9990445883464881,1.0002974319029811,1.000182687021737,1.719591959350449,1.0002479270044138
60821.46127549356,1.0009784732885605,1.0001508338310936,1.0008527774202234,1.0022070042272118,1.0010987496837482,1.0039535419562886,0.7275468758542728,1.0081752108402753
60821.46145319214,0.9989537353665815,0.9988818571855986,0.9990560465902703,0.9988384448956532,0.9986008559685563,0.9994293111700854,0.9682180056254469,0.9886433413223829
60821.46163089071,0.9993496950817549,0.9999967121362875,0.9999576285174665,0.9995138280720403,0.9991705539581678,0.9994996679552354,0.8413471167593536,0.9965699661175431
60821.46180858929,1.0004821079241084,1.0005191327864655,1.0005087153650278,1.0014011921953356,1.0013204515958976,1.0006645597007604,1.2969635430415432,0.9933422269869345
60821.46198628786,0.9993080369670164,1.0001976400025503,1.0001932788601533,0.9983198689940826,0.9981897813998978,0.9991989210333166,1.032206768111286,1.0054322543282779
60821.462163986434,1.0005164943119433,0.9995168476294123,0.9994482390325783,0.9999959229197534,0.9998804183176558,0.9988889740986667,0.8050160273135665,0.99849280633224
60821.46234168501,1.0003848685777168,1.0004409983231508,1.0004114660458596,0.9993089230668665,0.9996683203252282,0.9997752395993411,-0.06838465481154912,1.0015739668384267
60821.46251938359,0.9993068210636286,0.9987814940938301,0.9986585071585394,0.9997851436535743,1.0007052270934853,0.9988332536005878,0.8470966201259357,0.9902750744418888
60821.46269708217,0.9999192065046554,0.9996636947806586,0.9990031123412774,0.9988325860893376,0.9998340752132989,1.0001241391414593,1.0203234871822306,1.002552724555716
60821.462874780744,1.000039548476974,1.001175180575422,1.000350351763515,1.0014285122415465,1.0007841516990412,0.999782447988493,1.3809717900047447,1.002679081681537
60821.46305247932,0.9988827274087758,0.9985581609453592,0.9986254659460887,0.9989079302897514,1.000206349135825,1.0008374527793595,1.153725132420399,0.9955400480443483
60821.46323017789,1.0017305836142802,1.0020826559890637,1.002481837867737,1.0022184673181112,1.0018279945695803,1.0037294209584178,1.1256110790771678,1.0051567433166804
60821.46340787647,1.0015627881775069,1.0020244208275448,1.0022624831118623,1.0030782213193212,1.0008566099329923,1.0022959962270275,1.7010719806344827,1.009443704617206
60821.46358557505,1.0006612049697838,1.0001742451691276,1.0002267504153548,1.0002553924446562,0.9995145637379018,1.0027303502242069,0.7247055298184536,1.0041308088508942
60821.46376327363,1.000922749280956,1.0009466604446966,1.0016525976462858,1.0018207915315036,1.0010267308812653,1.002381500205267,0.992741327041713,0.9855075208855675
60821.4639409722,1.0005172708100325,1.0007125033543403,1.0001292673840916,1.0011888215397924,1.0000145376718457,1.00014468042505,0.8636558018925135,1.0099768207354312
60821.464118670774,1.0010526004701146,1.000028997514245,1.0002032316503588,1.0007881575260762,0.998577783399989,0.9981541039635988,1.0505723368199096,0.9824249476832234
60821.46429636935,0.9995313819416433,0.9996670025950006,0.9989453739003021,0.9977404251298686,0.9981519453095551,0.9983960017681798,0.9662016148402389,0.982127159665399
60821.46447406792,1.0011193949988202,1.0005975775727507,1.0010314324911853,1.000970701665733,0.9997040832433366,1.000012392740793,1.1204244462191317,0.9937335958145938
60821.464651766495,1.0015569862120945,1.0021251644322255,1.0014312352110881,1.001032212883619,1.0023404441562187,1.003081203373514,1.4540932670487405,1.0118849555502554
60821.464829465076,1.0012162097098392,1.000503058020311,0.9999693429510986,1.0020828856176582,0.9998668546817204,0.9998686177629155,1.515819944325323,1.0037952998713937
60821.46500716365,0.9997473325682102,1.0004207304788206,1.0002045981618963,1.0001567432376812,0.9985954459797904,0.9965310191196408,1.5375258643625767,1.0040365147077182
60821.46518486222,1.0007182507319123,1.0015394012594216,1.000732492054967,1.000137291920852,1.0003412343350437,1.0016950667020055,1.186648363656261,0.9941356246967077
60821.4653625608,1.001077319172112,1.0016618453449875,1.00263602832193,1.0035813787646706,1.002060113275313,1.002814092691475,1.4698012532470996,1.0050827493504215
60821.46554025938,0.9998874073155257,1.000665591988656,1.000721858924892,0.9993644704752822,1.0006768633164855,1.001079347203677,1.023839390504027,1.0067773922884544
60821.46571795795,1.0004751328265522,1.00018953859609,1.0008126682874825,1.0015502290887957,1.0020586613297984,1.001271591597288,1.21260323961297,0.9916851985585223
60821.465895656525,1.0012950691141438,1.0012265073781144,1.0009684991276968,1.002254501516993,1.0031045433556687,1.002338171730698,1.059671445297839,0.9981471678017894
60821.466073355106,1.0000824860365527,1.000484893697789,1.0006899239937035,1.0014388666618106,1.0020193400205775,1.0015790654523087,1.1482037170129316,1.0126682120809165
60821.46625105369,1.0017696645307845,1.0020026229513148,1.0018155046593358,1.0026129379943332,1.0031278834123418,1.003840602276237,0.6736224258243828,1.002479546610341
60821.46642875226,1.0005974225828629,1.0013740388359467,1.0018216558868474,1.0013229732747448,1.0016167235782525,1.000941890239606,0.5992986300294588,0.9970431744070322
60821.466606450835,1.0011505926211721,1.0015059725290347,1.0012077205119672,1.0020208388097362,1.0021921267415586,1.0001731575953643,1.739254854194567,1.0098293015265811
60821.46678414941,0.9999226620519271,1.0006936293335225,1.0003570372058197,1.0001774642792804,1.0000034487191305,0.9998350798748177,0.8325852931350047,1.000503575986552
60821.46696184798,0.9994880200543986,0.99970419909242,0.9996851839246036,0.9999313360707242,0.9999569043016265,0.9987548012691364,0.8956391548170788,0.9988687613623798
60821.467139546556,1.0006416617421707,1.000996030090652,1.0006537485744222,0.9995818736658361,0.9991310610773542,1.000069580342768,1.1149750319034801,1.0031139349399167
60821.46731724513,1.0007506274866902,1.000496907966768,1.000883634018771,1.0005372856890775,0.9997593709343283,1.0010098908420537,1.2534257442482055,1.0071566933011964
60821.46749494371,1.000814159861843,1.0004104283365765,1.000004723375142,1.0005945262363933,1.0004178063836378,0.9999407050346988,1.0565154062852948,1.0007782271416061
60821.467672642284,0.9994556909941735,1.0000382887036905,0.9999564357495251,0.9998575652168789,0.9994634660742867,0.9995131455527426,1.1943528903796703,0.9953777689756739
60821.46785034086,1.0004168505446809,1.0009245125256068,1.0015162297199305,1.0001559278364212,1.0002835873952403,1.0022623911272484,1.0374299824879216,0.9973935571856098
60821.46802803943,1.0003436178667706,1.000518012830683,0.9997720555024784,0.9991825579074187,1.0006534687955906,1.00049252942289,0.9560967799624949,1.0016585120647212
60821.468205738005,1.001117056119496,1.0015022896428616,1.0021994208986262,1.0018896761152967,1.0016559681170862,1.0021176322611143,1.3322450751137547,0.9934700383858649
60821.468383436586,1.0006213901725816,0.9997935815391781,0.9997766421573555,0.9990132855010322,0.9998727771546474,1.000109356461188,0.8520191469763707,1.0019697341228013
60821.46856113516,1.0008057140796756,1.0006018651443618,0.9996029192478512,1.0006919443922957,1.0007196690347024,1.0005249710636923,0.48170639335159465,0.9998915657612848
60821.46873883373,0.999846047214815,0.9995059019886878,1.0000074705925952,0.9996083629300433,1.0006743973698469,1.000480615752996,0.7534462454880555,0.9935399514948018
60821.46891653231,1.0014407030462131,1.0008322143850577,1.0012433281561028,1.000792774041545,1.0018947338743676,1.0023239473032892,1.0350947105282948,1.0081419399091398
60821.46909423089,1.0016290443731806,1.0015526667955978,1.0015409590783666,1.0009416897377017,1.0004835117976365,1.0006447034762254,1.080611364415404,1.0113115476427583
60821.46927192947,1.0009086270777474,1.001280169129915,1.002130008626544,1.0022311527344687,1.0018320626565835,1.0025458746720972,1.1409601602205055,1.0001264416182185
60821.46944962804,1.0000127182909713,1.0004788379563117,1.00010653932301,1.0003148419034116,1.0000619219164952,1.0004808798303082,0.6764077534457,0.9977879282540277
60821.469627326616,1.0003491825902466,1.0005127928392048,1.0016158098881123,1.001706511126,1.0009802368385194,1.0016177888038116,1.204858289272645,1.007294226177893
60821.46980502519,0.9994592513156078,0.9996989564297725,0.9985824965910354,0.999542071998123,1.0014122288283516,0.9991395911313512,0.812108768902467,0.9964116698615471
60821.469982723764,1.0012202402072512,1.0010559108163515,1.0009300724139434,1.0009656633629436,1.0014131716356296,1.0031196189358018,1.45730535496415,1.008392945657577
60821.47016042234,1.0010362035444476,1.0013199075188794,1.0013664741838073,1.0014953355838299,1.0018620949347916,1.0034717957130184,0.49431198198880955,1.0069520117227704
60821.47033812091,0.9996146193981814,0.9995558951824942,0.9990016856411732,0.9996239387431051,0.9993934072402462,1.0012529800043632,0.76188496021834,0.994579078444608
60821.470515819485,1.0003171738527916,0.9998750352431042,0.9993080959516754,1.0005613579581283,1.0010430813008588,1.001040909785438,0.7793259648073957,0.9982201056967336
60821.47069351806,1.000726400038586,1.0012975731520903,1.001245263763193,1.0021052563919242,1.0008920611224323,0.9994611944422628,0.8199767956821364,0.996477246126294
60821.47087121663,0.9981864786355963,0.9975892087556725,0.9974620975338095,0.9980889843597325,0.9972727782663123,0.9978908296493151,1.2880335083442778,0.9806056426539841
60821.47104891521,1.0012785584908175,1.00087874795837,1.0012772691161047,1.001739790914658,1.0002199332190793,0.998907850579241,0.7586968282517234,0.9933868652408178
60821.471226613794,1.0006036942626928,1.0011729769377289,1.001245257931394,1.0025876731260692,1.0009757427037478,1.0009746563394168,0.9447750145036375,0.9984313202524411
60821.47140431237,1.0016442263185803,1.000335171660857,1.0010282817792635,1.0026253793892745,1.0008535842874746,1.0028054992277027,0.9477710483296609,0.9913684641243989
60821.47158201094,1.0007486055453614,1.0002177250265678,0.9999998211429166,1.000619526896015,0.9984983052297497,1.000561508426454,1.1974679157690187,0.9996004518899707
60821.471759709515,1.00021428577897,1.0001822499057205,1.000581792757715,1.001003766419761,0.9997074576085807,1.0010867125435652,0.9479109165171329,1.0027831717561762
60821.47193740809,0.9996513340494567,0.9993254541689035,1.0004480910638314,0.9999343790917323,1.0005009433227363,1.0008263964925117,1.1749649486251281,1.0085046542694958
60821.47211510667,1.000793757363014,1.000765294170486,1.0006128416955955,1.0012025766573043,1.0015012518069728,1.0015056010703618,1.2097704636301019,0.994031027939564
60821.47229280524,1.0013198276641708,1.0012863378645018,1.0016056846747177,1.002287624762215,1.0019274843447732,1.0032656313009498,0.7956802145264276,1.0145210807530731
60821.47247050382,1.0000713735134743,1.000022460962601,1.000766151878245,1.0005808963832086,1.0004034525517758,1.0001496099145146,0.8565235801321474,0.997472094876949
60821.47264820239,1.000351186838435,1.0004649399851862,0.9993099687293839,0.9990041081513455,0.9997952981745254,0.9992928840056607,1.3366212414687149,0.9870532808572591
60821.472825900964,1.0001209035372136,1.000204442260303,1.0002812463760997,1.00076904406799,1.000505062156267,1.0021072608249495,0.9337861006645662,0.9979211535660782
60821.47300359954,1.0009236013210627,1.0013768732762653,1.000729594201046,1.0014987609050572,1.001286437852964,1.0015638738295891,1.4135493893508022,1.0022455448314433
60821.47318129811,0.9997888117514494,0.9995510145330843,0.999933419069411,0.9996608587397283,0.9992436962478723,0.997576963738822,1.0296650447673654,1.0013570153325757
60821.473358996685,0.9996774115846466,0.9999837157522379,0.9998577292508506,1.0003352175437878,0.9999647296763882,0.999558876769673,1.0124752377518484,0.9922704146132116
60821.47353669527,0.9997721621985062,0.9994815540592915,0.9991582915604814,0.9993958992505781,0.999833510867302,0.9985549752913715,0.7013690300312095,0.9913399258550567
60821.47371439384,0.9998112731164223,0.9997207365318053,0.9997576176187248,1.0012941811878258,1.000234578889945,0.9999839987110737,0.7447327493063856,1.0095585176973192
60821.473892092414,1.0007639336514873,1.0017928832548189,1.0009494992366692,1.0009613628921823,1.0013832741238402,1.0025519086742967,1.2766631873446197,0.9966602118618628
60821.47406979099,1.001608713262327,1.001216421246775,1.0007478387090551,1.0009511169505294,1.0011428534349351,1.001317001388186,0.6396792606116288,1.0081219035827393
60821.47424748957,1.0003518130217564,1.0003719901845356,1.0006514333502292,1.0004689342551063,1.0007526931274098,1.0002852926105918,0.6972130054646516,0.9978885446035985
60821.47442518814,1.0006527890351753,1.0002455612328167,1.0013735381428757,1.0012296099413782,1.0006337163139305,1.0011692989143486,0.8161415651524652,1.0146626859123682
60821.474602886716,0.9996203333594516,1.0002399681645704,1.0001017409628266,1.0009920024430607,1.0008565746148959,0.9991281666967441,0.48094331705634047,0.9935539258262955
60821.47478058529,1.0001771214142186,0.9992093444081483,0.9988015751617132,0.9990018576083737,0.9988979802323329,0.9987184149763783,1.5358613917159085,0.9903437078256249
60821.47495828387,1.0002402076145234,0.9999015946090763,0.9999198526544855,1.0009711094772817,1.0010975849301196,1.0009395345199537,0.9156363771435835,0.9964379533968822
60821.475135982444,1.000594636297863,1.0006788767499841,1.0003130599398493,1.000997757059626,1.0011629392078905,1.002609249267932,1.0334904659485962,1.0057254726877116
60821.47531368102,1.000063305595247,1.0004244064729584,1.0001019938208273,1.0019672803237558,0.9996403772053399,0.9993053729223457,0.8189436421769615,0.9994061386580883
60821.47549137959,1.0001825569008422,1.000507891876427,0.9985539292486701,1.0000204523222576,1.0004821581851366,0.9995700557184182,1.5093342712082822,0.9957716010913474
60821.475669078165,1.000102552827272,0.9995517608679904,0.9999881007674517,1.000187106009117,1.0011525259461167,1.0021502529401294,1.3982362590686332,1.016885710299093
60821.47584677674,0.9993027213321883,0.9991503547501022,0.9987119209354556,0.9988563279681797,0.9986301497267889,0.9983882851355457,1.2882058059870116,0.9883760512119352
60821.47602447531,1.000973750450867,0.9995443776841856,1.0012926514211906,1.0007411226199063,1.000441172650056,1.0012263532505856,0.8572833817513941,1.001627272464674
60821.476202173886,0.9991514508271073,0.9988724676939614,0.9993789479078671,0.9992002712741422,0.9994121802953393,0.9996652010190192,1.2923134026122132,1.001107450305002
60821.47637987246,1.000712312452391,1.0006986561666344,1.0005125461967508,1.0017552170612511,1.0015092433626704,1.0018025992335509,0.7979813637974571,0.994086474046856
60821.47655757103,1.0008430876850454,1.0004460451068922,1.0007468433420075,1.0012535303255838,0.998876436193783,1.001191908525721,0.7620763469638004,1.0025968391658733
60821.47673526961,0.9994201433209061,0.9998197937641999,0.9989351480058499,0.9988289939461967,0.9984872462044736,0.9992221509693798,1.0861195783617672,0.9872764135257596
60821.47691296818,1.0013318045356276,1.0002621021182199,1.000304981797929,1.0005483741701295,1.0013269151792321,1.003023842289924,0.7920105013663569,1.003369897715108
60821.47709066676,1.0010120736393961,1.000900131768357,1.001116769975828,1.001908484102937,1.0011348914349072,1.0013794590759206,1.280502331676719,1.0032193807829144
60821.477268365335,0.9997352470762563,0.9997904764957779,1.0004915792289257,1.0001283058691666,0.9995328010732442,0.9996181297590634,0.8132439387280632,0.9896895536708052
60821.47744606391,0.9994249178533409,1.000089289041539,1.000299436747409,0.9998766532375811,1.00063136933351,1.0008456837214283,0.8620597056100805,0.9893050564592648
60821.47762376248,1.0003072206150512,1.0003587485891148,0.9997264488538811,1.0004919007374116,1.0006204277873743,1.0008967965959723,0.979168117941425,1.0022591276536095
60821.477801461064,1.0003407978878776,1.0012789668324442,1.0007696230090086,1.0011771282553568,1.000057893051167,1.0002569884819952,-0.016050310665395577,0.9970225215370968
60821.47797915964,0.9996462639646485,1.0004622573510196,1.0003717443426317,1.0013204208107294,1.0012294647452546,1.0016419104580647,1.1524385257674352,0.999320712828602
60821.47815685821,1.0005372202106106,1.00051429040599,1.0020956676931594,1.0016143887524545,1.0018245735472724,0.9966499431166463,1.6068531516008646,0.9991250876640205
60821.478334556785,1.0010138187984656,1.001228016552538,1.0012588125726876,1.0009381220706484,1.0018170333196645,0.9998970513139367,1.2253498431388588,0.9954672225410242
60821.47851225536,1.0017989891418948,1.0017266807187946,1.0012125417592108,1.002096865456711,1.0017907159475001,1.0053054124317908,0.6764188331425917,1.0022975942397805
60821.47868995393,0.999650026449445,0.9998958522738488,1.0001674825025728,0.9995928260125163,0.9990275309119804,0.9965449956533287,1.719884824917786,1.0034063834983178
60821.478867652506,1.0017039126665428,1.0024225659243853,1.0025820040766982,1.0030909885937722,1.002833133454039,1.0016196165540596,1.0237357752383551,1.0117589610306694
60821.47904535108,1.0002621361851862,1.0004772351952997,0.9999326066888103,1.0019728302581148,1.0013989436477202,1.0025583451362468,0.9504663731747098,1.0033581680370927
60821.47922304965,0.9991055700520651,0.9994408915934504,0.9998253959967887,1.0008105084088994,1.000728727568668,1.001295090356924,1.078309771933915,1.0024201116044087
60821.47940074823,1.0009329679158046,1.000983423106613,1.001264399436106,1.0005182055066388,1.0001795696542573,1.0021144675008171,0.4638622744522175,1.000728172464928
60821.4795784468,1.000112222205497,1.0009894425742187,0.9998122957956792,1.0017577967373517,0.9999614854304449,0.9992401442518806,1.696748037457452,0.9996263383528652
60821.479756145374,1.0009984677681838,1.0014206057812207,1.0021694276263946,1.0021826234559341,1.0033793055022613,1.0034161667598889,0.7631573129970821,0.9975093228129365
60821.479933843955,0.9990302014274599,0.9992434928121459,0.99991431805719,0.9993107721576355,0.9998353700862286,1.0002346240323499,1.273591765960109,0.9938045381831486
60821.48011154253,0.9994234197828252,0.9988279030663939,0.9991313006744167,0.9985335637246203,0.9989897827451083,0.9981643660273962,1.1258387334240108,1.003384085703615
60821.4802892411,1.0002080901027173,0.9993598972981069,1.0004074580594882,1.000859929031117,1.0006134450280288,1.0001661683445393,1.4848549783755365,0.999431001759101
60821.480466939676,1.001450687977753,1.001616271759684,1.0009485660387993,1.001707302346956,1.000974642266231,1.0020251898054628,1.3523348013914784,1.0049325829361944
60821.48064463826,0.9997983840481816,1.0002490012654202,1.0011686857506452,1.0003672305655114,1.0006964737822228,1.0002343410857575,1.3065214313697264,0.9977491011948452
60821.48082233683,1.0007562519052837,0.9992981103804602,0.9995534841882775,1.0006861579050546,1.0006435081630995,0.9996585129357971,1.0081514938783749,0.9986016009603107
60821.481000035405,1.0011126951449894,1.0014213038718778,1.0028569695471938,1.0024964890518426,1.0022477737477058,1.0033602402277924,1.6662609686906107,1.0086476139423117
60821.48117773398,1.0009189652566841,1.001059816061357,1.0026218448366524,1.00175901906281,1.0022728224566857,1.0029693898074712,1.3603073163073554,1.0118220979748
60821.48135543255,1.0006601692287227,1.0001665962792141,1.0002982765495148,1.0006546524478772,1.0000183841842678,0.9985985137590335,1.8597746308975622,1.0022952053636354
60821.481533131126,1.0003482426998511,1.0005599383527295,1.0014189922844283,1.0018086349021607,1.0015588914972724,1.003680302740429,0.6694111744115578,0.9996258979885273
60821.4817108297,1.0008567981765666,1.0011176937438724,1.0018744856035946,1.0019911361532048,1.0011339116365707,1.0018326189848816,1.436623853516121,1.0075544658160376
60821.48188852827,1.0005098496914817,1.0007295812744108,0.9998488440099591,0.9999214406325604,1.000994046957588,1.0018890012506103,1.2188336613334143,1.0017859890912622
60821.48206622685,1.0013059908590114,1.0013043868361122,1.0015006888559332,1.002575938431939,1.0031005258293082,1.0014943420603026,1.308891984011139,0.9995758741808536
60821.48224392542,0.9993630070929809,0.9995479813119496,1.0000181044929077,0.9984046174101546,0.9989579693195544,0.9971709219967634,0.9685821292719059,0.9909336889169172
60821.482421623994,0.9998945416513465,0.9999042241020212,0.9999050402151901,1.0008835086726902,0.9998209991529728,0.9997700297100581,0.797518634010419,0.9907012666439206
60821.48259932257,1.0002352464579194,1.0012106150695337,1.0010952711039227,1.000504541194672,1.0004636381191419,1.002328787146309,1.3407231830672106,1.0029922137279108
60821.48277702115,1.0010062915210718,0.9999987416593978,1.000103629915525,1.0005655622992407,1.001134211654502,1.0027157379231166,0.8022019909464512,1.002895360678096
60821.48295471972,0.9998792069295247,1.001178739949063,1.0000965084087046,1.000294269345147,1.0000500128404142,1.0006055996366858,0.4400049357521824,0.9916248436729815
60821.483132418296,1.0006576078773881,1.0016836461231269,1.0016268316580736,1.0021856622620269,1.0012800647954858,1.0023698632770974,1.3538539619841112,1.0095715569238417
60821.48331011687,0.9994030192840901,0.9994753630162736,0.9996183012228351,1.0000450482021113,0.9995889356550007,0.9999941976380282,1.157645143182706,0.9834358203334336
60821.48348781544,0.9995621821606735,0.9984535157230604,0.9994267615072578,0.998833008172442,0.9969437866704143,0.9979111883986669,1.135608606209742,0.9986587025957471
60821.483665514024,1.0009342353600799,1.0008791021727252,1.0002301198747552,1.001244295150216,1.0008211855109508,1.0026755272324408,0.8835187647611078,0.9994816518562155
60821.4838432126,0.9993432855492819,0.9993067348561476,0.9984668708331602,0.9970391995678654,0.9982012162840689,0.9991983909107307,0.719013641553227,0.9921314413921027
60821.48402091117,1.0009188137110894,1.000949415626606,1.0015027205226554,1.000753044692906,1.0013893765331723,1.0024962138291775,0.9365782768755336,0.9999618834298603
60821.484198609745,1.0007708287452777,1.0001345465000522,0.9995702490698561,0.99831409870099,0.9993575340925014,0.9998705693789902,1.4503189319424254,0.9990072476228483
60821.48437630832,1.0001287369828653,0.9998572945994013,0.9992631523676179,0.9987387920951438,0.9991758899648168,0.9988914036516129,0.8656339839839057,1.0005580693584049
60821.48455400689,1.0008624950601095,1.0003965486837558,1.0004590821343227,1.0014471519283556,1.0007176982849466,1.0019853616170906,1.0337300017233533,0.999122080152944
60821.48473170547,1.0007617412405958,1.0002436359970872,0.9992010881622444,1.0006809149200588,0.9992709084690584,1.0004594551402717,0.624811513367247,0.9972766351836175
60821.48490940403,0.9991255943792472,0.9994815585935255,0.999634491287096,0.9999477739448988,1.0011421587837523,0.9994411840452904,0.5413674400078026,1.011177452770087
60821.48508710261,0.9993146929726294,0.9986573338914041,0.9986133879603091,0.9982355990078787,0.9996691404485938,0.9994358567034206,0.9267385620257543,0.9992141344946802
60821.48526480118,1.000468001875506,0.9996708826296654,1.0000879585512712,0.9995527645729135,0.999406796144549,1.001725894081679,0.8934012417981514,0.9957069432422317
60821.485442499754,1.0009562576274609,1.0005140406603845,1.0012588202750636,1.0005961006182047,1.0007356532614058,1.0005616226839973,0.809695756134422,1.0044418025703612
60821.48562019833,1.0003266161434043,1.0008956410630656,1.001005663311989,1.0009665660942924,1.0013329679573448,0.999949648101085,1.0341000626961734,0.9955645863097373
60821.48579789691,0.9999414232427288,1.0004569405083046,0.9995795409962007,0.9990946775873863,0.9998731976258742,0.9998569077654846,0.798098614136505,0.999610097993826
60821.48597559548,1.000919821758539,1.0014931524360005,1.001965048160051,1.0022914234362093,1.0025358088065388,1.0022334072183643,0.7043062698725148,1.0138100492859499
60821.486153294056,0.9990258562998531,0.9995352250609293,0.9995283749926707,1.0000826397752507,0.9990928210595242,1.0005244887278477,0.9225069172857927,0.9930155843552119
60821.48633099263,0.999710735153223,1.0005944950191508,1.0013209841711894,0.999924835783867,0.9995707828972039,0.9984685049744636,1.2831232683040625,1.0001271251282533
60821.48650869121,1.0007984325061547,1.0022375840520332,1.0021867115380823,1.0028366986082968,1.0025993930900465,1.001195761516965,0.8847170229137867,1.0071897789764759
60821.486686389784,0.9998929963478381,1.000034644811929,0.9997433118857366,1.0002997289176363,1.0000141742672264,0.9994021671665069,1.06415947910201,1.0020147853855632
60821.48686408836,1.0000864049902527,1.0001187495917534,1.0006859189782487,1.0000161327734582,1.0001388467742796,1.0000618634323037,1.1676785122087814,0.9942858829650462
60821.48704178693,1.000858270861272,1.0004851492472138,1.0003627638123453,0.9997347494598513,1.0,0.9991838611714232,1.156964216087295,0.9978278050266811
60821.487219485505,0.999164846226874,0.9988282001494015,0.999041629062796,0.9983340188347222,0.9983019377313885,0.9985862907024023,0.7313843963987521,0.9879227302996243
60821.48739718407,1.0015168141673072,1.0006641620726417,1.0008550632653537,1.0011444668761245,1.001186362726801,0.9991574525835681,1.397917324821879,1.0107002695733962
60821.487574882645,1.0005560410965302,1.0010613988717398,1.0007913187316377,1.0009673484417425,1.001365039390884,1.0007211554556086,0.7123748987876093,0.9958885479391242
60821.48775258122,0.999817504640516,1.0001458559677077,1.00117570998746,1.0013361103525604,1.0015506276204664,1.0014421665095756,0.7014586116163912,0.9931782637798188
60821.48793027979,1.0015694257207126,1.0009655663865213,1.0005564565620841,1.0017963313423468,1.0022225885993445,1.003297826298266,1.088362016079578,0.992155893701117
60821.488107978366,0.9998252936225365,0.9996155374074887,1.0009377033779194,0.999542851831413,0.9999694424115854,1.0023079121658658,0.6847711246562437,0.9974044568722161
60821.48828567694,1.0004112215104854,1.0005514925258594,1.000273636098505,1.0004256431550849,1.0014052131674114,1.0025791409814755,1.8291392966576872,1.0084063346073358
60821.488463375514,1.0006815670051696,1.000585262049269,1.001740445995472,1.0008362494886547,1.0004782718933856,1.0012547201687378,0.8665042477646765,0.9984893812112141
60821.488641074095,1.0005160007502494,1.0009514892224705,0.999923634521104,1.0003461886727225,1.0014328296878539,1.0028314410150343,1.249786155284407,1.0089069028318436
60821.48881877267,1.000725914631122,1.001144932156719,1.0025112573129562,1.0019191177428581,1.0022038335750687,1.00272086295852,0.7174825713027141,1.0024985145680188
60821.48899647124,1.0002870213565582,1.0002318176070142,1.00093742488201,1.0019883426995542,1.0002633034691781,0.9973308850805721,1.272806730139228,0.9927731467214853
60821.489174169816,0.9991451360683264,1.0,1.000626535419793,1.0008199269700588,1.0007312381276385,0.9999420569317996,0.9610790459368956,0.9803586479938987
60821.48935186839,1.0010668291398734,1.0014413636855548,1.0005575440275423,1.000884712215894,1.0005626488694226,1.0020459684252385,1.0611115179480965,1.0081588225358844
60821.48952956696,0.9997405976358051,0.999807331512908,0.9996635652257344,1.0004033915815838,1.000672481641967,1.0012608724570136,1.5643105392673917,0.9997780707625747
60821.48970726554,0.9996438381581554,1.0005498787013165,1.0006449383766798,1.0007680241324153,1.0001522743426035,1.0007683901026931,0.5232838886553424,0.9950935037987789
60821.48988496411,0.999359909408708,0.9996787230456202,0.9979560118449642,0.9974241270101679,0.9976513304451113,0.9943157302530891,0.5141570301212456,0.9885316555485081
60821.490062662684,1.0000244899219977,1.000583225090015,0.9998711415082221,1.0004280992676138,1.0009228125886054,1.0018233960280318,0.6837131276521579,0.9972240369093189
60821.49024036126,1.0004014772056566,1.000799373291389,0.9998897353740002,1.0015797711348677,1.0019117992065776,1.001159367491275,1.5010771508129974,0.9908937598593646
60821.49041805983,1.000560235601662,1.0001671748474645,1.0000016030325884,1.000717898584088,1.001946253682172,1.000760281266862,0.8690361295779959,0.9849104354057835
60821.490595758405,1.0009025178671034,1.0002603453746233,0.9999445760710882,1.000073707999844,0.9999906001816963,0.9999799174362686,1.1413904362745113,1.0008154577964086
60821.49077345698,1.0000665954424115,0.9995209514738642,0.9994826524783312,0.9980922763565313,0.998942971768922,0.9969142140993618,1.6231116593916253,1.0039024429240584
60821.490951155545,1.0007748177022728,0.9997884763545035,1.0000059599365927,0.999800253237839,1.0000225076649163,1.0010006672369345,0.4851363505431769,1.0021181744660974
60821.49112885412,0.9986490074842503,0.9982047511446517,0.9992738690134556,0.9980861307880784,0.998561445248787,0.9938326412811045,1.0985387498566626,0.9931674758364998
60821.49130655269,0.9996418886817762,0.9997569151843906,0.9994165685129546,0.9990743456490276,0.9995057498282219,0.997559003263401,0.6624172286686051,1.0000581303094636
60821.49148425127,1.0009354804956128,1.000499729711232,1.0000129757007938,1.0005746855205404,0.9994603316862104,1.001091989806597,0.9675392432037967,1.0013924089469766
60821.49166194985,1.0011091645172605,1.0023102600231648,1.0011447903394628,1.0016546528777246,1.0007437505855066,0.9991325815989442,0.9893806275538916,0.9919322828976672
60821.49183964842,1.0002214624244747,1.000646204873926,1.0005974922906582,1.0014042907497025,1.0014773522373053,1.0030009413044527,0.8968909144005283,1.0031045623069998
60821.492017346995,1.0016181969395033,1.0012402685967448,1.0006939367115344,1.0023753413660605,1.0025512100987737,1.0039221448632694,1.3307367830578705,1.0044225562897067
60821.492195045575,1.0001018903345493,1.000346291416165,1.001140248028265,1.0015819636303207,1.0013260086194733,0.9995561673725685,1.189013266916961,0.9979410268890759
60821.49237274414,1.0004126341923665,0.9996364931857917,1.0004874228067655,1.0011196690500623,1.000250907932796,1.0024434734271275,0.696992819637503,1.004856250663745
60821.492550442716,0.9999411833852846,1.0005639513311333,1.0004259575161434,0.9992339469690618,1.0000498262121598,1.0008640736060996,1.4160276381817112,1.003655199095056
60821.49272814129,1.0003070364525364,1.0007977928388077,1.0006855044803857,1.0007579887886395,1.0003339768380883,1.0033874889963927,0.46074579747803895,1.0006579396233732
60821.49290583986,1.0015617408974413,1.000909993183062,1.0010159695312195,1.0014364436770378,1.0001240464473307,1.003257696803376,0.4886821042305795,1.0005117245672288
60821.49308353844,1.0003051583641327,1.0004718039085203,0.99999578509789,1.0011310077639852,1.00117561096896,1.0007512095189308,1.4420658416570267,0.9972545118531677
60821.49326123701,1.0000119441006832,1.0005169645157967,0.9993677561354638,1.0011127436483198,1.000292543134958,1.0005387836314392,0.9391606005559541,0.9970015644945296
60821.493438935584,0.9995995349958348,0.9987076704174043,0.9981608749104872,0.9989303625130467,0.9969588911047581,0.9964996677527912,0.5953586708442732,0.9854861528627762
60821.49361663415,0.999982753957441,0.9996484245689742,0.9992240472946063,1.000369297500854,0.9995704209796625,1.0013987955270331,0.9332808373529853,0.9919382469734142
60821.493794332724,0.9996907122107215,1.000400923494028,0.9998775286485073,1.0011651138239481,0.9996033348427333,1.0017163400905131,0.6002849466341376,1.0014638960405287
60821.4939720313,1.0000181330073863,0.9992973939714982,1.0001446248215062,0.9999592036122585,1.0005773255830357,1.0006445656494467,0.7332619544716256,1.0003036318383023
60821.49414972987,1.0006634176893237,1.0015997725892334,1.0015122403292958,1.0012559368204246,1.0012975565472337,1.001585533031207,1.4560441948021616,1.0008432033430181
60821.49432742845,1.0010227124478688,1.0005715929662724,0.999665997305975,1.0004657943649906,1.0005280449425165,1.0018317447468221,1.3975090935479964,1.0051465342508548
60821.494505127026,1.0003012044857118,0.9995942346696047,0.9993747572651506,0.9996619737697096,0.9999155133519807,1.0000315507788098,0.9403168017059089,1.002054158215441
60821.4946828256,1.000222843258703,0.999296443596065,1.0002032189964556,0.999852668964132,1.0001645600211182,1.0014662974711301,1.0724890996949024,1.0135191085822233
60821.494860524166,1.000571993385883,1.0011838449523685,1.0011189923313732,1.0016916465244483,1.0014572588430766,1.0008800661892447,1.6052410884498984,0.9973885564068519
60821.49503822274,0.9995923297335984,0.9987593735615131,0.9987330419508009,0.9989098019340151,0.9977259243085609,0.9950348939698005,1.2381074523991293,0.993182998010159
60821.49521592132,0.9999652571338465,1.0000652019212788,0.9993302319201104,0.9998965463810658,0.9997522309165134,1.0000584126229808,1.474593112620445,1.0039574393184723
60821.495393619894,1.0005715935209072,1.0005579131824838,1.0005017073032028,1.0006913421030725,1.0017679253660463,1.0013879990342864,0.8893890076904837,0.9982547356588055
60821.49557131847,1.0022667219278114,1.0022577459766584,1.0033510769679184,1.0042106168257068,1.0031345970106191,1.005412748815433,0.7448528678099366,1.0181200325479507
60821.49574901704,1.0001329394883742,0.9995546625963408,1.0004847774807433,1.0010691004919454,1.0010587283326877,0.9972949951309156,0.5952076845671561,0.9934469997768779
60821.49592671561,1.0006460314863208,0.9993821148630301,0.999933727604587,0.9990415144900463,0.9993925201983828,0.9997388076498707,1.08075446098174,1.002839268810467
60821.49610441418,0.999659199188908,1.0007644602341803,1.0010095800802217,1.0018127362366573,1.0010436895156485,1.0003348582041636,1.514670629028573,1.0009428150277875
60821.496282112756,1.0006767478552503,1.0001401089168769,0.9995332777750658,1.0001942944363682,1.0007984322923253,1.0005550612912057,0.990291293496804,1.005358588753016
60821.49645981133,0.9997751998799547,1.000405466252325,0.9996784918802624,0.9997079539117937,0.9997683023231485,0.999480571340777,1.8155399449154725,1.0033306178268675
60821.4966375099,1.000458365421908,1.0003181570386923,0.9997910847725687,1.000576303382531,1.0006616947519147,0.9993624950953811,1.4797636081009558,1.0041020121268363
60821.49681520848,0.9993818562879251,0.9999429431951967,0.9991966838336107,0.9997043948964086,1.000409550871644,0.9994407712132236,1.4471735119137343,0.9977273232375278
60821.49699290704,1.0006132979455178,1.0002377229932942,1.0005851415307343,1.0011825013111622,1.0004808789265232,1.0010777735057126,0.9829154697174385,0.9928948488599598
60821.497170605624,1.0009513310878708,1.0022024734835941,1.0022463195657818,1.0030562774346423,1.002513782583036,1.0029977312115785,0.13626631600075012,1.0013940596858242
60821.4973483042,1.0014954673163339,1.0015419362589315,1.002547984442427,1.0018030076204072,1.002245249805036,1.0060406574288405,1.0501534560738106,1.0139656813962616
60821.49752600277,0.999288700364514,0.9994211268677181,1.0003025054840435,0.9988918103828771,0.9996812015783724,1.0004553983839544,1.0441346038304198,0.9988933806484491
60821.497703701345,0.9993663969448526,1.0001393105289653,0.9999960786684498,0.9994441285306626,0.9984789983137531,0.9988401786032501,0.9429301749608736,0.9964454840537027
60821.49788139991,0.999564063326145,1.0004373529804347,1.0002198762648382,0.9992707942029355,1.0010015719426493,1.0000180458382106,1.353881272782014,0.9961051742328999
60821.49805909849,1.0003594701514162,1.0009223081624359,1.000975221431372,1.0008899640743958,1.001676877359332,1.0035336646329076,0.9967467018323438,1.0003345703191564
60821.498236797066,0.9991615723804629,0.9993762198148035,0.9995870043784817,0.9993760926977234,0.9988398754584749,0.9991361556952819,0.38756983547127116,0.9906049129358101
60821.49841449564,1.00086967693663,1.0013521121874729,1.0012484554077417,1.0001115096532394,1.002124585901877,1.0023673287507573,0.6497450094082265,1.0067119430969276
60821.49859219421,0.9985350481200604,1.0018402455047255,1.0026017830080418,1.0038986262755725,0.9989558742129238,0.9898094551497412,,1.0040090464802154
60821.49876989278,0.9993337411000145,0.9989086147882785,1.0000392102135351,1.0002655756801995,0.9999224137643971,1.0024320787666239,0.8270416020262957,0.9997027838534926
60821.49894759135,1.0010490739964273,1.0007828663220555,1.0009097878766322,1.000151171711124,1.0016473806149901,1.0004159082219504,0.6705054412754231,1.0063747449805491
60821.49912528993,1.0005493323192023,1.0010586326262993,1.001179650743092,1.0006501821234208,1.0012265891087029,1.0015606233124652,1.388485962070235,1.0176833921498771
60821.4993029885,1.0002899648797285,1.000297835146294,1.0001057324441065,1.0013907695230204,1.0024107879515283,1.0020858682011131,1.0375129514859656,1.005830533839333
60821.499480687075,1.0002493214281356,0.9996792091154982,0.9997732478302841,0.9989742462893264,1.0002310353696093,1.0027731557766144,0.33794412942193497,0.9909915051405326
60821.49965838564,1.0013608005158843,1.0003777648035088,1.0012611773121551,1.0026047277089143,1.0020305001671388,1.001935802853504,1.024756096530375,1.0026232853699877
60821.499836084215,1.000539819409881,1.0005291804675012,1.0013284518447945,1.000422433238217,0.999487628670827,1.0008778226665638,1.711151990080494,0.9990550400783221
60821.50001378279,1.0009045013450832,1.0009030850056049,1.0002626058559299,1.000110263073531,0.9998573751188736,1.0011645095900643,1.1057307276789736,1.0022335201411112
60821.50019148137,1.0004986277786387,1.000160695789907,1.0010358614124053,1.0000655015596112,1.0012535297523193,1.0011830886537392,0.9902814976987472,1.0097794263335056
60821.50036917994,0.9995295787798434,1.000553469995964,0.9997245328328327,0.9997482092375036,0.9987296701729601,0.9989529552666129,1.357628352421159,0.9995082838181211
60821.50054687851,1.0002899925733395,1.0004547617182131,1.0004953991672882,1.0009948981638686,1.0024156709571252,1.0025665488278335,0.5720002375029706,1.0061622148531137
60821.50072457708,1.0006729109054102,1.0007761246416684,1.0007222048716087,1.0006452368445529,1.0015172557374559,0.9990985852220676,1.2452670380297333,1.0028658483619897
60821.500902275664,0.9999027386525728,0.9999704476768906,1.0012953180937976,1.0004626456753143,0.9992664710291251,0.9996881218461755,1.4804351605893964,0.9979456393374283
60821.50107997424,1.0,1.0005373754605498,1.000115926648783,0.9987675052818049,1.0008095541466353,0.9985755426446669,1.1439000203672158,0.984648330158768
60821.501257672804,1.0016672987892419,1.0017600552197437,1.0022523277491675,1.001966751684633,1.0032925934424257,1.0030215952249122,0.3665312458488057,1.0037905179363111
60821.50143537138,1.0000709053375905,1.0006419049691986,1.0003928315775563,1.0011617835231816,1.0011508509389433,0.9999200768135046,0.8861302285412005,1.0018999583349248
60821.50161306995,0.9998236058507836,1.0002154600860316,1.0004379490152437,1.0000716303423483,1.0001703711491008,1.0029331280288096,1.342902273306855,1.0039045480814246
60821.501790768525,1.0001051721813372,1.0006246304447446,1.0006047630035053,1.0007118938085982,0.9997771329624526,0.9995675373525168,1.4243203735015741,1.0006437846370948
60821.5019684671,1.0002411270424172,1.0000890935253717,1.0008382987138769,1.001192511661229,1.0006425075456749,1.0026541646605378,0.36066368758915673,1.0114577741179247
60821.502146165665,1.0012063357065977,1.0014373180606668,1.001032112170851,0.9988090358042802,1.00101970555432,0.9997961479193712,1.33313206740753,0.9985532464630809
60821.50232386424,1.0005966925484993,1.0005547248905484,1.0012484434140416,1.001349149526026,1.0011498348930874,1.0009937665906927,1.4283677589977852,1.0205776055717939
60821.50250156281,1.0011748565325314,1.0001969127114267,1.0005368634780705,1.0019159850254933,0.9990826910860572,1.0004151805160062,0.6315350499158837,0.9973008690672355
60821.502679261386,1.0000177642207964,0.9998042333615434,0.9996277933009219,0.9990468905036869,1.0006171694141925,0.9981765858426784,1.1823132335084692,0.9982807563474939
60821.50285695995,1.0000719529253632,1.0010668961769653,1.001031362179496,1.0010186762022477,1.0005235032212578,1.0000087280719103,1.3448063483509989,1.0059553471802969
60821.50303465853,0.999622330684237,0.9990045978100637,0.999627689208812,0.9990695064085573,0.9989616425874214,0.9995442618755037,1.2694112366542274,0.9997512777213506
60821.50321235711,0.9995619526114069,0.9990614679857982,0.9988740897307826,0.9983874254358575,0.99813932615386,0.9980128578860064,1.2409214481150943,0.9903628722908687
60821.50339005568,1.0000344636222398,0.9992687523039328,1.0003857095205664,1.0003445504016681,1.0002803833003957,1.0000972249958113,0.8793756458056154,1.002868966800709
60821.50356775425,1.0016579009622608,1.002070602181565,1.0019579395272018,1.0035186708066017,1.0031308220638124,1.0049490646175618,0.5082978973771243,1.0149791418143748
60821.50374545283,1.0006594956585553,0.9996134288073385,0.9987022411394623,0.998820726870339,0.998716135720925,0.9978561161240302,1.3999231847007267,0.9894144925603107
60821.5039231514,1.000334298043461,0.9986086400276746,0.9985241260050581,0.9981887347688082,0.9990132579399699,0.9996559561830655,0.9118959010579871,1.003139639200393
60821.504100849976,1.000224072547336,0.9998867094445377,0.9988875593158385,0.9982588047051177,0.9984813112772707,1.0003527591313777,0.8186072742326627,0.9898005466906752
60821.50427854854,0.9995299331042141,1.0000087450863102,1.0001172797361793,1.0006018317939247,0.9993641553060748,1.000771314262304,0.9233727337177858,0.989637547428881
60821.504456247116,1.0002523458781922,1.0006856683069447,1.0002027774302427,0.9998486917108286,0.9995996190072665,0.9980988484138437,1.4094515986864453,1.0029513404469006
60821.50463394569,1.000273670420423,0.9999765697995529,1.0004059165939818,1.0005523682830948,1.0015855748764424,1.000815537372277,0.7747470406768387,0.9968712349711822
60821.50481164426,1.000891373188665,1.000550627212655,1.0012286524889986,1.0015698836089135,1.002243980770082,1.00384545274625,1.1113803319725528,0.9941052727687707
60821.50498934283,1.000210179893394,0.9999920453213499,1.0002942685631435,1.0002523911291266,0.9995590985557443,0.9994356082540399,0.9015389229028573,0.9936217236973371
60821.5051670414,1.0017131363314797,1.0015178979270283,1.0023451280659212,1.0039976078692951,1.003950998406642,1.004740789647568,0.8755738005978407,1.0066982244595066
60821.50534473998,0.9998179797398025,0.9999163909026296,1.0007452008653415,1.0006492829414744,1.0009137046093053,1.000358810428488,0.6275037521124586,0.9872210569093017
60821.50552243855,1.000485216070412,1.0007767837379136,1.001686896546704,1.0020679356086108,1.0021618433330999,1.004563608681334,0.5203007773783639,1.0032577827449498
60821.50570013712,0.9999747611196711,0.9993264400927308,0.9992448267645928,1.0007976825693086,1.0006128676701018,0.9985835969332293,0.4793639154109534,0.9985222050437169
60821.5058778357,0.999093817191153,0.9996998592864341,0.9997184600595224,0.9994820487932554,0.9973492661091301,0.9962848996898545,0.7925802396609296,0.9961734683922079
60821.50605553427,1.0014295535983198,1.0008796760253724,1.0015101473736674,1.001649861997862,1.0014458523992669,1.0028487713491083,1.181386863800303,1.0046651661708061
60821.506233232845,1.0002991374653378,1.0003663013532686,1.0004218869204586,1.0004291405735488,1.000093113557675,1.0022814765590538,0.758179921773138,1.0054162738042756
60821.50641093141,1.000441911878191,1.0004828541993642,1.0005022995058834,1.0004036722801584,0.9999713099953241,0.9989014752861719,0.5557299228114049,1.0030692949710887
60821.50658862999,0.9994572555293564,0.9998582620235542,0.9991683844789135,0.9989075962761946,0.9989585005780719,0.9993691618783116,1.4761682938859777,0.997424827571006
60821.506766328566,0.9998735689718322,1.0002439990985406,1.0013192429940767,1.0016037589577191,1.0017624036605663,1.000270191328892,2.2346537880985604,0.9985444861909074
60821.50694402713,1.000733972856585,1.0008946808936867,1.0014109326282106,1.0011840498119136,1.0020542367159104,1.002747077621111,1.5290468767633931,0.9971207644450244
60821.50712172571,0.9996382655881563,0.9991052472840477,0.9989779563812448,0.9991854819495001,0.9989919791589091,0.9985233587358903,1.0800051710724776,0.9959055217507338
60821.50729942428,1.0000090373484747,1.0003671140693595,1.0003370376564207,1.0004621844008916,1.000725740958941,1.0022311000726378,0.42738383305508243,1.0137510512144656
60821.507477122854,0.999660176157972,0.9999942549442322,0.9984872115978163,0.9988986914170896,0.9991535429042949,1.0009642540641341,0.6365247595676093,0.9855670170439184
60821.50765482142,1.0002477959717155,1.0010000784360804,1.002497071186864,1.0023453744269408,1.0018836415757275,1.002087659393578,0.7473330887862412,1.003404365761303
60821.507832519994,1.0002745289223718,1.0016803232551283,1.000842179721078,1.002210724074894,1.0019227405668287,1.0016076181692009,1.266567779016983,1.006264750476776
60821.50801021857,1.0001714016065195,1.0000680466996512,0.9999726674066164,1.0000869212419201,1.0007039074978885,0.9990432264816602,1.7764311126755206,1.015783955952873
60821.508187917134,1.0009895901195343,1.0009580865328491,1.0002729561987715,1.0002079762735094,1.001102526489402,0.9998626593535992,1.0980420808758031,1.003233732987834
60821.50836561571,1.000689317062281,0.9994953089299943,1.0002960061091362,0.9978425359654995,0.9999277618535526,1.0014130927921785,0.7020872748827225,0.9999461839476496
60821.50854331428,1.00019393851351,1.0004306252654878,1.0009534963296802,1.001266195628661,1.0001600865195501,0.9962407926433189,1.585241839211865,0.9969121845881459
60821.50872101286,1.0010614522713936,1.001815339320447,1.0021344701728279,1.0031353546451058,1.0025489869175737,1.0043344262479523,0.9874413158667086,0.9933475004419008
60821.50889871143,1.000462635315204,1.0007446458132436,1.001891216374651,1.0019364343159696,1.0023695706182072,1.0009083241286219,1.5550475106713137,1.0067230016041442
60821.50907641,1.0008489551920043,1.0005799274323572,1.001120795457596,1.0017918223441933,1.0012220343755138,1.0007949538585428,1.027704751440563,1.0117847114691694
60821.509254108576,1.0001825082831692,1.0008426598090943,1.0002782664368572,1.0014469773421242,1.0008698198303134,1.0021325333200721,1.4305981261469125,0.9955983331589424
60821.50943180714,0.9999976803523501,1.0003197558095787,1.000963213757282,1.0025042937440891,1.0012464425257637,1.0020543505299209,0.7236327945139368,0.9895541231071765
60821.50960950572,1.000692423977758,0.999619372099814,0.9999134641937928,0.9998896125494923,0.9990508921595112,0.9990541798325333,0.4067270108075646,1.0070007702777037
60821.5097872043,1.0011376087792396,1.0012527370145945,1.002089054983291,1.0021336752739678,1.0028003978544107,1.0031008759293383,1.2202860332150764,1.0047845439736152
60821.50996490286,1.0014941629472436,1.0017618170416822,1.0037207203743697,1.0034074150835268,1.0029921124724528,1.0050192325246903,0.5778980193283709,1.0207473515097114
60821.51014260144,1.0019796745700291,1.002976342253194,1.0024985279262344,1.0041121413176126,1.0050182417463867,1.0054433984534332,0.8637494350423555,1.0176105996069538
60821.51032030001,1.001100646731704,1.0009245917840162,1.0012999635068,1.0008627145725577,1.0025521538354751,1.0002887927115685,0.43995422908800424,0.9958081619975009
60821.51049799858,1.0004228886750561,1.000005318475039,1.0003920987514965,1.0014795494686746,1.0007712533445032,1.0022463783088262,1.0273402867761197,1.0039515114238757
60821.51067569715,1.000379947422996,1.0007207750666272,1.0014255617509569,1.0008919859766952,1.0000143605237117,1.0048057658401188,0.5034760814935019,0.99338935149236
60821.510853395725,0.999369549247081,0.9996493633367685,1.0000301009435357,1.0002886662436976,0.9990034592130661,0.9996745016987811,0.6138997497657138,0.994626155266205
60821.51103109429,1.000577163629252,1.001131798113327,1.0019408738128235,1.0021872840431492,1.0034353581088584,1.0056886357733135,1.1978097987193936,1.0103745968474738
60821.511208792865,0.9991696633766993,0.998689596779561,0.9987030298627652,0.9981827254826192,0.9974901732295988,0.9991427161156688,1.3045487744471977,0.9989583723261914
60821.51138649144,1.0001537284669337,1.0002912414633023,0.999253946047681,0.9996835363154657,0.9986196463109279,0.9987744043443351,0.9507505292330656,0.9911405656245649
60821.51156419001,1.000604653077056,1.0011110940756922,1.0018937439643538,1.001275905166873,1.0012720260250705,1.001467399599158,1.1174881549046702,1.007178266134396
60821.511741888586,1.0011116012473447,1.0001832900589855,1.0009634095076663,1.000407368391212,1.0010794825470808,1.0023606156628448,0.5553226942658995,0.9914053758831423
60821.51191958716,0.9995982340115191,0.9994309180924821,0.9997433301513712,0.9991863017875132,0.999627316015791,1.0003744961948227,0.8711728545436921,1.0003269013792335
60821.51209728573,1.0005201969477688,1.001168036980539,1.001813179201986,1.0014691601459533,1.0016461721784533,1.0022923865221585,0.6245592526532043,1.0019890573668284
60821.5122749843,1.0003155853164791,1.0001594367238273,1.0017443549512945,1.0024776551091967,1.0013714094742063,1.0028901814545796,0.7704211891541346,1.003383511197139
60821.51245268288,1.001138966073898,1.001172692913315,1.0008827172159587,1.0006445479647001,1.0016461158553844,1.0038828258676313,0.7633731220503669,1.004742163716317
60821.512630381454,1.0002589301881226,1.0006057609581607,1.0001556975371833,1.0005515579841004,1.000549996626248,1.0005198085212534,0.7088843516208987,0.9887234783042285
60821.51280808002,1.0013308929542568,1.001852565018333,1.0020811017298963,1.0030541369970916,1.0018706915452384,1.0038753970204601,0.8671285585349143,0.9994173334406674
60821.512985778594,1.0000841695004106,1.00044755029119,0.9999469294770597,1.000788375296704,1.0024755959141196,1.0024396764186065,0.6700745435975755,1.001380363049889
60821.51316347716,1.001258904027199,1.0000635420289192,1.000531618600147,1.0017138132820202,1.0035910711328175,1.0033445625416773,0.9744798297950052,1.0096680476183888
60821.513341175734,1.0019247495231096,1.002712933550123,1.0023593651377292,1.001604150353282,1.0027564794302855,1.004145076772356,0.7136188172158189,1.0157107791786797
60821.51351887431,1.0006264264096425,1.0010686086664387,1.0013809980040707,1.0025377947048855,1.0020139673946393,1.0012849685740695,0.5344228741206457,1.0094510554558
60821.513696572874,0.9996388670010808,0.9996820442812946,0.9993899046477682,0.9989057222656627,0.9977650355680532,0.9973725876251568,0.19263685867235392,1.0056323790058288
60821.51387427145,1.0005361350826094,1.0001194676330398,1.0010065279587126,1.001348806638963,1.0007696595689508,0.9995171952243975,0.779244682832095,0.9974619555382656
60821.51405197002,1.0013687985846698,1.0017230215920074,1.0020229444997344,1.001555537146169,1.0015999415343497,1.0017507175110865,0.9527835903775491,1.011032941197797
60821.51422966859,1.0010384482654935,1.0015517991245915,1.0020442558738007,1.0023183176280759,1.0029529829962585,1.0015682777575086,0.9060784018671061,0.9947204865944016
60821.51440736716,1.000167300951959,1.0009788112465907,1.000718189843065,1.00097704422602,1.0014641586978388,0.9996118062118118,0.9729339150993908,1.001417757628308
60821.51458506574,0.9998221003953047,1.0010698120521258,1.0002382567748007,1.0019775099973138,1.0001917224252004,1.0015420076215495,0.978526931862362,1.0117433953559738
60821.51476276431,1.0001131348638415,0.9993829061775368,1.0005829551562884,1.0001150387944875,1.0006932029547653,1.0022763558763186,1.114502375331345,0.9876968142758685
60821.51494046288,0.9995431984978613,0.9993408885198565,0.9983196052551316,0.9982304242749336,0.9982945566210971,0.9973146538415499,0.8740922039266094,1.007519002056216
60821.51511816146,0.9991736626418721,1.0000190455962301,0.9997697377475045,0.999917993793081,0.9998836244572323,0.999513924865589,0.856692681013579,0.9997133543125436
60821.51529586003,1.0018433090742354,1.0018773908559861,1.0018068428973823,1.0028933192672695,1.0007482406308144,1.0035804383602014,0.8663672742778752,1.0063834999405767
60821.515473558604,1.0005032589197085,1.0010038670605894,1.0005306583339266,1.0000948619206467,1.0002556385129258,1.0014244400132282,1.6005359780669883,1.0052403254969533
60821.51565125718,1.0004373010457694,1.000094781087053,1.0010239198136979,1.0005430743946953,0.9997616965380064,0.99909190452449,1.152203234650303,0.9976205475176534
60821.515828955744,1.000354071281901,0.999665945574385,0.9995666883714629,1.0006017172517507,1.0002772593218634,1.002110716125856,0.5756603101297951,1.0056081556001046
60821.51600665432,0.9998977156469038,0.999415382718797,0.9993221513574434,0.9999467246528083,1.0000868689465356,1.0011737846400188,1.1681908962468806,0.9912506153830195
60821.516184352884,1.0002542024271204,1.0002524179013768,1.0002133921846492,1.0009309359357192,1.0000192927887581,0.998761739862311,1.5618141645401817,0.9966082739667592
60821.51636205146,0.9998966082101601,0.9995368615566419,0.9993392717586916,0.9989365761856582,1.0001906461526966,0.9989442176091267,1.4969588245424776,0.9931923961999346
60821.51653975003,0.9998316723843302,0.9997229546790475,1.0004295017094451,0.999987791830376,0.9996765942398087,1.0003298030198253,1.4298327711288366,1.0034634810346181
60821.5167174486,1.0000435425111311,1.0004870568901159,1.0010409467961288,1.0000427254140107,1.001334504852174,1.0026709501701938,1.0700090678593674,1.0086926299023091
60821.51689514717,1.0007751735651775,1.000155699064108,1.00054925010906,1.0000377187600595,1.0003906261346227,0.9993723322415116,1.0378219916943825,1.0080422037863095
60821.51707284574,0.9993812137961439,0.999416902231274,0.9999283364915532,0.9991436852218433,0.9995968277623754,0.9996364669255127,1.110018104016987,0.99947433301598
60821.51725054431,1.0001778157545944,0.999705447639077,0.9998812830066401,0.9998452237228265,0.9990389325227875,1.0006095735070855,1.1833676453069262,0.9955491596292186
60821.51742824289,1.0007990639204916,1.0011343565094837,1.0005036100101437,1.0012721790337908,1.0009178660104356,1.0042492904406246,1.2762282889160497,1.002950442485122
60821.51760594146,1.0004852873045345,0.9994669191844663,1.0002030169741365,0.9996855267907645,0.9997626220580059,1.0012387746777593,0.73743252424565,1.0038329359642209
60821.51778364003,1.0006967311035757,1.0009440481818408,1.0001826962356581,0.9991499493994935,0.9991179441223905,0.9976172772960152,1.473636423929244,0.9911689832203591
60821.517961338606,1.0006148075550383,1.0010315197210484,1.0009827396105568,0.9999022558906422,1.0009226177814234,0.9999091476801372,1.262907200509175,0.9980147790899592
60821.51813903718,1.0007500393051576,1.0007638560928505,0.9997423522797204,0.9999708395886341,1.0005804839502401,1.0014914692760692,0.7204262317673913,1.0003243832129887
60821.51831673575,1.0000248365536988,1.0000164839354249,0.9994985279555493,1.000824747945896,1.001050382108953,1.0017908241081628,0.9602016540898154,1.008559926979147
60821.51849443432,0.9988337421799114,0.999075377201824,0.9988762827072651,0.9991044876920002,0.9994374756733369,0.999375193287432,1.272565051145484,0.9980388604271544
60821.518672132894,0.9997405991743391,0.9990130060934769,0.999044825768906,0.9983966776187785,0.999291149083982,0.9992499930205615,1.3194156138158863,0.9922909037268419
60821.51884983147,1.0011386306734948,1.0002613896993835,1.0007706123241893,1.001926113836866,1.0022223846838114,1.0020397759442383,0.8613068880843188,0.9960212392759529
60821.519027530034,1.001004815605445,1.0007874549668003,1.0002406796121903,1.0003954730126763,1.0004761957469959,1.0013053263047116,0.28480861828796755,0.997308862340847
60821.51920522861,1.0002286716868996,1.0000823721583523,1.001528860076104,1.0015113777735805,1.0016449747091147,1.0010881284341513,1.0195667829548076,1.0081141897614587
60821.519382927174,0.9988859732538689,0.9994273518268058,0.9980586003411452,0.9984684982238857,0.9974040335088027,0.9972327680651437,0.7115812257264588,0.9911880557896636
60821.51956062575,0.9991188215989066,1.0004465342600493,0.9993465016489457,1.000511629277359,1.0003664101891692,1.0001101686968765,1.1535922381636243,1.006930842487167
60821.51973832432,1.001131261557392,1.0003338329736295,1.0002926987088798,1.001044383119005,1.0006461994020135,0.9983738373097514,0.8972205929721828,0.9955912348773271
60821.51991602289,0.9999606752258635,0.9998627614345748,0.9997761539367507,1.0004020771935,1.0007114581350405,0.9999139180656836,1.3428004082990495,1.0028408765920416
60821.52009372146,1.0006181541741055,1.0008806929633598,1.0010385990018884,1.0015665573012247,1.0019266320633518,1.0013594720861165,0.775453375870472,1.0081543698283573
60821.520271420035,0.999713891609493,1.0003701717753573,1.001332009572271,1.0,1.000911725680622,0.9980372168301398,0.6400317354450901,0.9968910439210116
60821.52044911861,1.0003085032908128,1.0006762884278835,1.0002760022684136,1.0010236404852078,1.000835914458169,0.9995798407019865,0.7525532842503574,0.9976666963868536
60821.520626817175,1.000451715262724,1.000600223026199,1.0014862554835715,1.0025525894275773,1.0024511961286824,1.0036213683061623,-0.080245877410098,1.0082782174463127
60821.52080451575,1.0009128958940696,1.0005122654171137,1.0016571300544288,1.0025569713127565,1.0031905732185977,1.0034368535105804,1.4213962944702234,1.0073134367793322
60821.52098221432,1.0004653531354424,1.0005045452490426,1.00100194812594,1.0005353605819398,1.0010713069655148,1.0005438669692064,0.6488816275284653,0.9978819254189746
60821.521159912896,0.9997301837609974,1.001055314473904,1.0001441962392987,0.9999578393107034,0.9998432618218337,1.0019606686288172,1.3417561254122432,1.0020094460934514
60821.52133761147,1.0003140395514105,1.0000603085760138,0.9999346918320289,0.9998982450659074,0.9995978153678698,1.0007613262776949,1.1357918954718749,0.990490827410531
60821.521515310036,0.9995770217822674,0.9990069465432432,1.0001408190225052,0.9999432414319541,0.9990082567116938,1.0006717811942223,0.8979180334682606,1.0084280145200095
60821.52169300861,0.9996469984607603,0.9989756775591652,0.9990114759112455,0.9988487039996732,0.998868482186798,1.0002079571553055,0.9575978383719983,0.995128016600848
60821.52187070718,1.0011050615548989,1.0016337675547542,1.0015977587097407,1.0006859033093767,1.0029905317088303,1.0032065434119728,0.4013738561577527,1.0065468732276281
60821.52204840575,1.0005999003918038,1.0013915003522085,1.000421091265017,1.0008539355693469,1.0011719217150075,1.0018064177738881,1.03223846584584,1.004002162650344
60821.52222610432,1.0009242759682035,1.0013613848772438,1.0014152883218412,1.00182553419865,1.0017442042457059,1.0039803232529436,0.9893553459259152,1.0127887939422198
60821.52240380289,1.0001270967518119,1.0000049330651544,1.0007485896907158,1.00124248606417,1.002685559392357,1.0023901422892703,0.6995681242192813,1.0039193752841993
60821.522581501464,1.0003090242384114,1.0006366253072023,1.0010940281605032,1.001605466885796,1.001197872336628,1.003668938988501,0.8760924036973575,1.007567306903705
60821.52275920003,0.9992813043240667,0.9994939138368965,0.9993199386848851,1.0006733884861732,0.9999200597203574,1.000880540769005,1.1336404141385699,0.9975036290710342
60821.522936898604,1.0008490608892873,1.0013276721224431,1.0016966724023297,1.0028076701163875,1.003641446634312,1.0042369179346642,0.652564812592711,1.0120397616846384
60821.52311459718,1.0011076015206115,1.0013826546059048,1.0019755957937522,1.0019599931048035,1.0014294516049154,1.0020226617849728,1.3185054876299158,0.9982639803819441
60821.52329229575,1.0007070463583565,0.9998596112302045,0.9996486847854623,0.999599463986609,0.9989305602464545,0.998558914224662,1.661320453706107,0.9961560712820517
60821.523469994325,1.0011196647038234,1.0015894024334797,1.0007412574688945,1.0019111760288892,1.0015927054141365,1.001749968666918,0.6758824152409946,0.9970072041529319
60821.52364769289,0.9999207708859847,1.0000349854235826,1.0006337585979765,0.9998867952113214,1.0005281036820868,1.0008660038061203,0.3782972109452929,0.9960985720304114
60821.523825391465,0.9998865591217542,1.0005670630852,0.9999857047783444,1.0004887177368453,0.999650486173834,0.9996567451505008,1.5150573185803196,1.00047409253171
60821.52400309004,1.001372404446709,1.0019465754669863,1.003664968926336,1.0038806600878727,1.0027755655152395,1.0041217904599775,1.0806458930509069,1.0128818504809103
60821.52418078861,1.0011699296852348,1.0002503742314566,1.0011230115412066,1.0016231936367246,1.0000678971806816,1.0012911871479269,1.4893710072719755,1.0085857934482958
60821.52435848718,1.0004553849739226,1.00085218804829,1.0001694944732193,1.0022783974990568,0.9998690654086442,0.999613467935547,0.676489349338218,0.987847267253173
60821.52453618575,0.9996443097188139,0.9997217962729611,0.9989425519147848,0.9994413393658733,1.0004541838366163,0.9987405344726691,0.7459957150569727,1.0056909360019006
60821.52471388432,1.0000008449628501,0.9995289794257348,1.000021595759883,1.0010015609098324,0.9998665831041507,0.9989009298597894,0.8988893272144552,0.9970312161812642
60821.52489158289,0.9998165876742765,1.0001000072450894,1.0015515658002951,1.0010818168176827,1.0009581546637172,1.0011234884695943,1.0530767271635464,0.999725588602581
60821.52506928146,1.0010616818206604,1.0002890287571409,1.0009637042885997,1.0012452586650813,1.0010621649693117,0.998460960249075,1.228957551437926,0.9875716201753526
60821.52524698003,1.000032751387797,1.0005472189196887,1.0004749198698983,1.0009813870677726,1.0021897433277338,1.0001476538994667,0.6420129889567376,0.9979335146365401
60821.525424678606,1.0000414779524118,1.0007959657239003,1.0006942897004232,1.0018815958267415,1.0003495203321309,1.0019242731445201,0.5452783200700416,1.004560268733662
60821.52560237717,1.0010179571471085,1.00155795334963,1.001273459190831,1.0013013299061375,1.0019225604445392,1.0012751285338777,0.6086634965325752,0.9994319126038786
60821.525780075746,0.999470038900314,1.0000829242466767,0.9990206690271092,0.9990812737128222,0.9990867298032753,0.9981479239617912,0.9003975215946586,1.0016298619056938
60821.52595777431,0.999890514538709,1.0002665061289584,1.000228676229424,0.9987290838879579,1.00068458868527,1.000448670918345,0.5248187180080722,0.9996679114986264
60821.526135472894,1.00134226302792,1.0012925836810658,1.002055523239523,1.0016656396831867,1.0013609664708782,1.0030656186678029,0.8833961112066475,1.0004789721768128
60821.52631317146,0.9998398301529404,0.999660359760913,0.999552145075192,0.9990318089449121,0.9988993539203821,1.000027238882042,0.9848910659439837,0.9890298197551639
60821.526490870034,1.000528855509183,1.0002998216848664,1.0012057388006552,1.000406233469788,1.001627251345011,1.001272654713369,0.3171481560280708,1.0023092014874753
60821.5266685686,1.0004432516335624,1.000092404060254,0.9998457369815126,0.9975522743393601,0.9977482929317099,0.9977153233722114,1.3666190002421243,0.9918939731034527
60821.52684626718,0.9994244369076253,0.9989593719098189,0.999503014919674,0.9995674821700485,0.99871218976018,0.9978262947432422,0.9093146026899167,0.9973697378585032
60821.52702396575,1.0015090059536123,1.00161372388295,1.0016511503698344,1.0020344718425942,1.002127149623876,1.0005011237433046,1.433266607682289,1.0123290952760373
60821.52720166432,1.0010112360615089,1.0014520967613925,1.0015374320503598,1.0003999573868507,1.0010454269800861,1.0004700769706265,1.3698955868536966,0.9974135291388421
60821.52737936289,0.9998006353849236,1.0006870097147127,1.0004930654573927,1.000082023362364,1.0005795244133378,0.9999301715079446,1.0594785522014152,0.9994274343394927
60821.52755706146,1.000029902792172,1.0003828484052297,1.000349841536122,1.0008082194880137,1.0008698873064654,1.0006798760459488,0.6822049372241499,1.0007692975918419
60821.52773476003,1.0014152903115467,1.0006004241648165,1.001031510285183,1.0003975251588422,1.0001508657082276,0.9985282187215769,1.90238657150971,1.006635343000309
60821.5279124586,1.000722208764375,1.0009879878106023,1.0015316946605077,0.9997655537621588,1.0005375795272393,1.0000302394680256,1.0005760831131463,1.000428869858134
60821.52809015717,1.0005962505276929,1.000480005974974,1.0012449606196803,1.0017813422159267,1.0024391775665038,1.0031469541094984,0.5987906001812507,1.0092325111009421
60821.52826785574,1.0009706013795598,1.0000664301545679,1.0012822520032105,1.0007558277201871,0.999857480143738,1.0015152100023885,1.0555792317454826,1.0046278877903474
60821.52844555431,1.0005533431233797,0.9998029975107415,1.0001502281900159,0.9988788164642923,0.9995993344177666,0.9982418964729616,0.9586326359903689,0.9935664596042374
60821.52862325288,1.0004432445563063,0.9996719911591783,0.9982616509275604,0.9984467624968697,0.9984005004995044,0.9986547986222326,1.8275996066694835,1.0019272707115991
60821.52880095145,1.0005706462455488,0.999092968759915,0.9993028488730729,0.9987864028179106,0.9985721806487731,0.9983413999290074,1.1874681313683968,0.997257847838897
60821.52897865003,1.0000132927795515,0.9999497527077237,1.0009889466252775,1.001173923366809,1.0011377611231482,1.0005840464503244,0.6308372119418906,0.9996921504434227
60821.529156348595,1.0002948411092576,0.999542019157061,1.0007819617752327,1.0010047337058665,1.0001213329022507,1.0007642710661753,1.1431461651079193,1.0085499584656874
60821.52933404717,0.9992253115345796,0.999542518466902,0.9995267868727724,0.9994166245070927,0.9992827417041754,1.0006197730360047,1.2274911345837876,1.005904694071572
60821.529511745735,1.0002121927573722,0.9997992438905189,0.999448864245442,0.999799538255089,0.9997701851494337,0.9999276988913655,1.1101286119110554,1.0012521962391256
60821.529689444316,1.0001428624169955,0.9996163577410925,0.9990178851683532,1.000020986877051,0.9998102087311108,0.9988432429048889,0.7268528681220099,1.0001856474489796
60821.52986714288,1.0002521775625772,1.0004864658073798,1.0004025974200932,0.999314519143457,1.0001339894207735,1.000001061448657,0.7738129009529457,0.9992913019033726
60821.53004484146,0.9999368330266625,1.0006855930386613,1.0006899092491552,1.0008466486461784,1.0015629753844764,1.0020177688069865,0.7066513827981435,0.9884495091534039
60821.53022254002,0.99981913764046,1.0000883254261428,1.000389442752182,1.000062106186467,1.00034408097358,1.00094494139063,0.9489599047746023,1.008433898286151
60821.5304002386,0.9998751218141569,1.0003698545603512,1.0001976205794734,1.001356480077266,1.000313071871191,1.001626526623365,0.9507090085996878,0.9946195794153057
60821.53057793716,1.000284685708155,1.000514023611665,1.0009781934481705,1.0011200813723102,1.0015785705544695,1.001060350770047,1.0270308276350137,1.0094665661686093
60821.53075563574,0.9999549292630873,0.9998698448148315,1.000847476094887,1.0003816347799908,0.9995726004779542,0.9994042401479393,0.8461400703261649,1.0068451935057294
60821.5309333343,1.001058297199804,1.0007870849733111,1.0003600953791956,1.0007317197352743,0.9995754755568519,0.9955367541479828,1.5393990693747577,1.0165063179760025
60821.53111103288,1.001192963230987,1.0010953169366532,1.00089992003263,1.0013147962649736,1.00218383200789,1.0000644144895225,1.9963426913544247,1.0186598638458753
60821.53128873144,1.0000848115306316,0.9999908031226205,1.0019077057312364,1.0018104341534042,1.002441509676147,0.9993375267776852,0.9781506275503536,0.9924382681305615
60821.53146643002,1.0004163805225565,1.0000729199129175,1.0003985867929075,1.0008199398366424,1.0001984103713868,1.0000545355299937,1.6608916450457123,0.9941796697470349
60821.53164412858,1.0002713621579244,1.0000476495389692,1.0006782662275517,1.0001692010486087,1.0002241607951685,0.9998443486272945,1.2501903349936294,1.0044577529782615
60821.531821827164,1.0002738175042694,1.0008055683245327,1.000223873467883,1.0016279960521448,1.0006699095551557,1.0030117330046338,1.123159009587141,0.9971669373652785
60821.53199952573,1.0003304977107292,0.9999336380403107,0.9998435547883564,1.0009573267779552,1.0001873935419412,0.9988326222321586,1.3141614514925826,1.0039047829870213
60821.532177224304,1.000271588630123,1.0004087363418406,1.0003624104933548,1.0001799699355514,1.0011325349743663,0.9997342505682234,1.03737853224645,1.0036095393615476
60821.53235492287,0.9991235861308706,0.9989861717715589,0.9987739205509047,0.9975922318110503,0.9990467610575893,1.0001368982708665,1.4946503145902221,0.991841627825326
60821.532532621444,0.999337713440843,0.9994077454365224,0.9976774259276446,0.9990443489097165,0.9990595058713522,0.9998132241085517,0.7454198655394506,1.0013292913273448
60821.53271032002,1.0001903258819211,1.0004337085445651,1.000620482782694,1.0001099303910002,1.0003346045707735,0.9995128323921495,1.2128901650309492,0.9996024441956103
60821.532888018584,1.0011263313253207,0.9998917355521725,0.9999945924399826,1.00002434246731,1.0010839138528185,1.0022043577879305,1.2012462651764397,1.0028166349702583
60821.53306571716,1.000570603628158,1.0012181865147316,1.0017141528346394,1.0004564189142813,0.9994855666516755,0.9985394440216092,0.30915586997349864,0.9902762792114577
60821.533243415724,1.0011461128718437,1.000002351997828,1.0002267773736708,1.0010241646136318,1.0013677523783096,1.0003601531803548,0.7409428402926581,0.9970834306007446
60821.5334211143,1.0011174689081572,1.0011173745338031,1.0012324092678782,1.00204650446469,1.001760072294462,1.0017300336544566,0.9222791522774848,1.0071486727139534
60821.533598812865,1.0006994480006937,1.0007050456277298,1.001139931020475,1.002116265602989,1.001929845638317,1.0033373444053266,0.9193285540164663,1.0049486635962364
60821.53377651144,1.0012086165831917,1.0012357800678855,1.0011260551901022,1.0011979646525346,1.0031224215617403,1.0016143702690607,0.777683776895558,1.0044086479626702
60821.533954210005,0.9991740595836336,0.9995957220797054,0.9983769812442987,0.9980506937761539,0.9976534575239132,1.001145584327192,1.0196222164444229,0.9995117145859163
60821.53413190858,1.000530124799699,1.000482844405419,1.0024090651590376,1.0022643894126766,1.0007308516733144,1.004255819720911,0.3729522034635479,1.008098403653627
60821.534309607145,1.0003367283117026,1.0009762932958006,1.00177274425874,1.0022748355997824,1.0017560280007025,1.0018209065332868,0.5905909853550547,1.0128977614450823
60821.53448730571,0.9992113594932266,1.000000477364149,0.9998249226307662,0.9995074107524646,1.0003568592465917,0.9980731182865844,1.3050702835393717,0.998920653581395
60821.53466500429,1.0009377395250245,1.0009590040804286,1.0006589448173433,1.0014536326934997,1.0005633496548005,0.9996744408077298,1.467583812034613,1.006621953130336
60821.53484270286,1.0001837132629656,1.0002911641999561,1.0002471744757055,0.9995613576761726,0.9992685668792948,0.9974311062638384,1.0020399959693378,0.993673989272363
60821.53502040143,0.9999806350884727,1.0003462130646026,1.0010158925074595,1.0010925062128002,1.0002866184314145,1.0012740053139302,1.1994327953360295,1.0062364559387214
60821.5351981,1.0011452120602111,1.0013888024830158,1.0006328784364669,1.0006199380351284,1.0016043932874057,1.0025699983637697,1.245772011137268,0.9988571558714578
60821.53537579857,1.0006273535302062,1.0004443638129483,0.9997148810954947,0.9991233515087832,1.0009042995862294,0.9996238484706407,0.5352120958808233,0.9946948368775324
60821.535553497146,1.000801685736211,0.9999281735629388,1.0001014172429665,1.0007243249990072,0.9995156838791985,1.000199354592604,2.0141420313177965,0.9958626318202348
60821.53573119571,1.000764549526631,1.0009165259259498,1.0005209955931944,1.0016602913253068,1.0012355652957396,1.0015369496589124,0.6743626629482827,1.0020735070999822
60821.535908894286,1.0015148263814322,1.00050059683813,1.0020073946129535,1.0029252147150376,1.0026161584043252,1.0018766997417636,1.1557120658011217,1.0205972779534656
60821.53608659285,0.9984671775407037,0.9985624820703016,0.9976817972460954,0.998719680263867,0.999052542629902,0.9994458621681604,0.9490742474271953,0.9963685127342976
60821.536264291426,1.000782202819129,1.0011152886048225,1.0007958927326115,1.0022229301740333,1.0018699340650221,1.0008152808426767,0.9269726742595237,0.9936699710732648
60821.53644198999,1.0002034271139948,1.0010319212728058,1.0017693266044727,1.0017387789652388,1.0015045668749927,1.0023622489784738,0.6504129078099222,1.0181666463344776
60821.536619688566,0.9997630091522779,1.000324146580354,1.000615086828167,1.0010872121311987,1.0008664923080177,1.0016499227480085,1.1551398026184274,1.002862127433916
60821.53679738713,1.0011319883608343,1.0014819724660662,1.0025021753313748,1.00217381990269,1.001023106872848,1.0012878938681522,0.9181849694027293,1.0166391422001317
60821.5369750857,0.9990565780536513,0.9987407287915633,0.9982520798451024,0.9986581013854969,0.9988679104054125,0.9965083902222434,0.21675816674695642,0.9865931918111026
60821.53715278427,1.0010692087903474,1.0015857690611414,1.0004711148961516,1.003018253943596,1.0009788497667709,1.000961366716984,1.3257819029730806,1.0016129576957424
60821.53733048284,1.0000995759179148,0.9999615623920672,1.0000596566107762,1.0011168611030188,0.9995644131856509,1.0017787236902767,1.2926012545376628,0.9988951243707622
60821.53750818141,1.0010798888315302,1.0012139872699974,1.0007022731031185,1.0007117777875065,0.9995874545255861,1.0003587282139925,1.1542897486700168,0.9964516842480559
60821.53768587999,0.9997185032111814,1.0003902488191234,1.0004575044676491,1.0006118521266862,1.0008797538812904,0.9985076132361288,0.579613499006051,1.0007939286315568
60821.53786357855,1.0007168134334878,1.001051748389597,1.000836042137775,1.001513830262761,1.0013154139342173,1.0017781634462997,0.6161834207358529,1.0154864271844943
60821.53804127713,1.0013610122181569,1.001187541803982,1.0010659041448944,1.0013740213719178,1.000585015819609,0.9985616738395194,0.2459162381799164,1.0032167962357612
60821.53821897569,0.9997412504357639,0.9998208993918032,1.0001671664850889,1.0000785111547232,1.0006936492639678,0.9973741741496013,1.0876996818040985,0.9979468583284897
60821.538396674274,1.0002470025497527,1.0009309145011875,1.0012144354433685,1.001996855793367,1.0012486328053687,0.9998089244131466,0.7621218254383528,1.008734395414673
60821.53857437284,1.0009488368166166,1.0012767354452388,1.001406574293765,1.001257582929743,1.0014175555407645,1.0016970117890776,0.8265191195649084,0.999024802717057
60821.53875207141,1.0000379904036338,0.9996516204784224,0.9997238561240838,1.0005568363891744,0.9990343038074817,1.0007783062219704,1.1160015581419351,0.9977549748804578
60821.53892976998,1.0002515659953284,1.0002353514075755,1.0015590005737511,1.0006689635644892,1.0014573726045226,1.0000662039455506,0.47122079495647917,1.0002626220309623
60821.53910746855,1.000547397612749,1.0006400000468367,1.0012205755574517,1.0011474808364005,1.0021590136100724,1.0038887324848254,0.6134156894166822,0.995971903328417
60821.53928516712,1.0000617693690892,1.0007333441444706,1.0009282521224252,1.000799456900789,1.00122948742319,1.001164454116696,1.2251615966947698,0.9984945657818509
60821.53946286569,1.0010747352043283,1.0006584280804047,1.000683724131189,1.002596527923811,1.002647095941099,1.0017034510524792,0.8097903762038607,1.0008993303879277
60821.53964056425,1.0018267289091738,1.0023813827471189,1.002981954242085,1.0021591161334351,1.0024329961561678,1.0025736933392626,0.4672041530219855,1.0182872787239077
60821.53981826283,1.0004637953698092,1.0011211227129448,1.0010170894566905,0.9993129358881401,0.999499928662465,1.0003961943620825,1.0788368942724453,0.9869798263875076
60821.53999596139,1.000292325606235,1.0006298001969105,1.0007557135082488,0.9998517910786001,0.9997197940336231,1.0027703669201606,1.074128929840015,1.0069675218290748
60821.54017365997,0.9995944607569849,0.9984485777609334,0.9976623001116798,0.9978941444985255,0.9978827418595007,0.997675099831903,1.3041091593559782,0.9858325805396722
60821.54035135853,1.0010015409897668,1.0008274623265223,1.0004212103217434,1.0002885622757849,0.9998974256538343,0.9979188273315411,1.419232677639314,1.0004573053981058
60821.54052905711,1.0001121500482544,0.999589963058497,1.0008152769722014,1.0009145261609806,1.0005180439730421,0.9994977235164328,1.4091354998574344,0.9941593508730374
60821.54070675568,1.0006248680285956,1.0014023304606519,1.0016144003533032,1.0020425270634947,1.001214686352702,1.001960525824253,1.0081101832759407,1.0031677609891396
60821.54088445425,0.9993094071853601,0.9999713360240037,0.9995692209126933,1.0003497400716814,0.9986126243299076,0.9976934209305234,1.1204660142788518,0.9981586422040113
60821.54106215282,1.000948112936389,1.0003596144464275,1.0000500691332608,1.0005248744640567,0.9993936375514089,0.999683141398078,0.7107194755387082,1.0039008725366438
60821.541239851394,1.0011257237582603,1.0010468541374853,1.0016326704992213,1.0014610384477032,1.0028845790938419,1.0011637741974933,1.1316437995734505,1.0027983880004312
60821.54141754996,1.0001388769986284,0.9993887275898041,0.9982763360575837,0.9994488787402888,0.9990792193172221,0.9964256259014144,1.427968911364462,0.9902019717449415
60821.541595248535,1.0004854030022883,0.9995977142407281,0.9998341599802751,1.0000448926939176,0.9992384158207535,0.9989639822887123,0.8841110463769957,1.005843545333945
60821.5417729471,1.0006388799189196,1.0011651947413376,1.0004535222292206,1.0020133738248795,1.0027254446758054,1.00255770784078,1.382108804376292,1.001262021199165
60821.54195064567,1.000816571667677,1.00095465375502,1.0012451966424878,1.0012920573141526,1.0019433700525775,1.0041264941200452,1.240777543042544,1.0164289874802515
60821.54212834424,1.0006998584815538,1.0007239918335515,1.0005012111601541,1.0002373138592129,1.0001090637674754,0.9999641385043103,1.2945803761223098,1.0018132150096264
60821.54230604281,1.0004610787803976,1.0009111608389858,0.9994235574288737,1.0017962959962141,1.0011049686427969,1.0024808103843181,1.101580649472366,0.9972818715372189
60821.542483741374,0.9999396373125093,0.9991038289756722,0.999848346546503,0.9994190750736801,0.9994407178745482,0.9996839683819033,1.8707051967853718,1.0092376681069797
60821.54266143995,0.9994754722329899,0.9987143404568953,0.998842249208717,0.9978982473119398,0.9990627038320012,0.9980754910927749,1.1298342954786054,0.9907242792777694
60821.542839138514,0.9994290449706857,0.9992810562197755,0.9997576162983175,0.9990409802310362,0.9979605463237599,0.9981312955186339,1.3305009544421937,0.991727954346883
60821.54301683709,0.9992902298211226,1.0001127241389591,0.9995703099186266,0.9998816408134945,1.00035720015916,0.9991695849750445,0.8806483678323076,0.996400345454245
60821.543194535654,0.9993256251795278,0.9996483661680411,0.9992395507470633,0.9992146510864802,1.0005904763690177,0.9982681220172229,0.9643448317636363,1.0047353409133801
60821.54337223423,0.9996018897220589,0.9995033936504737,1.0000534827162724,1.000673438029915,1.001162601455362,1.0027239254311122,1.15848375270307,0.9993987730124106
60821.5435499328,0.9992206039283721,1.000143011007966,1.0010736967487326,1.0014565585842279,1.000482500584783,0.9981365048291044,1.2022860290103552,0.9960254894108653
60821.54372763137,0.9996435736841678,0.9997495797007269,0.9995721576085962,0.998132874051683,0.9981910102837532,0.9988873318461766,0.6675686892479233,1.0065582521367096
60821.543905329934,1.000550176666639,0.9999118753497362,0.9988622979432886,1.0002936351852483,1.0004956238598273,0.9994298625003531,0.22679372133696724,1.0007379617039238
60821.544083028515,0.9997171748409612,0.9993454561257555,0.9986177352913603,0.9988710406848864,1.00007422413875,1.00094909427609,0.10037591438487457,1.0000333657132017
60821.54426072708,1.000710204968574,0.9996222555098594,0.999811171908986,1.0002862236632655,0.9994900234236193,1.0003620064214953,1.120376783874442,0.9922494919531943
60821.54443842565,1.0010893826630305,1.00288455085863,1.002881862196001,1.0022674169789951,1.0029567936329304,1.003278950628029,1.849881633681545,1.0127623711199123
60821.54461612422,1.0016639195532546,1.0025409239396958,1.0026161549814638,1.0035717576657355,1.002739610392335,1.001466982970083,1.7412823088678862,1.016225713327665
60821.54479382279,1.0009853048408985,0.9999628796777107,1.000095865370342,0.9989977383050274,0.9985632743543895,1.0018490881620534,0.7754540183844887,1.0018821219897849
60821.544971521354,1.0004575218437382,0.9995768868719301,0.9998812165461386,0.9996265933263858,1.0017187058815988,1.002157373650798,1.0940536892324666,1.0038292895316723
60821.54514921993,1.0004362271490663,1.0014032545375284,1.0012822002872575,1.0018929025960421,1.000630717435812,1.0016215920403524,1.3124175984410953,1.000683974240759
60821.545326918495,0.9999835744576011,1.000482560381005,1.0008935144066426,0.9990811979182914,0.9997549900033486,0.9985456009635357,0.654032904048408,0.9950417307056787
60821.54550461706,1.0006953605775248,1.0010018729045036,1.0010324001296795,1.0007694535802942,1.000544431981399,1.0007740171304063,0.9197276512026853,0.9976197882154285
60821.545682315635,1.0003653635057461,1.001314723257165,1.0018176099387657,1.0028143047629154,1.0025607138266333,1.0015182401309508,1.5761615872217454,1.0039109358739975
60821.5458600142,0.999712954642312,0.9996032128155392,0.99983588586267,0.999557081459661,0.9991661083393071,0.9992402879362396,1.3337307888431664,0.9993870473498757
60821.54603771277,0.999497683740048,0.9991937939808065,0.9992646668748084,0.9995673813078632,0.9984511754612759,0.9978444847524588,0.5664805102474446,0.9868957110685709
60821.54621541135,1.0010303715776228,1.0018344474891052,1.0014402672372598,1.0022536390861507,1.0021191866944246,1.0019959552940163,0.7863900778236002,1.006280529473862
60821.546393109915,1.0009313723022357,1.000143999289595,1.0010953421858497,1.0020318625881401,1.0032688351451422,1.0033626810096967,0.5390782720987656,1.0042372738311536
60821.54657080848,0.9997205676160474,0.9995024064570608,1.0001271809204657,0.9995290442862694,1.0001377844431296,1.0001302509360286,0.698070149651218,1.0003483393592203
60821.546748507055,1.0008965605097608,1.0007139844165134,0.9999792651518683,1.0015402269467217,1.002375031539385,1.0022540722751716,0.9281747028064056,0.9994918678654755
60821.54692620562,1.00029760123918,1.0003530405326957,0.9998529457452496,1.000596773895476,1.0015252435754591,0.9991930808869242,1.801034533796129,1.0037478593978635
60821.547103904195,1.0001295810225952,1.0010853940377356,1.0007547282643237,1.001185438293773,1.001076038660953,1.000233803623832,0.9769078541295482,1.0079913074900602
60821.54728160277,1.0010462749415958,1.0015476243647208,1.0015682711535105,1.0016869829054516,1.0025654215429434,1.0024433687778682,1.0614957503636389,1.0039901818793273
60821.547459301335,0.9995324142979297,0.9997604624062844,0.9995197856330517,0.9999839817687156,1.0004319681965883,1.0017583923534743,0.990722805458703,1.008488631248327
60821.5476369999,1.001793985214047,1.0014627110403007,1.0009602374491595,1.00171968118368,1.0016515864425677,0.999360783200198,1.6074866286409266,1.0085813345084083
60821.547814698475,0.9995797466797621,0.9989749063766571,0.9977422882961868,0.9990976618953629,0.9968992564996896,0.9961113929313291,1.4462643071538406,1.0037620423251925
60821.54799239704,0.9997681801649138,0.9994577857863618,0.9981933373443981,0.998648019677652,0.9974652477621853,0.9981208131588848,0.6097614762015139,0.9890829254439554
60821.54817009561,1.0007602462471479,1.000773500408435,1.0004902221803074,1.001159617500355,1.0001536857652495,0.9996357733000353,0.9860367790971254,1.008191504990019
60821.548347794174,0.9997461006640693,0.999099540859953,0.9995198405399892,0.9989364348011286,0.9994993985192558,1.0009122364828527,0.7802391793516008,0.9942639725805352
60821.54852549275,1.0014212448995279,1.0017109329615919,1.0013065223000366,1.0023717204579712,1.0026330612732937,1.0027846335314083,1.080904956057456,1.002395044926911
60821.548703191314,1.000544925188677,1.0008041676089847,1.0008492409292977,1.0008410249138273,0.9997821193199514,1.001045780259203,0.8423518268804069,1.0077835493426623
60821.54888088988,1.0004874475600662,1.0001341518403302,1.0009480021148418,1.0007398307113713,1.0002843352094515,0.9987789276001929,1.0872191705263399,0.986736736280063
60821.54905858846,1.000405442469229,0.9995150268624324,0.9998458777149256,1.000760096468164,1.0005714334093172,0.9991654852708566,1.436970738251798,1.008553028885955
60821.54923628703,1.000747022547771,1.0009970288917036,1.0014264601781009,1.0013585080431278,1.0007990137397158,1.0006491257409178,1.7854029920861685,1.0145405216590375
60821.549413985595,1.0011867435536048,1.0005547238023325,1.001028315889786,0.999895901277176,1.0008742273428077,1.0006558811515835,0.6088394042233078,1.0058765949953858
60821.54959168417,0.9999879517405678,1.0002808270534258,0.9994837889088938,0.9985637430363186,0.9992923149529188,0.9994134058486788,1.0874712415350138,0.9975368757419765
60821.549769382735,1.000569926980923,1.0001643273485519,1.0010489698110432,0.9994209432424873,1.0007965353388018,1.0011296029498524,1.2466548536261028,1.0015744988477364
60821.54994708131,0.9999799450559921,1.0013234244520905,1.000030387251855,1.0007118050735373,0.9999332428502798,1.003207298044264,1.0261262136321228,0.9995844676432836
60821.550124779875,1.0005963162230929,1.0007278140113913,1.0015255685207352,1.0023189055717976,1.0006697286893274,1.0020568512767767,0.4144721164127002,1.0029044554899706
60821.55030247845,1.0015849236809875,1.0026666633251178,1.0032714063413706,1.0033830374919221,1.004192344987316,1.004686742657842,0.1528308885615555,1.008466306725584
60821.550480177015,1.0015355878202339,1.0013966256688818,1.0015195346994408,1.0013625149487306,1.0019745905058883,1.0024055661083218,1.6471003199393521,1.0003379998321138
60821.55065787558,0.9999885696158056,1.001087702144179,1.0010116647833043,1.0015099186734022,1.0010715008432731,1.003522067364955,1.145986844916551,1.0158094623672898
60821.55083557415,1.0012760179096911,1.0010239548051474,1.0008288925722997,1.0006074405152612,1.0009561173672332,1.0015236055818209,1.1130923292016788,0.9974272120970477
60821.55101327272,0.9994106037949474,0.9993711757516024,1.0004596149186744,1.0004879293997788,1.000437448263892,0.9985957360852331,1.8507610659905376,0.996589858597728
60821.55119097129,1.0010610102505875,1.0004244151786874,1.001314811707127,1.000558813702106,1.0001918244759094,0.9999832500058204,0.6720644817758347,0.9933198799607706
60821.551368669854,1.0010310705336003,1.0010463205488358,1.0026529955559298,1.0026223483474994,1.0022285878426591,1.001152900004987,0.9035640796569778,1.002795259104732
60821.55154636843,1.001120486588664,1.0011114143739772,1.0021604588697406,1.0026476273394271,1.0028043505070052,1.0031419044586054,1.06356363147687,1.0153392836949322
60821.551724066994,0.99962255146386,1.0008931194848882,1.0002072971844824,1.0003169176383144,1.0005493188905747,0.9985493984351065,0.8611294943681979,1.0003524100941856
60821.55190176556,1.0007955616017874,1.0007902703633367,1.0000875768435231,0.9999637945424513,1.0001917761458834,1.0003811984010642,0.4979819588167587,0.9902182635104938
60821.552079464134,0.9999919796224721,1.000309330154802,1.0007236665625066,1.0013603541021157,1.0006229045153263,0.9989698172026418,1.2650588071835276,0.9863670436842208
60821.55225716271,0.9995486775249958,1.0003205543788596,1.0008999940854737,0.9999211742055414,0.9995175709808324,1.0014775088102101,0.2850155354666933,1.0033332984527523
60821.552434861274,0.9997551207809636,0.9997672566837852,1.0003834332483892,1.0005731157973201,1.0007701172171208,1.0002947284777486,1.139697892879267,0.9920769518684186
60821.55261255984,1.000550182513068,1.000488937690353,1.0016506237473832,1.000213359238063,1.001786628714371,1.0011481586989688,0.9669557219108282,1.0076095743092761
60821.552790258414,0.9998946567336866,0.9988603910339235,0.9995158993442214,0.9994241147074956,0.9984503715098806,0.9983769442814311,1.0975385057161642,0.9985894132665756
60821.55296795699,1.000847610051764,1.001431084939958,1.0007623564774515,1.0007944829309185,1.0000631745935944,1.0009362018809445,0.912448940763319,1.0001799768797446
60821.553145655555,1.0003436775618884,1.000653289523768,1.0006282275217673,0.9999305299126995,1.0006027644640338,1.0009846085534275,0.9211371124074645,0.9942507032586266
60821.55332335412,1.0002056579882352,1.0003180598247166,0.9999610184431802,1.0002330297304918,1.0008744697364769,1.0011332331215232,0.8606025685102281,0.9928868368474403
60821.55350105269,0.99982417926239,1.0004693822648594,1.0010584001600882,1.0008469902761614,1.0002055061486395,1.0011709930284187,1.149051480946534,0.9971732109258027
60821.55367875126,1.0008582793232088,1.0010781583072188,1.000918047244456,1.000821040669014,1.0009201362204687,1.0011504599176575,0.8351743603896035,0.9960976339138301
60821.55385644983,1.0005727323437434,1.0005385978900194,1.0006504336918576,0.9997881976185732,1.000816405299602,0.9991643229695043,0.8052426518312649,1.0046620246849032
60821.554034148394,1.0006685313146428,1.0011507096776018,1.00215759842736,1.0016691038999486,1.00202804091235,1.002998711742724,0.7684069190039412,0.9992507037664176
60821.55421184696,1.0018038099842015,1.000705581030073,1.0011578691939873,1.0031077400724397,1.0014724134662938,1.0017134765904288,1.03176978292366,1.0100983073346357
60821.554389545534,0.9994702306016454,0.9994922628316352,1.000468488495968,0.9992982003961011,0.9995637664927249,0.9962841445250561,1.3097104339484813,1.002554879446479
60821.5545672441,1.000416829159059,0.9996740631227182,1.0011505293798242,1.0010649783786558,1.0005458960094196,0.9984196612524081,1.1615846958563871,0.9903559452945843
60821.55474494267,0.9992152069050977,0.9999566654194151,1.0004736061746538,0.999226489748523,0.9999698757088578,0.9985784733101278,0.9505819545581925,0.9959012865902165
60821.55492264124,0.9999251223215808,1.0005567874228818,1.0003589898681708,1.000711616955209,1.000726118862568,1.000995282245362,0.292171872392858,1.0017442869481967
60821.555100339814,0.9994802903059358,0.999624460235769,0.9997060278744805,0.9988501074925469,0.9991419344037992,1.0002784019893787,0.8035066884905586,0.9936126308932027
60821.55527803838,0.9992782824895179,0.9991132322513806,0.9989035495584588,0.9988923809493161,0.9979868854444361,0.9978218460847103,0.8215128129518179,0.9920379904997862
60821.55545573695,1.001157178315783,1.0008198478967867,1.0003494604885774,1.0013396152395586,1.0007545138682001,1.0011744459214662,0.3002776632346446,1.011409862076429
60821.55563343552,1.0011747602203056,1.0019888949232774,1.0027532121604368,1.003600514480468,1.0028688313124972,1.006608842223801,1.1361472350822435,1.005644113828678
60821.555811134094,1.0006072015047056,1.0009372312331701,1.001113980175239,1.001145100814186,1.0016073969985269,1.0023238875698623,1.023897803948809,1.0066572672716891
60821.55598883266,0.9998332938452694,0.9984705100318572,0.9981576141646225,0.9981113418237392,0.9986067542764704,0.9944149197382046,0.31378496891568225,0.9936456502294017
60821.55616653123,0.99961693535335,1.0003710798917305,1.0002004724392062,1.0001131042222766,1.001418459498137,1.0011273232166753,0.6731838032987532,0.996509190359475
60821.55634422979,0.99936106207835,0.9994217629300547,0.9998761274762781,0.9999344815807272,0.9999086642437458,0.9994281853802115,1.0720743664953467,0.9933987238324813
60821.55652192836,1.0011973405139536,1.0013843714482429,1.001968058028526,1.0021207632134763,1.0020628257050843,1.0019153760821335,0.653371601295871,1.0085233824277102
60821.55669962693,1.00020155441046,1.000069804168725,1.0000930898741656,1.0018434102463176,1.0006116213130831,1.001249865137684,0.951273781807914,1.003223980180956
60821.5568773255,1.0005212625363888,1.0007804272669363,1.0013242713252006,0.9993164088305163,1.0006898116740122,1.0004123086578727,0.5671607214309283,0.9986133089714635
60821.557055024066,1.000531554097747,1.0009608092496438,1.0004108775843326,1.0001886179066561,1.0001539774183688,1.0014463566936982,1.2816634764582466,1.0100591006870827
60821.55723272263,1.0008663975514964,1.0016063238317952,1.0015116227087744,1.0025435269897938,1.001781055518825,1.0028313111295601,1.2745834936845906,1.0156571017440552
60821.55741042121,1.0006492793315078,1.00124308145411,1.0003994241512133,1.0003853572897248,0.998901435829198,0.9996301080475598,0.6475762152016294,0.9949747319988692
60821.55758811977,1.0002617649369423,1.0001068245564986,1.000034127855745,0.9996353153912662,0.9996583522573484,1.0002269763246816,0.772184003708904,0.9949594708314284
60821.55776581835,1.000689612768508,1.0007558502680416,1.0008942294072039,1.000271561747381,1.0001150875475726,1.0016557972990028,1.145031122819371,1.0065820712965046
60821.55794351691,0.9993454238037781,0.9993009317621853,1.0002406600261482,0.9993002960963926,0.9999705026980038,1.001305267335317,0.7724381445386543,1.0009048796561955
60821.55812121548,1.0004642147741662,1.0001592354038404,1.001745576438095,1.0019176204866043,1.0025558440188513,1.00195576439872,0.977289596662126,1.007253844584078
60821.55829891405,1.0004193446620815,0.9987024068972806,1.000132444284092,1.0005925223029437,1.000146638503908,1.000397752825708,1.4038201575527214,0.9938366898409833
60821.55847661263,0.9992485680139026,0.9987517175981948,0.9983087902389488,0.9995448709977148,0.9981514348701258,1.0008820097251,1.4150200327953877,1.007723325503994
60821.55865431119,1.0005395629362699,1.0002464927458368,1.0004799750493043,1.0010749597419364,1.0019780983363584,1.0006437922404854,1.146404004763948,0.9999542712504242
60821.55883200976,1.0001655750245637,0.9999962672372535,0.9990888411066208,0.9985794225215094,0.9988931139563606,0.9982928166261706,1.631342014391943,1.004265437405992
60821.559009708326,1.000753330690856,1.0007548799419788,1.0011935503407967,1.0008004067356657,1.0009315140380322,0.9987607561824268,0.9400529599307859,1.001291627962714
60821.5591874069,1.0009602050440392,1.0012967241621278,1.000646976315337,1.0013901247149144,1.000550480670048,0.9988294747436198,1.166744804967961,0.997026583948306
60821.559365105466,1.0016726947355425,1.0014812644000946,1.0020557382458475,1.001976670933371,1.0021992041162242,1.0042216065672613,0.8189768733632459,1.0193740657856498
60821.55954280403,0.9993798895799654,0.9996924987737991,0.9991695401103993,0.999463786452291,0.9994705427054135,0.9985198147840958,1.187210053023047,1.0027444341250857
60821.5597205026,1.000566441124532,0.9999839236015216,1.0002708979038353,1.00178286032492,1.0020928221075422,1.0003079945309459,0.5792320184475537,1.0035589807839211
60821.559898201165,1.0009780118822262,0.9999749693963422,1.0004244244132166,1.0001023393284116,0.9994078646098947,1.0012102322174206,1.0359870857119071,0.9983553149906674
60821.56007589974,1.0014462345373556,1.0022761977696122,1.0033132612726499,1.0039534096751173,1.0030858136117144,1.0054420937642616,0.6742836958301598,1.0141582715269954
60821.560253598305,1.0015095787498052,1.000448921987641,1.0015427523015343,1.0025821102511805,1.0023554220030713,1.0019612990016893,0.7743991582941784,1.0084955690362147
60821.56043129687,1.0010601692879255,1.000476753296917,0.9999345655130624,1.000446833013587,0.9988479207348551,1.000114077254099,0.9160065736202384,1.0053754022800379
60821.560608995445,1.0000214190082157,1.0002228773672754,0.9998641948453371,0.9994535843605473,1.0000573612349954,1.0012896112273233,1.220059492258076,1.0017215036150031
60821.56078669401,1.0003011907927595,1.0008805643724854,1.000735985632655,1.0010486898012205,1.0020153750995913,1.0008271414933665,1.0871680076659178,1.0129008782525128
60821.56096439258,0.9989784782235621,0.9985903841136271,0.9987747571389728,0.9979989491087559,0.9984879733854815,0.9984533974647436,1.0590541191856857,0.9927681724198003
60821.56114209115,1.0009500491813765,1.0027161907624143,1.00185112649785,1.0023766021433789,1.0022848043995753,1.0010662708619908,1.0660042994483976,1.01090123783643
60821.56131978972,1.0010754076975215,0.9999614289042201,0.9992148096149955,1.0002223772343701,1.0011525147930338,1.0011841927728817,1.2295566658346833,1.0036681355922077
60821.56149748829,1.0007563337552905,1.0009082730760759,1.0011484276214802,1.00142048622927,1.0003857617174974,1.0019531647907278,0.9024633492601929,0.9947166628951296
60821.56167518686,1.0012468446903224,1.001566903927422,1.001618802591292,1.0005521205643841,1.0011926407971892,1.0025902847384345,0.9119217743860424,1.0060606733954445
60821.561852885425,1.0009936113857427,1.0004888869069328,1.0005080804691773,1.0014003835231506,1.001254751944325,1.0014114341245721,0.8174479655280965,1.007273376256628
60821.56203058399,0.9992915977316653,0.9995124142368378,0.9985983519320417,0.9987040330190814,0.9986923045568329,1.0009051957177353,1.4265043520420586,0.9938613241432758
60821.562208282565,1.0007399360603566,0.9997803852860966,0.9993355210316789,0.9988054717605751,0.9989890178295031,0.9990503400382089,0.7848361751769246,0.9936640711615465
60821.56238598113,0.9990328497059633,0.9984728326478493,0.9987312579704842,0.9983485328588391,0.998857098792693,0.9974735786982056,0.7937528458084835,0.9915513637300271
60821.5625636797,0.9995456006109313,0.9990212919525738,0.9995028401857727,0.9988506629740255,0.9998577132431714,1.0013399368014115,0.8624530613858996,1.0024561391209306
60821.562741378264,1.000780654130846,1.0014359117226685,1.0009176759899328,1.0001768377358076,1.00003666092717,1.0010381417662262,0.7205677192256891,1.0016016940644077
60821.56291907683,1.0002336388437858,1.001167290282894,1.0006878333487876,1.002161249102452,1.0020443433736865,1.0021230952534288,1.181843772568438,1.0087599761991306
60821.5630967754,1.000190895601046,0.9994857204761719,1.0001024841320771,1.000727120966818,0.9989140248715689,0.9991202460675122,1.2501166728506388,0.9973222358979311
60821.56327447397,0.9996566524536459,0.9995415991056289,0.9991545857273175,0.9994155284072578,1.0001072155157473,0.998353312348667,0.8506185951487292,1.0043716864287027
60821.56345217254,1.0005005401763498,1.0013260720819714,1.000481859270543,1.0025178300557314,1.0015936084420853,1.0029867441506783,1.748758913624379,1.0060411518870787
60821.56362987111,1.0008084417465315,1.0011844374860592,1.0024017702387231,1.0029295537116045,1.0021580620662127,1.0015435879411265,0.6226387093763386,1.0051608966199588
60821.56380756968,1.0007340245513259,1.0008956717144868,1.0014868212781058,1.001777891679153,1.0039979921075037,1.002957575762746,0.9172964199440524,1.0099098050046584
60821.56398526824,1.0018863592545,1.002403601944366,1.0021045706495157,1.0028958941368875,1.002474425955719,1.0018992796600665,1.3019322970252176,1.0049871262087553
60821.56416296681,1.0008575752900692,1.0000426256077668,0.9999281592268711,0.99989623713938,1.0000229768379387,0.9991596684853274,0.5356397245286567,0.9946401588772424
60821.56434066538,0.9991620511722308,1.0000039794250728,1.0001116403865702,0.9996036931735384,0.9992167109919243,0.9981190390529583,1.2768869945117531,1.0019743225200999
60821.56451836396,0.9994433294892272,0.9997715790783129,0.998473370538169,0.9996287481833842,0.9983391470184697,0.9982775817082928,0.994265003299641,0.9953208653117811
60821.56469606252,0.9995135940274239,0.9983734990085539,0.9982804426343677,0.9979867013041381,0.9967652299019728,0.9966928135423336,0.799902856730365,0.9986266925254206
60821.56487376109,1.0004036054596823,1.0005764852233214,1.0003822523641137,0.9998463142027741,0.9987294108637816,0.9974397355908193,0.7813345223417542,0.9955266633610373
60821.56505145966,0.9997485866272402,0.9992716280964651,0.9983235101396982,0.9968745192008597,0.9966454337086667,0.9956622350230442,1.1004022048033306,0.9970580665685661
60821.56522915822,1.0000901051644242,1.0000389514273227,1.0006946550131137,1.00040080369749,1.00019457352497,1.0004249498253384,0.6882974403185452,0.9960699288984746
60821.56540685679,1.0013512012948078,1.00143059596817,1.0020376320505044,1.0016415262262786,1.0021527634223917,1.0027662342468258,0.9278199661881019,0.9981546749094911
60821.565584555356,0.9995995180719612,1.0006405169495056,1.0000688229883918,0.9995051053416469,1.000427451012112,1.0003496088413875,0.8003920323491601,0.9901373048191671
60821.56576225393,1.0000298789448954,0.9993888104756006,0.9998520034145624,0.9992568210190123,0.9999176173810778,1.0001818519345398,0.9232967211478608,1.0033601105675076
60821.565939952496,1.0005618265996292,1.0011960050423105,1.0006761485142865,0.9999534354635964,1.0003142910890412,0.9988967695886851,0.6319237257280086,1.0029775819033484
60821.56611765106,0.9999150901570484,1.0001946474081516,0.9998903842441617,1.00002371658935,0.9999592248864173,0.9988401771909482,1.2691718171869288,0.9932143360731291
60821.56629534963,0.9994798108987542,0.9991736657908815,0.9986245064501063,0.9980180452635055,0.9980755898166549,0.9981376534241821,0.5012274789158074,0.9994863161711881
60821.5664730482,1.0006618691548939,1.0001272525499714,1.0005927627016895,1.0005680024394585,1.001411360189075,0.999418263681184,0.5638806196240419,1.0033599972975014
60821.56665074677,1.0007323932437695,1.0016114250263437,1.0031538826080137,1.0017974153150566,1.0010548422268213,1.0033965870918586,1.0029990294414803,0.9967833116802713
60821.566828445335,0.9998283202265404,1.0007965354050523,1.0011923279737247,1.0011272612218391,1.0008954473842981,1.0009152481588794,1.239370598821496,0.9991419745990411
60821.5670061439,1.000751251054504,0.9996823049090613,1.0009502771766456,0.9988746434022887,0.9988149418121338,0.9995489743103655,0.1929994161203224,1.0020597065216665
60821.567183842475,0.9995060330561363,0.9987980010631633,0.9989105388044798,0.9981695115010845,0.9990146080206599,1.001160010551712,0.9133755871251479,1.0092335322459438
60821.56736154105,1.0010906664157657,1.0017238401119175,1.0019194546054926,1.00290360099873,1.0033701253996916,1.0068907526031925,0.5158874299003351,1.0070279314046204
60821.567539239615,0.9997583570871462,1.0009276121279262,1.001622508094354,1.0016767782256022,1.0008980527444737,1.0028166596544552,1.0232456488343191,0.9953546257968879
60821.56771693818,1.0005136326387798,1.0000077662358877,1.001125924359744,1.0008818592358073,1.0007301350877353,1.002308565529161,0.8406517178543867,0.9841153675908357
60821.56789463675,1.001131554186551,0.9997676352016344,0.9998127292193805,1.0004058346056912,0.9995725067920573,1.0012333558140927,0.7962321707656804,0.9923125995759533
60821.568072335314,1.0012790695917984,1.0020554344435675,1.0026791516144695,1.0026379375447665,1.0046655214088749,1.0049250062390662,1.4164579306090967,1.0086650924077718
60821.56825003388,1.0002322233925434,1.0008604929511693,1.000702653600493,1.0016071365838515,0.9999361341011479,1.0012277741884146,0.7597049801701805,0.9981141399326947
60821.56842773245,0.9999665033463534,0.9997081413367744,1.0001667664016722,1.0003390128162715,0.9999904503586153,0.999689873424728,0.5252786835168803,0.9957059253179799
60821.56860543101,1.000248077831137,1.0004528818248228,1.0011050674258617,0.99979147815376,1.0006689524347543,0.999687252609054,1.129558074298975,1.002689858017608
60821.56878312958,1.0007735859519853,0.9999433072034971,1.0011573215550533,1.0007174874449745,1.0010852280577585,1.0000945077731649,0.9813499137409708,1.0073358480950088
60821.568960828154,0.9996658090385022,1.001133400874339,1.0017858363173375,1.0024247175468022,1.0007706144587354,1.0022887666301938,1.0696886679128004,1.0072517077629761
60821.56913852672,1.0011936295700448,1.000962091349632,1.001495271444787,1.0022146067514122,1.0024544881469972,1.0031592925118393,0.43610101381186,1.0100142161504089
60821.569316225294,1.0007353930772827,1.0004287074659015,0.9999983704554131,1.00058156966048,1.0006096208217727,0.9986481427441254,0.8457200434434634,1.007487610286197
60821.56949392386,1.0002765124003519,1.000924310661512,1.0008596506904686,1.001067922681909,1.0004298169527737,1.0019733822635797,1.3800702536327016,0.9975316236192493
60821.56967162243,1.0001464344312878,1.0000987771981067,1.0019845796250566,1.0026261057596908,1.0020055248826214,1.0025885621699533,0.5065793496667846,0.9936227481467445
60821.56984932099,0.9989546983349864,0.9992518231067353,0.9996464211671884,0.9984768673450628,0.9992374490343471,0.996769242716513,0.6515610193809399,1.002187185388636
60821.57002701957,1.0007347972030802,1.0006726818982097,1.0014229199460212,1.001790407759437,1.0009239410947142,1.0013387985323448,0.8354053311928028,1.0078100733467077
60821.57020471813,0.9997573802719358,0.999870231675671,0.9997930126772827,0.9982254092650975,0.9981013400545518,0.9971793600841689,1.1831450079895665,0.9929344889702438
60821.5703824167,0.9997851358861147,0.9996279590320444,0.9989763318401114,0.9986576994896188,0.9989230631441006,0.9995047596510519,0.8421333642103574,0.9804833339688472
60821.570560115266,1.0011360056268543,0.999370830061607,1.0001340606827134,1.000114682745057,1.0002015975507224,0.998362832259366,1.0515227889471144,0.994267666780568
60821.57073781383,1.0008407948078863,1.0005368523913227,1.0022315283630374,1.0024711460967255,1.0018118627504127,1.002777219802814,0.6642577659646145,1.0007723778834987
60821.5709155124,1.0007011823900256,1.0007612215215635,1.0009513487972161,1.0015407714102638,1.002827235703779,1.0026883402376945,1.226799816602645,1.0029559957270422
60821.57109321097,0.9996002393366812,0.9996216279718825,1.000923980494727,1.0010564229138517,1.0009780917289002,1.0007213381287623,1.5819679909069542,1.006776460487889
60821.57127090954,1.0010571954556362,1.001498107809586,1.0016964360494203,1.0013862412249912,1.0021245130350682,1.001311212061511,0.7688495654288647,0.9900074400040068
60821.571448608105,1.0006860184454731,1.000412138286879,1.0011843742801942,1.0018799735279975,1.0004080342382484,0.9986470078090176,0.7913099544448665,0.9938502873447491
60821.57162630667,1.0006679843658204,1.0002238077920795,1.0004971009522496,1.0009440753798033,0.9997501412005394,0.9993781988280487,1.186917798352165,1.007286338352467
60821.57180400524,1.0000403158977127,1.001310489552253,1.0013505829717357,1.0015370178432585,1.0013655632140128,1.0005100847528714,1.6479527339128857,1.0034343455044112
60821.571981703804,1.000432324811533,0.9999501595191926,1.000427564341812,1.0006160143186447,1.0006862019787177,1.0027036706364452,0.7656860223268694,1.0034088871921025
60821.57215940238,1.0009846048079472,1.0003070022790985,1.0007262236413061,1.0002093768824936,1.000040955979411,0.9978562921987242,0.6014374970849433,1.0003731316455653
60821.572337100944,0.9997887185162915,1.0002761919781258,1.0012532466157185,1.0006371893879702,1.0007013411735035,0.9996979145163706,1.2659706915317541,1.007136323271653
60821.57251479951,1.0009028317280309,1.0005753037833267,1.0000224029688882,1.000289304692458,1.0014809000329892,1.002575269861831,1.1300396865453917,1.006722131123309
60821.57269249808,1.0000168407927141,1.001696195794449,1.0015298554431515,1.0010158139049796,1.001962233633527,1.0010391523261524,0.37332130913433276,1.0041209480443274
60821.57287019664,1.0009190637228575,1.0003277632667118,1.0002659748751945,1.0015719698441317,1.000863755899118,0.9992038340845127,1.2587627728124782,1.0015417076828388
60821.57304789522,1.0004368105611434,1.000151053832124,0.9992766390079351,1.0000074696434471,1.0004841231724664,1.0016479737018602,0.9088725609508559,0.994132297285702
60821.573225593784,0.9999497584043048,0.9999238816384632,0.9992804892056321,0.9998944259828493,0.9995603757696259,0.9992090858566519,1.3477142120901195,1.0061796662140814
60821.57340329235,1.0008186009939688,1.001223820753822,1.0020195543539527,1.0012146984581358,1.0006288981820994,1.0025102144646088,0.7387334830131156,1.0112238699653917
60821.57358099092,0.9999360106802614,0.9994587501272356,0.9995627044825252,1.0004894829288504,1.000824799295709,0.9992423855287699,1.7501535032832896,0.9990531551031244
60821.57375868948,0.9997181948889761,1.0000097386276505,0.9998357986057532,0.9987075975064619,0.9989644115261466,1.0004260786250359,0.8755626853311924,1.0050323880332641
60821.57393638806,1.0000149033168997,0.9993543434056419,0.9995229898214697,0.9994632183260661,0.9976698202118978,0.9988152084796598,1.60034487644418,1.0110526919649903
60821.57411408662,1.0000265084785518,1.0000894450191866,0.9991004960118899,1.0000666489039434,1.0005051606751663,1.0016475057205603,0.92494315654032,0.9948184003166021
60821.57429178519,1.0003963465026104,1.0006346619839073,1.0005468356342502,1.0001655808060321,1.0010443179918722,1.0010342017679208,0.785583514960165,0.9942873295418183
60821.574469483756,1.001157166469072,1.0005501003346713,1.0015689144119413,0.999681063565113,1.0005956233309106,1.0014282902724783,0.06925148865150176,0.989181187174447
