t_bmjd,bin00,bin01,bin02,bin03,bin04,bin05,bin06,bin07
60656.50319017837,1.000579407830818,1.0000806261231845,1.0001812240874446,1.0006473164286125,1.000499136589943,0.9978793749375375,1.8792253584258396,1.0017095293287268
60656.50336791212,1.0004706397057015,1.000884808146886,1.000702015310181,1.001898253166933,1.0010088581383552,0.9992159875032182,1.1667069922449829,1.004193590552317
60656.50354564587,1.0009619049035916,1.0013583480638466,1.0003933060557766,1.002126784548292,1.0020629273964317,1.0021206570643184,0.1836440919875472,1.00190784605921
60656.50372337962,0.9993819422054202,0.9997181078285863,0.9983703248379217,0.9988604536048589,0.9996518794389024,0.99774270703592,1.383678474950233,1.000313606864096
60656.50390111336,0.9995468206044935,1.0005750937611524,0.9997190791281042,1.0000892650666884,1.0007615464230586,0.9970000429218346,1.1177296598002107,1.0013670561937889
60656.504078847116,1.001909867020129,1.001546045862764,1.0016592708448266,1.0018430303525185,1.0029263615524766,1.001482534766487,0.929798252973426,0.9918229855014307
60656.50425658086,1.0000423116550685,1.0002012197385928,1.0006888995787169,1.0004715357423033,1.0009649162867704,1.001793796809161,0.5619327615720546,1.0012869901046648
60656.50443431461,1.0013683466842103,1.0010368017567957,1.0010635266733625,1.0015069937980245,1.0012776415624003,0.9988009954009293,2.4666681776199,1.0091375031573986
60656.50461204837,1.0003328970459024,1.0000887879904639,0.9998892447835275,0.9992196895550335,0.9994002755322157,0.9959025191910507,0.44708514546689604,0.9917643118426307
60656.50478978211,1.0001479417023798,1.0005916494409552,1.0003393011099697,1.0005325943903645,1.0014559230354065,0.9959808182248209,0.4812234960481,1.0027365398523629
60656.50496751587,0.9993916377837434,1.0002491898868593,0.9995057636974881,0.9989557143061534,0.9980802001504051,0.996964107638153,0.35082715630211797,1.0002878869069232
60656.50514524962,1.0011070444939654,1.000373971724152,1.0017944905609724,1.0029125935185093,1.0026566694162347,1.0017522083760888,1.215308325215816,1.0072562328690033
60656.505322983365,1.002030845943965,1.0014731640353973,1.0020576262544147,1.002227947703855,1.0006270023321242,1.0020278134977985,1.3973777588142133,1.0123397848437918
60656.50550071712,0.9999333590364561,1.0000877648622617,1.0002992159457504,1.0002000789164718,0.9999800159320866,0.9976672604238228,0.5360880703745502,0.9998721013350912
60656.50567845086,0.9994917317982696,0.9997746682734129,1.0002243500429955,0.9993762320060054,0.9997278056611413,0.9974480629843826,1.6091305298588565,1.0016711298539027
60656.50585618461,0.9990132893588057,0.9989902488167622,0.9988576007268761,0.9992863705999108,0.9987596443709033,0.9981184026166391,1.0712200382975998,0.9932096777750231
60656.50603391836,1.0013298955996728,1.0014968551976358,1.0022020755878274,1.0023881786354172,1.001828055324534,1.0039348419035758,0.05044052963908182,1.0010066999770664
60656.50621165211,1.0002525499749806,0.9999343417676609,1.0005510464200456,1.0003521707705516,1.000711711660007,0.9969393914197037,2.3781758342857393,0.9980734583209352
60656.50638938586,0.9996760579913436,0.9981755646670196,0.9988760452525062,0.9986132303067697,0.9993784708885205,1.0001654019831452,1.2483850575882864,0.989372757427561
60656.506567119606,1.0003866382207676,1.000835540407909,1.0008214538001006,1.0009609340741978,1.0002302704882884,1.0023265523106006,0.44105324793616674,0.9930378349153814
60656.50674485335,1.000329488981359,1.001351106559638,1.000974310259644,1.0019327855935254,1.0003446785031491,1.002250146983335,1.3603408258841525,0.9996498002502892
60656.506922587105,0.9999325196063988,0.9993938020606435,0.9998463279358925,0.9996417877055546,0.9986644436993327,0.9984465716288896,0.8747844318592676,0.9957636198700601
60656.50710032086,0.99971169240355,0.9995010329523081,0.9982448180472596,0.9989849989017056,0.9966314279866791,0.9995129705216037,2.8439306059798146,1.0056318629577987
60656.5072780546,0.9991158843192729,1.0001826500069508,0.9997061373788165,0.999535701042597,0.9985764899241094,0.9989388199317148,-0.4587185256269233,0.9902646038546206
60656.50745578836,0.9996874942857535,0.99909885093542,1.0006549751398413,1.0006273195444924,0.9995933110655467,1.0006627302324786,1.4210826120194757,1.0065619180207355
60656.50763352211,1.0008836561775794,1.0007298717995383,1.0019802154918582,1.002192074896917,1.0005439474833016,1.0016460948097448,1.9748330797539488,1.0057938630533487
60656.50781125586,1.000697003708779,1.0008710036054462,1.0004583461916106,1.0006559903892687,1.001470943851515,0.9981986739363409,0.8815238625513074,1.0010324194766917
60656.50798898961,1.0005739675750227,1.0004056289933312,1.0002824827022248,0.999699800544381,1.0003661641150836,1.0016011534928961,1.0799634336245794,0.9917148548148219
60656.50816672335,1.0010144497870206,1.0008511628789998,1.0009720493694896,1.000760462737919,1.002301482514824,0.9998044500030587,0.8452104665528192,1.0035922778286501
60656.50834445711,1.0010335506964119,0.9996917568948707,0.9997509544191718,1.0004054260264328,1.0002926238648318,0.999999488157183,0.691392300343873,0.9984734475192312
60656.50852219085,1.000020991144643,0.9999964954942521,0.9995122700820589,1.000147150640208,1.0005172403910656,1.0002723549531634,1.0288686167286691,0.999055050381501
60656.5086999246,0.9988715601353071,0.9989001673991996,0.9987082160075763,0.9990391031831819,0.9997799581778836,0.9997272762705353,0.7173181320913367,0.9932855323880089
60656.50887765835,1.0000404019478515,0.9998093998121617,0.9989067856528954,0.9989043785062082,0.9986121508531057,0.9990014475506688,1.5816985111642037,0.9944180561763784
60656.509055392096,1.000757191258296,1.00076554776432,1.0014227617788787,1.0008722305241762,1.0022326782456399,1.0022157362790092,0.12616380553844836,0.995348689121941
60656.50923312585,1.0014019372400185,1.0018640579900973,1.0007360738854731,1.0017971132511216,1.0021467239338502,1.0020291859492292,2.6029408596409187,1.005606324938192
60656.5094108596,1.0011465985487698,1.0021540081804592,1.003193124388666,1.0027094497583395,1.001699039696234,1.0033962028223251,2.130778160508491,1.0033792116351479
60656.50958859335,1.0000610592333223,0.9992501320645407,1.0001983018925178,1.0003453139371472,1.000258485798074,1.0004138783941374,1.0220655448551308,0.9912297640496215
60656.50976632711,1.0002063971311805,1.000291648531248,0.9998445588060864,0.9996709117623775,0.9998520100457966,0.9998434259990292,1.0815140907060052,0.9958383989966011
60656.509944060854,1.000394531073543,1.00049651190655,0.999349863482879,0.9998494365838114,1.001246624297321,0.9991028467206161,2.053822652992483,0.9932087799834304
60656.5101217946,0.9999428426467946,1.0004706230540776,0.9999546137840943,0.999696966843991,0.9996014468388794,0.9992595670074362,0.4784132735538806,0.9975660252981768
60656.51029952835,1.002119376421895,1.0015298840556572,1.002206133818147,1.0029048504021298,1.0020325216861332,1.0020586032482661,1.0646146940708276,1.0069844424368934
60656.5104772621,0.9999255900491143,0.9997827680835795,0.9997516665935332,0.9998697470201372,0.9994367658325638,0.9955895013770376,1.7390078187717768,1.00765007969867
60656.510654995844,1.001452202354817,1.0014074346973718,1.0008747711595636,1.0014659487076834,1.003233599518901,1.0021727459704914,1.0971637628775852,1.0032716182758092
60656.5108327296,1.000234988404416,1.0007734652025628,0.9996963156733092,1.0000402836380324,1.0006468573784773,0.9988093858375544,-0.5498283538458418,0.9982868273277616
60656.51101046334,1.0005409527555726,1.0012378298939661,1.0014383825243847,1.0009471935525645,1.0012420779557016,0.9996487422946625,0.5510304115514364,1.006354971068911
60656.511188197095,1.0003728217760752,1.0006170899624491,1.0007078701122907,1.000525729441491,0.9998212726981829,0.9996992912517589,1.4796743083586246,1.0034579851938812
60656.51136593084,1.0001264363914808,0.9997292741285674,0.999851201851736,1.000097358992653,0.9985376579565917,1.000810660677637,0.27343671883023285,0.9933158952055214
60656.51154366459,0.999931544031807,1.0001237339247775,0.9992432049443114,0.999900987443681,0.9989981436911783,0.9986175422544684,1.4272013172869442,0.9946526936597228
60656.51172139834,0.9994724299720845,1.000460385258771,0.9987739126654287,0.9989997005161811,0.999442513224024,0.998331921798196,2.709903575523609,0.996574426546691
60656.51189913209,1.0009100517940277,1.0005105869301583,1.0014798565822838,1.0019432446622196,1.0023825872101773,1.0025040913455079,0.4461604701420835,1.0119081758615203
60656.512076865845,1.000987279205796,1.0006805052757697,1.001011031146428,1.0005520388323874,1.0010291017323956,0.9986490408121409,0.03851554913312734,0.995981536151372
60656.5122545996,1.000312101620543,0.9993555766883464,0.999037862288108,0.9984354521822465,0.9990641137496786,0.9993359815426878,0.6390491850198569,0.9997143787273204
60656.512432333344,0.9996846245063097,0.9996983286164787,1.0000178182707538,0.9991790952420982,0.9986038526905678,0.9971677860907115,0.8693251288814212,0.9963444770129231
60656.5126100671,0.999633508756774,0.9990612683879688,0.9984078658009469,0.9989795457493033,0.9995345000352622,1.0012265782401883,0.789629991975716,0.999724841676394
60656.51278780084,1.0010447833112301,1.0012477961215573,1.0013690630856102,1.0014959096168985,1.0021269395156789,1.0047142895206824,1.153359523945112,1.0023684251672735
60656.51296553459,1.0015252883327215,1.0006638030470996,1.0008982573264416,1.000244074274846,1.0017591878422007,1.0052180941225644,0.9981952867496419,1.0086126946395317
60656.51314326834,1.0007541153434403,1.0012959294637478,1.000132188226281,1.0001383421841001,0.9991252505048136,1.0009790418976172,0.8686306648136743,0.9965603320006765
60656.51332100209,0.9991432163706782,0.9983844872650184,0.9998979667240955,1.0001382551272524,0.9995695279058843,1.0021557814913897,0.23177572343129563,1.00071828513504
60656.51349873583,1.0007289457952486,1.0004422578875984,1.0006412016789112,1.001957252330332,1.0007744387541735,1.0020196277600044,0.1672271279417388,0.9929899097985513
60656.513676469585,1.001545361900418,1.0012091790476585,1.0013421434874976,1.003269080021616,1.0027598931526485,1.0037196282910963,0.3218062536447487,0.9965833703545234
60656.51385420333,0.9994215140649214,0.9986565074728675,1.0000754948442137,0.9997638009761216,1.0005178947676576,1.0016070693814294,1.3535864783391462,0.996524691704295
60656.51403193708,1.0004200732924569,1.001785349126477,1.0017193577026,1.0025238111382466,1.0038455953088532,1.0040183533265366,2.2388217808604094,1.0045131276576909
60656.51420967084,1.0003199033009917,1.001093527023867,1.0013256655641884,1.002624761963634,1.0020262355925833,1.001959083476675,0.7205666778972311,0.9941157349651889
60656.51438740458,1.0005928287349624,1.0017655288445018,1.0027000740477303,1.0030213868378808,1.0027162749672198,1.0043684143595402,0.26830730394697244,1.007118443405861
60656.51456513834,1.0002319488663978,1.0000500822635467,0.9988519540447711,0.9978913273337463,0.9987203912295562,0.9969150003193078,2.371591974066234,0.9960923841716152
60656.51474287209,1.0007026801837842,1.0018024132042016,1.0016986547017102,1.0032793186446658,1.0025588343690983,1.0061949126065974,0.028877868688923225,0.9980630183740278
60656.514920605834,1.0014257930778683,1.0016483747852838,1.0015009051326327,1.0006102811176512,1.000724080675224,1.0021191882175078,0.9366994017422252,1.003998058373371
60656.51509833959,1.001263851072363,1.0013939721032887,1.0014421997043192,1.0023370648304335,1.0019154114481617,1.0026541099264437,1.6728653579775379,1.0119836745440638
60656.51527607333,1.0000505222295881,1.0008056308696642,1.0004066992805805,1.0000613899067439,0.9993511804186261,1.0008365191247954,0.035290963332099586,0.9953149993925976
60656.51545380708,1.0012748084818253,1.0003078506845247,1.0006146017250248,1.001342668243545,1.0017283233267844,1.003020705201761,-0.49615722014466584,1.0036385496180047
60656.51563154083,1.0006485374823095,0.999983514159412,1.0011881099863889,1.0028071120481967,1.0025116074728724,1.0006445721076442,1.6535088239316513,1.004768050014987
60656.51580927458,1.000192401718588,0.9999159091768111,0.9995741345217696,1.0007320914277198,1.0017088670237881,1.0009319886750028,0.36321650265815253,1.0062769656078216
60656.51598700833,0.9994190663795819,1.0012391987689406,1.0000164112653647,1.00200277583149,1.0017749831584228,1.0023324365365864,0.11228314778533331,0.9994704051514645
60656.516164742075,0.999619166920038,0.9997283088962137,1.0005497139470845,1.0008201259680005,1.000076464368201,1.0003957382467992,1.4920005482964704,1.0105884703459835
60656.51634247582,1.0008510204753798,1.0018375118388165,1.0013687342208775,1.0018757967793135,1.0019956930749403,1.0023176189489806,2.1815340200719,1.0138793152380845
60656.51652020958,0.9987978181464201,0.9991328122784555,0.9990472080398497,0.9994976932771369,0.9998407964779724,0.9997807974338914,-0.01479649209264432,1.000086070561186
60656.51669794333,1.0007005649551104,1.0002176744625093,1.0012420354602107,1.0008049108656778,1.0000542494878493,0.997331475345779,0.9633688153500286,0.999946753970517
60656.51687567708,1.0002091623847753,1.0004571058207878,1.00049278017324,1.000240081980613,1.0014661179631816,1.000399161840521,1.499719756672546,1.000034480155273
60656.51705341083,1.00131167126462,1.002250702751347,1.0027237799700142,1.0020844364087622,1.0016734300287642,1.0011230001931102,0.6815414754179806,1.0009704279738225
60656.51723114458,1.0001031816156354,1.0000698634658238,0.9998092012370533,1.0008939422806407,1.000428389396946,1.0002042861069573,1.3750251828932332,0.9989736366482976
60656.517408878324,1.0006056960051306,1.0012299824735156,1.000830308120798,1.0019941955676106,1.0010147775585623,1.0012744061567223,0.9168643132278806,1.0004984123801666
60656.51758661208,0.9993203373406452,0.9989438337148087,0.998612113961072,0.9983819712425546,0.9988246323083882,0.9959202231937203,2.3734897490552176,0.9909357421280693
60656.51776434582,1.0004936734577246,1.0013278820017557,1.0010184314810604,1.00074312012855,1.0021124529526402,1.0002391670878086,1.0966707643651843,0.9970812872189898
60656.517942079576,0.9990374776533212,0.9992606761650722,0.999329206364986,0.9993650910165973,0.9996674582361844,1.0002409155896854,1.9699172267286185,0.9841144843067271
60656.51811981332,1.00044788914045,1.000520538683787,1.0010543636852325,1.0023625064563793,1.002799449012685,1.002454547674295,0.616372881651523,1.0057083597596463
60656.51829754707,1.0010760411447839,1.0008677456974817,1.0017741069847732,1.0016292064140175,1.0014103001960215,1.0015105056732754,0.9950576956351279,0.9981057232470348
60656.51847528082,0.9991901682769899,0.9991004725619589,0.9983672458473488,0.9977207946998087,0.9982416787896883,0.9971651289521851,2.1213708608804502,0.9902295547513407
60656.518653014566,1.0002159060671654,1.0007636835179898,1.001578152889806,1.000507860433302,1.0008034124363778,0.9975058652726351,1.0225250043605383,1.0099987333687621
60656.51883074831,1.0000321212289662,1.0007503302023215,1.0008340081234623,0.9991781102455113,0.9986888258082214,0.9975252019504134,0.7146460350470558,0.9974377348976841
60656.51900848207,1.000115179832415,0.9993723375365634,1.000406304116015,0.9994761593969942,0.9999634005133027,1.0007079790822047,1.9876274897524098,1.009837105841749
60656.51918621582,0.9997792231625737,0.9995892521137104,1.0004228587671107,0.999924727698472,1.0005853259582533,1.0004870284099674,2.087733555260387,1.0052756232552886
60656.51936394957,1.0000816612628376,1.0012114431371941,1.00029429614691,1.000074836353297,1.0008805929113138,0.99994089028973,1.6792871392637414,1.0015443172073903
60656.51954168332,1.000306823755861,1.0002146676777885,0.9994813265012223,1.0002976275897648,1.0001192357569522,0.9993915630447816,0.8060314044088576,1.0061718275737201
60656.51971941707,1.001041766489549,1.0014541334889842,1.000965981068747,1.0012991637972586,1.0025262488247082,1.002934856519699,1.0903338419730084,0.9993841538506176
60656.51989715082,0.9995377945441642,1.0006298104041207,1.0001951455155509,1.001030109887975,1.0013553353429405,1.0030029383355492,0.7896117078529676,1.0001991456320065
60656.52007488457,0.9998931928684558,0.9989757162350246,0.9988802658296014,0.9987414888732752,0.9989667080329069,0.9985403493328721,0.5531954268959158,0.9892990725053211
60656.52025261831,0.9996886540468638,1.000027477914944,0.9986870378212966,0.9988650867997997,0.9981099809588646,0.999356626123686,1.2852598746298576,0.9871949177589268
60656.520430352066,0.9997858428260413,0.999289393229757,0.9993921885715773,1.000061811911124,0.999106705323899,0.999416178760028,1.4292139555219037,0.9962563622454642
60656.52060808581,1.0003377331699181,1.0004479163021924,1.000125265821237,1.00123616245351,1.0010494771286336,0.9992058527417723,1.7116231048916677,1.0021758058611705
60656.52078581956,1.0009306814515209,1.0013945928553423,1.0017512519835203,1.000262717793871,1.0014588731059684,0.9993964257151344,0.3038503777458116,0.9992987651517931
60656.52096355331,1.000674760270408,0.9999831195630178,1.0007495197988858,1.0003137080961741,0.9999483339093701,1.0006635171575569,0.7312381775534136,0.9981808212010667
60656.521141287056,1.0011793969490603,0.9999044799934915,1.0004796354630405,1.0005614425950236,1.0002672288625445,0.9985842192925004,0.9812279338713018,1.0076012230149152
60656.52131902081,1.000536673949264,1.0011218131263273,1.0002878721980581,0.9996475180381066,1.0001719571920402,1.0011091577058107,1.1435753379186195,1.0027601682762401
60656.52149675456,0.9998201719697879,1.000314917234715,1.0005020564418787,1.000283439832021,0.9991780188399804,0.9995970013995802,0.34792526972468224,1.00322968836366
60656.521674488315,1.0011557475536,1.0004462052989371,1.0019138770208906,1.0011909533898813,1.0018940561554182,1.001910670449187,1.340845212074942,1.0100652538026174
60656.52185222207,1.0011221470210216,1.001891282065582,1.001619394568987,1.0025397502141673,1.0016213066160233,1.0001820760991473,0.30840269823858485,0.9976824771535174
60656.52202995581,1.0003501195597848,0.9995882693316777,1.000189183689705,1.0018425986833528,0.9994126541869748,1.0012199837992615,1.0725718916841371,1.004290017628722
60656.52220768956,0.9998209679625246,0.9998537666675407,1.000045843890578,1.0002055331755286,1.0004728725458811,1.0037085593691104,-0.6321847175359534,0.989976640112938
60656.52238542331,1.0005948345261468,0.9998132670739345,1.0000218818797022,0.9993903687838493,1.0005923370565768,0.9990869258132334,1.1437000899381518,0.9939985661743456
60656.52256315706,1.0011603456165405,1.0021914613668734,1.0018440794329921,1.0019048669051571,1.0028358555231693,1.0055166264595554,1.4174432020587064,1.0180447545167994
60656.5227408908,1.000571577601459,1.0008292815048088,1.0011520629649566,1.000570387612339,1.0002995693401202,1.0010920022821623,0.7955971222786287,1.002951558567879
60656.522918624556,0.9994771248864359,0.9999376250050594,0.9999851829465052,1.0013516143675152,1.0016168859591998,1.0014097330617573,-0.02365550716003754,0.9879083045224436
60656.5230963583,1.000094534365579,0.9998268054753942,1.0007984213040972,1.0007403053888464,1.0013983323340465,1.000526264144985,-0.7832892708075918,1.0037552035430062
60656.52327409205,1.001146002705383,1.0010595128508692,1.0008357353768011,1.0013471000273044,1.0023260019871842,1.005310964389935,0.3461694396130144,0.9919988494142161
60656.5234518258,1.0006270298690791,1.0011602210514725,1.001270153614404,0.9999401476057173,0.9997289342290425,0.9975151444298906,0.21108966019320854,1.0051061743263148
60656.523629559546,1.0009259427928716,1.0009475723128323,1.002117240012389,1.0014331729112111,1.0024857935212654,1.0012179524576015,0.6582650458816635,1.0032322473858228
60656.523807293306,1.0003254098639338,1.0001881455894703,1.0009749786365993,1.0003618939875525,1.0018357834564715,1.0006480654882053,1.0721357248163768,0.9957411686329816
60656.52398502705,1.0009393821156678,1.0022521210187172,1.0009467822178686,1.0011844004438961,1.001652031728834,1.00168056080814,0.9912048412034966,1.007256664128419
60656.524162760805,1.0002106117791856,0.9997538659331031,0.9997500703482245,0.9993327601691486,1.000215015542538,1.0008268338930604,-0.9235282792520794,0.99424150868747
60656.52434049456,1.0008615028371135,1.0017541135923709,1.002722334655616,1.0032372906234934,1.003606547276195,1.004036448933994,-0.8501362126993752,1.0214245111410978
60656.5245182283,1.000121935947395,0.9999171401872953,0.9996920970720367,1.000582578964747,1.0001978738418433,1.0044460796808068,0.39647534584968436,1.000509156429851
60656.52469596205,1.0007140451059184,0.9991604206376365,1.000515846258231,1.0002049699619908,1.000654140979234,1.0007236684745169,1.3687736672014021,1.0010536837104955
60656.5248736958,0.9991809509696593,0.9990604867940105,0.9981267035781705,0.998476748778345,1.0002204559516648,0.9988701570435001,1.0533407748511678,0.9946322969777743
60656.52505142955,1.0003201217155047,0.9998070474314565,1.0006345631337468,1.0017757421230178,1.0020250484459274,1.0027242571927333,-0.246839372186804,1.0072618753460756
60656.52522916329,0.9997639453513472,0.9995644898782697,0.99965871697235,0.9999660570515535,0.998338938059574,0.9974931766221072,2.7745345017375636,0.9991709162015492
60656.525406897046,0.999566632780823,1.0000118239629856,1.0002986043188173,0.9997057182704862,0.9992960057201338,0.9992769430535003,1.0293442973877973,1.0029737258342755
60656.52558463079,1.0001180885980052,0.9999149394213441,1.0004938535938748,1.0000587869070001,0.999771908048173,0.9993833248745474,1.9483764867264797,1.0033709033609397
60656.525762364545,1.000314398426426,1.0009784725937891,1.0010992873102524,1.0011939657781397,1.001609098321629,1.0023253292639314,0.9638140731940503,1.0087993484399522
60656.52594009829,1.0001540543924556,1.000200995211254,1.0006675577284463,1.0008515283320363,1.0027200542237575,1.001075345335938,0.658496800561289,0.9998484281547393
60656.52611783204,1.0008866906504683,1.0017532983464505,1.0017127957754541,1.0018508320478279,1.0013855213829101,1.0030614348690037,1.974235196983264,1.0094687952430939
60656.526295565796,1.0004400472459447,1.001106463489424,1.0006057806640118,1.0021570002832287,1.0021473508748229,1.000927997301648,0.07260491669948294,0.9934854576063017
60656.52647329955,1.0001555536707145,1.0000177275303144,0.9994383276569401,0.998718454000281,0.9997915793871033,0.9985768646042681,1.8848095090719403,0.9948824522713534
60656.526651033295,1.0000393982848155,0.9996630568370913,1.0003862831033044,1.0002717198407993,1.000574291278081,1.0013236026707175,0.675491602449015,0.9999699230997887
60656.52682876705,1.0003606516518786,1.0001522136164822,1.0002375215365709,1.0005103870738614,1.0018199705295479,1.003328822774993,0.9027235605135716,0.9991111508757575
60656.52700650079,1.0004556268160838,1.0004886033336091,1.0006723809315037,1.0014980108593363,1.0009107159235096,0.9988832099517904,2.166757333786218,0.9934015048998397
60656.52718423454,1.0000787162738989,1.000284765800377,1.0001007720944848,0.9995986279453635,1.0001554086939222,0.996742221397639,0.9242487336862014,0.9997103714837953
60656.52736196829,1.0007054870328342,1.0001265999502158,1.000496901520122,1.0011439369375636,1.0005709795393234,1.001365241320775,1.7486780523889875,0.9865119861959436
60656.52753970204,0.9995486030695244,1.0003888524046802,0.9999150804232834,1.0005506420864219,0.9998066511815583,0.9995119489890485,3.001148556014849,1.0062214607573572
60656.52771743579,1.0000043414508326,0.9992725734001441,0.9987737294627455,0.9991470405419213,1.0001330147405427,0.9993510193603888,0.8496267984750573,0.9917627968193181
60656.527895169536,0.9999922931967158,0.9989003456098591,0.9993667120925043,1.0003510493603112,1.0002669697071689,0.9982799981511357,0.35239195417756125,1.008580346689339
60656.52807290328,1.0008409623565933,1.000882346306842,1.0017301849921585,1.0016068105235292,1.0010982456100546,1.0031738346049124,1.0961391324644247,0.9948312387182866
60656.528250637035,0.9995861804960099,0.9998657004493672,0.9994972404368822,0.9989258290183528,1.0007478820017157,1.0024256670462073,1.6531762011531497,1.0085239159704973
60656.52842837078,0.999745776118761,0.9996644358438391,1.0002492615465077,1.0013359838269649,0.9994359151429942,0.9994398534145146,0.5822428394661274,0.9985634309527066
60656.52860610453,1.0010980096847766,1.0016857818359433,1.001803511399627,1.0021369622315481,1.0018293866935661,1.0031217495988636,1.0491868160687756,1.009868793425961
60656.52878383829,1.0009433227862268,1.000996602497905,1.0016439892822393,1.0012347749296682,1.002642003594793,1.0032765352394133,0.5605445268897952,1.009654722291536
60656.52896157204,0.9994651604371849,0.9989484282931818,0.9991337235037632,0.9976286746849572,0.9989679645101137,0.9984006507808248,2.112978311587353,0.9998891404495193
60656.529139305785,1.0009456690154923,1.0000659328804664,1.0008884265101956,1.001274064644098,1.0013499460975357,1.0009868865245402,1.7416687031772353,1.0075839208106139
60656.52931703954,1.0006889211438899,1.0006550546225021,1.0008112773246278,1.0011069548198113,1.000203336496067,1.0031453374582764,0.42324442977350435,1.0022972122083655
60656.529494773284,1.0003424308470672,1.0001885327679587,0.9992426777289204,0.9996763981144252,1.001235795569668,1.0019696157738667,1.5341004550293396,1.0025384316388022
60656.52967250703,0.9998793362097068,1.000535043222223,1.0007385473961172,1.0,1.0011062708994074,1.002922948494049,-1.1874073864876138,0.998543801786069
60656.52985024078,1.0010355905621018,1.0007630902664644,1.0000875815012886,1.0003641469892581,0.9993811169427621,0.9989753869201436,0.19305719575394661,1.0108676799125185
60656.53002797453,1.000657704445325,1.00133863561289,1.0004501299519186,1.001894463464313,1.0021295266204142,1.0033954100585987,-0.40676019424243,0.9959122347431698
60656.53020570828,1.0000443320276855,0.9999230240338505,1.000443264406665,0.9999873995541855,1.0013245889119124,1.0025916933065218,0.46765400749990416,1.0061660080673196
60656.53038344203,1.0010412985023038,1.0017030045844788,1.0018453222255506,1.002124177785922,1.0018858338115844,1.0010170414547772,1.487429095885458,1.0051581819324533
60656.53056117577,0.9998807225202345,0.999567342153444,1.0007101184889005,1.0004357111855167,1.0017339774742147,0.9986093705017356,1.0056516937404574,0.9968779548932496
60656.530738909525,0.9998259611055468,1.0000423291047749,1.0004825654985257,0.999686142579199,1.0008372448184328,0.9995222884262479,2.5057685295609757,1.0106212755942101
60656.53091664328,1.0000420148077966,0.999634798597008,0.9998691947920821,1.0000060149641772,0.9986467784973646,0.9997882685489111,1.3675967988041355,1.0088326452606886
60656.531094377024,1.0013948563428112,1.0019371822563308,1.0012750932812404,1.0024184422516198,1.0026364293443344,1.0041382234389797,0.7684608407371304,0.9983588653697881
60656.531272110784,0.9998912157796707,1.000235358025816,1.000771977989054,1.001403915834476,1.0021457748097284,0.999265587876238,0.5618583773000055,0.9994003415521421
60656.53144984453,0.9996393232181793,0.9998323569635926,0.9995407385057322,0.9998978465359069,0.9994433659527273,0.9979843730221786,1.2365140446998986,0.9943920990015694
60656.531627578275,1.001450500317899,1.0009980059294636,1.0007270072735899,1.0017193885286853,1.0020102940148508,1.0041883007348908,2.1435158964653187,1.0072650047221265
60656.53180531203,1.0007252296787532,1.0002081437202557,1.000116416220561,0.9995442413931251,1.000331944297596,1.001394857249219,0.5801310939383107,0.9942401749777948
60656.531983045774,1.000983561554413,1.0016190293697154,1.0021133497270098,1.0028419139083549,1.0024712808202383,1.003023789553902,0.9716594683204884,1.003747443161258
60656.53216077953,1.0009902949530558,1.0011660198635,1.0003614670978953,1.0008726199191267,1.0018752353206812,1.0017567098118525,1.040715282669633,0.9994684529206171
60656.53233851327,0.9994816462049939,1.000566445387819,0.9999879613924721,0.9996237220816886,0.9995703658045231,0.9981386036219625,1.021593133643228,1.0003241628617145
60656.53251624702,1.0000597633276773,1.0001288273120725,0.9992018671084194,0.9991805712983273,0.9993867660850457,0.9975855924903816,1.8240048056420375,0.993736447924261
60656.53269398077,1.0017769327028794,1.0016924094632307,1.0024469506169305,1.0009873616558311,1.0016280841408323,0.9986655839855084,1.6590398199743226,1.009657802169255
60656.53287171452,1.0008051954835824,1.0016347343423906,1.0017267854792162,1.0015362765491522,1.0027047429237623,1.0046757842166354,0.26850747715765383,1.0086278800206332
60656.53304944826,0.9997150690028968,1.0005000279938154,1.0008958596654405,1.0008733965694954,1.0009769658994756,1.0013615200944912,0.7360410563950281,0.9952763056314725
60656.533227182015,1.000591220633169,1.0009739697441513,1.0016123202451215,1.002307585020967,1.0012458611051314,1.0004056904870435,1.3681545960649548,1.0063765728064666
60656.53340491577,1.0018814909381426,1.001807201733668,1.0009621731093188,1.0007981703785858,1.0014666158825942,1.001456859371316,1.5261487876512305,1.0122505790332699
60656.53358264952,0.9996103291904239,0.9998132457248402,0.9992176182582319,1.0009534283721702,1.0006674641237199,1.0033016297006858,2.603099999549852,1.0025722953610217
60656.533760383274,1.0013324246340578,1.0012221672576305,1.0016355290284282,1.0025743831987963,1.0025374989115663,1.0004050326814644,0.653245837890684,1.0052982369633625
60656.53393811702,1.001269004611145,1.0020731680259063,1.0013744711322248,1.0023204884688774,1.0036180535524155,1.0020868381403905,1.1213769890403968,1.0055959139831645
60656.534115850765,1.0001364249798568,0.999988694028631,1.0004499859912719,0.9999483476967698,1.0000454480300005,0.9987815254035175,-0.16014596610425905,0.9936729390271506
60656.53429358452,1.0003471401893624,1.000125034229356,0.9994103071962087,0.999979008528284,1.0003403694425603,1.0002417962100574,0.395627150373467,1.002695589840804
60656.534471318264,1.0002388928516261,1.0005514679126681,0.9988151488562131,0.9993224248982427,0.9991010040910141,0.9992293965690127,1.326178413127856,1.0042119266062306
60656.53464905202,0.9996860904775066,1.0000814116974823,0.9999758554162406,0.9993923232100784,0.9994251981969519,1.0008433009101547,0.7608700581610464,1.002337847468767
60656.53482678576,0.9985893540031455,0.9981395652091832,0.9998025750956656,0.9993381030987285,0.9987816840711191,0.9992128628805627,2.0775062700076226,1.002381522342698
60656.53500451951,1.0004052209520873,0.999555552930315,1.0002439772083558,1.0004985665983803,1.0012250052148068,0.9994999167594399,0.27679278249501876,1.0029088095207304
60656.53518225326,1.0006848464776388,1.0010684300780504,1.000756900045986,1.0017097865272784,1.0013860335762594,1.001990682883715,1.530764181954674,0.9955631677233063
60656.53535998701,1.0017211337041383,1.0006882723657302,1.000634632177778,1.0002051299105041,1.0004204089685378,1.0017061805630765,1.50781238852857,0.9995646879102184
60656.53553772075,0.9988189853215691,0.9987885836443307,0.9987820886202886,0.9991647476096183,0.9993516579467001,0.997000639663929,1.3178603894060557,0.9921016879804329
60656.53571545451,1.000079756467261,1.0001198322873444,1.0004183414872874,1.0011392218501645,0.9999697796655067,1.004147308790059,1.403701008873726,0.9993547876965756
60656.53589318826,1.001448128916476,1.0024984289564323,1.0034012257326086,1.0045222994937688,1.0036269921883598,1.0061207362349815,1.2468407024533408,0.9925828693341053
60656.53607092201,1.0008847302919588,1.0005406274577608,1.0005666944977676,1.0015740431376334,1.0014506876519196,1.0000366245868362,1.8923251921843949,0.9982082697730936
60656.536248655764,1.001244799125888,1.0009507135244766,1.0011887998778592,1.0017214535466217,1.0000517220741232,0.9992474591061854,1.2919197668880322,1.0108863214834471
60656.53642638951,1.0004452753802666,1.0000619301062226,1.0006257861994432,1.0008237369827517,1.0011392334981852,1.002343576422372,-0.2772444705417617,1.0038824769399575
60656.536604123256,1.000841239710792,1.0020911267754191,1.0022558697791994,1.003804138120768,1.0026866296684738,1.0035126158784418,0.9694982006668448,1.0139373975789971
60656.53678185701,1.0008985530296906,1.0010013805337485,1.0004097536831358,1.0012079920380534,1.0014328079701453,1.001911047699671,1.4521331305599636,1.007044033894595
60656.536959590754,1.0008857087828371,1.0008801229253248,1.0000695343355828,1.0013374480050985,1.0013989566797579,1.0029675699083946,1.7760813416856807,0.9979242283790577
60656.53713732451,1.0017383262877113,1.003036733702763,1.0024929526021424,1.003706362657009,1.0043879357693004,1.0065893206375092,0.45251017794240866,1.015170088978638
60656.53731505825,1.0005223146148086,1.0002758284905735,0.9999085296924668,1.001069750854652,1.0006265835681805,0.9989747714389904,0.9671549569718844,1.0070328444015189
60656.537492792,1.0002081232658344,0.9997231927124283,1.0000067086580666,0.9996689929704345,1.000649322691309,1.0012172656895613,-0.5943789797427884,1.0165266237488069
60656.53767052575,1.0003924758589764,1.0004486414476983,1.000060862558961,1.0001888814876665,0.999090370564084,1.0009765609570138,1.1504693152071015,1.003657853135533
60656.5378482595,1.0011532992543053,1.0013486743912163,1.0006826374278013,1.0008581557190035,1.0007204339623867,0.9999839991943352,1.2498654324235376,1.0049931852744438
60656.53802599325,1.0007746731681915,0.9999472480188222,1.001333148554076,1.0014715996561947,1.0015945196268152,1.0033868416009157,0.1687483686934739,1.0025587501217055
60656.538203727,1.000447987987215,1.0005999336132152,1.0007515623606178,1.0009849896518415,1.0002747100739093,1.0009419713777568,1.3401677908703917,1.0018340040733553
60656.538381460756,1.0009195677904956,1.0007916586111876,1.00100220503609,1.0014240460336166,1.0015922198545777,1.0019479353983203,0.6239889611407474,1.0062637541702815
60656.5385591945,1.000635190406261,1.000910452208473,1.0014264061840839,1.0011775314372886,1.0005168449844735,1.0023770240036967,1.28907699774231,1.004554860408417
60656.538736928254,1.000329499572084,1.0007282655515843,1.0021243818435348,1.0017342904476876,1.0005713365731241,0.9989840214491632,0.8695301062665497,1.0025135793166753
60656.538914662,1.0002236891754734,1.0000309131289455,0.9998870773058859,0.9999939465242341,0.9982597766587852,0.9983374607362546,0.6510051448425737,1.0029560513941993
60656.539092395746,1.0001038598824892,0.9999238141312615,1.0009380687294316,1.0004369644352373,1.0000304008905274,1.001138335343364,1.6015268629651493,1.0070649622052656
60656.5392701295,1.0003321589184306,1.0008792253587444,1.0001437355934921,1.0001147632058083,1.0010061075321592,1.0023653726708421,-0.033926508226435836,0.991746574593747
60656.539447863244,1.000051231654661,0.9992403972394203,0.9993877191505736,0.9996389773924704,1.0001695929090226,0.9992087427800287,0.7435697651243542,0.9948544868785083
60656.53962559699,1.0004997023429347,0.9999847062711229,1.0010316228426321,0.9998318871037639,1.0007762513587954,1.0031283645558293,-0.5459330607283994,0.9997205374844728
60656.53980333074,1.0003603618650896,1.0005000281747398,1.0010441074084708,1.0017092150507176,1.0017692873014363,1.000496596637974,1.0496049053280736,1.0025787844675453
60656.53998106449,1.0007492064657504,1.0004581582587635,1.0011295403410108,1.0013044746338482,1.0006827878438942,0.9996236241095567,1.0518401724850437,1.0094644329426268
60656.54015879824,0.999027951373106,0.9995344773939687,0.9989041478196528,0.9995587946420748,0.9995077478967058,0.9997024717685032,1.5853420948873886,0.9986481827036691
60656.54033653199,1.0009785555183344,1.0005065781854048,0.9998379059910905,1.000150398967279,0.9995100550839756,1.0015319735497419,0.4248588302066546,0.9974310259187383
60656.54051426574,1.0003858344001042,1.0001518555668427,1.000548749086937,1.0007531342482205,1.0006308392405374,1.0017910517678332,0.3859885482233961,1.0082936829651896
60656.54069199949,1.0013163347137743,1.0018730747257685,1.0017316657616,1.0023146893023946,1.0015348732931533,1.000700299783627,1.2109580452576383,1.0077156968919567
60656.540869733246,0.9995209876778585,0.999844291469117,1.000277349514519,1.000360709202878,0.9983411562664575,0.9980052997737077,1.511707012104958,0.9947837450272534
60656.54104746699,0.9990919188904445,1.000038120981192,0.9996386443687102,0.9994108434477538,0.997712474985667,0.997276239293156,-0.15071810200098387,0.9916797956454947
60656.541225200745,1.0004577127284033,1.0006667770844804,1.000362650945073,1.0006480771431514,1.0019015038137626,0.9984641366578997,0.6073229832555748,1.0011726076123588
60656.54140293449,0.9991632509522285,0.9986215571963651,0.9982996485577044,0.9982999367634994,0.9996782611966004,0.9976596372962663,2.1593441861037714,1.0073213471342808
60656.541580668236,1.0017187776515917,1.0010211177713657,1.002140813993615,1.0009844767542107,0.9998342541950601,0.9992375087121536,0.3366451115997451,1.0014661051011644
60656.54175840199,1.0009747443922934,1.0001038206475954,1.0011194690232195,1.0004481128761213,1.00015732399674,1.0004273086452222,0.09338282227522278,1.0056449851319609
60656.541936135734,1.002111863300325,1.0022895733005084,1.0021206519291084,1.002442139125541,1.0043129110296016,1.0046265849563987,-0.2597223398588499,1.0125668953362625
60656.54211386948,1.0007758700735827,1.000347341804815,0.9998112850715286,0.9998622869122895,1.0001549122575162,1.0006478356808814,1.0917654707413815,1.0015102275814396
60656.54229160323,0.9992058885963266,0.9993098092962007,0.9991466119058346,0.9980824939161089,0.9977457953597485,0.9957860240477026,1.3837220625076254,0.9934248178238452
60656.54246933698,0.9996794193953026,0.9998284151609144,0.999437963666468,0.9988244778052435,0.9989066056747642,0.9979909642553113,-0.18582881966410156,0.9987241890144836
60656.542647070724,1.0007879349044864,1.0003439069526627,1.0010570389493407,1.0016760413749408,1.0018166222717566,1.0031367230298975,0.35968067591566405,0.9948342683073643
60656.542824804485,0.9988557468017787,0.999914749993364,0.9993990648740886,0.9995764679936877,0.9986871876422319,0.9985025709981468,3.2887377597446803,0.9982622334784366
60656.54300253823,1.0002391560848587,1.0001876368296991,0.9999099680914852,0.9991637163548589,0.9995254781655812,0.996969442246623,1.1064025620649411,1.0000262176774204
60656.54318027199,1.001408828732089,1.0009381405362952,0.9997492491743039,1.000004414667498,1.0011863332266087,0.9988515524582836,-0.40979254785053876,0.9936263820192567
60656.543358005736,0.9997304732888658,0.9995294815249941,1.001057921264001,1.0000870597249183,1.000018972842897,1.000269638689676,0.7511212578140328,1.0002423216126668
60656.54353573948,1.0013104280056213,1.0009824940032592,1.002589206347933,1.0026558847128795,1.0020962627859533,1.0027243692578431,1.7712085284114254,1.015302035475666
60656.543713473235,1.0000183577378976,0.9994554984100291,0.9991967610333936,0.999800365884998,1.0003603935516476,0.9974501943907699,1.092249244586694,1.008491245532433
60656.54389120698,1.0009666090272686,1.0008571073352714,1.0010221167199373,1.000707114744362,1.0015256376851691,1.003279246748903,0.9501247389709949,1.0073442092907043
60656.544068940726,0.9997368481377527,0.9993908557047151,0.9991676986554245,0.9984930107761486,0.9988769344234054,0.9997682286025665,1.1393462905417704,0.9944755711582599
60656.54424667448,1.0011140532514529,1.0020327988788842,1.001405201763268,1.002973589972568,1.0024808350892318,1.0006545632798984,1.5047361495477294,0.9910474766675961
60656.544424408225,1.0012190119389046,1.0011204932819,1.0014961706220662,1.0008323896218578,1.0017199054114765,1.0023867334900507,0.7650124217097282,1.0072471518800796
60656.54460214197,1.0010298181566184,1.0011820590037772,1.0003310977131261,1.0007407184662105,1.0005849474208595,1.0003670264779387,1.2686182360836882,1.0021224393386432
60656.54477987572,1.0002433805561446,1.0011197918375074,1.0006242898429554,1.000432010310392,1.000339188598682,1.0016878072621538,0.5185695265187144,0.9953012714254056
60656.54495760947,1.0012687518151486,1.0017171094606339,1.0015814217789059,1.0034665788829877,1.004242433743777,1.0086427675787235,0.8284678816497278,1.0113008226775546
60656.545135343214,1.0008550822485744,1.000787679899906,1.0005607698832513,1.0009776495791558,1.0015365503880618,1.0013386228109322,1.8531648967544605,0.9990041446747823
60656.545313076975,1.0012101369115205,1.0013297426295953,1.0005864313212947,1.0011214303078142,1.0016342983085695,1.0018683195302764,2.0434713243902634,1.0028174763634135
60656.54549081072,1.0009669054140746,1.0001471622036777,1.0007776206097454,1.0031027355598185,1.0023794497246763,1.0008147111297976,1.2864614660479325,1.0014972473302255
60656.54566854447,1.0000204860131165,0.9997687710384427,1.0003964748365202,1.0012695331876258,1.000824341920897,0.9984382685642796,1.4368783093558994,1.0044986664912585
60656.545846278226,1.0009825451518095,1.0008861431889735,1.0012481887213351,1.0002457324126852,1.0025443691242775,1.0015546772809787,0.8948174262748148,1.0028591653559507
60656.54602401197,0.9997048693674684,0.9996546438465679,0.9994094202712951,0.9993115257498062,0.9995817473228268,0.9962274758855435,1.0086835191067605,0.9983906871402342
60656.546201745725,1.0000212999640388,0.9986511246063287,1.0001517470062176,0.9983950195884724,0.9979715094961241,0.9973400247413163,2.3434324577133827,0.9902431218281564
60656.54637947947,0.9995899116544044,0.9999782029389861,1.000922568618886,1.000707881434837,1.0018119726758141,1.002359939797702,0.9352091185689065,1.0042212843698604
60656.546557213216,0.9990016696453214,0.9996631161803364,0.9992782923744569,0.999467219396514,0.9980170177732612,0.9952532434608481,1.09974275676015,0.9977590014914121
60656.54673494697,1.0001734360327987,1.0007382596415526,1.0008529046185641,1.0005577146437439,1.001980404761545,1.0023856090080607,0.690006219931694,1.007173681922024
60656.546912680715,1.000526372857762,1.0010118126419973,1.0008733819365798,1.000636783214044,1.0014508533778894,0.9995664400486987,0.9808801681610361,1.0050709300997787
60656.54709041446,0.9998987348873026,1.0004116275460366,1.0005929003847673,1.0011913483181059,1.0016406348243383,1.0023808766572457,0.019055184051816585,1.0053726800003895
60656.54726814821,1.0003298822195756,1.000736372598732,1.000840635527181,1.001168488591685,1.001426519837462,1.0018342624679901,0.14019559696769704,1.0025806779659183
60656.54744588196,1.0005922813940258,1.0010869504172963,1.0006110195582385,1.0009290999672193,1.0021394872331721,1.005902035842151,0.9671849711060879,1.0017417262882093
60656.54762361571,0.9991944426321245,0.9989682983294018,0.9990785215386268,1.0001295938562385,0.9991571640619105,0.9960287410136087,1.6224131418036924,0.9872049041097761
60656.547801349465,1.0009774131014548,1.0004217799449664,1.0007714543960047,1.0013236416743905,1.0006473986758282,1.0048571873746883,1.5027984194789556,1.009121571474557
60656.54797908322,1.0011455850624529,1.001034408668072,1.0011639992399612,0.999941232348794,1.0015441761925548,1.0025559232588754,0.9182582150969196,1.010884831874824
60656.54815681696,0.999242187921864,1.0002563125236534,0.9995904651365101,1.0002753718017796,0.9999254477832283,0.9964916338193662,2.190283178234381,1.009402069245578
60656.54833455072,0.9996875490812427,0.9997329157774547,0.9992558483443522,0.9991384053141846,0.999311544290866,0.9964849331058215,1.0512658758196758,1.0013737422121638
60656.54851228446,0.9998500548509829,1.0010870484783903,1.0023122108061957,1.0018302518090516,1.0027857844059664,1.0014992350756318,0.8618590070238167,1.009518811269291
60656.54869001821,1.0004266412302103,1.0011304215153405,1.000415279071673,1.000824924792283,0.9999307408185903,1.000748166262928,0.350585869357809,1.0005832848821015
60656.54886775196,1.000097555791923,1.0004580308878963,1.0006867243075517,1.0005769688886879,1.0025518288320492,0.9986544152295718,1.2087459598727508,0.9997752229087709
60656.549045485706,0.9997706144381973,0.9999690078117307,0.9999007585617506,0.9984137833639902,0.9984495909167517,1.0004177400941288,0.790292033300532,0.9972497210578033
60656.54922321945,1.0015290509563124,1.002416773555959,1.0032781696208601,1.0043465305380006,1.0051292000401508,1.0080260617864911,0.6237786861207196,1.0170227321355645
60656.549400953205,1.0001348070547824,0.9996129126997038,1.0005547468068976,1.0011978035095797,1.0014427042574987,1.0018834254963032,0.5584186731754802,1.0025852250740228
60656.54957868695,1.00010243274395,1.000928820209267,1.0015623579425874,1.0002628624705474,1.0000805418944092,0.9996645900689453,1.424679023532027,1.006691475287358
60656.5497564207,1.0003889364080496,1.0002061336487564,0.9998312552616854,0.998986162807492,0.9995245286707077,0.9969764189689638,0.3640378273649854,0.9949106881164286
60656.54993415445,1.0008385387689898,1.001718866961493,1.0032571246928532,1.003034349159829,1.0029983348210485,1.0004446009424637,1.7782091844586465,1.000367805436944
60656.5501118882,1.0005254223018387,1.0004444302483988,1.000871010839419,1.0013137906756437,1.0012308860768468,1.0021385157334555,1.2294705423728804,1.0017288994610267
60656.550289621955,0.9995015068837731,1.0000683921875673,0.9999798740203355,0.9997479913050407,1.0013251326191488,0.999585682246543,0.9196289069340261,0.9933332550608209
60656.55046735571,1.0013832618014842,1.0010893811383217,1.0007214388560224,1.002624445017687,1.0014064757077872,1.0038571801131912,1.0718381812066766,1.0092446183794896
60656.55064508945,1.0015020274173254,1.0012874790218471,1.0016570133574783,1.0030750005023767,1.0022815171698667,1.0028154091668824,0.3824226138718166,1.0181432310737157
60656.55082282321,0.9999760990575607,0.9997346175535592,0.998993644470909,0.9991914738405054,0.9991983538242929,1.0005151505677299,1.1812531596760043,0.9901420383313643
60656.55100055695,0.9990718655832649,0.9994147431700657,0.9987634860288324,0.9988342407880416,0.9979033599742835,0.997464528109109,2.105603408176873,0.9758899786003981
60656.5511782907,0.9995562747449891,0.9997685229909158,0.9987863188569622,0.9985042090165006,0.9979206440435963,1.0005281731750544,2.072001266505161,0.9911031013955331
60656.55135602445,1.0005256331954022,1.00062455653677,1.0003968108361687,1.000156935018333,1.0008128994139538,0.997677498227014,1.1109598780296055,0.9987912690706556
60656.5515337582,1.0004578562403992,1.0001614508991528,1.00006323694916,0.9982788635468792,0.9984314428108116,0.9972594480926533,0.3285505189449198,0.9933094282692592
60656.55171149194,1.000331086952894,1.0000320135119212,0.9989527349494988,0.9993110796203507,0.9992174226918568,0.9972518599623659,1.6884645950127621,1.0000903735052498
60656.551889225695,0.9996236254616911,0.998953605810382,0.9993747776208217,0.9984854723171379,0.9995505837962372,0.9978512177709672,1.78094160106517,1.0031643048524144
60656.55206695944,1.0002953085682258,1.001051771633116,1.0004832694402919,1.0007418457786101,0.9995463134791917,1.000028731519908,1.0140358476843634,1.0009889220480412
60656.55224469319,1.0002910538596532,1.0005447145428346,1.0012387767795285,1.0009179445912983,1.0011721972092178,1.0008197077198029,0.6169307767348989,0.9996300462147504
60656.55242242695,1.0010574406087676,1.0014045882117824,1.0014015486863956,1.001525845884599,1.0013181293066091,1.0033623770904883,0.19433298449429567,0.9946822090158792
60656.55260016069,0.999679727754232,0.999340081949972,0.9984360230325251,0.9998156746103203,1.0007817138276431,0.9984588157806366,0.36327258541677643,0.9877570829590294
60656.552777894445,1.000512729855374,1.0008846474859057,1.0009288066208564,1.0015426971392176,1.0009959950966172,0.9987148243932105,0.2572443249407254,1.0022066077580036
60656.5529556282,1.0000194542616365,1.001484678796018,1.0013165594358486,1.002240030382757,1.0033473659481005,1.0044407750271374,0.8876263597080621,1.0110675020162192
60656.553133361944,1.0012126559691357,1.0011709578366257,1.0018820332332206,1.0027068792204714,1.0028504575753343,1.004367830010148,0.8192882694567926,0.996093591057413
60656.55331109569,0.9996653644290688,0.9993583987491246,0.9983894718783348,0.9995234713999317,0.9971580001957717,0.9918130007546666,2.6305054800718137,0.9958712484189692
60656.55348882944,0.9999693803938395,1.0008164689725527,1.0008474982184685,1.0012535192280607,1.0009720046868047,1.0001881592545498,1.0307674568966023,1.0091096677912639
60656.55366656319,1.0004930039397304,1.0011391543804282,1.0013421219729823,1.0008335705701288,0.9997600871892114,1.002260657425984,0.8750965162485497,1.0035816991616275
60656.55384429694,0.9990867756354099,0.9989320491957174,0.9987103848024332,0.9999735508017086,0.9989579709004626,0.9982142693564275,1.58433011619155,0.9988646260144527
60656.55402203069,1.0018187623821173,1.0017835956059573,1.0022591004690582,1.0025083327258486,1.0009633376264147,0.9999161219619277,0.22612328937992676,0.9976422289367953
60656.55419976443,0.9986462527488893,0.9991489735427888,1.0001913409589287,0.9995515083528144,0.9996113442384877,1.0009413631429882,0.2065064842922447,1.0149156294515427
60656.554377498185,0.9999519118374667,0.9986441152282887,0.9992697533072683,1.0002061919302678,0.9992662321413306,0.9973103162253062,-0.05649986748385856,1.0107133479404813
60656.55455523193,0.9991558199471477,1.000638048440626,1.0002556736404227,1.0004584373018097,1.0003128939676125,1.000325299117362,0.6704182594552054,0.999557685560067
60656.55473296568,0.999354567637627,0.9988894742168575,0.999128542237702,0.9990917550170658,0.9981433756686441,0.9969802695686015,2.4696735235070446,1.0148663067347534
60656.55491069944,1.0011328341367682,1.0009692657064395,1.0011657300607582,1.0009031715606969,1.0019223192921618,0.9999394357510677,1.4776490857952154,0.9978993287215512
60656.55508843319,1.0004000531388504,1.0002172749811529,1.0010268156656927,1.000501266172203,1.0016198039597475,1.0010635091741167,1.110531969559458,0.9990080932274281
60656.555266166935,1.0014150832457844,1.001883304560396,1.002057432404242,1.0023322987631345,1.0021155229613479,1.0007772506205856,0.560109392593466,1.0066455669155876
60656.55544390069,1.000042637665206,1.000125755032673,0.9989294780878364,1.000189546070788,0.9990888586390179,0.9988551159718492,1.339936849204903,0.9979477177500581
60656.555621634434,1.0002669545886216,1.000278864404143,1.0011339536705997,1.0006996531609744,0.9999211033158608,0.9984918589490726,1.0038518130446292,0.9961596563977817
60656.55579936818,0.9991705874082297,0.99913217705244,0.9999483101408992,0.9998931206770671,1.001012232163383,1.0016358290595087,0.9884391018865213,1.0021019864199345
60656.55597710193,1.0010351526586545,1.001472391306741,1.0022434853217168,1.001514640192771,1.0033526033707207,1.0032023862379,1.2379535057943045,1.0141432038230456
60656.55615483568,0.9995949227556121,1.0000323744563533,1.0010199467176333,1.0020066545091593,1.0014072142449946,0.9983613087501122,0.3594330848510401,0.9999465316439761
60656.556332569424,1.0012507463550748,0.9997271621965592,1.000339504839257,1.0000813351469715,1.0000122746589324,0.9997605525348614,0.5339869505502164,1.0058950451308522
60656.55651030318,0.9994833629768332,1.0006044161993057,0.9995339350891298,0.9996811727398549,1.000100241410462,1.0014844074723221,0.6536391193496248,1.0003247681140062
60656.55668803692,1.0006292941353438,1.000798376700739,1.0004145945588312,0.9999376090870624,1.000126660243321,1.000470407995677,-0.4575282642347389,1.0029780939164803
60656.55686577067,0.9997871800201641,1.0004595463117376,1.0001594482147595,1.001048689294796,1.0012879136065105,0.9994419481274247,1.1697582669093751,0.9994909771573363
60656.55704350442,1.0009892084060865,1.0013084154272314,1.0010952666205664,1.001422559058393,1.0007366406275207,1.000962472323408,1.877879317873,1.003084535628496
60656.557221238174,1.0011222879237083,1.0025662971842204,1.0020321759001103,1.0016897071604838,1.0024818663348352,1.0020702498040455,1.9341225707048455,1.012477578840815
60656.55739897192,1.000935549347711,1.0007688015110205,1.0015838341488104,1.0005440823529543,1.0014060122682746,1.0008524602943627,2.1460343599236857,0.9956214349966422
60656.55757670568,0.9993227985329959,0.9994985356510564,0.9995616614815636,0.999317080640677,0.9991328095740167,0.997904005053243,1.5964602805969195,0.9892625158242762
60656.557754439425,1.0009552645191409,1.0014274941615722,1.001354252976303,1.0019678587316738,1.0012109995166067,1.0026492008007641,-0.09518469529045412,1.013053423965611
60656.55793217317,1.000162361204431,0.9994974696437411,0.9987162994280673,0.9991573952161752,0.9988643527821397,0.9984461468153514,1.2472808930889296,0.9979002869094278
60656.558109906924,0.999271974719092,0.9998096778931602,1.0010511314586228,1.0005100085979053,0.9992647585890561,0.9977015449395115,1.2175097414205287,0.9932382966290395
60656.55828764067,1.000051693195378,0.9990934318839758,0.9996820688930439,0.9998391722125927,0.9995754007967644,0.9977074910366998,0.04801518673310731,0.9964167665397515
60656.558465374415,1.0010118097802583,1.0012989829269963,1.0017440887476277,1.0022593953669623,1.00256342038114,1.0025242182023144,1.6461935292395031,0.9996645341982848
60656.55864310817,1.0002819268037164,1.0001341859347246,1.000137657633171,0.9994455845894497,0.9997536272131563,0.9997172496856139,0.015355463224142865,0.9968951761532197
60656.558820841914,1.001402361175988,1.0017770361872171,1.0022649775540582,1.0025157245899812,1.0012136379704402,0.9975700077783285,1.7142694767773938,1.0164436402113637
60656.55899857567,0.9997918571298188,1.00076385575814,0.9996055059780161,0.9994565375213115,0.9988842541724442,0.9972214063841498,1.5139659208000271,0.9912847170560783
60656.55917630941,1.0004283090391337,1.0000258342156128,0.9998127546446405,1.0014742679485742,1.0007992246115656,1.0016126173428526,0.2213985077198434,0.9980956139406654
60656.55935404316,1.0008459300204802,1.0001105642475048,1.0002938540016684,0.9994185698905336,0.9992311082460416,0.9980931348652282,2.0491412154203186,1.0001887617554783
60656.55953177692,1.0005778600501092,1.0010618089640464,1.0021565991714874,1.0027039395763244,1.0028628605143242,1.0037645580691152,0.0939751258994288,1.0068272295787504
60656.559709510664,1.0014463131443831,1.0013363347956752,1.0016646662681288,1.0017815826783918,1.0004432346621672,1.0035704203590716,0.581854168710355,1.0067021772010671
60656.55988724442,0.999673101797725,1.001090396667694,1.0013734655481736,1.00000505424022,1.0003863810150084,0.9984851122417542,1.9549076749338348,0.9968843870558939
60656.56006497817,1.0002877745721839,1.0012719853690197,1.0011182773825187,1.0006789312703783,1.0011650502304292,1.0043115360084247,0.787783328185646,0.9920530509195284
60656.560242711916,0.9995367300995773,1.0003019026097622,1.0000218556451657,1.0004250768226954,1.0016796579143112,1.0001294569376142,0.0564115184983942,0.9941291414011999
60656.56042044566,0.9993441393039385,0.9993757910239423,0.9990383819295116,0.9997138180986099,1.000464488925097,1.0001616102776922,1.104475177274988,1.008623564265236
60656.560598179414,0.9991718742580376,1.0007416691642712,1.000596515591702,1.0009193124166837,0.9997822025227556,1.0011159194136072,0.7423586479630998,1.0012645706463472
60656.56077591316,0.9994509823729615,0.9998381593941104,1.000156673500902,1.0004192948462511,1.001099460563081,1.0000058138356989,1.1735291677769102,1.006189641607411
60656.560953646906,1.0011042339611846,1.000782767618063,1.0016117897366923,1.002005397201704,1.0010204773084408,1.0036308603544621,1.3808778390665617,1.006821423798778
60656.56113138066,1.000196608999132,1.0011323932308398,1.0011708539181894,1.0002543986267574,1.000646099562186,1.0009343507656647,1.5706242151750736,1.0126190549729919
60656.561309114404,0.9996829332136055,0.999386043293211,1.0005917514437932,1.0005454143964998,1.0002668162160022,1.0025748980328124,1.2783210533075893,0.996820803952881
60656.56148684815,0.9999985896128437,1.000451503130948,1.0005067148832663,1.00089987387682,1.0005968292684608,1.000630882948308,0.3587822626865504,1.008891745312262
60656.5616645819,1.0000451886484842,1.0001553542853534,1.0003436244298523,1.0010769075177417,1.001079810542368,1.0015294833549975,0.3884740302633422,0.9973216369762141
60656.56184231565,0.9999132455616805,0.9987513902655379,0.9985007824917497,0.9982314324678805,0.9982692143263969,0.9996412465096258,1.7663528340845778,0.9960287122211763
60656.5620200494,1.0001419264776696,1.000869537574001,1.0000792403456866,0.9993854726477179,0.9991634338423895,1.0000873164407944,0.9266533621223543,0.9929427054855812
60656.562197783154,0.9999871011322538,1.0000056481042432,1.0003994066282924,1.0003133879040398,1.0010209168344744,1.0008919169287274,0.26035838429578717,1.0013854000260118
60656.56237551691,1.0011035960618764,1.000738985329832,1.0005338100003065,1.001206404799901,1.0014656986431107,1.0017313403572006,0.3423320650575084,0.9959173165580444
60656.56255325065,1.0002557198249606,1.0004919077391774,1.0008808575720154,0.9996262443694057,1.000452949837359,0.9980757843661321,2.258388057336849,0.9974289969030838
60656.562730984406,0.9995777350836798,0.9986827257889044,0.9997458154137656,0.9990754230786761,0.9991934736208488,1.00052555416082,1.2508741590628272,0.9947380114802638
60656.56290871815,1.0020965182610193,1.0027819481844684,1.0019079232081038,1.0024862907435792,1.0034728125360253,1.0019698067184133,2.5833910564830127,1.0061390367174456
60656.5630864519,1.000936000451192,1.0019856179234063,1.0021928633138946,1.0024938301616906,1.0019836731223644,1.0002678509327019,1.451950706708721,1.0062485564769896
60656.56326418565,1.0004697737220878,0.9991345506013147,0.9994918932017036,0.9995508049629965,0.9994115319218508,0.9986434438106933,0.9302952719929037,0.9991486089255855
60656.563441919396,1.0004259419353958,0.9997256465917933,0.9995609933241442,0.9999076824841476,1.000799451511551,1.0014848273472416,0.9549271547858417,1.0038159837925775
60656.56361965314,1.0016125072491522,1.001154804894821,1.0015074572904321,1.002598351350708,1.0023537621993686,1.001415960614069,1.0976830963091437,1.0210997227618543
60656.563797386894,1.0008275805920834,1.0022525129012436,1.0021566831439574,1.002298489498593,1.0028065789368996,1.0040498012056707,0.15260959678183286,1.0093792301745108
60656.56397512064,1.000431316344511,1.000356052054337,0.9996121662572316,1.0013225114846884,1.0009914394862076,0.9986290737911973,0.5227039664403104,1.0109261180590874
60656.564152854386,1.0001240167945855,0.9992595947791721,0.9992540175249668,0.9990198633247508,0.9987225870059674,0.9967175889049348,1.1370239591355795,0.9936493966638185
60656.564330588146,1.0009526114658334,1.0016242459666134,1.0020885616026562,1.00095578739141,1.0015276686624892,0.999293849423058,0.5802981053023001,0.9951841688957747
60656.56450832189,1.0007802409731508,1.0006452179368728,1.0010524660171745,1.0002044829600831,1.0000933945551018,1.0007915581227047,1.471033183253833,0.993721867421094
60656.564686055644,1.0001107495326949,1.000073058412053,1.0001123842247777,1.000708345049439,1.0003334339775654,0.99659566282697,0.689408682800709,1.011102929386583
60656.5648637894,0.9992796379526745,1.0006504996666008,1.0019119284205111,1.0013523081663247,1.0015940307908175,1.0023254712376863,0.7590543758615731,1.0137149700446748
60656.56504152314,1.0007070632089647,1.0003070175270758,1.0013629967606903,1.001753793985079,1.0002623968568094,1.0014228414948942,0.9257529076625592,1.0044611477123846
60656.56521925689,1.0009136543288368,1.001430460238274,1.0022916096699497,1.0021506235166948,1.001892893292993,1.00281582078,1.4337019652921246,1.0060357931384074
60656.56539699064,1.0003502920811569,1.0010498010031637,1.001589101033861,1.0017851103251452,1.0011969489574617,1.0013737966011151,2.3835804261945888,1.0097252282977978
60656.56557472439,1.0003819580413376,1.0010140099703826,1.001298907764012,1.0023313935932503,1.001681309056607,1.0042623658260375,0.5037278208404032,1.0144602838977774
60656.56575245813,1.0014349276547545,1.0004310336917686,1.000907836335045,1.0016988568351681,1.003134462206734,1.0033527925696548,1.3220535598168082,1.011303176676795
60656.565930191886,1.0019775225655188,1.002155334357245,1.0029439309792378,1.0025544207685302,1.0034210600602707,1.0022712554021922,0.7250026808486867,0.9967176792114346
60656.56610792563,1.0004176358908647,1.0011193319273588,1.0016940204092686,1.0011450117207468,1.0010769140454139,1.0004397142021129,3.1007775561310633,1.0139312461842016
60656.566285659384,1.000063010535995,0.9996369734907516,0.9986461794517438,0.9993409360613486,0.9991720556710829,1.0004160968032973,0.6345925089014367,1.0062638697634445
60656.56646339313,1.0001739350247745,0.9998891678079652,1.000177025903008,0.9995642728048766,0.9994834740472873,0.9980668587355276,0.9057578553559705,0.9965141327118195
60656.566641126876,0.9993085586128001,0.9988460554060019,0.9987344167354835,0.9980945574867709,0.9980291220718287,0.9972091115769426,0.4768957391901239,0.991206416019236
60656.566818860636,1.0014971245256972,1.0011096873835776,1.002235700030937,1.0018299277067364,1.0025853175273616,1.002348175453554,1.0183488333362907,1.006450267295611
60656.56699659438,1.0002673053104503,1.000919674293483,1.0008405174168833,1.001763901875303,1.001217163447501,1.0029393289699235,-1.4685371428992762,0.999443044969316
60656.567174328135,1.0005159155146965,1.0011580154005593,1.0021151772533572,1.0018953800696306,1.0025785209088447,1.0015030382737586,1.2692830664382848,1.015026399355931
60656.56735206189,1.0012098755201535,1.001304169852272,1.0018865105575154,1.001454637145876,1.0001452753109141,1.002534111225287,1.8237461149779897,0.991235475075644
60656.56752979563,0.9990521774258577,0.9986229291470563,0.9980743812650372,0.9987856675674687,0.998598588017704,0.9988790980669028,0.8150423661665216,0.9927886684653685
60656.56770752938,1.0007703678083262,1.0012199588928492,1.0016242322614122,1.0005499340486539,1.000160666878633,1.0025284539219177,0.8418047981564918,1.000697479530318
60656.56788526313,1.0001483628755514,1.0006940386113425,1.001193102122298,1.0011240074118346,1.0012366979790872,1.0020223698012363,1.6549531000696773,1.002340445840024
60656.56806299688,0.9997860991522793,1.000495254842934,0.9994256316780583,0.9996423409591989,0.9995559257708118,1.0008364378452823,1.0309470221553572,0.9981942629098385
60656.56824073062,1.0012068115774215,1.0011957019796136,1.0014908534633018,1.0009443939371436,1.000507350777241,1.0013367911140967,1.849476045099744,1.0008324881023039
60656.568418464376,1.0007117684070634,1.0021244505404203,1.0017162717966472,1.0021310606626035,1.0027286812429737,1.000623292821803,1.7573700060941957,1.0073554659184927
60656.56859619812,1.0003038700180626,0.9997326232224939,1.0010596415470763,1.0012856843723912,1.001625368570664,1.0003048595352046,0.4860782708429155,1.0073074311982135
60656.56877393187,1.001010089017711,1.000650249267055,1.0003202464941578,1.0003200204553964,1.0003089252570019,0.9945586120544381,0.6025114449438653,1.0006049762989881
60656.56895166562,0.9995892066805055,1.000213638217228,1.0002089010843076,1.0005449085814597,1.0005992315535186,0.9979245105682707,0.5517699218195867,0.9972029776200575
60656.56912939937,1.0014380092486943,1.0020329613491101,1.0020754107454526,1.0033957993050124,1.0033071364323882,1.0015262463210675,0.12191584145298473,1.0125058801151978
60656.56930713312,1.000908479148139,1.0009383715769167,1.001230233102087,1.0021727662783317,1.001163450993359,1.0003760854743318,1.052020463804552,0.9988341244352299
60656.56948486688,0.9995906646702866,0.9988477526589933,0.9994505459257691,0.999568789948613,0.9985174853614843,0.9999305056203199,1.9433093913332862,0.9906758427758955
60656.569662600625,0.9998379897131018,0.9988471840132037,0.9998569159313532,0.999594525206977,0.9984866125041572,0.9971065279692483,1.2011068007816694,1.000608505322075
60656.56984033437,1.0005441996569129,1.0005575124202037,1.002610601435652,1.0020991807401147,1.0013805073381348,1.002611653196469,0.9135303161580322,1.0009994733038023
60656.57001806812,1.000311628875146,1.000282927969028,1.0003223375733168,1.0002537656939643,1.0000420161677213,1.0007366826815738,1.1078287562468356,1.0103828539010005
60656.57019580187,0.9999737861353573,0.9995193969727622,0.9989169623479038,0.9993752391152807,1.0003474215089367,1.0013173228244314,-0.034154715208008175,0.9898847760340179
60656.570373535615,1.0013260803294348,1.0007711689084613,1.0015493427585513,1.0009412831303812,1.0010428017458932,1.0001832809375442,2.3610558956097587,1.000342109376235
60656.57055126937,1.0010118615059718,1.0012502574188278,1.0016116574663307,1.0021477653223443,1.002661651390996,1.0058780694860605,1.1254071088137851,1.008645172574839
60656.57072900311,1.0005189855969792,1.0003892086450747,1.0002062910223528,0.999488322419038,0.9994382972220895,0.9993990286442409,2.120549629648505,1.0011197585345781
60656.57090673686,0.999771521403311,1.0000472880651459,0.9992028384448749,0.9996433055933367,0.9990492503176286,1.000669299980311,0.20629236593265932,0.9893108939132356
60656.57108447061,1.0008701824732995,0.9996763580464957,0.9993967138644597,1.0000197408779667,0.9997320287073566,0.9987581290886706,0.3972546112048425,1.0017044686858279
60656.57126220436,1.000481853287913,1.0007306893974777,1.0018570636624706,1.000739886187992,1.001152430216372,1.0025604272331816,-0.02174156318936301,1.0090722130274594
60656.5714399381,1.0015390337121155,1.0011594119569862,1.0021540425665165,1.000944678494992,1.0014865697342514,1.0001880636899658,0.6016300571872716,1.0029529437308622
60656.57161767186,0.9984136934787798,0.9980896991527941,0.9981574450762389,0.9978579948898881,0.9973607001113242,0.9959242325907265,0.2723109985870677,0.9883963983805558
60656.571795405616,1.0011378371030717,1.0010283154918387,1.0001633455252865,1.0010640679607044,1.001757555793613,1.0009645032496701,0.9606540926701621,1.0044281645613298
60656.57197313936,1.0010506066749836,1.0012946060008296,1.0013488857633606,1.0015000006247434,1.0013099948309068,1.0011631089328723,0.030620977520562084,1.0025541299307696
60656.572150873115,1.000366573248442,1.0002253601364328,1.000063321141166,1.0013744360987866,1.0009919197949184,1.0016628131194627,0.8015224714806942,1.0015426663340339
60656.57232860686,1.0016923140396203,1.001554611010815,1.0013632269440496,1.0022909730989022,1.0022687318005916,1.0015740420211894,1.47426233519442,1.0142976080044142
60656.572506340606,1.0008205489647701,1.0009760150959335,1.0002208809371822,1.001911418596933,1.0013719585475083,0.9982724426180412,0.6311682433501798,1.0069559916276338
60656.57268407436,1.0004540375934083,1.0001381317177422,1.0002201812763656,1.0003817688445322,1.0014078285804127,1.0007186294908526,2.1056502347478068,1.0049457313068622
60656.572861808105,0.9993449323803885,0.9988525486063652,1.0002067018837326,0.9986191856591394,0.999110520728719,0.996169637503833,1.2111466580159624,0.9893328293693769
60656.57303954185,1.0008646158962504,1.001787636736201,1.0008472760481686,1.0008371097260922,1.001018762211492,1.0042569091829092,0.39237659377057554,0.9957778200263809
60656.5732172756,1.0009748354111312,1.0014317372035881,1.00181337745138,1.000825366495119,1.0017749014076927,1.0020878987434216,1.556381207455419,0.995359709322403
60656.57339500935,0.9996192230969262,1.0001712011028578,0.9995368576603955,0.9990387918442861,0.9992700820260503,1.0019899286366012,0.9316247283616458,0.9981867020604415
60656.573572743095,0.9997689500060268,0.9989813990744298,0.9993232521131276,0.9992672116748372,0.9991414864593244,0.9997273263605932,1.9921693519269636,0.9989316143115322
60656.57375047685,1.0008324606138859,1.0013423121802107,1.0016579528612328,1.001824098144134,1.0016169925502878,1.0042331091013486,-0.3723157634030853,1.0024930196645887
60656.5739282106,1.0000390133349921,0.9999552533863854,1.0000583298834,0.9997737627879065,0.9999319262968638,0.9986141880091107,1.4601230965559038,1.0013635328692494
60656.574105944346,0.9994492157172734,1.0001777574458814,1.0004083788397518,0.9997579125394812,0.9998148928044758,1.0011587547787255,0.6275929332500075,0.9962449673967038
60656.57428367811,0.9994821861784701,0.9999877890441451,0.9998418254747405,0.9998836693282727,1.0000306659779288,1.0007565900236923,-0.283275394194594,1.0053475178769384
60656.57446141185,1.0003409765410163,1.0008008799724994,1.0009351115812664,1.0010336581922852,1.0009388494825655,1.0025911880211882,1.0103952464622377,1.0036827984646095
60656.5746391456,1.000889010633155,1.0020748160674264,1.0013251126631004,1.0020072074676956,1.0014488876528522,1.0024997283064625,-0.42441871130760717,1.0032450784765174
60656.57481687935,1.0001300229634582,1.0003993465700423,1.0006254925702178,1.0006384552957341,1.0006580288659939,1.0029906487900482,-0.08475282394278721,0.9945648203526141
60656.574994613096,1.0000971373815488,1.0006616645191857,1.0000675210818897,0.9996650019304103,1.0003429563619202,1.0005667402349157,0.9856391181532274,1.0036770985029198
60656.57517234684,1.0001529547989414,1.000453981435124,1.0000743636856448,1.0006621764422847,1.0008444696550598,1.000162200788819,0.7341676457441452,0.9984337420371596
60656.575350080595,1.0002470839330726,1.000349660171709,1.0004688660211836,1.000745734342396,1.00055267293707,1.0003809828765609,0.6534201794249157,1.0027632668718156
60656.57552781434,1.0005771418761766,1.0004334265995678,1.0005410098986898,1.0005493339466212,1.000930793235453,1.0015690271306008,1.4991846955477186,0.9998839237828868
60656.575705548086,0.9998125845596555,1.0000957758384852,1.0002004536733446,1.0002211983174873,0.9997719173169632,0.9987284825592512,1.7543592299682416,0.9993622920596409
60656.57588328184,1.001657712146338,1.0015452715057869,1.0028344530512634,1.0017304085976078,1.0000971156036371,1.0001924400217426,0.6405343368566225,0.9973332683770867
60656.576061015585,1.0007007185973644,1.0017730140540488,1.0026395817072056,1.0025745525169876,1.0025468492671734,1.0047695825981997,1.3821961654021955,1.0095406117072931
60656.57623874933,0.9999353841672247,0.9994099065146751,0.9994005717682982,0.999615051588551,0.9990140354028192,1.0006169037258816,0.7847001242387747,0.9932938597128356
60656.57641648309,1.0015051300392261,1.0014772958088292,1.002478701321392,1.001261905974897,1.0023640805874303,1.0012235783291998,0.1799354823502292,1.0086710505939123
60656.576594216844,0.9997049152606091,1.0002074942012023,0.9998565136318719,0.9997825631285455,0.9987363598721563,0.999889769468255,0.9647398810866851,0.9897611321542458
60656.57677195059,1.0005619448000407,1.0006753235973052,1.0009877110584355,1.0005128255509188,0.999117292506878,1.0039454720961951,0.4973490271332447,1.0128585403395987
60656.57694968434,0.9995843832960576,0.9992748049232648,0.9991440495929311,0.9984857162238653,0.9995589525869568,1.0019673841642862,0.09089512401091077,1.003906827873099
60656.57712741809,0.9994415019858871,0.9991388319993307,0.9999626476992467,0.9996096820992548,0.9995467281648676,0.9957198992865292,1.5821101810899532,0.9965440658921305
60656.57730515183,1.0001951094138954,1.0005121436047917,1.0001114597592302,0.9995119531149993,1.000509869107553,1.0017612268481133,-0.6403176414161291,1.0065180572576908
60656.57748288559,0.9996214718608258,0.9991541754848002,0.9993539371904775,1.0004550988930345,1.0009460593037518,1.0011306289516158,2.0913760911952997,1.0052818121273925
60656.57766061933,0.9995318480824211,0.9999108829125156,0.9996221604081645,0.9998691034634576,0.9994362651325144,1.0010591909518838,1.731588395228865,0.9922305789329556
60656.57783835308,1.0004703951980984,1.0006530914104554,1.001318228786602,1.001012901995389,1.0014538175370127,1.0013136428379235,0.836397121576357,0.9974355975680327
60656.57801608683,1.0001212142432205,1.0007141035032785,1.0003982550528878,0.9998673791476589,1.0012555503277107,1.0014141989810046,0.6633178787461029,1.0010697374337618
60656.57819382058,1.000826885901932,0.9999349427989411,0.9998637428382936,0.9996967775322361,1.001585018004551,1.0005513724066974,1.6560779333883293,0.9982956436045979
60656.57837155432,1.0003504443420121,1.000941188209959,1.0013010441773278,1.0013287114815552,1.0004254493366775,1.0011670832979929,2.8754392623342775,1.0068155584544265
60656.578549288075,1.000915003648572,1.000283900257438,0.9997247046249977,1.001148664788382,1.0017586584089013,1.0027622831507348,0.37613459297569196,1.0066055054198837
60656.57872702183,1.0004195465190144,1.000578401785211,1.0006005401232658,1.000815981840723,1.0014199564217074,1.0002890546392111,1.0360801977724607,1.0027413015086992
60656.57890475557,1.0007702609801454,0.9998039816653399,0.9999995366407389,1.0006997551945507,1.000949555862187,1.0000601638447,0.4366823513307239,1.0073933292307133
60656.579082489334,1.0006557721752594,1.001020683914349,1.0000935181902775,1.000921939836611,0.9994296466601461,0.998521295010246,-0.09530240408591016,0.9976122686363897
60656.57926022308,1.0014349830641989,1.0018663617021044,1.0025909003964715,1.0031513472919802,1.0033252661861238,1.0043515449603913,1.3964386340108714,1.0067889776838264
60656.579437956825,0.9999210486235282,0.9993469540062957,0.9999654630272398,0.9995481727475649,1.000732059620626,0.9991474416648876,-0.31255681136323327,1.0026637689022628
60656.57961569058,1.0001144556724206,0.9997005615869957,0.9996724471847139,1.0006180163398928,1.0004030855995545,1.0009651009379485,1.9120869420411288,0.9974353599344444
60656.579793424324,1.0000712000825536,1.0010827792023176,1.002043184745833,1.0020803430400536,1.002785721192817,1.0020694589788426,1.510364072527163,0.9976112657752287
60656.57997115807,0.9998746501977038,1.0002619233550967,1.0001119837913512,0.9997543328061734,0.9990877719660486,1.0005980603330547,1.3285606315032061,1.0108948668089102
60656.58014889182,1.0005992302908946,0.9993195779542079,1.000083706802956,0.9993906233144633,0.9998563754606302,0.9983990656226152,0.835553893312181,1.0020529341969713
60656.58032662557,1.0014089156067303,1.0015476378176806,1.0009925598374219,1.001763403880624,1.0004027908520243,1.0012623259717393,-0.8393602646387442,1.0057283209810597
60656.58050435931,1.0005392344488457,1.0004883583617992,1.0000104767717344,1.000324599719358,1.0005617368870587,1.0038294395445124,0.6294827520043865,0.9953658429144372
60656.58068209307,1.0010952903243227,1.001386899582589,1.0015958275031411,1.0007188990691187,0.9996517266892391,1.0024494077720303,1.419496904029098,0.9986573178911863
60656.58085982681,1.0010086396233007,1.0003367901054534,1.0010343030462974,1.0008651195290428,0.9994455315128822,1.0020559890572627,1.3416308619822952,1.0009112822922746
60656.581037560565,1.0013467219590517,1.0017093244591448,1.0020823081234072,1.0022853959273805,1.0023681514401093,1.0038796529062985,0.681230047526745,1.0012089373913866
60656.58121529432,0.9997547707138932,1.0002244694449844,1.0016098801039295,1.0001079499746046,1.0028275073091641,1.0043262944018363,1.0328240087641432,0.9952695041863152
60656.58139302807,1.0008745160750976,1.0013897467918762,1.0019152526326505,1.001856080764192,1.0018330840139982,0.998320921832254,2.607610880233809,1.0081615931309753
60656.58157076182,1.0007964856101095,1.0011996584371785,1.0012991085295648,1.0021342459103486,1.002089410183943,1.0026981089132612,0.8244279383178207,0.996306093552265
60656.58174849557,1.0003128391340599,1.0012592721643294,1.001366977494848,1.0006346867671103,1.0011820263905298,1.0019679767293246,-0.0037463343628174692,1.008123322518195
60656.581926229315,1.0000272801933103,0.998845669855834,0.9989519902838285,0.9987169476954862,0.9984143921296373,0.999881032635975,0.9810691200375568,0.9964625373976688
60656.58210396306,1.0003271525753743,1.000743064635151,1.0009734446297098,1.0010031333317626,1.0013944878252252,1.0032915328327552,0.2029964240111683,0.9992661568154177
60656.582281696814,1.0002010435965374,1.0008671922493526,1.0012616293658867,1.0010145285566767,1.0003757044808914,1.0009043874030714,1.1226032578287533,0.993227403127669
60656.58245943056,1.000507337181096,1.0008741683372793,1.0010592669091147,1.0003262809493947,1.0008496069747457,1.0006690531185976,0.38462645172826404,0.9920594157394843
60656.582637164305,1.0009094349226804,1.0012143972728773,1.0009798191829906,1.002166368780464,1.0008067523522577,1.0020578459779792,1.057210369982988,1.0102379062303546
60656.58281489806,1.0007727408981257,1.0008585252407929,1.0008402521077846,1.0006845331571914,1.0009873156160485,1.0006683903282445,1.2374384048186953,1.017770811115229
60656.582992631804,1.0004453364687953,1.000669875055163,1.000193647073472,0.9998041285852397,1.0008614682456327,1.000534783816498,1.35149750155484,0.9901915077545538
60656.58317036555,1.000800410778303,1.001243227053543,1.0014885002583143,1.0014167556866216,1.0022115943430752,1.0054562499508037,0.5418073009283269,1.0083143385358926
60656.5833480993,1.0005126267109237,1.0013464475721332,1.0015669548041635,1.001838514315437,1.0015774555985832,1.0065460138881372,0.06865577443845924,1.0034670532882815
60656.583525833055,0.9994121572363032,0.9992227125905664,0.9982359673489041,0.9983726230339913,0.9986141330765893,0.9981325200050071,1.8911093969310997,1.0024938843879683
60656.5837035668,0.9996929385322569,0.9988287575737875,0.9980739014693938,0.9987593513153121,0.9985716562499924,0.9994643482951409,1.2753994609195827,0.9967584509458082
60656.58388130056,1.0009516446401012,1.0006515258705202,1.0017396387555484,1.0016852292661058,1.0021148331779772,1.002327038649177,0.22085067749062587,0.993328138929876
60656.58405903431,1.0006306078456857,0.9997617021362334,1.0000133734377674,1.001558778899836,1.0018124774541313,1.0034233300329949,-0.05841319191167454,0.9964726247417532
60656.58423676805,0.9999925599601898,1.000359244286698,0.9992476142124868,0.9995601835676793,1.0003483582128798,1.0005280222702453,-0.059381546094932465,0.9983317819623457
60656.584414501805,1.000566423295233,1.000660355892079,1.00070449441899,1.0018242627405973,1.000637739669505,1.0020287616433996,1.0642642762823606,1.0059369260022168
60656.58459223555,1.000451873708796,1.0001639496478003,1.0004306452653378,1.0004476877731079,0.999342699846296,1.0002628021641107,0.9747382289494547,1.0014824879675401
60656.5847699693,1.000978642853442,1.0016644868381455,1.001326094537278,1.001960878395589,1.0032608358590602,1.0037117749177404,0.9054447123092424,1.002760718248462
60656.58494770305,0.999876772333372,0.9998755212136382,1.0008700381857483,1.0011124500250976,1.000524694722939,1.0006307772987872,-0.37160001966852296,0.9985916758239483
60656.585125436795,1.0012310331789989,1.0004816695820216,1.0008468326954796,1.0007406049972007,1.0008030270400792,0.9998215440862909,1.0150611106833898,1.0005422327958313
60656.58530317054,1.0000407187486628,0.9994702392358978,0.9996244759627504,1.000229185709479,0.9992583462545831,0.999978597960665,0.712102537709534,0.9895391847121476
60656.585480904294,0.9992664075280877,0.9984892622871482,0.9987330595647369,0.9978613339626561,0.9986520880311733,1.0013939670977738,1.5583232025876614,0.9803496672018253
60656.58565863804,1.001428129483853,0.9999483844057787,1.001183187223814,1.000679409050162,1.0021687808740158,1.001748032219922,1.5118963780969683,1.014051789721398
60656.58583637179,0.9997530717467508,0.9994212374559761,0.9983409288751987,0.9985946874933355,0.9973620149819095,0.9973495649992007,-0.2229262351939993,0.9833555043593474
60656.586014105545,0.9996584545183461,1.000557560907977,1.0007733719320586,1.0004463715178382,1.0002868736927344,1.0013713128450372,0.49057573679360894,0.9971076680828815
60656.5861918393,1.0008217942191224,1.0014305047457075,1.0005684587977843,1.001428795869978,1.0008903865004712,1.001985438255036,0.13501743166988944,0.9944710787894872
60656.586369573044,1.001174666118338,1.001706333053009,1.0024031341113013,1.0038185940578686,1.0030288968031507,1.0033020135513804,0.5846848687264257,1.0096614959926704
60656.5865473068,0.9995060942025001,1.0007283397306403,1.001198514779166,1.0008100157906896,1.0005520754708501,0.9990795300698465,1.3110519959854379,0.996935567665533
60656.58672504054,1.0001803545388923,0.9999179979504796,1.001204521939169,1.0010853363912389,1.0004825265470574,1.0007413084828392,0.579030340185428,0.9979935642697112
60656.58690277429,0.9997505143169441,1.0009943103650674,1.0013437428063083,1.0016196088392297,1.0018098354781573,1.002794813279744,0.42424019383712547,1.006262583513935
60656.58708050804,1.000351468419054,0.9990969526752786,0.9994925197570758,0.999766834612153,0.9989294378565468,1.00010101536198,1.212295077439931,1.0052750065227116
60656.58725824179,1.0013956368331824,1.001188652979102,1.0029536475270635,1.0025046308178462,1.0030084995325677,0.9997643540483194,2.488110877681966,1.0140951882365756
60656.58743597553,1.0007834433627487,1.0003484620894885,1.0016925565440893,1.0017743190386672,1.0023305768766775,1.0035105170807859,0.8670903660540762,1.0073619569383974
60656.587613709286,1.0004134639127362,0.9997786616395814,0.9996743860157473,0.9993370148143563,1.0010703919684643,1.002212902665628,1.4244601879513783,0.99682018742828
60656.58779144303,1.0004382724553522,1.0008461308251198,1.0015710909697169,1.001529295253966,1.0017490516785554,1.0017091068563346,1.238648445931827,0.9949612802366565
60656.58796917678,1.0007073793958212,1.0012151448530247,1.0015470104094715,1.0020714996874296,1.0028736649577465,1.0038455470347647,0.12286995049816508,1.007552364168208
60656.58814691052,1.00080928672662,1.0014504169373426,1.0016945910927617,1.0016365094506543,1.0028855938908023,1.0024008545939216,-0.056348801196597235,1.0023918360896569
60656.58832464428,0.9998037324020972,1.0002246015198892,1.0017052152018728,1.0016998022872887,1.0012858687260051,0.9946733794196467,1.6737224683494145,0.9985460161500991
60656.58850237803,0.9997647519348086,1.000250998046586,1.0010085531352986,1.0012163331907098,1.000133813339511,0.99862364167962,1.6579318316999196,0.9986940315942505
60656.58868011178,1.0003037372502808,1.0005156227834537,0.9999924710983079,0.9997421618162149,1.0007840512311694,1.0009201378819461,0.6958866794494467,0.9966089557511051
60656.588857845534,1.0003482202898035,1.0002414130269741,1.0000194383357044,1.0009433401066257,0.9998485581629305,0.9986189922006767,1.7659274363933832,0.994327811815982
60656.58903557928,0.9998089401224134,0.9996236123953287,1.0008428516320182,1.0004656020065916,1.0006361474767154,1.0010696162148953,0.733706003708808,1.004915798334527
60656.589213313026,0.9990816518734483,0.9999427994465427,0.9998959580806555,0.999276091178186,0.9998421052311561,0.9978849803392528,1.1112619649536017,1.0017157649538768
60656.58939104678,1.001158730300775,1.001163150943269,0.9998839776789413,1.000873687914827,1.0014000001601646,0.9992555710185496,0.6004159944801458,0.9906966996259494
60656.589568780524,1.0004101686624352,1.0009112678162424,1.0010370156315036,1.0019462955620664,0.9997329655966752,0.9993400881889469,1.2801912032065852,0.9992673926099052
60656.58974651427,0.9998747779003565,0.9999967780983637,0.9994694848461778,0.9992291996303115,0.9997306624876731,0.9976194812473042,3.0165266292925765,1.0040973204563357
60656.58992424802,1.0002280614564403,0.9997410268049418,0.9993227247879684,0.9982799911543868,0.9993689859500786,1.0016579404564838,0.39823651055143955,1.0001260564367491
60656.59010198177,1.0004931265772539,1.0009672995996006,1.0001912008950438,1.0008150146981676,1.0012329315134798,1.0039070346866197,-0.031290938124794596,0.9950797129403675
60656.590279715514,1.0004655297577287,1.0004209422644046,1.0006856827196178,1.0017697619078025,1.0007296527011729,1.0022768236488773,1.0107105263883691,0.9996743163165213
60656.59045744927,1.0003125904822603,1.0006173275163537,1.0004488298604979,1.0009691309928395,1.0009585630871793,1.0005948531846922,0.7451656857896428,1.0047356455784626
60656.59063518302,1.0010486555257998,1.0015842748535517,1.0009721872380157,1.0001441634099029,1.0008283582730897,1.0007940055776254,0.5140937945662658,1.000033385285448
60656.590812916766,1.0012671939041813,1.0010253481486648,1.0003734528782386,1.001390341827508,1.0024971559458613,1.0009938523773039,0.712780167602205,1.004351937296617
60656.590990650526,1.000675804607967,1.0007703561954844,1.0010870745298204,1.0000310860083048,0.9998016851491165,1.0013225969232808,1.3883196791917802,1.0099202698193293
60656.59116838427,0.9996197609215597,0.9996849715013955,0.9998942574460408,1.001297635211813,1.0011788772263532,1.002029542222122,0.7904162635997622,0.9944340970467165
60656.59134611802,1.0007919351286862,1.000296546700978,1.0008832710395992,1.000560034634956,0.9988963827552423,1.0011426894052005,0.8569435757223969,0.9994335725692133
60656.59152385177,1.0002123633929747,1.0007272811412309,1.0014286461085626,1.0014860918177972,1.0028065361150886,1.0007398914222945,0.13587397684477243,1.0003417085229371
60656.591701585516,0.9997584908210966,1.0001863296499889,0.9988998139620486,0.9986001769440166,0.9973477095310326,0.9978845367174226,0.8382775406699629,1.0002748714245437
60656.59187931926,1.0001861811259098,0.9997227814709776,1.000040756256565,0.999279396018431,0.9975280236497411,0.9999279709318497,1.827007760311132,0.9984787465860279
60656.592057053014,1.0012534512875848,1.0003186873400167,1.0012953712606865,1.0011892197044048,1.000520960883473,0.9992810361531739,0.717759900930839,1.007115343312857
60656.59223478676,1.0014075358962196,1.0024961663142926,1.0025321135203507,1.00185803496909,1.0015791478943075,1.0005594227247914,1.6095803657985277,1.0064669675752396
60656.592412520506,0.9997485802050132,1.0010124064362964,1.0006824479683454,1.0004175246411648,1.0010681863671358,1.0006659578045685,0.7341232712586305,1.0062460313549448
60656.59259025426,1.001356245016003,1.0003950465367997,1.0018263838539814,1.0004578051805637,1.0014536228924171,1.0036003900910992,0.8324144935672871,1.009291627818775
60656.592767988004,0.9996408806686803,1.001118675352249,0.9997074177120087,1.000403563083671,0.999443467167917,1.0002082922961688,1.1457373316330168,0.9904940697189741
60656.59294572175,1.0011122384002926,1.00040586871833,1.0013656794890182,1.000063117690061,0.9996312393260147,0.9999331086878924,0.2242224145028158,0.9888279978375185
60656.59312345551,1.0009391300871153,1.0011552230114034,1.0023189899640847,1.001482245970888,1.001436409451286,1.0001101789463216,0.744857333874354,1.002909489436472
60656.59330118926,1.0008795245669964,1.0007991879663196,1.0003727134814293,0.9993833392385124,1.0004696399625923,1.0034820734050849,0.7295612706804216,0.994453105446039
60656.59347892301,1.0005309749114104,0.9990667652369598,0.9991641614934916,0.999592887652918,0.9994235626262238,0.9997503614639287,0.6296582717569666,0.9980238401115835
60656.59365665676,1.000058303496031,0.9999616608285227,1.0003387091314973,1.000911309605301,0.9997508610353931,0.999546720535643,0.37691739081206116,1.0012571412378992
60656.59383439051,1.000232581700577,0.9986642597270169,0.9983005834512056,0.9980711149221325,0.9977922735230977,0.9985388211534013,1.2254904990531397,0.9851170275345463
60656.59401212425,1.0005165865675785,1.0000510183670515,1.0009172643029698,1.000678749778984,1.000223751933479,1.0018148372873916,1.2147844071671041,1.0037774226370675
60656.594189858006,1.0004442664986126,0.9998682022737317,1.0003039489195655,1.00000943969203,0.9995960483246843,1.0028242312941884,0.10521891142398235,0.9985887149917971
60656.59436759175,1.000158542096974,1.000749180065101,0.9999676737534479,0.9999980765601065,1.0004775556948444,0.9995512747730894,0.5135097852079433,0.9911356158098636
60656.5945453255,0.9999924801460318,1.0000989818211103,0.9996728654005458,0.9990834085524661,0.9990342665766809,0.9993900605276671,0.005847375929106059,0.9975052836073901
60656.59472305925,0.9997895968542618,0.9995036015378234,0.9987691750813601,1.0004529955848407,1.0002565057991002,1.0017812737639107,1.330693280624454,0.9970409760686744
60656.594900792996,1.0001792577081756,1.0000266648401182,0.9992180846621871,0.9984214001741636,0.9990965580377055,0.9971383477910052,1.407023117242194,0.9909253843317546
60656.59507852674,0.9994676816436427,0.9985812441359466,0.9988272821646605,1.000156800891766,0.9998609379299445,0.9983880724415046,0.31067013597367343,0.9983323314354248
60656.59525626049,1.0005800147253958,1.0007370255553512,1.0006927688984206,1.000585657826073,1.0003459735385234,1.001854565084244,0.04590797799808287,0.9925403391194978
60656.59543399425,1.0010098412868438,1.0014711613818037,1.001581688185684,1.0022897042084598,1.0018794733823368,1.0025337871226507,0.7129634501181112,0.989216378137965
60656.59561172799,1.0005085036957118,0.999891901215725,0.9998532403520543,0.999185051553569,0.9979593273397184,0.9999431120451505,1.073188325959225,0.9942827423785442
60656.595789461746,0.9999091302209066,1.0003233340246538,1.0003316022065547,1.0003908326428008,0.9993659140876128,0.9973439761210889,1.8535668822471054,0.9915994383897128
60656.5959671955,1.000828861148852,1.000620223756188,1.0012644419496814,1.0010025182530011,1.002224000804205,1.0046931556933234,1.0413520879486775,1.0014300095449153
60656.596144929244,1.000685481307172,1.0005108865411756,1.0015940037089033,1.0016901167703294,1.0009200703573846,1.0001756737566498,1.0492802583486875,0.9992790480112295
60656.59632266299,1.0007935817561597,1.0006845292181832,0.9993799493370726,1.0004890509160507,1.0011971623250133,1.000521982685462,0.9766433493255227,0.9991067572956722
60656.59650039674,1.0012802900260984,1.0014412156586534,1.0019158823712926,1.0025448885601556,1.002596394287842,1.0018184478793803,0.3375021176275615,1.006215000559523
60656.59667813049,1.0000405895111226,1.0002776115017908,0.9994373378794714,0.9997853839917393,0.9997955347506559,1.0014679537018039,0.46187466389817106,1.0050921831028685
60656.596855864234,1.0010559741771041,1.0004476932222504,1.0005385240940372,1.0012648899590144,1.0006760080945754,1.000953327708902,0.8296209161245341,1.0101189875694914
60656.59703359799,1.000765167762448,1.0003251481548896,0.9998524442052228,1.00092831254541,1.001280874331065,0.999548576810185,0.08881243395624291,0.9991234344067537
60656.59721133173,1.0011492018717172,1.002340446382817,1.002459892366218,1.002349003717983,1.004737613301785,1.000409575426237,0.6713246702217809,0.9967449893545133
60656.59738906548,1.0011778304427226,0.9999618102721824,0.9998488730152302,1.000113809785773,1.0010005023239414,0.9998309240698366,1.0791079079781196,0.9977469388727188
60656.59756679923,1.0002739357181314,1.001488568673357,1.0014251099345413,1.001955513849351,1.0024719005315548,1.0005482819851321,2.114661166071787,1.0052671904033461
60656.59774453298,1.0002165585479064,0.9996691266740607,1.000769888336878,1.00051185921991,1.000737732861764,0.9961886621947454,0.23552250995170812,0.9987079036057477
60656.59792226673,1.0008454092330998,1.0011418771136407,1.0010220952054223,1.0015073480013514,1.0022174283050362,1.0064080419834243,1.191824766198125,1.01187151906074
60656.59810000049,0.9992727556699295,0.9992987166325022,1.0003275149975004,1.000658076876309,1.000871577529786,0.9974853249564982,0.9200362074522469,0.9978043386357943
60656.598277734236,0.999962559353112,0.9997063869949285,1.0007942268517704,0.9995824718913167,1.0003696656786656,1.002130598550374,1.254479911542618,0.9944071447058654
60656.59845546798,1.0010197359400954,1.0006906705203407,1.001654727001163,1.0018498643150566,1.0029867037869111,1.005326551409754,1.3437608242439878,1.0135789922204792
60656.598633201735,1.0009373353429833,1.0007730763957536,1.0011431290625066,1.0016688377159084,1.0020045228952874,1.0047674097212602,0.22017431276968705,1.0086721763274031
60656.59881093548,0.9995599376008829,0.999363974662134,0.9990674156580496,0.9994730775108115,1.0001808131503755,1.0004325924828437,0.570333958379157,1.0088272564313707
60656.598988669226,1.0006125109063078,1.0011644487149038,1.0019114271103526,1.0008389188854292,1.0021863539442086,1.0031551939723933,0.875394133768626,1.0060085185176613
60656.59916640298,0.9998596253359624,0.9997032267862087,0.9998591631005155,1.0005676657578653,1.0005744045426979,0.9991074644908566,0.7078721208168923,0.991138598645895
60656.599344136725,0.9995804080905264,1.0004704531659463,1.0010514450656123,0.9994641702673147,0.999856519126879,1.0006812196832564,0.1677772385234427,1.0013247833289116
60656.59952187047,0.9999037297187013,1.0006944471389252,0.9995731841509895,0.9997572459643811,0.9997154069857953,1.001844342073832,1.2212316375348695,0.9963705821003941
60656.59969960422,0.9999579127877216,1.0007969895523874,0.999855675663457,1.0009884572441254,0.9993402517734143,0.9976411557380476,-0.3391136942495775,1.0022571807444227
60656.59987733797,0.9993495459456944,0.9996687496273455,0.9998848873258174,1.0005608259669454,0.9999063909650918,1.0000946423973418,-0.8651015421770657,0.9912783754878599
60656.600055071714,1.001355016338437,1.0017689423475602,1.0017876773750236,1.0006145316313475,1.0002471769470862,0.99616455100327,1.3279965388174102,1.006931313173597
60656.60023280547,1.0012648317120842,1.001407328132825,1.0009313273317124,1.0018101618921476,1.0014460141424981,1.0013327324462893,-0.05708347033511245,1.0011182809053836
60656.60041053922,0.9997386821750088,1.00024032548964,0.9998982140312527,0.9994039920000695,0.9994126280489862,0.9988440761738684,0.8899862310638124,1.003998723772375
60656.60058827297,0.9992601616097634,1.000446386404389,0.9997125241163383,1.0000707631257066,0.9998878709952868,1.001147926510563,0.803926856447373,1.0017839805600155
60656.60076600672,1.000505842354011,0.9995456661285915,1.0003024178764102,1.0011881238210028,1.0002454208820846,1.000800381496204,0.4876619245596047,1.0068793402578862
60656.60094374047,1.000301140066884,1.0003793050173702,0.9992432161406409,1.000251695290308,1.0001744408570767,1.000669903714936,2.3023685614177603,1.0127805979784836
60656.60112147422,1.0005457592562566,1.0010702774983997,1.0014290607020526,1.0016602681496927,1.0021263739340975,1.0038087667395381,0.7321941300103274,1.0113634339494533
60656.60129920796,1.0000084320799154,1.0004021613938394,1.0010592714096,1.0019469945252653,1.0008950155196994,0.9996313401246888,0.4322028042985675,1.003261238142852
60656.601476941716,0.9997280067244082,0.999464422693267,0.9994970185958859,0.9987731730654109,0.9986738776594282,0.9965353883214689,1.2718001125564984,0.999426875236934
60656.60165467546,1.0005232197380574,1.0013264139801406,1.0013980817759411,1.0018076224881685,1.0013636214560513,1.0020037476769996,0.7761880010001415,1.0045400710139707
60656.60183240921,1.0017927036735084,1.002093043308938,1.002479086936147,1.003015206170585,1.003924092878884,1.0032436257829307,2.6551461647210117,1.0175379519114511
60656.60201014296,1.0009609222685165,0.9994745689407628,0.999633611179593,0.9994167939308423,1.0001421624803952,0.998168112400838,1.0364096641431362,1.003941226094112
60656.602187876706,0.99922805467636,0.9996871711817994,0.9997826323474925,0.9990117949256246,0.9982734370018604,0.9962720696297765,1.040207503168928,0.9889030813995981
60656.60236561045,0.9999398008064447,0.9988036651510845,0.9985731884950843,0.999884447675512,0.9983012982438586,0.9971735452819434,0.989124783662519,0.9994279592088068
60656.60254334421,1.000341746440663,1.0008549402212827,1.0009918290025115,1.0018452456541826,1.0013173092040475,1.002504286467111,1.564806599041524,1.0069823760271206
60656.60272107796,1.0001905162625955,1.0011875296187116,1.0010753010406632,1.0012204832201463,1.0015856026798402,1.0020784123026374,0.9588527348537289,1.005223053489524
60656.60289881171,0.9990614760822341,0.9997226389024501,0.9995396329230924,0.9994137782226192,0.9997927394688914,0.9985676837809154,-0.2919544092363141,0.9939787168857146
60656.60307654546,0.9997437562066103,0.999184653126061,0.9998614144408594,1.000092290439697,1.0005037070304166,0.9998225997968584,0.45822297829346387,0.9987469268011488
60656.60325427921,0.999378465224421,0.999898956548595,1.0002149966074982,1.0012810910170247,1.0013852244108703,1.0031477640971493,2.062280723834001,0.9980126286978176
60656.603432012955,1.0011961554664053,1.0020782802293522,1.0024991674430785,1.003001758764931,1.001447230393155,1.0025630376625272,1.15901019392971,1.0185843541345174
60656.60360974671,1.0004563956413086,0.9992752405895267,0.9992869728227454,0.999426559200727,0.9988959973589435,0.9999039587666071,0.7130212589014007,0.9976733417580239
60656.60378748045,1.0003892975671143,1.0000225365042523,1.0004815288501487,1.0003810602165482,0.9989280990724826,0.9990359914823171,1.6630244761710664,0.9978965639277515
60656.6039652142,0.9997640243980612,1.0001459827566836,1.0002785443384898,0.999372734755372,0.9999278215204122,1.0022671519637272,1.8141613087125528,1.0053026651090895
60656.604142947945,1.0001311580128776,0.9999964070221582,0.9991585107499731,0.9992215040263134,1.0004466694904592,1.0011786464972692,1.4627833657661728,1.005013255475378
60656.6043206817,1.000709692625002,1.0004213355943272,1.001201470610116,1.000576497011063,1.0020710381440305,1.0009201904759295,0.029039028090192497,0.9986393356463574
60656.60449841544,1.0007883617567424,1.0014944928660816,1.0022053860789748,1.001866507075903,1.0019765215091805,1.0023946587041574,0.38138595128419256,1.0105305708993275
60656.60467614919,1.0003173988248093,1.0012158385176626,0.9999585078015835,1.0001200093399778,1.001091892595839,1.004540037367448,0.05644553683591528,0.995565648380043
60656.60485388294,1.0003691807155857,0.9998084808964871,1.0006143959101472,0.9994216927229453,0.9986577710972292,1.0030212405803611,1.1359142078813227,0.9913685078738784
60656.605031616695,1.0010918739713857,1.0008193397020289,1.0013449489363766,1.0009999870382684,1.0021516317582893,1.0023081443008797,1.8085887685170048,1.0095056934626285
60656.60520935044,1.0003773625877062,0.9994721932207936,0.9989926187993257,0.9988010429134123,0.9984998479658873,0.9982619397217862,1.5084317335681758,0.9971497568888353
60656.6053870842,0.9993485705245911,0.9992998001894967,0.999209294006892,0.9991157228000923,0.9982812758031535,0.9975738619780808,1.8763762155970958,1.0051325529440636
60656.605564817946,0.999735201049813,0.9987908289177155,0.9999582568720843,0.9998358191959736,0.9988626058005529,1.0004694010020465,1.3267569270323314,0.9887398388543228
60656.60574255169,1.001354942510341,1.0010636397393389,1.0013540304766992,1.001662402370445,1.000161197424187,1.0031490408455301,1.927531482485324,1.0077324330682746
60656.605920285445,1.0004593934303827,1.000276898659153,1.0011211976486578,1.00101936803208,1.0005793742826559,1.0013033182627362,1.664388244344999,0.9932603981749615
60656.60609801919,1.0000164184073486,1.0001123745783256,1.0008941127087574,1.0015891871189382,1.0010456163067416,1.0025817785213174,1.3310202123039954,1.0003387107126205
60656.606275752936,0.9998087206334791,1.000124183884077,1.0002533284484942,1.0012226486485654,0.9999700881308462,1.0008131805502503,0.6496639084641809,1.0107060349155055
60656.60645348669,1.0012800416812762,1.0008792260824426,1.0021299764956386,1.0022893255111724,1.001965489053518,1.0041580846719367,1.3543520876654012,1.013601392212226
60656.606631220435,0.999689739212434,0.9997476086583236,0.9998899872538389,0.9993000132194789,1.0004074814160202,0.9983264313924533,-0.12292870489950189,0.9992183001643475
60656.60680895418,1.0002224236606039,0.999539598281792,0.9995675649108683,0.9996244060681584,1.0000267209954212,1.0001288084554092,2.2970846934129447,0.9969861254696905
60656.60698668793,0.9999820330867141,1.0010466887394438,1.001148638754229,0.9995789691811858,1.0002628374950981,1.0002106874571155,-0.03761823803815151,1.0134894751112047
60656.60716442168,1.0008387788254185,1.0012107230575753,1.0014367143810785,1.0010997603829028,1.0024077427069245,1.0015523641149524,0.5659427972876531,0.9928601384828403
60656.60734215543,0.9997913650448373,1.0003951541868938,1.0005496754185392,1.0016804465252072,1.001636064754616,1.000573655501452,-0.12043121677110746,1.0133165139636195
60656.607519889185,1.0006837370608437,1.0005046869813203,1.000262561578335,1.0015344595694546,1.0012315513906112,0.9994986650733962,0.08724269278093874,0.9989123772215974
60656.60769762294,0.9998539282934626,0.9993420097008113,1.0010951038347191,0.9994554885600748,1.0008039578119963,1.000039025955673,0.5976189910740769,1.002744874414761
60656.60787535668,1.0017079296796192,1.0013854040604455,1.0019971515865276,1.0028530076067128,1.0032903534338764,1.0022248456770084,1.2699471533414513,1.003019834487111
60656.60805309043,0.999980824209199,0.9995476906740528,1.000042062714526,0.9999129200601866,0.9992347885118995,0.997649123691978,2.2589377396731383,0.9844527717753716
60656.60823082418,0.9993679816347771,0.9992575112523147,0.9987458343569957,0.9968139980329555,0.9969603343455816,0.9981900232760379,0.6362275433725287,0.9919319441412294
60656.60840855793,1.0005357777283637,1.0001282280900379,1.0001994836541044,0.9995988932474177,0.9990978452872958,0.998340277179858,0.8782215165131101,0.9899467688679346
60656.60858629167,0.9999949992036472,1.0008846511043963,1.0013048743098791,1.000561692920349,1.0005065158446151,0.9998274257506564,0.21802294910644177,1.000188849978976
60656.608764025426,0.9996262608637904,1.0000766984326195,0.9999599455419942,0.9999374686156743,0.9986437101570392,0.9956172872240819,1.0366948668938607,0.9854797308872949
60656.60894175917,0.9997390218456462,1.0004251444174777,1.0002339322348688,0.99935471730788,0.9993003142245952,0.9979441078851246,1.4712044879411403,0.9944519521349062
60656.60911949292,1.001033885148431,1.0007661489765247,1.0010949587215094,1.0012085753927094,1.0017499729963066,1.0011945426423243,1.2770093158646023,1.0056849784530715
60656.60929722667,0.9991924798177946,0.9999604656410949,0.9987629191872167,0.9986805120438954,0.9999369544302004,0.9965463909644194,2.0629810942103326,1.0052759111775185
60656.609474960416,0.9998745688486581,1.00013813642178,1.002830210410813,1.0009211229777832,1.0018556648261892,1.001939221782165,1.167003311985808,1.016130283908618
60656.60965269416,1.0005264850580493,1.0008689408849099,0.999740569055319,0.999596339088041,0.9995473221089469,0.9991845138924947,-0.15418492471203696,0.9986574453805872
60656.60983042792,0.9999041642453957,0.9988694543751286,0.9988953147939347,0.9997057350916397,1.0001566351402484,1.000416064309954,1.080194516589316,1.0071095657344553
60656.61000816167,1.0008400210099955,1.0003273089365203,1.0001887361658346,1.0002427035721582,0.9997510925697737,0.9978514040307492,2.5631980200171767,0.9958153647190873
60656.61018589542,1.0002618922221662,1.0001163236179849,0.9998300202626502,1.0004784849444988,1.000803494928611,1.0006655161443396,1.9217875745612654,1.0004515011056399
60656.610363629174,1.000054345174264,1.0003626118349263,0.9996076340489692,0.999681663504389,0.999221610516669,1.000346115442295,1.5374518427759192,0.9977887101406344
60656.61054136292,0.9991791394952518,0.99947506955893,0.9990526871063181,0.9987956056968397,0.9986661867880278,0.9987273750624179,1.8584596491490752,0.999333555990247
60656.610719096665,1.0002019218592524,0.9991146662720569,0.9996326723344463,1.00026881162565,1.000631264492634,0.9981983994737478,1.5843881597489755,1.005671213341333
60656.61089683041,1.0000988361952026,0.9997200249048784,0.9998127469608851,1.0004128994141386,1.00004282755762,1.0032295952127142,1.0385544019585466,0.9976879082851913
60656.61107456416,1.0017564617527694,1.0017184861153627,1.001461012062299,1.0020621595943353,1.0032336977680776,1.0039491570674777,1.831751595631409,0.9982545599475431
60656.61125229791,1.0014758784573226,1.0016364381086649,1.001430165735853,1.0024824803834023,1.0024611216699932,1.0025493843658724,0.8797957314400033,1.0094983993218907
60656.611430031655,1.0009223282859387,1.000703492098823,1.0017138820389377,1.0018359811087254,1.002310368133288,1.0047367600060242,0.06290307335347856,0.9996079832692082
60656.61160776541,0.999987917692485,1.0006190169895903,1.0004186859390671,1.0017356034567697,1.001303608263671,0.9999145136799042,3.0459216271447835,1.0077367286499817
60656.61178549915,1.0002891791478745,1.0010625740938728,1.0024104858187386,1.002771160226103,1.0020906154974276,1.001775432923923,1.1028376233296044,1.0057759325529945
60656.6119632329,1.0009833931772376,1.0015330127835096,1.002483193683894,1.0014803766095282,1.0003300556888939,1.0002312080187767,0.7826790406564276,1.0086147829699939
60656.61214096666,1.0003393013646324,0.999894005187054,0.9984555238549923,0.9987715683421122,0.9980739665182081,0.9967598762218183,0.9849689097318516,1.003524645013375
60656.612318700405,1.0001086227923637,1.0006277198212066,1.0008105284877762,1.0010100403335198,1.0002490922499039,0.9984114548174459,2.2727798966418047,1.0077064060550631
60656.61249643416,1.0004942432080213,1.0003556947283956,1.0005161992719098,1.0006430407569629,1.0005580119456317,1.0006409662927307,0.557684834441779,0.995802764565148
60656.61267416791,1.0009039957413064,1.001049138638469,1.0018342064658592,1.0009913174304546,1.0013094969114944,1.0039280994194693,-0.26025872484894363,1.005323553529928
60656.61285190166,1.0018686129237608,1.0014155983738964,0.9999909673873683,1.0005124068665032,1.0005765263541626,1.0028347178053056,0.44219860225336155,1.0025320116635625
60656.6130296354,1.0009440939137835,1.0018601067793436,1.000943859756371,1.0009414653595452,0.9998864710372068,1.0007123058662486,-0.44120828581922655,1.002715071885089
60656.613207369155,1.001847691484125,1.0016163095312953,1.0024940125213215,1.0027722882762724,1.0022041667053176,1.00192859440502,2.088399968166567,1.013291060964677
60656.6133851029,1.0008376314968985,1.0005795640443749,1.0016283264956143,1.0007127154507431,1.000682408750373,0.9989270002242638,2.262910535428351,1.0067312344688801
60656.61356283665,0.9998757384330493,1.0003971043723745,0.9991352283123821,0.999392283370504,1.001132820236833,1.0008105400968712,0.1613752999993895,0.9922710265156481
60656.61374057039,1.000263817892215,0.9997378568262975,1.0009075775022545,1.001189344461294,1.0018652728541657,1.0018643266799516,0.19347347203519538,1.0061404039112862
60656.613918304145,1.0000934544186266,0.999738996288971,1.0004948423834321,1.0009650356321522,0.9996312852992145,0.9941583051432278,2.9564033860518952,0.9926181019139749
60656.61409603789,1.0010962155545995,1.000609978362051,1.0008548592561801,1.0028531846714874,1.0027840515129407,1.002646147741928,0.9792845779186053,1.0040014745485804
60656.61427377164,1.0010333304400334,1.001391837917564,1.001744376120081,1.0014440243259353,1.0017780715193352,1.0017353583621733,2.0310437446314342,1.0096754854275212
60656.61445150539,1.0007947197218654,1.0002675832170869,1.0001527325027368,1.000796276670819,1.000412537541103,0.9993771023300875,0.2760472680957269,1.001175849045978
60656.61462923914,1.0005324477896016,0.9993687027628083,0.9985432983571186,0.9989770497261943,0.9995196315980652,0.999129492923649,1.3191890349344952,0.9918314078713738
60656.614806972895,1.0003130914695901,1.0008023650010203,1.0012394441685726,1.0013970156939787,1.0021733311085272,1.0035875490587918,0.6926102607364213,1.0082323586915154
60656.61498470665,1.0003089038356077,1.0005782416670044,1.000667338960952,1.0000886118452235,0.9992484175264638,1.0008231915231358,1.74091411084469,0.9927795692161359
60656.615162440394,1.001131939450756,1.0003386134628405,1.0003016502692417,1.0004254166395092,1.0016260881995394,1.0026450624688799,0.32344104899403564,0.9949424031950921
60656.61534017414,0.9995251513675933,0.9993831074309051,1.0010097986720554,0.9987711737827724,0.9989516944464545,0.9966845183433182,1.2156644754061008,0.9944279101711839
60656.61551790789,0.9997570735058382,1.0003945424810667,1.00036553037754,1.0003052418177436,1.0008894918768358,0.9998029942874358,0.561370507950323,0.9968397190540871
60656.61569564164,1.0006869082922225,1.0016000239718115,1.0015123937739987,1.0024785902702997,1.0013396212213208,1.0031557460822962,0.49151027915363193,1.0017929711208946
60656.615873375384,1.001878057547953,1.0019201378993792,1.0011035378539939,1.0026789364070274,1.0032413104108886,1.0016814047581126,0.2238748857405206,0.9907767298599791
60656.61605110914,1.0008424906442286,1.001349576842759,1.0016648180771826,1.0028979228903692,1.0030522687992776,0.9998441387063579,2.114896794524654,1.0067877126062923
60656.61622884288,1.0005922648172392,1.0011325379704616,1.0016736663606436,1.001602384420598,1.0018079279611234,1.0045845045076462,0.6755160254806495,1.0016518465516597
60656.61640657663,1.0010734147985219,1.0013197570430798,1.00160177429078,1.0018920723520832,1.0024160126923403,1.0023224442796819,0.4454279965765056,1.0016889327816654
60656.61658431037,0.9994336940123989,0.9990861681260502,0.9993087593429202,0.9994509711950075,0.9994870234378268,1.0006607783241193,1.561960845220908,0.9969420778608418
60656.61676204413,1.0012897275898074,1.001204329365702,1.00165009172081,1.0013699941338026,1.0009035142588585,1.0011896985956419,0.03174096318807511,0.9974165365923309
60656.61693977788,1.000008100237205,1.0005983011312047,1.000705235791622,1.0016930533896198,1.00118876276191,1.003845310257988,0.7529316750861257,0.9993848219533122
60656.617117511625,0.9998396351126653,0.9989226168764067,0.9993593007810784,0.9998210737579662,0.9994888074945748,0.9989946516879379,1.1675388426589075,0.9901839786839178
60656.617295245385,1.0001313491063901,1.0004415676605267,1.000952446353075,0.9987378675297454,1.0016412131968502,0.9993379367973074,1.0387403669863389,1.0105590896336085
60656.61747297913,0.9986045935956696,0.9982639555257985,0.9986691792369027,0.9984816675640122,1.000225894321658,0.9980735884576892,-0.3361004377783543,0.994640047085499
60656.61765071288,0.9995911398715038,1.0007231705359687,1.000153284854985,1.0005966718452821,0.999987220933502,0.9990438060390512,1.9880618284252785,0.997943697154462
60656.61782844663,1.0002309763615813,1.000980296313025,1.000362625259376,1.0004782389720157,1.0004131090547101,1.002328214755889,0.9789393751593233,1.003676329365395
60656.618006180375,1.000156115132618,0.9997946825064815,0.9984474429591639,0.9990562302161875,0.9994870801628232,0.9986150616946464,1.0583849384632569,0.9937727524965753
60656.61818391412,0.9997966949422107,1.0000971846977798,1.0002563134777147,0.9996539027725552,1.0008973818418512,1.0031057536198578,0.8234639404990839,0.9956955442318933
60656.618361647874,1.0004280547082496,1.0011928250987037,1.0007155826269296,1.0004494857921191,1.00118154867708,1.002108186889984,0.29864177658988955,0.9945061181594815
60656.61853938162,1.0008125059999822,1.0000622852610697,1.001073582184571,1.0005997754218996,1.001383804988331,1.0013097707068304,1.2160798582413324,1.0006788538487699
60656.618717115365,1.0005290079528837,1.0005872687153738,0.9997988314602473,0.9998496383638777,1.0004698103229572,1.0032547004512535,0.12165775946262254,1.0081175648223166
60656.61889484911,1.0000887690205786,1.0008379649775008,0.9989415230330964,0.9995359042244262,0.9988643373959479,1.0019399211275293,1.037535795241039,0.9954673523048596
60656.619072582864,0.9987927054356496,0.9996464023724965,0.999312375976838,0.9994196271147933,0.9985425186955764,0.9980172047992624,0.8576275945149321,0.9921197248398078
60656.61925031661,0.9999871436486418,0.9994219421570103,0.9975514430912625,0.9979632115008085,0.9970491575333305,0.9984782718622199,0.07314654063094198,0.9922434819002193
60656.61942805036,1.0008581291540535,1.0015847472474926,1.0022661399964885,1.0027657379124824,1.0027932146389849,1.00673722415104,1.0301401404055497,1.0099425249764613
60656.61960578412,1.0002795698302374,1.000399772828229,1.001153636378535,1.0022139061721045,1.002459985501684,1.0008004630757268,2.0967536688616812,0.9938881895113266
60656.61978351787,1.0002456388363479,0.9998986386642004,1.0003910184920142,0.9997708334725383,0.9989732692241514,1.0001302119693685,1.8282844990171974,1.0111578667532308
60656.619961251614,0.9998159616194685,1.0003377822955617,1.0006357885829713,1.000919864342342,1.000444499481285,0.9997954896175005,1.4973160368992522,1.0130825547738027
60656.62013898537,0.9995691205267302,0.9994259557867259,0.9997197236854177,1.0006952104582203,0.9991933457115432,1.0000695856680408,0.6504507648497322,0.9957111397836257
60656.62031671911,0.9996920926556716,0.9995442337491081,0.9993476226802568,0.9991149834071035,0.9984099872297575,0.9984450268335049,0.020767198353459818,0.9951259700881988
60656.62049445286,1.0000077341664997,1.000487125361145,1.0007030067341691,0.9998720629536146,1.0009028849080004,1.0025209880224488,1.648320778555626,1.008193224852784
60656.62067218661,0.9999928836679957,0.9999039623684187,0.9994785975605939,1.0007772776204817,1.0005530195898253,0.9995029422404743,0.11210157607725064,0.990702792745818
60656.62084992036,1.001459155242394,1.0012858438259684,1.0015698164542253,1.0014658555273457,1.0015405765651717,1.00331587900095,-0.47274622589947085,0.9946712066181788
60656.6210276541,1.0000199999141972,1.0005611687239777,1.0008280010183432,1.000310279089256,1.0009480304046872,0.9992848528748088,0.0434997453441774,1.0034734457274745
60656.62120538785,1.001088860833435,1.0021613014290827,1.0030499395818628,1.0029492029149105,1.0030131913941938,1.0049230226727908,1.664343165537077,1.0030760427546266
60656.6213831216,1.0011190508456491,0.999951003107388,1.0009240429120192,1.0015281837298422,1.002235323002251,1.0012340266929476,2.2234882016290984,0.9988631462223058
60656.62156085535,0.999545284488931,1.000201840490646,1.0014125905722668,1.0004347331239667,0.9999083865356332,1.000061072596738,0.9055418414126215,1.0004522338473327
60656.6217385891,0.9998520707724257,0.9998322918307626,1.0002568566094565,1.0000283158299028,1.0001896870901643,0.9984418614557045,1.336070608299858,1.0006157587826712
60656.62191632285,1.000635266843666,1.000610119302258,1.000322503871738,1.0024939763876841,1.001633317485185,1.002740311442827,1.6095396977009915,1.0021036776822658
60656.622094056605,1.0008310764522008,0.9998115244088868,0.9993701642940555,0.9997165569217913,0.9993973664297068,1.0007182990880152,2.0283992248527802,1.000508462163752
60656.62227179035,1.0013032435034974,1.001568843438762,1.0011625837824414,1.0022558946488103,1.0015077340899157,1.0011681401624435,1.1694091121188057,1.0099384758049375
60656.622449524104,1.0009179398886514,1.0001926039316742,1.0005607844823867,1.0008060934370426,1.00093632911312,0.9998153271266244,1.0545225235070923,0.9946140748116192
60656.62262725785,1.00041351318263,1.0000671009292152,1.0008637248829748,1.0005065041909038,1.0009782116248855,0.9984069322656244,0.8566612402594983,1.0020906064206736
60656.622804991595,1.0010495218163908,0.9993619363664085,1.0003688556873587,0.999227825902767,1.0001955564589042,0.999014643609675,0.29664618773963053,0.9985722396176144
60656.62298272535,1.0000256453844716,0.9988604939069854,1.0001389017429447,1.000334642980939,0.9990479578775155,0.9986813514726172,1.4201462979842607,1.0050500317792739
60656.623160459094,1.0004331800050987,1.0019178321972022,1.0017950615737699,1.0022264076091991,1.0014539704720515,1.0030881582668043,0.9495136892841899,1.0031744290498787
60656.62333819284,1.0009677144533562,1.0016610389594272,1.001898374166147,1.0015707038435346,1.0021970877594495,1.0027294311114667,1.025149450950575,1.0046723419954415
60656.623515926585,1.0002737039500957,1.0007769018639605,1.0013048328175995,1.0012977086936945,1.0007330467467879,0.9995168346447493,1.6933047181624312,0.9930298306607594
60656.62369366034,1.0008027215516642,1.001089200394719,1.0011096120822052,1.0013535309461485,1.0025308479984318,1.0035909702062817,-0.31728497116227167,0.996897166818066
60656.623871394084,0.999985890719851,0.9997721593929917,0.9991714982724897,0.9996774495840797,0.9997803129871746,0.998748466934594,1.530615215591628,0.9985260983957082
60656.62404912784,1.0001656411058555,0.9999721633164128,1.0002606062821113,1.0003871717548047,1.000581044147908,1.0009323549866769,0.7754498450309416,0.9969708876369954
60656.62422686159,1.0006487830643338,1.0007092288537374,1.0006023557946764,1.0015484966008088,1.0020844558301771,1.004959402270632,0.9683657980561454,1.0020203408764763
60656.62440459534,0.9993092141633164,0.9998804490549906,1.0004983332232962,0.9995610113455016,0.9995525445161273,1.001847683880332,0.7013560298907746,0.985375993739176
60656.62458232909,1.0007911515685395,1.0006362192936542,1.0010867509339483,1.0008970299952054,1.0002706360698412,0.9978110942615035,1.2973516338995001,1.0019539911910682
60656.62476006284,1.0012417376389762,1.0005935068121534,0.9998158168407193,0.999953745295099,1.001419293147077,1.0028265347214422,-0.27266089465523297,1.0110672473285838
60656.62493779659,1.00094845130634,1.0014800693818342,1.0024042014946999,1.0024772620631577,1.0039724807837773,1.0007166798902596,1.14897361918565,1.0135737287592055
60656.62511553033,1.0010594052649626,1.0014737755602998,1.0014599724501883,1.0023059781581358,1.0041522723280913,1.0019313748705534,0.6102851535269824,1.0117929330965252
60656.625293264085,1.0009155173754694,1.0001961272559203,1.0007467148988465,1.001715868112077,1.0017636946987734,1.0014927983128064,1.0659925008685518,0.9897204317557035
60656.62547099783,1.0006037459303685,1.0003750086026184,1.0002705834190142,1.0001780991282043,1.000549610899522,1.0002417389543867,1.2186951269017243,1.004529080886865
60656.62564873158,1.0001713459762822,1.000171310200348,0.9995911218780644,0.999936121374069,1.001350075304472,1.0012031033459143,0.16801769506293768,0.9996439160217001
60656.62582646532,0.9992331299358717,0.9997959057372111,0.9996819502339064,0.9987117218499887,0.9994325235072649,0.9992848439206773,0.6418293977275418,0.9980051734587272
60656.626004199075,1.000945635861919,1.0013205437029251,0.9998126988825297,1.0007603005023191,1.0004347016284842,1.0014783779493983,0.25741885125089725,1.0000949637060197
60656.62618193282,0.9996546071689564,0.9994832167713228,1.0007058806782394,0.9998648820916722,1.0005090944220634,1.0001177180942786,1.7674808129418833,0.991276505428403
60656.62635966657,1.0011351180495953,1.0002563036583516,0.9999932426571221,1.0005206096135275,1.0018758055366577,1.0031407938827082,0.9046589515363251,1.0023847230961755
60656.62653740033,1.000583889395786,1.000696413426689,1.0000656914699513,1.001056063378674,1.0014152150647415,1.0053519582732906,1.8715129519782006,1.009392950072227
60656.62671513407,0.9998586020263643,1.0001177066050722,0.9998720966172081,1.0003846614189598,1.0,1.0022114277263157,0.44992292566223085,0.9904607926975708
60656.626892867826,0.9994440273365417,0.9994059578368649,0.9990550419578246,0.9971664819130507,0.9992594666659489,0.9993381834051664,1.0420523909361368,0.9963876249167982
60656.62707060158,1.0005938036794615,1.0004877718882026,1.0007400516287162,1.001242750559584,1.0017390084068885,1.004239190617114,1.292508236402669,1.0118664495523368
60656.627248335324,1.001292413697219,1.000422679665871,1.0015864159127699,1.0003481961217482,1.0019549637885774,1.0015767616083102,1.231135746196261,0.9998491226677968
60656.62742606907,1.001084430100494,1.000224457453771,0.9994897958243908,0.9991123468174565,0.9993533815623517,0.9980145111999715,0.7077800203852612,0.9898175625015233
60656.627603802815,0.9992665336902172,0.99992526089152,0.9991118555779133,0.9989701914788982,0.9990057957606122,1.0003451134590107,0.11134569524824306,0.998385222084852
60656.62778153657,1.0012053103440481,1.0006773680807797,1.0013224253084048,1.0016664862588167,1.003198238652623,1.001519146211732,0.7823287984250972,1.0050987352411287
60656.627959270314,0.999445934479718,1.0005849784955114,1.0002675400684795,0.9995034850626566,1.0011896022327138,1.00377572014831,2.4650364665261626,1.0036555775770852
60656.62813700406,1.0003344938592542,1.0012830573054898,1.0012301893612057,1.0022045903720147,1.0026626125183526,1.0005037905012941,1.383103637996206,1.0118002660129701
60656.62831473781,1.0013886885873817,1.0018012458007095,1.0008903028014018,1.0010364916133525,1.0009840101024063,1.0000078479038934,1.6944414444762979,1.002875433299633
60656.62849247156,1.0007032096011208,1.0012964238088398,1.0022171601656904,1.002387896528346,1.0023836768620078,1.0028500436025278,1.571492159420177,1.0032744582345186
60656.628670205304,1.0001999399669101,1.0005032892420143,1.0012208431748348,1.0007231784886008,1.0001599831421322,1.002193197635123,-0.2592650739663319,1.001973510232981
60656.628847939064,1.0003355242948662,1.0008592214288237,1.001346989851964,1.002195497480691,1.0024383273128352,1.002726970883963,-0.15539595879685433,0.9978190474720907
60656.62902567281,1.0001899943368466,1.0003431792605304,1.0006098166605333,0.9995276500561092,1.0007935226130331,0.9992340863647696,1.378184963592825,0.9997779465237238
60656.62920340656,1.0010109744548619,1.0002190728185483,1.0011787268833954,1.001522231970591,1.0019248242030412,1.0024839914815649,1.765778877082081,1.004143742788116
60656.629381140316,1.000842253632378,1.0008848329607052,0.9998635225317183,0.9992257621692966,0.9990875823670172,1.0001886192561642,0.9888119125648309,0.9965222500514254
60656.62955887406,1.0004493624864945,1.0013038822134868,1.0022228714130117,1.0020021415350575,1.002930025851074,0.9996458712629211,0.6374832121969523,1.0065469812454668
60656.62973660781,0.9991442475536539,0.9999257407481218,0.9993374450720954,0.9989823158749502,0.9980949366243794,0.9967755282577376,0.7190500680947564,0.9987800782570087
60656.62991434155,1.0006080724420408,1.0014607072037922,1.001471441124321,1.001960433559527,1.0016364276403766,1.002645092857138,0.5110731752480618,1.0118558841877534
60656.630092075306,0.9996789513837275,1.000461836109326,1.000458786117574,1.001333983021632,1.0003244249640133,1.0026227588076024,1.8574807537683675,1.000198120286421
60656.63026980905,0.9995334229606934,0.9996557826881827,0.9995822498854959,0.999847455805938,0.9999080019860319,0.9988392170930485,-0.1785795624636441,1.0048761088075335
60656.6304475428,1.0003650598674476,0.9995092932517791,0.9983038251147501,0.9993866276959703,0.999339797079974,1.000488209415783,0.8185953301797985,0.994807762085304
60656.63062527655,1.0002228270577898,0.9999377337252786,0.9998931587998924,0.9988663768264058,0.9987307276945959,0.9997579653136134,0.7178492385868243,1.0019032544153836
60656.630803010295,0.9997142822931981,0.9996796023573467,0.9993400818683419,0.9989282468606976,0.9989502383306581,0.9995796263044171,1.0542776405545624,1.0062578581035457
60656.63098074404,1.000047228426804,1.0004043218939094,1.0009349585226888,0.9992672614596297,0.9997802295174556,0.9999194306611874,2.0431297220819298,0.9977191575580363
60656.631158477794,1.000537298108679,1.0009373588025725,1.00042852382846,1.0013469940162663,1.0004224497035574,1.0012399536034846,0.7341849237756667,1.0025427788818349
60656.63133621155,0.9999985284096211,0.9999930509501758,1.0012707756719583,1.0001950444969736,1.0010492265912831,1.0015559366529836,1.2463308844270866,1.0045851974363205
60656.63151394529,1.0010513100303087,1.000419710598383,1.0005082744834115,1.0006806258875802,1.000363521825727,1.0026537966769233,-0.27650672731921005,0.9906050985150369
60656.631691679046,1.0001768296891724,1.0010442893818399,1.0009848106678345,1.0013723752704244,1.0011468813471083,1.0014491536896657,0.9103644293249705,1.0059034191586491
60656.6318694128,1.0007001537524443,1.000388064670699,1.0007784158560242,1.0009178302889057,1.0006222968912792,1.001889573267833,-0.38105505887132113,0.9984699419230944
60656.632047146544,1.0005647244580005,0.9998604549184886,1.0001925241428276,0.9996157841072879,0.9997236802123112,1.0005328625571006,0.4426973095656012,1.0042523810876613
60656.63222488029,0.9995698042605846,0.9988898276914403,0.9996631398480634,0.9988103652472925,1.0000451302603424,0.9992401588664268,1.4399896896541295,1.002608528553006
60656.63240261404,1.0007101044479592,1.001240825039119,1.000396153836722,1.0001925677157113,1.0000994198102173,1.0005064945768896,0.3235092678801749,1.001373095273109
60656.63258034779,1.0008044948367052,1.0001580420069567,1.0017998268133728,1.0007261939860164,1.0007353914235912,0.99950260818557,1.4716284106884348,0.9964940002724411
60656.632758081534,0.9989383386430207,0.998835942617751,0.9989955323691201,0.9985412775246303,0.9982232060500451,0.9992383457466458,1.3299912516904606,0.9776187349205737
60656.63293581529,1.0002817230611336,1.0006304490701783,1.0012684685164064,1.0001136187638793,1.000041837479389,1.0010995160642266,1.6270581452275266,0.9974993835956366
60656.63311354903,0.9998650494674621,1.0006522687940107,0.9997062335356887,1.0001208351850532,1.001508513369423,1.0031794167267354,0.611832769545033,1.0057456766569253
60656.63329128278,1.0003704066816408,1.001125279477754,1.0011217688572198,0.9996528058497939,1.0001016430490575,0.9968833032802036,1.8450227743540457,0.9954164302767167
60656.633469016524,0.9989183076992343,1.000340517612487,0.9998174669077408,0.9987115644244886,1.0006937608407085,1.0019380590795604,0.3267355105805303,0.9948789645244193
60656.633646750284,0.9998931340184677,0.9992697894394416,0.9995484439863563,0.9984991231885023,0.9991142818083453,1.0016832132620057,0.09229699539374552,0.998380195113524
60656.63382448403,1.0000407851726323,1.0002552515093281,0.9995779733381013,0.9994837478246986,0.9994996370903293,0.999034224002425,0.0019886483792539876,1.000900869891965
60656.63400221778,0.9994130113481426,1.000199656720318,0.9994401998835013,0.9990862871335487,0.9996080975580255,1.0030193079643008,0.33615702419254545,0.9981287282610419
60656.634179951536,0.9996640615661077,0.9978690532782134,0.9984595796295038,0.9994868351706057,1.0001666524879271,0.9977262473374952,-0.13750705516283834,0.9894000723725519
60656.63435768528,0.998883946132962,0.9997717341011151,0.9998886363666649,0.9990907797297253,0.9998497592083142,1.000267093239931,0.159401868126812,0.9900793768275515
60656.63453541903,1.0016752041795272,1.0014280458329525,1.001429306610985,1.0012285586383585,1.0022692545775023,1.0016910806248285,0.8005317924177454,0.9977495351135256
60656.63471315278,0.9995595702067889,0.9997236349906812,0.9996911810416672,0.9984041112302438,0.9997614660044636,1.0000797796940784,0.14430827225481568,0.9876720777832781
60656.634890886526,1.0009185502287488,0.9999906431629211,1.0012630798844704,1.0023153909256237,1.00074643792146,1.0016179008547972,-0.6149691857285089,0.9967637927306131
60656.63506862027,1.0010441976760576,1.0021559750890696,1.0029516628613426,1.0033371744360977,1.0022391852443855,1.0044426042455896,0.27518796997809547,1.001360411867843
60656.63524635402,0.9996010821949469,0.9988402615081079,0.9989447537612827,0.9988760987239788,0.9993894112293771,1.0017266974825907,0.600352730111468,0.9978771499042669
60656.63542408777,1.0000994931402807,1.000885360404896,1.0003567965160525,1.0006455799785896,0.9995752268401673,0.9999525056010979,-0.1220969797002373,0.993372565952579
60656.635601821516,1.0000534334512616,1.0011148943459076,1.0006105706738309,1.0012905495020434,1.0021752518353195,1.0035965047948083,0.8129474211767758,1.0071435955315944
60656.63577955526,1.0012178471827466,1.0012419803499795,1.001203013927229,1.0006842380077874,1.0010381500646757,0.9997278465843923,1.1140871301319264,1.000330647673378
60656.635957289014,1.001777099111261,1.002068348424362,1.0031911115348637,1.0021744432908666,1.0037546806344224,1.0037979974599471,2.0114273523128334,1.0173300924104172
60656.63613502277,0.9995919166443981,0.9991056969376696,0.9992000252979211,0.9985717334657722,0.9999489283764557,0.9996568060962662,0.9606645453340784,1.0017383522979153
60656.63631275652,1.001184017642369,1.0005800699171208,1.0005637760751092,1.0009660125954414,1.0007769057841336,0.9990632135597584,1.7496989687935605,1.004613978358514
60656.63649049027,1.0004650696837707,0.9996027178218747,0.999839089383401,1.0002927972465057,0.9992729944434607,0.9988607898898818,1.4213589510058802,1.0115255604177034
60656.63666822402,1.000577305197278,1.0009398118251782,1.0005132721129653,0.9997890929222399,0.9992218141655801,1.0004355666874074,1.1974436523873297,1.0031385069584715
60656.636845957764,1.0005088377932794,1.0009193370387965,1.0006398766426876,1.0011044155100648,1.001764605311563,1.000165664136699,1.0728263822294775,0.9965125018302405
60656.63702369151,1.0007778984539193,1.0001911023535908,0.9986634743092916,0.9993497218405076,0.998882816212387,1.0006335882996764,1.2290251558716336,0.9968321522263248
60656.63720142526,1.0017767962586668,1.0009856345118162,1.000690206728421,1.0018860861568712,1.00188292910775,1.0009324660270382,1.9509941339875263,1.008322198152343
60656.63737915901,0.9996185547787831,1.0001836182552646,1.0007899664527953,1.0017456821068509,1.0013393774254484,1.0047882004153106,-0.14038244522235827,1.0018240087306103
60656.637556892754,1.00066264101491,1.0009025909119147,1.0011203081416937,1.001090682489728,1.001338682315756,1.0031859744320617,0.8857864557056502,0.998457744809684
60656.63773462651,1.0002087920734668,1.00118667959075,1.001972093988822,1.0015633416267022,1.0013678589426651,0.9991220832609117,1.8691346503233852,1.0075207089576272
60656.63791236025,0.9995307950659102,0.9990098493812416,1.000109605512368,0.9999509491319122,0.9989001859841051,0.9979155394617348,0.5814798223019857,0.9993310634055252
60656.638090094,1.0009938664300277,1.001977067286131,1.0023065001485842,1.0032353345843907,1.0026243242082336,1.0048939261332215,-0.2856505610505121,1.0101158842058826
60656.63826782775,0.9998680603410702,0.9989212148729175,0.9979362296365283,0.9971830374870795,0.9992846135263531,0.9982954329522178,0.8393463565491823,1.0046746223396548
60656.638445561504,0.9999649235910871,1.0006309604105845,1.0012106172879884,1.001521819911378,1.0003447499714186,1.000920585415866,1.6536915948542796,0.9962841625074927
60656.63862329525,1.0,0.9994501768002353,0.9997751109873847,0.9995601299264715,1.0013404060024307,1.0010453114278457,0.8139884429559237,0.999805761727209
60656.638801029,1.001229607779394,1.0009472792768952,1.0004848883257524,1.0008515903319912,1.000821655833953,0.9985819486734254,3.4414567362974324,1.0096229387475748
60656.638978762756,0.9987586452853275,0.9987608861332772,0.9990677479405388,0.999114585923319,0.9981055315789918,0.9976819356853819,0.7597586325981995,0.9978101577507478
60656.6391564965,1.0015310549407586,1.001655033928419,1.0020704546886692,1.0020384430222546,1.0023009007901262,1.00164786779052,0.46763880331095004,1.0126079568434534
60656.63933423025,1.000041382435401,0.9994220583252101,0.9997238130554956,0.9991317291651759,0.9997703304139859,1.0029609954856296,1.021586576729867,1.0069625165127993
60656.639511964,1.0004337242100567,0.999783291552314,1.0001875790933246,1.0006265194737536,1.0012761706377145,1.0045508114732649,0.7830172287897177,0.9967234284262861
60656.639689697746,0.9994409451635946,0.9997431886043779,0.9996727580456369,0.9992115695841733,0.9992653439735051,0.9997364025347817,2.2477256492103246,0.9938192932976164
60656.63986743149,1.0009610427654978,1.0006481860321852,1.0003834312207378,1.000836518746227,1.0015804320132726,1.0013226684335164,1.0702989215449794,0.9988111558347835
60656.64004516524,1.0009047018986352,1.0012415283583538,1.0016969052606364,1.0014565392129675,1.0022766511007166,1.0004867541048543,1.4591745896513704,1.0012165546462
60656.64022289899,1.000478816244361,1.0002480652405517,1.0006911281416717,1.0010321705978653,1.0013215181111443,1.0006078326871213,2.1596155069729925,1.0052634068193111
60656.640400632736,0.9999876736077818,0.998655529744219,0.9990444321457451,0.999045892790396,0.9991921118503811,0.9997828367798248,0.8842447658109368,0.9972053090806337
60656.64057836648,1.0011079853704619,1.0015040632972196,1.0020200532521362,1.001292616879684,1.0009306277170202,1.0037432375631357,0.5377179231073627,1.0033043176278953
60656.640756100234,0.9989372468079978,0.9988600009486259,1.000173864701224,1.000185437970079,0.9998887391062367,0.999901888724997,1.3878259524587835,1.0023817885679491
60656.64093383399,1.002436083944755,1.0017102101999629,1.0015756067056931,1.001994425272633,1.002238998954988,1.0060564457092143,2.531623842750248,1.0090358857049115
60656.64111156774,1.0002626212439314,0.9995169957463793,0.9997506171360024,1.0003241470153386,0.9990765964827137,0.9982889733494411,2.6123314508522317,0.9858112221262906
60656.64128930149,1.0015213452379312,1.0012566024057272,1.0008940756121505,1.0007072608757848,1.0018934462100768,1.0037089807067898,3.1816146134559165,1.0035105439019418
60656.64146703524,0.9999257372591126,1.0006632935537183,1.000646073294988,1.0010563436318576,1.001407727283456,1.003340498504882,2.1244863179732603,1.0058101962859656
60656.641644768984,1.0001026966545403,1.001187961560593,1.0009133850046543,1.0011759757961363,1.0014702726974882,1.0024642259876084,1.3288798538687008,0.9988569844319389
60656.64182250273,1.0012548800838854,1.0009024217317026,1.0022905761868715,1.0013215530113089,1.0013324042703773,1.0010495271136925,1.5789041188731794,0.9976588687263891
60656.64200023648,1.0007750462977882,1.0006062088931928,1.0001402105048616,1.0005730313700456,0.9997912923272316,0.9972906533891203,1.1376622894359296,0.9971990756994281
60656.64217797023,1.001037071506939,1.0007867795476284,1.002288038403581,1.0030713768432264,1.0028491254631864,1.0046061184129762,1.3807920914963876,1.009826157068507
60656.642355703974,1.000229130474803,0.9992688997505611,0.9994856701016097,1.0000038550710466,0.9993592764632682,0.9996318447681193,1.3736860549745016,0.9946772977773988
60656.64253343773,1.000601646379704,1.0002419164897822,1.0008635767676928,1.0000500864033501,1.000607014672989,1.000782369864733,0.4971191139476536,0.9942137468893489
60656.64271117147,1.0012876227011926,1.0009619726235557,1.002710871365771,1.0015376070314,1.0019448733909204,0.9991676452242492,1.1020597870019437,1.0066507779703744
60656.64288890522,1.0001779153842543,1.00144011625303,1.0013317900459835,1.0017523086179774,1.002618730892242,1.0021943712416954,-0.08715233356071617,1.0123635296147824
60656.643066638964,1.0004650359140947,1.001018243952473,0.9995157861764695,0.999611684833654,1.0010170546903687,1.0007716023366304,1.015599680254957,0.993852807244187
60656.643244372724,1.0003731507748088,1.0005527819631368,0.9994480131253827,1.00060152593589,1.000701483231347,1.0011739136216018,1.1006975147611446,1.0028658619458917
60656.64342210647,1.0013727144561668,1.0006839217784098,1.0019563830915745,1.0013303470011055,1.0016148573671277,1.0008729765486009,1.1105166178334902,1.0056554500044417
60656.64359984022,1.0002424248287327,1.000153052185876,1.0005190290247985,1.0004896070096128,1.0009747586558073,1.0018880120061506,0.274069189328302,1.0021260654551534
60656.643777573976,1.000079719306527,1.0011330317312404,1.0004789089091943,1.000036101323162,1.000340315171581,1.001102120836959,1.4892240285049343,0.9905998032677091
60656.64395530772,1.0000294859925574,1.0003254290898012,0.9997265494135502,1.0001133629419405,0.9991345517630625,0.9987095171894695,1.8585696740804374,1.004276484071927
60656.64413304147,1.0002819035754016,1.0006846533245035,1.001931980349675,1.002950993736809,1.0018374489147095,0.9998014018909837,0.10166434126987683,1.004116730124296
60656.64431077522,1.0001858818043101,1.00143314096193,1.0012711553679834,1.0015946083345482,1.001506002818577,0.9991841874839172,1.5561779620143348,0.997566286212873
60656.644488508966,1.0003935516500455,1.0007125640787975,0.9997423561404102,1.0000963167029238,1.0007783936896004,1.0029560260952064,-0.34806840858094995,0.9967657031985657
60656.64466624271,0.9994302051786537,0.9994872182196265,0.9997210347651246,0.9998266583232492,0.9999946901352622,1.0001410331025244,1.3114232518946993,1.0037297310521982
60656.64484397646,1.0005482256688203,1.0001533404255314,1.0007326860307753,1.001087986917269,1.002031233263013,1.0017801103506057,0.3445350230238314,0.9989633860718697
60656.64502171021,1.0009388345986034,1.0008011292865644,1.0013017846197487,0.9995633579449382,0.9998083427192166,1.001806718485858,1.2870681121213008,1.011267669004081
60656.645199443956,1.0015431891528206,1.0013869676108522,1.0014782768602462,1.0019060250722172,1.0005049929600327,0.9995642595210404,1.0043247857454332,0.9948475835135077
60656.6453771777,1.0008232603386344,1.0000195740648474,0.9999321435596171,1.0007994000746472,0.999590942992268,1.0008494346143078,-0.20154769992674904,0.9929385217215652
60656.64555491146,0.9996154633184482,0.9993154284705552,0.999850728784475,1.0006889674679333,1.000028569967031,1.0010332211311297,1.0137908266435618,1.003366320213952
60656.64573264521,0.9997258832513773,0.9994840620587275,0.9993781322619015,0.9981399614316254,0.9982329396247268,0.9989659334095559,1.0347405085399768,0.9894899346805986
60656.64591037896,1.0005355063203727,0.999757573084063,0.9996314546044621,1.0002353543775773,1.0002464976066208,0.9983592679581115,1.0514780225573213,0.9939373864122751
60656.646088112706,1.000414589697668,1.0009049073237608,1.0014321610820558,1.0014620024276766,1.0014182110205176,1.002700082775575,0.4668288865748491,1.0055798882051479
60656.64626584646,1.0004551974260032,1.0005000227068592,1.0002996999595548,0.9996188570687432,1.000590159282443,1.0018567151691817,0.8281589676606493,0.9961105690464679
60656.646443580205,0.999930505844354,1.000086210802998,1.0001194233824104,1.0002035331675647,0.9986377097838255,0.9946696986066154,2.935582529821418,0.9920656023776615
60656.64662131395,1.0015207875777823,1.0017164819908868,1.0021231037851641,1.002529723311277,1.0023139985103566,1.0018560586207534,0.17203132808544436,0.9964181515160182
60656.6467990477,1.0006476112066336,1.001199918892293,1.00012736714137,1.0011453802889307,1.0000567311777016,1.0024903007219863,0.7102321544575094,0.9950350593005818
60656.64697678145,1.0006108331130499,1.0011159175695439,1.0000271191579846,1.000806554753329,1.00032992541335,0.9985359296907043,1.4386039275172116,0.9952700830560416
60656.647154515194,0.9995206182670651,1.0000096163165957,1.0005715683508323,1.0000327965138536,1.00058098642958,1.0021163067264292,0.44356109032165736,0.9940523010305002
60656.64733224895,0.9999494621449525,1.000055549920314,1.000365844785392,1.000681686796209,1.000533528603124,1.0020765657528947,0.7200704068191596,0.9958281104495526
60656.64750998269,1.0008075812315886,1.0011981152683844,1.000096770381661,1.0015565798279646,1.0007163498667222,0.9997783698822025,1.1290526869612805,1.000619741358195
60656.64768771644,1.000379319266617,0.9999038967781412,1.0010005225530159,1.0006052605821179,1.0016211213249504,1.0025693427079745,1.6632884841673912,0.9985945208014361
60656.647865450184,1.0000799888499408,0.9997331427376628,1.0005795008034344,1.0013747838177498,1.001359208812291,1.00507614801825,-0.30199977172204606,1.0014705827273223
60656.648043183945,1.0004777724543774,1.0000127485932295,0.9994628842786025,0.9998581211760016,1.00030586646204,1.0033945729072427,1.195263065665001,0.9976483405992465
60656.64822091769,1.0003175229086043,1.0008366355990892,1.000424783729309,1.0005424107822578,1.000600661741126,1.0047367089492085,0.5212316985874934,1.0028059199841282
60656.64839865144,1.000082365774632,1.0004622859296548,1.000599037311022,1.001199079659661,1.0004698597064665,1.0009736365970923,1.691833332026933,1.0114495975774107
60656.648576385196,1.0003889706400044,1.0003709172157844,1.000273467234298,0.9996083782539517,1.000552629661383,1.000155698764291,0.8706475935054468,1.0002732329896937
60656.64875411894,0.9991670902834592,0.9987124229687396,0.9988816486990548,0.9978064274562772,0.9989236200781423,0.9940997621265191,1.5119480720071083,0.9871710401505627
60656.64893185269,1.0012418215036931,1.000737463063433,1.0008673391502476,1.0012446994683566,1.0003534798077045,1.0006594974831162,0.17489391904953558,0.9956734139705053
60656.64910958643,1.0006412586700915,1.0008394318675369,0.9999158026896935,1.0014617359833735,1.0000349026943727,1.0004877896061195,1.8839993152521908,1.0068951315562846
60656.649287320186,1.0010334804088987,1.0001890483067797,1.0004337341931673,1.0002269122535963,1.001134367333657,0.9997138234597016,1.035215829030326,0.9951278988564561
60656.64946505393,1.0007604251025906,1.0001105968187547,1.0006375454474048,0.9994241419030852,0.9999847443204211,1.0007281700065236,-1.0468199996949175,0.9974521534144856
60656.64964278768,1.0004695794704956,1.000546843466278,1.0004400873781454,1.0003368923033338,1.000181638126082,1.0011879905295729,1.371978169192637,1.0053608480075642
60656.64982052143,1.0007229863513465,0.9999282536623317,0.9996942537364146,1.0003871765839605,0.9999625810722642,1.0006763848098466,0.42504663817509225,1.0019335971049788
60656.649998255176,1.0002828273295374,1.0014038177790412,1.0010159523281124,0.999804080192988,0.9999507252813511,0.9982492470566644,1.0529338203219147,1.005148582735915
60656.65017598892,1.0003351884400888,1.0008519117580101,1.0017070229138079,1.0001335794403186,1.0004705585234104,1.0026253989665017,0.7040186884307544,0.998023651733133
60656.650353722674,1.000755936345164,1.0009566876870462,1.0010815309579109,1.0009624017292633,0.9996744805336474,1.0029834962171675,0.7559528872510524,0.9981249951555702
60656.65053145643,0.9994359701228341,0.9992632395415809,0.9992291888944898,0.9995239422608576,0.9999954990575816,0.9976164818720041,1.7875936482440118,1.004668635765712
60656.65070919018,1.000789388279165,1.000420898840579,0.9994950509754463,1.0003745704194302,1.0010260521902272,1.000061674164511,3.081845041971732,1.006113407704029
60656.650886923926,1.0000908530151902,1.000027093265806,0.9996698531899245,0.9988560440691227,0.9995955763154336,0.9996905340529131,1.4044037789682322,1.0004413232978122
60656.65106465768,1.000754220999124,1.0012301950935536,1.0014554702906215,1.00225401357724,1.002612607809984,0.9998181831515455,0.7757010081903402,1.0064552953845676
60656.651242391425,1.0000837308370332,1.000142528271973,1.0005120381832118,0.999792394854658,1.000804623422139,1.0021889560040376,1.6275839964555137,1.0081138760552604
60656.65142012517,0.9999812760961713,1.0004321881366183,1.0003588395638745,1.0012137328423003,1.001977926876287,1.0030040342052242,0.2228846727825454,1.0070669689079115
60656.651597858916,1.000358255124245,1.0010328202300458,1.000370028357206,1.0008227661040228,0.9991356205637255,1.000856857630288,1.5497790040150916,1.000743923064903
60656.65177559267,1.0008053059229218,1.0006053975519404,0.9998688397030844,0.9998066651158195,0.9997345359720802,0.9999572496788184,2.4372422981417947,1.0113021771695243
60656.651953326415,1.0000789731501871,0.9991864125454752,0.9986774701528546,0.998584024647696,0.9985441563605482,1.0012066271748026,0.7127900424161313,0.9999886065496186
60656.65213106016,0.9999833540057321,1.0015089612000674,1.0009460987974759,1.0020293735148855,1.0020568103338914,1.0023092821051247,0.7422804389526338,0.9861754902578024
60656.65230879391,1.0002940933539304,0.9994735868180621,0.9996384344690026,1.0000447809012434,1.0007741095895444,0.9977895257210636,1.9328858158427524,0.9931557871286213
60656.65248652766,0.9997296209405112,0.999922226323244,1.0001063780412702,1.000925162818422,1.0010166754385208,1.0008745945481812,1.8582282644740185,1.0060963616933105
60656.652664261404,0.999657862067597,1.0017136971217473,1.002066028963218,1.0032180597432436,1.00248703578065,1.002850791167039,1.1648262548611412,1.0011124212865041
60656.65284199516,1.0005662072537718,1.000522807029313,0.9999412011594457,1.0008876064169159,1.0011640283129997,1.0018926438083884,-0.32499455266499633,0.9916602600588965
60656.65301972891,0.9994159726417265,0.9989114577886822,0.9983865319979899,0.9984311196978245,0.9976460095757321,0.9973482102011639,2.794822666938327,1.0126218395439572
60656.65319746266,0.9987244247842015,0.9992549077327799,0.9993176784856211,0.9990169939845789,0.9978580096905901,0.9947353519490376,3.0178967116643496,0.9939894589585802
60656.65337519641,1.000903031527664,1.0012743990783972,1.0009842974909289,1.001703919396638,1.0013836733369357,1.0027782706692243,1.47646506660527,1.0081510854538007
60656.65355293016,1.000546579243619,1.000890451734104,1.001142798023538,1.00125021881931,1.0016259010845578,1.0008524967757513,0.5785473842671915,1.0105329463331156
60656.65373066391,1.0005589421684866,1.000492768223174,0.9997868102133599,1.0005510991385433,1.0006769301033864,0.9985144205797379,1.4648317290876594,1.0106540070013856
60656.65390839765,0.9988201225199025,0.9991804604780112,0.9993779705700123,0.9993025272663133,0.9977503994810697,1.0012345577555073,0.9941479154329419,1.0028230132177471
60656.6540861314,1.000525872752815,1.000915157292379,1.0010465217549764,1.0013320260723197,0.9995121894738355,0.9999354606870485,1.7602820136032997,1.003743496132316
60656.65426386515,0.9993958535897856,1.0003045875351952,0.9997750428199284,0.9986495433903383,1.0000201461643723,1.0006884875713575,1.3625269066054058,1.0018825843487271
60656.6544415989,1.0000474060245998,0.9997827389572682,1.000983398690393,1.0013537909278187,1.0010166237223597,1.002282455120396,1.669919139455742,1.0035119237675643
60656.65461933264,1.0006445759267597,1.0005004370626729,1.0012766966906308,1.0000726497803278,1.001564295829555,1.00163326018238,0.45376408273498275,0.9954112458263783
60656.654797066396,0.9991926995172173,0.9996211362092067,0.9995650407312248,0.9998205697168455,0.9991399988279747,1.0006374979055677,1.5314227524338546,0.9943210797565484
60656.65497480014,1.0003015332740381,1.0005759990974274,1.0003767388450349,1.0003532292782382,1.0004121552216947,1.0028279938888054,1.057299353355632,1.0047545201997223
60656.655152533895,0.9987764730647553,0.9997502116640083,0.9999583295226575,0.9985549605313354,0.9995606069223921,0.9988431173041782,1.1358609705105323,0.9977095958985114
60656.65533026764,1.000017799075203,1.0006574786398381,1.0009611263736031,0.9996829763886632,0.9995946229956608,0.9961929021782201,1.5284782796553857,1.0027588966684038
60656.6555080014,0.9992501948465019,0.9998439622905128,0.999651137326304,0.999032879509003,0.9987615290245592,0.996669477716514,1.030722169635637,1.0047367339336395
60656.655685735146,0.9993406126933677,0.9993937366529889,0.999828018922627,0.9985425911570082,0.9994123550393779,0.9981866416796693,0.06423985457251176,0.993446716390448
60656.65586346889,1.00007409573449,1.0000073733669597,0.9994173884839765,1.0017885069797217,1.0026920132486266,1.0025926010681911,1.347727980989367,0.999362571855858
60656.656041202645,0.9998793558371807,0.999803320318136,1.0006876304156984,0.999929690314043,1.0003797442030464,0.9975179245189373,2.172078955804997,0.9970124490924338
60656.65621893639,0.9992171162209189,0.9986773015185796,0.9980617509513403,0.9972357051606827,0.997170864843114,0.9970382906048045,-0.7297498739623187,0.9969113258077625
60656.656396670136,0.9994035825476199,0.9987604855290101,0.9995504823140487,0.999342282054619,0.9971335285552293,0.9959496475808579,2.3552784045342645,0.9936128385229818
60656.65657440388,0.9987418325916593,0.9992258067459342,0.999235986100983,0.9986024521628963,0.9995419153300829,0.999257908549193,1.3111915520746256,0.9964491040675244
60656.656752137635,0.9988308379450791,0.9987189227458315,0.9972438148017658,0.9971207441073128,0.9963856555885008,0.9961659669806084,1.4945320844456726,0.988016205576736
60656.65692987138,0.9990178570199761,0.9985774609472621,0.9989213738605398,0.9984678923311355,0.9983897973364579,0.9988194599551212,1.8199883814990052,1.0052844059900554
60656.657107605126,0.998626748452487,0.9984187177971394,0.9986723369567813,0.9981792258945483,0.9991220490567291,0.9980410189705452,0.0734691767448449,0.9848574698672918
60656.65728533888,0.9997385738956001,0.999103689754682,0.9994458092638349,0.9996363259155706,1.0001211094569706,1.0007771898885311,0.929248999826115,1.0101525972022902
60656.657463072625,0.9992446844028792,0.9992062929393464,0.9989863085768136,0.9993028482977659,0.9991681811699797,0.9991525356311334,0.31905934357921883,1.003981546397201
60656.65764080638,0.9994386598775238,0.9998723927085174,1.0004884487306587,1.001421762403871,1.0015049471786575,1.0008674509513455,0.9271347370697164,1.0034975979207088
60656.65781854013,0.9991980455639176,0.9998682759297078,1.0006162101312706,1.0000760422979074,0.9995749048653578,0.9961662682131434,-0.1956508476318005,0.9944150330239553
60656.65799627388,0.999402017476638,0.998796054628202,0.9984215949884503,0.998570124251356,0.9984847137308202,0.9985736134422315,0.11415043465533191,0.996560725481355
60656.65817400763,0.9988245867175648,0.998347647451782,0.9983024793288968,0.9985420608502267,0.9981303175223588,1.0012072671035046,0.825469990845268,1.0058013631488905
60656.658351741375,0.9993025201918969,0.9988683419854384,0.9987153691729483,0.99855923485268,0.9990733068529242,0.9987679726901169,2.5620505828401052,1.0
60656.65852947513,0.9986054256650968,0.9982320078008876,0.9986222359620002,0.9992843711377662,0.9994410714109893,0.9997325065016665,0.7297996074456435,1.0024708556173947
60656.65870720887,0.9990278522300636,0.998836743826285,0.999025578739737,0.9992408251243897,0.999890499123978,0.9986913320929636,1.2129091610688512,1.0129078885790983
60656.65888494262,0.998879580788351,0.9997231761232822,0.99949907022088,1.0004083144249034,1.0003090126211889,1.001803342834832,1.3129197184876291,1.007590208293489
60656.659062676365,0.9992500091132842,0.9984668198026359,0.999079066263014,0.9986008523168153,0.998527499678693,1.0014771190332976,0.8636966267438574,1.0121093257063687
60656.65924041012,0.9996562105769444,0.9999225597982505,0.9993713472399295,0.9993505089281912,1.0009920324097068,0.9993371951913982,0.3193536190044694,0.9977793383803014
60656.65941814386,0.9985240745157286,0.9990263389332136,0.9988952613339379,0.9986339008524963,0.9996661631291124,0.9990898892588139,1.3644788711624045,1.000975007307131
60656.65959587761,0.9980078172176453,0.9981888597900741,0.9976747831821406,0.9972759589788084,0.9970752373978772,0.9967621602503319,-0.6174573556956975,0.9865592471761649
60656.65977361136,0.9983154548211074,0.9989776112323444,0.9986672405338125,0.9985877070672997,0.9993461798552135,0.999181635040239,0.8690375067835902,0.9956525227259312
60656.659951345115,0.9982148437510541,0.9975630312443444,0.9979469066799698,0.9972063492243711,0.9975246367503903,0.9965180179056858,2.4994387924414627,0.98852871076026
60656.66012907886,0.9970841821966889,0.9969645845611868,0.9957267620014665,0.9963744496955185,0.9947204259708602,0.9960872199024263,-0.06554084453179732,0.9821588259580647
60656.66030681261,0.9965269579837173,0.9978796157326352,0.9974730299045083,0.9971691750066785,0.9969350888256127,0.998921021346756,0.5852996322275978,0.9922261723037215
60656.660484546366,0.9978799418927151,0.9980355944599971,0.9982606851039902,0.9988353164432319,0.9992311280793702,1.0012566281053896,-0.07686482965926361,1.0053496994921722
60656.66066228011,0.9965242373758237,0.9966341857395727,0.9959303646918277,0.9957129780341495,0.9952159624414137,0.9951251888369573,1.2653270755939607,0.9825372593369655
60656.66084001386,0.9978398299646223,0.9974435066005781,0.9977160810250221,0.9982774192508972,0.9981749463450481,0.9988354561413735,0.9881899605550709,0.9965179446127258
60656.66101774761,0.9969247150329086,0.9970758202792644,0.9966495215867865,0.9967979073691208,0.995907285176185,0.997520875212801,2.4458211341928666,0.9870923018103214
60656.661195481356,0.9989248293911532,0.9995965652713359,0.9993379921680736,0.9999438681458823,0.9995531738827483,1.0035429260296114,1.2375609047562866,1.0103436226952385
60656.6613732151,0.99746079467028,0.9980996032052053,0.9975955787450036,0.9970318247388446,0.996645111676189,0.9980174486211376,1.529822539010647,0.988244924554958
60656.66155094885,0.9967386307640415,0.9960103366927957,0.9958745348864515,0.9962116697089894,0.9969521091888589,0.9976201858087858,2.18531532624202,1.0020213015553248
60656.6617286826,0.9972711997366006,0.9977122375159195,0.998259186956737,0.9987559798488717,0.9978636932781602,0.9942263193091494,1.6331838424128193,1.006172154697587
60656.661906416346,0.9983427619020734,0.9997718907963704,0.9998482622422138,0.9997804518502288,0.999821941474513,1.001908793934853,1.6526927288460356,1.0090805818677984
60656.66208415009,0.9965924622521495,0.9959037171518008,0.9955858853359306,0.995597804754794,0.9942863616649739,0.9960110777123912,1.4276745174694832,0.9913845340745331
60656.662261883845,0.9978859960281207,0.9979556172740587,0.9981674546364138,0.9977863395327664,0.99811202686932,0.9971556537780627,2.9266311785908963,0.9941218836201271
60656.6624396176,0.9980029092557412,0.9988319914003254,0.9983247678917152,0.9975694449443382,0.9969426955499983,0.9956211895572333,0.997010326698442,1.010361771683121
60656.66261735135,0.9981931272399419,0.9981798516223074,0.9992522185176911,0.9989029065469014,0.9982424730078171,0.9992837885788636,1.2583508675077302,0.9977796778026969
60656.662795085096,0.9984155981811489,0.9979103196793732,0.9976352620839428,0.9983414399451158,0.9978117745157425,0.9962525189822258,1.4172200204265668,1.0092752037070354
60656.66297281885,0.9974856744790377,0.9981143119318852,0.9979969429101787,0.9980974675486738,0.9978993346105709,0.9925840717559912,1.1799921325932023,0.9850875149560818
60656.663150552595,0.9972769210871996,0.9976989202286315,0.9979915756834825,0.997978115549252,0.9987525730459201,1.0015685733924427,-0.7845150570423944,0.9940648324071523
60656.66332828634,0.9972323762751439,0.9976019331032449,0.9967686363681764,0.9969029202095462,0.9976883551021039,0.9983261533847709,2.0529197190444415,1.001630213812201
60656.66350602009,0.997866898508877,0.9983477580069794,0.9983383452902803,0.997607196826853,0.9966455450539119,0.996860640206258,0.07722008618106521,0.9941022334016884
60656.66368375384,0.9978354469676807,0.9980584368646416,0.9983193789304676,0.997606753711978,0.9981268466079616,0.9977921994425761,-0.17018842791844185,1.0029915390166984
60656.663861487585,0.9973370377108307,0.9972576421435042,0.9981083760644701,0.9982564376472283,0.9987371729370261,0.9978630262056418,1.6740952461302119,1.0092841610382572
60656.66403922133,0.9979672610648153,0.9973624566130591,0.9980691190740019,0.9979772821362575,0.9983488920773687,0.9984953077562738,1.9926810636740264,0.9931778746727957
60656.66421695508,0.9982625354364127,0.9994021022978324,0.9992374047744225,0.9991200237623802,0.9994635740580385,1.0010160791532634,1.517433771394544,1.0130453399207306
60656.66439468883,0.9971943470150663,0.9975651902371694,0.9964912238002192,0.9966280407903142,0.9958190942924809,0.9957200483967477,1.6801707922227775,0.9947346689827301
60656.664572422575,0.9979322184255783,0.9982362876079015,0.9993161860464318,0.9990109435154134,0.9995591186462001,0.9995745156694056,2.0695871582041363,1.0048142944057736
60656.664750156335,0.9972606835525122,0.9984411398749038,0.9979020743380109,0.9984839587308174,0.9985362324807802,1.000860029505006,1.0586014695948198,1.0007496582133077
60656.66492789008,0.9983296753851493,0.9977429280729937,0.9984682982581484,0.9974849935340628,0.9985067503763317,0.9977848660577019,1.3971158533040622,1.0021494994968743
60656.66510562383,0.9981888375701048,0.9981095251270591,0.9992507114790304,0.9997206393088774,0.9986675531599514,0.994061207732176,3.287352321894481,1.002902274421588
60656.66528335758,0.9975715177628002,0.997989536187652,0.998370026582145,0.9978569275036774,0.9990074553118324,0.9979573106502222,1.2204064672287842,1.0009193783979797
60656.66546109133,0.9982258339385941,0.998516052149079,0.9975983011622096,0.9977006532726478,0.9987774702068377,0.9978141772529002,0.5781423740143364,0.993585878449246
60656.66563882508,0.9971502364503436,0.9980330571186976,0.9976577339634313,0.9982635302145857,0.9972970090867468,0.9970541656748031,1.3783241262313557,1.0006895722112976
60656.66581655882,0.9968259662069854,0.9972321824214601,0.9974005007188821,0.9971911304008361,0.9967540694716998,0.9985735137700409,0.8383159749514033,0.9833610324981568
60656.66599429257,0.9977921520941309,0.9984785292446136,0.9976181152792937,0.9979342286612564,0.9976111934775481,1.0018154495896938,0.31647699130254003,1.003143905180846
60656.66617202632,0.9983286432610534,0.9997620383560155,1.0001872237663418,1.0000486978980576,1.0009254738957174,1.001936681419685,1.534631723821731,1.002453149734257
60656.66634976007,0.9973658876054919,0.99829533892054,0.9983014878820919,0.9971910624619648,0.9970549937646467,1.0002162437338311,0.6498202063710758,0.9934875785115148
60656.66652749381,0.9976753483109602,0.9973869738113331,0.9980366210899063,0.9989645763791337,0.9982561538787386,0.99825846493381,0.743334664781782,1.0038175041109694
60656.666705227566,0.9969009505444486,0.9968557133853682,0.9965789306181925,0.997254507704354,0.9969159838747396,0.9997867923900413,0.2949648604087297,1.005835997671997
60656.66688296131,0.9981329601152954,0.9984666730591577,0.9986161336025258,0.9976825932617438,0.9963967573244197,0.9989512253213219,0.2582118820368244,0.9888269830790354
60656.667060695065,0.9975926973360646,0.9973067965042026,0.997323169734205,0.997894660133157,0.9968260320464817,0.9957310244331634,1.7058874829116448,0.9882299135391874
60656.66723842881,0.9977858072325151,0.9969967407436282,0.9974199370060388,0.9968254322016298,0.9976405335942566,0.9967198937709251,0.7454721111874049,0.9956614468971079
60656.66741616257,0.9976091704909911,0.997424220599217,0.996638269894981,0.9964924569331339,0.9969722438288895,0.9992283610768893,1.9123752185954268,0.9895267378373801
60656.667593896316,0.9973477325672047,0.9974443351312641,0.998310060625794,0.9964798390397432,0.9982610539386633,0.9992773297839903,0.3598962963986223,1.001785827081207
60656.66777163006,0.9978613169954363,0.9980662576949195,0.9975331534912415,0.9988758384760548,0.9978459881855264,0.9961659309250361,2.0170893461420496,1.0127720736877794
60656.667949363815,0.9980249496487453,0.9986439545607627,0.9991320998854344,0.9982817890259872,0.9978567564541555,1.0009604954258642,0.025628830732626066,1.0080415040276478
60656.66812709756,0.9969662069127596,0.9980230512400327,0.9968814160767142,0.9975749485830445,0.9982090469436553,0.9983278277298395,1.4766634184163727,1.0069817192578543
60656.668304831306,0.9972617683266028,0.9984226212460343,0.9979835542070363,0.998519477187484,0.9987189871992105,0.9992580669674984,0.639986745128201,0.9968086411301447
60656.66848256505,0.9972427842427708,0.9965774222500384,0.9971203616722119,0.9982514359152324,0.9977716981981318,0.9972499998541273,0.6562009161049362,0.9873750864740807
60656.668660298805,0.9977964294840858,0.9979232607894837,0.9981106300911187,0.999233806028385,0.9991805448543748,0.9986964989580484,1.8793362456434384,1.0039709035204918
60656.66883803255,0.9977335644693278,0.9971906934623742,0.997301656589924,0.9981511654440758,0.997729754723206,0.999308258032368,1.6032686004423515,0.9987190438860253
60656.669015766296,0.9973183385202649,0.997205783794474,0.9971235405149953,0.9972582758405357,0.9963949144496033,0.998574923445972,0.47950544275015866,1.0068348090237131
60656.66919350004,0.9980501479669466,0.9979334262584665,0.9984454080434327,0.9983445590843493,0.9991216542344238,0.9966214469390364,1.9136463634027852,0.9952325312810739
60656.669371233795,0.9966683147772817,0.995931716748324,0.9966136895444756,0.9954283319411285,0.9967017405018823,0.9972402115510508,0.8835960209943332,0.9916645528909539
60656.66954896755,0.9976780414426173,0.9989959668330094,0.9989788457222439,0.9993877045381454,0.9999090333434527,0.9997102804111014,1.8305359383679594,1.0013617434704132
60656.66972670129,0.9969360332468009,0.9972256708831769,0.9965231982889856,0.9965280293868187,0.9965115690557157,0.9978812839672832,0.6110267150631588,0.9831179678685853
60656.66990443505,0.9978197532782747,0.9980645662546807,0.9975012925051319,0.9968919248822934,0.9963339989287777,0.9942169299949131,0.3379119378550033,0.9946745989574542
60656.6700821688,0.9991235246385076,0.9983886333937666,0.9979137101166597,0.9981078266405684,0.9975744698130056,0.9980923649909611,1.0303999245043192,0.9926017038666164
60656.670259902545,0.9969996599212503,0.9967116753430976,0.9972692839636951,0.9965578148649843,0.9951952631869503,0.9966893504769521,-0.06158776152570502,0.9940843638402345
60656.67043763629,0.9979806708496372,0.9981353159718714,0.9974404591425969,0.9980731803980324,0.9975511215418453,0.998716501306184,0.9696369415474929,1.0057482704215193
60656.67061537004,0.9978010834059277,0.9979280535653762,0.99781165662873,0.9968638329335602,0.9980558329042504,0.9981369883552695,0.6371756365449907,0.9981273373698084
60656.67079310379,0.9977844377186568,0.9977575841457252,0.9987908047510733,0.9976119486382236,0.9988832355025534,0.9975633486539632,1.3754425428978565,1.0051116624580199
60656.670970837535,0.9977022562957556,0.997350095239205,0.9969415837911729,0.9961535455334212,0.996484541893338,0.9971068499986598,1.3887007884746445,0.996133835249265
60656.67114857129,0.9970479342870177,0.9973321824021542,0.9977181452585433,0.9980281193699561,0.9963468705066547,0.9959471692334585,1.4546081396724357,0.9910700318066799
60656.67132630503,0.9973064534363123,0.9978240868062961,0.9970755375630375,0.9973619453207169,0.9973356570002804,0.9983153422529704,1.3652683655332665,1.0081913449940199
60656.67150403878,0.9971812007872152,0.9973631794739656,0.9983791644241807,0.9988302615256484,0.9974032794955056,0.9992241765068633,0.8488747553894056,0.995629494925969
60656.671681772525,0.997352642064094,0.9977452283810547,0.9985883245734474,0.9975732937809818,0.9977739271832121,0.9996897030435272,1.478398631038922,0.9924310229143597
60656.671859506285,0.997571499649974,0.9970027972142818,0.9961775565736758,0.9962727904240036,0.9966942722433474,0.9979455764542198,1.7042333421943299,1.0083949227498719
60656.67203724003,0.9976871769074548,0.9986980527834253,0.9982248766623285,0.9987136622676599,0.9978379445615287,0.9984171148997898,3.288845100869843,1.0213284141291847
60656.67221497378,0.9973632937873818,0.9981753935880111,0.9974123575752396,0.9968502129971428,0.9983838929820495,0.9991907888621904,1.7193926976268221,0.994817136143017
60656.67239270753,0.998332686412256,0.9985034501231583,0.9986800775306174,0.9991786945471083,0.9993362961368382,1.0002675088254143,0.6483515348475544,0.9994911462492138
60656.67257044128,0.9981531353476973,0.9981136949216999,0.997503911847875,0.9976682752737095,0.9966606426510677,0.997959370226691,1.9869060369000122,0.9976884910899317
60656.67274817503,0.9968491633648894,0.9970505787725528,0.9988973902222608,0.9974378025006566,0.9976559642879771,0.9981407337028685,4.463109487666231,1.0182314242130752
60656.67292590877,0.9984400719863024,0.9985423910654022,0.9989421112569721,0.9987298863799441,1.0002738539729488,1.0008787747324461,0.8482252791236071,0.997138837793622
60656.673103642526,0.9975735402593927,0.9977626068981414,0.9983881702123516,0.9977083763953493,0.9971132352448263,0.9969948151326588,3.0230861462872016,0.9968128171739372
60656.67328137627,0.9980062338803387,0.9985929332466643,0.9990274604249814,0.9987253287955531,0.9998969608636782,1.0027539822091531,0.848577025195466,1.0141083094694756
60656.67345911002,0.9981263070286374,0.9983020786259328,0.9982063689235022,0.9983328033728561,0.9993649379926905,0.9987693005369799,1.5066584946496653,1.003146242568779
60656.67363684376,0.9976239961462265,0.9970852525736807,0.9987295257204662,0.9980336618097984,0.9969928974841571,0.9987843272622952,0.9759573408908115,1.0017040237875225
60656.673814577516,0.9976508023614987,0.9966401711002547,0.9970917876527898,0.9965612202916873,0.9963832766450895,0.9964875969513629,1.5127846954972066,0.9983040302341101
60656.67399231126,0.9970986434464212,0.9961630725883265,0.995858604448282,0.995212829251248,0.9949466344985556,0.9982133025133034,0.16401521184513787,0.984154389118962
60656.67417004501,0.99746262360523,0.9968737239307769,0.9969382769560318,0.996381382337281,0.9975155832710315,0.9986374011511548,0.672391369398606,0.9882491713290856
60656.67434777876,0.9973347597926892,0.9961967785338879,0.9969230452068473,0.9961768734993249,0.9962292952045843,0.995329217949288,0.8356401389118704,0.9963525144725041
60656.67452551251,0.9979677137319715,0.9976993228232539,0.9977596038053796,0.9968018351358319,0.996972437718153,0.9996068805084374,0.0686248203637339,0.993546060432741
60656.674703246266,0.997656097446688,0.9982149819385959,0.998520234505269,0.9994855452172481,0.9989691757137547,0.997609903530518,1.2966148478107196,0.9977752576144305
60656.67488098001,0.9974526449729831,0.9975656954255676,0.9986817907182042,0.9994235566403219,0.9992094150769314,1.0001691192161657,2.240211934797343,1.0033867570785333
60656.675058713765,0.997932072141482,0.9984454312621676,0.9981675993138813,0.9975590536165188,0.9984704450751427,1.002862572521514,0.14547725714762344,1.0037524844600672
60656.67523644751,0.9989836590831336,0.9986264368997366,0.9985460864367961,0.9984923657419834,0.9975907813497282,0.9982621115325365,0.6809084650633048,0.9993045013355446
60656.675414181256,0.9967451498464854,0.9966976398993795,0.9972546076530437,0.9962677441370911,0.995953602281295,0.9963735968950874,0.3295726805213892,0.9876367211866641
60656.675591915,0.9970499675285072,0.9974402704635789,0.9971874858701029,0.9973724744442056,0.99568704068965,0.9966653097431311,2.616610436235616,0.9936910397287386
60656.675769648755,0.9976323576714908,0.9971921341178278,0.9959840639623242,0.9976537645340241,0.997292913685802,0.999181533729159,1.0043037875854124,1.0058248687114622
60656.6759473825,0.9967421095011602,0.9958300805145194,0.9958538651086233,0.9957507853152444,0.9950850404771621,0.9960170746404607,0.7311704571304625,0.9981117305133751
60656.676125116246,0.9967622977809367,0.9968138075372889,0.9961360760727472,0.9962413660035552,0.9966180986013677,0.9966894078611729,1.9542178128192504,1.007639601075434
60656.67630284999,0.996624334686307,0.9962880907940403,0.99602795524212,0.9948786675974461,0.9947527682199897,0.9944559672906222,1.9222785319709368,1.001104774713207
60656.676480583745,0.9975435805703806,0.9973425203082943,0.9967823007049466,0.9965629854483118,0.9962714333102238,0.9950088238629125,1.4624608542121351,0.9916171544132116
60656.6766583175,0.9988384158603627,0.9988609002274007,0.9988649217664194,0.9997011930794398,0.9973021380694636,0.9924748022969914,1.684972196844155,1.0086397496465414
60656.67683605124,0.9977248386920589,0.9979423146430243,0.9992123093809133,0.9988967223392194,0.9984294536224517,0.9997877790939443,0.5809574587452467,1.0061395345328135
60656.677013785,0.9977170825649854,0.9982343661911391,0.9984105285891833,0.9988741234805946,0.9979734075383788,0.9974833195024135,1.494580268977761,1.0166099034086737
60656.67719151875,0.9977587927197417,0.9975021540520045,0.9972833836501142,0.9973799752349223,0.9988190018061004,0.9949165445190321,0.7099209342144034,0.9887296309277922
60656.677369252495,0.9972523705327824,0.996890663845902,0.9969379285445883,0.9966000909157026,0.995196859158804,0.9940049407262893,0.7807870224775375,0.9928023974474403
60656.67754698624,0.9972810653939316,0.9981948570928888,0.9988061473684237,0.9982388427335919,0.9982660071976498,1.000764302445121,0.15520909504075497,0.9977399742861224
60656.67772471999,0.9966766891964222,0.9965106496248938,0.9965860808464887,0.9958111797998701,0.9959929719967331,0.996201371682951,0.8726303396718198,0.9838140341231756
60656.67790245374,0.9971184799075741,0.9973073074827257,0.997041546261589,0.996438238689417,0.996697828239171,0.9995124511952448,0.3453283391534628,0.9895367282475528
60656.678080187485,0.9965847547841091,0.9963202978210163,0.9979571011724641,0.9977643913677179,0.99795936539578,0.9965446979212537,1.2972648112874872,0.9950516178128687
60656.67825792123,0.9982902638708355,0.9977452354377695,0.9987306966419751,0.9998300065072114,0.9977459986025853,0.9971908773715571,2.001602286284421,0.9918572307277382
60656.67843565498,0.9972507389969384,0.9976255850397279,0.9966130122607304,0.9974251138652708,0.997225796674345,0.9992062058971554,0.3996489985383595,1.010678752716365
60656.67861338873,0.997388414588827,0.9980845479757378,0.9971240882695962,0.997770061792296,0.9976557247995178,1.0006564461706609,1.1805586716317706,0.9955638239735003
60656.678791122475,0.9971554655311662,0.9973294682811036,0.9985476629601586,0.9988933473042809,0.9982922143159532,0.9975460897840238,2.46385243757102,1.0022397957563287
60656.67896885623,0.9985076406564249,0.9994662612244052,0.9996601550794552,0.9978909036520692,1.0006201435341335,0.999239154042406,0.16964151905273167,1.0024829326972662
60656.67914658998,0.9979162102176903,0.9986108364938209,0.9977962742744727,0.9979964055638484,0.9978925992756956,0.9979237430739317,1.6722826264413007,0.9930919435567646
60656.67932432373,0.9982836037232451,0.9991110298236513,0.99910293969175,0.9991559657858209,0.99858479933158,0.9994111916132185,0.6783074367879771,0.996026069096355
60656.67950205748,0.9976842625844202,0.9975787838219803,0.9969100129283922,0.997522417008483,0.9983106475128195,0.9967466489445873,1.1736581495549725,0.9957535874708487
60656.67967979123,0.996592507227218,0.9984175007852604,0.9982595859723631,0.9991186884426753,0.9988430731767034,1.0002411109296963,0.7671411999422019,0.9907811067096963
60656.67985752498,0.9975538936759178,0.9979734074328382,0.998540813063844,0.9985829623375055,0.9991650770881374,0.9985201715358619,1.9560655850959427,1.0037483573866297
60656.68003525872,0.998190624906954,0.9975902573163681,0.998595706307646,0.9976228614208542,0.9978488635299393,0.9977316975227432,0.9973058777305931,0.9996968411304147
60656.68021299247,0.9979092240392285,0.9979531315010592,0.9992082318473646,0.9989093225286698,0.9985253752381105,0.9970324227335244,1.9477360289552843,0.9918937324068686
60656.68039072622,0.9971255712325268,0.9972997658450333,0.9970447287267977,0.9976565546750316,0.9962999698801281,0.9973737704857717,0.5935837423414579,0.9963302376622745
60656.68056845997,0.9970925208506727,0.996613832364873,0.9970428400162438,0.9972094083915063,0.9961650207283627,0.9970268198083772,1.3364371388626204,0.9959272098897048
60656.68074619371,0.9979553489651216,0.9972183756876759,0.9977056011293287,0.9964426561176132,0.997835280715825,0.9975387622391366,1.5997550247566825,0.99367270742447
60656.680923927466,0.9982598154425134,0.9978930015967151,0.9996823564845275,0.9995182282403263,1.0001873628641458,1.000906926078512,1.7407194428487194,1.0130311926887738
60656.68110166121,0.9973530671015154,0.99768249780592,0.9977827182811476,0.9969842840526155,0.9981045873419857,0.9941030110982998,0.8666599805292273,0.9919386478337939
60656.68127939496,0.9966841601232324,0.9972574834578934,0.9967127427861622,0.9962483670267875,0.9958212000114424,0.9955234382147143,0.42534175641204497,0.9894056338987877
60656.68145712871,0.9968803340037814,0.9977976304590022,0.9982960778449159,0.9977885618936518,0.9977353815898252,0.9970378806977277,1.6974560958820253,1.0028857322188842
60656.68163486246,0.9971847065400746,0.9971885612488769,0.9974218786259551,0.997620674541616,0.9987369099075186,1.0000509727459852,1.6648761617156418,0.9960460539524901
60656.681812596216,0.9979729877878625,0.9972909909107354,0.9977337142225844,0.9985354760171267,0.9979171220041922,0.9982116333849822,1.3028348690396023,1.0059624337625097
60656.68199032996,0.9967717044776717,0.997159778176077,0.997490270892213,0.9976260889967223,0.9978922233603741,0.9969756205493755,1.1244233298206139,0.9958964864212716
60656.68216806371,0.9975266926624341,0.9979355070846052,0.9974848324244875,0.9977826298933542,0.9970595564646675,0.9991674569827688,2.2478559787772623,0.9976191877187034
60656.68234579746,0.9967712125148925,0.997020607457557,0.9975953286878931,0.9968647783977442,0.996909269300474,0.9949836443316122,2.7678290102201344,0.9883768960014824
60656.682523531206,0.9970675613761796,0.9966356350802136,0.9958093254147137,0.9963165773585023,0.9965469601486373,0.9987129569649384,1.8530901856837438,1.0049780774861312
60656.68270126495,0.9984483598322738,0.998904289071222,0.9987877429236014,0.9989295393221134,0.9993173787729008,1.0030627926465447,1.1335431370909896,1.0085431424937552
60656.682878998705,0.9979774555159909,0.9976739039939668,0.9970302967651928,0.9965638058784166,0.9971476348332826,0.9970087627760937,0.7322219343304558,0.9982500247941757
60656.68305673245,0.9979004247361652,0.9987368752090499,0.9983939983652143,0.9974291257994652,0.9994869204755731,0.9996499299385222,2.185307821927615,0.9965816985650875
60656.683234466196,0.9975835603362416,0.9976080040492108,0.9965414017440936,0.9976610002819994,0.9972033878207633,0.9993015490875347,0.4645371929729033,1.004198433813026
60656.68341219994,0.9975863064248908,0.9974141115839522,0.9978179533916909,0.9968561005900565,0.996933395538402,0.9987416633175229,1.8968993861032961,1.0024873818017577
60656.683589933695,0.9967415374121498,0.9969310047317835,0.9968801691940464,0.9963187920476804,0.997002512241422,0.9969025974433454,2.8643221524777114,0.9963736244818436
60656.68376766744,0.997654587942173,0.9983979489809777,0.9996801976288686,0.9989290759952398,0.9996362352276478,1.0017644169896118,-0.15336628092659893,1.00263483769963
60656.68394540119,0.998234392555967,0.9984401551917866,0.9983262177399657,0.9997889415535495,1.000341503716474,0.9998972201977815,1.7950343215071067,1.00185213980745
60656.684123134946,0.9967807538298357,0.99659581222957,0.9960946064390941,0.994522058158644,0.9944925367606098,0.9972066159289725,0.015684452432589573,0.995807682447066
60656.6843008687,0.9977411270347587,0.9979245141705849,0.9981542878891436,0.998589091810505,0.9986296285312232,0.9998766227711213,0.7429796006134018,1.0032250316684372
60656.684478602445,0.9976562848683895,0.9985865429391215,0.9981274180561305,0.9988926000504632,0.9989196381190991,1.0017315398244413,-0.21333522136653102,0.9935153491964952
60656.68465633619,0.9983268367368885,0.9990482265100723,0.9989081695717721,0.998169846715755,0.9993795152770713,0.9982402346408823,1.7583096975481116,1.006543308801659
60656.684834069936,0.9972437386966121,0.9973474695985008,0.9953270228781977,0.9960326572745708,0.9952229609911591,0.9985585062728256,2.0482748698604447,0.9819198747135305
60656.68501180369,0.9971381132901754,0.9971375196693414,0.9974757243302468,0.9971933729737201,0.9971062974940086,0.9965909000672057,0.38530001541586123,0.991697031761482
60656.685189537435,0.9974211332603641,0.9975748175864185,0.9966111794233413,0.9958011277975751,0.9973110284297478,0.9979537635621054,0.8110099970198633,0.9922862739496175
60656.68536727118,0.9974220455021106,0.9965712534147733,0.9964448218504369,0.9960929464207511,0.9959206963445457,0.9966044206760128,0.4043133918423678,1.0013683878364708
60656.68554500493,0.9981981972962907,0.9981695640178773,0.998448443086912,0.9983723370094396,0.9987028684395758,0.9976608635808791,1.1546963200489815,0.997139246656564
60656.68572273868,0.9963234850947082,0.9963937982094209,0.9969964224790558,0.9968106175443007,0.9951822711233934,0.9931861299192939,1.8029672853880667,0.9849439400732933
60656.685900472425,0.9969112502956139,0.9965760501713766,0.997272111760544,0.9967227249306095,0.9953728223774958,0.9907097944068693,2.140919914850101,0.9818482213061209
60656.68607820617,0.9981255493599077,0.9982978945369213,0.9975179349145123,0.998521756422278,0.9986925454118749,1.001215820006944,1.570421246931713,1.003038686110509
60656.68625593993,0.9985873555114949,0.9988277385535806,0.9991965310846028,0.999646965688687,1.0006895316079776,0.9978403886383591,4.015037016125445,1.015392369230547
60656.686433673676,0.9983083978798246,0.9977881590812427,0.9970767413059141,0.9969978116334771,0.9967614708143416,0.9956598790791823,0.990534336215816,0.9940634838709077
60656.68661140743,0.9963177457847817,0.9965347407061628,0.9966729740458042,0.9974258605289572,0.9961886199804626,0.9981502022147161,1.02910935706332,0.9977655397656838
60656.686789141175,0.9976962296365864,0.9964877565566564,0.9968584180674056,0.9969168040084422,0.9979632897070593,1.000800508645294,0.5100768047723654,0.9915723573971882
60656.68696687493,0.9983825821829647,0.9982132438154752,0.9985314291164346,0.9996877009064589,0.9994447814431208,1.00130739749056,0.3444493346364805,0.99582222872293
60656.68714460867,0.9980815678874464,0.9982073699146975,0.9989319841635409,0.9992050622058128,0.9989552583201753,0.9974428266709382,2.6588621763108575,0.9970768884633471
60656.68732234242,0.9974869109096731,0.997136794637138,0.9974542080026222,0.9970610707631928,0.9975824365115306,1.000925846090071,2.385490321285819,0.9866795761599229
60656.687500076165,0.9976029961662387,0.9983894150606291,0.9987037876209072,0.9993091151976029,0.999364003765264,1.0012778418930568,0.2628672068893949,1.0045083920313147
60656.68767780992,0.9979007065594607,0.9976437217012949,0.9985194788454146,0.9974486271324173,0.9972760340127576,0.9975889537656654,1.5156643350487622,1.0057107878790679
60656.68785554366,0.9971465761244674,0.9973487944514562,0.9974993731686193,0.9979826370618644,0.9981003351242944,0.9975908439594261,1.5000634424610564,0.9961639084562837
60656.68803327741,0.9977326136994512,0.9972746754243934,0.9974720950992613,0.996750889391732,0.9973236766457103,0.9980872103598413,1.3160893637246711,0.9999346194995714
60656.68821101116,0.9969755113794756,0.9962491089590396,0.9958580964305879,0.9972526318981018,0.9965156444375014,0.9959717124831632,2.7254835459402624,1.0061216351398006
60656.68838874491,0.9978487267392503,0.9973371722232349,0.9976712980797705,0.9972212627287007,0.9975312102637292,1.0016663336218987,0.42457307923712945,1.0014033991026259
60656.68856647866,0.9985187852634834,0.9993524928695044,0.999981236093172,1.0009279261822195,0.9994754626581293,0.9978828996354857,1.9256843416522043,1.0087955635816679
60656.688744212406,0.9969054181190785,0.9966735375997434,0.9969086953535473,0.996575804797791,0.997502026036954,0.9997800862151622,-1.0229853733420589,0.9996395029187044
60656.68892194617,0.9970945461102386,0.9971000691414372,0.9979164089332168,0.9979708230749008,0.996831936030165,0.9998711390463426,1.375064052107509,1.0013739573926796
60656.68909967991,0.9991736649323699,0.9987979300858478,0.9981198268798921,0.9983880519859045,0.9990120237580934,1.0010383202477477,0.001740249245033701,0.9973060336542462
60656.68927741366,0.9977326528415755,0.9974507771880483,0.9990340417129777,0.9988630135203278,0.9983081886781342,0.9971711616906132,1.5354606658297993,1.0068634920051958
60656.6894551474,0.9984220466542704,0.9979982344027947,0.9977778218599589,0.9974425450912248,0.9983302942785273,1.0003664686297644,0.7478079853331123,0.9897816061948813
60656.689632881156,0.9973590234583591,0.9967801091912664,0.9962727761917785,0.997296394932281,0.997250580764086,1.0014957819469277,0.6812354380392461,0.9890691477275038
60656.6898106149,0.9976069205095816,0.9977290372014568,0.9975320272463105,0.9982042615530368,0.9972304546507341,0.9948832153665617,0.8444213864436247,0.9976550359327512
60656.68998834865,0.9980783873979658,0.9990585662256266,0.9983017837134847,0.9984067446176123,0.9968633620320384,0.9965619956975101,2.012828264812662,0.9905998334737227
60656.69016608239,0.9974628082639581,0.9988664297966877,0.9979663947787841,0.9993198578011064,0.9977115706536536,0.9979859288720928,1.3034764385673905,1.0024402237655483
60656.690343816146,0.9982374890817532,0.9983825161268014,0.9990758721621364,0.998178405021845,0.9993399145998527,0.999359982036137,1.1171881887193693,1.0122683164320798
60656.69052154989,0.9981626722111833,0.9976798057597207,0.998246283768344,0.9979183683649473,0.9975905943188803,0.9969388997263099,-0.22832369862463786,0.9957920389356768
60656.69069928364,0.9974502740347344,0.9980563111650346,0.9980318027155157,0.9969055676863006,0.9969994209495981,0.9994081437170402,2.4478797815007876,1.0069733443701376
60656.69087701738,0.9973781321829952,0.996289172099867,0.9974011327771972,0.9967776222679737,0.9974624142379805,0.999053957895819,3.301434326060821,1.0110832373258039
60656.69105475114,0.9989776193765896,0.9997725137776223,1.0004465214639533,1.0010585963107408,1.0022457415190043,1.0020222527651328,0.8495012023949104,1.0134945648371065
60656.69123248489,0.9979045509300709,0.9984417802265303,0.9987355019536809,0.9986165174271813,0.9987761502398727,1.0001816351163666,2.350260933870243,1.0052372817795883
60656.69141021864,0.9973616280213663,0.9980237344747718,0.9970666642678131,0.9968858534634653,0.9983362129058547,0.9962885751547468,1.5751617565093858,0.9882953323588152
60656.691587952395,0.9981586987483119,0.9991373356276975,0.9995435519559862,0.9991103708364084,0.9985655994750636,0.9972670028033686,2.3507275933946916,1.013891977827659
60656.69176568614,0.9973843365934587,0.9974142313671612,0.9960055334179617,0.995908007297217,0.9954288115169094,0.9946853873971845,1.901825600254607,0.9924234743649853
60656.691943419886,0.9959242346583472,0.996567911427053,0.9963330136104799,0.9962137313328492,0.9962452306406225,0.9961663718325185,1.1875097700035961,0.9942332237768613
60656.69212115363,0.9971761626585602,0.9966046316754531,0.997373403770785,0.9973721939842832,0.997357843048035,0.9999087565728779,1.498173210697532,0.9899256808498952
60656.692298887385,0.9976921838759087,0.9980733350369708,0.9975456396616527,0.9983909989543173,0.9975350396693651,0.9945320172873436,1.220360456796552,1.0074242918614118
60656.69247662113,0.9976102007731047,0.9978385395008903,0.9979507969451118,0.9978959036874374,0.9986144117459255,0.9989834672667128,1.0201173408009117,0.9947824487385837
60656.692654354876,0.9973831769120868,0.9964202019027665,0.9975015030448763,0.9976554224342764,0.9971776274262891,0.9997978433768051,-0.5056249088488387,0.9958060328076249
60656.69283208862,0.9971235448984712,0.9975430299816157,0.997862615589435,0.9988758235752383,1.0001092683097017,0.9973187052707424,1.1567768741337436,1.0173458085244147
60656.693009822375,0.9959331311259783,0.9966747736104697,0.9963520515406332,0.9968136227144176,0.9956961464412576,0.9962496003044176,1.9634350926550106,1.0002857553378266
60656.69318755612,0.9977351462716489,0.999055732321367,0.9987698474844073,0.9999363898539234,0.9998417593298865,1.0,1.1183888106880833,0.9985853640938818
60656.69336528987,0.9969492348876203,0.997609053328409,0.9964971250602088,0.9974592137199461,0.9970060380231442,0.9961660074681078,2.0903489411793283,1.0075727455978856
60656.69354302362,0.9979495490232769,0.9981733789864259,0.997583273366542,0.9973761303078987,0.9976534668978744,1.0015039776647545,1.2585308925935015,1.0013478105513713
60656.69372075738,0.9977890402184919,0.9982852349716343,0.9990374908106364,1.0008598035587761,1.0008688756548505,1.000423481399692,0.23116992436210423,1.017006822410246
60656.693898491125,0.9980745144766298,0.9983655107108884,0.9979400059599316,0.9978174246276904,0.9986231286068304,0.9982726760229859,1.7946887914879215,1.0010858741531063
60656.69407622487,0.9978380866818504,0.9982808856831217,0.9976733308091695,0.9974078270001974,0.9993430012576122,0.9998621723117243,2.451578224010325,1.008992291146188
60656.694253958616,0.9970069391284002,0.9964298994572801,0.9966549855212591,0.9977864156597102,0.9961531048799721,0.9995041124785249,-0.6484379521531342,0.9994132771015766
60656.69443169237,0.9972014787101317,0.9975228152080311,0.9960891956335247,0.9958316028442195,0.9987243931136286,0.9991359295932665,0.576841351152492,0.9863301955573384
60656.694609426115,0.9973824457986025,0.996425964524581,0.9962130501936551,0.9964380278649935,0.9969681966222166,0.9979421541756291,1.0761440155837452,1.0069134530429726
60656.69478715986,0.9977360694117907,0.9989157520710084,0.9986211081802827,0.9980157427665197,0.9992227958458283,0.9994342532143452,0.8094884485531552,1.0059105150754861
60656.69496489361,0.9987881397203039,0.9984736926809014,1.0001129663545762,0.9999239511391629,0.9992281971261819,1.0000881261435874,1.7415989864614752,1.0074082027905187
60656.69514262736,0.9988411275653416,0.9994896878888412,0.9993140255442161,0.9988431634935161,0.9980639521561825,1.00101760073535,0.924680292225444,0.9994980875994658
60656.695320361105,0.9970966557939945,0.9967220427426864,0.9963422167659399,0.9965612627073778,0.9968801356776845,0.9954536532776428,1.6829572719751362,0.9973932751537472
60656.69549809485,0.9982852180672541,0.9980499762255612,0.9983368183831661,0.9977030374770552,0.9976339619345438,1.0007674419575392,0.5016620993401298,1.0067689261298762
60656.6956758286,0.9964718352811652,0.9970433727811636,0.9959242180948575,0.9958639227889865,0.9956241241797235,0.9972747158797342,0.539448247168943,0.9970567955562237
60656.695853562356,0.9973948266827977,0.9980949920944816,0.9981581608105526,0.9981520630338542,0.998496160426509,0.9994786836513337,0.3568842974453387,1.0010947278435844
60656.6960312961,0.996895523450526,0.997250939892982,0.9980320687991133,0.9981411101960584,0.9983266506062012,1.000434301695425,0.7961705000176825,0.9987630672370026
60656.696209029855,0.9964071838505493,0.9962604590513904,0.9960423340748217,0.9964650054982112,0.9976265186999577,1.000842417350473,2.0138704837387618,1.0026642940133097
60656.69638676361,0.9977596667403548,0.997883803078592,0.997290132667375,0.9977870432643974,0.9982716199767127,1.0003271653090158,0.6312704092833081,1.004343802250684
60656.69656449735,0.9963600387734454,0.9971998650202282,0.9968344502360731,0.9955193940027502,0.9956040814795348,0.9996588023331123,0.8360383408659903,0.9901321262631618
60656.6967422311,0.9970909031296961,0.9981493403781638,0.9979287476818987,0.9986731310878011,0.9980110062996833,0.9984055102684016,1.338131413108947,1.0013390502665411
60656.696919964845,0.9974371752379281,0.9972193934830699,0.9973279323452015,0.9966173302752026,0.9956074671271431,0.9979740708822141,1.8110287970358498,0.9928881453719041
60656.6970976986,0.9960645025333607,0.995974673865957,0.9969366588296645,0.9963808552762218,0.996365960999246,0.993856315548238,2.302230676818773,0.9924669029570582
60656.69727543234,0.9977610244348266,0.9971891469561994,0.9966209644720156,0.9972126547778112,0.9971165081919833,0.997365527586389,1.7393010464352625,1.0039899110498225
60656.69745316609,0.9983176965135966,0.9988361999164265,0.9994454465822312,0.997261783433728,0.9978670451897782,0.998433310361174,0.07492830652627294,1.0094766166153657
60656.697630899835,0.9974668167244934,0.9975543140303541,0.9976831516430142,0.9964889697732395,0.9960826897120467,0.9977927779475407,-0.09668636886238291,1.0019541542943418
60656.69780863359,0.9977651058071625,0.997470132489967,0.9983439258009824,0.9990271925607471,0.9976949462248882,0.9974212502962474,1.6165379468363335,0.9963157510079222
60656.69798636733,0.9963358756493106,0.9971999332351373,0.9960624147145852,0.9966733434771771,0.9961311679595309,0.9985508640380422,1.214765161516245,1.0004371368941056
60656.698164101086,0.9972743733186475,0.997762056293451,0.9978999945170841,0.9979018740462725,0.9969319002184318,0.9977788298078223,1.8735865158753189,1.004839958325319
60656.69834183483,0.9982046936609525,0.9984048209545363,0.9984410123950876,0.9984921274026857,0.9983418310604322,1.0014144180236288,-0.16905223675303557,1.002224747419905
60656.69851956859,0.9975061287717618,0.9971990361276595,0.9971237853031236,0.9969228039476111,0.9980768771184838,0.9951966156413825,0.2771724321394656,0.9946817854923321
60656.69869730234,0.9970861730725848,0.997616260586388,0.996768339439079,0.9972855352614716,0.9964830918018385,0.9961108302776742,0.10128003938142713,0.9881456060587979
60656.69887503608,0.996974415860488,0.9970615695152764,0.9963757248578186,0.9961514916550351,0.996080965654647,0.9961798936416393,1.6274509714097087,0.9898338646787551
60656.69905276983,0.9969324515121707,0.9970559413329246,0.9975761421285355,0.996793833323602,0.9978807542358124,0.9981911836892203,1.8603957028276004,0.990643825162474
60656.69923050358,0.9979245418107419,0.9983421723458574,0.9977378086607841,0.9980713580724335,0.9991328015695385,0.9991472753724212,0.6860324666202843,0.9988864053388453
60656.69940823733,0.9978138939325,0.9974173374072913,0.9969747512653108,0.9970623455206682,0.997407902623729,0.9991183788855541,0.9086695805493455,0.9993585790036328
60656.69958597107,0.9967285399243714,0.9972642474094343,0.9970627904682403,0.9974719044945581,0.9981193062433813,0.9996276399774267,1.187524781163372,0.9984420549075163
60656.69976370482,0.9968808468423602,0.9972433211742517,0.9961879381150359,0.9958356785125995,0.9963168009881754,0.9973189549359605,0.8016375588399941,0.9957499122810396
60656.69994143857,0.9976859387883357,0.997472878637646,0.9968406015531731,0.996695747518691,0.9974202918881606,0.9969156812996015,1.9918421623144633,1.0063657584776677
60656.70011917232,0.9975021904600531,0.9974699700045868,0.9984496902988914,0.9985588630699316,0.9980075995207403,0.9975109700407343,1.7940958468803185,0.9934122360594718
60656.70029690606,0.9963110372851554,0.9975393058456516,0.997324162388485,0.9965589469582067,0.9968027627397824,0.9959933546442697,1.448117606258757,0.9949035009608195
60656.700474639816,0.9973423679471826,0.9974452090782425,0.9975659546613506,0.9956910158534814,0.9963736062790491,0.9943957208759945,3.2004780959477444,0.9977412350335395
60656.70065237357,0.9972324818821307,0.9976848285121368,0.9982714869564461,0.997344141205518,0.9979167108699796,0.9970410526186116,1.1589896041251933,1.0021449904380224
60656.70083010732,0.9982717625398712,0.9978576221241141,0.997711984610954,0.9987768941775671,0.9994609700844497,1.00018581599312,0.7790934847423381,0.9983274737204113
60656.70100784107,0.997926252858823,0.9983420165553091,0.9983861332019046,0.9991634206938251,0.999676827594694,0.9989642727988444,1.5815788665973012,0.9975151756407292
60656.70118557482,0.9979533306129894,0.998415175688227,0.99664755845186,0.9962924453386387,0.9965208405214739,0.995271518853923,3.436324013031367,0.9985457617216862
60656.701363308566,0.9965671448190911,0.9963679851088161,0.9967877031679611,0.9972914171006046,0.9963464921816194,0.9996346527862515,0.2256568551075605,0.9904846055617199
60656.70154104231,0.9966377226743383,0.998174058240454,0.9986029865041683,0.9989043481640151,0.9981269961955673,0.9993044399734676,1.0137853724116757,1.0050155212101108
60656.70171877606,0.9963127494077261,0.9976311659963735,0.9966856818427762,0.9969971747342212,0.9974399875895908,0.9960156839618,1.6210018142293832,0.9828638850338625
60656.70189650981,0.9973150089837145,0.9976639066195478,0.9970585782463359,0.9973218166104366,0.9990444370010928,0.9977941137811056,1.013959254842789,1.003071721545561
60656.702074243556,0.9973767112471301,0.9974458677049507,0.9976776937459171,0.9984631364626121,0.9992749948764741,0.9988900825263859,0.7704946186257685,1.0061147319839294
60656.7022519773,0.9983160141697399,0.9982357847717415,0.9986376076685227,0.9986426704256084,0.9995243835514657,1.0020967209563438,0.7009245393806893,1.007340533747694
60656.70242971105,0.9985969711197251,0.9994670745560135,0.9992458543556668,0.9980109945697037,0.9962961471475452,0.9958937709077039,0.935078601821551,0.9939252181318776
60656.7026074448,0.9984559583163598,0.998072740282578,0.9981718554439702,0.9980502251000741,0.9987463797112422,0.9990602104445085,2.6215117633975367,1.011979473507103
60656.702785178546,0.9981333533785217,0.9978758429234336,0.9978990645417375,0.9977132068417217,0.9981886804150313,0.99892908336812,0.1080949160972978,1.0034985833606989
60656.7029629123,0.9977520263511707,0.9966156117426338,0.9973190288631003,0.9961639013795933,0.996838340678189,0.9982199179952607,1.5444128092527019,1.0017973503841622
60656.703140646045,0.9990201065408899,0.9984783986049204,0.9993353268315072,0.9989714674166362,0.9986267973031054,1.000077346358437,1.3236031363498721,0.995101457568924
60656.703318379805,0.9976683567600497,0.9980833155838393,0.996931714329014,0.997861960733934,0.9991667247761522,0.9993509549626798,2.4776518644372962,1.0029539135157581
60656.70349611355,0.9981704797602633,0.9985962582258926,0.9977969289455028,0.9977926664784678,0.9982260404293267,0.9983343048987432,0.4831191864800793,0.9968890854444586
60656.703673847296,0.9962685375339756,0.9967917442663274,0.9961948970134185,0.9964460989438901,0.9970897701952376,0.9971834429064325,0.8196923293355719,1.0016287304306533
60656.70385158104,0.9970632647989087,0.9963130004542183,0.9966253768054707,0.9957760074552385,0.9958531250093939,0.9945923745924768,1.344471443890607,0.9966808331623769
60656.704029314795,0.9977677412233734,0.9986077742415101,0.9972088970376255,0.9968917215820445,0.9966399928884144,0.9950420508963995,1.369723260651589,1.0011701383215674
60656.70420704854,0.997311258247206,0.9965436506227475,0.995894583143929,0.9954252976332764,0.9956108714963725,0.9981526171070781,-0.035038815794180944,0.9926349640993151
60656.704384782286,0.9981253043762586,0.9983519359439833,0.9986541674207459,0.9996352262795724,1.000173647330421,0.9992900405735623,1.7140655506089988,1.017740201121635
60656.70456251603,0.9969275246699478,0.9974114347368307,0.9971315316947942,0.9978138750614061,0.998248921586774,0.9962808725811246,1.170653627075467,0.9838011624920063
60656.704740249785,0.9971354903073452,0.9972480374119306,0.9965640361936349,0.9954140998909717,0.9967557761050164,0.9949671458141398,0.1693733960999083,0.9986889795411014
60656.70491798353,0.9975826129433327,0.9987301235615245,0.9984208889448444,0.9984661567548447,0.9982913360680271,1.000217276880635,0.2839843121915064,1.0041390261565342
60656.705095717276,0.9977115185503767,0.9983556893924547,0.9988827623203829,0.9987207853743145,0.9982907217764216,1.001706027321546,0.6572369974383105,1.0041014711362923
60656.70527345103,0.9969671615200993,0.9966435338962364,0.9974239733756646,0.9975479995711971,0.997079928554169,0.9975409511493903,1.4320139676323405,0.9984632636064762
60656.70545118478,0.9961794899684608,0.9959351001716257,0.9954966578677595,0.9954081197949693,0.9951953289906678,0.996914556351894,1.7587263325281377,0.9982217989386871
60656.705628918535,0.9975555810852258,0.9976162048564358,0.9977560612930586,0.9972099712292782,0.9964169301491427,0.9948685456652783,0.4232716767303741,0.9885392131332394
60656.70580665228,0.9968148905207659,0.9969757638448525,0.9976245019442623,0.9982934884537031,0.9973273218009371,0.9976145432271254,0.9178560990234603,0.9963227832258517
60656.705984386026,0.9976579125667704,0.9976167963538835,0.9979246373269821,0.9982690742772892,0.997568878906728,0.9997471191418904,0.12849623129154486,1.0009218056550442
60656.70616211978,0.9979369540086365,0.9973358500844005,0.9977664384436002,0.9986021041329345,0.9990561671161735,1.0017291124442016,-1.3279672355913092,0.9976459661402967
60656.706339853525,0.9983890561368417,0.9984552572850776,0.9983544707905593,0.9988854969345078,0.9982098616122147,0.9990749738625805,-0.6665310769085748,0.9988550192103859
60656.70651758727,0.996644518668125,0.996988799587317,0.9970380896995389,0.9974328193577982,0.99730498282905,1.0009832109673618,0.5179781746038425,0.9928548863873877
60656.706695321016,0.9981076609485618,0.9983588609333731,0.9990800941536119,0.9988413340125748,0.9985592400555101,1.002638408195571,0.7331374682807625,1.0021170423447199
60656.70687305477,0.9975201738869872,0.9970937385445575,0.9974906839584582,0.9974634592723874,0.9984027022796,0.9977927827487949,1.14129369677807,0.9897581522654543
60656.707050788515,0.9981469904946624,0.9983930831047583,0.998136797722492,0.997933434934595,0.9994936370888273,0.9990355455707252,0.07006652570923572,0.9935974287961526
60656.70722852226,0.9976767007864819,0.9980564399953139,0.998723528850405,0.9980219349409748,0.999452906812018,0.9986443197353662,1.0233120350091731,1.0021134075960199
60656.707406256006,0.9968569670765063,0.9968511002842894,0.9964070151473008,0.9972560978132676,0.9966121332626691,0.9961375816888153,1.0225701886055922,0.9865443968430728
60656.70758398976,0.9980281244587804,0.9974316932982348,0.9970486317253131,0.9971211455441614,0.995900928166345,0.9923975000500775,2.0770966408418445,0.9956845735531147
60656.70776172351,0.9989219806119897,0.9975580540891618,0.998001892570041,0.9986900339249007,0.9983083745968067,0.9991547596505582,0.6897771751896269,0.9991008817655828
60656.70793945726,0.9965652979248137,0.9959228185929304,0.9967775405089003,0.9957914645443048,0.995870206542293,0.9926754707160497,3.27436784838679,0.9878085339907041
60656.70811719101,0.9974415811061501,0.9961570190127353,0.9962812266511866,0.995232207468048,0.9959853741697515,0.9926662145904512,0.6763890227172351,0.9918790612295544
60656.70829492476,0.9983864247115924,0.998126263654402,0.9984858820590035,0.9973637420493685,0.9983420121596774,0.9997866266082739,1.5530105819919278,0.9975575791422184
60656.70847265851,0.9980605979931699,0.9968182062228048,0.9977064412026676,0.9994778261516997,0.9990401178675081,0.9983317956201869,1.2869594096594525,1.0093783189659686
60656.708650392255,0.9984532954239125,0.9982596380960066,0.9979683367280117,0.9991251855675037,1.0002095489119005,1.0020813361682641,1.5517584725804006,0.9982473392881765
60656.708828126,0.9963259372336779,0.9959573326227993,0.9960444737206497,0.9960629994678956,0.9955673372397456,0.9971732989643012,1.632238068479878,0.9858129401245201
60656.70900585975,0.9990787113575281,1.00056423808715,1.0006716146858805,1.0017992230273145,1.0009024201657037,1.003205780090356,2.4521101141233608,1.0274610635631654
60656.7091835935,0.9977157443648265,0.9971032233119808,0.9975413092169615,0.9979323988852493,0.9973337112492293,0.9966930996101554,0.7743559262711055,0.9988782766759062
60656.709361327245,0.9981535270759384,0.9983169326485598,0.9992274749385098,0.999384932248611,0.9992051630446025,1.0010828235576186,0.0725425799418352,1.0077730493297457
60656.70953906099,0.9971336701218112,0.9974615126224518,0.9972243642444493,0.9973966729276124,0.9965438228868922,0.9953128188962597,1.2575246285714274,0.9918161373600823
60656.70971679474,0.9966446379364806,0.9960880844997033,0.9963122026678386,0.9963735353607631,0.9959991080543722,0.9955468718668752,0.8614654662574678,0.9918603686998505
60656.70989452849,0.9979828209035057,0.9980300098845235,0.9985400710155269,0.9986456008703435,0.9986777701602539,0.9983791164583664,2.066548991592629,1.0113123476092027
60656.71007226224,0.9973842455688322,0.9974583316725806,0.9977554939993154,0.9976745690245227,0.9969731217060903,0.9987605772351824,1.667858788807654,0.9911612466867608
60656.71024999599,0.9974803032585791,0.9986750902336892,0.9983651499196394,0.9982903440863546,0.9983710616278535,0.9993310497706928,0.7250382098049741,1.0009371265945
60656.71042772975,0.9968440704372603,0.9961863834502641,0.9972120009071841,0.9972937231126084,0.9979151603119591,0.996670170020436,1.8029565287822589,1.0024805628149849
60656.71060546349,0.9976497283323049,0.9972252708217342,0.9968738176556252,0.9956988701328747,0.9971238821009625,0.9988440782244227,-0.36135575140919063,1.0065395071293686
60656.71078319724,0.9975200477111981,0.9967000102317636,0.9973858338484904,0.9981869335263021,0.9975767577433877,0.999444480601351,0.9901939238100296,0.9928243520601912
60656.710960930985,0.99754198203672,0.997699657926733,0.998291058041729,0.997455913336623,0.9982708703704203,0.9981788097722624,0.2782581381246235,0.9982771917333382
60656.71113866474,0.9973891902168842,0.9982617561960744,0.9993204251620992,0.9987166638969888,0.9980800323603993,1.0015503294113244,1.1334571702973708,0.993704484358833
60656.71131639848,0.9973758465899274,0.9979568321146409,0.9971218030681367,0.9977031665682873,0.9979381723353911,0.9986614029671173,0.8031806863234365,0.9923417897734452
60656.71149413223,0.9984501674309282,0.9986109515725534,0.9987475223680254,0.9995067785119365,1.0007633016533222,1.0007987242522476,0.37581525549266015,0.9987091820802438
60656.711671865974,0.9965800121401185,0.9979246218307198,0.9973052562926554,0.9979837397960521,0.9980263576582175,1.0005220493247513,1.6970878782829661,0.9936758841734482
60656.71184959973,0.9984505003692334,0.9991437022319165,0.9989106663009101,0.9985951036998336,0.9978820020967323,0.9967906443371634,2.0730487934040656,0.9913181513668645
60656.71202733347,0.99735302181945,0.9977364277530776,0.9972302023864237,0.9974277813327244,0.9974281349498416,0.9964304252553048,1.7402932306930752,0.9925488875700366
60656.71220506722,0.9967068025374596,0.9974482606550104,0.9975836841276073,0.998964714469869,0.9985521862677145,0.9994930059310935,1.1164289393930737,1.005032556403249
60656.712382800964,0.9968881239005308,0.9970263845546837,0.9973359224272957,0.9961541657614665,0.996929136462295,0.9983364406720394,2.1665693210714134,0.9951952267294298
60656.712560534725,0.9970172508524506,0.9970898549992169,0.9962460566345266,0.997305950412814,0.9979376079063209,0.9966540353595496,1.4694344832439379,0.9931494806039283
60656.71273826847,0.9970158953069583,0.9983712163361609,0.9980748635817729,0.9977199974093625,0.99843185888735,0.9996668932312504,0.5185604233488231,1.0065883690593467
60656.71291600222,0.9964037299801921,0.9971316077708691,0.9961774886257603,0.9966416447931852,0.9965681235510125,0.9982328030149609,0.8268627308556479,0.9972048036083754
60656.71309373597,0.9978426268612838,0.9989211461151842,0.9992987677794323,0.9988060445268708,0.9990292515420719,0.9989496170165816,0.6928621849212042,1.001388830193055
60656.71327146972,0.997279085416431,0.9969642510861804,0.9984236727237383,0.9974168197904915,0.9971870375432607,0.9964434608451064,0.7162014733730461,0.997798554480908
60656.71344920347,0.9972463876206934,0.9969956241542279,0.9968124969122429,0.99698477681229,0.9968425552672758,0.9975026330552357,0.6259743551836856,1.0032402026595828
60656.71362693721,0.9969377430668938,0.99762145686161,0.9969802850137965,0.9978944282853042,0.9968988181872271,0.9985749633794804,2.191863871929047,0.999967977672981
60656.71380467096,0.9966599398976455,0.9967191657743728,0.9965161291810603,0.9975460894635605,0.9979582667517409,0.9979851069573903,0.33528781704522986,0.9967408328733786
60656.71398240471,0.9956796158751672,0.9957155592624392,0.9957788287656653,0.9949660941549062,0.9959571558674051,0.9931847685329002,2.76229769776214,0.9963057399611341
60656.71416013846,0.9967098058896401,0.9974947624147353,0.9973002340745184,0.9969628764478805,0.9980198664458663,0.9987774636616775,1.2048968210299247,1.0000895588333036
60656.7143378722,0.9974684046667558,0.99744872476971,0.9966865250994585,0.9978734207896223,0.9960407977679195,0.996819085697449,0.9012311725008856,0.9975132296411847
60656.71451560595,0.9975605288032484,0.9982981588923115,0.9972882379194457,0.9973087117849184,0.9980717978129396,0.9981227614542708,1.2234300149802566,1.0004707299754394
60656.7146933397,0.9982719653114253,0.9987498528693237,0.9985261944924553,0.9992270718920543,1.0001655091715052,1.0003476254613552,1.9717065530004405,1.0109889531652476
60656.714871073455,0.9977827900654672,0.9967637886385652,0.9975945048605823,0.9973987777785934,0.9970377800682247,1.0013539344085773,1.4346186101272196,0.9995579274599106
60656.7150488072,0.9973959208202984,0.9973334229364157,0.9964548548705829,0.997651717147083,0.9963658835176857,0.9957893366348394,1.1508124906020483,0.9995726037963787
60656.71522654095,0.9973758554928418,0.9968152067571612,0.9968970304857262,0.9972967484209577,0.997178757952693,0.9964764472157269,1.5628867988446655,0.9992973196685782
60656.715404274706,0.9975635694555708,0.9971489850213658,0.9963640603193089,0.9969228611903518,0.9958750344961723,0.9959476945091337,2.1044535848371866,0.9929265317648238
60656.71558200845,0.9970088862572158,0.9967969778154786,0.9966431063814979,0.9960756473842185,0.9960804775949617,0.9975868589415275,1.5627169305257431,0.9963727006604574
60656.7157597422,0.9976518344855947,0.9973911454153879,0.9973039667092782,0.9979877608772826,0.9979457577430794,0.9978544447947555,2.4215751068978197,0.9977026429817694
60656.71593747594,0.9967547342945147,0.9973792183009018,0.9982136302395052,0.9962704409635794,0.9966026755075134,1.001774864888066,-0.5641826458808917,1.0025991318615854
60656.716115209696,0.996967091831768,0.9973470033125043,0.9978741400608363,0.9977820636623269,0.9979110856716238,0.9984848625585249,0.2067862580701024,1.002160437152656
60656.71629294344,0.9973903930313421,0.9984286625176101,0.9976561219842098,0.9980254360427222,0.9975270592540089,0.9993781565144846,-0.9266488194244215,0.9937112956068748
60656.71647067719,0.9968459141080688,0.9975152871409438,0.9962141954288759,0.9961407171106725,0.9971161165208419,0.9970294039680326,1.0698589991461203,0.9979165420409434
60656.71664841093,0.9973800071675032,0.9978364829208995,0.9975077959658712,0.9960920716985624,0.9974011009290483,0.9970442829624495,0.628180202212901,0.9982289714523161
60656.716826144686,0.9993393182402892,0.999396504875519,1.0001074397411702,1.0002956747269525,1.0013951348616315,0.9984572535233533,1.2282961718376333,1.018592087094597
60656.71700387843,0.9972271031402441,0.9979235913694277,0.9974420387395325,0.9980071143085659,0.9979327932985477,0.9982388227028218,1.0,0.993347848238491
60656.71718161218,0.9972475434646021,0.9977688871933111,0.9976392552040068,0.9968087701381196,0.9965774500694583,0.9967696639181494,1.0435361041183964,0.9924801656021615
60656.71735934593,0.997471699512639,0.9975426937924883,0.9978211392597839,0.9974663203766895,0.9977285598759855,0.9957183363110511,1.7057235598320264,1.0048849941186317
60656.71753707968,0.9972236650802351,0.9967221818866256,0.9973344674198337,0.9967091597288744,0.9966696047466721,0.995331939868006,0.9565930308325551,0.9850700691525462
60656.717714813436,0.9974246095415064,0.9971837847577106,0.9971655463773509,0.9973126398466953,0.9990091215361057,0.9998771333198725,1.1945252536213398,1.0062905653914496
60656.71789254718,0.9965284856010586,0.9963024063350508,0.995825336973254,0.9954127760050615,0.9954667856374478,0.9950200376306598,1.1022901555338636,1.0042503091049089
60656.71807028093,0.9976548952462241,0.9978846806443984,0.9976133409228578,0.9970550340883476,0.9973781396949646,0.9943551529556737,-0.04173774895426999,0.989253833244471
60656.71824801468,0.9971025845211033,0.9970459367208493,0.9969190861156263,0.9957610317658182,0.9967955374915959,0.997893393584431,0.5180908481514584,0.9980822193628827
60656.718425748426,0.9974720410468617,0.9981164493926833,0.9984981036826032,0.9976282974895212,0.998677195350879,0.9979423359538828,0.3700394390572311,1.0047021318216687
60656.71860348217,0.9971146286295302,0.9960855019230529,0.9963245626022195,0.995707384400413,0.9956887260062696,0.9962627430683694,1.2167363234509037,0.9952884388261389
60656.71878121592,0.9973082301817628,0.9976679687540536,0.9972475132979123,0.9968313402278414,0.996921098399175,0.9927389516756125,1.0011947324106634,0.9873488549644007
60656.71895894967,0.998258488447747,0.9980751788298712,0.9982859787429522,0.9981149222323491,0.998885708424795,0.9985481982570654,1.1442304956674074,1.0044484872653863
60656.719136683416,0.9976441435953952,0.9975313889354883,0.9976477065415787,0.997417207801852,0.9981218129016133,0.9992780403465282,2.6041098935648535,1.002971622103291
60656.71931441716,0.998664209000522,0.9986719744227232,0.9993965867620541,0.9987076978839046,0.9983511698128087,1.0008734973231002,0.5745418748298731,0.9904315049291937
60656.71949215091,0.9966207164190274,0.9969643316051048,0.9968479543079701,0.9968811551327479,0.9979243416915012,0.9981724372153009,1.553275533644262,0.9938854871552907
60656.71966988467,0.9965945863647669,0.9967714379363927,0.9958910736725166,0.9955790905095256,0.9963103240487432,0.9954725162050595,1.3474755981145485,0.997339357835489
60656.71984761841,0.9981017586231996,0.9978733075724895,0.9972891165222165,0.9976963386010724,0.9970095061571028,0.9971755899012065,0.9816626471424266,0.99768522343167
60656.720025352166,0.9962953342323392,0.997629320755942,0.996731719683939,0.9968593147404365,0.9971216751740298,0.9973155068506285,0.3026279878728355,0.9951003831751364
60656.72020308591,0.9967698935020495,0.9969731984576355,0.996421784762844,0.9951442462515877,0.9949314785121857,0.9970761296353555,0.6618530214497071,0.9852606463399892
60656.720380819665,0.9972993017864382,0.9962642318605919,0.9966236087326534,0.9958285562173754,0.995751569854063,0.9937143321205444,1.404327666491017,0.99720229942167
60656.72055855341,0.9975307338181559,0.9981035696217085,0.9977852387207052,0.9968889409569051,0.9986599862885216,1.0002038085547162,0.10414086879313189,1.0000952282441034
60656.720736287156,0.9971673868407714,0.9962194182841605,0.9953445306081231,0.9945619849702373,0.9951635543217726,0.9951586630657865,1.9529320061254338,0.9843828494321887
60656.7209140209,0.9969818306068373,0.9974283581862879,0.9964993032354689,0.9966319031262122,0.9953588388094737,0.9953398753486227,1.9619810880798796,0.9940231988677678
60656.721091754654,0.9969465056838093,0.9969057561683571,0.9972525450660794,0.9985259894344283,0.9973147253011357,0.9991438973669341,1.5506415977480599,0.9959728287506141
60656.7212694884,0.9968133969800976,0.997284749337026,0.9975744252087532,0.9988749626473697,0.9989951249927028,0.9999552297819455,0.4066353456746765,0.9986692882990682
60656.721447222146,0.9961801782558561,0.9964680690463212,0.9960029230763965,0.9961136089108943,0.9951215355896376,0.996023419913372,1.3558819665445414,0.9816565057347405
60656.72162495589,0.9970754352366232,0.9972982017875425,0.997120430059209,0.9975653685382941,0.9970937056282719,0.9962724576214115,0.3577131938960175,0.9874181959059185
60656.721802689644,0.997696340462523,0.9975144104798445,0.9977431663374502,0.9978931342747935,0.998537944860337,1.0017238120904004,1.5171387670510648,1.006739487998053
60656.72198042339,0.9979681723855702,0.9981430754630136,0.9974991153178061,0.9979048109824525,0.9977832436920782,0.9987878645632399,1.0646702428221757,0.9999449904805522
60656.72215815714,0.9976875135297247,0.9978231108083663,0.9974857619607522,0.9975363239700342,0.9971811357839285,0.9978724310777884,0.3553948542832603,1.000394508262121
60656.722335890896,0.9973015239846144,0.9968484817002997,0.9970316414533414,0.9957279909018446,0.9963094947365395,0.9983316911698252,1.7302267788374293,0.984081176981395
60656.72251362464,0.9967018543589414,0.9963750733073518,0.9946608081668651,0.9945835113389058,0.9957728157427885,0.9963490821066635,0.5648991573140868,0.9898126935084788
60656.722691358395,0.9977123373115199,0.9974528201974338,0.9972194682623424,0.9978239325224161,0.9969972631437504,1.0000588133094996,0.3738851331728668,0.9995394839009858
60656.72286909214,0.9964539111046625,0.9972007016932775,0.9973061419207356,0.997608266439919,0.9973134559381562,0.999840206319872,2.07795382336935,1.0065065114281224
60656.723046825886,0.9980671347279446,0.9986443227765186,0.9987294992657851,0.9976200596247525,0.9976331958309814,1.000780325615345,0.6520696708041019,1.0030334093778868
60656.72322455963,0.9975843143210066,0.9978243346960187,0.9974296566315184,0.998415124999101,0.997543401746283,0.9974498419034733,-0.13264605641431754,0.9909408510879294
60656.723402293384,0.9965765120667047,0.9970888585549085,0.9966592137696509,0.9958133497865986,0.996107129583468,0.9985590951420359,1.6073930374444507,0.997279702373188
60656.72358002713,0.9969344592729046,0.9964408174615594,0.997257987814853,0.9969260183930568,0.9977898259174586,0.9944599794540733,0.5513212456604087,0.9981230163704353
60656.723757760876,0.997176797528468,0.9966385162101795,0.9968783550176354,0.9975376801656356,0.9986053451058234,0.9999601486668678,0.8541334524297979,1.0033096922596225
60656.72393549462,0.9974359283693928,0.9982016452905778,0.9979032155117247,0.9981609051193555,0.9993449768520392,1.0016903660689398,0.1482399559427649,0.9985980334778991
60656.724113228374,0.997530414387721,0.9967642874940142,0.9978766050663112,0.9971205238407876,0.995878249980928,0.9968116570723115,1.3335820142484431,1.0023629116401014
60656.72429096212,0.9982163369847252,0.9988402157299329,0.999014514206568,0.9993996490916692,0.9989680809623298,1.0007029385385795,0.9803565724723013,0.9937862316091286
60656.72446869587,0.9980880682430702,0.9977441154104826,0.9985826998252493,0.9980397917253964,0.9982023633249412,0.9945806159977932,0.639030120943707,0.9992475736510195
60656.72464642962,0.9974726290997189,0.9975091818161114,0.9974855666791019,0.997528182075376,0.9971778683976492,1.0004875494972438,-0.012423520311244439,0.9951601158999268
60656.72482416338,0.9979123623166141,0.9977112499377399,0.9980205389489595,0.9980844095648312,0.998151146715994,0.9990949380776778,1.251140696917757,1.0040716127830673
60656.725001897124,0.9979779413388291,0.9980788238944421,0.9978265646648246,0.9979466465001203,0.9974665689549524,0.9995803876032854,0.020571707423146575,0.9922293959843573
60656.72517963087,0.998378640954784,0.9981691120262517,0.9986913679713956,0.9979134830363595,0.9985661941182351,0.9987301352984556,2.2063712707489898,1.010481923424981
60656.725357364616,0.9969407124958997,0.9986499127802343,0.997960315580877,0.9968121803596398,0.9959614794496916,0.9963701949294952,0.36238234288527604,0.9979822540586124
60656.72553509837,0.9973990481992886,0.9966326611273079,0.9981099333780019,0.9971880062454863,0.998249908642537,0.9976796537508283,1.1187935349417724,0.9946186101973223
60656.725712832114,0.9975003432587786,0.998795737980746,0.9980130430534813,0.9994072541881015,0.9987306439107075,0.9973854534837847,0.7596989979755991,1.0038993445172761
60656.72589056586,0.997687963280409,0.9972578692249655,0.997927049752406,0.9972716252017307,0.9970459932989872,0.997802217744195,1.7882189360670553,1.0067879608279766
60656.726068299606,0.9978598550754646,0.9986343116505528,0.9986294331720539,0.9987246415875999,0.9979051194061122,0.9978233127700699,0.0004472419527408549,0.9990567231532412
60656.72624603336,0.9974032150703042,0.9973129153996404,0.9974082522697644,0.9963928355326923,0.9975435083297692,0.9967528817804352,0.8196341955758525,1.0006684659465048
60656.726423767104,0.9972932920121069,0.9971797919237624,0.9969617988997513,0.9971454216298402,0.9976506599522553,0.9962146436883559,1.837032970037029,0.9963709781687714
60656.72660150085,0.9980841724504534,0.9979131517742188,0.9988840924090602,0.9993069917574843,0.9996417214040652,1.0004633705196182,0.8825635488185782,1.0102763580635055
60656.7267792346,0.9977167812473766,0.9976798535282512,0.997211372690835,0.9976750364823158,0.9991843916840937,0.9998660567802801,1.5258187430373598,0.9947210969964267
60656.726956968356,0.9976756321297365,0.9977435836236981,0.9973172582655625,0.997683383963982,0.9976148030431586,0.9960260519932375,1.6354097663304048,0.9818154050102892
60656.72713470211,0.9962194872331539,0.9964805820490714,0.99677247701707,0.9963061279765117,0.9952449036578404,0.9955320455708395,2.071459584621341,0.9945995623100946
60656.727312435854,0.9970917641029342,0.9980211471936451,0.9982996541665391,0.9980413891371855,0.9973467318586243,0.9946033480897678,1.157438701513976,0.997566384736069
60656.7274901696,0.9969178493507905,0.9976637365346288,0.9975768137042166,0.9975217257433767,0.9977334918182749,1.0002746995114737,1.3272653784516741,1.0005973871190517
60656.727667903346,0.9970547794003332,0.9976983578627497,0.9968726233530083,0.9966955323420488,0.9960707390154903,0.9995609712389911,1.6074205161431,0.9963756295620209
60656.7278456371,0.9976299687739143,0.9983338832392276,0.9984054855146587,0.9992060387994252,0.997860375843983,0.9959061009670515,1.1844361977077005,0.9983105630958748
60656.728023370844,0.9975718292113116,0.9972577840015645,0.9969363352263451,0.9983343865477265,0.9983006034558084,0.9991077763543985,0.8097468829678529,0.9893176123685107
60656.72820110459,0.9983206033152033,0.9985461881207519,0.9988075795436299,0.9988529526660626,0.9987315890745267,0.9995867302216569,2.2202662618322315,0.9999516758285978
60656.728378838336,0.9989337292357519,0.9994388551156851,0.9997507154903356,0.9999423424350518,1.0007365668077406,0.9994274134584179,0.9488292519096778,1.0098397977464475
60656.72855657209,0.9974540714347951,0.9974449116105752,0.997796489534347,0.9979696076993921,0.9983348723636426,0.9979546356129815,-0.5174384346995327,1.0023905415717154
60656.728734305834,0.9977927507383864,0.9973691874523232,0.9978097278519575,0.9972932509337648,0.9972880646005879,0.9975374778113077,1.6876165097012548,1.0090773261920878
60656.72891203958,0.9978858546559771,0.9981993860562152,0.9972115150631231,0.9968765301996171,0.9969164632223836,0.995857118802589,-0.4377857092123928,0.9907629090427006
60656.729089773326,0.9974307857082411,0.9970429567968773,0.997753829659584,0.9976221391000857,0.9980178065114631,0.9967280736076806,1.5329223675485786,0.9990358470532799
60656.729267507086,0.9974302816190781,0.9972705405514435,0.9970184056604515,0.9973415546598251,0.9969756354081005,1.0005651309324726,0.8542135777537213,0.9918630560365171
60656.72944524083,0.9966825886053124,0.9962588555486735,0.9960888752135487,0.9966588573754753,0.9975567932662099,0.9958967140303593,0.025693041341885613,0.9871237659085734
60656.729622974584,0.9968234574270592,0.9966588943738514,0.9981893931412316,0.9987055940656534,1.0002182683678817,0.9994199288109537,0.062000265969100694,0.9926540344122197
60656.72980070833,0.9977322113798117,0.9981607644755485,0.9977316604172568,0.9969895672772638,0.9980309974690734,1.0000129359406942,0.7852512138342445,1.0080823664399572
60656.72997844208,0.9967197238899684,0.996967808575112,0.9981174145642384,0.997786501892653,0.9977086137497035,0.996988213592805,0.2375587951960654,0.9881163932655004
60656.73015617583,0.9982415621651688,0.9979834485950769,0.9980848419362295,0.9988135949623869,0.9980002102266665,0.9986405149029977,0.4097552852690204,0.9902447325344972
60656.730333909574,0.9978671091088562,0.9977882488281787,0.998101746477471,0.9976595052579988,0.9969867243540012,0.9982426656682285,1.0248516393878426,1.0069939371326986
60656.73051164332,0.9972823834857832,0.9976625897280141,0.9974271492546456,0.99831775222039,0.9984279238250408,0.9963741734610839,1.3264686834823358,1.0059743103010783
60656.73068937707,0.9972383849749854,0.9966828586151967,0.9961624702703523,0.9964883468158366,0.9959424959113116,0.9948758173263366,1.8437580961650022,0.9895675280631417
60656.73086711082,0.9982097429950001,0.9988588995583035,0.9989094060262461,0.9994005358377842,0.9995283853443053,0.9994714454836401,0.4543497229745005,0.9981663186048451
60656.731044844564,0.9972415812748143,0.9974930365956299,0.997538828075229,0.9980501114260234,0.997219776097596,0.9967078681988086,2.673745790582648,1.0010728019806345
60656.73122257831,0.9973074617681363,0.9966677809489951,0.9974381141162362,0.9969936045871062,0.9979937583111832,0.9991117787306775,1.3531315049703603,0.9994916959071284
60656.731400312055,0.9968035878102247,0.9971993440899279,0.9964390626334239,0.9968107951738361,0.99645244358137,0.9997482277237844,2.950116017839636,0.9964511911116779
60656.731578045816,0.99870581999523,0.9979797447245499,0.998978419373773,0.9984913814766634,0.9998666928218708,1.001670211950389,1.0498521603239344,1.0031747348695998
60656.73175577956,0.9982655889826114,0.9980459484699222,0.9985538442445946,0.9985339385036691,0.9981291514063388,0.9994929860105052,1.0717418075861542,0.9977994677759564
60656.731933513314,0.9975756924622405,0.9977835306001445,0.9984199329538985,0.9976888577272888,0.9976385965552472,0.9996785902867816,1.2719738835077865,1.0020040403163573
60656.73211124706,0.9979925433467106,0.9980763138752946,0.9981004140836138,0.9998791759559575,1.0000505680571252,1.0024594361363928,0.6160413383903486,1.000399787324684
60656.73228898081,0.9973223514322578,0.9975620250292001,0.9970047110270339,0.9977660441043208,0.998618397968308,1.002646883540289,0.7468858278445938,0.9913084086792883
60656.73246671456,0.9978517161230647,0.9973333731775298,0.9976751655126567,0.9979357703793996,0.9975957409110426,1.0001496695893364,-0.02735411943720517,0.9909076426547995
60656.732644448304,0.9967189028263473,0.9977000900148042,0.9968549091448455,0.9987539607144688,0.997823682764267,1.0017627381895333,0.5570115179735531,1.0085589739398053
60656.73282218205,0.9972824098875299,0.9973430799600549,0.9976187879526794,0.9982629521071651,0.9989870624617214,1.0021409461858815,0.9416072743629762,1.0006090066984745
60656.7329999158,0.997958088760331,0.9981671786673566,0.9990411223468016,0.9993131985376903,0.9985813556654827,1.000159969018238,-0.3899271883328072,1.0037309763221536
60656.73317764955,0.9983550115450278,0.9975393579567757,0.9970670831518927,0.997382313335318,0.9970398900505255,0.9992551015928767,1.631495895581674,0.9988086025945108
60656.733355383294,0.997142507953005,0.9975287200497888,0.9958380263287886,0.9969955902315552,0.9972760295640554,0.9992871392079686,0.9018236564726634,0.9969442513195528
60656.73353311704,0.9964742043774318,0.9963198717040113,0.9954678526717466,0.9952614060605892,0.995790869502444,0.995159136797228,0.629704393008189,0.9899429645145393
60656.73371085079,0.9980506406972184,0.9986294483075129,0.9983318829934639,0.9985874720474911,0.9982389941228286,1.0018145569949897,0.924400314227537,0.9962764167869083
60656.73388858454,0.9966038940549519,0.9976117547835612,0.9974265759235272,0.9968715075917248,0.9982858463697205,0.9977858765370463,0.8994031999717786,0.9939676292056734
60656.73406631829,0.997782387745828,0.9981105977476983,0.9982852885062927,0.9977795956592684,0.9972159704183708,0.9976260040748002,0.37939093349285036,1.0021104609286604
60656.73424405204,0.9974918750520381,0.9990333390132858,0.9983980772160084,0.9988059711292846,0.9991533547582852,1.001914405331444,0.586586127344186,1.004923823200236
60656.73442178579,0.9968608908058549,0.9968960767079837,0.9967594691076571,0.9956946087206533,0.9956702095816028,0.9993303013751952,1.2389503886788147,0.989608140838975
60656.73459951954,0.997069161905321,0.9977644058175739,0.9963004886228509,0.9968668461442168,0.9972463207611659,0.9957624789959493,0.969213713400848,0.9885701141348134
60656.73477725329,0.9971547582099536,0.9984157963172405,0.9974131276150244,0.9973679109585012,0.9981798975650462,0.998394039587389,0.2542193564554581,0.9983292372772977
60656.734954987034,0.997739801421479,0.9976775106989603,0.9982981080495942,0.998260242592853,1.0000130230509703,0.9969563280712892,1.17189615678041,1.012612199665003
60656.73513272078,0.9972321466413475,0.9966980191525608,0.9971849871650965,0.9959019059292228,0.9956602365184617,0.9943066701216473,2.373130685089211,0.9968680264441723
60656.73531045453,0.9970404081007378,0.9971532843700515,0.9978878914455823,0.9970638895255707,0.9976062450379887,0.9972061813000532,1.3343765515692045,0.9970647478093864
60656.73548818828,0.9973821896095608,0.9978929766268015,0.9992032530983301,0.9989696575575622,0.9988725623249302,0.9972855112458779,1.0651875343229056,1.0127947076445942
60656.735665922024,0.9975611148606246,0.996408768034546,0.9970032842305804,0.9969133093243732,0.9970089022458021,0.9985358937967126,0.14108748884827874,1.00030410690571
60656.73584365577,0.9966835120524512,0.9970681043950006,0.9971330522352214,0.9970944705745581,0.996076112120731,0.996972720130183,1.2352228666345872,0.9899135431499662
60656.73602138952,0.998329997118062,0.9990300598122326,0.9987093965621591,0.9990218883864361,0.998258490744843,0.9996918946314034,0.20166762216119663,1.0000143395768617
60656.73619912327,0.997222819303351,0.9972573423235989,0.9984495990796382,0.9976100967322908,0.9982023575787011,0.997833480672306,0.4977029774489885,0.9983320650344822
60656.73637685702,0.9964668083579028,0.9966286652173558,0.9956855189340453,0.9950472875237827,0.9948879894840293,0.9970436701792998,1.5955741472111662,0.9922492335965777
60656.73655459077,0.9971233476528639,0.9978457637673613,0.9963952345814138,0.9967027770895273,0.9965872060730128,0.9989406810746223,0.8970047502208944,0.9969962362018485
60656.73673232452,0.9968509708100456,0.9971313996882551,0.9976657908957364,0.9972708038126624,0.9970367036676958,0.9988580402485372,1.1690128270803206,0.9923177175776787
60656.73691005827,0.9975205502653756,0.9970357716137493,0.9962350755269078,0.9962873606931887,0.9978037258869551,0.9980247538448092,0.6339712841701964,1.009869010622957
60656.73708779202,0.9978872266258119,0.9967450306242192,0.9971254943194328,0.9970639432275231,0.9980330681545064,0.9965816090401827,0.8613408136474306,0.9995243963300291
60656.737265525764,0.9981778383261518,0.9976623715126817,0.9993727664622212,0.9993825878043032,0.9985030188421404,0.9997247267386499,0.3528149747604344,1.002903788341998
60656.73744325951,0.9983407070172917,0.9989487575923971,0.9996996507109059,1.0001361735839522,1.0012033539121425,1.0035797606747177,2.231692166432472,1.0119351533383554
60656.73762099326,0.9970598004906516,0.9968796911973188,0.9975986316810682,0.9969587773217796,0.9967380713831079,0.9968172243573794,2.780582447020862,0.9895128731107024
60656.73779872701,0.9975904643929915,0.9975287493622961,0.997278086456972,0.9972903129648548,0.9982779997861505,0.9972825852276906,1.5429476709578174,1.00903290329793
60656.737976460754,0.9983669397620667,0.9973223927484661,0.997832366363006,0.9970496977518782,0.9974878513601071,0.9981305794888232,1.8681596943516279,0.9951489537793468
60656.7381541945,0.9987326694970867,0.9981330618038682,0.9990132549198378,0.9986175588614755,0.9980701808951139,0.9986465958760986,1.4886259207265433,1.0064425241904738
60656.73833192825,0.9979143851202036,0.9975247219685398,0.9987520164804741,0.9970436183662768,0.9982904448447202,0.9992027164240889,1.4614482551819814,0.9835830035943958
60656.738509662,0.998693959931537,0.9976386502756412,0.9976628272030567,0.9958044281808982,0.9968995944857315,0.9983858606970347,0.7418168899854878,1.001153835728275
60656.738687395744,0.9972163582433502,0.9976701226805191,0.9974309930868825,0.9963194100627333,0.9966736779041069,0.9991603041527518,1.9333530245868396,0.9890859133548535
60656.7388651295,0.998373979051019,0.9981081222883588,0.998994453215717,0.9983639260886535,1.0003301048443318,1.0007534466939725,2.3295724679202388,1.0005309170802226
60656.73904286324,0.9962100619630972,0.9966906912066658,0.9961890876313048,0.9973001513396024,0.9967983507395428,0.9984442136862883,2.600834496972404,1.0013827317403647
60656.739220597,0.9980940361123034,0.9971620287252522,0.9971763807218631,0.9972164398065029,0.9964606295638325,0.9983875031645453,1.476490674919992,0.9939989424402819
60656.73939833075,0.9976496492805634,0.9972692254693238,0.9962890372585769,0.9975565844331975,0.9979328309271523,0.9998812069070613,1.4625233133928726,0.987986173684554
60656.739576064494,0.9958654197022254,0.9965650502006415,0.9964169242365962,0.9984365449965944,0.9970075961810309,0.9972652874168098,1.686532899356005,0.9879218585077878
60656.73975379824,0.9986387983938578,0.999309869226878,1.0004956711879183,1.000666632693086,1.000241882634351,0.9962513586252686,2.249956138990705,1.010360587906951
60656.73993153199,0.9982467227856483,0.9987966881040551,0.9998695450880675,1.0009179374715114,1.0000968707039535,1.0013458709329874,1.482391045257781,1.0012229338983196
60656.74010926574,0.9979510347355202,0.9988727079205604,0.9990347406215037,0.9979454472794574,0.9992074869353259,0.9962572693154262,1.6114331527808785,0.9887107219632634
60656.740286999484,0.9964946353383798,0.9964635561867797,0.9968684530634201,0.996164845737281,0.9966370801007595,0.9951161051179339,1.7817423862409274,1.0022279337382818
60656.74046473323,0.9971689494557768,0.9963356009402063,0.9962821447713232,0.996404140457603,0.996559242273495,0.9964510372934742,0.35357284724118637,0.9906538057536118
60656.74064246698,0.9980300461068407,0.9983538446948474,0.9979652298946508,0.998082668087227,0.9985203035324323,0.9972845403999637,1.2174296385800445,1.0014070227008967
60656.74082020073,0.9971788933973565,0.9969603212198405,0.9971964352362569,0.9962859231332281,0.9961459131824134,0.996872101446343,2.005448481531339,1.0034575674219566
60656.740997934474,0.9979292135384128,0.9982518259509161,0.9986142664069823,0.9984459481494736,0.9980679446808929,0.998489933260028,0.6686237707721036,0.9963790529102315
60656.74117566823,0.9957152832534091,0.9962989425737662,0.9952813681359441,0.9951583560707895,0.9963375417638578,0.9974158191082694,0.43367190479876405,0.9939987755166912
60656.74135340197,0.997233420986119,0.9980554421034744,0.9984953099145973,0.997746764291923,0.9968681480939736,0.9966803932755933,0.6552009010380951,0.9895398831949455
60656.74153113573,0.997090703888608,0.9976732591188053,0.9982545402633475,0.9977678913629691,0.9985794108412447,0.9962520336169761,-0.19456734864905775,0.9876146804493289
60656.74170886948,0.9986092146227386,0.9991127650517095,0.9992687094438352,0.9994435970582594,0.9998763437248397,0.9979147077598605,2.3571495502826356,1.005745606301045
60656.741886603224,0.9978274216041908,0.9982363753644822,0.9975403354432011,0.997022993718306,0.9968126093856406,0.9987442467616069,2.241605196186734,1.0000559351298957
60656.74206433697,0.9980057827481676,0.9989365089450375,0.9984409977956163,0.9994420747406839,0.9981980694006681,0.9977114300438112,1.1112885523617408,0.9885015642496826
60656.74224207072,0.9988419447914997,0.998887777082516,0.9997610536723636,1.0001113138583717,1.0002873365059046,1.0009377090889504,-0.1249390673081751,1.0095731020703693
60656.74241980447,0.9978186990503908,0.9984344256822489,0.9981028378153954,0.9985074885954082,0.9988825179639883,0.9967760555185469,0.15990310064781163,1.0017643388726059
60656.742597538214,0.99651622490621,0.9960255614643583,0.9963470354696421,0.9960788158731858,0.9950071398119814,0.9939646922740359,0.5689580600116706,0.998756658028506
60656.74277527196,0.9973025261764975,0.9972984807991865,0.996849823479382,0.9970529885455669,0.9973094361651458,0.9982024802786025,0.4625229337479616,0.9891602048789377
60656.74295300571,0.9977207370579173,0.9973033931773466,0.998097610765578,0.9973054618578254,0.9979548840699339,1.0019056509830748,1.4957208539002695,0.9998506570167919
60656.74313073946,0.9971996878428167,0.9980829817469502,0.9983542791313342,0.9985329718685232,0.9982451266585787,0.9948805730378651,1.112567884844344,0.9988617071380085
60656.743308473204,0.9978628031681753,0.9988828080696966,0.9977550725905152,0.998458699117483,0.9988860396677337,1.0010033399947424,0.2103695795878315,0.9853856243454501
60656.74348620695,0.9979067677557987,0.9977680776614725,0.9981597376632266,0.9975032543371575,0.9987001908770409,0.9989562415239734,1.6184710936605837,1.004411635138249
60656.7436639407,0.9961621584497712,0.9963051948230183,0.9958401063692562,0.9964901492245024,0.9970176361600649,0.9968127033071497,2.3980635026828634,1.0090673406914323
60656.74384167446,0.9985508902479093,0.9985610195257034,0.9981608129746637,0.9974041906846051,0.9987914404287537,0.9981272837278972,0.8447790068877381,1.0017306586681423
60656.74401940821,0.9975465949744551,0.9968994568743401,0.9975136196181448,0.9971717524791017,0.9967975362563459,0.9988344818560992,1.1815226811752642,0.9974376153350191
60656.744197141954,0.9969079916753831,0.9967921720118049,0.9961830203983779,0.9956521900056821,0.9968760658567762,0.9958899906586802,2.064060755820323,0.9887977894245343
60656.7443748757,0.998642121176473,0.9977564074837793,0.9975424905666642,0.9982299047517467,0.999567136690161,0.999881416546439,0.503737461147994,1.0049647111170723
60656.74455260945,0.9965427212079561,0.9971326814771565,0.9971123722487403,0.9960780989373659,0.9959558709339684,0.9955195278701682,1.4957214815798554,0.9975914980407597
60656.7447303432,0.9974441466805314,0.9976787526807531,0.9971964194293104,0.9963263913903319,0.9979014816653887,0.9983973073717762,-0.36192051497505934,0.993492265935629
60656.744908076944,0.9963586721760591,0.9972118496740805,0.9960449389278639,0.9960648721021917,0.9961086432543341,0.9979004180501471,1.8383103992331453,0.997082556542752
60656.74508581069,0.9972862238654316,0.9984233598488429,0.9976974390369219,0.9981914725953219,0.9979969313479069,1.0001063718097616,1.5894711958179675,1.004588181341121
60656.74526354444,0.9970177050545922,0.9982251769010274,0.9987673582196606,0.9991125774112803,0.9989713179491453,1.0009564022412485,-0.4168391024397559,0.9949257617111024
60656.74544127819,0.9960353570005361,0.99660205905058,0.9961582534380884,0.9970336839476526,0.9967422811527675,0.9993586793496925,0.42320212831366766,0.993663167649743
60656.745619011934,0.9964221600878399,0.9959412950624529,0.9952235855140645,0.9946591029597395,0.9959760563633472,0.9957053515960775,0.6850844426585048,0.9817885463721749
60656.74579674568,0.9980483425172714,0.9978303157141071,0.99872787213824,0.9973336482275742,0.9964123854292926,0.9960272708193143,0.5732863308973856,0.9895899707152036
60656.74597447943,0.9968844967303366,0.997867890367814,0.9978034246125392,0.9985801324363985,0.9981196754856498,0.9999697979644021,0.4461259561537411,0.9959869538065307
60656.746152213185,0.997562507092265,0.9969889807096618,0.9973399652733786,0.9975851082105438,0.99813317840849,0.998402917960464,-0.686634960562879,1.0014101584678867
60656.74632994694,0.9970820534791158,0.9972856408353205,0.9965181927559588,0.9967825399800191,0.9970485513026552,0.9990185106285113,1.2958197068545496,0.9949232708383426
60656.746507680684,0.9980822197956908,0.9989324274498017,0.9992494299088969,0.9988702780372064,0.9993705422450744,0.9984545228331131,0.5196400423605766,1.002705798490636
60656.74668541443,0.9986102105211822,0.9983694018557678,0.999196594202618,0.9996345094912853,1.0001251635220592,0.9993249166070355,0.7118299204365253,1.015883517763893
60656.74686314818,0.9976598101155619,0.9975515398367576,0.9969786891708329,0.9975544789920852,0.9963516530467008,0.9986059718411193,1.347809242717057,0.9939033323355819
60656.74704088193,0.9984178312777204,0.9994515427268895,0.9992646392649073,1.0004267097779453,0.9982788620928943,0.9956184172715121,1.1496142730511032,1.002166929531706
60656.747218615674,0.9969602450299688,0.9962148401047723,0.9961194209299933,0.9967968744917309,0.9961798095114524,0.9980088817063456,0.766761431013988,0.9917094232168894
60656.74739634942,0.9971687195149833,0.997806524271802,0.9972620938887214,0.9974926260716025,0.9962412638813114,1.0019778418101568,-0.7703548966437357,0.9979963573961554
60656.747574083165,0.9974439997824409,0.9983190831371389,0.997593372797817,0.9978448336469227,0.9969481924774455,0.9948274684657685,1.5548947546226748,0.9994808065560048
60656.74775181692,0.9966021595215963,0.9968376796794598,0.9969915482315004,0.996155912919085,0.9966083073789223,0.996413076892757,0.017649760242722884,0.9914501287214521
60656.747929550664,0.9970601670451342,0.996511035030083,0.9972014148634548,0.9957146074605643,0.9968655433789344,0.9965888929582888,1.2401843447361867,0.9968367019343163
60656.74810728441,0.9981239812189553,0.9987675440531556,0.9984367456172641,0.9982997392724607,1.0000846847822773,1.0008971819100416,0.23222184701212634,1.0089757259353225
60656.74828501816,0.9972803947588668,0.9974374456063894,0.997409499811055,0.9981781121691642,0.9972984634415858,0.9988956742101351,1.832093354420364,0.9988795034311566
60656.748462751915,0.9971851151531536,0.9979061013924364,0.9962711429170873,0.9972907600631166,0.9967590294037394,0.9965756255463916,2.29234150395071,0.9934999787041988
60656.74864048567,0.995927785693272,0.9956756810437261,0.9953642391260233,0.9956588472036383,0.9958709930357396,0.9950848647187845,0.5141911128482425,0.988406965963227
60656.748818219414,0.9987636619241888,0.9991095330763625,0.9999319536567194,0.9998646380702302,0.998705653883135,0.9991572516630658,0.9319316922527384,1.0041703370612018
60656.74899595316,0.9972248576102918,0.9973935019962253,0.9967890163519874,0.9962703638039058,0.9973422690690368,0.9954626223667224,0.3087639354707219,1.009148979017012
60656.749173686905,0.9966893598858363,0.996419015650926,0.9972324084433808,0.9962999289417797,0.9960109123144868,0.9964990850138392,1.2856125105065779,1.0007309167548546
60656.74935142066,0.9980634162261266,0.9981255094906328,0.9996566233246392,1.000128350655287,0.9993687907540122,0.9970613839911573,0.2961436856976274,1.011584097050924
60656.749529154404,0.9973049669565761,0.9975532426763047,0.9972424011777676,0.9985019307383846,0.9970926979972617,0.9965793745641801,0.7308640482538602,0.9865108596803098
60656.74970688815,0.9970061157623011,0.9972453046539155,0.9966134830662381,0.9964411410291469,0.9970283764389437,0.9971661674629329,1.343088586037257,0.9957360434353599
60656.749884621895,0.9973781347924701,0.9974168229908816,0.9966905266718481,0.9969663510674838,0.9985775522106086,0.9971180909119597,0.47638732545138696,0.9994912861704588
60656.75006235565,0.9970461745799036,0.9965653567153788,0.9968195930237018,0.9969748845880572,0.9982076100128993,0.9973109188598354,1.4905634916794883,1.001640217494713
60656.75024008939,0.9986411727090743,0.9994188922125339,0.9997887138526966,0.998906808126534,1.000499789461557,1.0007271577959578,1.8911853758593575,1.009102078064767
60656.75041782314,0.9981509562826073,0.9987274727699651,0.9997795843532161,1.0004139851445473,1.000735865024995,0.9994983017606358,1.2027263784196145,1.0012289897047784
60656.750595556885,0.9977680865950592,0.9976571765040495,0.9977347695557975,0.9970215496669005,0.9967491338221587,0.9972432943486539,1.3701032295261226,0.9991824961676669
60656.75077329064,0.9972147554828836,0.9974620438774527,0.9966594771792293,0.9960345595893683,0.9949619907025955,0.9890638782184624,0.7614313473102816,0.9917929155803082
60656.75095102439,0.9973397018111062,0.9974749177230435,0.9977789638089849,0.9972036282563163,0.9973371883660119,0.995741363959008,0.9041513492045041,0.9744060227232272
60656.751128758144,0.997338317534747,0.9976682754723266,0.9974257220393978,0.9985434069289537,0.9964594088097413,0.9958475278468134,0.2691136367492238,0.9955912764310446
60656.75130649189,0.9971590727015798,0.9970759741701231,0.9964166534517013,0.9963708099797078,0.9960811777384113,0.9941275572303938,1.9087438614286159,0.9936077909638809
60656.751484225635,0.9977497086904575,0.9984500348060397,0.9970665119317117,0.998236808118531,0.9968761598013615,0.9978219381104081,3.0999116080872438,1.0000258526678298
60656.75166195939,0.9976837663938032,0.9983538924321033,0.9992411548296287,0.9995522201472294,0.9987898106001575,1.0004392796650248,-0.09898922863421646,0.9928300150385153
60656.751839693134,0.997833938967679,0.9973059214484484,0.9975262481777166,0.9970476945724686,0.9980415070477234,0.9977488330360758,1.5766847718585044,0.9957518547077419
60656.75201742688,0.9981179463084323,0.9977821974615404,0.9979808597038293,0.9989023548846429,0.9994187655744533,0.9994945672149304,0.8509239757613509,1.004762353330573
60656.752195160625,0.9960116154994942,0.9969923489999933,0.9966923813629892,0.9985991109789945,0.9980349910383386,0.9972142596565539,2.9596871559299496,0.9899775580478926
60656.75237289437,0.9965824923592407,0.9969694776039923,0.9970327463462513,0.9972848442054324,0.9971459922155895,0.9986825717231402,0.08082981535891587,0.9851683671762959
60656.75255062812,0.9971820875431102,0.9981330302006277,0.9978310260847039,0.9982785210654641,0.9978587204811462,0.9972230511369009,1.124659750260856,1.0139047842827282
60656.75272836187,0.9981336815354345,0.9977493111444488,0.9976308324654007,0.9984108486822711,0.9971528163131538,0.9983597673024369,1.2332218534573092,0.9997331297515941
60656.752906095615,0.9967183782924629,0.9964840014632923,0.9962331849887269,0.9965942475377753,0.9970123885345615,0.9986763738760852,0.98785133896297,0.9956124415631185
60656.75308382937,0.9978328952733402,0.9977565874691907,0.9981788027232004,0.9998848571886315,0.9993500476367868,1.0011566306315434,1.613309111532718,1.0012908339470408
60656.75326156312,0.9976869599449955,0.9981540498097087,0.9985302077432965,0.9986770849773794,0.998651917226854,0.9999417929348965,2.032319449249595,1.0061706684635114
60656.753439296874,0.9980002538093489,0.998640943470316,0.9987490198023655,0.9996556918055454,0.9990510280384208,1.000200680833862,1.6100121734958777,1.0013570365480782
60656.75361703062,0.9973414510735149,0.9963650794322615,0.9982460292694598,0.9971828354901104,0.9966510767317743,0.9983599043424172,0.8829102801274122,0.9931776990543855
60656.753794764365,0.996384156821772,0.9962232452926973,0.9957934186182389,0.9965157680866467,0.9960351713865829,0.9976101387495201,-0.40535270558204667,0.9950617662287141
60656.75397249811,0.997270604641344,0.998613710585951,0.9984100479692224,0.9980376978069767,0.9968205708319936,0.9970519338737779,0.8195970311407191,0.9986257154298487
60656.75415023186,0.997343772065543,0.9966513098867648,0.9972168317427744,0.9963987509440483,0.9976523499683382,0.9962167515217987,1.6190402171336458,1.0030224154661305
60656.75432796561,0.9973668966484638,0.9968669241823368,0.9977230364775146,0.9986939115884851,0.9978360791512767,0.9982975009349007,0.8909452801542586,0.9960446184304667
60656.754505699355,0.9966290182575663,0.9964476629043946,0.9969160242752049,0.9954087369379593,0.9952422126584579,0.9959932905683616,1.072049825241804,0.9946951584219011
60656.7546834331,0.9973769647686905,0.9974299768774583,0.9987381114951149,0.9986601373704339,0.9987944081952405,0.9977961142743713,0.6653263517455306,0.9943265800901114
60656.75486116685,0.9973532343825999,0.9969530049514786,0.9979788131749768,0.9972035708570701,0.9986015909671226,0.99873357135596,-0.43189581569100266,0.9957709782258582
60656.7550389006,0.9974161045342711,0.9977748666724773,0.9975106953049053,0.9971235198618031,0.9968082443388627,0.9972347525658488,1.1077270122400051,1.0028295831331246
60656.755216634345,0.9974912879768733,0.9985429073303151,0.9985527342704773,0.9977422929561982,0.9971428779668439,0.9986167134364563,0.9463897580841998,0.9915887600081312
60656.75539436809,0.998054026323044,0.9982924420213084,0.9983906697790843,0.9983146475459331,0.9976002788024494,0.9991008242940728,0.4536028431876874,0.999649578569128
60656.75557210184,0.9963015243177957,0.9966951073434944,0.9960278770781235,0.9964079391763113,0.996706068432722,0.9967222818367542,0.45845435667035633,0.9896321372738839
60656.755749835596,0.9984683201768918,0.9982695818438719,0.9982447748745021,0.9978356685445616,0.9988621314270277,0.9995575375126263,1.0008291490802048,1.0075643756636874
60656.75592756935,0.9981989320776202,0.9981988515089052,0.9989886589672153,0.9990753410876826,0.9998357252948881,0.9998028597914149,-0.41705013191428125,1.0026790649246973
60656.756105303095,0.9984251907362167,0.9980977228449404,0.9981460843879277,0.9985119207865027,0.9981661135158274,0.9956667815240259,1.2039208897111195,1.0024181532665266
60656.75628303684,0.9981399515291747,0.9976789559076142,0.9980544212355282,0.9981084945387141,0.9987703789855875,0.9993434925275667,0.9516241131795861,0.9965763685388378
60656.75646077059,0.9971034158591496,0.9970342438243738,0.997926388752678,0.9980320868462329,0.9970972271584141,0.9986130944829951,1.2901458444483236,1.006748938926198
60656.75663850434,0.9974421381081922,0.9971508660496833,0.9967598973850081,0.996513121081314,0.9974881421199928,0.9938885183534972,1.9069715774372407,0.9927237880103447
60656.756816238085,0.9985400011040805,0.9984180760109094,0.9979822970931332,0.9988129848488053,1.0004751237540552,0.9989798904212609,1.5757422094368971,1.0062476814980141
60656.75699397183,0.9980652549392848,0.996953377335442,0.9986678349699015,0.9982831749048471,0.9987194028118025,0.9984444073094071,1.2389825554026483,1.0027482758083976
60656.757171705576,0.9983477134683362,0.9988138821656077,0.9985350092866107,0.9992526500146605,1.0005025510169079,0.9991609481691914,0.6246315058803822,1.0045618098606268
60656.75734943933,0.9981780549676705,0.9978569568896618,0.9983277106126784,0.99796334180554,0.99753863725357,0.9954537541778842,0.518008540217191,0.9908406356334765
60656.757527173075,0.9990970009732014,0.9987447367242928,0.9995191176430732,0.9996526689753293,0.9996347895168853,0.9973845912407052,0.44961068941210586,1.007316358273721
60656.75770490682,0.9987876116000662,0.9997225366727043,1.0002974157601214,1.0008119538006144,1.0003341971395479,0.9979207060374372,-0.26361000065970946,0.9984246249616029
60656.75788264057,0.9970042346605251,0.9970867164884599,0.9966509741443966,0.9963441795331142,0.9973559407777601,0.9957743369869758,2.176132786125011,0.9977413492943997
60656.75806037432,0.9981922728472854,0.9976069511799099,0.9971503696671972,0.9973665290134284,0.9976402459215463,0.9948270457124881,0.9957618286293074,0.984254733844835
60656.75823810808,0.9980045654948437,0.9975093596207635,0.9973932015180496,0.997680144623455,0.9971471363312597,0.99347428132387,0.5339098617720099,0.9896096411264802
60656.758415841825,0.9985109124219513,0.9988606127341189,0.9988023939949604,0.9989897809452445,0.9986353429355084,0.9964681956424689,0.6091518678026928,0.990792792292019
60656.75859357557,0.9990454966528796,0.9996501727699917,0.9996117913809266,1.0008253529832194,1.0000238047867294,1.0014925232815073,1.5427024428457876,0.9925183412725996
60656.758771309316,0.9996171911243529,0.9992777473703112,1.000654553102813,1.0002964069052918,1.0001320269697356,0.998215565743297,0.023977174149321778,1.0013952121625558
60656.75894904307,0.9989922507443724,0.9996369987373284,0.9994040425211432,1.0000322662728869,0.9994517258192442,0.9975749594263092,0.1556332164283499,0.9960130426104528
60656.759126776815,0.9992532581315878,0.999281922847638,0.999346739493724,0.9989564162686003,1.000261218613002,1.0000545021714073,-0.1869219089289396,0.9974495468327931
60656.75930451056,0.9990939988171327,0.9995979608470575,1.0003455706070734,0.9996944644060118,1.0012588194458811,1.0035147892164271,1.2727323835021838,0.9981452769649287
60656.759482244306,0.998861549362778,0.9987554699954003,0.9984678006336197,0.9980122959846043,0.9991242966720669,0.9991117754516186,0.6705139986224715,0.9987145756155825
60656.75965997805,0.9993910627740644,1.0001788128804165,0.9991972718632911,0.9995397852424464,1.0002706002873485,1.0007339891828164,0.9467485455564839,0.9969400516934118
60656.759837711805,0.9995001632129882,0.9981696989833998,0.998128254130169,0.9972674934757614,0.9990387495566247,0.9954363923126642,2.8480204015449435,0.9985955126795587
60656.76001544555,0.9987158508609576,0.9990369966143778,0.9992285097775958,1.0000213902224344,1.00024201315221,1.0003698278214486,0.9109123597612877,0.9899499424539704
60656.760193179296,0.9991194084767175,0.9987917464903041,0.9990978318353874,1.000129577029611,0.9999179327492943,1.000652834687751,-0.136481274987994,1.0079399620420177
60656.76037091305,0.9982012220657871,0.9978286557084457,0.9982950331135767,0.9977499542062055,0.9974621305427159,0.9963422371010905,2.8975282154555226,0.9972347297022011
60656.7605486468,0.9983327410591083,0.9987381096287347,0.9985330414661843,0.9984365812511988,0.9987498292074204,0.9997056473292898,-0.6372321141056633,0.9959110120783619
60656.760726380555,1.000152127755605,1.0007781719262991,1.0009979363401544,1.0019022555037576,1.0002953948977793,0.9993702801645625,1.5490968854838978,1.0138528227304229
60656.7609041143,0.9980696521156248,0.9988836171243924,0.9984545937549136,0.9981665067319578,0.9986483072935162,0.9962927362349299,1.847002111693699,1.003608062086495
60656.761081848046,0.9998268881956062,1.0007856130915613,1.000154094083176,1.000361689841847,0.9988802637696058,0.9999385398442745,0.36638056803196734,0.9929984027038629
60656.76125958179,1.0000888933853063,0.9996338220741307,0.9986250799381217,0.9993176079593409,0.999426604768811,0.9985839308942918,1.9502290808405665,0.9966150559191012
60656.761437315545,1.0000089133997951,1.0002240242381615,1.0003984189790813,1.0001951557419726,0.9995843225598445,1.0011513626541546,-0.29957758567976456,1.0112178191110182
60656.76161504929,0.9988169684195497,0.9992605719290151,0.9992565933172518,1.0010641094999602,0.9998060446506215,0.997863091071179,0.9241997044086244,0.9898806159310857
60656.761792783036,0.999968191976838,0.9996502076922972,1.000211953119212,1.0008189670588763,1.0006835735840167,0.9992717051684197,0.21430082379761867,0.9969569393403802
60656.76197051678,0.9986100286966488,0.9989777633176271,0.9972076982721106,0.9971723486921285,0.9988647796506932,0.9983169852244044,1.5331318088477897,0.9976725917329401
60656.76214825053,0.9997707464957621,0.9997419509413951,0.9991383247408966,0.9979884294813963,0.9999840336057826,0.9999255716316807,0.6533561779296251,0.999591833352141
60656.76232598428,0.999494957020051,1.0001175083109601,0.9994799339100737,0.999998739358528,0.9987308117137851,0.9996592715790311,1.226279327013384,0.993337405419953
60656.762503718026,1.000078773540816,0.9995789003250376,0.9992460708679058,0.9991351159099581,0.9990671531735336,0.9990509704363587,0.35204893702473583,1.0071996801670893
60656.76268145178,0.9993768507268592,0.9991358783084412,0.9983159327804029,0.9991044420627496,0.9992366266974665,0.9991601410842105,0.6853978904044989,0.9933367589220388
60656.762859185525,0.9995365316631303,0.9994387031911665,1.000335422708843,1.000153880593402,0.9999619773097848,0.9982291036371554,1.424056244948044,1.0030419044955818
60656.763036919285,1.0003590918825351,1.000134163536564,0.9997339649710065,1.000163605781594,0.9990921068330968,0.9964356971451315,1.551772613734909,0.9994896811077287
60656.76321465303,1.0007366605883523,1.0020808853871463,1.002848411614607,1.0031508554003064,1.003018593916546,1.004868264870454,0.42234655412183575,1.0018931692567412
60656.763392386776,1.0015936171360522,1.001987208745119,1.0008386509038718,1.0009847034715424,1.000265827330402,1.001710077929433,1.511392932833313,1.005739985712659
60656.76357012052,0.9986461217956669,0.9992960562485101,0.9997738098767402,0.9993157037504207,0.9997514474211817,0.999048815626259,1.2691612863101103,0.9891934348624112
60656.76374785427,0.9999809448472669,1.001051340533784,1.0007216721796872,1.0018079167442415,1.001503381214513,1.0001311502862946,0.15446620519385285,1.0071660631906834
60656.76392558802,0.9999537773301436,0.9987497277188805,0.9997948145979092,0.9991536101978725,0.9994160897303673,0.9970671055213288,1.6869716265788668,0.989723389568455
60656.764103321766,1.0022269046149919,1.0023196247630326,1.0021641400982337,1.0020078994062906,1.0025077705535423,1.0029645856440306,1.6915794572236125,1.0133885735849082
60656.76428105551,1.000289031137323,1.0002327736327996,1.0010432508777392,0.9999034242216058,1.000188893893321,0.9980213191025015,0.728640431946729,1.002032524207401
60656.76445878926,0.999972574879123,0.9998296850012431,0.9999271786787849,1.0001007732321312,0.9991038017639968,1.0004636061414784,1.416112875872182,0.9924348850972905
60656.764636523,1.0014559906890357,1.0023208180925947,1.0020263983766657,1.002099311689595,1.0019465988715455,1.0028354746987014,1.2670980981383282,1.0051611019047308
60656.764814256756,1.0007902618133881,1.0022508669050265,1.00289388653296,1.0035321822005958,1.0034573092596772,1.0043240344281479,0.859081521882026,1.0109580613904772
60656.7649919905,1.0006268421491171,1.00056004268189,1.0005748222356257,1.001783524425575,1.0002604982576078,1.0018770273410351,0.6511419734062929,0.9979038364911701
60656.765169724255,1.000482003006797,1.0003814740766679,1.0001374344623148,1.0010416343751334,1.0015485726712532,0.9981887860412874,1.81956871512567,1.0033851893556223
60656.76534745801,0.999822715413549,0.9997904079022263,0.9994106522725388,1.0003514301323988,1.000906381583672,1.000302787429417,1.1932951891047685,0.9980963089284124
60656.76552519176,1.0004600220365998,1.0006547840018767,1.0007093262635833,1.0022730988998507,1.0005225837927088,0.999609846833378,0.39880485278748434,0.9990739817426162
60656.765702925506,1.0010131453486744,1.0005012631941674,1.0002321321154422,1.0000047711487055,0.9998609219770765,0.9995362398480994,1.2177167634985937,0.9989132594992944
60656.76588065925,0.9984126518231273,0.9979659803469724,0.9978017632359527,0.998566976918576,0.9975140007654119,0.9969782263632958,1.0666478550448715,0.9911449531665952
60656.766058393,0.9999845742943301,1.000518266014326,0.9999352792797404,1.0003791169316973,0.9984142336843953,0.999000929714332,1.489867439798396,0.9976493181408052
60656.76623612674,1.0011637507487317,1.0016398818074363,1.0015551400733262,1.002137972885355,1.0005776991367465,1.0010496057285307,1.0809107529710948,1.0009401425220408
60656.766413860496,1.0006641077159373,1.0003569768935383,1.00081953946614,1.0011056272304344,1.001563027605104,1.0020711118451495,1.291348748825384,0.9988465567379868
60656.76659159424,1.0007846703744523,1.0016952229860858,1.00137270305299,1.0016620743347795,1.0008046133104471,0.9983778601782639,2.0267963028374876,0.9970452766539752
60656.76676932799,1.0021823333412847,1.0022873100498964,1.002151757188072,1.0022789320060057,1.0031845053331039,1.0038264058832074,1.0973766642085956,1.017008793853012
60656.76694706173,0.9997046754256446,0.9999817392530616,0.9996763500737987,0.9996055301765319,0.9998563421777008,0.9981990274789013,0.17159168281949522,0.9856218354636903
60656.76712479548,1.000668533440387,1.000539610599888,1.0002079219744109,1.000335027301845,1.0012909114084623,1.0022931113079094,0.3501241205279784,0.9911536237343935
60656.76730252923,1.001200997436963,1.0019127098772054,1.0026055877773044,1.0023763408874047,1.0025890175958798,1.0034543421982207,0.09636456899506124,1.0002831031395116
60656.767480262984,0.9998328120818857,1.0006346873911423,1.001338976766855,1.0012910446493597,0.9996428101903813,0.9990910438237987,1.4644761120525953,1.0003241770130402
60656.76765799673,1.0003347817856332,1.0015617662190854,1.0022677022741255,1.0028770180579991,1.0028692089653706,1.0047146940763156,1.6855149765603463,1.0040985951034553
60656.76783573048,1.000521376222244,1.0004110816778138,0.9996102870290845,1.0007617926880463,1.00038586919963,0.999887788917913,0.6679446217134046,1.0017293249634291
60656.76801346423,1.000062839090983,1.0014140578943962,1.001543444352491,1.0011825161764911,0.9999737400868182,0.9992587725709967,0.9363806932620701,0.9952266467406298
60656.76819119798,1.0005024422255777,1.0007020423857527,0.9999510485183926,0.9994148512830175,0.9989460240978237,1.000540290955677,0.9630807566373528,0.9978362521266718
60656.76836893173,0.9996701840904675,0.9995179514926421,1.0000407530714364,0.9997299281391452,0.9982478558720133,0.9962615103802105,-0.33601310963889025,0.9975724233244899
60656.76854666547,1.000815379852496,1.000189153863656,1.0014629435258888,1.0008747823660673,1.0001736731879478,1.0012021425755098,0.8209356579867974,0.9928891609871173
60656.76872439922,0.9995675032926341,1.0002543889114663,0.9992115660599332,0.9992878360475858,0.9999636223004615,1.001128444730025,1.2767678347305451,1.0075013681150748
60656.76890213297,1.0001744252107623,1.0002878757836475,1.0007563524075551,1.0006475511457495,1.0012688399119647,1.0048746891875524,0.2593797712613729,1.0036255330041974
60656.76907986672,0.9996661050874164,1.000370891532403,1.0007608873082376,1.0015448897900097,1.0005717957816538,0.9979274056339708,0.13625967389742472,0.9883110136698894
60656.76925760046,1.000882833357159,1.0012587902476286,1.0015719283500806,1.0013139485716387,1.001379252820666,1.0017305398138545,0.6121644933294628,1.0035027177846294
60656.76943533421,1.0003039720822362,1.000948972399387,1.0009358965364659,1.0013254406679835,1.001202951677102,1.0016319700769467,0.6432648623425488,1.0137656271249897
60656.769613067954,1.001420711364633,1.0015229279106959,1.002538366610003,1.0021468221817105,1.0019378695210879,1.002920209072034,1.512172403074761,1.0162429347951627
60656.769790801714,1.0009308426828059,1.001563271497118,1.0010399904607759,1.0022851570206373,1.0024935953459626,1.0018315758552054,1.1148585355016203,1.00595593356985
60656.76996853546,1.000453387824232,0.9999060805303348,1.0000978490638606,0.9999687517200436,0.9992525167809478,0.9974992307087516,0.9992061307818965,1.002589958360946
60656.77014626921,0.9995437759762328,0.9993339062375566,0.9984876026636923,0.9988935460186047,0.9988922836575328,0.9975843343818798,0.6688598329984959,0.9850469827212534
60656.77032400296,1.001891702532076,1.0023129337940349,1.0021902941288172,1.0031813929058613,1.0041516356518414,1.0005253199894644,0.8620424193977235,1.0123817926409662
60656.770501736704,1.0004938299054693,0.9998137247838044,0.9992238831053035,0.9996210130698125,0.9985041565046973,0.9988726145973754,1.0849500630779696,1.0057512219312648
60656.77067947046,1.0006624040384138,1.0009041717858582,1.0018763182036703,1.001969925083256,1.0033523423934698,0.999457125659437,0.45958602039192326,0.9998513550938719
60656.7708572042,0.9993177820783327,0.9998804622145342,1.0006715348025055,1.000728076533243,1.0010037797131954,0.9984414363029325,0.5366400972624816,0.9878589591339174
60656.77103493795,0.9994857534777964,0.9997166775059804,1.0006744453676502,0.9995549538416548,0.9998560326065457,1.0002962409965712,0.8094480088348853,1.0011529653758668
60656.771212671694,1.0002109041697167,0.999934484126188,0.999318727746691,1.0000692494629253,1.0003521383636464,0.9995097697028201,0.7273444106486189,0.9983792914896051
60656.77139040544,1.0000793738185452,0.999901667472763,0.9996029070987248,0.9997129223213962,0.9986871649614975,0.9984696145693331,0.7595381448266652,0.9972972896689349
60656.77156813919,1.000726564687438,0.9997856333173666,1.0,0.9991122024703234,1.000719621198621,0.9997656028166191,1.6350402187099466,0.9965703362499099
60656.77174587294,1.0015225151522529,1.0020652843447162,1.0019815739829057,1.002231261710848,1.0020382447241145,1.0025169213084735,1.5750274346171709,1.0070302688453803
60656.771923606684,0.9999765556521188,1.0007120600210124,1.00100514677845,1.0016496166326094,1.0004504481524157,1.0016427882773393,0.7487357182648047,0.995461331681397
60656.77210134043,0.9998100322250657,1.000407184131375,1.000068366226705,0.9993563736246799,0.9996428886027157,0.9982296432623532,2.495540718947508,1.0099549265749717
60656.77227907418,0.9999012403663643,1.000240166666801,1.000236505976709,0.9995215543418177,1.0006047398990852,1.0017037037826693,1.0284114723543794,1.0002143591386181
60656.772456807936,1.0003309951704813,0.9999620921086853,0.9997575324912202,1.000152728624472,0.9999763710708925,0.998288389886823,0.9491081151014613,1.0036898584651388
60656.77263454169,1.0000214205416011,0.9999846761646793,1.0004572791599509,0.9991756971031199,0.9982732926108758,0.9960592230148734,0.9112767962416486,1.0020670860973715
60656.772812275434,1.0000381481991318,1.0006340481139104,0.999873821281712,1.0001128164497715,0.9997236646149306,0.9961741100360367,0.7250154822707552,0.9973532304154858
60656.77299000918,1.0010232645792267,1.0011390943165923,1.001586981638447,1.0025768611693844,1.0027137986843602,1.005071751087651,0.8831701112806556,0.9999534234790772
60656.77316774293,1.0011983889685383,1.001024332382598,1.0015281188229856,1.0013845708922997,1.0024250171787459,1.0021177756769288,1.889973192045096,1.0087985340670835
60656.77334547668,1.001226947515337,1.0010907654645298,1.0007517115743325,1.0019852863904732,1.0024404245536713,0.9994013348173405,0.28065820319829604,0.9971769739196195
60656.773523210424,0.9993461736340371,0.9996776942609754,0.9994959378469335,1.0011004289097714,1.0001817867327905,1.0008185468643045,-0.5055751384516878,1.0047641046402616
60656.77370094417,1.0005939426012913,1.0004641729914487,1.000851878859311,1.0009199358739762,1.0002758387132595,0.9984431730499781,1.1378615587563046,1.0008730055730335
60656.773878677915,1.0003417613380394,0.9997037537196831,1.0003894057116622,0.9996061569940053,1.0014606943181783,0.9990942127666598,0.9530627527765486,1.0031903510987383
60656.77405641167,1.0011445047181553,1.0006529050732684,1.0021176156244256,1.001811091630815,1.0025968514144512,1.0031527274431913,1.0850546475086331,0.9982389460352565
60656.774234145414,1.0006032753774627,1.0013216905674123,1.0022917581817696,1.001478779286176,1.0010562787175428,0.9959744616533607,1.3406828946282296,1.0030950651596728
60656.77441187916,1.0000756590341215,1.000271420139925,0.9998438733293525,1.000655671589725,1.0002541574247148,0.998699565903242,1.8665115287733907,1.0042511752666898
60656.77458961291,0.9998096603322153,0.9999321750922928,1.0003586520133514,1.0000495069996325,0.9994000228020464,1.0008643065228553,0.813652654007987,1.0007449051019872
60656.77476734666,0.9999209086326944,1.0003607021807288,1.000179158929654,0.999583817325497,1.0004424183956944,1.0017100027085315,0.05797505476750413,1.0053351454493018
60656.77494508042,1.000221954283529,0.9999643595253251,1.0008292247739836,1.001116201897956,1.0019381881754683,1.001523737902685,1.1381697466260345,1.0123158985220115
60656.775122814164,1.0006074329645582,0.9995709738663886,0.9998469606316884,0.9988665285328793,0.9977152564953988,0.9989787479216438,-0.2247098165663894,0.994330790437935
60656.77530054791,1.001201007720422,1.0010865351609926,1.000718408249935,1.0008184565892322,1.0015708048852308,1.000610027236216,1.748508911476445,1.0010144620370844
60656.775478281656,1.0004589066650171,0.999710647889454,0.9998728362737522,1.0002505010836147,0.9997188594032647,1.000700859485004,1.4641220193169864,0.9852476626287981
60656.7756560154,1.000666201397478,1.0005524882453152,1.0002250294758555,1.0009431671490243,1.001043234093481,0.9984496099384935,1.6837584577826337,0.9986596683422445
60656.775833749154,0.9999666163053552,1.0008468318932828,1.0005776208306243,1.002029572417232,1.0012661314424154,1.0017854156643842,1.0571569874556173,0.9969810881713914
60656.7760114829,1.0003171933872421,0.999698774305549,0.9991298073255843,1.0000686712651217,0.9995361829476254,0.9971201257845537,2.4992206286194465,1.0018550512122748
60656.776189216645,0.999880918716681,0.999851817962378,1.0009936461271727,1.00081795467783,1.0005663868135495,0.9995953672827079,1.9366655129327028,0.9983799642767153
60656.77636695039,1.0000491106733163,1.0010020092487006,1.0007372028780188,1.0021158995552506,1.0017746888187127,1.0018879622826062,0.1394605706705634,1.0054361000794143
60656.77654468414,1.0013178735521953,1.0017617687964961,1.000373537236724,1.0008621682546406,1.0000691252623457,0.9997959668487924,1.6592217717889628,1.0018853991354972
60656.77672241789,1.000520054874514,1.0002574045339803,1.0010657393131155,1.0015151591201295,1.0005723096326968,1.0002277896071323,1.8494929063264178,1.0055205215091372
60656.776900151635,0.9996585074530833,1.0007333287907916,1.0015548811149202,1.0015006748114181,1.0002906619811738,0.9985450781914569,0.805008081198386,1.0015641818923295
60656.77707788539,0.9994430082087287,0.9999080267703299,0.9986812020098259,1.0000239717129467,1.0006563522693996,0.9983143312483101,1.3375122617251176,0.9946906079992032
60656.777255619134,1.0007703643947565,1.0007821508978028,1.0021803689633573,1.0015131062486378,1.0018282186764693,1.0013168688209344,0.8458699408115693,0.9997724148782882
60656.77743335289,1.0011039923410348,1.0001550407422535,0.9999548468311547,1.000119072082253,0.9992005319983874,1.000241843667232,0.39133739813065316,1.0069169597907086
60656.77761108664,1.0007193131605658,1.001069308150489,1.0019809802118085,1.001589266194759,1.0019778175468737,1.0017908246261795,0.9539547968595896,1.0035199974817097
60656.777788820385,0.9993868660484312,0.9995299774318906,0.9991753924576885,0.9981161416971328,0.9987879190647883,0.9979767041810493,0.9363456452649812,0.9960526066022876
60656.77796655413,0.9989647659748668,0.9984761632046357,0.9991119204241049,0.9989429713436653,0.9979612895611911,0.9976059547512249,0.4227568606406521,0.9919207753305059
60656.77814428788,1.0008787009415152,1.0004807790001242,0.999875089508276,0.9998680682780591,0.999558444635743,0.9987453679355424,1.3881821042268185,0.9953327733540556
60656.77832202162,1.0008468219118745,1.0014959440060847,1.0008342208379826,1.0001326077540678,1.0011339642086212,1.0001273362797996,0.42626988542602234,1.010899806029981
60656.778499755375,0.9998988856077545,1.0001400382645222,0.9998891834759513,0.9988746521493067,0.9989361105913549,0.9999853770693432,0.7949412562554496,0.9969859861979897
60656.77867748912,1.0000993553466615,1.0007180784189744,1.000864984635562,1.000391551172479,1.0014956660339893,1.003849341914791,0.17664873150231572,1.0063313045598008
60656.77885522287,0.9990082158910978,0.9985028845586486,0.9988322557742175,0.9986471134224885,0.9991428225592932,0.9997587605748679,1.258168349098556,0.9862741746125424
60656.77903295661,1.0008031299506475,1.0005090296977999,1.0006659208169857,1.0003311318997998,1.001127138071966,1.001989878392358,0.7875303404377776,1.0026003313621592
60656.77921069036,1.0007269233806249,1.0006728174824118,1.0000043977921411,1.0003053777139328,0.9994279742967713,0.9996471346946466,1.5206702874206273,1.0002768270931666
60656.77938842412,1.0011439254677974,1.0020070900317932,1.0025910773245963,1.0029416472481287,1.0039116014076954,1.004195388233117,1.472659678902212,1.0098924223895853
60656.779566157864,0.9998613116906511,0.999902654525494,0.9991023436833928,0.9996277257567014,0.9987503026473785,1.0011778594646783,0.8983701664123733,0.9974974952062433
60656.77974389162,1.0000328910493534,1.0007001211161108,1.0003600573484566,0.9997157269164327,0.9998744029667067,0.998895354953121,0.6119936323120554,0.9898267366401795
60656.77992162536,1.0007833069719803,1.000579397057922,1.0012263610362468,1.0009610446532669,1.0019763360542564,0.9969120823017732,1.103927266047779,1.0034047503475878
60656.780099359115,0.9995782507350879,1.0003529573904468,0.9987217990914808,0.9994932517917383,0.999507580797359,1.0010148535105676,1.0747030062189014,1.0089231415692168
60656.78027709286,1.0013600856162437,1.000546742349904,1.0017488186767596,1.0011621987616248,1.0014061345338723,0.999286727596709,1.7097827716270317,0.9970811587025032
60656.78045482661,1.001227538737483,1.0008411916695112,1.000630656917289,1.0000070161379822,1.0013229459057391,1.001636772012295,1.8725578527399203,0.9986657243829616
60656.78063256035,1.0007532131201122,1.000532950572415,1.0009633894884897,1.0010086482531568,1.0018046338033788,1.0026605462893694,0.6401228691906188,1.0058317815945896
60656.7808102941,0.9997653837486742,1.0008696471964613,0.9997936743685903,0.9996985173239824,1.0012979894655967,1.0038582746794134,0.7960312408385112,1.0003291748720278
60656.78098802785,1.0009014688265472,1.0011763404935465,1.0012364593163343,1.0016766893042426,1.0036084103843577,1.0047539300920392,1.043455122171232,1.0067478022928493
60656.7811657616,0.9994642475420076,0.9994921457182475,0.9999351880570039,1.0002271963257268,1.000758446611883,0.9978796012401874,1.8957755940253946,1.0009355279778311
60656.78134349534,1.0003931965903534,1.001068318745478,1.0012307902239388,1.0005448329078712,1.0000974119095545,1.0015946977165813,1.3620129663467526,1.0066062331013925
60656.78152122909,1.0003569148589322,1.0007427019014268,1.0008528723199193,1.0008383168021349,1.0004638902139367,0.9998722708528524,0.2866193416089998,0.9947338278947295
60656.78169896283,1.0001805005862052,1.0008636459882352,1.0016127805480284,1.0019873162432442,1.0023569013291702,1.0044935007066633,0.4573646994650749,1.01262863134319
60656.781876696594,0.9998401583086706,0.9994853327925972,0.9999651938606055,1.0005045300789193,0.9998073765480762,0.9998866487249777,2.2252673359643094,1.0088816916187582
60656.78205443034,1.000413772717274,1.0005356690839144,1.0014836805066796,1.0016493606968968,1.0011451413956673,1.0010463118788369,2.200940364461599,1.0033628655022837
60656.78223216409,0.9997243509057444,0.9997791752240542,1.0000126195843135,0.9976678071793452,0.9999907531535674,0.9954913908786786,0.2681016307671709,0.9961357244289907
60656.78240989784,1.000151970127063,0.9997301399643178,1.0004609166528466,1.0007122215777542,1.0007861026237208,1.0002013801967913,0.08950928292494265,0.9996208729719023
60656.782587631584,1.0007039307943408,1.0011647066612215,1.0009212327285677,1.0003210409205259,1.0013121974840113,1.0007459410713009,-0.195845539951333,0.9969398918783954
60656.78276536534,0.9993833395894418,1.0003738398435298,1.0001326347851698,0.9995634384535975,1.0001128559881263,0.9991980407928917,0.5497721057968518,1.0077522113440134
60656.78294309908,1.0004817605013478,0.9997355364557288,0.9995864042360679,1.000012026988871,1.0000400457793104,0.9990522724430393,0.863024687403843,0.9972282118118931
60656.78312083283,0.9992331644063301,0.9991393191507384,0.9996796255298894,0.9991480125909378,0.9983816187875456,0.9999939022201811,1.7182740039350275,0.9865769343860172
60656.783298566574,1.00104049182868,1.0012554194308871,1.0019815976942308,1.001673970660519,1.0020237009971,0.9993639235485824,0.10731615676771818,0.9951103975389007
60656.78347630032,1.000139455618003,1.001252773116279,1.0001806150904236,1.000118288781745,1.0002689443597268,1.0002439895966058,2.398674716319371,0.9947408382082975
60656.78365403407,1.000983125629801,1.0011228210650152,1.0005854911243584,1.0010397081803837,1.0005878526998893,1.0013186332481645,1.2252162895687269,0.99456547987116
60656.78383176782,0.9994332180488618,1.000507895356174,1.0010463222627506,1.0004403102826405,1.0002982056926444,1.0024822894993128,0.1516343177417685,0.9969954070477902
60656.78400950156,1.0007392216300781,1.0011924311720337,1.000904197019746,0.9998562805534636,1.0009881163396077,1.0010755116824483,1.2350486191480343,1.0046856569311315
60656.78418723532,1.0005830261724453,1.0002769056560734,1.000660963503439,1.0006873879931617,1.0010713748529656,1.000715098679405,0.8695880918038708,1.000552941893124
60656.78436496906,0.9998198392682233,1.0001954516400626,1.0005262760420361,0.9997641280559749,0.9993835723391629,0.9985289733872177,1.0773709424143822,1.0065839776332408
60656.78454270282,1.0000656762512554,1.0002190934981219,1.0006383220421964,1.003229887964735,1.0025354760596907,1.0012199288702257,1.0165553212008807,1.0081218420547748
60656.78472043657,0.9998303650791145,0.999825210965345,0.9993988497409664,1.0006583663293924,0.9997255307543427,0.9986587014853282,0.8902474384277925,1.0023857793281572
60656.784898170314,1.0001822559879923,1.0002251028488545,1.0010876093878727,1.0017548793982465,1.0018378422612093,1.0026644717316737,-0.04356330675546671,0.9994747432289196
60656.78507590406,1.0012819211984285,1.0010184361222336,1.0001787072069577,1.000840232815527,0.999853949952697,0.9980344533500689,2.2979166887579483,1.01014957706377
60656.785253637805,1.0009319468500224,1.001386275300371,1.0013403566342411,1.000500869585871,1.0009730433756783,1.0003266484405007,1.7188604373776701,1.0050149610553947
60656.78543137156,0.9985213261891855,0.9990256830539748,0.9982143339241768,0.9990936290186675,0.9985132475158276,0.9981286621661686,1.2615430521282083,0.9973669356138686
60656.7856091053,1.0007861958565163,1.0006482321792676,1.0018643226882582,1.0013237890009905,1.0016760338673742,1.000246102332825,1.2535914869987044,1.011815561465263
60656.78578683905,0.9996279843051762,0.9996069590405048,1.0003923594182458,0.9994001890218879,1.0002450000504268,0.9988935920252341,1.6653478087621867,0.9959672887193058
60656.785964572795,1.0006696228730956,1.001411482691011,1.0012694624070564,1.0022657824879873,1.0021235084058464,1.0035588182637067,0.7148610083122441,1.011250500366759
60656.78614230654,1.0008146138115481,1.00077984077824,1.0017528947193932,1.0025452573511011,1.0019503923231126,1.003649789974491,0.870794100465271,1.005034397672842
60656.786320040286,0.9994087960617873,0.99968296155795,0.9993003873661205,0.9992419415139352,1.0004096108973897,0.9977700441769592,1.6640497187151262,0.9973853197067551
60656.78649777404,1.0010896948029842,1.0016080015422573,1.0018512904610246,1.0017856179487181,1.0026971487612593,1.003258239278116,-0.11512322756116215,1.0041727708182617
60656.78667550779,1.0006042968165545,1.001160373943047,1.000419901549314,1.00138677685304,1.002505251719497,1.0023150234263996,1.2880021956411578,1.008649907100077
60656.786853241545,1.0010047305630678,1.0011340365534511,1.001903049868477,1.0025033183485257,1.0011747284270995,1.0025454934408333,0.6110610467863402,1.0084090052636554
60656.78703097529,0.9986719323566655,0.9998395361674811,0.999031128584898,0.9972715083243092,0.9983023287168751,0.997494795466648,-0.032239362746366046,1.0021007288222146
60656.787208709036,1.0016302072177572,1.001094961931429,1.0014201813587564,1.002227048768501,1.0033942561034048,1.0018097424407066,0.9158131819100165,1.010794024087879
60656.78738644279,1.0022545859980925,1.0011517340198854,1.002280771385642,1.002594370595428,1.001180329440543,1.002205614682827,1.3833216145562237,1.0071808192913503
60656.787564176535,0.9993729319615858,0.9998964137466327,0.9997157436959345,1.0003646673724012,0.9999827411925531,0.9990766880266205,0.6353090111181375,0.9997665679864265
60656.78774191028,1.0000685422666067,1.001221107451382,1.0010767104114677,0.9998737536069775,1.0002369274727851,1.0004611183618255,0.9760572711744369,1.0029584827208502
60656.787919644026,0.9990830417149044,0.998984154280497,1.000708818555814,1.0013619324968668,1.0007789504178068,1.001054965004395,0.9944518043851592,1.0016116849301304
60656.78809737777,1.000037794417448,0.9997207918240362,0.9984562981161733,0.998403494200985,0.998623521580939,0.9968431654700309,0.3499621265725706,0.990448123089514
60656.788275111525,0.9999901562172291,1.0010665950673272,1.0012948888512407,0.9999764030838055,0.9985269731964305,1.0011045925766002,0.6562628352161082,0.985470481283793
60656.78845284527,1.0002480741157171,1.0009566656204616,1.0009591021296493,1.000629881105106,1.0010937900290573,1.0005764561547943,0.5632293165582005,1.0102556525130961
60656.788630579016,1.0014880651043963,1.0019219110904811,1.0027575349975952,1.001381393128386,1.0013291845986878,0.9997178628253983,-0.2397441047718301,1.0089237449312194
60656.78880831276,1.0001416906587326,1.0004535111934538,0.9998954655500082,1.00012560298027,1.0001529930933004,0.9979419734844295,1.411352547549478,0.9934320278895984
60656.788986046515,0.9999230830470619,0.9996850274023181,0.9995420378221592,1.0000216903511399,0.9997979270275962,0.9987929309811833,1.4896885638299486,1.0095672290303372
60656.78916378027,1.0007845772093842,0.9999982140769105,1.0004218003214838,0.9999268510820027,1.0008454225743089,1.0005082082608452,2.8135635651411013,1.0028282224592557
60656.78934151402,1.0009636185221558,1.0004330546839324,1.0010910957210715,1.0003797145331021,1.0011571086379607,1.0013281454974505,-0.04945009558268094,1.0158643871385855
60656.789519247766,1.0011094493275818,1.0011280771434252,1.0005638670545982,1.0020597804304565,1.0013940258527818,1.0044304818302434,0.2519836826387594,0.9952190401365201
60656.78969698151,1.00004519559167,0.9996301279094094,1.000087575912751,1.00078620094275,0.9997530121458045,1.0021459877592882,0.1950786284787658,1.0015864482588508
60656.78987471526,1.0018731866270834,1.0007699677177067,1.0012327035961373,1.00095499700083,1.00183206570053,1.002287743405054,-0.6522562466344385,0.9973301744995562
60656.79005244901,0.9989672934034958,0.9994812640725774,1.000104414576071,0.9995662422370766,0.998953868111852,0.9974288116964609,1.0862529790450004,0.9949822822177865
60656.790230182756,1.0007500481170297,1.001297443449704,1.0013562648476035,1.0008769869988048,1.0018779688001826,1.005426887209513,-0.12615138922875033,0.9970889665936679
60656.7904079165,1.0004346171350333,1.001026476756918,1.0018608353670875,1.0021985487148466,1.0009801624000134,1.0029844482985901,0.43460274002607385,1.0004805106661265
60656.79058565025,1.0005928108068716,1.0006557173140647,0.9996070897325464,0.9998355699021176,0.9998127773598147,0.9994415393396546,1.3055519780879978,1.00572637373277
60656.79076338399,1.000425978415597,0.9995336712347226,0.998738343558731,0.9980621621329233,0.9985666490961953,0.9980875335178264,1.284167914575881,0.9909239162701677
60656.790941117746,1.0018268114504991,1.002813165784992,1.0028405491148737,1.0035584264933928,1.0048960528813615,1.0035199274660178,-0.31063583243660603,1.0135662533994678
60656.79111885149,1.0000775258656278,1.0011578866787318,1.0016620593776508,1.0022604762301819,1.001905831131,1.0021488645147347,1.8992384917002547,1.000678575672219
60656.791296585245,1.001228188744178,1.000285507942761,1.0006729577015552,1.0015619406123093,1.000959854346868,0.9995542564188844,1.8080532272533143,1.0048921596043772
60656.79147431899,0.9987754404357467,0.9981908396444105,0.9975120580474454,0.996520802398924,0.997869938635393,0.9955699325488571,1.397055003302449,0.9926885791648951
60656.79165205274,1.0011692703569395,1.0012857842851366,1.0012523437085972,1.0005018914104948,1.0019463030179143,1.001100067120162,0.9020976782066248,0.9978619267293655
60656.791829786496,1.0001519137982655,1.0006170896251765,0.9999270219205807,1.0000345567093816,1.002166757349931,1.0015324540698631,0.7247380934524581,0.9996969280314364
60656.79200752024,1.0000058638170282,1.0003520251639262,1.0006133428199475,1.000116721664284,1.0014600156714724,0.9984250606826878,1.232903851219663,1.000489657351228
60656.79218525399,1.0009336397836337,1.0008338158252454,1.0009426921363487,1.000219399766957,1.0007641853566847,1.0008018133392735,0.016413061783394512,1.0040289164218175
60656.79236298773,1.0006984633708502,1.000566225015649,1.000328378030273,1.000111726159209,0.9995383614387718,1.003014838396271,-0.18933386588420603,0.9966885427488243
60656.79254072148,0.9996958971888328,0.9997479403882229,1.0004382769479987,1.0000168173912418,1.000061872770207,1.0011923857717933,1.875790405319108,1.0212709531892188
60656.79271845523,1.001054470426019,1.002093558384244,1.0023788474634847,1.0028182621092294,1.00263112390727,0.9994133871156943,1.1440627254473024,0.9947774192915346
60656.79289618898,1.0004665927064,1.000898763533049,0.9996048470363893,0.9984838856077186,1.0008173911842744,1.0010302118148295,1.305969946639964,1.005960626357695
60656.79307392272,0.9996236921122079,0.9995049289105995,1.000066040321361,1.001148873725861,0.9998454638102366,0.9991897648790486,1.6092748537240655,0.9960002437237774
60656.79325165647,0.9992568292545555,0.9992204407715399,0.9998281377915189,0.9994429527881797,0.9998939281941107,1.000277902482173,0.967949946198315,1.000195683493558
60656.793429390214,1.0001170318451338,1.0000495283337403,0.9994981877882176,0.999352595972245,0.999600755041649,0.9992367638486623,-0.48729155380279954,0.9979171030925894
60656.79360712396,1.0008755868952741,1.0018559736157777,1.0026705502213495,1.001322237450677,1.0023743246240429,1.0020828217857543,1.9954314706238454,0.9942598646417711
60656.79378485772,1.0002002287114753,0.9999401534820386,0.999797175301818,1.0001805126631105,0.9992579793215455,0.9998645101825778,1.0326358832511786,0.9938903130481781
60656.793962591466,1.0004601638562423,1.001192435876593,1.001170934057644,1.0007963684297594,0.9999549044430649,0.9976644907986908,1.509512655967437,1.0032214126155605
60656.79414032522,1.0010879596611462,1.00136836974766,1.0010941991602815,1.0004822593190175,1.0011512423572577,1.002141760487638,0.6920837015886617,0.9940933490833034
60656.794318058965,1.0000168370351246,0.9994226018369485,0.9991350193163255,0.9992779563683641,0.99795684619557,0.9986512704629849,1.5501762012662554,0.99327358565166
60656.79449579271,1.0004611495334546,0.999630907056808,0.9990824069598212,1.0001665280524625,0.9995906509728166,0.9970656243085201,1.4000897094156592,0.9958890514901297
60656.79467352646,0.9991652113097446,0.9987322631281319,0.9989013790069282,0.9980870942110804,0.9986933016998741,0.9983264591366345,0.7627349168719584,0.996075605447368
60656.79485126021,1.0002377576576318,0.9996502389957109,0.9989572152254367,0.9994443289683033,0.9999806694756495,1.001062051639109,2.4320567459312725,1.0004679857361662
60656.795028993954,1.000065888213297,1.0005235286067413,1.0002846696056333,1.000327018926577,0.999798587507851,0.9983045257505359,0.9412617821926963,0.99757405957735
60656.7952067277,1.0005275472185065,1.001069814433448,1.0011356483127913,1.0023652218861592,1.0023824081386297,1.0026414289699122,3.1398195747570714,1.015786433391798
60656.795384461446,1.000642467941698,1.0009223777065865,1.0017005709604512,1.0016814971182095,1.0008630147430277,1.0008564209457482,0.8156739355020975,1.0121602282967488
60656.7955621952,1.0009602243667721,1.0006121957978327,1.0009303295344976,0.9998506693713859,0.9986787666853412,1.0010602329125833,1.3284193694249653,0.9925065411257851
60656.795739928944,1.0005320110071025,1.0013052461422542,1.0006285919462945,0.9998749440142201,1.0003891879136355,1.0020158599823799,1.1209248062944492,1.0010075052586351
60656.79591766269,1.001438707417754,1.0023790335760343,1.0012662304217281,1.001945792536756,1.0025136503663974,1.003297121725616,2.300129834527609,1.0154042463038735
60656.79609539644,0.9997528753789926,0.9997599809839831,1.0006810109896354,1.0012282264128198,0.9999399556783413,1.0011616475727252,-0.049080836665092234,1.0008966692602297
60656.79627313019,0.9995612058251752,0.9998390763872814,1.0001951695627675,1.0013766006602325,1.0014241395259216,0.998104229051804,1.4198492082918686,0.9988060272837542
60656.79645086395,1.0013076112741248,1.0013027257650793,1.0008827327818803,1.0005310096496025,1.000219906064298,1.000216723622954,1.5391364443885007,0.9989906563061401
60656.796628597695,0.9998017149020922,0.9996628010737756,0.9991113124920774,0.9995326440532167,0.998563719107167,1.0018398737055947,1.294261354635785,0.9823486376970876
60656.79680633144,0.9995016084226784,0.9988311527837572,0.9992874138683264,1.0004620757373546,0.9995396555203488,1.0011490242090972,0.13710708663736934,0.9975366837866976
60656.796984065186,0.9999245491306388,0.9992460067943546,0.9987796588959392,0.9986988741885939,0.9985473077577648,0.9969393470528833,1.336290281207343,1.0173606118865248
60656.79716179893,1.0007595747440763,1.000829845539082,1.0006983716314293,0.999774375665839,1.001032916105419,1.0010714875602857,0.20014585605653412,1.0032593125678533
60656.79733953268,0.9998183332786861,0.9996215934769428,0.9986187430865131,0.9986207305009211,0.9993139017750498,1.0005476621426883,0.6337313288377925,0.9869853953621491
60656.79751726643,1.000112925675333,0.9998456074012629,0.9995187514348315,0.9990414433653411,1.0000755343121157,1.0006786006722024,0.7734216002966956,0.9953223984393884
60656.797695000176,0.9992072786379455,0.9998159167465509,0.9991816424775468,0.9981537427775123,0.9985459263659996,0.9967538121504367,1.0811605700791946,0.9830128456275218
60656.79787273392,1.0008210247040243,1.0006767608078313,1.0005320229646606,1.000772904532831,1.0003144060887685,1.000731211776166,1.8396788286388042,1.0111258713590652
60656.79805046767,1.000298727825153,1.0008442105490276,0.9995981611013849,1.0002675937380123,0.9988176147241828,0.9960966973713854,1.2769188185765,1.0015657471394028
60656.79822820141,0.9998939243760183,1.0011946736183204,1.0007173523275497,1.000723420775633,1.0007746386662693,1.0034689738515048,0.008172774992016907,0.9971939391030767
60656.798405935166,1.000171223678378,1.0007660377821868,1.0010747611429576,1.0015275201731835,1.0018129403204203,1.0006967026363565,0.22539610487559714,1.0037096727401953
60656.79858366892,1.0003128476281966,1.001459608523245,1.0005265658471196,1.0001744469350755,0.9998795555654053,0.9985790685930742,1.5226403726023297,0.9973145017711684
60656.798761402664,1.0002926713282985,1.0007830992283917,1.0011921102468206,1.0012203697987976,1.000937929108838,0.9993068700056672,0.48201904410415647,1.000161055131855
60656.79893913642,1.0006898536599775,1.0007981326476476,1.0015180063819682,1.001224043571877,1.0014752423087476,1.0024692510943845,1.9467688277280573,1.0074100475185108
60656.79911687016,1.0004842636794318,0.9998348240085044,1.000732603868939,1.0002281915165105,0.9991716269503561,0.9967042767763126,0.39636237075651565,1.0017617385435764
60656.799294603916,0.9993618623552473,0.9996129352783776,1.000560615419607,1.0003471871624259,1.0012179625414281,1.000992366728379,0.8430547844536898,1.0072751883115174
60656.79947233766,1.0001917127796085,1.0003419416648367,0.9997014092119949,1.000752471507915,1.000003360855945,0.9999253104691395,0.858814518601389,1.0025336076776465
60656.79965007141,1.0000359912819932,1.001115296303353,1.0000246507764876,1.0011118032565063,1.001449070570107,1.0023812513127477,0.5642331241647833,1.0016817592392078
60656.79982780515,1.0001596922372942,1.0003438207743895,1.0009043635478945,1.0023294257095774,1.0013033965799816,0.9966931322034772,3.6801462105110803,1.008967532789847
60656.8000055389,1.000177778539279,0.9987859635012519,0.9992715571392762,0.9980385053804305,0.9994903541821243,1.0013398650569194,1.3262013454941994,0.9866480061454537
60656.800183272644,1.0014275420371115,1.0012902210464496,1.001895784981953,1.00300761418007,1.0020381683508714,1.001893140691531,1.1166542235215249,1.0104735011789787
60656.8003610064,0.9999433383914575,1.0002105123819514,0.9991271186150129,0.999294577138986,0.999501040874993,0.9998688950698122,-0.3206841280293756,1.0028339621976863
60656.80053874014,1.0018080613282179,1.002007895416157,1.0024408517001857,1.0027111967269111,1.00268385425581,1.0038527745575434,0.28783576366999875,1.0077965152113029
60656.80071647389,1.0000876857695626,1.0000092312500775,1.0000549856844982,1.0016584085297189,1.0008112409137453,1.001298270320403,0.2937417934877313,1.0035053933342586
60656.80089420764,1.000989766902454,1.0007794423382557,1.0007014895608932,1.0022450476374734,1.0015043527488987,1.0019221422588873,1.1396155606722191,1.0016655036560536
60656.80107194139,1.0005023596509377,1.0005646044759136,1.002184685961354,1.0014408809544313,1.0017029824998538,1.0011611175894584,0.9898387380177617,0.9981801073208327
60656.80124967515,1.000523559231741,0.9994764265190009,0.999827761484009,1.000437735358366,1.0006597054625879,1.0027947256840901,1.4925996650956586,1.0145687494956661
60656.80142740889,1.0004187029451492,1.0013269102759599,1.0019169761004827,1.002848731665291,1.0036951905940057,0.9999865128795822,0.3046559069528022,1.0115681730609456
60656.80160514264,0.9990808338409244,1.0000334429026463,1.000600264158036,1.0015414929793593,1.0001942190733042,0.9949776556495534,1.5809912802795874,0.9901121314014779
60656.801782876384,0.9994606802561513,0.9981503882150136,0.9996193919583385,0.9992707666332428,0.9987842807695423,1.0002323927987555,1.3783334533559883,1.0009938226473305
60656.80196061013,1.0017309272515935,1.0014190371275857,1.0033646562293195,1.0031141125788332,1.0024986402435587,0.9973998243382659,0.22520164479608906,1.0159686285421305
60656.80213834388,1.000865095771871,1.000234956367372,1.0006520492527569,1.0000411517204384,1.0005445668667867,1.0005156943898226,0.7449732954613297,1.005457604516821
60656.80231607763,1.0001646338230197,0.9999813690404333,1.000445286388905,1.0005984530259024,0.9996240197773835,1.0009906124044163,1.2694955622418007,1.005020826249861
60656.802493811374,0.9994859003624262,0.9985805651562085,0.9987599165832776,0.997725513931871,0.9983607366374736,0.998365003240012,2.2336466538299287,1.0036135752885953
60656.80267154512,1.0003636060140348,1.0012185499805666,1.0007423301227278,1.0013060859816025,1.0026600358140636,1.0025363975937904,1.6722004665227521,0.9955778665285501
60656.802849278865,0.9999085598868529,0.9999296874660885,0.9991452193575162,0.999382020684962,1.0000053658389472,0.9969746841531462,0.6579271077583564,0.9956869945611624
60656.80302701261,1.0013300870782262,1.0026878860848956,1.0035797332058265,1.0031165233471662,1.0039952288112322,1.0048045865828377,1.5568844227364667,1.007284969140275
60656.803204746364,0.9998598192077466,1.0006247542570057,1.0001350953840125,1.000833588151909,1.0013069649900028,1.004159874164208,0.5384191563486235,0.9978667530014342
60656.80338248012,1.0005888065507533,1.0003468785569922,1.0000987659017608,1.000790102099475,1.001343393914706,1.0007442893254885,-0.06763843883769174,1.0037550442732914
60656.80356021386,1.0006401377406022,1.0007169996273366,1.001182605298732,1.001486607495687,1.0024892778478949,1.0029106492589643,1.378103684073716,0.9967978978585254
60656.803737947615,1.0003126738837862,0.9996094070398442,1.000783569605651,1.0001589126185628,0.998986722138516,1.000141763976257,0.5693964243509345,0.9962760468386961
60656.80391568136,0.9999775388735798,0.999682533623998,0.9994014639145484,0.9993341093572377,0.9980678092882166,0.9984823325299917,2.0355808517054186,0.9871961986899338
60656.804093415114,1.0002951028291391,1.0001964584157537,1.0001022207296342,1.000618786671918,1.0004989025262045,0.9982968640830547,0.7398330045929097,0.9925913817683493
60656.80427114886,1.0005643592387428,1.0002661707564648,1.0008447731460344,1.000625832835146,1.0000055606648657,1.0012827409756673,0.1741299425866619,0.9968327652772038
60656.804448882605,0.9995803717368625,0.9997346196094983,0.9999142302096118,0.9992165141643916,1.0000776527427506,1.0005831802252243,1.7141502280390772,0.9901084764545133
60656.80462661635,0.9995861499663881,0.9987601991631683,0.9985785353755519,0.9986408993269936,0.9979385538769996,0.9966646778272357,1.7838363522014786,0.9962371310086487
60656.8048043501,0.9993933302000154,0.9991083396277216,0.9996382299474101,0.9988723910764367,0.9983323936371923,0.9957292670032896,0.6208501090966351,0.9878033037000157
60656.80498208385,1.000062441412743,1.0004235686638743,1.0005429659607015,1.0000685538844014,1.0000060459686286,0.9983099017267779,1.843300806374647,0.9978703864012415
60656.805159817595,1.0006721378694832,1.0007073777178928,0.9995489248643279,0.9990590066492894,0.9995888004046483,0.9992703601190521,0.07752407062760991,0.9961472715422952
60656.80533755134,0.9989853193860869,0.9998866885178284,0.9990822476767999,0.9993334291245277,0.9990354823760209,1.000867800684818,1.0831540917950213,0.999589639743371
60656.80551528509,1.0001104667007739,1.0009748494659496,1.0008746811404203,1.0013412264935317,1.0002540471284052,0.9993315462212528,1.2177521667354014,0.9932215384514842
60656.80569301884,1.0006103322860374,0.9996348149170884,0.9996501956041166,0.9997247768888152,1.0002097413788384,0.9991217037110114,0.2130104979441497,1.01101678954053
60656.805870752585,0.9994680421383515,1.0000913940260419,1.0004155810385282,0.9996670753745241,0.9991045947851953,1.0017661437280294,1.139107902217667,0.9927269502844683
60656.806048486345,1.0023526926520019,1.0032269571080203,1.0033243153617044,1.004222361653939,1.0040098437210752,1.002859663996774,1.7438361114342475,1.011795197737694
60656.80622622009,0.9994643611205093,0.9993597952464619,0.9998916800808805,0.9996807552084557,0.9999938292156917,1.003151956872987,1.0856689382463456,0.9998435499480982
60656.80640395384,1.0000431752757022,1.0006963348505942,1.0008417924348865,1.001583156126175,1.0019160371544045,0.9994992652573192,0.7776220267079084,1.009732406127643
60656.80658168758,1.001299225036628,1.0012359677066667,1.000347671145055,1.001092127119592,1.0005209434363307,1.004252597269469,1.8277042921076594,0.9984810593793187
60656.80675942133,0.9993030945362653,0.9993861947000516,0.9989021039587355,0.9986874212683412,1.0001455448483836,0.999319356306248,0.9748603942634543,0.9946245210373501
60656.80693715508,1.001219561382592,1.0006002069522246,1.0011357859702061,1.001775193566883,1.0021605320037628,1.0009603826903384,0.4051099340617023,0.9949683209493254
60656.80711488883,0.999858395485881,0.9996842542260911,1.0002889269959936,0.9993149515842084,0.9996635036318089,0.9980612190966522,0.2735306038263849,0.9981971180944145
60656.80729262257,1.0007598614530502,1.0015720657660139,1.0026510233963315,1.0014497382925833,1.0013510570057123,1.0008976664736697,1.8461172141979412,0.9981510488577078
60656.80747035632,1.000074544890415,1.0002367024826522,1.0003582212576134,1.0004088068023709,1.0010520602080957,0.9993045448701653,1.2552673199236957,1.0084316061102774
60656.80764809006,1.00120584447626,1.000928855884748,1.0006333387120572,1.001693695638437,0.9997496417130249,0.9992683325916676,0.9016704176980939,1.000977336326567
60656.80782582381,1.000236881568325,1.0004362215761224,1.0006831565352248,1.0008199061784169,1.0006959441956715,1.0002277804265376,-0.03279431684190536,0.9970397000583077
60656.80800355756,1.0016587597786617,1.002419882721637,1.002457107130775,1.003302286120681,1.002463740452064,1.0027180715948962,0.10709406925413531,1.0031266890656207
60656.808181291315,1.001078596955505,1.00074149970558,1.0015140528478468,1.0006882737712437,1.0017574964972888,0.9973650571730028,1.2510088408413194,1.0036701109945896
60656.80835902507,1.0000368437346927,1.0003928540437352,1.0005799862548437,1.0013001159435702,1.000595367307964,1.000038276554696,0.14049540951140194,0.9986037560063278
60656.808536758814,0.9996123978046176,0.9998410716632601,1.0000831508964958,1.0015241393723482,0.9998495729502336,0.9982887617470356,1.7665063168653683,0.9877274394451355
60656.80871449256,0.9998823445873293,1.0006965608503853,1.000646441304843,1.0004652119642818,1.0003906453079,1.0009642590695158,0.4438480023036325,1.0077248847232614
60656.80889222631,0.999824761668391,0.9994661799888368,1.000404277432753,0.9992536253591752,0.9989750425934878,0.9972892214023313,1.5425720814781463,0.9929530875760666
60656.80906996006,1.0004660277300972,1.0003787508606092,1.0001787289423387,0.9997554637209431,0.9997097138927813,0.9991078454420835,0.8769603050668244,0.9868500921090078
60656.8092476938,1.0004511572345518,1.000218863879439,1.0007416393108377,1.000782417609413,1.0000730492157655,1.0022228935074935,1.7106621153096702,1.0005246649096229
60656.80942542755,1.0008006849431745,1.0013079250268886,1.0014380543188552,1.0026752658317908,1.002160268590223,1.0013270302166812,-0.18954875108662833,1.004829867562818
60656.809603161295,1.0001445399442774,1.001400428062314,1.0012702781425011,1.0018258823393578,1.0011553850495776,1.0014991279350078,0.5946346460997808,1.0158647796462625
60656.80978089504,1.0006396106749609,0.9995773476395226,0.9997171008399675,0.999638438684104,0.9997046417455085,0.9975690434558002,1.175383482395709,1.0017276942429472
60656.80995862879,0.9996037524853496,1.0004129792437146,1.0006915526495455,1.000806661781953,1.0006853652039054,0.9972364027661841,1.209449815153684,1.0067998011991073
60656.81013636254,1.0002601191158094,1.0009007204487752,1.0005062469979817,1.0016992601928498,1.0001303426802057,1.0003834999642025,1.2027677258601694,1.0001720799553762
60656.810314096285,0.9997993711943638,0.9998978573225605,0.9996209168380408,1.0005548761528107,1.000324443794443,1.003502225526664,1.59607199344043,1.0056867876114222
60656.81049183004,0.9991257217530759,0.9986592501771799,0.9983435579011086,0.9979073480294851,0.9989330790184985,0.9964571917311047,1.6430427201070976,0.9846358455715397
60656.81066956378,1.000198520122449,0.9996187542754029,1.0001878849168064,0.9992825199035349,0.9999495864925875,1.0018331301437013,1.2872811379542486,0.9966134360137947
60656.81084729754,0.9999604505275643,1.000180081663872,0.9999299404992752,1.0007345210372791,1.0017465908801482,1.0047758946875462,0.4528328436835781,1.006117621441957
60656.81102503129,1.0001930200067681,1.000178062322263,1.0012133217834356,1.0008562030859531,1.0000783280527612,1.0009421798319114,0.5782159492392791,1.0057955740508757
60656.811202765035,1.0006614858943645,1.0007387194919757,1.0004984971270419,1.000656278044484,1.0010538549793075,1.0020635030006875,-0.1513304670471667,0.9992738361194955
60656.81138049878,1.0011305385530576,1.0007803430804179,1.001099166353547,1.0019550210517805,1.001623804023097,1.002330785838289,0.5919086363366826,1.0048315568932318
60656.811558232526,1.0006220985583474,1.0003479604246877,1.0003460692035464,0.9999942808831598,1.0022734531803081,1.0021051596716166,0.33389511006814976,0.9941724850535637
60656.81173596627,1.0003840728600188,0.9990979016581827,0.9992317789765315,0.9999793706543363,1.0000371804850925,0.9998649853590793,1.196968054349866,0.9992898679949036
60656.811913700025,1.000531066003273,1.0005305611991224,1.0007364079997578,1.0014573014916937,1.0022199917248007,1.0033303023319011,-0.1378245338813854,0.9948230825847884
60656.81209143377,0.9984711148219684,0.9984516797732947,0.9987958144315945,0.9979994074929773,0.9981596418103386,0.9981998264674283,0.7993939539471983,0.9858903751483374
60656.812269167516,0.9997465688559504,1.0003849094906274,1.0014177198817165,1.0023475764873513,1.0018880359799973,0.9998073116646962,2.649868557109992,0.9933573159916683
60656.81244690126,1.0001198126766089,1.0001435679506123,1.0004327162031854,0.9999443359399889,1.000895053874603,1.0001714696813748,1.1009679450534477,0.9912215045178945
60656.81262463501,0.9996409003295879,0.9999040928540289,0.9998394096724197,1.000046616379505,1.0003797180022411,1.0013846091756329,-0.748831419380671,1.001579533160424
60656.81280236876,1.0004700771106474,1.0006611780408046,0.999971990777784,0.999786749261145,1.0007284953245705,1.0002583314614244,2.222041633939306,0.997357407818621
60656.81298010251,0.9999633988105872,1.0001481225068525,0.9995494195089134,0.9996747957944483,1.0000650113026783,0.9973642054075909,1.256684627723821,0.9894213426398364
60656.813157836266,1.0006676435374788,1.0004543187491528,1.0012483868812363,1.0016244547361344,1.0013572912497344,1.0024295564180028,0.9748396185444776,1.0086185565684882
60656.81333557001,1.0006224836508615,1.000997973098707,1.001555969530603,1.0007349995610706,1.0011427717860413,1.0027675708463795,1.8312858537795527,1.011059994669182
60656.81351330376,1.0007620331046974,1.0013419451427725,1.0008060096304057,1.0017555155855196,0.9999480677402082,1.0003731697423963,0.34055324505984497,1.0092828887486502
60656.8136910375,1.00071020247641,1.001484266204225,1.0013346265071383,1.0009675375556393,1.002010985408248,1.0006136260984766,2.0825780379265626,0.997802654035226
60656.813868771256,1.0001349146267224,0.9998558984437957,1.0000666662564315,1.0003188847599025,0.9995218887312544,1.0022388240073037,0.9137559120783852,0.9904222427073079
60656.814046505,1.0001982905096944,0.9994831017458196,1.0014706274222622,1.0007631520467972,1.0013902060783975,1.0004604083189583,2.135939592144791,1.008230460401443
60656.81422423875,0.999507054818798,0.9998297041813695,0.9992909880212477,0.9996392084832467,0.9998740631799238,0.9987494656177952,1.3206760746092647,0.9963289243531729
60656.81440197249,0.9993895164181139,0.9994850329674136,0.9992953591381482,0.9985668534880637,0.9985758476230561,0.9998843359071581,1.9532835224937075,0.9950191504023363
60656.81457970624,1.0007003325046233,1.001889764293923,1.0017654539276475,1.00230585771196,1.0021309601728305,1.0018065281484763,2.3589016525131967,1.0118923052018958
60656.814757439985,1.0013274852096334,1.0016490696308125,1.000926372268038,1.0016797828137358,1.0024904885120949,1.0031238651763634,0.4857333168338568,1.0103145531236015
60656.81493517374,0.999698883536002,0.9991234155689558,0.9993213134886381,0.9990781357964736,0.9989277015636256,0.9987790577188221,1.5722399660608997,1.0045574552965975
60656.81511290748,0.9997717140618079,0.9991617633365656,0.9980257175788585,0.9986285862296078,0.9975382761490129,0.9974537312208684,0.10792497727812728,0.9982393935339415
60656.815290641236,0.999730301805289,1.0001395169631626,0.9994420525435549,0.9997296753758845,1.0000128633928027,0.9997304429272044,0.5485356800247618,1.0009150002339662
60656.81546837498,1.0006433222362112,1.0010927558550047,1.0009893801743897,1.0008381302914742,1.00179774556712,1.0009482616759264,0.690477607096301,1.0063469121059576
60656.815646108735,0.9997334939751211,1.0011334796060076,1.0005611247739963,1.000509907016002,0.9997821767145646,1.001307297151519,0.5699287800923389,0.9931832567234959
60656.81582384248,1.0005146470029944,1.001427605215746,1.0000556065699346,1.0010899644665088,1.0013506769932166,1.001093165273747,1.1855656395121723,1.003496312580131
60656.81600157623,1.0005429691837224,1.0006737688890588,1.0015511513015416,1.0008793529839215,1.000258203352877,1.0023991489971402,1.003320853869589,0.9966094888491073
60656.81617930998,1.000101750625169,1.0003239827334718,1.0000435368468572,1.0012706226911365,1.0007927402371042,1.0013390798392843,0.29344024604673086,1.0049957950669162
60656.816357043725,0.9997497791369491,0.9990969895165115,0.9995411139586812,0.9999249214934673,0.9995425006090243,0.9967417738075092,1.9954975405678765,0.9898290332426977
60656.81653477747,0.9997500563298867,0.9994595917963652,1.0002722841706544,0.9986686840296336,0.9996557181953165,0.999395464496069,1.203096629081342,0.9973276437068914
60656.816712511216,0.9990827901538718,0.999296610481785,1.0000537175677089,0.9997426022320463,0.9994528152501894,0.9975078817121621,0.8289145997929275,1.0073189960118327
60656.81689024497,1.0002640859217191,1.0,0.9999880451012094,1.0005348287652458,1.0007676221526218,0.9999389152798441,-0.311032120917501,1.0061170122148018
60656.817067978714,1.0013603132337,1.000965006985052,1.0004738421791175,1.0003813144817515,1.0009173226068546,1.000438382227308,0.5486088060047758,1.0066404123837314
60656.81724571246,1.0003467445180538,1.00053172992022,1.0008091191072213,1.000970876819488,1.0005994625450647,1.001050261010766,1.331308287943793,1.002142925643735
60656.817423446206,0.9995299097295195,1.0002920769551062,1.0006808622449808,1.0009068290733916,1.0008839766030375,1.0030557323858487,0.9184280457558814,1.0004679353208095
60656.81760117996,0.9995655150549188,0.9991664291737276,0.9991409787626777,0.9996534043201688,0.9996698555870186,0.9938376394985493,1.7615552573192887,1.0056144738538697
60656.817778913704,1.0004082997683426,1.0011781835951261,1.0015519674760853,1.0003386979762503,0.9999260596409171,1.0024645380816293,0.7868922602480499,0.9954205418310159
60656.817956647465,1.001216057332334,1.0008733250761694,1.0009494179195522,1.0006010978178967,1.0002715432744538,0.999465644259298,0.6466470741646875,1.0055505193118512
60656.81813438121,1.0000173739237714,1.0007068727015458,0.9991486272018382,0.9996160830057803,1.0000859249659815,1.0002056903475274,2.767328923033629,0.9948875022209502
60656.818312114956,0.9996091417852494,1.0000030559731572,0.9996613159959966,0.9998152651032811,1.0001379590574804,0.9999576242704457,0.7908325095536138,1.0016729198714776
60656.8184898487,1.000627262082604,1.001545451169308,1.0014211896389427,1.002121633577617,1.0017878470757793,1.0029847157122398,0.29310287976167027,1.0080983655949052
60656.81866758245,0.9997202798838852,0.999991254586143,0.9987401182855431,0.9984217766724014,0.9996121381769306,1.0004444447413274,1.1383357434133061,0.99524881027979
60656.81884531619,1.0004565026378955,1.0015453308411568,1.0014681974505475,1.0011758285741057,1.0013675087661993,1.0005713465541948,-0.025432581989740743,0.9995050457700019
60656.819023049946,1.0006202065553893,1.000539762412398,1.00024668856373,1.0010710230842101,1.0007621953888104,1.0011218657960295,1.268511137257258,0.9914367210196405
60656.81920078369,1.0001842684762527,1.0003959979559625,1.0000499508700467,1.0006550722176497,1.001105558552621,1.0005954708499671,1.256932412071308,1.0074876588818
60656.81937851744,1.0009965294278316,1.0017449588632692,1.0012715222186417,1.0016502617470147,1.0015937917484132,1.001889805160093,1.5181647259603839,1.0066949472406603
60656.81955625118,1.0000744167308895,0.9995133319772947,0.9993214832002514,0.9986344712016625,0.9988582595631258,0.9983562678120387,-0.21923173684017128,0.9929834001419848
60656.81973398493,1.000828841667653,1.0008693292768192,1.0014535393509312,1.001313731959574,1.0024541239114575,1.0005126004602618,0.5639319458944709,0.9916362583454901
60656.819911718674,1.000501230926207,1.0007125753512005,1.0006862194675878,0.9999520447767749,0.9994263005734424,1.0002694231420406,0.3107859212177792,0.9938268709790914
60656.820089452434,0.9994773712308958,0.9989239116748311,0.9997740680667236,0.9991087417679669,0.9997056488713084,0.9971614635566902,1.206213913337279,0.9942116537091369
60656.82026718618,1.0011198578763447,1.000576785665619,1.001086629758871,1.0026188808850383,1.0019751698793242,1.0032962869373836,0.5493840667716477,0.9964061739488413
60656.82044491993,1.0003752766655254,1.0000474393284646,0.9997462188959515,1.0010640104161714,1.0009784901596603,1.0023212733122016,1.9684757878917232,0.9999058985197478
60656.82062265368,0.9998833144556419,1.0009979477664648,1.0011937193236817,1.0012325580638899,1.001365869707425,1.0023562491168554,0.7663490816558169,1.002650326382783
60656.820800387424,0.9996707771544271,1.0002229771118274,0.9989632061771142,1.0002480349080403,1.0001812684328206,0.9999442704036807,0.7095776974686884,0.9947692300822399
60656.82097812117,0.9992990592762858,0.9995025473179242,0.9989657578889191,0.9992514196935466,0.9992189933761754,0.9980102040090627,0.1280815691487124,0.9841419320634912
60656.82115585492,1.0009438418957957,1.0001706155477186,1.0008609737990717,0.9995230130794684,1.0001563179245807,1.0045559023841681,0.40631934536236936,0.992385132295001
60656.82133358867,1.0008423895875929,1.0004316652104364,1.002135018419686,1.0017160487345325,1.0018316869856378,0.9990591074418088,-0.48948444858666307,1.00029101722738
60656.821511322414,1.001014067329835,1.0015541620227486,1.002785654323788,1.0026825111217093,1.0034622481245183,1.0056011571303218,0.6563607931490115,1.0112570973742352
60656.82168905616,0.9999805153977434,0.9993467831592053,1.000763057553124,1.0009109073709774,1.0007994195591758,1.001682465607472,0.2565518657446981,0.9956329228433257
60656.821866789905,1.0006996184949084,1.0003298417192512,1.0003857142096373,1.0016350933691398,1.0014991402750604,1.0013524090245511,0.9312452039344237,1.0014229187703396
60656.82204452366,0.9999918938148186,0.9997814028328846,0.9988443057378572,0.9990197738957415,0.9977448023742582,1.0003096999327032,1.726566699033148,0.9858454219545492
60656.822222257404,0.998967542815746,0.9986152708711388,0.998641347114599,0.9992116132426501,0.9972974127361385,0.9979412779967259,2.114557402348053,0.9943023655777076
60656.82239999116,0.9991741646723268,0.9990005552789537,0.9983990888363075,0.9981750320693294,0.9989072148119211,1.0003173845978044,1.561587560947194,1.001458158106265
60656.8225777249,1.0006249539832706,1.0002070538070846,1.0004067709639917,1.000616514458577,1.000306960068315,1.0003503651686225,2.431288522625757,0.9972292699520257
60656.822755458656,0.999506301363576,0.9996188939646252,1.0002361613940738,0.999721140668713,0.9994298927110732,0.9987269413289568,1.599619229203813,0.9929283697420335
60656.8229331924,1.0000375971899147,1.0006056821545317,1.001138604873516,1.0015708501852507,1.001904796014036,1.0021058221507,-0.379516905615067,1.0023191640033842
60656.823110926154,1.0022437479998065,1.002066827802057,1.002612991748313,1.0026096413033212,1.0023627789175618,1.0038215198692984,2.6676999749989565,1.0026539156899519
60656.8232886599,1.0009310121296513,1.0009130921731324,1.0027028307753068,1.0028362735204532,1.0027506220805715,0.9988657451829097,2.7422003194390423,1.0042739545637074
60656.823466393646,1.0003385323319367,1.000512295023846,1.0010861887940907,1.0013924806264465,0.9994722704069967,1.0017014672698914,1.2040136606797633,1.0014658048097176
60656.82364412739,0.9988502153027121,0.9999283206106662,1.0000019771512718,1.001156760293731,0.9993020348189809,0.9952820068445605,2.2359214371735354,0.9917015917391916
60656.82382186114,1.0009876629374546,1.0001265615115622,1.0008851654979614,1.0011845947964881,1.001654535540943,1.0028012933153438,0.6247825895649508,1.0046397551632578
60656.82399959488,0.9999084011839197,0.9999561022999682,0.9993080442579293,0.999273538323313,1.0000353388147776,1.001868794331478,0.1272932806036579,1.0110782276823864
60656.824177328635,1.0008062010212397,1.0018746409452068,1.0019355720364447,1.0026084211635644,1.0023325506845577,1.0020477172451754,1.1502820023984721,1.011888245767367
60656.82435506238,1.0004772472907548,1.0012578643541687,1.0004315535798374,1.0014174510691383,1.0020779258142938,1.0017396930972804,0.30441987686071525,1.000717918618505
60656.82453279613,1.0005719478174924,1.0007166109583605,1.001706963138485,1.0014880984005248,1.001067863352133,1.0038046647129233,0.8278882750961978,1.015007609018361
60656.82471052987,1.00014950792933,1.0003832344865706,0.9996996722476632,1.00041362066613,0.9999955802391233,1.0011700137239699,2.220554670131452,0.9882524007430524
60656.824888263625,0.9996114910184185,1.000646945844187,1.000390330014239,0.9996801702968586,0.9993496572434619,0.9945768087477328,2.906990392213374,1.0109085400745401
60656.82506599738,1.000588291763869,1.0008770818477184,1.0005476022931634,1.0015868787402584,1.0014648214392543,0.9997160069843585,0.5129457775151035,1.0044439964933418
60656.82524373113,0.9999095797911002,1.0007906113239327,1.0008275105330053,1.000848739708411,1.0010779238585572,1.0009244263382135,0.4699223608336384,0.9979257254080661
60656.82542146488,0.998459075040348,0.9985536979608571,0.9978113224127202,0.9975500801453004,0.9967616142104256,0.9934962709238102,2.4365592584476348,0.9933754207618491
60656.82559919862,1.000075269183589,1.0001752176923853,1.0004417681112823,1.0012767866914027,1.0001357275499565,1.001589345660632,0.5428880162866613,1.004434113502773
60656.82577693237,1.000841315349846,1.0008610443669401,1.0003340826896558,1.0019993734786954,1.001070357160965,1.0034355464994413,1.8899723306468235,1.0090034753617612
60656.825954666114,1.0000221644807865,0.9995085792867302,1.000125567822345,1.000198448820824,0.9996008569962211,1.0025989398174324,1.8787392838909875,0.9957130082196082
60656.82613239986,1.0008694706929644,1.001743924041167,0.9997724225446779,1.0005278900227144,1.0004364466383524,1.0003977726977602,1.5573459743260845,1.0086501600503934
60656.82631013361,1.0000015634893833,0.9995029457579083,0.999925101632579,1.00001929278906,0.9996802629243597,1.0007553887796232,-0.12393799502346936,0.9918708307252385
60656.82648786736,0.9999859442966342,1.0004138557393019,1.001730877656376,1.0019955942769236,1.00225053805607,1.00590046481117,-0.2997582819615422,1.002181291563705
60656.826665601104,1.0001681142366705,0.9993345994362757,1.0000007667759498,0.999634138462441,0.9991977946108144,1.0010775844900015,1.919849716112341,0.992848311611674
60656.82684333485,1.0006441898838725,1.0015031915606374,1.0020008759894348,1.001688243669178,1.001698527270428,1.0027020093604742,0.7715301298969365,1.0002305059460646
60656.827021068595,0.9998892486253804,0.9999483511766258,1.0004685659702044,1.000638771569558,1.0013260894432527,1.0023154010302506,2.222447577742884,1.0077632026820873
60656.82719880235,0.9998851111447493,0.999991383056801,1.0004522517004009,0.9996986214984495,0.9990086204976134,0.9993936622623201,-0.2972152020789759,0.9950474281761771
60656.8273765361,1.0004767391037026,1.0013263882508217,1.0010517255907114,1.0015412383716495,1.0007794418388438,1.0023511652588277,0.22910495845821535,1.0038778767139465
60656.827554269854,1.0009043864126774,1.0012134895032567,1.0015921717840324,1.0013082613244932,1.0017261882873085,1.004523305345374,1.2645976191600734,1.001706779107815
60656.8277320036,1.0008910888258946,1.0004936960914717,1.0006413531399099,1.001524139446126,1.0015547433326966,1.0026948415074854,0.7303430935968849,1.0102408428773106
60656.827909737345,0.9997930167841695,1.0000060927661878,0.9995617754145109,0.9998956890460913,1.00034054649955,1.0018457897453041,0.4141103467826532,1.0032813645443186
60656.82808747109,1.0001670231156332,1.0004774360488495,0.998974011954839,1.0005969990838184,1.0005127151462518,1.0007573527809839,1.8458258410082318,1.0067214530311885
60656.82826520484,0.9998815157712367,0.9999581448024846,1.0003486285995769,1.0008790094737807,1.0014656368904584,0.9999395713924852,0.5755893253334436,0.9963438449692981
60656.82844293859,1.000489225832075,1.0005637806352015,1.00033596269036,1.0005618623345645,0.9997340865966559,1.0010008310058782,0.42995622307940784,1.001954213851
60656.828620672335,1.0013270226074662,1.0010431522483152,1.0020277785733758,1.0030334273145198,1.0023207973614936,1.0025739539067156,1.993632320758054,1.00394087939573
60656.82879840608,1.0006918666086912,1.0006330898313691,1.0005760086800732,0.9997047764978054,1.001633741998663,1.0026748572215816,-0.2096971794091668,0.9990627539681669
60656.82897613983,1.0006717090338972,1.000362184297854,1.0005636632030679,1.0008118582581673,1.0022204824043504,1.0037414689370574,0.914048559951791,0.9962480886948883
60656.82915387357,1.0014219019436015,1.0022822378111884,1.0024211711906539,1.0028742038718288,1.0029801700189258,1.006569778870355,0.7491933366774056,1.0107377689940924
60656.82933160732,0.9990841966854779,0.9994933202295724,0.9997463843263533,0.9987975319831508,0.9988052815576618,0.9963394437783338,1.0558803998597683,0.9880134677261376
60656.82950934107,1.0010228825564018,1.0006110209246188,1.0018261032158087,1.0009588679823729,1.0012894697708137,1.0020081026106606,1.0710973486136668,1.0018155560215949
60656.82968707482,1.000719140644031,1.0009718524807285,1.0016805345614948,1.0013459918113992,1.0010446822191477,1.000588732132106,1.9342007181324714,0.9978798049216195
60656.82986480858,1.0010920517103765,1.0015047342941996,1.002247345662507,1.003013177627813,1.003355334667473,1.0036218185482693,0.5435404732367713,1.0011347895167055
60656.83004254232,1.0001865219351178,0.9999297415685205,1.0000318406869233,1.000362996080473,1.000077709281195,1.0017903930690355,-0.1652661822269337,0.9959404306036373
60656.83022027607,1.0011276851234323,1.0003932913868059,1.001359152140522,1.0030424733766712,1.002352111132632,1.001772623751499,1.140433926180128,1.007330321247652
60656.83039800981,0.9995262101400574,0.9993242331207939,0.9994142887774626,0.9989059165152365,0.9998619090827057,0.9968138448193472,1.2161198727333256,0.991228031975473
60656.83057574357,1.0003835772586922,1.0001696167335896,1.0004564278575183,1.0001837832396867,1.0013418842455524,1.0021306555436003,-0.20646153995935126,1.0067813030477157
60656.83075347731,1.0000173688587841,1.0001026133143145,1.0000674655256785,0.998689372621372,1.0003680501356458,0.9991496166628431,1.662645316797201,0.9864824243526003
60656.83093121106,1.000913140091975,1.0014628890486368,1.0013619367941402,1.000694068734198,1.002045996979028,1.0011629292114033,-0.04246969663762852,0.9979503971944098
60656.8311089448,0.9999075920138382,0.9999195254370472,1.0000628934113889,0.9999693416485413,1.000379907823117,1.0005765974390695,0.757615007011716,1.005307088804203
60656.83128667855,1.0010315108388945,1.0014567559318055,1.0001725375421453,1.0012756657092123,1.0022718526788992,0.9990157741590349,1.9187206389074187,1.0097451090504341
60656.831464412295,1.0011356732222356,1.0013576115061993,1.001794489981966,1.0020256791547477,1.0010185444035733,1.001164006362718,0.28146568629730434,1.0054466024467652
60656.83164214605,0.9989924462835763,1.000117054863821,1.0001819512674979,1.0002586431445297,0.9988327316212642,0.9997980949475139,-0.7448617594769541,1.0068192086571772
60656.83181987979,0.999886876676511,0.999737429859904,0.9987992330338326,1.0000825030078546,0.9989003210145041,0.9981935817947277,1.681946814159152,0.999801851539781
60656.831997613546,0.9994402462558424,0.9993041660040273,0.9983677078856302,0.9982558293285727,0.9984269133110892,0.9988537293301321,1.3071008998820937,1.0038712368201397
60656.83217534729,1.0008944309500454,1.0007916841443987,1.0020455079482282,1.0027853187784646,1.0025010285757519,1.0033809046848718,1.084146622281905,1.0060148981562782
60656.832353081045,1.0003901545283247,1.000463067962846,0.9998504764942688,1.0009330455519008,1.0003282583784128,1.0007761962511488,0.21876770321617875,0.9969822935642981
60656.83253081479,0.9995081588325301,0.9996998451356244,1.0000859480644244,0.9996200594160155,0.9990617506934475,1.000548862516958,-0.48161261271665107,0.9948410388958869
60656.83270854854,1.0004780900739334,1.001292206370476,1.0019282690581168,1.0019968474692023,1.0008448547800288,1.0038263011598427,1.0701701079365304,1.0011420205014505
60656.83288628229,1.000905301947491,1.000763261368419,1.0010815864917713,1.0013795325960129,1.0017909016347575,1.0017865387186715,0.8905098235920857,1.0017076998952186
60656.833064016035,0.9993833139575365,1.0005162720049594,1.0001259775013494,1.0000622145139455,1.0001952645710974,1.000086294662571,1.3543113506695574,0.9912588931619671
60656.83324174978,1.0006616906426362,1.0021288999384583,1.0015241173173413,1.0024340740524371,1.0000577441661556,1.0009071253693997,1.6210826063681694,1.0003090902175837
60656.833419483526,0.9999872423147258,0.999928339971737,1.0010962809267974,1.0004434358855425,1.0028271510360593,0.9996647703860922,0.005757483891416289,0.9958089004740515
60656.83359721727,1.000810010045123,1.0012079837213141,1.0023812641524665,1.0017807539159522,1.0002936114342564,1.0022767340729875,1.723321015354422,0.9946986593150101
60656.833774951025,1.0005445568269928,1.0012660115652157,1.0020025480769466,1.0006350284452048,1.0010687688941047,1.0016611262612005,1.7153850784507152,1.0028847037565978
60656.83395268477,1.0002087544663476,1.0000381127205893,1.0001357074874766,1.000720703017245,1.00160656387571,0.999881986989764,-0.47236244209422035,1.0047444846639926
60656.834130418516,1.0003152825056951,1.0012622280138674,1.0015546863746863,1.0014395889549499,0.999980007512419,0.9994185792724444,1.4586953355804042,1.0002872721816842
60656.83430815227,0.9991291527447304,0.9986107121531731,0.9985783745556855,0.9981063509203423,0.998068981209679,0.9996487149333156,-0.18768338732345524,0.9986071435272798
60656.834485886015,0.9991434160557456,0.9985968067424826,0.998165131497713,0.998399148458326,0.9986589854592751,0.9971988253471185,0.5655346458739635,0.9849615740323943
60656.83466361977,1.0003411170102696,1.0001548762636223,0.9998260507558194,1.0008848546795197,1.0005212216796264,1.0003439638491445,1.414445406172465,1.002046668189933
60656.83484135351,1.0001258826800956,1.0002924643574702,0.9992141220529495,0.9991885662649238,0.9995681918635732,1.000783787334159,1.6097334008679574,1.0001016744939446
60656.835019087266,1.001654644246309,1.0028352618334306,1.0044335606750001,1.0045712512402085,1.0050052673604117,1.0040865707152196,0.8504248314509075,1.0138048726930993
60656.83519682101,1.0000049848115165,0.9999798429537728,0.9990503412348595,1.0004521087050386,0.9997594378790499,1.0032039043214593,-0.17427900628067286,0.9998843189168712
60656.83537455476,1.0000888428889185,1.0000942487888165,1.0001292718386805,1.000767970706123,0.9991375909921442,1.000691297572854,0.8180023832615182,1.0019369491287777
60656.8355522885,1.0021104898740514,1.001084234993382,1.0017010365147536,1.0029656807846186,1.0015866310153896,1.0018802585412443,1.3484036305608753,1.0063908691804853
60656.83573002225,1.0007344373659262,1.0009025852637052,1.0006349290174525,1.0006573639821474,1.0000457270588081,1.002629034175408,0.07988256052246166,0.9981102149978817
60656.835907755994,1.000610856128505,1.0012917313909306,1.0005632137856393,1.0024011999253903,1.002103360328693,1.001444217553448,-0.7137854074550499,0.9965978318993761
60656.83608548975,1.0015723497151168,1.0012388818192661,1.0015603018970511,1.0002529759649874,1.0009934007377623,1.0005158161134342,1.1114869042507125,0.9923932595250207
60656.83626322349,1.0005692503280799,0.9997364257983818,0.9994831415254289,0.999765352179741,1.0002724035856698,1.0011447227084187,1.7548233230173937,0.9922660777199398
60656.83644095724,1.0007270978924574,1.000973235621164,1.002059891172114,1.0019199672289438,1.0025007275317064,1.0031037795579174,1.1799215281712594,0.998826073377938
60656.836618690984,1.0009743240633513,1.0017886385250718,1.001969607448002,1.0022521999671734,1.0022367771547964,1.004269521649372,1.6509878909216638,1.01256951580187
60656.83679642474,1.0006906697368596,1.0009985450645518,1.0018158511414328,1.0023537700725755,1.0008271910577382,1.0006464966636281,0.07584724744287984,1.001790416645298
60656.83697415848,1.0029482538037675,1.0038870809656515,1.0036186712631532,1.0048529306622818,1.004894917478173,1.0035729779929112,1.1690767166351124,1.014996784691555
60656.83715189224,1.0000267917303343,1.0003776223092102,1.0005333096333664,1.0005825562383157,0.9994579732246744,1.0015427467158187,0.7336347332217109,0.9951629826692674
60656.83732962599,0.9988506817419909,0.9995006448665193,0.9984768340995748,0.9983509970571486,0.998493774377941,0.9994167836127391,-0.08820994373429593,0.9893363034140112
60656.837507359734,0.9995612489543089,0.9994156240707778,0.9990191556830642,0.9980393136916637,0.997989120749521,0.9985020655259537,0.6627588044371067,0.9935622449320876
60656.83768509348,1.0001167808980391,1.0008756399002918,1.0003721246564916,1.00148938375999,0.9998417183700041,0.998882835805388,0.9801129478484849,0.9994812297552185
60656.837862827226,0.9998278915235316,0.9992741548964488,0.999081835692528,0.9987906803723798,0.9990679801177988,1.0009898558357722,1.2890694239857652,0.994471792123856
60656.83804056097,1.0011694824724653,1.0011354229508893,1.001379670889303,1.0025159256723808,1.0022138370053448,1.0011521149785039,1.1365948876888134,1.00564781924458
60656.838218294724,0.9996990049422112,1.0000548090206145,0.9996856786140207,0.9997387764026093,0.9997359914788052,0.999494469734547,0.8373753557836137,0.9928930137270032
60656.83839602847,0.9996475624761274,1.0008548533478407,1.0007823323355394,1.0002487706217695,1.0018591040530334,0.999689756712012,0.9698547020991899,0.9895674085732835
60656.838573762216,0.9989445936655649,0.9979487180522739,0.9979634059731297,0.9981767425373499,0.9982528777834876,0.9972353531105194,1.2653792672763982,1.0044513731917786
60656.83875149596,0.9994776728278626,0.999827629651661,0.9995406459893362,0.9996435254525047,0.9998654220665141,0.995004281449737,1.2201067861425987,0.9949680895045696
60656.83892922971,1.0001322346345385,1.0002766232015707,0.9999190442672365,1.0000853355647348,0.9985468991979888,0.9976573100282825,1.1764205060769093,1.0021723181293956
60656.83910696346,1.0005818601509906,1.0002942435856101,1.0014120148930095,1.0015707596597045,1.0019529560171696,1.0010082017315527,0.9664269336854062,0.9989314219642768
60656.839284697206,1.0002165978293038,1.0004386104065812,1.0002025082178578,0.9996404472888251,0.9996982810778174,1.0002541010296195,1.8134551533355106,1.0010085513356872
60656.839462430966,1.0005633517667367,1.0015243960950877,1.002168127772272,1.001827104102229,1.0024836996352011,1.0009605307793255,0.5265991978535295,0.993966872968424
60656.83964016471,1.0002998077418244,1.0001539150859677,0.9993980797815515,0.9994532441483691,0.999687083314485,0.997362340962627,1.6002299907626198,0.9918628505816057
60656.83981789846,0.9996900147433581,0.9998591885592506,0.9991435143376085,0.9994500206421257,0.9999316337754282,0.9991065977346982,0.5790119950124405,0.99736553741966
60656.8399956322,1.00074621100549,1.0007045976852331,1.001774078153697,1.001286861734639,0.9998446743111052,1.0011141910035273,2.7337201274242675,1.0129900374041587
60656.84017336595,0.9998293341239861,1.0009244330561684,1.0006762127395608,1.0007030240494692,1.0006639102545105,1.0015233053767345,0.3212681955290551,1.0000370932125056
60656.840351099694,1.0000254441367618,0.9993471267729791,1.0000975306075925,0.999332700050814,0.9995618840268875,0.9975244103807602,1.3748726163036797,1.005025938042563
60656.84052883345,1.0011559116833406,1.0009582362194904,1.0013150260233286,1.0017761611647127,1.0000153759242012,1.0001715945651408,0.2845485192660067,1.0011186333915696
60656.84070656719,1.0007012894802416,1.0017037286483628,1.0012293665564662,1.0021561675610096,1.0033753520574022,1.0056308973664694,-0.6971429908357215,1.0071526416410765
60656.84088430094,1.001241157874213,1.0020650822296107,1.0010597336516347,1.002148635274861,1.0022298989286234,1.0008576334070316,1.6596457074394724,0.9916454670930602
60656.841062034684,1.0008876389556514,1.0005914964606735,1.0008149890872313,1.0001295322463946,1.0002788435925554,1.0017228617919975,0.23411998437195278,1.0046019710165364
60656.84123976843,1.0026903279240873,1.0030836328897685,1.0027229812301273,1.0033452958626623,1.0030594024389201,1.0048157042828274,1.9259238045008107,1.015636026371694
60656.841417502175,0.9999752065237015,1.0003548880692072,1.0001401209773932,1.000351280068046,0.9990613139571353,0.9996290350371744,0.23792468534561576,0.9967272176084422
60656.841595235936,1.000698074901678,0.9996551572505742,1.0002107348401146,1.0019090050796224,1.0012918265897754,1.0031710430522367,1.522528184184222,1.0047325557749929
60656.84177296968,0.9996258421225458,0.999392126244611,0.9987908461405826,0.9992264244614631,0.9990170669704764,1.0011005109488542,0.6563611135613068,1.003456531078478
60656.841950703434,0.9989505531602394,0.9995357712776182,0.9993473109805666,0.9996309154726432,1.0002538461852122,1.0020059332453974,0.7724162927890781,0.998094836816639
60656.84212843718,1.001215604399688,1.0002836094721372,1.0016645975871732,1.0013652155419168,1.0011643003281,1.0046208285867713,1.910897573039318,1.0068792364585513
60656.842306170925,0.9997658072123038,1.000949086756367,1.00008561434948,1.0004656966116432,0.9998039768265287,0.9992557955671487,1.4785543410489443,1.012447850901007
60656.84248390467,1.0006329993317782,1.001420652962762,1.0009517363602196,1.0019701621318131,1.002300661148145,1.005425429801663,0.6067967492024269,1.0039383944427709
60656.84266163842,1.0018401576918563,1.002775072244529,1.0024335569549565,1.0023515950985742,1.0029907705138381,1.0058636378019072,1.471045416218148,1.0090080695235248
60656.84283937217,0.9990721602805157,0.9995316678162376,0.999220728950204,0.9996311095824328,0.9993567562476267,0.997401640412107,2.0145717239809056,0.9858566749782737
60656.843017105915,0.9996635821098369,1.000076138044942,1.000534082227373,0.9999145810709404,0.9992602108290692,0.9985044115138613,0.7357424099441536,1.002565311241522
60656.84319483966,1.0002060038713114,1.0000715775175306,1.0001202031350618,0.9998559677349507,1.0007436101825606,1.0001015424075625,0.6286637831695571,1.0044804144338162
60656.84337257341,0.9996424637223135,1.0000461428604872,1.000355639467554,1.0011539410168824,1.000990722854585,1.0011091999894517,0.5292314080780794,0.9995383640811768
60656.84355030715,1.000338503476858,1.0005858605795719,1.0007391287645278,0.9996711206933658,0.9983202082121148,0.9992328477945537,-0.3654908991792028,1.0000038880447053
60656.8437280409,1.000370566534368,1.0008982237753414,1.0001858505729404,1.0010506779288342,1.0006924193480584,1.0027819817963255,0.794549010077498,1.0032440778124767
60656.84390577466,1.000150988593931,1.0001232511303135,1.0007600807938635,1.0011471760214259,1.001204222587185,1.0001072881910702,1.6372782591218586,1.0023321169231167
60656.844083508404,1.0015698210586124,1.001737855521554,1.0021206975478032,1.0031005400918207,1.002921809738918,1.0032371525135284,2.192713186712392,1.0061790711061351
60656.84426124216,1.000648453221762,1.001268660051159,1.0006629384592178,1.001934831051436,1.003245696428147,1.0023734168747815,-0.6375561089819638,0.9921761776966781
60656.8444389759,0.9987084796162053,0.9978862695511282,0.9971263989446838,0.9979731137689529,0.9976205017698704,0.9964404025458362,1.8957426472828514,0.9826646898204187
60656.84461670965,1.000550260770039,1.0010469613128503,1.0002587159137915,1.0015726805424419,1.0022121430764737,1.0022397718229563,1.6292169249192598,1.0062232936516244
60656.844794443394,1.0004980969269859,1.0001685109812084,1.000626247598809,1.0005950508294617,0.9996244305616228,1.0026446499053865,0.3693994648167789,1.002639850346225
60656.84497217714,1.0003410996665256,1.000751557872427,1.0000209360022363,0.9995975727818285,1.000584328408392,0.9978373599406937,1.0598354252801698,0.9952271661186349
60656.84514991089,1.0011411670450536,1.0013095875457687,1.0028411550709573,1.0026840941014301,1.0036056878265407,1.0058073547369288,-0.49759399323057013,1.0169295340073952
60656.84532764464,0.9986789381549146,0.9992971430017094,0.9983861723115584,0.9985442719016536,0.9991436680407533,0.997776479727599,1.272359493245248,1.0112363398494875
60656.845505378384,1.0016667949971951,1.0025152070450885,1.0030592271390917,1.0046659541676919,1.0041774833603152,1.0037291409440654,0.0647570198240377,1.013159391031066
60656.84568311213,1.0007678203898058,1.0013005249360483,1.0013090131167204,1.0013348422660815,1.0012343041909777,1.000129952218707,1.9484180641107063,0.9975560763946999
60656.845860845875,1.0009630266860716,1.0012593634800853,1.0023180888397696,1.0021100697691034,1.0015645584066601,1.0027161120454318,0.5837640854885948,1.0086903541925882
60656.84603857962,1.000721533466787,1.0010049852443499,1.0007992578306093,0.9997789265112024,1.001115485591242,0.9999585868027295,0.8585030824939691,1.0022237162942509
60656.84621631337,1.0007545772900068,1.000840033624144,1.0020201422094268,1.0009216641224827,1.0018972908599306,1.0025843928193794,0.9064609251440946,0.9993029665035374
60656.84639404713,1.0009214201182246,1.0008396226989833,1.001047244150285,1.000778895966469,1.0023613002055236,1.0002111188699867,0.9746368393544318,1.0018450215928838
60656.84657178088,1.0007347968265352,1.0011147494888062,1.001013647508015,1.0013400256098204,1.0021796184557634,1.0008714086123391,0.7824670994390752,1.005275007998687
60656.846749514625,0.9994090798545567,0.9995154625998257,0.998652523381777,0.9994931476910492,0.9993546374462479,0.999922275198503,0.355346200117528,0.9898738819868488
60656.84692724837,0.9990613961082555,0.9997841557238559,0.9992872281296139,0.9989819298645687,1.0005736461644503,0.9981064784820011,1.6492102806563353,0.9897666748957933
60656.84710498212,1.0008561273678116,1.0013146002537072,1.000524314478765,1.0006443272706165,1.0009884042222448,1.0012323960484124,1.3176056634215774,1.0007996030600823
60656.84728271586,1.0005614565406051,1.0008251047908603,1.0005961252145261,0.9996584430591233,1.0011656366744814,0.9986258611607783,0.22848043774533433,0.9913758629455625
60656.847460449615,1.0011271112450304,1.0010210095161727,1.0018032438518805,1.0019220369218085,1.002145325015914,1.0043281878859724,0.319118767691432,1.0098964029981232
60656.84763818336,0.999721431324316,0.999538323681985,1.000088829319737,0.9985719965490412,0.9993402253333171,0.9987331406522884,1.4367132782429013,0.9966220688948659
60656.847815917106,0.9998888953041498,1.0005109419202125,0.9996654900673954,0.9995644365954992,0.9994796508057803,1.0001739349016774,-0.41078081492116014,0.9903072079249974
60656.84799365085,1.0011363279869487,1.0021874107234665,1.0025166150918707,1.0031664226955632,1.0026479871934846,1.0014302298565905,0.9857627337375849,0.9988702651833709
60656.8481713846,0.9999643562466585,1.0003019838522773,0.9999607002351923,1.0006950316840169,1.000056171099795,1.0005252957923696,0.3656069279011979,0.9984038231362324
60656.84834911834,1.0012173221977823,1.0007355739512473,1.0011943104601873,1.0014698918466198,1.0012438504756154,1.0012318504027746,0.7945475600957702,1.0025824948083308
60656.848526852096,1.001895976767362,1.002217306207453,1.0025790216526744,1.0029604190886956,1.0031311137628214,1.002600201111175,2.097642089648047,1.0135266154068745
60656.84870458585,0.9998865428478071,1.000406416202541,1.0018997957086686,1.000967674044849,1.0005893464270557,1.001510461886439,-0.3294845396277544,1.00111954490288
60656.848882319595,1.0003538396442597,0.9998961785186674,1.0007396217624938,1.0011311114627783,1.001040988683061,0.9995236502773635,0.10390886223524161,0.9917119871194987
60656.84906005335,0.9994707597342284,0.9998914893396534,0.9992266854326406,0.9995633240977733,0.9992950112611995,1.0025862219259742,0.040056071448780886,0.9987914539595534
60656.84923778709,0.9999976718908596,1.0007298872247163,1.000565448687796,1.0003029625927005,1.0001076370262698,1.0023315235382744,0.718187175844636,0.99940067092383
60656.84941552084,1.0018536201209511,1.0017246532615347,1.0016762956132759,1.0007927405465655,1.0004959567805607,1.0014735077789958,1.2057222429918986,1.003419951950292
60656.849593254585,1.000186658689773,0.9988145082338843,0.9986582873194727,0.9986166561873447,0.9978881065693855,0.9976142658189024,2.159488700111187,0.9942733042859984
60656.84977098834,0.9992313069373759,0.9984355036889617,0.9987907888382137,0.9980934813896487,0.9972495654554832,0.9971006837995986,0.7284482170751166,0.9834269786640436
60656.84994872208,1.0000083986129111,1.00002986526624,0.9994846904457803,1.0001264303262147,0.9985358716061056,0.9992653116916604,0.23781945428579096,1.008743559656464
60656.85012645583,1.0018980699884494,1.0018687327424993,1.0012227835900862,1.0018062090797832,1.0014127465659266,1.001609481933816,1.0059675081875399,1.0020873780704107
60656.850304189575,1.0000545816269495,1.0017198102796203,1.0018448105730435,1.000738186547228,1.001218689014097,1.00406695755139,0.4321982036338214,0.9998532738723936
60656.85048192332,0.9995010822779442,0.9995493312650889,0.9990543476803635,0.9993840351181412,0.9980662204652403,0.9967327058021185,0.9054503401209167,0.9918907540671803
60656.850659657066,0.999768970527057,1.000324381535345,1.0003904227738205,1.0004033990998826,0.9995104082756995,0.9995991118580735,1.114659392294578,0.9946366122371761
60656.85083739081,1.0006467168520483,1.000985595584123,1.0006944929636212,1.000418605694736,0.9991941848628484,0.9996637059676622,0.6627728282795987,1.0048919663871072
60656.851015124565,0.9995291604183781,0.999124975130365,0.9995804368859407,0.9999126216761128,0.9990398766180756,1.0000084886394303,1.476601813532296,0.9934560647835431
60656.85119285832,1.0009002183886384,1.0015062156875465,1.0019380079359907,1.0004967258472421,1.001144895036347,0.9959130031320105,2.7333477410040565,1.022319901254546
60656.85137059207,1.0004556646127352,1.0000789423241765,1.0013836113602403,1.0000311736952077,1.0007055954008321,1.0026991010957513,1.577434097804079,0.9997437223840636
60656.851548325816,0.9997523656570958,0.9998241234883674,1.000635638051935,1.0001527356333773,0.9997375834531047,1.0010024448298376,0.39031333953827324,0.9992557209085106
60656.85172605956,1.0018588757358848,1.0019985116297916,1.0029137627706979,1.002183740299596,1.003473999223119,1.0028618918594938,1.9295382711223388,0.9961243072641796
60656.85190379331,0.9996801535201855,0.9994258514208154,0.9986213160946006,0.9992490999672052,0.9979467439804571,0.9998107704421563,1.1909057445959925,1.0002562840000717
60656.85208152705,0.999450064963819,1.0006656437532515,0.9995972034273136,0.9999412515051835,0.9992885985039905,1.0005397081955252,1.3303208329734142,0.9968616069792534
60656.852259260806,1.0002223642405257,1.000590920514048,0.9998941710873022,0.9989236480866914,1.0000161960097045,0.9974330973502338,0.6914938620240095,1.0055734172014281
60656.85243699455,1.0009264378322427,1.0008470551789053,1.0019527053349329,1.0029051315151893,1.0034936981440394,1.0018408768585494,1.945051670904279,1.0019760057640907
60656.8526147283,0.9998541244737684,0.9996736117891671,0.9990901041389275,0.9999502749912816,0.9997842638173401,0.9994114871016934,0.9637847604959338,0.9974255331498788
60656.85279246204,1.000019187649654,1.0003583175119954,1.0003817409160787,1.0012492870667662,1.0007074025919644,1.0004993269352325,0.10653634521752102,0.9905814170494341
60656.85297019579,0.9993782540352916,0.9994917300885277,0.9994389589840639,0.9982248048147623,0.9990456780185962,0.9959961885222159,2.424832672274695,1.005321644657736
60656.853147929534,1.0008937832456175,1.0004419569767475,1.0010823759910743,1.000658347368459,1.000200012132087,1.0001748796955765,0.5389616631230371,0.9976490196835579
60656.85332566329,0.9998873722778375,0.9993592759354925,0.9996361806741915,0.9991657707962331,0.9996227412670502,1.0005264315334084,0.8130694130791564,0.9900617553954983
60656.85350339704,1.0007687027719756,1.0013168539185584,1.001205105479996,1.0008099053557995,1.0011345792727484,0.9996443131381015,0.28989066988049483,1.0111724346413082
60656.853681130786,1.0000114785856016,1.000539417893901,1.0009088555266874,1.0011627743034222,1.0023293250272705,1.0022361551531103,1.9445002250911911,0.9958185274777356
60656.85385886454,0.9993702958659582,0.9994400094301517,0.998968054374656,0.9976313154242399,0.998267823211516,0.9998340613567723,1.0342240207240305,0.9976228447958034
60656.854036598284,1.000917416476044,1.0008938606584763,1.0014831737868821,1.0013383633925799,1.0027909339914935,1.002695879030003,0.42939983641585233,0.9985827619620111
60656.85421433203,0.9996289388250429,0.9992746678743575,0.9987989354347487,1.0001754319445015,0.9999699572014519,0.9999277745130343,0.12529663835069382,0.9952374656182514
60656.854392065776,1.0003381352676344,1.0004463676820399,0.9999317612216668,0.9998251100330878,1.001638308822002,1.0011594271375213,1.0505222541706236,0.9980716345214685
60656.85456979953,1.0000681241749332,1.0003239259168712,1.0012425740938202,1.0012898129264647,1.0006212318852854,1.0006147255092732,1.1589757352771264,1.009407192510739
60656.854747533274,1.0007392738147953,1.000181859082566,1.000664454886272,1.0000694772154606,0.9997988349794031,1.0001153544967158,2.639145021627633,1.0058576240404882
60656.85492526702,1.0001292085348938,1.0003300360537393,1.0001900407812132,1.0004191075323599,1.001692661360469,1.0033593965125416,0.714753637687708,0.9911583260063154
60656.855103000766,1.0003688143557545,1.0006197267116106,1.000878049575642,1.001640221526971,1.0018691115430802,1.002306727559757,1.752617618707201,1.0034683145033674
60656.85528073451,1.0009213898817855,1.0015306656441387,1.0019412077573457,1.0027367323087089,1.0018256433039796,1.002516106726776,2.402947802023124,1.0177307740799686
60656.85545846826,1.0004863355661788,1.0000563770864195,0.9999493552443729,1.0001034120481116,1.0016892972303357,1.0022783616217048,0.5158224367808919,1.0073138499017469
60656.855636202,1.0011899592949391,1.002117297952381,1.0026837042984476,1.0023937084384484,1.0017110699072518,1.0018885164629676,1.961964427271407,1.0013892796228236
60656.85581393576,1.0010811157890038,1.000278067501277,1.0014067418675612,1.0019191873959998,1.0019054158978338,1.002791356336693,1.526725176611487,1.002335224913379
60656.85599166951,1.0016396876459805,1.0017889502925978,1.001765488945762,1.0023869114233614,1.00328811305218,1.001440154840495,1.377816778081516,1.0116282908362604
60656.85616940326,1.0005754070502875,1.000637429787327,1.0003544689404307,1.0004475910597537,1.0008785389022812,1.0007480722609763,0.37501396820413935,1.0004221106734568
60656.85634713701,1.0018495558524085,1.0026556812051246,1.0030541062613125,1.0015064874073027,1.0042978893000514,1.0010323197070163,2.1964953984578464,1.0021738755978618
60656.85652487075,0.999226231820169,0.9999871753713373,0.99970508325985,0.9998482898849042,1.0014434940257604,1.000822700737332,0.7797746981395649,1.0131330014412792
60656.8567026045,0.999872012934282,0.9997749979372814,1.0011049426957783,0.9998704371405157,1.0010488063742724,1.004830682376688,1.3475645659543214,0.9912557536829055
60656.856880338244,1.000228739064153,1.0005233456717622,1.0005803860541291,1.0014298772681234,1.0018884621501085,1.0022317743025693,-0.7812999117456328,1.008673687757556
60656.857058072,0.9996026119423155,0.9992634473194729,0.9992035918096032,0.9989094407404089,0.9997094679042048,1.0014961607576254,2.236315973835033,0.9892687769107017
60656.85723580574,1.001303214251269,1.0002989818006076,0.9998930903558452,0.9996945791307258,1.000236195809702,0.9993589632825784,1.8227402814037288,1.0134945351005205
60656.85741353949,0.9997907030059111,1.0003897823283987,1.0004513565978819,1.0006289213277388,0.9993680529995799,0.9986140027621172,0.5972181791955488,0.9975254782249549
60656.857591273234,1.0007391525620706,1.0003834246593333,1.0013221858555093,1.00209852720864,1.0022524496116096,1.0032410631469342,1.8374472661276455,1.003410345786619
60656.85776900698,1.0008640477799675,1.0006528410188842,1.000094073694001,0.9993757276470594,1.0007911232375915,0.9987848759552129,1.4306943541712802,1.014626287851623
60656.857946740725,1.0005768117400802,1.0006693158427329,1.0006068602973748,0.9992588393207638,0.9998111946541128,1.0006639585927153,1.1157622165877354,0.994025100667029
60656.85812447447,1.0014005465760694,1.0023804255827544,1.0014507515138482,1.0022726556419201,1.0014319742713524,1.001202483733784,0.9975409364738421,1.0125434433255083
60656.85830220823,1.0002875346638227,1.0002956735906938,0.9998711719802408,0.9994746939072301,1.0010924344039933,0.9978160344114475,2.5088122449791332,1.011345169882418
60656.85847994198,0.9999146599732943,1.000426777354264,1.0003541951624468,0.999494269558575,1.0013515169135179,0.9985050920542651,0.457858106537969,0.9986331529012522
60656.85865767573,1.0013667388606846,1.00105853579535,1.0010514324923885,1.0026263551817176,1.0022408846264461,1.0034783197198147,1.1214830411332735,0.9981152665999722
60656.858835409475,1.000421733188874,0.9999860864468031,1.0010307327252053,1.0003207274380115,1.0005176371422457,1.000790242676131,2.3821698657006727,1.0103839459934283
60656.85901314322,1.0006472833631959,1.0020383771606105,1.0028176805298745,1.0025308094886975,1.0017781556449057,1.0046922783168672,1.5008011947693545,1.0180605930897795
60656.85919087697,0.9989432934986907,0.9998680680530476,0.9995085069349066,0.9998595753292078,0.9983142994812355,0.9971270742951468,1.6602406178769729,0.9899718317452378
60656.85936861071,0.9996233005733465,0.9996044755760262,1.0000069660799187,1.001518448805195,0.999242789387916,0.9991293107101279,0.5822226748088142,0.9934002253668672
60656.859546344465,0.999400236386849,0.9994273440327269,0.9991345958057151,0.9989660709250708,0.9986846924704398,0.9966187455366005,1.019951224844075,0.9989167600388305
60656.85972407821,0.9996513696581971,0.9999657672742245,0.999903840477821,0.9992361247864854,0.999309573525409,0.9991115557401538,1.250977688871996,0.9920665738379405
60656.85990181196,1.0009554833852383,1.0011891032391596,1.001231496843379,1.0010263373285118,1.000890296674272,1.0002490527406291,1.1151866562666803,1.0041128516678046
60656.8600795457,0.9996517527554133,0.9995574981990961,0.9986261075386468,0.9990154883558906,0.9989722314278789,0.998026611138584,1.0495134058749596,0.9872614795468405
60656.86025727945,1.0005065915245124,1.000667029065022,1.0007151483818448,1.0018605897747133,1.0015116211830248,1.0014275242569524,0.09775714584182543,1.0043921003728487
60656.86043501319,1.000273120017128,1.0002774088629747,1.0001184846128721,1.0000638196270517,1.0005482596613857,0.9990848285612941,0.9821190817352415,1.0050267466017222
60656.86061274695,1.0007140758102828,1.0001976153754533,1.0003563310478667,1.001894141404686,1.0029348764222419,1.0049158257247475,0.44480688949950475,0.9870545065798477
60656.8607904807,1.0007579192606735,1.0010318336214636,1.0002967961919809,1.000364762914848,1.0012851583900202,1.0009485782219032,1.5002193039836378,0.9984870901707606
60656.86096821445,1.0002478494144655,1.000303004379757,1.001607814672059,1.0014146366616343,1.0014474860106855,1.0024083691512786,1.402208579671985,1.0074254699171825
60656.8611459482,1.0012690607353922,1.002774406368443,1.0029595285918806,1.002408200051177,1.002967274619283,1.0019792407590358,0.8040196417728387,0.9997976589122065
60656.861323681944,1.0008289262375913,1.000320704198471,1.000171145160449,1.0010869735083676,0.9997513087629637,0.9999888605744345,0.7684483324636232,1.0040833219542058
60656.86150141569,1.0014181007474259,1.0011768943649324,1.0018387309234462,1.0029321830863283,1.0023253189540773,1.0005011924182035,1.5909361860223163,1.0203352980805904
60656.861679149435,1.0008394095332867,1.0005973894640354,1.0008900991001832,1.0006231028296186,1.0010482534097482,1.001446056163573,0.6876773499101551,0.9981904131015703
60656.86185688318,1.0005185573266224,1.0006833419434642,1.0008953060412904,1.001158405320709,1.0011076276743176,1.0006217691013004,1.8285214572303752,1.0023195248974712
60656.862034616934,0.9998602653870764,0.999816466094322,0.999573627674001,0.9999565560033782,0.9993628349645831,0.9972184044181873,1.134236427977729,0.9861407022022266
60656.86221235068,0.9999762729337407,0.9999901913557404,1.0002106752324782,1.0009140796015448,1.0011350864504016,1.001717833155938,0.6253295182612231,1.0035835493664247
60656.862390084425,1.0005180545115262,1.0000057133253855,1.0007170640593113,0.9997300422736358,0.9995175332319371,1.0001485815365105,1.0874235693777097,0.9936120223596998
60656.86256781817,1.0010609942830586,1.0002275718377662,0.9999621668245539,0.9999745294189573,1.0004614670318173,0.9989325812029123,1.0181076607261266,0.9987603953129127
60656.862745551916,1.000947360066624,1.0014363359730911,1.0009706302245895,1.0012687659214392,1.002134807567635,1.0014856290010092,0.4991140384470046,1.0026654187106179
60656.86292328566,1.0002818393159065,0.9999614177282034,1.0009194929100953,1.0002775084617608,1.0012379030019987,1.0018994875041127,-0.13908953787620912,0.9956375896747494
60656.863101019415,0.9997404049199731,1.0006593553859635,1.0013022535229237,1.0000784748054976,0.999506282637599,1.0008571032161637,0.3830302496518184,1.0049739175891481
60656.86327875317,1.0010023055085746,1.0009276124335351,1.0014360211825106,1.0026647431777242,1.0026239286950638,1.0037256631134117,0.1442350366053427,1.0037143381157299
60656.86345648692,1.000758108046561,1.0007680980172724,1.000982158648854,1.0013194672361654,1.000844511841923,0.9998465950135356,1.4488633403443614,1.005858465544336
60656.86363422067,1.0000836646301536,1.0002131239551988,1.0007216103765577,0.999646546364494,0.9997568788192919,0.9993866482188901,1.354689061041893,0.9927083546301101
60656.86381195441,1.001180180646407,1.0020687297106279,1.0025035622270029,1.003308252469816,1.0024349773989456,1.0024179900914223,1.5063784246872705,1.0060684179673895
60656.86398968816,1.0009558575803557,1.0016726436346508,1.0013322349565523,1.003436556310943,1.0020432249269007,1.0032719534486163,0.008255924304487426,0.9984155892984377
60656.8641674219,1.0003203873988877,1.0006168163988474,1.0001956783682835,1.000266650855796,1.001238736990398,1.0007178943319104,0.6273513302930833,1.0025035521801309
60656.86434515565,1.0009217326125883,1.0011128584369104,1.0015072521983301,1.0019569390571776,1.0014709997009474,0.9982150607644635,0.10423173799033664,1.0000269766557428
60656.8645228894,1.0008681645401962,1.0016937104702694,1.00243084145937,1.0029198809818571,1.003283064076401,1.0054541302086115,-0.13938915587795284,1.0046671241295817
60656.86470062315,1.0019180277264743,1.0028425978698867,1.0034080188638028,1.0024088506251505,1.0046247914347775,1.0063050058412195,0.9924040052908666,1.0070472549936393
60656.86487835689,1.0004356568387762,1.0013603605973342,1.000362438360676,1.0007365000570416,1.0001868636997338,1.0016692872792108,0.7064669932739472,0.9976574306039505
60656.86505609064,0.9988133902362968,0.9990108018091178,0.998726812499875,0.9985875076254991,0.9972494903798438,0.9981911740800087,1.6639263205103378,0.9834079204113516
60656.865233824385,1.001757385823989,1.0019496703426545,1.0023543458707502,1.0033964826363075,1.0023602610103766,1.0029834207409396,0.19894218779798692,0.9945025272719583
60656.86541155814,1.0009225585124761,1.0012262180503428,1.0012225914844437,1.002161336370492,1.0010002100055704,1.000351741588866,0.3657038595860248,0.9981217741326697
60656.86558929188,1.0002329531335306,1.0005358009925196,1.0001570388980126,0.9996830776645812,1.0008355785823213,1.0016712446603941,0.9958255070902651,1.0049213628660634
60656.865767025636,1.0009890005545374,1.000436090210351,1.0014611102891868,1.0015598751247876,1.0020965416069154,1.0024785694439777,2.175531845899604,1.0049441505240433
60656.86594475939,1.001110468464407,1.0011368265380631,1.002114699899872,1.0030962051207428,1.0031021731233758,1.0037597777413907,0.11287183663694393,1.0054586487220158
60656.866122493135,1.0008646798289802,1.000521329949045,1.0022102489652065,1.0012143463455285,1.0019053195044203,0.999776938982465,1.372688224054784,0.9938398684906246
60656.86630022688,0.9997717667069783,0.9995894758124636,1.000115303123884,1.0001549131896068,1.0007185412216453,1.0024115774461353,-0.3700204470634418,1.0133247490329802
60656.866477960626,1.000833194640468,1.0009302974702854,1.0014227067246448,1.0002453685728843,1.0004710351903445,0.9970574208475601,0.5661653055006771,1.0043433005955047
60656.86665569437,0.9998695737592184,0.9995042062179126,1.0000532982285353,0.9988096398302764,0.9994638141094204,0.9997279878217027,0.2288044302998066,0.9913072280531512
60656.86683342812,0.9993794774599348,0.9985259340041247,0.9988236727136629,0.9997729822954531,0.9990249278533522,0.9978720252428774,1.2652204588693179,0.9965818454685034
60656.86701116186,1.0000210989916543,1.000034279590424,0.9996908459264782,0.9994790071875904,0.9994064867219133,0.9994236729800046,2.1820152888573174,0.9994269902357744
60656.867188895616,1.0011034049560001,1.0007720165532836,1.0002355497297084,1.0002511433206798,0.999124533392046,0.9973327117932197,1.3730535126461043,0.9923369021862286
60656.86736662936,0.9997540133127908,0.9993536733481952,0.9991501586680197,0.9982054988218291,0.9982941945957463,0.999393547020485,0.3209800961171463,1.003683088914016
60656.86754436311,1.0013527848208592,1.0014523081328728,1.0021474989195143,1.0022969934386805,1.0026548101788169,1.002049501048535,0.13079539627910286,1.0040731485345775
60656.86772209685,1.0013299515514464,1.0014707529004576,1.0024040886080552,1.0014421686747914,1.0007943435190922,1.004356936871645,0.6421460917331271,1.0130484971298748
60656.867899830606,1.0008199575265626,1.001663255505615,1.001776458726818,1.0022159345628223,1.0016208877515929,1.0021161810214971,-0.06365785241033783,0.9951362607000197
60656.86807756436,0.9996129861105588,1.000231767038053,1.0005593761735514,0.9992873312588436,1.0012108906015682,1.0024354508671685,0.4947034842594068,1.0070873322903422
60656.868255298104,1.0008250185231993,1.0012252496349046,1.0017184721326355,1.0025187581554829,1.0032677918376263,1.0004047418762243,1.1521252391386405,1.0036439099840262
60656.86843303186,1.0001636725498366,1.0009710713429396,1.0016419656763254,1.0001794789602363,1.001223850325277,1.0016991704143114,0.598424640613453,0.9995505795723274
60656.8686107656,0.9992508867966563,0.9999700037298779,0.9998862858642156,0.9995144963741173,0.9996625890066119,0.9983306759359484,0.8823436983161114,1.0022081355364516
60656.86878849935,1.0006942703288442,1.0005388019585215,1.0003912862612399,1.00091052593897,1.0016727941218186,1.0016995122876575,0.092322351959246,1.000448696621074
60656.868966233094,1.001770591013126,1.0017787260186182,1.001382526018248,1.0023365225582583,1.0030112098103234,1.0008991335234507,0.7914395770837113,1.0099790264881123
60656.86914396684,1.0006297910460777,1.0001902876624482,1.0001181732919564,1.0008021430299987,1.0005823814468102,1.0024394627177824,1.89753569770589,1.0024038969101616
60656.869321700586,1.000679693909527,1.0008299121266908,1.0015444602071284,1.0005287621518755,1.0011204198217847,1.0023189885205686,0.14719276714733834,1.0037532878471926
60656.86949943433,1.0008610471587434,1.0016043926024376,1.0019693085316221,1.0022681939940998,1.0037298015760037,1.0032374706280494,0.6782338151111393,1.0027264255765527
60656.86967716808,1.000517483856298,1.0003088959355624,1.0006481260164397,1.000537967574401,1.0009403341245067,1.001810003810849,1.3794345676226567,1.0008441624566917
60656.86985490183,1.0005430496095802,1.0008275784843312,1.0004816668065957,0.9997350831521509,1.0006412637342263,1.0004129704338849,0.3880523083832559,1.0001741898297298
60656.870032635576,1.0005658446613617,1.0004064862280968,1.0002852754519422,1.001015170150264,1.0009709711026589,1.0006416482255698,1.34125374628164,1.0086695182578183
60656.87021036933,0.998885406527034,0.9991442788419123,0.99917159776749,0.9980889340118493,0.9989508378365992,0.9968689486392633,-0.39397334882047697,0.9940289338980022
60656.870388103074,0.9995083066380666,1.0000585556592665,1.000180882391703,1.0004781158755005,0.9994537765891176,0.9995747095840477,0.3484406650409176,0.994295349315793
60656.87056583683,0.9991459356566671,1.0000632707133565,0.9992225329868484,0.997657157479647,0.9979740260970735,0.998599484966659,0.8438536280298649,1.0064341412800317
60656.87074357057,0.9998635901674834,0.9999657167906844,0.9993015795188502,0.9996216977291995,0.9989785579871315,0.9993022895117952,0.5919835965609959,0.986431442572002
60656.87092130432,1.0008373470090919,1.0006950912184365,1.00114196298992,1.0013985307873339,1.0018589957958153,1.0025243755821718,0.2985345740035664,1.0200043558732068
60656.87109903807,1.0011208182286206,1.0006528013920193,1.0024539673561552,1.0016703502288982,1.002847698219019,1.0031393770364494,-0.780960272390738,1.003448720899488
60656.87127677182,1.000036732458458,0.9999668144005589,0.9993744608868003,1.0003972671930252,1.0009475634451517,1.0011620270680552,0.7793255729746188,1.010454168262426
60656.87145450556,1.0014581224347228,1.0016165792204805,1.0025948212989053,1.0019109421197308,1.0033556538779695,1.0015030833872458,0.7293715199315797,1.0165517481551418
60656.87163223931,1.0008673929738077,1.0002450773219917,1.000793311996314,1.0011843185718388,1.0007121512651858,1.001707135733417,0.7099039375528845,1.0068902233041679
60656.871809973054,1.0004946310943588,1.0004012989086304,1.000848417335184,1.0006409710378388,1.0015429972391383,1.002869974957785,2.685465504046491,1.003666430174397
60656.8719877068,1.0007296082843111,1.0004425587984493,0.9997790608374831,0.998577828105859,0.9990286328824998,0.9972798833998073,0.408131358156539,0.992679426281866
60656.872165440545,1.0002578047236128,1.0002996987030677,0.999911649407524,0.9991492082364147,0.9970892989855207,0.9973439948131113,1.2439195818189228,0.9930308350857766
60656.87234317429,1.000503958498574,1.00034121661987,0.9999424911451067,1.0001620199983108,0.999597992258119,0.9980095010015757,0.4688735422650442,1.0017725006831235
60656.872520908044,0.999769338275827,0.9995229166121538,0.9991775766439556,1.0002101556847849,0.9994537591641545,0.9984415422257719,0.33326038027655397,1.0028347594009115
60656.8726986418,1.001155135051965,1.0011272639784439,1.000733022769014,1.0015769477853607,1.0019510715259345,1.0032998360675793,1.1316756046838508,1.0109685415035246
60656.87287637555,1.0007193031840755,1.0005160693470203,0.9998496747002047,1.000680128168987,1.0000307402928348,0.9985454219908823,1.3327803432926009,1.0046684666672332
60656.873054109295,1.0011525967259391,1.000740411504824,1.000115505548344,0.9990227480325098,0.9993223030171572,0.9967563226047741,2.402258239936116,0.9996382419773743
60656.87323184304,1.000057866654881,0.9999209916310489,0.9996922070223984,0.9993803164880675,0.9996264186757774,0.9983523330968722,1.1149614017793956,0.9942366873462949
60656.87340957679,1.0008341414861115,1.0009486906686627,1.0005649663379714,1.000617872341769,1.0006071957066676,0.9995377983808902,1.7590042483933268,1.012422232329242
60656.87358731053,1.0001998357912536,1.0001701783855925,0.9989749354889932,0.9980923017539872,0.9994257110906442,0.999026004662976,0.6247340006656413,0.9943123141664758
60656.873765044285,1.0005032002853336,0.9996909310814109,1.0002627380570706,0.9989778064148768,0.9992792153466684,1.0004315997055548,1.9871478469086077,0.996216663205814
60656.87394277803,1.0008227334465352,1.0003322701765751,1.0013733584076672,1.0015039446502148,1.000667693510621,1.0021127690927496,1.3502353765731476,0.9852675901304228
60656.87412051178,1.0001090805826012,1.0008796512608766,1.0007799031322469,1.0013630636604145,1.0015883267979802,1.0004813351151458,1.2484159252376856,0.9984207300841293
60656.87429824552,1.0010887003771578,1.0019936284781785,1.0013891199620937,1.0016021787379978,1.0020006299750526,0.9999358426409586,1.2274117546164378,1.0085147805502646
