t_bmjd,bin00,bin01,bin02,bin03,bin04,bin05,bin06,bin07
61256.14762141856,1.0010712570213836,1.0004616784479325,0.9994287666795019,0.9996454347565116,0.9997250887106016,0.9999930887558756,0.9990782343611656,1.0000174558580297
61256.14770518282,1.0006724078633735,0.9999697358105736,1.0006481379866639,0.9993494261515773,1.0004515379333303,0.9998936775958417,0.9996189946176373,0.9997170199483375
61256.14778894708,1.0001804852784744,1.0002469880140135,0.999785914667727,1.0000372137302833,0.9997173508622054,0.999721676381148,0.9993587927002512,1.0021154845053002
61256.147872711335,1.001683526327916,1.0013628424646925,1.0011281030893986,1.00019488237421,1.001855400948981,1.0018669657485082,1.0006038026473523,1.0015660086370755
61256.1479564756,1.000963765924022,1.001175649703424,1.0001664182391832,0.9998447023084668,1.0005916005237547,1.0007568296841314,1.0007916802120733,0.9998765177329473
61256.14804023985,1.0002106709168501,1.0004544460089664,1.0000017003373263,1.0000704162328777,1.0003623296840243,0.9998844011788703,1.0009273906014218,1.0021111668992386
61256.14812400412,1.0005966894560967,1.0005211746102376,1.000759439166265,1.0004828415121316,1.001318299430789,1.001726816354563,1.0018304544266934,1.0010325053918883
61256.148207768376,1.0005967290924869,1.000280976345607,1.001971522857084,1.0017768881229219,1.0017798667164144,1.0015240229566058,1.000262382489746,1.0004534145881512
61256.148291532634,1.0003988634339942,0.9997152891833602,0.9998928592460482,1.0008994850669688,1.0010868930976178,1.0008719704414981,1.0014869522846508,1.0004128216589683
61256.14837529689,0.999863690763854,1.0000839767454905,1.0003434422618411,1.0012784352491544,1.0012387908592701,0.9997687178489695,1.0004661575708897,1.0010738647197666
61256.14845906115,1.0016885415283627,1.0007658819549652,1.0001543607774999,1.0005848941923488,1.0000142726340173,0.9998863309348743,1.0004589078768882,0.9989559772260943
61256.14854282541,1.0000156221022303,0.9999380661696563,0.9994594948441037,0.9997359770111455,1.0000539938931992,0.9995331891619815,1.0008013973925542,1.0005435978840596
61256.14862658967,1.0005344705649222,1.001429528187215,1.0014991831150288,1.001043285838736,1.0012510748878733,1.0022110621030178,1.001276401184888,1.0012702268610771
61256.14871035393,1.0007464035507596,1.0010287073576956,1.0013729626110823,1.0009091279725901,1.0010547414286668,1.001541496843584,1.0021282896139787,1.0007889744593481
61256.14879411819,0.9997519092267529,1.0000394400183534,1.0007244214370106,1.0000823536405328,0.9998074014159414,0.9997970234003767,1.0008062452174453,0.9970158683429773
61256.14887788244,1.0008593571545432,1.0004253633858966,1.0011319056919732,1.0006558198051738,1.000820803114189,0.9994691832436956,1.0000900876831307,0.9991635690482213
61256.14896164671,0.9999714061127393,1.0000113582344132,1.0004242218431925,1.0012344984717891,1.0012948933009533,1.000963542429644,1.0012106730865917,1.0011634660993742
61256.149045410966,1.0014792577962914,1.0000983387814233,1.0002480923474903,1.0002564156205167,1.0001806250559653,0.9995373902849038,1.000773202087561,1.0002838154319156
61256.14912917522,1.0003541549158008,1.0001737924264413,1.000693217111913,1.0009458516523526,1.000761398859413,1.003092933182129,1.0034951551163727,1.0035936525584133
61256.14921293949,1.0008270918027478,1.0005337016813791,1.0006301581396189,1.000421704271252,1.0006000962096302,1.0005725276158486,1.001866205640077,0.9996861803369352
61256.14929670374,0.9986860321579362,0.9990534309056065,0.9996472992918302,0.9998783335278251,1.0002271675281973,1.001013829320348,1.0015168980696647,1.001876410438151
61256.149380468,1.0004537018430812,1.0009406474721794,1.0019024574252529,1.0006494599282754,1.000912236054036,1.000857896691627,1.0014120606524242,0.9996990854126638
61256.149464232265,1.0000834910411367,0.9995398291197451,0.9997151755473435,0.9994951511925196,0.9998769800527659,1.0016666031994672,1.0008760350992334,1.001807967910621
61256.149547996516,0.9990539637344297,0.9994186752148737,1.000394809244563,0.9994890143474641,0.9994250381140114,0.99905005215907,0.9996594378146606,1.0004952588987672
61256.149631760774,1.001314198034192,1.000615684844207,1.0003165985468587,1.0004083877833703,1.0003827848764792,0.9997404475790804,1.0002790653640536,1.0006860445573955
61256.14971552504,1.0005658946409834,1.0016864170048347,1.001866154307644,1.0015447382429732,1.0026609546533378,1.0032190786740738,1.003287217775141,1.0016818951992843
61256.14979928929,1.0009797449756552,1.0011728388004428,1.0010848757117836,1.000357091946452,0.9995671887274505,1.001032554509274,1.0009886129737142,1.0025861946420054
61256.14988305356,1.0006285368966894,1.0010163543698078,1.0007228876122518,1.0007577706341826,1.0009112859697773,1.0014512946365377,1.002667317845315,0.9985854401479092
61256.149966817815,1.0007719219376725,1.0007378049725517,0.9997221552628983,0.9994646954509736,1.0000079110901114,1.0001514138529422,1.001493069395523,1.0004062313104247
61256.15005058207,0.9989068448922761,0.9994434526552305,0.9996415564131849,0.9988150403698358,0.999040368019665,0.9988977976286051,0.9997388444003333,0.9987122211859822
61256.15013434633,1.0014720088591367,1.0008660311910615,1.0015168980449034,1.001104864682664,1.0025661656726157,1.001752427160835,1.001771821889933,1.004651410490963
61256.15021811059,1.0006073089495162,1.0001776990824498,1.0006945761069295,1.0005052559644998,1.0006257324358918,1.0016501703556595,0.9996093515984533,0.9978634739964838
61256.15030187485,0.9993631033714147,1.0002097998557868,1.0005866515911988,0.9996895308777378,0.9984120805429892,0.9997070958170382,1.0017112796143293,0.9995122702510235
61256.15038563911,1.0003195942445842,1.000194644116347,1.0020561907855332,0.9999272171514592,1.0005537659183779,1.0002300332329694,1.0008532067482117,0.999744413033063
61256.15046940337,0.9998850954786874,1.0003601391140642,0.9997706247488709,0.999848758514244,0.999500984883164,1.0001952220557009,0.9993393053669337,1.0010804938669289
61256.15055316763,0.9980262772587362,0.9980697766624806,0.9981559695188499,0.9986767465020757,0.9996216283527473,0.9988080106945614,0.9988833497500054,1.0006140251876976
61256.15063693188,0.9999399022318654,1.0003134115508527,1.0002883279093806,1.0007576219462875,1.00111147787928,1.0016904423014004,1.0011992023502758,1.0006199671080223
61256.15072069615,1.000612776244227,1.000244235510995,0.99947548597499,1.0002166287223027,1.0003666643589872,0.99982964473964,0.9997029554588264,1.0009077258838726
61256.150804460405,1.0000808609405256,0.9999312066864746,0.9998373558138937,1.0001846194400663,0.9996274770133299,1.0003844771246622,1.0009662155784338,1.0008098789159356
61256.150888224656,1.0000499905768565,1.0006937381250371,1.0009226749127906,0.999849920510144,1.00022893846228,1.000950492797351,0.999998994712393,1.0020030165675147
61256.15097198893,1.0000230718814966,0.9999598455591595,1.0003177185707752,1.0011618121464736,1.000501295555564,1.0005690829000664,1.0007904331403052,0.9999250039766344
61256.15105575318,1.0008069115597575,1.0007244910093709,1.0005460076849355,1.0004977734939937,1.0001380749986133,1.0007887520679155,1.0006706281277933,1.001012190409774
61256.15113951744,1.0000207136492811,1.000174804431912,0.999773451868297,0.9996936200426652,0.9996080671838534,0.999643395512983,1.0005421811027315,1.000318600724306
61256.151223281704,0.9996739774329957,1.0010338980312379,1.0007994324163598,1.0016651803942385,1.002600043508166,1.0031298364580619,1.002791904723592,1.0043859815800558
61256.151307045955,1.000836835704364,1.000586482517963,1.0006391529628282,1.0004278445856918,1.0015452362797446,1.002073338313438,1.0027236493313183,1.0041954281462788
61256.15139081021,1.0000633698537076,1.0004422786056635,1.001246102697976,1.0017971389186033,1.000280779715247,1.0010042623076305,1.0008593023283847,0.9994603332606798
61256.15147457448,1.0001829977999943,1.000556606191386,1.0000390272668152,1.0001521747501103,0.999773148884999,1.0004327803835313,1.0004324685200294,0.9992695821806908
61256.15155833873,1.0010915814450687,1.0011903372381923,1.0011015228439515,1.0006113888883703,1.000506085000588,1.001084836951246,1.0014665363972108,1.0009874025641372
61256.151642102996,1.0000130811169934,0.999189559320206,0.9994893313770195,0.9999503963552341,1.000031694280414,0.9995409754115924,1.0005538702218537,1.0008513724643613
61256.15172586725,1.0000620460248728,0.999994207851508,0.9997351684976253,0.9997710871794334,1.0008724102247692,1.0012650818833417,1.0008106128735685,1.0020085360489792
61256.15180963151,1.000537858944262,1.001198522054369,1.000630423056789,1.0016536204060238,1.0016204769051915,1.0013097578207337,1.0012398359060204,1.0013309049409447
61256.15189339577,1.0002080312396617,1.0006061504640755,1.0004278737803904,1.000281402373469,1.0003925617570595,1.0010355300762217,1.0005899983933515,0.9994935393988883
61256.15197716002,1.0010517250594884,1.0011135929874995,1.0008731330634937,1.0007468646248927,1.001225994116278,1.002056867327449,1.0027748818009399,1.0003946759983415
61256.15206092429,1.0004119745666746,0.99978882802425,0.9994408367244724,1.0008818705076667,1.0004960146818223,1.0001650277511351,1.0013966361278699,0.9998366517739928
61256.152144688545,1.000792092205061,1.0005037163713153,1.0013834300129623,1.0006883036496086,1.0010118724241097,1.001378946546343,1.0014003729003305,1.0005429610450385
61256.152228452804,0.9998378723108455,1.0002003244339353,0.9998756179154692,1.0001712174566446,1.000214256416954,1.0001677182052748,1.0006392018508916,1.0001833033893572
61256.15231221707,1.0018214983414606,1.001636442716359,1.0018118488489722,1.0014927289519717,0.9993497280567313,0.9993428439417902,1.0001601813870076,1.0013881274243281
61256.15239598132,0.9998406850314695,0.9995890180794692,1.000474488957529,1.0002396198358903,1.0009504913048257,1.0007740542165968,0.9999026386818509,1.0015323287274187
61256.15247974558,1.0002736409043202,1.0006268880339775,1.0007773305962302,1.001325317533721,1.0025779026932478,1.0035319005851102,1.0017710067991779,1.0033346220814519
61256.152563509844,1.000397953393113,1.0002718631598526,1.0003740493819016,1.000111176541178,1.000435675208971,1.000254007501259,1.0008765436338427,0.9993848351790868
61256.152647274095,1.0007124681502502,1.0002202312280783,1.001100437785984,0.999887311055116,1.0013415165235895,1.0016358856318464,1.000318423482189,1.0014683845092587
61256.15273103835,1.001512919599301,0.9999961949018615,1.0002257282827471,1.000653751060927,0.9998140741360925,0.9993827773756685,1.0001861935474536,1.0020117331559624
61256.15281480261,1.0004026771729857,1.0003097667455374,0.9995428862927207,0.9994506982203454,0.9996122538727192,1.0004108348025291,0.9998900575766192,1.0009305200725485
61256.15289856688,1.0003008639220325,1.0008096815919432,1.0007613210915174,1.0002229249112191,1.000289206982893,1.001223623238974,1.0011413192869016,1.0020135527230158
61256.152982331136,1.000382167469127,1.0001432196551856,1.0010253785892596,0.9998259497911411,1.000382734365243,1.000171975111138,1.0009033657586874,0.9996366469084431
61256.15306609539,1.0006452973704472,1.0010955994341966,0.9998904373530123,1.0001165612732978,1.0013921536157113,1.0009742479864845,1.0024642946298576,0.9998334630439842
61256.15314985965,1.0010530583318928,1.0000456931692272,1.0008392835755298,1.0014065013722395,1.001283340756141,0.9996271049871911,1.0002453452132947,1.001700272580884
61256.15323362391,1.0003003986599743,1.0000092867665231,0.9992633315302752,0.9991342492426635,0.9996316292396799,0.9990484742646919,0.9984991897874618,0.9973604366740516
61256.15331738816,1.001306751447118,1.0007810242947959,1.000437365476409,1.001075096127006,1.0020769668824259,1.0029959600226694,1.0015465677149176,1.0010436642778218
61256.153401152435,1.0007779453389198,0.9997460420676939,0.9998379227299563,1.000458740939034,1.0008431591508968,1.0016649402003461,1.001069087892176,1.0013088983138474
61256.153484916686,1.000759482229483,1.0005006896229656,1.0005792287880355,1.000331536957927,0.9997862598450469,1.0005279706343857,0.9995750754088436,1.000812250607493
61256.153568680944,1.000631804504746,0.9998303164519998,1.0001878473545525,1.0003881840721889,1.0001310887371422,0.9995920585203393,0.9991327060048666,0.9993445635352214
61256.1536524452,0.9999263924741454,1.0003506406895502,0.9994522417482828,0.9993734769142304,0.9991867004228866,1.000009818393534,1.0005382546550632,1.000346386078186
61256.15373620946,1.0003001060423278,1.00063242073254,1.0004351962513256,0.9998823552875734,1.0007949491321293,1.0010277550308764,1.0010494901713054,0.99930432930431
61256.15381997372,0.9999160722487734,1.0002158440844235,0.9996459209207785,1.0007072145195424,1.0006435473604098,0.9996869350517498,1.0000510050212426,0.9995572360239126
61256.15390373798,1.0010654638570207,1.0003464961904818,1.000408148197122,1.0007779968963615,1.000627049275649,1.0021690730439359,1.0008072099978238,1.0006844520504419
61256.153987502235,0.999746264366334,0.9999640710141988,0.9999459555955845,1.0000480228446282,1.0002769746480635,1.0010180268674411,0.9983529655817617,0.9991824302788329
61256.1540712665,1.0002969271506215,1.0002033837880002,1.000484436324443,1.0004303452682737,1.0007234640762332,0.999876953917899,0.9994904081556665,0.9989205218387238
61256.15415503075,1.0005689217705378,1.000468858070106,1.0003428741208567,1.0010157696568753,1.001289665810324,1.0007595773515436,1.0013420339329449,1.0002942213978947
61256.15423879501,1.0009208262795022,1.0003064572654372,1.0000878055444284,0.9999920510212231,1.0001282117928099,0.9998463920180575,0.9984035377766078,1.0000201779968536
61256.154322559276,1.0001507436208728,1.0005350789378589,1.0007177878175315,1.0008757279629086,1.000940855315119,1.002391937096277,1.001310407728122,1.003435647134971
61256.15440632353,1.00082827198292,1.0007448817527262,1.0001938565980026,1.0007455365941769,1.0004044748068162,1.0004459079689079,1.0020254815505771,0.9996005746482239
61256.154490087785,0.9994317911076995,1.0005375666869363,1.0009830821521837,1.0003478616497394,0.9994331114651349,0.9999220112771077,1.0016904809589036,0.999788105694773
61256.15457385205,1.001070601158831,1.0006457647331777,0.9999866647567707,1.0001774279022082,1.0005200031268144,0.999881683786815,0.9999947394943657,0.9998831944965968
61256.15465761631,1.0002205411760863,0.999625106799776,0.9993145880473254,1.0002466168404187,0.9988882234455833,0.9999234654477839,1.0005873084229804,1.001567973509996
61256.15474138057,1.0005431776690132,0.9998918953601995,0.9995302451001397,0.999316910091432,0.9993586313801099,1.0000272746397532,1.0015464870602349,0.9971270247488737
61256.15482514482,0.9997892726429924,1.0005101884941328,0.9985504144816588,0.9996504616464306,1.0000274739737023,0.9992407549622143,1.0012302004054934,0.9998551142480181
61256.154908909084,1.0002661198327543,1.0003050611378415,1.0007618474738054,1.0006311557049536,1.0010352641945641,1.0015564304612632,1.001994595249941,1.0009792657505077
61256.15499267334,0.9998329883893156,0.9992795026324327,0.9996432117279112,0.9990875813164789,0.9995549106115341,0.9998858150618671,1.0006193341418883,0.9988400249077843
61256.15507643759,1.0003553623626174,1.0001129401120403,1.0000435438874202,1.0001098609011199,1.0008770310737605,1.0003019386354681,0.999943937296971,0.9988059263383536
61256.15516020186,1.0011437841672077,0.9992613844627662,0.9994253586130912,0.9998812292245816,1.0001714184962347,1.0029441302807167,0.999194111558981,0.9988132542385674
61256.15524396612,1.0004381738216477,1.000923642475032,1.0006877450523337,1.0004145065380652,1.0004004758035143,1.0007624535104302,1.0021811577332251,1.0018752564311741
61256.155327730376,0.9981270034351322,0.9983649296269308,0.9978888684245993,0.9988404716995946,0.9992129677862017,0.9999836657298934,1.0000725569093833,1.0001169328088588
61256.155411494634,1.0005796756020586,1.0003842931376115,1.0005767253820241,1.000124438510165,1.0008401769607445,1.001008627441934,1.001588647928594,1.001744284197475
61256.15549525889,0.9991214622459971,0.9987795202296647,0.9987304692948249,0.9978420731255931,0.9992705847203063,0.9988405021120184,1.00162261141043,1.0006282387090617
61256.15557902315,1.0003249608522227,1.0007598357163872,0.9995312565514453,1.0000906239090694,1.0003477174083992,0.9999992172509155,1.0018797915112712,1.0013535647201188
61256.15566278741,1.0010095939707297,1.0007596835191617,1.000272690446814,0.9994212731337251,1.0005340565690952,1.0013408370239143,0.9999891661190873,1.0026585026079247
61256.15574655166,0.9993914875491517,0.9996102293255499,0.9995215792241016,1.0004547144708356,0.9993166796866347,1.000150472217832,1.0004459094862006,0.9983502604291594
61256.15583031593,1.0006982557111546,1.0008734973415414,1.0009823308297174,1.0007284773841627,1.0020212374467956,1.001452006465003,1.0012184354162883,1.0007964469725965
61256.155914080184,1.0001609402817928,0.9996643695524684,1.00001155962123,0.9998905224658362,1.0009504115680246,0.999508989139654,1.002499062949735,1.0041363991966743
61256.15599784444,1.0001865465870077,1.0004826267266862,0.9998952292469442,0.9994086995896923,0.9998324734029738,1.0000211294575085,0.9989717780403996,1.0006891970711604
61256.1560816087,0.9999656334316117,1.0003956462913397,1.0003117520882303,1.000651137623358,0.9991555027236741,0.9991110565260468,1.000462179176138,1.0001543340477492
61256.15616537296,1.0002906935967004,1.001015207028286,1.0004312045653736,1.0000000709984698,0.9997381028715244,1.0014690612647603,1.002127515534079,1.0006575176208197
61256.15624913722,1.0001217787301153,0.9999385108133487,0.999820497215687,0.9996051267072253,0.9999267146999891,1.0007917221519245,0.9996102972404326,1.000513517050195
61256.156332901475,1.0005749320039912,0.9996286116908408,1.0003040478871317,0.9992641387749682,0.9990841654849412,1.0001929292338052,1.0003646703987958,1.0011057974948567
61256.15641666574,0.9991454567600111,1.0000523494250053,1.0003011380298081,1.000709034955004,1.000563013022245,1.0010720183175406,1.0000087761432146,0.9998522340804035
61256.15650043,1.0003679969275576,1.0006580484897523,0.9999883957939328,1.0009407291065546,1.0000173958839769,0.9994324897497615,1.002717353823224,1.0009907999626926
61256.15658419425,1.001297530400033,1.001144481207884,1.0008169386641088,1.0000774640391037,1.0009282915319764,1.0008785935929565,1.001391770873365,0.9992460818697458
61256.15666795851,0.9991785252142384,0.9994664207017165,1.0002140259370182,1.0006534080875156,1.000143248430394,1.0010040267796587,1.0008484580328885,1.0004837158057298
61256.156751722774,1.0001235950876526,1.000030225553887,1.0003686686346718,1.0002688184212836,0.9995353781360456,1.0013649312016877,1.000376307229077,1.000409834039334
61256.156835487025,0.9998928163283013,1.0002824997694888,0.9996121476006771,0.9999850624423419,0.9991496158840298,0.9994750464121844,1.000213844775096,0.9986398458893424
61256.15691925129,1.00120544934599,1.0011321922031293,1.0011010140559946,1.0010075868663835,1.0007504676534884,1.0009889806425436,1.0013708871204139,0.9988965526061575
61256.15700301554,1.0003780960935984,1.0000124057488482,1.00091126732778,1.0004371549260547,0.9998446569159057,0.9996506377597278,0.9982401006312913,0.9995810539040738
61256.15708677981,0.9996045953948403,0.9992066900503516,0.9993813461719833,0.9998077575793668,0.9998553423230047,0.9989985585450928,1.0004686441957686,1.0006310149518043
61256.157170544066,1.0001841602900996,1.000381731690685,1.001079722243219,1.0004708827925448,1.0008779872396394,1.000516000425834,0.9999168728663211,1.0024079512668238
61256.15725430832,1.0004961698411574,1.0007424080732386,1.0003360701258963,0.999718845191876,0.9999786897486055,0.9985756420873249,0.9992516555992819,0.9992898721578509
61256.157338072575,1.0005062205922786,0.9998889536993671,0.9997729259314352,1.0000176084878796,1.0003201262790369,1.0000711662785347,0.9996003316025177,1.0011044300954752
61256.15742183684,1.0013294412854519,1.0000948831339218,1.000054228323165,0.9998437806913305,1.0001195453147604,1.0006140039009759,1.0005905318762318,1.0013268897877539
61256.15750560109,0.9997545371992357,0.9993913480522482,1.0001518807563583,0.9998069618513151,1.0003792835524496,0.999805437804042,0.9993438240797083,0.9978953160105187
61256.15758936536,1.0004409296148384,1.0000636487569707,1.0008388674362005,1.0004809155082643,1.0007720281804569,1.00145863867523,1.0022981480340134,1.0006213835725404
61256.15767312961,1.0005307701487647,1.0012821454410035,1.001378906933679,1.0017708754322585,1.0019806446576194,1.0025388004677513,1.0026992642765686,1.002388640954794
61256.157756893874,1.0004023189823845,1.0004274631046293,1.0007930983459299,1.0007416930120892,1.0008229440135148,1.00116556726264,1.0003683090869606,1.0007683157693377
61256.15784065813,1.0009097012225943,1.0006720409198027,1.0010057825136285,0.9998538857684923,0.9993622281517937,1.000034909989358,1.0002771064121838,0.9999135529673324
61256.15792442238,1.000680811975192,1.0006805485548933,0.9998369023701287,1.0002691896453948,1.0007443343392828,0.9997702747651476,1.0005725086304598,0.9979080099612946
61256.15800818664,1.0017593966303528,1.0013407273033204,1.0017688809320575,1.0013191982833995,1.0020720434728183,1.002179199554781,1.0027580765775796,1.0019682728450732
61256.15809195091,1.000244024806291,1.0001628921794976,1.000591599384264,1.001091165323452,1.000590011193615,1.0003136535297914,1.0004961874281577,1.002174933122435
61256.158175715165,1.0007755571798993,1.0006941485997267,1.0003342843013243,1.0000099812944891,1.0005096648788818,0.9996193466290503,1.0013473673947177,1.001173192396688
61256.15825947942,1.0008750707221663,1.0001964717113532,0.9999933560589288,0.999405777624741,0.9997927778217449,1.0008280692671712,1.0005339679953802,0.9996917697314959
61256.158343243675,1.0006237893083811,0.9998031183722743,1.0003631358857872,1.0002379817909128,1.0005580446762197,1.000534732766419,1.000399666670679,0.99914955147248
61256.15842700794,1.0011489987466784,1.0004189954450389,0.9992163724841913,1.0007318801066414,1.0004506736674936,1.0008077099241495,0.9987518621117567,1.0020942001875581
61256.1585107722,1.0012126277888935,1.0004267883226519,1.0006524198677167,1.0002343766050839,1.0010095205263416,1.0000723179340325,1.000439405506257,1.000549625148749
61256.15859453645,1.0012036380427576,1.0003384487202978,1.0007584876247695,0.9996351708311152,1.0004970340289803,0.9996740387033493,0.9999217873338525,0.998972152345171
61256.158678300715,1.0000031636399096,0.9998882796990336,0.9997700664072607,0.999345076039394,0.9991182686783152,0.9990554840825172,0.9985321519209062,1.0001902437442738
61256.158762064966,1.000329094076481,1.000988366829785,1.0007705356211485,0.9997020456900522,1.000945481569995,0.9998654938610272,0.9998682175872179,1.0014105991309756
61256.15884582923,1.000791533172348,1.0009707288127745,0.9997568413724254,0.9994593493777065,1.0004005805425327,0.9995913776823965,0.9985414825740733,0.998831654168715
61256.15892959349,1.0004782883757972,1.000669446420507,1.0006377270425413,1.0012142957518604,1.0018238986619452,1.0022493015472524,1.0025666741298185,1.0029862922998452
61256.15901335774,1.0000960352936308,0.9996779281701773,1.0000721325591302,1.000404039158066,0.9989755670024913,0.9992970654569593,0.9993975431742088,0.9990652900047544
61256.159097122,1.0011125232919886,1.0012048772655981,1.001251812392377,1.001142188813709,1.0004678312702033,1.001902147620105,1.0010593255997535,1.0002840243524014
61256.159180886265,1.0006531439126407,1.0004218551449298,1.000256082512142,1.0007029231390776,1.00085522187609,1.0011847582629596,0.9998631582146633,0.9983477036883446
61256.159264650516,0.9999565132046071,0.9999975688084394,0.9998166127660675,1.0005411135372733,1.0006742092012886,1.0007668441523179,1.000835518424427,1.0012658547102038
61256.15934841478,0.9996038904523281,0.9992181464927327,0.999775628220198,1.0001734710695074,1.0004771940937922,0.9995365547327367,0.9995246737508053,1.0004330394555807
61256.15943217903,1.0004800524611823,1.0004199225863195,1.000434381678354,0.9989677450683857,1.0002262211604844,0.9988098670268656,1.0003708818346362,1.0007253326310748
61256.1595159433,0.9994036677586918,1.0005325263123417,0.998931567929788,0.9994645331333548,1.0000593142974736,1.0005699077247454,1.0002248944666274,1.0003527887321115
61256.15959970756,0.9999983169606258,1.000493917683896,1.0004666091471923,1.0000515809459571,1.000584448200259,1.0009381893214866,1.0008037216827963,1.0000605777517437
61256.15968347181,1.000301839535868,1.0003265168151232,1.0000903089504396,1.0008183755723978,1.0007016104489466,1.0003114675060043,0.9999785169669123,0.9995133117042143
61256.159767236066,1.0012862877640343,1.001314064984629,1.0003587342964713,0.9999355092275538,0.9998510924528601,1.0009509180826763,1.0020190271254175,1.004859017177496
61256.159851000324,1.0003769930580788,1.00031464096498,0.9994385936700136,0.9997957027082746,0.9998547410872515,0.9993755572990668,0.9996615174067973,1.000296372642753
61256.15993476459,1.0007786848635176,0.999803281735841,0.999600414409191,0.9988035272183078,0.998080168336956,0.998603814856262,0.9976660918489001,0.9968927582463207
61256.16001852885,1.0015394918087657,1.0005934177089357,1.0004591079490364,1.001051123673311,1.0016047271976118,1.0020753946538075,1.001579708929098,1.0014378593178341
61256.1601022931,1.0005804201809612,1.0002886957486974,1.0010456185283114,1.0008793849416875,0.9995937267228749,1.0009160711471126,0.9997956376002195,0.9997778883051985
61256.16018605736,1.0015346735931983,1.0017594790429702,1.0006280774429719,1.0009733866680133,1.0012997182220966,1.0020323855297544,1.0021210734121757,1.0007967273178127
61256.16026982162,1.001055489452504,1.0007645012369193,1.0000104888168972,0.9994821786693016,1.0001375229226253,0.9994969369254116,0.9985769227884683,0.9992212717275
61256.160353585874,1.0015209749640883,1.0007982321843567,1.0018979596239002,1.0010503941113724,1.001262946717758,1.001527586628317,1.0011279815313838,1.0036303107029738
61256.16043735014,0.9988261733992985,0.998958571500159,0.9998445527860265,1.0000222155823082,1.000127763273303,1.0014797689670984,0.9993052492689156,0.9986531338494948
61256.16052111439,1.0014750983694527,1.0008396868897573,1.0006047719701765,1.001304526505354,1.0015180605588445,1.0019427361459536,1.0026393275945997,1.0018890988462668
61256.16060487865,1.000213363398223,1.0003105901515112,1.0005106245949262,1.001002124320932,1.0009733184981833,1.0010613685436407,1.0025165827872544,1.0028035442538317
61256.160688642914,1.000648585195723,1.0005365024229902,1.0000676816388743,1.0003409498929372,1.0004268440203683,1.0005674654331749,0.9997485147600879,0.9996080147872998
61256.160772407165,1.0001135332968656,1.000136113954188,0.9993151142069003,1.0006864428206015,0.9997052798592514,0.999034310880694,0.998885751960873,0.9976906604124528
61256.160856171424,1.0006427575822825,0.9997604080118458,0.999454050512299,0.9998384658425215,0.9991910104335,1.000132987603365,0.9978367947508032,1.0006436056705397
61256.16093993568,0.9999323750419302,1.0005039627007941,0.9999494656645711,1.0005028883575837,1.0008848094662928,1.00009469928946,0.9989087494816742,0.9985435668013136
61256.16102369994,1.0001080828941737,0.999951535903292,0.9999974703484135,1.0001023898300192,1.0002886621710627,1.0004270213908761,1.0009823875258317,1.0005748065232358
61256.161107464206,1.0009552607261072,1.0010863451058938,1.0004009111366408,0.9995645924045254,1.0004172676643286,1.0003248685231458,1.0020579795778388,1.0001723080118896
61256.16119122846,1.0006907202747224,1.0006415119206031,1.0011793599405183,1.0008090060046904,1.0014525905634233,1.0016957609902457,1.0036383670747275,1.0026845123581216
61256.161274992715,1.0003002498239988,1.0001535421556538,1.000367470215763,1.0005154648753747,1.0000800352229546,1.0000885193024747,0.9991092973502379,0.9999368319497919
61256.161358756974,1.000953037098009,1.001071025332907,1.0002578215669742,1.0005560422975641,0.9994386122908155,1.0021741042360872,1.0007057665706425,1.0017529835280952
61256.16144252123,0.9996925174210689,1.0000320588437275,0.9997770235174412,0.9999971358994212,1.0002305625928034,0.9986722626699922,1.0003671464292037,1.0000646661562231
61256.16152628549,0.9993795873214962,0.9995888486860784,0.9997053854158411,1.0009387902164029,1.0007016954226988,0.9991740364196458,0.9975248313237581,1.0005717145378357
61256.16161004975,0.9992921890808552,0.9992912869185809,0.9993854603501114,1.0005411232019865,1.0005519951532291,1.0013424044291923,0.9997471863501229,1.000319230697987
61256.16169381401,0.9997813657151571,0.9994539063602036,0.9982974464233388,0.9982225253033321,0.9989039042281314,0.9992697411131757,0.9982186963822309,0.998478330702513
61256.161777578265,1.0005211414320951,1.0009416078891558,1.0000903979243023,1.0020667103201688,1.0017110102720161,1.0011047688634442,1.0024321964584382,1.0025563076122814
61256.16186134252,0.9993868035386777,0.9995062351833102,0.9997139796896344,0.9983621744612557,0.9996604152385232,0.9987515891107123,0.999049253014773,0.9984037866512486
61256.16194510678,1.0014254172133796,1.0014979499407486,1.0011729539337741,1.0012967303033895,1.0018216574158822,1.002829799806322,1.0048477314113984,1.0029948791396643
61256.16202887104,1.000038159779388,0.9998470579235033,1.0007054749039828,1.0001029268411334,1.000948307665223,0.9999051931972655,1.001751886854775,1.0012393775500201
61256.16211263529,0.9997721288401176,1.0001771090529994,1.0001765505692832,1.0000578506188658,1.0016581962976479,1.001049778326574,0.9991167968687017,1.0002200987147492
61256.16219639956,0.999938255193539,1.0000516105482316,0.9998909012642904,1.0008607018120466,1.000894666252608,1.0004200871422482,1.0008747172837393,1.0017966360055213
61256.162280163815,1.000031159035201,1.0002930137727026,1.0001713989937795,1.0006340628011152,1.0003940066487138,1.0008490410305972,1.000501335315809,1.0009917315074577
61256.16236392807,1.00036544995696,1.0001348288200202,1.0002685385188241,0.9998530402299957,0.9997002976606464,1.000498941096693,1.0010410193790777,1.0011579704891376
61256.16244769233,1.0000253814327766,1.0002692349382076,1.0001001191261163,0.9999962725183772,1.0002213925227954,1.0003690145226012,1.0002672658573788,0.9998484300521657
61256.16253145658,1.000256875376258,1.00030055060612,1.0007503883307243,1.0001891321176817,1.00063528057997,0.9995459653625096,1.0020718135647095,1.0015779787668613
61256.16261522084,0.9998659731814975,0.9999443120624085,1.0002224949347223,1.0009017473532922,1.000299721766752,0.9998849647296045,1.0020367270689439,1.0035485931271697
61256.16269898511,1.000069048498164,1.0001767304023812,1.0001994873406281,1.0001260252578186,1.0002370072521882,1.0010082851158537,0.9994307855485001,1.0002027376554166
61256.16278274936,1.0000104480902061,0.9998033338826527,1.0000758398405205,1.000328488360452,1.0011229190966513,0.9999962278574269,1.0000303393093404,0.9997707179298976
61256.16286651362,1.0003175513743865,0.9992776284737851,0.9993573243426704,0.9996534604334608,0.9986948226788962,0.9990333756820772,0.9972166166306732,0.996127224206017
61256.162950277874,1.0004046867911778,0.9995300565615636,0.9997732209148668,0.9989823942954339,0.9989119956551822,0.999379538866056,0.9990671077742799,0.9984000223034165
61256.16303404213,1.0005478513048613,1.0001762736990407,0.9998941116728716,1.0000885526866912,1.0008029172374324,0.9994809238839913,0.99991007087416,1.0003464780989366
61256.1631178064,1.0007335062949774,1.001529824930674,1.0018276770652643,1.0008864969315219,1.0023680041796679,1.0015951600325326,1.0024525234890245,1.0024476199574752
61256.16320157065,1.001099379971367,1.0003959566039518,0.9999216120572745,0.9996272948333137,1.000496676564846,1.0001345955347112,1.0002807550113053,0.999719887518998
61256.16328533491,0.9998797464281073,1.0000137107591027,1.0002827793478695,1.0003009099774884,1.0004787003084525,1.0000274596293344,0.999430738044259,0.9986084054032236
61256.163369099166,1.0009207156168287,1.0007191852108543,1.0006618674665517,1.0002098150995111,1.0003661555300778,1.0011332331816827,1.000673713169407,1.0020327932479192
61256.163452863424,1.0002896380450443,1.0006627567773698,1.00111509375215,1.0008047993763258,1.000796933767597,0.9995527506182403,1.0013722565412344,1.0004573671974641
61256.16353662768,1.0006616662685903,1.0000840239791124,1.0002293983710584,1.0002308299031604,1.0014770746604809,1.0005980583235392,1.0001949473145848,1.0012263469456426
61256.16362039194,0.9995644780475224,0.9999973987450682,0.99920564885095,0.999044871462061,0.9996188426327216,0.9998418094733181,0.9993249737816814,1.0042320120317938
61256.1637041562,1.0007516100167408,1.0006587863615553,1.00106060243944,1.000684186729607,1.0005023926123164,1.000175346641609,1.000367522362047,0.99892266262811
61256.16378792046,1.0008649083773158,1.0003633249827708,1.0009709078775066,1.001020952916897,1.0024445812412046,1.0028575184449084,1.0016961476338784,1.001163563851739
61256.16387168471,1.0003058812506076,1.0008292739419282,1.0001780107873797,1.0004438984177222,1.0011538221751408,1.0033836714851434,1.0034553694600679,1.0018462036977291
61256.16395544897,1.0001319176655543,1.000946091956649,1.000909140529532,1.0000221927834976,0.9998163540680189,0.999227048330842,1.0011483987858527,0.9999033807378389
61256.16403921323,1.0001613694986773,1.000825973171574,1.0010681394943965,1.0003207412254929,1.0010673454180783,1.000961671317244,1.0015651012040847,1.0013157471518914
61256.16412297749,1.000131306626705,0.9996789805978019,1.000652414411247,1.0005714250515614,1.000064162869363,1.000555933621324,1.0000515566172508,1.0010156406525523
61256.16420674175,1.0007203847876713,1.0011509576855748,1.0015845014769338,1.0012849215107635,1.0010712922208047,1.000703050876695,1.0016639910219896,1.0001984185377204
61256.164290506,1.0003141273488971,1.0002470238579677,0.9997675383914575,1.000195689253854,0.9998313089415949,1.0001136831300552,0.9991163665964747,0.9985555662820027
61256.16437427026,0.9993544304503851,0.9992938283777576,0.9992535313766856,0.9987285795979215,0.9998622915879516,1.0009762278041021,0.9994310264872768,0.9974409045690115
61256.16445803452,0.999747797017762,1.0004885782746937,1.0000390131245367,0.9988122140607639,1.000074372727531,0.9999974221844906,1.0008603542568313,0.999600152461303
61256.164541798775,1.0001897311980588,0.999560304168974,1.0003738395862107,1.0001670036416983,1.0007829068479386,1.0005256051039564,1.0009211911270812,1.000040132139214
61256.16462556304,1.0001322222539226,1.0000774848582494,0.9993716418963607,0.9995215366029384,1.0006301488748628,1.000560574571279,1.000102817452714,0.9991271110062788
61256.16470932729,1.00000758575759,1.0000087636234543,0.9998756353984436,1.0001827992524173,0.9998050336383866,0.9994852170249272,0.9990615685747146,1.0001842981708327
61256.16479309155,1.0012412335579939,1.0005334227461848,1.000817023295067,1.0011628854252628,1.0013716896386933,1.0013382578972674,1.0026015856459332,1.003480820505666
61256.16487685581,1.0000315499457753,1.000562099472765,0.9997808353626072,1.0000949489921238,1.0002696946105387,1.0016446199530606,1.0008597202973548,1.0010660846518806
61256.16496062006,1.0006945588862137,1.0002781174273605,0.9999454570524277,1.0002762372038076,1.0002856757575629,0.99939377805764,1.0006086514975145,0.9991963397727068
61256.165044384325,1.000448667223463,1.0010360970187406,1.0005821209396715,1.0008948207277006,1.0010467331170954,1.0007800790125807,1.0005835880548617,1.0013165720004542
61256.16512814858,1.0006749747851742,0.9992892126591055,0.9995191872859703,0.9995031401931215,0.9997525945283442,0.9996269033104054,0.9998475587104583,0.9994572065076862
61256.16521191284,1.0010835549430224,1.000334910553537,0.9996326812982386,0.9997387406234883,0.9999858190970909,1.0003799153197344,0.9996334471849136,1.0001246430266335
61256.1652956771,1.0017136698027493,1.0012672601503387,1.0017192775026031,1.0017961129721273,1.0019744113345443,1.001783808879194,1.000815922070585,1.0007120286727904
61256.16537944135,1.0018227464887315,1.0013273403122704,1.0017048037157101,1.0007997107809303,1.0015003162486968,1.002613316464197,1.0009816072943036,1.001788126007123
61256.16546320561,0.9996478429529289,1.000362281488219,1.0002422298719387,1.0004239915867046,0.9998370694186812,1.000179325109546,1.0012812893371201,0.9989998880670515
61256.165546969874,1.0003040369613858,1.0006824713987872,1.0014048787270797,1.000269061525992,1.0011286376781305,1.0011837284240543,1.002974548619622,1.0027326946373032
61256.165630734125,1.0004145460107483,1.0005977522591252,1.0001811892366386,1.0007225241686575,1.000123759708786,1.0007466597865546,1.000314723961255,1.0007015987725985
61256.165714498384,1.0001577568678137,1.000156754711915,1.0002920211598487,0.9996618528738846,1.0000250784909874,0.9998373809276374,0.9996676246067129,0.9998987123066019
61256.16579826264,1.0004310167930357,1.0004878320281352,1.00018757386293,1.0005610010388646,0.9993316842267775,1.001589846588237,0.9998131044653836,1.0010500485401943
61256.1658820269,1.000759682805579,1.0005890513346747,0.9999798679999842,0.999604438034458,1.0004601706245997,1.0009169639125521,1.0000646571933203,1.001421417899145
61256.16596579116,1.00054531803409,1.0007256274078788,0.9999531413207084,0.9999184936326558,1.000015882067291,1.0005243528484544,0.999242251468332,1.0006717290636868
61256.16604955542,1.000345861732672,1.0006249463189678,1.000901141567715,1.0006993633030563,1.001455130822491,1.002051292847598,1.0015677276076298,1.000892116745949
61256.166133319675,0.9999472966797951,1.0001860279444232,1.0004252037850192,1.0012547163083205,1.0015834607845646,1.0018307769233155,1.0003712844245354,1.0003197875463485
61256.16621708393,1.0003365188502398,0.9999771813033226,1.0002082535488943,0.9999651714713665,1.0011238414757504,1.0018451050338606,1.0015583556018501,1.002439384887603
61256.166300848185,1.0007231601330415,1.000106505508128,1.0001867398025668,0.9999248872121436,0.9991887161421921,1.0014349113775665,1.0013108212542496,1.00103561205274
61256.16638461245,1.000032554555359,1.000217986458578,1.0000694837214987,1.0000028323804944,1.0012584495283825,1.0015326380835023,1.0008686606638793,1.0019761928021356
61256.1664683767,1.0010494905247325,1.0010233176999594,1.0002797494482136,1.0009175137220585,1.0000907351583692,1.000031662659366,1.0010587811806453,0.9997095056132014
61256.16655214097,1.0005345659316733,1.0006027242957136,1.0001754353336976,1.0003289314503792,0.9993710412644691,0.9993913982238922,0.9996182988001203,1.0004740427305474
61256.166635905225,0.9996500327969898,1.0000959673856178,1.000227730918471,1.0004069331201302,1.0009196492114745,1.0012321258464343,1.0005242162974286,0.9997493005883188
61256.166719669476,1.0000004291280022,1.0007191838708938,1.0009395802807373,1.0007027001072348,1.0002974639651667,1.0015493319628654,1.0023900485768498,1.0010136876837534
61256.166803433734,1.0010506205608805,1.0014235888105192,1.0001734618733829,1.0020980368771537,1.0025703888512043,0.9997760268445324,1.0005278898448204,1.0001797754233712
61256.16688719799,1.0000270979012902,1.0001463841961813,0.9997796093272803,0.9992260427059343,0.9992593401419954,0.9998021332607775,1.000010860178194,1.00015966325222
61256.166970962244,0.9991992837761048,1.0004477447528346,0.9997369730300935,1.000021727390386,0.9997727838188394,1.0004163773383032,0.9990893899974075,0.9995618613735661
61256.16705472651,1.0001780264921947,1.0000310255105453,1.0006304840801639,1.0002806222576464,1.0014705987483241,1.0019545773862535,1.0012222736906171,1.0001000724784572
61256.16713849077,1.0002615943678415,0.9993892874157084,1.0005894822740335,1.000744194933737,0.999596305498872,0.9997424302573614,1.0010948245963753,1.0025194867150726
61256.167222255026,1.0017758473284293,1.001121512379754,1.0024183135151024,1.0028103614279296,1.0037094957855075,1.0028735286256654,0.9992602470317764,1.0015647382342416
61256.167306019284,1.0000522261756766,1.000836681022465,1.0009919542605037,1.000318755250841,1.0003385691308646,1.0005350688943948,1.000196316735405,0.9999056364114477
61256.167389783535,1.0001170400533443,0.999509101806332,0.9997551888416122,1.0001000056196216,1.0005293857156699,1.0006289553978023,1.0005674284107202,0.9997409253773307
61256.16747354779,0.9994970344682677,1.0004236180868222,1.000144409624464,1.000337594502772,1.00081569168115,1.0005310460861716,0.999684395312603,1.00056950062313
61256.16755731205,1.0001065672677723,0.999748782957718,1.0000457248049386,0.9999051902788711,0.9998365036590472,1.0001200721838739,0.9992791393659304,1.0005783371345822
61256.16764107631,0.9997228102639101,1.0000278749274758,0.9994462082291107,0.998693596805597,0.9990432412474513,0.9992363705184312,0.9986461976422613,0.9997019502749791
61256.167724840576,1.0002592042137008,1.0000656708696345,0.9994826381818004,0.9979812772110843,0.9987874052139386,0.9975948375790054,0.997202205757767,1.0006043266036826
61256.16780860483,1.000169071062128,1.0007059046350328,1.000508969725626,1.0003222625504722,1.000035825896828,0.9997937369746484,0.9999990890373609,0.9989618869612009
61256.167892369085,1.00037397563811,0.9990927176659317,0.9999573736481084,0.9995958426350575,1.0003651554413846,1.0004372227557528,0.9986012562378913,1.000379823811398
61256.16797613334,1.0002362691085755,1.0004823993799867,1.0004823787899528,1.000316135617943,1.00031755747014,0.9996073749901667,1.0013440414143273,1.0037253281430518
61256.168059897595,0.9993117521666272,0.9996759912566942,0.9995440802573687,0.9993157753549795,0.9990251746114208,0.9977561246548674,0.9981143862962422,0.9996581263530061
61256.16814366186,1.0002151163109343,1.000316694566725,1.000491179073315,0.9999790765155,1.0001387833384596,0.9989244754624094,0.9992835312868098,1.0002268064669062
61256.16822742611,1.0010316927214176,1.000959639631344,1.0010286764127116,1.0004185384581532,1.001446944454588,1.0017752695598834,1.001474024295932,1.0012523757172405
61256.16831119038,1.0009446736866447,1.000693518818103,1.0001119115592731,1.0007293045844856,1.0005788588532143,1.000020467452268,0.9996066004535559,0.9985632926238787
61256.168394954635,1.000738691080651,1.000793641478308,1.0007797337813702,1.0005616081811026,1.0002407033570058,0.9996502582450202,0.9997283736453803,1.000730876172722
61256.168478718886,1.0000807593223973,1.000294597048171,1.0006166716396656,1.000241379557128,1.0016616499823174,1.0014164267227739,1.0013538611219477,1.0007265721713707
61256.168562483144,1.0009283247397047,1.000912412151053,1.0013257115881928,1.0011669478263692,1.0014195693916845,1.0025885884110421,1.002177858751648,1.0024319175391059
61256.1686462474,1.000841970479022,1.0002442680050467,1.0004341809025417,1.0004035878903044,0.9998135901404664,1.0006063377992371,1.0003022621292619,1.0021107408702465
61256.168730011654,1.0008534843183758,1.0005044073444869,0.9998558323110346,1.0001948442109836,0.9995954454563825,0.9991868669727827,0.9993923231758031,0.9993490224161248
61256.16881377592,1.0005784878404294,1.000308148519422,1.0006210451671376,1.0015478393768378,1.0018061016444206,0.9999596526042562,0.9997467755580525,0.9999882391122406
61256.16889754017,0.999309157978182,0.9998854392052492,1.0001504304489925,1.0000459290712524,0.9994052481832582,1.0006392504494128,1.0020471199032717,1.0017772845644362
61256.168981304436,1.0004838447858824,1.0007514592858016,1.0002249764034987,1.0003976448351386,1.0002215062153106,1.0002170842006806,0.9993796289489613,0.9992692066654854
61256.169065068694,1.0000076557198092,1.0004272330780077,0.9996498511379293,1.000095176484603,1.0000965895627043,0.9996853035199288,0.9994899355055555,0.9986992037454219
61256.169148832945,0.9999871688933302,0.9995780250402331,0.9993381771451867,1.000250838585386,0.9999820221387344,0.9998243446451079,1.000520449108583,1.000467477953821
61256.1692325972,1.000647331728131,1.0000986169349737,0.9996844621931592,0.9996671749092754,1.0004298449621836,0.999785401000844,0.9983312212843567,0.9998367487705403
61256.16931636146,1.000371809602485,0.9999265727666871,0.9999194659943481,0.9994676969639485,0.9997048588759704,0.9997507962681339,0.9994171207314086,0.9992475762464259
61256.16940012572,1.001622652679868,1.0006889596011355,1.0007376783198114,1.000547358181053,1.0001121971968734,0.9997370832002683,0.9999784554506288,0.9982655255678939
61256.16948388998,1.0014749259910574,1.0000951484461802,1.000558895977643,1.0016021357354785,1.0001689591565055,1.0008630942790455,1.0008887334271608,1.0006107570968772
61256.16956765423,1.0003689126877835,1.0012870482462788,0.9999005441824683,1.0006720550364356,0.9993808385860511,0.998868539237822,1.000003767008958,1.0003359674522676
61256.169651418495,1.000615489873875,1.0004236857548479,1.0010018420516773,1.0004459391590819,1.0009279572117864,1.0006866692864442,1.0016313091293918,1.003365362428855
61256.16973518275,1.0001890196051455,0.9998736546957739,1.0001928749902453,1.0002345763424896,1.0006842055270058,1.000966785707029,1.0002405353234451,1.0001440602868046
61256.169818947004,1.000347286913619,1.0003764997016813,0.9998955358114541,1.0008973950107907,1.0003984624492837,0.9991500409347673,1.0009025728821455,1.0024516789480666
61256.16990271127,0.9997645131998486,0.9995268224542644,0.998877705670081,0.9988281060708016,0.9997937843299265,1.0004354736983345,0.9989564919274828,1.0005111646949625
61256.16998647552,1.0010583974068712,1.00019794354674,1.0002059667313217,0.9999981474727342,0.9994977329055719,0.9985337836652153,0.9993836042678991,1.0001315757603928
61256.17007023978,1.0006166329448094,0.9998622626831797,1.0005704463217169,1.000085491450745,1.0005508389696114,1.0001550387905327,1.0012922460707125,1.00013255353598
61256.17015400404,1.0008448858818384,1.0003365752316304,1.0002936281458437,0.9996116521233135,1.0011001011946585,1.0006850017579392,1.0012473907891393,1.002395682337284
61256.17023776829,1.0011152857355805,1.0004931581493919,1.0003830445391806,1.0003148008962717,0.9998028182392102,0.9996185461200126,1.0002023603684946,1.0006868311112176
61256.17032153255,0.9997239968284671,1.0002398462457354,0.9999852879447105,0.9999234404789245,1.0005826113819547,1.0001881018639374,1.0017636405659947,1.002143171413983
61256.17040529681,1.0007662669686435,1.0007507416250754,1.0008365862978106,1.0006765996819487,1.0016045501548836,1.00138926662876,1.0003997890197318,1.0024482069125573
61256.17048906106,1.0002935205491827,1.0005446042732544,1.0006229844409993,1.0003964181600042,1.0002797818226947,1.0000556731627281,1.0003761712097392,1.0004540994845526
61256.17057282533,1.0009080654899498,1.0001157321439056,1.0009899521815624,1.0005656559612328,0.9998992352359349,1.0015609619908343,1.0022826650689898,1.001645685947188
61256.17065658958,1.0001719043989956,1.0004728798510885,0.9996871086923038,0.9999209853939639,1.00138236541656,0.999847752502,0.9992467031967092,1.0009602104008315
61256.17074035384,1.000706834462505,1.0003968830752519,0.9999934726492092,1.0004472473647454,1.0007374080493463,0.999682248807954,1.0011065147407687,1.0030150574448253
61256.1708241181,1.0008739191387188,1.0010915605687127,1.00081872259562,1.0001436066101572,0.9999993177604414,0.9995970847063291,1.0015595254365066,1.0020294796191094
61256.17090788235,1.0003238165842165,1.0009907717246127,1.000458544262313,1.0004871091025334,1.0012920449064502,1.0025876575034207,1.0028582643890647,1.0035197984423319
61256.170991646606,1.0008991318731988,1.0010931575787805,1.0011409311382267,1.0003846039154887,0.9999208489770824,1.0007013218439218,1.0010757665100132,0.9990137804920525
61256.171075410864,1.0005238397658207,1.0018466116755427,1.0003172524323665,1.0002382333212685,1.0001804184498047,1.0004799477205522,1.000465897835471,1.0002056337581784
61256.17115917513,0.9998256249322546,0.99992867806859,0.9987482628424055,1.0000415995275613,1.0004256619898637,0.9996965194668379,1.0016255942666616,1.0016637360599168
61256.17124293939,1.00041588819469,1.0001320788852601,1.000097056598999,0.9985523390924619,0.998918132179132,0.9991108562795931,1.000483199290184,0.999379249437643
61256.17132670364,1.0002147478787156,0.9996169952347954,1.0003076050599276,1.000469563187476,1.000795478233107,1.0006077085338907,1.0002838636341607,1.0007905588412662
61256.1714104679,1.0007808278887547,1.0005252575827681,0.9999505998307661,1.0001209624349918,1.0004513813316045,0.9998123868327653,0.9990800634453261,1.0005796666801163
61256.171494232156,1.0006213547295615,0.9999913466999932,1.0008812042956947,1.0007352974500963,1.0015309551145652,1.0001027217822087,1.001046468696518,1.0015849077845191
61256.17157799641,1.0010445535330021,1.0007971172252232,1.000167383366175,1.0006124051701333,1.0011628153713545,1.00169591570447,1.0014461174339564,1.001159003880278
61256.17166176067,0.9998687136787661,0.9996598564524888,0.9999054171439495,1.0000878179206765,1.000011672065547,0.999465787159195,0.9995218091425405,1.0006382750174192
61256.17174552492,1.0001525261943727,0.9994833249784696,0.9990436189842209,0.9999560023845042,0.9997903750748727,0.9992623422450972,1.0001034702088327,0.9997494828032617
61256.17182928918,1.0014283867504605,1.0016304237236529,1.0001164919871663,1.0004126030851952,1.0019053089223864,1.001280658196782,1.00111941504716,0.9989658568283412
61256.17191305344,0.9997993539859581,0.9993359355324537,0.9983726115201171,0.9993470610227932,0.9996941172138825,1.000310565920185,0.9997954745820683,0.9997139342614146
61256.17199681769,1.0003075649991477,0.9999315033761508,1.0010452345710172,1.0008728795984654,1.000329023520795,1.0001234210674246,1.0010085893614848,1.0008406590697139
61256.17208058196,1.0008194668519175,1.000179488711897,0.9995348541466594,0.9988325392003929,0.9994612938631504,0.9997514968923333,0.9995159770571147,1.0008031547247533
61256.172164346215,1.0003682926043889,0.9998679350726659,1.0000250071463996,1.00007869715738,1.0001209689207433,0.9995869288736817,0.9987182079201237,0.9992985343904413
61256.172248110466,1.000080881290753,1.0011416800196193,1.0010429375086445,1.000180513671657,1.0007804145660988,1.0013089298970028,1.0011908863740282,1.0009216241664571
61256.17233187473,1.0001361848288897,0.9999952941131455,1.000833250056358,1.0001943495759191,1.0004370160373424,0.999620025559884,1.0008967548087622,1.0017225411616446
61256.17241563898,1.0007268380708432,0.9998550734579527,1.0002597426897228,1.0001306692764078,0.9996581396988782,0.9987389583272517,0.998158628807281,0.9998458689024168
61256.17249940324,1.0004268163997267,1.001676649136516,1.0009739662844326,1.001290227686112,1.0013840650605368,1.0035281252242905,1.0011103260162837,1.0000886207763227
61256.1725831675,0.9999337201520485,0.9995506197132217,0.9995795161303705,1.0002323945954426,1.0004850314442562,0.999566933788495,1.0006278647416136,0.999920797790633
61256.17266693175,1.0000077508205443,1.0004869354826282,1.000867352434987,1.0020213392002424,1.0030362397937542,1.0023281164059614,1.0022053144942118,0.999502151684555
61256.17275069601,0.9999939391346164,1.000605987882153,1.0004932903930062,1.0002977112052394,1.0008678109993177,0.9991467170820235,0.9996840057094746,1.0011173737808687
61256.17283446027,1.0005236040756074,1.000397224318628,1.0003959324978182,1.000723812301455,1.0008865749944909,1.001770578548315,1.0016276680489273,1.0007551641082304
61256.172918224525,0.9999511282418615,1.0003637276410218,1.0006248383044074,1.000013530226731,0.9998901126363532,1.000845185809585,1.0012639451627656,1.0014272842377445
61256.17300198879,1.0002804688710878,1.000669852875314,0.999889740817956,1.000383554922389,1.0011064353712722,0.9993460338201212,0.9964210952303273,0.9974144988965431
61256.17308575304,0.9999433205380097,1.0006226405812466,1.0003395143831775,1.0009473437353795,1.001135260055979,0.9994951566390821,1.0007722133841834,1.0010774598275185
61256.1731695173,0.9999592591552044,0.9993947851636239,1.0002637883835888,1.000654743057,0.9999075638461826,1.0012649777075082,1.000163465331271,0.9999025431663523
61256.17325328156,1.00027096504895,0.9999178932816107,1.0002046888038547,0.9995372719950599,0.9994989218623663,1.0004224896229161,1.0016060204687902,1.0014095753135208
61256.17333704581,0.999943743104493,1.0007047894525725,1.0006514855864819,1.000758259321731,1.0003773872694124,1.0003807818624242,1.0001504136264712,1.0017893406684346
61256.173420810075,1.000539929879152,1.0012162588934956,0.9999282514672926,0.9999034677296068,1.0004800933373992,1.0016064591770755,1.0018905103819007,1.0009211000071918
61256.173504574326,1.0003707990075401,1.0010214970280844,1.0003484053107499,1.0001754062424617,1.0000624720099491,1.0000194345143105,0.9996308990437515,1.0018168694853418
61256.173588338585,1.0009380409756525,1.0005611932125418,1.0011869551235804,1.000530486813413,1.000354057159832,1.0008348449873568,1.0014961974985352,1.000396449838451
61256.17367210284,1.000280997311956,1.000569136500766,0.9995149617513185,1.0000084009899777,1.0002324311706812,1.0002305598334653,0.9999717081396086,0.9995182612364849
61256.173755867094,1.000452834896799,1.0003647400931464,1.001156657797369,1.0006930009480266,1.000339812991177,1.0009676679833688,1.0023023003831444,1.0026914898740535
61256.17383963135,0.9998060464175521,0.9994098181849781,0.9993036934818199,0.9981478440820911,0.9972626525920113,0.9973361556341881,0.9989211477468413,0.999551224442431
61256.17392339561,1.0009219464730568,1.00043585215318,1.0006091276806048,0.9996364661504945,1.0005532981404066,1.000137311496435,1.0006461890754172,1.0010030649871768
61256.17400715986,1.0007236191437225,1.0006725162709327,1.001383630009279,1.0017004439588717,1.0009911682230848,1.0011024271718783,1.0012150366416293,1.000393683736257
61256.174090924134,0.9999649030845675,1.0005297334988328,1.0002020239308838,0.9999385848366633,1.000250162810786,0.999795258847697,1.001622066307807,0.9998952912887574
61256.174174688385,1.0006275382724665,1.0006032788162,1.0004231724193124,0.9999228028556679,1.0000744997658244,1.0019923185982402,1.0004473951044452,1.001664551712703
61256.174258452644,0.9997384315239664,0.9999860603309099,0.999790266926103,0.9994568348175878,1.0002887756946441,1.0006737557740621,0.9991052198459183,1.000327101715882
61256.1743422169,0.9991834100668244,0.9985694330080961,0.9996630843017908,0.9998114361178907,1.000369599585515,0.9993495147709759,0.9972411752980449,0.9982226390482698
61256.17442598115,1.0001992455278303,1.0006470704134127,1.0008184939806768,1.0008247101723537,1.0014393086422677,1.0028974573617255,1.00252002838264,1.0011032924645389
61256.17450974541,1.0001007496299337,1.0009413283956443,1.00017145823545,1.000758022907978,1.000410137640108,1.0009492824982487,1.0003829226218452,0.9998194962339685
61256.17459350967,0.9998944975496891,0.9995250578374206,1.0002120779773476,1.000705789346068,0.9997906070211185,0.999997771185453,1.0005259917257197,0.9994030581850124
61256.17467727393,1.000072983673479,1.000094803964565,1.0002973109287987,0.9992402134057734,1.0000048589613244,1.000593370649412,0.9986147617961599,0.9995949783253386
61256.174761038186,1.000677490897911,1.0004675989535123,0.9994591164546358,1.0004560571225278,0.999958930732756,0.9990985640079949,1.0004548214868834,1.0017394976068072
61256.17484480244,1.0011395952125888,1.001293703050433,1.0007184738850745,1.000857503039797,1.0017811980844875,1.0015506507287966,1.0009275478097015,1.0017099079281881
61256.174928566696,1.000595462191085,1.0005155589457628,1.0010768774181056,1.0013439330103697,1.0018408881754235,1.000935747983471,1.0007148473993472,1.0005126207769017
61256.175012330954,0.9999192295931805,1.0005370068066062,0.9998480912509266,1.000407340029336,1.000219857758306,1.0004601986524373,1.0007279619874592,1.001349359415904
61256.175096095205,1.0009036480275502,1.0011788475201155,1.0005994505759739,0.9999804144587423,0.9997295526199986,0.9993589582983806,0.999969569081731,0.999040640221736
61256.17517985947,1.0000988151612735,0.9998190744033629,0.9996742216245181,1.0002675919939623,0.9996391640295271,0.9991446888715131,1.0001017863714523,1.0015063266613635
61256.17526362372,1.0000829230968862,1.00040028389602,1.0009955012998561,1.0002840638867907,1.0014018186620488,1.0011078512285005,1.0006620534413984,1.001245027158022
61256.17534738798,1.000676951417377,1.0004416164416516,1.0001731782483168,0.9995864470469684,1.0006580592892977,0.9987136879399511,0.9990155379903707,0.998905622602156
61256.175431152245,1.001403843844375,1.001568564093644,1.0016150750786803,1.0013742606325131,1.0009738546943845,1.002091308048778,1.001811555257397,1.0015769094114169
61256.1755149165,1.000562752858515,1.0002295876167366,1.0007007601801217,1.000751921748017,1.0012576943938456,1.0007629927455235,1.0015279515205247,0.9998037560247366
61256.175598680755,1.000499406059321,1.000356712834039,0.9990710141367091,0.9992789488327561,1.0001302126459322,1.0002106500914099,1.00013156025263,0.9986717740665444
61256.17568244501,1.0006139867502277,1.0011958382243467,1.0002537668532299,1.0006880783874472,1.0003906428368794,0.9998381916873865,1.0006060760157818,1.001066647105887
61256.175766209264,1.000321200449448,1.0006730181979537,1.0007099723712656,1.001410227986516,1.0010510762387532,1.0014084917186543,1.0008721882809766,1.001371768893598
61256.17584997353,1.000644397305168,1.0000988335619863,1.0003563100649482,1.0003560689737336,1.0008305553304193,1.0007520671559724,0.9996916258682053,1.0001176093912705
61256.17593373778,0.9995846620147373,1.0005796224764643,0.9999943178452247,1.0005764559064907,1.0000461509679164,0.9995695012340986,0.9990191790708352,0.9983578616832799
61256.17601750204,1.0013557446857058,1.00134506185351,1.001257054166665,1.0001908556581984,1.0015424049475659,1.0010073453878527,1.0006499736938763,1.0028818972461462
61256.1761012663,0.9994649791361377,0.9995775462275376,0.9999696489231523,0.9990616119843533,0.9995229579467185,0.9997425523123428,1.00092125674445,0.9996066934927708
61256.17618503055,1.000807942637938,1.0001084912185203,1.0001808904670852,1.0001869496271951,1.0003025133994643,0.9992614292166235,1.0012062849250405,0.9997283034811332
61256.17626879481,1.0006717034528931,1.0013720885299033,1.001519431851246,1.0004872637379443,1.0013102846997293,1.0014767373788216,1.0029346819668774,1.0013262140241441
61256.176352559065,1.0007628835106006,1.00086075732828,1.0002972854281547,1.0005701988720535,1.0006322027732295,1.0000706117865685,1.001820093034022,1.0024328068840744
61256.17643632332,1.0017254505892017,1.0015577762917527,1.0017151396055355,1.001771909556569,1.0018854586822301,1.0020257878858798,1.0019386472154377,1.001369438331096
61256.17652008758,1.0007307898721607,1.0000238081461397,0.9999481870689649,0.9998430251090105,1.00067590124324,1.0004586755874454,1.0012796878632084,1.0018041550645156
61256.17660385183,0.9999148733144705,1.0005710923970288,1.000294803848022,1.0004383018053518,1.0010803736005145,1.000442022472539,1.0009536208029166,1.0013220984732283
61256.17668761609,1.000703261335024,1.0001001639198346,1.0002272086563746,1.0004844195863245,1.0001811151332118,1.0017305461831532,1.000832196203365,1.000503772928191
61256.17677138035,1.00024669201614,1.000182754196614,1.0008751606430788,1.0001322493331062,0.9996931375661912,1.0007173112848673,1.0000223664572516,1.0005316635296235
61256.1768551446,1.0010878221063582,1.000683932849477,1.0010595993398739,1.0005048493031063,1.0001510300326706,1.0000628894251118,1.0005422046839734,1.000999143429356
61256.17693890886,1.000198353443032,0.9995536757173844,1.0002651606300312,0.9997003486655432,0.9986748893232609,0.9984274106034718,0.997098426078844,0.9974853840994673
61256.17702267312,1.0009349852493739,1.0016102888011662,1.0001272584926693,1.0009535534375038,1.0002502832606575,1.000309990926796,1.000119178050048,0.9992813518299501
61256.177106437375,0.9982817114489586,0.9988260508186234,0.9992926483622944,0.999361262451464,1.0000864374799305,0.9984001620672742,0.9976547868647923,0.9979094570993962
61256.17719020164,1.0000678954516284,1.0004520418957823,1.000760151736661,1.0004902389827244,1.0013455749916247,1.0021333521756346,1.0010008441196447,1.001538865727861
61256.17727396589,0.9994609493921199,1.0007155402938757,1.000447718069713,0.9997910155701957,0.9994919913490824,1.0010117486643382,1.001386791813736,1.0022598736289783
61256.17735773015,1.0012888315424395,1.0005231631122156,1.0004381417427366,0.9990894946818752,0.9996745327067525,0.9984881386780202,0.9990164361281088,0.9989798143795956
61256.17744149441,1.0014569789527425,1.0009484171238037,1.0007254022652718,1.0006356269977712,1.0010374914191136,1.0000471772301494,1.0017008310735898,1.0007496724030498
61256.17752525866,0.999312755978163,0.999341137707327,0.9979041770513513,0.9983329510945466,0.9972885841147314,0.9996713880601118,1.0011425127028002,0.9999551442681229
61256.177609022925,1.0003777195478905,1.0009202869896077,1.0002981639197708,0.9998889225840852,1.0004765288320905,1.000274717752352,1.0011959925673095,0.9986508043577342
61256.177692787176,1.0006481505255096,0.9998858834022881,1.0003973561909754,1.0008384994877422,0.9996800902942239,0.999972197567808,0.9999449352277908,0.999040430230509
61256.177776551434,1.0004814526366212,0.9998357256508322,0.99932862164188,0.9993972107238537,0.9994797287750848,1.0014896427859903,1.0011619644933762,0.9999209621179008
61256.17786031569,1.0003230273146186,0.9997208466711992,1.0002744772735945,0.9998245776496829,0.9997251795970403,1.00008039477939,1.0010586526799645,1.000627497504275
61256.177944079944,1.0003853922486003,0.9998646529501012,1.0001538317226553,1.0002000839724057,1.0016187240470358,1.0013774590012579,1.001535780151105,1.0006126223908747
61256.1780278442,0.9997779873114189,1.0008014459689156,1.0007765264907718,1.0001773235728686,1.001334607633845,1.0020770104519785,1.0013027058894373,0.9998319014625534
61256.17811160846,0.9994192481852856,0.9995970396437427,1.000185925786378,1.0003139967425727,0.99910223161417,0.9992128131918648,0.9981869064757428,0.9993894737555424
61256.17819537271,0.9999944639842681,1.0008956912256164,1.0002913805257674,0.999686858212824,1.0002619589582833,1.0008160337401333,1.0017332962921672,1.0017265422062467
61256.17827913698,1.000804760421031,1.0008153104327002,0.9999488689049602,1.000192364344707,1.0005564914979348,1.000585244219218,1.0009440813361432,1.0024209967985922
61256.17836290123,1.0004286125400448,1.0007600342539276,1.0003492512862615,0.9997403524002709,1.0001273632378258,1.0010463591183756,1.0002353915368796,1.0019068996022866
61256.178446665486,1.0007235132693377,0.9999179673144505,1.0008459089546262,1.0008225229734178,1.0015171976444788,1.0014742888891468,1.0027906877264516,1.0012817305256478
61256.178530429745,1.000822208812274,0.9997324346530755,1.0001475556689743,0.9996898604692385,1.0001715793213084,0.9994494158196556,1.0001830657861985,0.9994720392323355
61256.178614193996,0.9997498372277989,0.9997743319922271,1.0001287794000713,0.9995312741731862,1.0000006822395586,0.999971873836041,0.9994123713325711,0.9992085630382879
61256.178697958254,0.9994443428086428,1.0003626695185632,0.9994572413221317,0.9995494153354498,1.0006788339357595,0.9997197995474212,1.0000154041809963,0.9985106319385144
61256.17878172251,0.9991526423853476,0.9996379245307698,0.999190556033141,0.9991854769309633,0.9998217871512053,0.9997787575863515,0.9990517943207926,0.9980772091012488
61256.17886548677,1.0005908424234855,1.0005772086485636,0.9997028155299849,1.0001299694520485,1.0001797021700647,1.0005212268582775,1.0001779062788048,1.0002253271435864
61256.17894925103,1.0013312591060777,1.0006894297040854,1.0009151810641652,1.0010150958528976,1.0010582094727183,1.000286570196918,1.000596454527297,1.0016767295032791
61256.17903301528,1.000846346841943,1.0006976341730218,1.0004986181345306,0.9995836725308465,0.9993227033627387,1.0012015772963563,1.0012905389938476,1.0007498262748455
61256.17911677954,1.0000265069466518,0.9992335819490109,1.0007873375388845,1.0001051051187961,1.000323913608161,1.0020165305399995,1.0016464110352155,1.0032684829070027
61256.1792005438,1.000626725859473,1.0008148841018065,1.0003502332280882,1.0006120924299273,1.0012737199704855,1.0018216590347868,1.0002306848576832,1.0015709073406358
61256.17928430805,1.0013445869088244,1.0003094634677199,1.0021676624519726,1.0012188460970757,1.0003111405159146,1.0014606475762606,1.0015045254362824,1.0007784834639277
61256.17936807231,0.9996460220731189,1.000321961283048,1.000311883822998,1.0001638006566256,1.0007686881883024,0.9999699927113187,1.0000753032696812,0.9998848307779663
61256.179451836564,0.9997183727172991,1.0005732847963902,1.00047509340074,1.0000232449981683,1.0006280569663677,0.9996223181433912,1.0001897659347347,1.0010117053010668
61256.17953560082,0.9995979476539414,0.9997631027848821,0.9999761344384546,1.0001543257683256,0.9998277069329603,0.9990005612480192,0.9997704234426723,1.0001713481239776
61256.17961936508,1.0002071430120962,1.00007182743166,1.0002214487401813,1.0008985817880063,1.0006615626405344,1.001210315908566,1.0031187694450252,1.0015374903294134
61256.17970312933,1.0006288026467158,1.0014387741407624,1.0008383172236164,1.0006826364104882,1.0004200106440773,0.9995829775820492,1.000148703815549,1.0009371285607058
61256.17978689359,0.9985688518252552,0.9988133401728384,0.9985653271246123,0.9994428378347727,0.9987827206768669,0.9986137501794216,0.9990461905291297,1.0012786791024406
61256.17987065785,0.9997757184605935,0.9999777458735158,1.0001722632317607,0.9996489356130008,1.0001574794222048,0.99948269558833,0.9993376922732795,1.0006707937398354
61256.1799544221,1.0004907009503505,0.9993309313368035,1.0000377664882527,1.0000072843438856,0.9991972234845069,0.9999447204169091,1.001357623184436,0.999467381949403
61256.180038186365,1.000644198724192,1.0003656331770872,1.0001557076346552,1.0007465632840922,1.000270553132623,1.001315359238501,1.0015582089880413,1.0010687003464416
61256.180121950616,1.000353646293128,1.0008058233978538,1.0000033104413037,0.9998953444142731,1.0005277801678756,1.000679393188513,1.0002665085235785,1.0004507465532455
61256.180205714874,0.9990873641766779,0.9989891252886355,0.9991420178401931,0.9980795202596168,0.9990658978175688,0.9989073195858708,0.9972936521053773,0.9990232467252463
61256.18028947913,0.9994727126215135,0.9986219897362192,0.999982112724791,1.0002382142396555,1.0022202380344294,1.002210057533308,1.0016143039781107,1.0024789197356154
61256.180373243384,1.0005868708039727,0.9998093580118756,0.9997740168912989,0.9997099452301037,0.9986872498789211,0.9986549401597973,0.9989119671250545,1.001196036973181
61256.18045700764,1.0006926778867782,0.9997042194313625,1.000359248540898,1.000519111446001,0.9994327715701263,0.9999893327045354,1.0009448936928416,0.9988673710058706
61256.1805407719,1.0005484974578285,0.9998955769027765,0.999323085440943,0.9995125709706791,1.000859526818686,0.999853878374765,1.0000378350684758,1.0008768406714958
61256.18062453616,0.9996538288459145,0.9995298985578406,0.9996671617322662,1.0000447938391737,0.9989695073434665,1.0000248166145331,0.9990893999083642,1.0007699681748088
61256.18070830042,1.001249444808182,1.00075782856662,1.0009534252373407,0.9999993515968709,1.0001841309412103,0.9997110242233617,1.0006089228526758,1.0002641035919697
61256.18079206467,1.0005990953051838,1.0007489451841602,1.0013870534428901,1.0014270614387426,1.0006631548425504,1.00113437792391,1.0011107197204978,1.0013263034625195
61256.180875828926,1.000434452390223,1.0005863583482528,1.0007265940027898,1.000502630879712,1.0015316744351153,1.0018138313055533,1.0020805717746835,0.9997941923541017
61256.180959593185,1.0003018098750793,1.0002058819217743,1.0003653918576028,0.9998045885446967,0.9995826412802987,1.000960226920502,0.9994326778577296,1.0017137265059082
61256.181043357436,1.0006338935287267,1.0017645252240621,1.0009410204546594,1.0002131593380843,1.0002441178490107,0.9995178052281701,1.000294979968333,0.9984167875897989
61256.1811271217,1.0007096584888107,1.0000722521992658,1.0005931276411963,1.0008817703911508,1.0010971100510095,1.001113735375189,1.001626582628282,0.9989087909880834
61256.18121088595,0.9994918426331687,0.9997230361673122,1.0000587444983442,1.0005705515101777,1.0002314940943329,0.9998073258420348,0.9999197781436844,0.9985539352283692
61256.18129465021,1.0007748380055288,0.9999048334643477,0.9997510419246661,1.000565882958086,1.001485190751881,1.0004157973387533,1.0020517554969846,1.0009098853797358
61256.18137841447,0.9993960816462034,0.9993776882674913,1.0006351152866322,0.9999881553983725,0.9998571941764263,1.0002414520486074,1.0010522778842161,1.0013580629665042
61256.18146217872,1.0006744528616993,1.0005946632025937,1.0014229243858304,1.001090106665639,1.0008649837215524,1.00131725490493,1.00229639550345,1.0024333809902632
61256.18154594298,1.0006654511448414,1.0012586893137592,1.0009946565492664,1.0003187604549173,0.9985841368491669,1.0001012845371255,0.9996263577750061,0.9988442170481819
61256.18162970724,1.000717795919547,1.0008591819809132,1.0001113910788808,1.0006748835758261,1.001140041054308,1.00014721964329,0.9986513017849998,1.0012367489435814
61256.18171347149,1.0002936953217227,1.0000009574578959,1.0003141136260303,0.9999911583982266,1.0007967415208179,0.9999137470582826,1.0004832720844528,1.0016492216603008
61256.18179723575,0.9999442859102274,1.0004663657428292,0.9998916397807563,0.9999113898206559,0.9996306477337156,1.0001861227614859,1.0016126908844563,1.0040922787423987
61256.181881000004,1.0002128014393337,1.0015284321529803,1.0010682861509386,1.0014720216844524,1.002126381906708,1.0017536512864782,1.0026320700401843,1.0026018591435424
61256.18196476426,0.9998967836915571,1.000371465915228,0.999532771222882,0.9990688758836536,1.0005801638675984,1.0002236580056918,1.001917720401088,1.0021752910019044
61256.18204852852,1.000187396508263,1.000598392760436,0.9997717043503692,0.9994964851707516,1.0001260867732706,1.0013978321708203,1.0013063767027721,1.001326390507473
61256.18213229277,1.0006385992195082,1.0007822457808213,1.00041395376949,0.9998438686650017,1.0003205982803562,0.9992208218580727,0.9996889669977329,0.9997145716672985
61256.18221605703,1.000477877381012,1.0000978639886104,1.0005454059142809,1.000941937443515,1.0008299463237067,1.0002585094706395,1.0002482617686432,1.0004960811649544
61256.18229982129,1.0009052639419995,0.9996061364149763,1.0009415045214685,1.0008336792739971,1.0004949525943874,1.0006224142520341,1.0006945972641152,0.9991051079693134
61256.18238358555,0.9996630159759538,0.9997085236091049,0.9993023870470829,0.9993408919620269,0.9979581651184045,0.9968442928920533,0.9973130997948677,0.9992204753480537
61256.182467349805,0.9992506929723896,0.9988749796026057,0.9992498833369662,0.9995805166302737,0.9991136542488124,0.9984609402034361,0.9991780134311231,0.9981493331516365
61256.182551114056,1.000080843915499,0.9996867252368226,1.0001125225725191,0.9998909762117293,0.9993654259016036,1.000134752632822,0.9999390939149225,0.9995910606725735
61256.182634878314,0.9996550808504178,0.9997308540575288,0.9999616926108836,0.9998988774864731,0.9995389848748295,0.9986482786277684,0.9996652678495435,0.998933187572322
61256.18271864257,0.9998454191859675,1.0002930077428787,0.9995757875798844,0.9998722697876512,1.0004487650522813,0.9997624498965777,1.0002550046368208,1.0013261832245914
61256.18280240682,0.9997163524584654,0.9999911870213191,0.9997219347769812,0.9998171965347588,0.9991015987877772,1.001032790037246,0.9997063610686282,1.0008832350744161
61256.18288617109,1.0007958318585848,1.000829823102571,0.9998944020906855,0.9992686464963203,1.0000938489480304,1.0000910962836238,0.9993530183717804,0.9976122486553469
61256.18296993534,1.0000579862210421,1.0005095741220595,1.0000680198286371,0.9996587842035436,0.9989729742049804,1.0000917315893374,1.0009645915485514,0.9995116195553528
61256.1830536996,0.999627728149885,0.9999000476823244,0.9994690095909228,0.9999250423431808,0.998949357921372,0.9994359177783393,1.000636880978221,0.9993115597040979
61256.18313746386,1.0003798682924725,1.0000935274284797,0.99984314446007,0.9995001208375991,0.9998705206961316,0.9992759241992133,0.9987257231594154,1.0000920835530702
61256.18322122811,1.0004471793957384,1.000844398192287,1.0004565662363807,0.9998425287392542,0.9997591459539544,1.000202868371183,0.9998282050041786,1.000400027940315
61256.183304992366,1.0010809301627321,1.0003376933173393,1.0011802129314906,1.0003715952115497,1.000703495075545,1.0017215291330173,1.0007745475853824,1.0028904854086456
61256.183388756624,0.9999437719672337,1.000343896666333,0.9999107906530053,0.9998233286713644,1.0003043627188772,1.0003177216318553,0.9991156482229873,0.9998837405115779
61256.183472520876,0.9999531985117112,1.000719905663166,1.0003834595649448,0.999866673175281,0.9997813352529021,1.0007915927068953,1.001374690535515,0.9984870776496205
61256.18355628514,1.0010608632425761,1.001034719873924,1.0009862859907295,1.00124967752337,1.0015945506194222,1.0015258230291921,1.0041046707557992,1.0019021841214257
61256.18364004939,1.0005133832072275,1.0003574242416142,1.0001464900983983,1.0010465512727247,1.0013401682621268,1.0018023562301974,1.0019604048413708,1.0022864148446742
61256.18372381365,0.9991899474110657,0.9996208693967519,0.9993930618804951,1.0006227991974377,0.9992272241180976,0.9998345181185143,1.000119957598062,1.0008760462445774
61256.18380757791,1.0003988655621225,1.0002827886427266,1.0000785460267616,1.0002702701107657,1.0006758558000206,1.0007224378324726,1.0000144899806733,0.9979564404634592
61256.18389134216,1.0008950095555982,1.0006020927274755,1.0007576015609096,1.0002729321197135,1.0005277681735687,1.000621049715485,0.9984639929041432,0.9997559594013087
61256.18397510642,1.0009669319139503,1.0013822947887634,1.000791881441838,1.000699067166332,1.001008076310423,1.0002538813936708,0.9987243844967367,0.9995778487350399
61256.18405887068,0.9996572585907487,1.0000136883147577,1.000418848779563,1.0004765217809652,1.000576960205102,1.0005466264522187,1.0000767379661135,1.001894996047404
61256.18414263493,1.0009828628166797,1.0011170361286992,1.0006682782616265,1.0005744525849178,0.9998181106427203,1.0020237112824766,1.0017793162820396,1.0021503295072536
61256.184226399186,0.9999038094412522,1.0006228530767127,1.000885120370567,0.9992151129065812,1.0008350580946137,1.0003448068718375,1.0000222605125413,0.9998647824103883
61256.18431016344,0.9994522932301011,1.0001348376414296,1.0004427461122822,0.9998884309227789,0.9999418783758666,1.0017340259420646,1.0015530088115492,1.002641691720568
61256.184393927695,1.0006641274490142,1.0009441869789006,1.0008233163862963,1.0009172713607895,1.0012225210042096,1.0024287664717335,0.9998233568375305,0.9981816285930388
61256.18447769195,0.9998958606158902,1.0000191563602066,0.9999300650196391,1.0003943912961815,1.0000894855543043,0.9996095178656108,1.0008088384705487,0.9985283137163017
61256.184561456204,0.9995265763478212,0.9995258096671497,0.9997473249552584,1.0003439107645544,1.000469442392816,1.0004836665832653,1.0006359944602252,0.9994486761652066
61256.18464522047,1.0002950077118677,0.9998601448749749,0.999673298924362,0.9992568942050943,1.0000642775754818,0.9987987326088699,0.9991368887703824,0.9978967151542248
61256.18472898472,1.0005299057296353,1.0009570320674295,1.0008055604772208,1.0009520407859847,1.0013991731571612,1.0006502554223795,0.9997343526863721,0.9990687997681414
61256.18481274898,1.000791382341252,0.9996353459993417,0.9995008381806927,0.9990297119877198,1.0004539993002666,0.9995852949579744,0.9981408485508285,1.0003927224626799
61256.18489651324,1.000247332981794,0.9998889076940427,0.9996156391844807,0.9996476834131113,0.9995007921295831,0.9987757364491514,0.9998361846914102,0.9997357046956203
61256.18498027749,1.0001677288781863,1.0009189947089816,1.0008218556114172,0.999664715611491,0.9997985060324562,1.0000070342526606,1.0002196840374211,0.9995849146815904
61256.18506404175,1.0004779441510385,1.0002683647452655,1.0006700767808425,1.000985360752016,1.0002398417941114,1.0007422967977486,0.9995484245043212,1.0012952151242558
61256.185147806005,0.9998746137815777,1.0000470493213227,0.9996828309314423,0.9994836234200154,0.9998923167169581,0.9992470348340379,0.9991906604954809,1.0010899013353314
61256.185231570256,1.0002946144071492,1.0002176665429128,1.0002711104090978,1.0005456618999833,1.000108891329367,0.9983286697922807,0.99798019467558,1.00033739519106
61256.18531533452,0.999076007951829,0.9990929103969747,0.9991849117050194,0.9986212814565797,0.9992438277865463,0.9987956171077931,0.9996262829301946,1.0003502491231544
61256.18539909877,1.000790402338152,1.0007020236616084,1.000627088040258,1.0010756063742992,1.0011470443781034,1.0008761131592048,1.003144617903806,1.0010991958090545
61256.18548286303,1.0002450520272386,1.0004539169477373,1.0001525321920226,1.001392934097441,1.0004487094730279,0.9981816252454436,1.0008948905236172,0.9999437046590643
61256.18556662729,1.0002606316557843,1.0004863427732564,1.0000138493340724,0.9994633748546522,1.000098552405699,1.001661734826754,1.000710933254936,0.9991981945482473
61256.18565039154,0.9998989027753508,0.9993425318249816,0.9989344646470414,0.9994798804500702,1.0013777320664603,1.0009009441962502,0.9991090020720775,1.0004536501511951
61256.1857341558,1.0010343816115739,1.0009492827385458,1.001216786534096,1.0012949428270776,1.000854222463132,1.0010716390412215,1.0024177664471325,1.0028843792870223
61256.18581792006,1.000326976588784,1.000951935972794,1.0015048259955155,1.001315937805674,1.0007148393248573,1.002133550276591,1.0027825474133687,1.0011261101465343
61256.18590168431,0.9996126587401086,0.9998551100835507,0.9993122024565162,0.9999948651874506,1.0011383767175166,1.002493550728914,0.9994102363757792,0.9988733240744998
61256.18598544857,0.99984057543286,0.9993045200374541,0.9996268819618359,1.0001947921702203,1.0005278507822464,1.0014834439663027,1.0006599608624902,1.0003565335546645
61256.18606921282,1.0007825208148486,1.0000175018434834,0.9992938202783508,0.9999081987306148,0.9989161823440479,0.9977957267285424,0.9988130820917495,0.9996613024230757
61256.186152977076,0.9997830761983094,1.000110484298698,0.999969268306554,1.0006608501644767,1.0007871999651616,1.0015632624411666,1.0023034254476169,1.0020032891026192
61256.186236741334,0.9998400374154144,0.9997833685768834,0.9994932890992316,0.9994249068180675,0.9998782245888139,0.998033260025566,0.9991453431582676,0.9985861096760263
61256.186320505585,0.9991535166470709,1.0003891236966616,1.0005569303122852,1.0002346992578162,0.999727994373697,1.001968282587294,1.0016075443638335,1.0015304990198168
61256.18640426985,0.9996537717854733,0.9998496561076913,1.0003490986164674,1.0012228817343607,1.0011855222837744,1.000082585332561,0.9992748868819601,1.0003571795894621
61256.1864880341,0.9997849230146836,0.999499662116771,0.999808109470554,0.9999592043783245,0.99916389231906,0.99950704889455,0.9980673840963774,0.9976144892755955
61256.18657179836,1.000154349335319,1.000611390716171,1.000858434670492,1.0005233163396736,1.0008552200178167,1.0010514708858855,1.0016077155841558,1.0018914583187786
61256.18665556262,0.9991219223207424,0.9997933919310805,0.9993659836486737,0.9997834515691607,1.0010070706469112,0.9996144582316919,0.9993047253552351,0.9990080559951577
61256.18673932687,0.9999445942228206,0.9996758868514072,0.9999404986804926,0.9998609749595158,0.9998951522724844,0.9981748106679106,0.9982182056189921,0.9988252765827283
61256.18682309113,0.9990738699808965,0.9997058156597864,0.9998748661475771,0.9995701570489982,0.9995504216999197,1.0015529123217812,1.0004238179635514,0.9999332250638875
61256.186906855386,1.000040380747326,0.9997068062258829,1.0004738690357609,0.9999335145794416,0.9998242111837491,0.9992142394710707,0.9991119746755954,1.0008311698470786
61256.18699061964,1.0012252662110668,1.0006218175102628,1.0004655540441292,1.0010139811893108,1.0018012233401647,1.001891779621572,0.9994203236792323,1.0009130930681605
61256.1870743839,0.9999435832288515,1.0004278781575184,0.9996438716266712,1.000291105745501,0.9994434769114255,1.0011432180896782,1.0017713061784237,1.0006835070899205
61256.187158148154,1.0010095686992055,1.001749070673341,1.0017963702921648,1.0011345408040135,1.0008892193168417,1.001319819013093,1.0020954149703596,1.0018504356445022
61256.187241912405,0.9987267771701063,0.9992696665377717,0.9997139810259127,0.9998459626861906,0.9998475107162935,0.9988899248439194,0.9989312668337075,1.0000575803694698
61256.18732567666,1.0008450629155146,1.0003238583326948,1.0004778648419042,1.0007710521804092,1.0007167768277667,0.9991429514951379,1.0000813096512433,1.0020056286719434
61256.187409440914,1.0003162371221295,0.9998456609026,0.9997887367761096,1.0005396313667727,1.0003643364498331,1.000659288444554,1.0010799855017847,1.0011139828067597
61256.18749320517,0.9997774191011525,0.9999721209409782,1.0001625947015822,0.9997942297068607,0.9999267555819931,0.9983646259501653,0.9985751094251358,0.9986080157164445
61256.18757696943,0.9999086075726085,0.9997767790958235,1.000713072314175,1.000506875671303,1.0005713646075032,0.9996454020301274,1.0005217095088792,1.0000418955238517
61256.18766073369,1.0008608407260113,0.9997033304789678,0.9995005596780265,0.9985683768166367,0.9993955670881999,0.9997467286428472,1.0009421456237582,1.000131742796006
61256.18774449795,1.0003536065237293,1.0006842710779411,1.0002934016466742,1.0001195999582466,1.0011864852070098,1.0002443737397235,1.0004420783887717,1.000684568761223
61256.1878282622,1.0007469097792883,0.9993892162861172,1.0000427264191791,1.0003963928830624,0.9994294805688031,0.9986465162205866,0.9987696649241798,0.997671158878658
61256.18791202646,0.9998419817266682,1.0004090731462265,1.0005188453789386,1.0003546314096017,1.0000253563872545,0.9987958121096969,0.9980156547118886,0.9986214550919865
61256.187995790715,1.000058319007111,1.0001740939176442,1.0004467215401815,1.000794772360309,0.9999727094885141,1.0005210118317285,1.0000079357624316,1.0007833869543308
61256.188079554966,1.000295116246413,0.9999477706131588,1.0009626556909543,1.0006380548232843,1.001470121510054,1.000918525596503,1.0016158545302096,1.0016654490567376
61256.188163319224,1.0012560075569552,1.0005415347578193,1.0000504109101729,1.0003416797026887,1.0007719621273017,1.001547188133867,1.0018093037614237,1.0006522333244907
61256.18824708348,1.0007765242812212,1.000236038858497,1.000200135101527,1.0003581045110173,1.0014558577450665,1.0016566764582986,1.0012254653604553,1.0014103410193838
61256.18833084773,1.0012846061436227,1.0018232442090442,1.0016839258151333,1.001929406961603,1.000825355882818,1.0004908690191079,1.0001091071509371,0.9997285686470196
61256.18841461199,0.9999716138712683,0.9998880632953481,0.9992364208900221,0.9994189407162779,0.9998812944556608,0.998673847239252,0.9998629774251415,1.0025767466114102
61256.18849837624,0.9998120546558852,0.9999755802733722,0.9990116731360313,0.9996102309148498,0.9997452018119074,0.9993948264908586,0.9982233969097989,0.9993730222592898
61256.1885821405,1.0001030876449302,0.9997893029287261,0.9998009949022488,0.9999076317341081,1.0002186853570336,1.0009753052400827,1.0022413510747992,0.998456740089829
61256.18866590476,0.9993247110051233,0.9994750014763396,1.0000240863393046,1.000821439782102,1.0000030608288832,1.0001584992399648,1.0012575409759044,1.0012704866732582
61256.18874966901,1.0005871788505498,1.0005755235360667,0.9999078775663428,0.9995685755054211,0.998851003421738,1.0001477488660606,0.9996375438276327,1.000568119682023
61256.188833433276,1.000181357944101,0.9999968594108053,1.0011566227200641,1.0005239859308277,1.0011274512553445,1.0002536925898715,0.9995191970927949,1.0010739319245172
61256.18891719753,0.9995928833735348,1.0011520401506562,1.0014761897745699,1.0010359235576118,1.0008688526457508,1.0007723113572833,1.0006642013849611,1.0019155408609481
61256.189000961785,0.9999123876605707,0.9998659770547987,1.0004457557450508,1.0000461731672137,1.0002520141574058,1.0007803629334453,1.0000545569030963,0.9998275485850198
61256.189084726044,1.001102601159624,1.000789212684202,1.0012973245831474,1.0006862249928354,1.0007438672370468,1.00094551571942,1.0012905478795329,1.0017572573597413
61256.189168490295,0.9996865307300352,0.9990307362111442,1.000632643394517,1.0002617773060127,0.9993980053111915,1.0003981098555577,0.9990521217241234,0.9997118971449617
61256.189252254546,0.9996672262118564,1.0001188491162891,0.9996832182294321,0.9998230565725164,1.0002137719145263,0.9995947215597859,0.9985813047983909,1.0000606865264434
61256.189336018804,0.9994873224885766,1.0001567985956348,1.000320187010838,1.0004666248668563,1.0010246610582747,1.0009019029953419,1.0009044111937484,1.0011419936461206
61256.18941978306,1.0000729721017811,0.9999441014652202,0.9995693657605136,0.9999305046408191,0.998685335857824,0.9992549867637505,0.998076267731218,0.9987779339535308
61256.18950354732,1.0010847115807746,1.0004842969879502,1.000251322688889,1.0006705565102665,1.0005682133145157,1.0011773043271064,0.9996740209331606,1.0024258795040204
61256.18958731157,0.9997520608558973,1.0001383681034148,0.9993868764710245,1.0004629919259536,1.0008211600715216,1.0014686188154527,1.000371595423524,1.0000142831891379
61256.18967107583,1.0008613051900215,1.0000386852853755,1.0001901594500562,1.0010337940991412,1.0016022575529147,1.001597135797543,1.0020198562282148,1.001570994826483
61256.18975484009,1.0002858603512266,1.0009342924842772,1.0000185754162987,0.9996625336166308,1.0002985513926868,1.0004681653622454,1.0012737347957588,1.0011749227773057
61256.18983860434,0.9992268294712765,0.9994676898680172,0.9993783938878246,0.9999837896739603,0.9998127768926676,0.9994896176791376,0.9995039858246896,0.9991075076890938
61256.1899223686,1.000299435415885,1.0002991024433758,1.0005153387620045,1.0002867702542941,1.001138020098052,1.001663803801721,1.0020786179491707,1.0025535265826968
61256.190006132856,1.0004935108778061,1.0011020730086386,1.0005937841992607,1.0002176504559548,1.0008658158899482,1.001830607905773,1.0031056698942271,1.0022965510468784
61256.190089897114,1.0008327578114424,1.0002103495747465,0.9997284219626313,1.0004155371929913,1.0001225690626525,0.9996032639781485,1.000628664111541,0.9983193784919909
61256.190173661365,0.9999483465121063,1.0000303876891563,0.9997338868953931,0.9997203313273872,1.0006356932854898,1.0003867685162262,0.997270341193288,1.0003632874746586
61256.19025742562,1.0006659781226215,1.0006903852078715,1.0000946492936675,1.0000761176702138,1.000124083555074,1.0000368817017617,0.9992125363693808,1.0010934677220278
61256.190341189875,1.0002104776561955,1.0004644526136521,0.9994267425519688,0.9998331294339674,1.000429516892548,0.9993445102783519,0.9982282956565022,0.9973060279093492
61256.19042495413,0.9994987923022757,1.0001224001243416,1.0000419276588337,1.0004837566861258,1.0007716641279003,1.000050687741195,0.9998014929251301,0.9996676891418542
61256.190508718384,1.0017351565835317,1.0010033800867155,1.0009558558161855,1.0010063720862807,1.0019639193567618,1.0018500608952028,1.0011299076745694,1.0030447338534743
61256.19059248265,1.0000502786722305,1.000408034118211,1.0001407281777874,0.9998746946394065,1.001079053382079,0.999574576766536,1.000386310118519,1.0007762359783392
61256.1906762469,0.9991812516126566,0.9993653650937335,0.9998959213277396,1.0006821487141921,1.0000652107663504,1.000178912458818,1.0002948999971641,1.0006081638878797
61256.19076001116,1.0002041047098682,1.0002092450003104,1.0006187979924872,1.00085817486127,1.0009841273959637,1.000828003471908,0.9990661323994304,0.9987840522941993
61256.19084377542,1.0006057355976337,1.000556365445077,1.00096703679067,1.0008839741935687,1.0022874036194136,1.0031348044772248,1.0035377295108594,1.001775208145486
61256.19092753966,1.0004155405117225,1.0012062662467358,1.0011214152392929,1.0009381119517882,1.0017647503420293,1.0012087623298287,1.0011000842386077,1.0015894874702138
61256.19101130392,0.9998057537999055,0.9992627971165466,0.9995123597947836,0.9993939314123281,0.9992188066486182,0.9999667136756382,0.9989905278618303,0.9971980302527105
61256.19109506818,0.9998429444387253,1.0003027222360878,1.0001907509759105,1.0011555152141176,0.999664661392122,1.0008110280555662,0.999430076402455,1.0010687154627866
61256.19117883243,1.0002710062814368,0.9997667975037413,1.0000174645236173,1.0000406469337804,0.9996888030601623,1.000805100283757,0.999931817905622,1.0004831965592764
61256.191262596694,0.9991822348079492,1.0004518735073624,0.9999531547948478,1.0001742804272828,1.00122339320994,1.0004085569991175,1.0012773666487804,1.0010534757305463
61256.191346360945,0.9985748754925188,0.9991154786884584,0.9987745643624735,0.9986533006513425,0.9992680757140103,1.0011177412578194,1.000745609642145,0.9976368468538378
61256.1914301252,1.0008867929850895,1.0010738735314664,1.0019629839274828,1.0015348056437696,1.001533113414083,1.0020336199061088,1.0026417612471235,1.0007648082734026
61256.19151388946,1.0005881271977408,1.000771629717252,1.0020808088176747,1.0014616759807138,1.001456671499667,1.0011497690093802,1.0016417624547314,1.0046720933671256
61256.19159765371,1.0013145008934563,1.000497873471804,1.0003370251194443,1.0001093563535293,0.999742669492733,0.9997734450956105,1.0015788856361718,1.0020414528981336
61256.191681417964,0.9999121787049694,1.0005917136136593,1.000327454583007,1.0007634681065085,0.9997241485934432,0.9993024842690317,0.9990553933651302,0.9988287351394964
61256.19176518222,1.000524850493774,1.000144363311815,1.0006107066047556,1.0005219213994048,1.0004575286673238,1.0007170719426774,1.0000321735198578,0.999951204822627
61256.19184894648,0.9993875143335429,1.0004540852244936,0.9995457631885131,0.9995350672013893,0.9997700029978968,0.999875266841526,0.9997334268663064,1.000199649889996
61256.19193271074,0.9994501275935002,0.9994901967446262,0.9981345920729076,0.9991782266613867,1.0007954057604633,0.9996594953278665,0.9989936135869583,0.9983081372219769
61256.19201647499,0.9993071764246824,1.0004183610852155,1.0003878275245905,0.999844901302433,1.0003666347955547,1.000032005223835,0.9990982903783476,1.0002728771186504
61256.19210023925,0.9999743837633096,1.0003474725753256,1.0004120940041863,1.0004950691089953,0.9996779292917638,0.9994309530966174,0.9999794438122492,1.0009478690388047
61256.19218400351,0.9993684074652834,0.9996127284642947,1.00046041193393,1.0004039541581524,1.0002450978345696,0.9989371408122221,0.9978228250863517,1.0003315228059226
61256.19226776776,1.000015150189771,0.9998098033255487,0.9998881358363786,0.9993719887962138,1.0013120093459233,1.002151782001041,0.9995828753318247,0.9999544488532646
61256.192351532016,0.9997708358691438,1.0001632747383349,1.000240083140873,0.9999944907417682,1.001177958944098,1.0008449054645496,0.9999644734829206,1.000071206872767
61256.19243529627,0.9996013702163427,1.000332521514913,0.9998747044579045,1.0005627515910158,1.0003607084253776,0.9985773489499546,0.9978662186726796,0.9983451115500883
61256.192519060525,1.0010201510833872,0.9996423456201009,1.000959021682157,1.000677298267242,1.0011087550026654,1.00275113751634,1.0019339771042544,1.0033317404651874
61256.19260282478,1.0002890291343234,0.9999854723114009,1.0001239671278954,1.000172902833935,1.0013172221393032,1.0004307302412663,1.0019398279863223,1.0015058780838235
61256.192686589035,1.001300485173224,1.0012338955705447,1.001495604784493,1.0006276005773824,1.0016659385383253,1.0015927210784032,1.0013704705184723,1.0018185975355227
61256.19277035329,1.0002723915599772,0.9997958349031307,0.9996917262019195,0.99999992900153,1.000170317216135,1.0005845893656364,1.0010601294125239,1.0006231311480003
61256.19285411755,1.000362001857019,0.9999621358873304,1.0001122360521835,1.0008905813879991,1.0003723949347734,1.0001598675907322,1.0000324007883494,0.9995198526097125
61256.1929378818,0.999196961722071,0.9994567764447914,0.9992519159275949,0.9989496346349537,0.9990422715668602,0.998226526460096,0.9979336193303707,0.9985982928832929
61256.19302164606,1.000729516320358,1.0002502950375185,1.0001236433031244,1.000413306626752,1.0000663355282622,0.9995880349969501,0.9981171036071839,0.9973314874245854
61256.19310541031,1.000274787699479,0.9995301711282206,1.0002536350071058,1.0005276835509649,0.9999468105700368,0.9990188015544605,1.0008384876103738,1.0026806180727066
61256.19318917457,0.9995302397877487,1.000169980907657,0.9995904873091643,1.0009105082918823,1.0015055542132278,1.00202040006433,1.0033256753632382,1.0027279729839347
61256.19327293883,0.9999383107908917,1.0008140461795896,1.0013114269960337,1.000108206252661,1.0003690013905722,0.9993804259101685,0.9997147491556304,0.9989269986257249
61256.19335670308,0.9997346764415121,0.9993880922822477,0.9994491952565049,0.9992223773015076,0.9998642252053811,0.9996954707952306,1.0007361621080397,1.00035347583298
61256.19344046734,1.000173642547816,1.0004028240152356,1.0011025918665801,1.0004037623507678,0.9999656222045703,1.0005684902659187,1.0008390415986816,1.0012912911730139
61256.193524231596,1.001189697206041,1.0012138632667305,1.0005347617895977,0.999625036759814,1.0005090550274995,1.0002703888531213,1.0010226533509043,0.9994913828003242
61256.19360799585,1.0005544606064423,1.0004495405237694,1.000511971340725,1.0007700921522333,1.0000303075020216,1.0003716470483024,1.0000117330259044,0.9989071133257195
61256.193691760105,0.9999280256796376,1.0004321999780794,0.9992661909430931,0.9987446862141545,0.9997837292152116,0.9994632900382387,0.9994381428959976,0.9996587394467683
61256.193775524356,1.0011443075537714,1.0008746007993436,1.0015873386184466,1.0008293484912405,1.001166971821052,1.0020879555893978,1.0008899938274565,1.0018297961648468
61256.193859288614,1.0007344622236256,1.0010473937824476,1.0005110942967435,1.0005498412689005,1.0001653443088945,1.0009642842950774,1.0003315206406869,1.0010129187026826
61256.19394305287,1.0002298839255106,1.0001478899772442,0.999980303960775,1.000714660809327,1.00007905844714,1.002150654899573,1.0002798920745515,1.0013458515420604
61256.194026817124,1.0005708098193986,1.001309145318179,1.0000392593338108,1.002319763240032,1.00125418935327,1.0013614757584168,1.0010968252426151,0.9986239159699799
61256.19411058139,1.001023993552111,1.0009045574119115,1.0009273091258848,1.0010272176335426,1.0018363614226156,1.0010327170903235,1.000344249726756,1.001130180600354
61256.19419434563,1.000119009636122,0.9998335862915897,0.999273229343536,0.9997917585140447,0.9989833801954074,0.9995090122633516,0.9992177242426165,0.9978301232452409
61256.19427810989,1.0007564525727761,1.000831442333657,1.0012919937236404,1.0009832863080668,1.0005415068919925,1.0009357274820485,1.0019580914873567,1.0035536318458762
61256.19436187415,1.000856371390484,1.0008867915402988,1.0004065848628847,0.999971719438452,1.0003339965969693,1.000494485851485,1.000960480552033,1.000636112183363
61256.1944456384,1.0003744434273205,0.9998614020932906,1.0003953208164333,1.0002072717930661,1.0008470196284,1.0003996279143883,1.0004910145922359,0.9997194013395496
61256.19452940266,1.0004151122258942,1.0008017272490415,1.0004682405202658,1.0007704913792317,1.0005473160220422,1.0013562836539367,1.0022764351782645,1.0011119643967838
61256.19461316692,1.0000619925556482,0.9999419377633545,1.0001689469231256,1.0001810268927083,0.9998157269853788,0.998046001659742,1.0017047411169155,1.0031868682483147
61256.19469693117,1.0001764855942692,0.9995805817972967,0.9998607249826206,1.0002574678351874,0.9996103543799376,1.000453607921833,0.9993461593061785,0.9990389231309051
61256.19478069543,1.0001293801385258,0.9996243888040598,1.000325540587076,0.9997568039724203,0.9999391644527488,1.0008664884564373,0.998368641639564,1.0008719862462296
61256.19486445968,0.9996647517306303,0.9998493871105404,1.00221771331194,1.0010636632669412,1.0008064253188182,1.0006330466235638,1.0006675789706783,1.0009214498246106
61256.194948223936,0.9991354404579675,0.9998774309289212,1.0005447307596773,1.0002703858395106,1.0001516202877203,1.0014311226669834,0.9998625191288301,0.9996147908149485
61256.195031988194,0.9993381482734717,0.9992860008844879,0.9999874885723337,1.0004921986891813,1.0015641048450024,1.0002175333248697,0.998334034287295,0.9977660654655388
61256.195115752445,1.000604608487662,1.0004109895136426,1.0006232127218735,1.0001539067162748,0.999796169507673,1.0007821222415751,0.999703734323326,0.9989268625786192
61256.195199516704,1.0010508349698106,1.0000635619945022,1.0003952295040837,1.0010872454149118,1.000476813992515,1.0014824725326132,1.001677149013257,1.0024983000867107
61256.195283280955,1.0013402862274674,1.0002871330192962,1.0009117492788149,1.0009480405859812,1.0010405117883272,1.001950306892238,1.0021414042020906,1.001279857673478
61256.19536704521,1.0002657861156292,1.0018984547628225,1.0022958869279215,1.0025552846180013,1.0027983141324137,1.0023995338269232,1.0016358914089927,1.0007640011865453
61256.19545080947,1.0005968855099199,1.001107466797921,1.0010328672041284,1.0017339631666824,1.0023306564417938,1.0013437901823306,1.0022409980396836,1.0030116699978637
61256.19553457372,1.0009811733487948,1.0009470467904549,1.0007331122569099,0.9998220318651063,0.9994099227532295,1.0003006878102978,1.000024495262415,1.0012216519348325
61256.19561833798,0.9995716977229123,1.000078627174918,0.9990550779045888,0.998618594666316,0.9998997954207504,0.9990199277023744,0.9985946900581499,0.9985182835174671
61256.19570210224,1.000542020765245,1.0001024386151283,1.0000302788755928,0.9995004420034524,0.9993040633650485,0.9985429015537438,0.9991829265316259,0.9987973170129713
61256.19578586648,0.998750280751514,0.999002953685139,1.000635070409953,1.001125792503894,1.0022669898157646,1.000789405014388,1.001153285229299,1.0010793595112006
61256.19586963075,1.0002134534446534,1.000135846296998,1.0000117275468678,0.9997444462736483,0.9998371760159727,1.0014619065066446,0.9997096108371788,0.9984875795752618
61256.195953395,1.0002251080064937,1.0013460811171024,1.0008670581196948,1.0007308435041997,1.0009248373405046,1.0006907025837672,1.0005620132689932,0.9990605437243404
61256.19603715926,1.0007104485564564,1.001150400150176,1.0011571534452566,1.000619308501288,1.0013376312128033,1.0010522618593778,1.001486658373519,1.0015073130028798
61256.196120923516,1.0001478639972141,1.00017729809915,1.0006671239399012,1.0004719548322683,1.001136066546422,1.0003548058447627,1.000338700616234,1.0000468994119798
61256.19620468777,1.0007097566487304,1.0005330800511842,1.000886009886479,1.000949861021443,1.0002511706704387,1.000491375833347,1.0001266129764141,1.0005242606145475
61256.19628845202,1.0003573356696196,1.0001433850286934,0.9998461321556034,1.0000530804633787,1.000696363361985,0.9987240082607569,0.9995326811203644,1.0020974091356785
61256.196372216276,1.0004073340498234,1.0000496386841016,1.000832472676465,1.0005066608172946,1.0009589302289108,1.00115757123103,1.0006090199117006,1.0005175245822284
61256.19645598053,1.000350513688213,1.000127937512767,0.999764697352466,1.0001110722118383,0.9982680515535062,1.0001651366947417,1.0011870005954586,1.0009371993555887
61256.19653974479,1.0007590204256331,1.000484286603253,0.9992278028972891,1.00015864143448,1.0003192572830508,0.9997900426659647,1.0003681669159945,1.001400955343712
61256.196623509044,0.9996135686479817,0.9999886676714973,1.0005138825527429,1.0005621112418144,1.0007735107443712,1.0011327177854528,1.0010480459056734,0.9987975668105736
61256.1967072733,1.0004762012139288,1.0008684404407624,1.0011034240338825,1.0002405426920922,1.0003592829611219,1.0008484448206203,1.0005485162546528,1.0006601150497971
61256.19679103755,1.0002739061223145,1.0009455308480217,1.000185993825214,1.0011187719571153,1.000997089356311,1.0014095849689366,0.999833699775317,1.0007529173784588
61256.196874801804,0.9997325395346438,1.0003221180584738,1.0000431721793437,1.000288038562039,0.9999182587135801,1.0002806114345866,0.9993994840129509,1.00012864558287
61256.19695856606,0.9995921163162766,0.9994336271685932,1.0004528217619115,1.0006428242353318,1.0008714505112786,1.0006599237502674,1.0004464990172501,0.9987801201549371
61256.19704233032,1.000265747410295,1.0001233454667575,1.0001084384606524,1.0000722572368317,0.9990684539564232,0.9997702142144341,0.9984780439067916,0.9972528825561713
61256.19712609458,0.9992728328225561,0.9993266357571434,0.999030884920299,0.9991272606637822,0.9994088905670951,0.9993589020386625,0.9993189079343786,1.0006726514126754
61256.19720985884,0.9999627016688087,1.0005844903310925,1.000352306018422,1.0011284884632448,1.0012365357606272,1.0005840398798318,1.0006746991387274,1.0014446958108634
61256.19729362308,1.0002867630766663,1.0005979507966656,1.00043566573043,1.0012491261390923,1.0002216020008325,1.0012404448946455,1.000514463574206,0.9993202859292157
61256.19737738734,1.0003443026126475,1.0007536797126788,1.0000684449878448,1.0000244523438762,1.0014621858400599,1.001259425874577,1.00083651840579,1.001053344281329
61256.1974611516,1.0003872462474077,1.0002060308807612,1.0011139749531552,1.0012865417131933,1.001689520528352,1.0017564907335146,1.0022958637293558,1.0013548822985463
61256.19754491585,0.9999640156550501,0.9998168879221618,0.9997229085897817,0.9999297842479675,1.0003081959980222,0.9999519991371152,0.9999518807579466,1.001133799453365
61256.197628680115,1.0006237696231943,1.0003298822385909,1.0000441812921623,1.0006996026905675,1.000579113267669,1.0012065717766576,1.0007069681887122,1.001946543287984
61256.19771244436,1.0013001749985182,1.0007698634254572,1.0008655607085193,1.0002117160742496,1.0010579342793937,1.001170930291772,1.0011720466704723,1.0002030518864398
61256.19779620862,1.000600703904192,1.0007082514648884,1.0005021677350832,1.0008393579125232,1.0005522363908395,1.000267224005597,1.0010826727380988,0.9991907167442785
61256.197879972875,1.0001123431410923,1.0004363984105742,1.001096914020145,1.0009907432538174,1.0013754438567726,1.0011536187474541,0.9995110540456551,0.9998378856456595
61256.197963737126,1.000970659463744,1.00063112767027,1.0000559920991456,1.0003409739308138,1.0007168525101542,1.0005282581310802,1.000498385610019,1.0010425726257681
61256.198047501384,1.00028375829246,1.0008341410149124,0.9996583181312161,0.9997616876263337,0.9999357187079723,0.9985796143571573,1.000753707919101,1.0023809665753542
61256.19813126564,1.0008343641493143,1.000296345473821,1.0008134089963743,1.0012405304918788,1.0011904563362177,1.0009391469286353,1.0035600811106846,1.0069574485493933
61256.198215029886,1.0000177209688044,1.0004897996490554,1.001054778604602,1.0008929254526648,1.0010639569418942,1.00041900891045,0.9994498839622035,0.9999087076118733
61256.19829879415,1.001272462511288,1.0016079356064964,1.0005524636907592,1.0016723325298045,1.0011210392002023,1.0028365442975962,1.001783843538743,1.0019316233924112
61256.1983825584,0.9996446035425729,0.9998508155088615,0.9991966973454283,0.999272606302779,0.9987259659813926,0.999370744947683,0.9978503990768824,0.9982154499035072
61256.19846632266,1.0000708079282685,1.0005004075611956,1.0002313909846952,1.0007578424999988,1.0015430612557708,1.0019777151488216,1.0018967867515958,1.0022586059974743
61256.19855008692,0.9998317625873924,1.0002667691868221,1.0005464502157613,0.9998310195527366,1.0006832086480568,1.0007005067931771,0.9997640236986534,1.0014474617870879
61256.19863385116,0.99910564612919,0.9997544873946024,0.9992025752995366,0.9993494283818957,1.00115606629308,1.00083213999151,1.0006781645560272,1.000764389298705
61256.19871761542,1.0007308064981633,1.0010896498961306,1.0010578725342592,1.0008698312488036,1.0006551578495497,1.0008829489533264,1.0014866320582196,1.0004237146231978
61256.19880137968,1.000709980368222,1.0007097019725641,1.0009143571372456,1.0001291538989439,0.9990118504567901,0.998357690747983,0.999920830413888,1.002382459944278
61256.19888514394,1.0009447952559762,1.000601849859562,1.0011063634006845,1.0013446680241977,1.001914356853184,1.0021113946752007,1.0028296142053312,1.002249561510308
61256.1989689082,1.0015376707959476,1.0009559780765171,1.0015415974786637,1.0024145805194622,1.0009312053038988,1.0017948036014492,1.0022405975003272,1.0038516109086004
61256.19905267244,1.0002117653068485,1.0005382795461357,1.000012573522379,1.0011923997246197,1.0018999675703082,1.0018204222745464,1.0015216775431295,1.0017414541657381
61256.1991364367,0.9993681669867812,0.9998444534861642,1.0003594784921197,1.000175850819268,1.0003169927241093,1.0006674756638496,0.9994160148053355,0.9996189182699863
61256.19922020096,1.000911407183474,1.00099111430795,1.0013907643990456,1.000786371494238,1.0010981856531564,1.0023702763896947,1.0023714293066428,1.002211347830855
61256.19930396521,0.9999746757159161,1.0001697694171614,1.0007451121472706,1.0003292243655326,1.0004192279733146,0.9992981181811734,1.0002115416737958,0.9992684694287391
61256.19938772947,0.9994109393072101,0.9999558170783723,0.9995620477438396,0.9990048746661018,0.998835704091938,0.9989924131244595,0.9998613093085893,0.9996894816207299
61256.19947149372,1.0003880232802675,1.0003279311438547,1.0009343617799629,1.0010217719393857,1.001136013501177,1.0012204240634863,1.0011326321624108,1.0021577724806443
61256.199555257976,0.9993676369498168,0.999414757280861,0.9985839791196349,0.997423091205793,0.9978135984123149,0.9979917289110529,0.99757686042925,0.9997394829630868
61256.199639022234,0.9999898970208525,0.9997080043742557,0.999913398956862,1.0005746166372287,0.9996517982581067,0.9995959549825856,0.9994686460868908,1.001189098255868
61256.199722786485,0.9991197995127242,0.9991483760685516,0.9998194457873892,1.0003264228377762,0.9998957122883658,0.9998300778917906,0.9988405241640279,1.0007692827745291
61256.19980655074,0.9994563586202686,0.9998054548174329,0.9989507970856732,0.9998386950696929,0.9997701126359984,0.9993409833184906,0.99921321407377,0.9999519997534236
61256.199890314994,1.0000800800504333,0.999921023765267,0.9999289923222456,0.9995030559366476,1.0002706191857784,1.0001564643545726,0.9997046447643207,1.0012835197970265
61256.199974079245,1.0008855935187544,1.0003031170779002,1.0011215078879205,1.000833597495655,1.0012352908867117,1.0015610623524498,1.0009780485773074,1.000789452828685
61256.20005784351,0.9996665244615367,0.9994797361165216,0.9997810378087675,0.9989555997454905,0.9990500337417382,1.0003997285143924,0.9989937820732234,0.9996927946826766
61256.20014160776,0.999679302276116,0.9998757866852319,1.0002626210331498,1.0003000470920709,1.0000800423181786,1.0006463601520763,0.9996522021327013,1.001530591418476
61256.20022537202,0.9993604804532368,0.9994297650662848,0.9992054525293984,0.9995126294545845,0.9991322425527287,1.0004820100206375,0.9981700117120145,0.9996529476821381
61256.20030913627,1.0003582786964897,1.0004922588123,0.9998475788995607,0.9993036711690685,1.0011199956954966,1.000959170858847,1.0010600265436276,1.0009997686161944
61256.20039290052,0.9990602148454094,0.9995572497280989,1.0002547402206046,1.000456951975843,0.9997377070593946,1.000564588082345,1.000804705943331,0.9992529156544298
61256.20047666478,1.0007681570126246,1.0007629897610226,1.0004061318645459,1.000313427763561,1.000750822752548,1.0002844165939855,1.0010788395901273,1.0019916578309023
61256.20056042904,1.0004646962861123,0.9998577777223787,1.0000631593390865,1.0001878199470073,1.0000213658306478,1.0005104752924303,1.000304812662724,1.0019207905156533
61256.20064419329,0.9999377517581788,0.9998233264342935,1.0006136484214012,1.0002308487369602,1.000804949681194,1.0010205187438475,1.0002981880425135,0.9998618252123984
61256.20072795755,1.0006722212531198,1.000900822940879,1.0014660361753736,1.0002717621937927,1.0005815043581021,1.0021624100815754,1.0026583979842183,1.002255485920866
61256.2008117218,1.0004743509393463,1.0007848513347941,1.0007230588785854,1.0008849666852682,1.0010492554691697,1.0026501568055306,1.0000693874537585,1.000353296074443
61256.20089548606,0.9998830866585435,0.9992232347709293,0.9988996994743826,0.9997291884174831,0.9999559049576573,0.9997537308322361,1.0013360808654952,1.0007445279329124
61256.200979250316,0.9998026036379317,1.0001567072549664,1.001096713132976,1.0010940568073847,1.0017676631003483,1.001281795310573,1.0006343301030014,1.0025286102481268
61256.20106301456,1.0002402367378476,1.0007758440059509,1.0009472531906527,1.0003014296416817,1.0009076150361111,1.0013015729853243,1.0020831882672718,1.000892794399102
61256.20114677882,1.0003949016570752,0.9999824496945973,1.0005083024773354,1.0001398970949889,1.0010595589167186,0.9986893537048219,1.0000973893242162,1.0004911114775572
61256.201230543076,1.000157060969847,1.0003064734566316,1.0005893943023796,1.0009200406728354,1.0024234153438285,1.00163104753449,1.0015768224483772,1.000478491722842
61256.201314307335,0.9994611502342319,0.9997066832844701,0.9997746911550504,0.9992116849071605,1.000782684361991,1.00134494851271,1.0026317313588682,1.0004348406940655
61256.201398071586,1.0002795484555813,1.0001270887591993,1.0005553421455424,1.000739053801952,1.0006511247216001,1.0004456557537318,0.9993114815519408,0.9980258287073277
61256.20148183584,1.0009907581728172,1.0010264842508965,1.0008055166027503,1.0011202338069372,1.0012987536095226,1.0008327934147596,1.0014021626824212,1.0006977028495792
61256.201565600095,1.000251283586039,1.0005497996366597,1.0007739818828467,1.0002495028724618,0.9999700112762492,1.0016747591898516,1.0005529526039592,0.9998371424883447
61256.20164936435,1.0003750946345922,1.000276560727783,0.9995225486939977,0.9998231784965903,0.9992993624413886,1.000219649262398,1.000688702637135,1.0017020415081814
61256.201733128604,1.0008699001683505,1.0007556899890213,1.0006874537436674,1.0009636498412051,1.0008303502446638,1.0014039210933467,1.0020773052600336,1.0037290218849555
61256.20181689286,1.000750749321836,1.0005652653537216,1.0015666476854737,1.0017479425547633,1.0025703778705006,1.0027912413980928,1.0023334877718124,1.0016360428527566
61256.20190065711,1.0014031482124244,1.001054436616946,1.0009480637547894,1.0008470683711348,1.0007093248155308,0.9992925305899473,1.00035139791889,1.0007175803394732
61256.20198442137,1.0009887823386625,1.0003783737486656,1.0013677782967605,0.9997798513395948,0.9998824817231162,0.9989087337072562,0.9988525328260667,0.9980660057480668
61256.20206818563,0.9999667613396314,1.0008996971503952,1.0006176574789707,1.0010244505518153,1.00082635766085,1.0014909262704033,1.0023378352642647,1.0016760251445835
61256.202151949874,0.9996942674076037,0.9993459321990961,0.9990733370337953,1.0000564626173651,0.9993575008744451,0.999642910868887,0.9992186650999956,0.9987843541172228
61256.20223571413,1.0002086345640457,1.0004936855356696,1.0000279014138098,1.0004862747156287,0.9999744731584393,1.0000995812503255,0.9997064762407811,0.9983919432468225
61256.20231947839,1.000157726275969,1.000124083450224,1.0004900516998683,1.000493981457043,1.0011782834661216,1.0013555482249965,1.0021677140329972,1.0007517680953397
61256.20240324264,0.99982685126621,1.0001150200663498,1.0000241435765578,1.0008063038500106,1.000156422233853,0.9996427401826241,1.0008135478838023,0.9994615806740722
61256.2024870069,1.0004945041817082,1.0011114311839115,1.001601551385648,1.0019745404287101,1.002812377203927,1.0039605011815016,1.0020111427884248,0.9999116607788378
61256.20257077115,1.000031330349532,0.9996208696200787,1.0003429701101803,1.0001222099264313,1.0000722093599963,0.9996473894761813,0.9991344014619892,0.9977413920002464
61256.20265453541,1.0008126442054708,1.0010078747622326,1.0007441690688705,0.9999059775812755,1.0003605187126068,0.9989313272285694,0.9997171298357989,1.0009363140416456
61256.20273829967,1.000980057677513,0.9996108664769586,1.000580885216327,1.000105700861629,0.9996566799410406,1.0015654131834353,1.0018611120918093,1.0011852818196305
61256.20282206392,0.9997694591031164,1.000187211576553,0.9999392137375646,1.0013821123446252,1.0009652929553536,0.9997093552645249,0.9977328322318157,1.0001155672360358
61256.20290582817,1.0000239631682466,1.0003989738609118,1.000895773515129,1.0003358823616602,1.001409035349361,1.0009614136191292,1.0035427410374154,1.000277168082154
61256.20298959243,1.0003134847871469,0.9999948241218594,1.000572694275863,1.0004025002383516,1.0001193187743995,1.0003155060478774,1.0034438392580112,1.0003984653511278
61256.203073356686,1.0004671438997181,1.000045481790395,1.0009562456753753,1.0000007395983712,0.9994962391920202,1.0001781982464664,0.9996181200611414,1.0007631211003378
61256.203157120945,0.999579329324144,0.9996671475147442,1.0005394052452834,1.0006875708660992,1.0003265140076973,1.0004314887939043,0.999403097752845,0.9994811804641103
61256.20324088519,0.9995118816216405,0.9991052219577378,1.00010155028016,0.9991058815747904,1.0002681838346632,1.000251467708737,1.001177070158528,1.0008838460896812
61256.20332464945,0.9992669045220438,0.9997374439852426,0.9994565814233717,1.0003663524763695,0.9999513099555531,1.000540486514524,1.0010950474220242,0.9999988542506449
61256.203408413705,0.9993989858763461,0.9987258057753226,0.9979567910044266,0.9997613384575934,0.9996639363278195,0.9999971919010688,1.0009767088893575,1.002244840171863
61256.203492177956,1.0005159503950443,0.9997376743468541,1.000797523542829,1.0005894789835932,1.0001864351996186,1.0014908189955176,1.0005138897639847,1.0021634457709199
61256.203575942214,1.0001008430015643,0.9999283007579329,1.000343649719045,1.0004935004517026,1.0005499301052243,1.0009153915011129,1.0002827672772874,1.0001171400917408
61256.203659706465,1.0006133835588518,1.0006146212502411,1.0013557953325916,1.001287038578576,1.000608985511495,1.0010123172212335,1.0020000965144646,1.0010067565875982
61256.20374347072,1.001915653389578,1.0009625524830168,1.001049180712151,1.0006476117377399,0.9995989501590903,1.000585703832507,1.00154619109856,1.0007405365879654
61256.20382723498,1.0004594918152512,1.0014070781472808,1.0002552689413793,1.0001445264926017,0.9992636158590269,1.0001639340240758,0.9988901917277506,1.000777712593314
61256.203910999226,0.9994130022616187,0.9997603228126651,1.0006196649030252,1.0007907171457842,1.0007332874136359,1.0010866503735958,1.0008709873464212,1.0012144835120593
61256.203994763484,1.000796536402073,0.9998661961384061,1.0004070760565111,0.9997621007308688,1.000274615486138,1.0006416126424011,1.0005709365476612,1.001428010011262
61256.20407852774,0.9995693307121672,1.000120879938699,1.0002831226600322,0.9993489870266605,0.9991730867155497,0.9986136104836812,1.0000928490807424,0.9994942768245887
61256.20416229199,1.000025611004621,1.000709878512413,1.0005037307352511,1.0006342288359311,1.0006405837529866,1.0006327541207083,1.0012264533803186,1.0002460958679917
61256.20424605625,1.0011180056166058,1.0008292929247076,1.0007495309968477,1.0001321234440215,0.9995397879865944,0.9993023107221051,0.9996726952572529,1.0016258604197303
61256.2043298205,0.9999482863924807,0.9999432221158785,1.0003985521600407,1.000363822551835,1.0013721614710784,1.000908011942514,0.9996802289514296,0.9989385058804274
61256.20441358476,0.9998376726658058,1.0005185224926232,1.000197434928538,1.00022411837939,1.0001366351749759,0.9996319087565839,0.9995323352621487,1.0002517543568463
61256.20449734902,0.9998839457573523,0.9997443852060391,0.9993779942292605,0.9993495941688988,1.000102561207167,0.999534337718427,0.9996773062444525,1.0008243159702526
61256.20458111326,1.0007337696508594,1.0008360868614683,1.0002127888773955,1.0000267944260368,1.000394620047708,1.0005814659977348,1.0006639778757977,1.0008580501097974
61256.20466487752,1.000749255242734,1.000722050605579,0.999828207875464,1.000487419612421,1.0004804246167789,0.9998699986910712,1.0001998573392736,0.9997620867487995
61256.20474864178,1.0000713176150056,0.9997222185678355,0.9998374897757918,0.9998984418309405,1.000726210265726,1.0006117396857162,0.9994085880811406,1.00009884150409
61256.20483240604,0.9996150854714552,0.9997253687042517,1.0004399554064396,1.000579171443081,1.0010781668169673,1.0018060543530993,1.0022034908781654,1.001234477145871
61256.20491617029,0.9988895429428641,1.0001196057475448,0.9994808570342022,0.9992810406236265,0.9989754796636646,0.9993519911521208,0.9967605454998351,0.9986582007853788
61256.20499993454,1.0001982213660672,0.9991778151212213,0.9989802908632088,0.9984993774554926,0.9996734493336462,0.9993056481630014,0.9997444488755105,0.9996553543932282
61256.2050836988,0.9999726549250503,1.0011776462451671,1.0007172486292433,1.0005116943981691,1.000880981086231,1.000418011730788,1.001959252778085,0.9996910027029529
61256.20516746305,1.0002434057869602,1.0006907954592341,0.999477355316955,0.9997393214975318,1.0002917504517048,0.9995119987961765,0.9983728958323198,0.9976365541636062
61256.2052512273,0.9997907470369073,1.0003014343103345,1.0009668576180233,1.000726583596006,0.9996213837364587,0.9996426224186381,0.9990865633241842,1.0006462308128161
61256.205334991566,1.0000968031489368,0.9995222428028933,1.0008708259790335,1.0007827529264983,1.0000651769795699,1.0010608757943311,1.0003804158332956,1.0019362114550803
61256.20541875582,1.00023025701301,0.9993525509359691,0.9995196239149001,0.9997209672159518,1.000497523430491,1.0007451786779624,0.9986682925824817,0.997242135905565
61256.20550252007,0.9993036445296878,0.9995981330518383,1.0000192191683628,1.0006158391170696,1.0000265311536012,0.9997958576799493,0.9993868718078204,1.00229198490291
61256.205586284326,1.0003715044820845,1.0006699935712087,1.0008966269515271,1.0010372570402173,1.0009747907571296,0.9996885894688797,0.9995097020544483,0.9986586430014569
61256.20567004858,0.9999913143543263,0.9999583656840071,1.000134064492047,0.9991884236772303,1.0001516758669737,0.99986808419194,1.002271740802325,1.0015797622436409
61256.205753812836,1.0003508733419022,1.0000634387180993,0.9997243743757045,0.9994412533174377,0.9996558024983595,0.9996173515545602,1.0004883929732906,1.0010646215156473
61256.20583757709,1.0004221781440117,1.0006386016371884,1.000676650379155,1.0007714060575994,1.0008222637166961,1.0002418866310898,1.0012394155447504,1.0037842941708701
61256.20592134134,1.000462979684591,1.0004112307066049,0.9994613775488514,0.9991600451055782,0.9985799640128811,0.9981012954269568,0.9975398737638409,0.9972472202252458
61256.2060051056,1.0005984954390084,1.0007542814667871,0.9999823623861173,1.0003177969573573,0.999901640516816,1.001634169233671,1.0011591740464085,1.0003951252057293
61256.20608886985,1.001094665369048,1.0006290517358432,0.99968904974787,1.0003600552962004,1.000268858725597,1.000207590373274,1.0022517681738827,1.002540910796022
61256.206172634105,0.9999068498716086,0.9999367000795173,1.0007753738393943,1.0000305584601004,1.0005624476004784,0.9998388432035272,0.99980471774541,1.0005674480124234
61256.20625639836,0.9997662248800733,1.000235236221917,1.0006377850592898,1.0011000271219979,1.0014820649679128,0.9994066863254721,1.0010148729080797,0.999209928044248
61256.206340162615,1.0004935960029395,1.0001978717471685,0.9998916858823572,1.0005140768738743,1.0010119389840668,1.0011579142722764,0.9998350326281245,0.9989882928856084
61256.206423926866,0.9999180660390111,1.0001049920222895,1.0000386419732428,1.0000930155538614,0.999134113495681,0.9997536862535613,0.9976231893675684,0.998098747373588
61256.206507691124,0.9998929248628465,1.0009783677065474,1.0015781220843984,1.0013050610383367,1.0009323763536995,1.001408648816765,1.0022669896947018,1.0018692369765962
61256.20659145538,1.0012742659670477,1.000643649939885,1.0009898550786736,0.9993649580890959,0.9984369582560356,1.0007004176358276,1.00197255396559,1.0024892929495137
61256.20667521964,1.0000988075798163,1.0001478835007667,1.0001282664919229,1.001189365500308,1.0008065140091162,1.0023242776337644,1.0007345162057009,1.001133361016373
61256.206758983884,1.0001023071538617,0.9995855074935707,0.9989740604657025,0.998663023848427,0.9994733668933112,0.9987292220586028,0.9983857240279567,0.9984735293104242
61256.20684274814,1.0003609179746542,0.9999685996353923,1.0005303792422473,1.001140679135948,1.0011980269400522,1.0004712942130856,0.9999116692722576,1.000672355321266
61256.2069265124,0.9988135946977268,1.0003264272610695,1.0005413736945543,0.999788604100351,1.0019987849488305,1.0018556565916426,1.0011054399145944,1.0007914138595346
61256.207010276645,1.0005117720810668,1.00028198120462,0.9998201042385145,0.9990011262442673,0.9989810549891955,1.0004407807061366,1.000024901611643,1.000926032596559
61256.20709404091,1.0008485753913379,1.000306154545937,1.0010361084584662,1.002237724446117,1.0023589545595313,1.0021956993857952,1.0011697985920702,1.0006097312639095
61256.20717780516,1.0019610426428236,1.0013147727073117,1.0011095733638395,1.0005539596757804,1.0020705759440214,1.001851863113287,1.0017639823231248,1.0003589817727188
61256.20726156942,1.0006475275159383,1.000297922384475,1.0000585564171756,1.0003357507728732,1.0012451483487623,1.0020520914495266,1.0027596151681797,1.0011682797105088
61256.20734533367,1.001175877273616,1.000836828976481,1.0013296022737777,1.0002240393269926,1.001298609677839,1.001332341568113,1.00120031887082,1.0011824568266752
61256.20742909792,1.0001250750679043,1.0002743944576589,1.0004800763824666,0.9997455676281902,0.999317425529807,1.0004551107237907,0.9996050608376845,0.9994888207687888
61256.20751286218,1.000913319971827,1.000378336676414,1.0009856688528747,1.0008882576440123,1.0002342119029304,1.0007193404489323,1.0015544171926825,1.0021434113229764
61256.20759662643,1.000114908865821,1.0002298814031643,1.0007920642892498,1.0003861319314236,1.0007588599518167,1.000804939609817,1.0005625655485155,0.9990759068437476
61256.20768039068,0.9999840718015566,0.9994361178209189,0.9992341085718055,0.998832891342891,0.9997145541614763,0.9981883678296085,0.9983409999811212,0.9992087905392811
61256.20776415495,1.0001158622673167,0.9997789357628946,0.9993439321616929,0.9997376946041466,0.999320408733563,0.9985568582547948,0.9999063245324994,1.0005036373219787
61256.2078479192,1.0014599724312674,1.0014667499561276,1.0003699544684523,1.000964561545815,1.00155387268756,1.0018828071501111,1.001138759867754,1.0022801806120265
61256.20793168345,1.0007027571016156,1.0006398658902989,1.0013047910380677,1.0001759990115369,0.9997185749572512,0.9994306148231438,0.9996772720687396,0.999431813252429
61256.20801544771,0.9996804433519297,1.0003465663151025,0.9997138281334056,0.9999106277951937,0.9991852502942814,1.000389908809721,1.00087727396883,0.9997183526431102
61256.20809921196,1.0000706275693916,1.0001691093747538,1.0004006487806707,1.0007579616981277,1.000977665505321,1.0011978977677682,1.0029993311379137,1.0032989202346718
61256.20818297621,1.000515741040419,1.001250178217103,1.0015507448603107,1.0010289409262465,1.0011878018778333,1.0012576572692908,1.0021284683529579,1.0045606592613734
61256.20826674047,0.999379987143608,0.9993793718167006,0.9993965863144733,1.0001170663165146,1.0001816954211613,1.0007689624737326,1.000637832430071,1.0013681327197752
61256.20835050473,1.0005014243230343,1.0007311862356787,1.0003190856948179,1.0006618946969394,1.0003234682983981,1.0026324750436622,1.0016276642895992,1.0023596709833382
61256.20843426898,1.0011044677941936,0.9997488356628467,1.0004335780183216,1.0001021209527423,0.9998145417451302,1.0003038543265426,1.0003290558882645,1.0025967689662778
61256.20851803323,0.999499648607916,1.000150472528555,1.0001394925657994,1.0002715183456445,1.000959667456454,1.0013733119925554,1.0031710808419065,1.0021570581703547
61256.20860179749,0.9996094118813035,0.9991225086816649,0.9986911543173168,1.0000062051175809,1.0013265469527644,1.0020113887355215,1.0015655646267532,0.9999867893287786
61256.208685561745,1.0008325778515899,0.9998913369314938,1.0010000305037485,1.001322100671111,1.0021073984663975,1.002468675589971,1.002734373670062,1.0028549908447473
61256.20876932599,1.0016123794063274,1.0004465344331503,1.0002521492883651,1.000583202124103,1.0000314717944667,1.001801476337744,1.0016146908471817,1.0022531218504662
61256.208853090255,0.9996968236887628,1.0001505765988519,0.9999905575581293,1.0002201897973895,1.000452295432942,1.0008744856799907,1.0015582332527975,1.0008172761623824
61256.208936854506,0.9996951456595674,0.9996846445008692,0.9996197080405035,0.9990373877524893,0.9997779183958229,0.9987724662338503,0.9985536005983936,1.0003887486904839
61256.20902061876,0.9992688715776691,0.9994593459314833,0.9995846002238209,0.9992585320022586,0.9990318730095249,0.9984757930073676,0.9981715120258158,0.9988226081069294
61256.209104383015,1.0006365966507413,1.0000602095239903,1.0003786721252739,1.001009040786184,0.9998762205259477,0.9996582423571987,1.0020859048946995,1.0012384874492344
61256.209188147266,0.9985998538668656,0.999073195105577,0.9999940802104031,0.9998377174467828,0.9992539303716872,0.9989701948268586,0.9981423382701589,1.0006291044977258
61256.20927191152,1.0002347250184578,1.0007647903334842,1.0009324299669877,1.000912381015921,1.0002661420995371,1.0021090880267642,1.001414096157891,1.0001547954741827
61256.209355675775,1.0013521852580507,1.00025910148389,1.0010351114835088,1.0001753742745643,0.9996403332210552,0.9999342651681355,0.9999405990133237,1.0004169439492545
61256.20943944003,0.998956459810355,0.9995733617529691,0.9998227099811713,0.9998842438716539,1.0003089068718771,0.9999337762330442,0.9997170898502147,1.0023083537631425
61256.209523204285,0.9993073980160456,1.0003414405180004,1.0002312703855798,1.0006349732666593,0.999884282051698,1.0001023594314828,0.9998443267132785,1.0007239719710639
61256.209606968536,0.9999511275768213,0.999557147779407,1.0000276530887617,1.0003270066855776,0.9999947465780171,0.9994439748374402,1.000606523034108,0.9993901003280456
61256.209690732794,1.0002578294427937,1.0000718677421505,0.9988919712202747,0.9992436691602679,0.9997081289294899,0.9991730790508857,0.9998502039106456,0.9992815003480405
61256.20977449705,1.000433729624636,1.0003142922401553,1.0008178765087523,1.0008760637497383,1.001576125843522,1.0012221306877274,1.0021748861481299,1.0017033655110557
61256.209858261296,1.0001400328839507,0.9996741316142898,0.9994943567855817,1.0003797485122752,1.000744422522779,1.0006072665613606,1.0012382600638934,1.0003488058271237
61256.209942025554,1.0007476711172014,0.9997665658021687,1.0005969008456488,1.0001742472203197,1.0007111053788458,1.0001732099642695,1.0007376935217398,1.0014654460177461
61256.21002578981,0.9997161454979845,1.0004551305056602,1.0001346794027715,0.9996533927804686,1.0005455918826498,1.00109378963645,1.0002285034219216,1.0007831413767079
61256.210109554064,1.0000733719238928,1.0003611707722948,1.000345942772583,0.999961987567907,1.0003025179606797,1.0007184955996082,0.9991690628118848,0.9972668939594049
61256.21019331832,1.0004297654535723,1.0001892954390816,1.0009574139166661,1.001035917857909,1.001042003474672,1.0008746515984808,1.0010109888382956,1.0005175465009288
61256.21027708257,1.0002052596185163,1.000409479266043,1.00032138309126,1.0007125660446987,0.9993711066418888,0.9999683042046139,1.0003069923897,0.9994015831446571
61256.210360846824,1.0003598850343616,1.0007195528067951,1.0008351711791064,1.0004484425676086,1.0007492878191246,1.0015766715635217,1.00304364541795,1.0017279397753336
61256.21044461108,0.9996094246500735,0.9996136126151629,1.000026447988461,0.9991712943360924,1.0000696662290522,1.0012251067314522,1.0001621775904046,0.9994846781344211
61256.21052837533,0.9998752643238095,1.000668907867888,1.0012800673285853,1.0009236830306378,1.002350984933823,1.0014051123213583,1.0012491904821865,1.0014464870977544
61256.21061213959,1.0006728405384664,1.000913678749095,1.0006414320968007,1.001219428457998,1.0016807711037572,1.0014551615385932,1.0050613138969053,1.0020832578432677
61256.21069590384,1.0007387811270816,1.0006266539874733,1.0003641581386755,1.0008035672493019,1.0003428149465956,0.999975641806813,1.0007652784484986,1.0004446707902823
61256.2107796681,1.000747831125851,1.0006138137004714,1.0009576844016628,1.0005897468696174,1.001038444713116,1.0004505746648356,1.0002522821995221,1.000043612488713
61256.21086343235,1.0002622067367712,1.0004142516484573,0.9998819467521427,0.9995184364603263,1.0003012168317749,0.9996804656609609,1.0002258342987351,0.9990313116102671
61256.2109471966,1.0002205882609259,1.0005196643626382,1.0015922405326243,1.000531281302399,1.0003636081757863,1.0005599650115378,1.0017926622397288,1.0013064597324628
61256.21103096086,0.999661717817667,1.0010461089832698,1.0006463157485084,1.0005471299451338,1.0011011433478931,1.000936498192507,1.0008748399745493,1.0000702310497076
61256.21111472511,1.0009279081585822,1.0000026922606096,1.0002099900425263,1.0002354332803913,0.9995105034638095,0.9992377534109054,0.9993431949048318,1.0014509027081202
61256.21119848936,0.9994818287252696,1.000154808530369,1.0008611288302287,1.0008827167896028,1.001052167382819,1.0009845988210355,1.0022599474472782,1.0036814911832312
61256.21128225363,1.0000648435825823,0.9999915001255163,0.9993737348422255,1.0002260728817707,1.0004698574634108,1.000108336788128,0.9994131607915417,0.999009151552267
61256.21136601787,1.0004675183172977,1.0005171789584928,1.0007130271034264,1.0009499056278117,1.0016393388820273,1.0016018444498704,1.0017522135745913,1.0012025883341509
61256.21144978213,1.0003385059900762,1.0005576296981877,1.0009629262873072,1.001041590548919,1.0021195471789461,1.001425355807503,1.0019156568715364,1.0023510271423013
61256.21153354639,1.0001935972092029,1.000161612070183,1.000363470066715,0.9986414930977822,0.9995391830342953,0.9991517008348362,0.9994280497826733,0.9998964987068202
61256.21161731063,0.9998092505807825,0.9998177691697814,0.9999246588831221,1.0005093079574534,1.0003225381483398,1.0015806211864338,1.0021013670125383,1.002784848736153
61256.21170107489,1.0001014837012026,1.0001533506529081,1.0010425356229502,1.0010996296296917,1.0013992574551775,1.0014841929833953,1.0023533828213862,1.0028080665603998
61256.21178483915,1.0009287958541158,1.0002935169280212,1.0007300516228534,1.0009381664706831,1.0014667720576014,1.0000451599855162,1.0002945684927482,1.0004189394957586
61256.2118686034,0.9992382230713792,0.999291101557323,0.9995135977452585,0.9999847578799702,0.9990043212417614,0.9992666101168378,0.9995674497819987,0.9999945494934763
61256.21195236766,0.9994797490118503,0.9993929326676776,0.9999194626536522,1.0007911820432696,1.0015837814211084,0.9998531124320793,0.9994651000149085,1.0006279780780785
61256.21203613191,1.000161022214734,1.0003430652205936,1.0005749975742009,1.0016472610247518,1.0030128017354114,1.002713350056958,1.002326419892604,1.002852726542225
61256.21211989616,1.0002253205533116,0.9998564791886018,1.0004777284301625,0.9993914780620594,1.0008474428078216,0.999068100324271,1.000819740181243,0.999851035669163
61256.21220366042,1.0002391782600148,1.0006773131076332,1.0003682725395167,0.9997209421868228,0.9998337174322199,1.0001742214472498,1.0007907137229093,1.0020649029472313
61256.21228742467,0.9995891007584202,0.9999533870592774,1.0003446333312196,1.000483233056922,0.9995876785513554,1.0000108203409686,1.0009960202177528,1.0025309196477457
61256.21237118892,1.0007183702481823,1.0001649082623374,0.9999200777870898,1.000299216670177,1.0000979307289437,1.0004910306466026,1.000717630327658,1.0015721060038154
61256.21245495318,0.999602935986768,0.9999258329966059,1.0002475521569936,1.0009560308256487,1.0011951408732893,1.00093704100343,1.0007370407656213,1.0003544001344964
61256.21253871744,1.0006838653073264,1.0004811861570537,1.0001797841400213,1.0003964062649726,0.9995312365525315,1.000578414623201,1.000669188305004,1.0029106765626998
61256.21262248169,0.9994665325368172,0.9996765953557339,0.9991552851905076,0.9991513401727615,0.9992349249699697,0.9982945654373164,0.9982079064261182,1.0001195268366583
61256.21270624594,1.0000455954598044,1.0001443647634394,0.9999166672708356,0.9993422266836983,1.000147374640923,0.9999961751735387,0.9995769690851015,0.998774138176298
61256.2127900102,1.0007904390483657,1.0007915284716298,1.0007774397256235,1.0006748875408364,1.000512846748905,1.0006403832722084,1.0021778143232212,1.0001133089170666
61256.21287377445,1.0000763517025915,1.0001909796582713,1.000413328948035,0.9999752668838152,1.0000948537668728,1.0003656377475802,1.001899219037091,1.000985618394525
61256.2129575387,0.9997938948047367,1.0004491761660674,1.0007343090054712,1.0003024781391552,1.0008579496517873,1.0010800205472552,1.0003388571409997,1.0021591554372642
61256.213041302966,0.9991333471777303,1.0000626187736912,1.0002018431992457,1.000005266896963,1.000067225978854,1.0008321123384283,1.0009025848436448,0.9992792133710003
61256.21312506721,0.9997844924677189,0.9993212349330666,1.000346761131676,1.0004777685289652,0.999052872000207,1.0005027905963781,1.0001198694247224,0.9999132114009185
61256.21320883147,1.0004881144763704,1.0005976584618619,1.0009672470317867,1.0000213938338747,1.0006883971149547,0.9996335655576003,1.0006942951508124,0.9987273071723963
61256.21329259572,0.9995102433618437,0.9993696441472092,0.9995036714247276,0.9989511733068543,0.998568937866104,0.9979058966060828,1.0004797557453409,1.0007747460105931
61256.21337635997,1.0005667101131615,1.0006433199745128,1.000276882908578,1.0002636867063985,1.0006385200564532,1.0012500135760838,1.000772742765978,1.0023918872528834
61256.21346012423,0.9997769357500034,1.000417282528353,1.000205256722126,0.9999575670767867,1.0001291296106933,1.000233372342586,1.0002245988467098,0.9993536656534533
61256.21354388848,1.0009544592197717,1.0002771431641218,1.000440218096479,1.0005722953713738,1.0002980435773805,1.0007007642529036,0.9991323563873226,0.9982429049652474
61256.21362765274,0.999923095338308,0.999352979276804,0.9993756636485741,1.0001041351780942,1.000274559062215,0.9999521290589215,1.0014303002304596,1.0014951924024758
61256.213711417,1.0006126865968206,1.0002875152431432,1.0005957955207934,1.0003638973914089,1.0003950530252959,0.9998523078704347,1.0006806187139787,0.9983633761889475
61256.21379518124,1.0004533598794587,0.9996016743451743,0.9995599698311056,1.0006164259386288,1.0005510550360706,1.0005434458710447,1.0017052998898235,1.0014396767434055
61256.2138789455,1.0004497600173654,1.0007621206847144,1.0008355179433215,1.0005265540185886,1.0011401033909175,1.001913108491174,1.0014646700615228,1.0017318183145556
61256.21396270976,0.9994975359085075,0.9994313511333386,0.9999063976381415,1.0006090847216234,1.0000960570830488,0.9995177885409657,1.0002678027578302,1.0002917365227038
61256.214046474,1.0001518981304967,0.9997044853019381,1.0003396490132146,1.0006683851713722,1.0010564696224729,1.0005515422642703,0.9986293531168311,0.9981244828251067
61256.21413023826,1.0005804111364158,1.0012246367757056,1.001115405216347,1.0006853512036389,1.001504256969803,1.0008127237139302,1.0021557945695692,1.0018723273243921
61256.21421400252,0.9999091938719659,0.9997427549202755,1.0002995733592925,1.0006523345609133,1.0007672084962647,1.000892478777417,0.9996784883823657,0.9982760456622786
61256.21429776677,1.00061700124402,1.0014155834374399,1.0022939078997806,1.00209233172262,1.0029288650684824,1.0028161010417744,1.0015300266698188,1.0010485867896255
61256.21438153103,0.999939008550971,1.0005509466431912,1.0005867699631834,1.0005938139791737,0.9996919829029787,0.999525301835589,1.0002080670290538,0.9997718301149864
61256.21446529527,1.0005325769297246,1.0005677761054608,1.000732009715968,1.0009264867887124,1.0005290177776336,1.0010899959197055,1.0003633553173594,0.9997960233843836
61256.21454905953,1.0011786044700821,1.0008426750025674,0.99949518427591,0.999867631964391,1.0003062463318722,1.0010784171452933,1.0013999597159604,0.9992319701317717
61256.21463282379,1.0006142082085832,1.001019814818836,1.001110221904234,1.0007716732001843,1.0006994817128616,0.9988307489177763,0.9976753292023705,1.000425753125316
61256.21471658803,1.000216953683739,0.9999793285906675,1.0001089474713227,1.0000867391899977,1.000375896427737,1.0014814479382579,1.001522324831134,0.9986206463045404
61256.214800352296,0.9999588977724109,0.9999358685221144,0.999663316480143,0.9993943985401317,0.9979357688754282,0.9988165280821173,0.9989339062240236,0.997167828362116
61256.21488411655,1.0007229848284693,1.0005136796505985,1.0005134747651527,1.0009110804924655,1.0006164735066518,1.0004944560529054,1.000894782186607,1.0004884163592
61256.2149678808,1.0006391990856838,1.0002750977138055,1.0008546505531004,1.0020026320327249,1.0011086777998728,1.0018138677790147,1.0028192097512614,1.003525827470595
61256.21505164506,0.999978648798517,0.9992299633845964,0.9992317151860396,0.9994809348950593,0.9984937938708486,0.9979287580762221,0.9971834839604209,0.998959314789117
61256.21513540931,0.9999865039862321,0.9997939380768113,0.9998185461380336,0.9997094317612396,0.9998619819321113,1.00086181818468,1.0007544611518158,1.0000648025182528
61256.21521917356,0.9995852421957256,0.9999899542572895,0.9988213580441195,0.9998389352006435,0.9992959754856098,0.9991881049249667,0.998583195740592,0.9980438329041582
61256.21530293782,0.9992360695385083,0.9988039477168993,1.000496918945334,1.000043735429174,1.0006580866565897,1.0008499688391665,1.0003565591350694,0.9992347823388184
61256.21538670206,1.0001341495401497,1.000109188221516,1.0003930488092783,1.0008980960742155,0.9995087169878076,0.9990417335876359,1.0019070715906702,1.0026993898019585
61256.215470466326,1.0006220716427956,1.0008170461287214,1.0003861258855506,1.0012314146848453,1.0010114826936005,1.0017648984622982,1.0026936662947772,0.9990993928571497
61256.21555423058,1.0006078961799296,1.0009810136826742,1.001300614834356,1.0019037595387699,1.0010880077234958,1.0025276307682376,1.003995939699575,1.003494670226992
61256.21563799483,1.0006376029894293,0.9996352049684568,1.00009503970964,0.9991558865529665,1.0010470667615496,1.0000969966407398,1.0020365876320352,1.0009493516373325
61256.21572175909,1.0012091635949818,1.0002107516746805,1.0016232554402749,1.0016243016312487,1.0020590788095285,1.002764876568567,1.0022511786428332,1.0030718846987698
61256.21580552333,0.9999581804601526,1.0004620262794497,1.000246741926926,1.0008694805931844,1.0005680852626189,0.9998124643090719,1.0012656983768433,0.9986916245989562
61256.21588928759,0.9999445543204143,1.0002853483030387,1.000454775623478,1.0012223809039675,1.0012172357381863,1.0008585033907043,1.0000511143835245,0.9995395075744099
61256.21597305185,0.999214452276857,1.000006734475996,0.999528454264524,1.0000437936652664,1.0000197349427686,0.9982805622504816,0.9991169783417377,0.9992796564058806
61256.2160568161,0.9998796264548723,1.0000487019397681,0.9996994171515917,0.9996934530165964,0.9997773771316043,1.0010229731932383,1.0001156470153794,0.9984784945259029
61256.216140580356,0.9996051170522994,1.0007099250760545,1.000024345577292,1.0001320094499686,1.0000780409582548,1.0009807533739572,0.9989919523055486,0.9990253977181656
61256.21622434461,1.0005971406193046,1.0004572406090901,1.0004230882337803,1.0004849687402837,1.0008785202260966,0.9996766071025076,0.9994731630908797,1.0008082238651044
61256.21630810886,0.9999907801941132,0.9996099912591632,1.0004711816687721,0.9997239647639163,0.9999660416674463,0.9998159321485518,1.000498251641224,1.00057902990408
61256.21639187312,1.0002162478101704,1.000878690806669,1.0003889491074984,1.0005824445592777,1.0010152804966261,1.0008135144490338,1.0019953136234285,1.002543488762705
61256.21647563736,0.9999902960449162,1.001208434191811,1.0002865908589658,1.000500298957891,1.0013645991450053,1.0020722843972807,1.0020831041950178,1.0019090887009925
61256.216559401626,0.9996268319418382,0.9998253714379561,0.9995600996728122,0.9999445068277106,1.000246354871726,1.0006773976372456,1.000232895684558,1.0016756903175401
61256.21664316588,0.9988928919518296,0.999892864040268,0.9992242630961109,0.9986511312949534,0.9994246916305807,1.0004776136574227,1.0001252059623094,0.999380122154632
61256.21672693013,0.9995293173771218,1.0002184384720556,0.999520934135759,0.9992191646517217,0.9988079686930242,1.0004591306713504,0.9997783395630776,0.9986871553255656
61256.21681069439,1.0007145992047657,0.9999990425421041,1.0003481287011449,1.0000595156754772,1.0004679583084968,1.0000801706940727,0.9995897323468836,1.0014032632946808
61256.21689445863,0.9996511971492072,1.0003116506189014,1.001611055442241,1.0013653054084064,0.9996660316149921,1.0007728992236582,1.0018848597695111,1.0005550730795136
61256.21697822289,0.9989809082807452,1.0004995043158849,0.9998289078625726,0.9999558447753354,1.0005586776715465,0.9995995112642493,0.9989109237405361,0.9994093972873039
61256.21706198715,0.9999765821198837,0.9997909094301836,1.000749176660389,1.0006791702478408,1.0002123896973492,1.0015299342795991,0.9998413076307909,1.0008082728672563
61256.21714575139,1.0004558150745215,1.0012116694157445,1.000592296921529,1.0010239665727172,1.0009029845578876,1.001430947689725,1.0022290074907727,1.0024316315882449
61256.217229515656,0.9999373096395163,0.9996220916644208,1.0002496953246502,1.0006527241231984,1.0019079186132873,1.0011455657409603,1.0017795237286176,1.002681599123502
61256.21731327991,0.9990668506155864,0.9994881123237805,0.9994136873358322,1.0001442952829247,0.999764416860596,0.9989704985339802,1.0001359501229665,0.9998498581058818
61256.21739704416,1.0005468474933257,0.999766184248302,1.0006904600357402,1.0011483112856017,1.0005465396018338,1.002032585299431,1.0014290364125924,1.0022317101775169
61256.21748080842,0.9993901611931645,0.9998212825472652,0.999325432056969,0.9991993177914884,0.9992853677881052,0.9994185456833083,0.9989821083331722,0.9987835585565784
61256.21756457266,1.0003800596910153,1.0002618657115665,1.0000816288207663,1.000423512068243,0.9999390453543486,1.0005788215526017,1.0013397123767598,1.0006724771338138
61256.21764833692,0.9992594329294616,0.9990494271024326,1.0004192357434831,0.9998709918151931,0.9997484009131885,1.0006442830718956,0.9992363858907074,1.000476743832458
61256.21773210118,1.0005384343369617,1.000811156665569,1.0005610482765348,1.0006604568849944,1.00057132507697,1.0007360679410928,0.9994107008237192,0.9979735731400116
61256.21781586543,0.9994869899685237,0.9995882110880163,0.9999734219048916,0.9992197269397782,0.9990015106884523,1.0004358498756012,1.0008092550724905,1.0006345996040842
61256.217899629686,0.9995650076854626,0.9997646812588242,0.9998506327408692,1.0001443641749828,0.9997551797238295,0.99932750172599,0.99877038534821,1.000536135637329
61256.21798339393,0.9989088189973266,0.9996468859659524,1.0000144022192128,1.0010067837039371,1.001457041802778,1.0001540761772227,0.9999825073231636,1.0007406402608985
61256.21806715819,0.9998286329086539,0.9997708713198721,1.0007224093359819,0.9994527119500708,1.0000962201042631,1.00170335104601,1.0013600452172173,1.0016056345610673
61256.21815092244,1.000338534586801,1.000543403221633,1.000900041810686,1.0003254154772874,0.9995882605286438,1.000085712991458,1.0003540745607333,1.0009378659864065
61256.21823468669,0.999103794524527,0.9992320767262648,0.9987423415706091,0.9984372972855451,0.9991521292826073,0.9990302196549324,0.9992642189331429,1.0004448901662402
61256.218318450956,1.00076231423627,1.0010612704175437,1.001666505645977,1.0015260561045845,1.0020224365396244,1.0018288826872186,1.00280926154296,1.0018997100166305
61256.2184022152,1.0008296177580782,0.9997625196785632,1.0004277409320577,1.0011420470645827,1.0013249848209826,1.0012091797483293,0.999738690951382,1.0028434750241157
61256.21848597946,1.0002677846941557,1.0006643971128402,1.000364541984613,1.0004062769108866,1.0014045939081726,1.0003668518609004,0.9997941984609444,1.000417114763954
61256.21856974371,1.0001703744077277,0.9999525092732237,1.0000660975923232,1.0003286313486444,0.9997918341569746,1.0003352441501152,0.9989857306169945,0.9980660820856094
61256.21865350796,1.0004222135241456,1.000514830453686,1.000954988348865,1.0015943368075693,1.0010250556878673,1.0001806402996478,0.9994381808310391,1.001910741484372
61256.21873727222,1.0005291626138206,0.9999958203827897,1.0008328655422811,1.0010203564306248,1.0010606870573084,1.0005749777742439,1.0013017134267315,1.0031120180910627
61256.21882103647,1.0009650397418408,1.0011387112245786,1.0006181976694675,1.0005940251159848,1.000575542342872,0.9985909335263456,1.0009896208154914,1.0008577850698805
61256.21890480072,0.9996848412621502,1.000352755482843,0.998881880203445,0.999746793312072,0.9986117516292755,0.9981674947590774,0.9990610641411903,0.9972276139477764
61256.21898856498,1.0006085136031642,1.0013630789677919,1.0008419828576667,1.0009338614604946,0.9997097086303971,1.0007427473522696,1.000654306490772,1.002086140656243
61256.21907232923,0.9997661876378274,0.9997743649329326,0.9993406508190064,0.9995054892140502,0.9994653024956847,0.999745235853212,0.9985461482424138,0.9981586184295829
61256.21915609349,1.0000026647268223,1.0003513309927414,0.9994079653922135,0.9997622409931165,1.000568291530912,1.000983778525741,1.0006230681802921,1.0017571048106255
61256.21923985774,1.0006027128573443,1.000711339181459,1.0005577470010305,1.0002788189212923,0.9990826308893855,0.9992140265900195,0.999540161842186,1.0000914202604454
61256.21932362199,1.0001756534960886,0.999565035794244,0.999473068536215,0.9985790719369287,0.9990072162620208,1.0001597836779326,1.001949210586573,1.0003394443376044
61256.21940738624,1.0014602671770423,1.0008188702621619,1.0002851109307647,1.0000008384758214,1.001013518684974,1.0018616480132174,1.0019712911729939,0.9999234122254982
61256.2194911505,1.0002208875289735,1.0000349881099215,0.9993848297381172,0.9994012371920521,0.9994298245182254,0.9995107596520495,1.00198329539219,0.999689156556326
61256.21957491475,1.0010365163903139,1.0013884334846435,1.0005999176052347,1.001649864301981,1.001432079791715,1.0007022403553343,1.0001535584755825,0.9994063965668372
61256.21965867901,0.9999471679280305,0.9990748828979958,0.9989829699898147,0.9997625988353173,1.0000790427362871,1.000239908482193,0.9997051775636866,1.0000220614934499
61256.21974244326,1.000850703253661,1.0005267076437905,1.0005502930180408,0.9998875308653875,1.0001711554661512,1.00118359468803,1.0021509494787353,1.0026250324375556
61256.21982620751,1.001406291191965,1.0017322961494686,1.0011667851164257,1.0010612282548463,1.0010735544146714,1.0013548928946376,1.0029352380057281,1.001497841793889
61256.21990997177,1.0008111872356065,1.0010274324965611,1.0013800060225686,1.0011318996113707,1.000493633727423,1.0004163942638966,0.9998062864106374,1.0013405923766547
61256.21999373601,1.0003836834945523,0.9994389759575218,1.0000274504198885,1.0006491365321035,0.999427846302246,1.000700837199826,1.0020401289194174,1.0017247586664821
61256.22007750028,0.9999669740194573,0.9991304898237845,0.9994728646424199,0.9989643269814914,1.0000757059538767,1.000248171985852,0.9997705116160118,1.0000304974847423
61256.22016126453,1.0005200765698774,1.000479939323435,1.000167988254812,0.9996884828758908,1.0003236826755184,0.9985985402693143,0.9997006366366984,0.9996758629275442
61256.22024502878,1.0003193763774454,1.0003155637513876,1.0004232474736094,1.0002880583870917,1.000868761759312,0.999972787341292,1.0008201772886123,1.0022385588895917
61256.22032879304,0.9999336251843215,1.0001599223794864,0.9997916577690853,1.0001562210433617,1.0000231239257542,1.0005265269528094,1.0003436889033055,1.000499451606028
61256.22041255728,0.9997944119399229,1.0002574062100227,0.9999442528429792,1.0001141009842607,1.000472820732966,0.9989693711941232,1.0002517825505979,0.9996713134115551
61256.22049632154,1.000848469649961,0.9999644550246605,1.0002323122372165,1.0005420834779755,1.0006478921714068,1.0017744335309389,1.0020695272095088,1.0022807875332813
61256.22058008579,0.9998258039610513,1.0002337638282128,1.0000034256953059,1.000126260184693,0.9996971235615826,1.0002670037344978,1.001337545294798,1.0014316955021607
61256.22066385004,0.9990067461529248,0.9991766353973109,0.9995765878992209,0.9986236158565321,0.9994825952455151,0.9998816251432106,1.0004427106394627,1.0007396085073625
61256.22074761431,1.0001759233693635,1.000342489372396,0.9999972938483233,1.0010275117877616,0.9997586761487761,0.9999955024408093,0.9993028080977351,0.9986419876864852
61256.22083137855,0.9997680154340545,0.9998165672248526,1.0003932170689858,0.9996791651011333,0.9991928785045759,1.0001914574223698,0.999073699927563,1.0005291437608694
61256.22091514281,0.99983960753349,0.9993180917197818,1.0001140913632263,0.9997448938242124,1.0002074368932432,0.999792330004922,1.0004729534114227,0.999349254389037
61256.22099890706,0.9999661088022795,1.0006018644874688,0.9996057464936198,0.9998589099324665,1.0003728535903142,1.001201817592101,0.999272756709768,1.000109779502431
61256.22108267131,1.0003018423290362,1.000206201725776,1.0000935809391782,0.9996361819088017,1.0000667342122684,1.0005101386876771,1.001403900859185,0.9997238674637016
61256.221166435564,1.0008656534882503,1.0005596580640024,1.0012526695035409,1.0010844451262215,1.0013665178962516,1.0019712548168007,1.0027405522972177,1.0001745857301683
61256.22125019982,0.999433590174194,1.0003677630449401,0.9998544446973916,0.9997169660246957,0.9995428987354453,0.9996578292296934,1.0006747538198684,0.9990353208428893
61256.22133396407,0.9994983605582389,1.0000590383981622,0.9993825590672405,0.9996648191973911,0.9992473936433264,0.9990548804824922,1.0004356068757556,0.9984629174472283
61256.22141772833,1.0005218511628962,1.0011323211743663,1.0011374081518833,1.0010586601670854,1.0009033753020005,1.0010688682501117,1.0027418250007702,1.0012870201126978
61256.22150149258,1.000399753523672,0.9994624716136129,0.9995679538711486,0.999467721001825,0.99921381955093,0.9998973511647139,1.000867845914881,1.000618993678384
61256.22158525683,1.0000815895584658,1.0013045134083327,1.0010061050021213,0.999306892244502,1.0006894335244367,1.0003841040464478,0.9993500936142606,0.9979212453291629
61256.22166902109,0.9990255683840189,0.9993918730935948,0.9996578413025811,0.9992954316293636,1.000789025127027,0.9990513599591241,0.9997736000751969,1.00019120671844
61256.221752785335,0.9998605790411984,0.9997108412948109,0.9998772198904206,1.0000224866899037,0.9998304254172933,1.0011708690258927,0.9999443713285262,0.9996406010293906
61256.2218365496,0.9998956801240054,1.0001882159889122,1.0006946803366354,0.9999825171533918,1.0008708095760586,1.0010668581571376,1.000708173224353,1.0000644578655848
61256.221920313845,0.9996391995596802,0.9993101954418525,0.9999879067160804,0.9994409596588448,1.0004570781206101,0.9988231221501623,1.0000475279842007,1.0005613748318356
61256.2220040781,0.9998296917855106,0.9995511780302639,1.0000357155237976,1.0010011543802297,1.000259883436377,1.0002108424710388,1.0005238222514576,0.9998511177383197
61256.222087842354,0.9999840405446716,0.999381175404074,1.0002816020867,0.9999319300621063,1.0000016128964186,1.0000007827490844,0.9999966755485078,0.9981161711657526
61256.222171606605,1.0003761338262618,1.0006632179472468,1.0005349770417582,1.0007183197706115,0.999879201026761,1.0016932669683418,1.000590409185422,1.000431922483649
61256.22225537086,1.0000728126251637,1.0003872132474063,0.9999849807120612,0.9998938404362145,1.0008708129547366,1.0010782719666145,1.0003939268596784,0.9983847969317039
61256.222339135114,0.999507333013332,0.9997137026696526,0.9992610218846151,0.9999199941413301,1.0008667254300707,1.0002840914318867,1.0010509221336805,1.0021954876356338
61256.222422899365,0.999599519808752,1.0002046826567674,0.99990581435267,1.0005463314911374,1.0000532754173186,1.0007980985711455,0.9997848107343367,0.999889302822687
61256.222506663624,1.0001715862438088,1.000162739088965,0.9999395462481446,1.0001888102083887,1.0000495102185356,1.0005787378781907,1.0009286800510737,1.000236872630045
61256.222590427875,0.9992475627616189,0.999834709402152,1.0005096121414119,1.0006956200852983,1.00096035974758,1.0001181059544086,1.0004324975693855,1.002673680741059
61256.222674192126,0.9989489052207676,0.9989285846268074,0.9993227709701199,0.9989693556061024,0.999721130251436,0.9985513636351363,0.9996463505671191,0.9992798832140416
61256.222757956384,0.9996752935473654,0.9999912429646867,1.000937009058603,1.0016020450358625,1.0007586574000695,1.000909015797058,0.9996050167510148,1.002190809000864
61256.22284172063,0.9991737636600878,0.9998841078424302,0.9999231294012678,1.0000342077566715,0.9998199445891484,0.999730483410896,1.0019572736625444,0.9992163339103969
61256.222925484886,0.9994488749239566,0.9998170137668231,0.9996994855244974,0.9994382907111286,1.000134705780894,0.9987804915872626,0.9981665483452576,0.9976319467016278
61256.22300924914,0.9994730270524756,0.9999962347656983,1.0005123907093934,1.0000164730079875,1.0017002645555144,1.0014928748591094,1.0008607011403183,1.0011248163763504
61256.223093013396,0.9995023324437675,0.9996987982845451,1.0001285343043622,1.0004285944683093,1.0013352157958884,0.9991156350181792,1.0009519769511208,1.0031986971662437
61256.223176777654,1.0005860154293884,1.0004453292499829,1.0008070647925005,1.0010588839423677,1.0031532489883277,1.0018061299222967,1.0009299192624275,1.0020533771750062
61256.2232605419,1.0004406187750934,1.0006418533873063,1.0002630638980448,1.0010199044194237,1.0002425840981244,0.9999215898060002,1.0004168105753553,0.999688886288673
61256.223344306156,1.0005675080282803,0.9995898711879098,1.0002656243185966,0.9999453080076516,1.000170649509118,0.9996475899610237,0.9991675276388562,1.0010810597850979
61256.22342807041,1.000381427678513,1.0001272149388512,1.0005956294882166,1.0009191978602834,1.0001444884052266,1.0003538632560982,1.0010226096059918,1.001162638353512
61256.22351183466,0.9995824965111444,0.9991349765711998,0.9992343703709929,0.9985779426523658,0.9984222098196864,0.9989355610107349,0.9980118581319298,0.9991844165035908
61256.223595598916,1.0012184697672002,1.000223371203124,1.0004897766492544,1.000350595028877,1.0001078518790751,1.0008441209275505,1.0008793528774527,1.0014117504925921
61256.22367936317,1.0002352313799945,1.0004554036343574,1.0012045237309828,1.000358642265571,0.9989113596190454,0.9998310238178959,1.000413322260328,1.000443861247019
61256.22376312742,0.9997360106449726,1.0001802656658931,0.9998388927566351,0.9997490989656981,0.9997958211659694,0.9991356234284843,0.9987723586538796,0.9980129691066039
61256.22384689168,0.998922992332064,0.9987366749798386,0.9989873022040164,0.9992457376567013,0.99901912508843,0.9999920343629409,0.9997978176689525,0.9984521188341856
61256.22393065592,1.000371243520347,1.001041050184213,1.000866980392841,1.0011847663359004,1.0016887643802117,1.0009294898050132,1.001940974923251,1.001917567332975
61256.22401442018,1.0008259825158514,1.0011151753696608,1.0004927696899009,1.000270741699206,1.0011018300642,1.0021942044506622,1.001749200301975,1.0026066903904125
61256.22409818443,1.0002477633957503,1.0003350888800004,1.0004898845537262,1.000964771195747,1.001161578944134,1.0016599724195718,1.0009054641474664,1.0024156294883346
61256.22418194868,1.0004995877482779,1.0006560815388121,1.0001489333718867,1.0003496481347984,1.000610467061806,1.000628758012012,1.0004125328013571,0.9980338557385009
61256.22426571294,1.00085079875342,0.9997609576191423,1.0007897205684937,1.001027510796509,1.0009340112959924,1.000655045842009,1.001445711768243,1.0006231701355737
61256.22434947719,0.9995229758206877,0.9992958119665455,0.9996080041357832,1.0002228210775057,1.00033724418228,0.9997992952440725,0.9994552956863592,0.9980369239156575
61256.22443324145,0.9998283776662611,0.9993683324371501,0.9993628252435894,0.9994793005672795,0.9985790649466605,0.9990761113743652,1.0011384820192073,0.9995528590861965
61256.2245170057,1.001267846467913,1.0008841866563063,1.0012027686408111,1.0020008291919973,1.0022742478918822,1.0013726147057969,1.0010769230161414,1.0013551423626663
61256.22460076995,1.0008279293542575,1.0010355864936369,1.0008326332525725,1.0003803871267847,0.9999311613781281,1.0001637726349695,1.001022560051208,0.9998723245218086
61256.2246845342,1.0004267347328017,1.0012278553617908,1.001132702447901,1.0012571582591838,1.0020760708570153,1.0017902234405966,1.0012951134130343,0.9991805937688759
61256.22476829846,0.999635067399486,0.9995279451181731,0.9998751936471136,0.9999049176843969,1.0008908892284518,1.0005119325621588,1.0007629620186707,0.9989434202671957
61256.22485206271,0.999621631727234,1.0001567062499959,1.0003922996025862,1.000058250093677,1.0009196203237778,0.9997760728535389,1.000062891675986,1.000307261387003
61256.22493582697,1.0005975409734484,1.0008568505606081,1.000044024947603,1.0002733977606384,1.0000069866838057,1.0005031696343085,1.0013375370926265,1.0016188748417478
61256.22501959121,0.9996566174920867,0.9992421846096621,0.9995681832655876,0.9994957137283893,0.9990424893226585,0.997209695230856,0.9976527807504384,0.9993594423017385
61256.22510335547,0.9994154558605856,1.0005446291741944,1.0002004819770989,1.0009198050025214,1.001459891379818,0.9995432622737722,1.0000866868579288,0.9987942694318348
61256.22518711972,0.9995375455193284,0.9987395125703743,0.9995965118084582,0.9999715816543359,1.0001119551145938,1.0000426259143216,1.0007159926274902,1.0024674128588213
61256.22527088397,0.9992542454836273,0.999388562608524,0.9996903633094248,0.9998184338658588,1.0005534087921115,1.0005837550054122,1.0000163361526901,1.0010230327342475
61256.225354648224,0.9985547465906247,0.9984426591955402,0.9994645743719366,0.9994226313976468,0.9989608192418777,0.9992546298959631,0.9990843678763802,0.9988340510541807
61256.22543841248,0.9989976899027783,0.9991356918869944,0.999587843816646,0.9986797789916955,0.9986722848693109,0.9982326425589271,0.9988750036991303,0.9988219913600505
61256.225522176734,0.9987466883378698,0.9993035971393832,0.9994133530435478,0.9985210115442243,0.9981605894894074,0.9985514058299247,0.9971538320865388,0.9983600087711433
61256.22560594099,1.0000910615916865,0.999617006401136,1.0005433205406598,0.9992955032473664,0.9993126952116482,0.9986462082224696,0.9996978608852873,0.9997212947877396
61256.225689705236,0.9989119085076427,0.9994142647335663,0.9990485355974594,0.9982891198855869,0.9986782789819824,0.9996312379309638,0.9981250627889876,0.9997400247580882
61256.225773469494,0.997815801907803,0.997836803132041,0.9983688129263774,0.9983901453802622,0.9993406037678105,1.000555201053047,1.000687253245146,1.0008076067403167
61256.225857233745,0.9997186995180073,0.9996148525256504,0.9991195482094655,1.000035963512899,0.9993741934021257,0.9986493041756781,0.999914136075223,1.0002387954921232
61256.225940997996,0.9981906576158631,0.9988211601846596,0.9981432217580755,0.997914484626116,0.9988883188932373,0.9985352299690664,0.9968265121446082,0.9987169382414626
61256.226024762254,0.9981359605943029,0.9974951311916265,0.998379607827794,0.9981436035033238,0.9985564531440266,0.9987500405381364,0.9977585450130159,0.9985003730419759
61256.226108526505,0.9977812956368666,0.9983461826806115,0.9985459134509672,0.9992749050176368,0.9986516016160897,0.9990207849479074,0.9983785399513241,1.0009242811160428
61256.22619229076,0.998313550111022,0.9991229912909163,0.9985769537479051,0.9991635110204121,0.9999655909517986,0.9990398817847158,0.9989806476631979,0.9998633115270279
61256.226276055015,0.9978329711152096,0.9981766518323222,0.9976937440671378,0.9980551825293262,0.9980358502173973,0.9981641647082289,0.9972407139259192,0.9948109455952433
61256.22635981926,0.9970674066060518,0.9977794380658863,0.9971196904967535,0.9968262726159798,0.9974331121349578,0.9969427211757432,0.9962618692163683,0.9978355323144016
61256.22644358352,0.9977393669863159,0.9985470664923913,0.9974993567785073,0.9973174553951181,0.99748012795998,0.9979316473464838,0.9982398203904446,0.9981991659467458
61256.22652734777,0.9982768976226558,0.9982490581829234,0.9998335010964661,0.9989488210643546,0.9988732702613461,0.9990718101282159,1.0006655742233528,1.0021763827799273
61256.22661111202,0.997874258135066,0.9976770786759461,0.9979443084948919,0.9982118361305559,0.9979733676490794,0.9970152194507782,0.9956873430136819,0.9973050062963613
61256.22669487628,0.9980839915672571,0.9975700156882515,0.9981049360489168,0.9986061435419832,0.9978548679506983,0.9979391866254684,0.9987748381018586,0.9984899538491946
61256.22677864053,0.9977724657663722,0.9977354726087466,0.9972643212407093,0.9973355792104607,0.9974139285079747,0.9976510069476782,0.9991493803352459,0.9977106400006607
61256.22686240478,0.9986054782440493,0.9984564852471122,0.9980562263669224,0.9981552313923442,0.9982094553095782,0.9979680233067553,0.9978041070483342,0.9978390733182351
61256.22694616904,0.997072305158464,0.9979407655618728,0.9979003375897675,0.9975391450816489,0.9972930747156848,0.9974325366362767,0.9977535334864595,0.9970059306057868
61256.22702993328,0.9976601918335767,0.9969925837687028,0.996657392217875,0.9974329754814306,0.9968726695264818,0.9968390726577142,0.9964109556380332,0.9970767890401832
61256.22711369754,0.9979347179951602,0.9986025078213452,0.9988009724507346,0.9975359772860446,0.9979894900248444,0.9993131302287134,0.9993058165857516,0.998227224024685
61256.22719746179,0.9979874359903734,0.9976317176495276,0.998074884152484,0.9974405558381343,0.998639074829471,0.998206934966869,0.9987330056621015,0.9980277458377915
61256.22728122605,0.9975564993122923,0.9974833172030115,0.997686692303912,0.9973745185876728,0.9978625699851077,0.9990586718153504,0.9986607288136775,0.9980247840419135
61256.2273649903,0.9987932279774908,0.9979023833868196,0.9985844136327906,0.9986338344321205,0.9996367965898401,0.9996593594463443,0.9987036036126816,1.0000873939589503
61256.22744875455,0.9987720646722158,0.9981685189396304,0.9979071949245026,0.9978570697866894,0.998547507756107,0.9989175326317905,0.9976951200160195,0.9984552964158896
61256.2275325188,0.9984043472386365,0.998075785828807,0.998908137737686,0.9984777981334686,0.9989055204187612,0.9982604045842455,0.9998883621194966,0.9984961693753651
61256.22761628306,0.9975996123992714,0.9983549249205231,0.9982881537214281,0.9972358014550381,0.9971822719836961,0.9974200872665678,0.9984207373876962,0.9979689562933022
61256.227700047304,0.9974936136519075,0.9966895566356783,0.9969501014151197,0.9968706970896408,0.9961071156533094,0.9966556683610328,0.9954364498770064,0.9960869874557147
61256.22778381157,0.998048601857044,0.9979303487058244,0.9983580505410657,0.9981273048318932,0.9980946297546075,0.9979676070801977,1.0000121089587477,0.9999039003622008
61256.22786757581,0.9971236950685857,0.9975295751099268,0.9972887546437342,0.9974416608370077,0.9976338601748622,0.9983548191184802,0.9983977467020377,0.9974886916187542
61256.22795134007,0.9970209656583825,0.9965796802884074,0.9966464004381244,0.9967769959606763,0.9976561092764107,0.9972520821605704,0.9968166852600882,0.9967724493973604
61256.22803510432,0.9971902243507026,0.9974222674677043,0.9974345379277113,0.9978685130549066,0.9972397032594434,0.9967445522789251,0.9964679412471834,0.9987636493853447
61256.228118868574,0.9975614760734208,0.9977248978606386,0.9985770705608987,0.9969704391599686,0.9978878762834604,0.9981702450487645,0.9987861280486527,0.9972317456857784
61256.228202632825,0.9978552236231701,0.9977521565735947,0.997683439357139,0.9975995810112901,0.997546842153581,0.9970134258146851,0.9970826184445467,0.9964242702123415
61256.22828639708,0.9976690850158892,0.9977579821652776,0.9976257989932927,0.9969474505245126,0.9985804020584861,0.9978834523160554,0.9978076910553579,0.9966791855162956
61256.22837016133,0.9966173573403663,0.9972847080865254,0.9978384442975644,0.9978698281993386,0.9970999391752222,0.9980422460851791,0.9985677886456512,0.9977704761630922
61256.22845392559,0.9977825246309823,0.9979447077268451,0.9974108521723872,0.997447956778111,0.9972040088776571,0.9978949176174772,0.9985530346485861,0.9978126976265179
61256.228537689836,0.9974515509292717,0.9968034936227975,0.9962337668347884,0.9960557469146255,0.9958786690420817,0.9959261168924841,0.9957389958445736,0.9964055784107644
61256.228621454095,0.9973737372466372,0.9970696682578012,0.9970114557417477,0.9975964273410357,0.997194135366886,0.9975223428797999,0.9983459537507225,0.9987072138966766
61256.228705218346,0.997710292496949,0.9978390467849072,0.9981887339488458,0.9982140096997685,0.9990922489720987,0.998419614341538,0.9988805945040221,0.9982014758502427
61256.2287889826,0.9973938565719539,0.9980443812768215,0.9986385752188336,0.9985810955791805,0.99796133972427,0.9974586592629491,0.9977126326766391,0.9955390851360273
61256.22887274685,0.9972043232009483,0.9974669242330058,0.9978032277969147,0.9973363950113782,0.9965734164668377,0.9968843383685903,0.9975164196555141,0.9967770429397046
61256.228956511106,0.9973206968399808,0.9967072738220449,0.9973277741923846,0.997147683556533,0.9981262209008752,0.9990528768260114,0.996645593438571,0.9972290617787106
61256.22904027536,0.9970783673980537,0.9970407809340328,0.9973293178165175,0.9977847804580536,0.9969966876196693,0.9964386608022985,0.9980146325163122,0.9988244240838511
61256.229124039615,0.9970914424855604,0.9971799670277461,0.9967427665921113,0.9970788940931341,0.9974691063744181,0.9975722614600625,0.9967374358826951,0.9967174384352613
61256.22920780386,0.9979998786247393,0.9977018697392388,0.9986124967458828,0.9973935873145885,0.9978811804193649,0.9981912263477362,0.998627994973996,0.9966221251557131
61256.22929156812,0.9966734171621117,0.9961367530858357,0.9972714355863015,0.9969477186583502,0.9964196273212309,0.9948599547109676,0.9955070664692921,0.9972012046221913
61256.22937533237,0.998761700155173,0.9980239244287282,0.9972155774836186,0.9978040281060698,0.9979953324348727,0.9978483276577312,0.9972975481366609,0.997944850257813
61256.22945909662,0.9965543149965327,0.9964673247901421,0.9970583052130121,0.9974126671930964,0.995950208494694,0.9964869056559517,0.9964607103498241,0.9961784946285276
61256.22954286088,0.9979519333563504,0.9987305577233329,0.99892510501986,0.9982193599858593,0.998578742113976,0.9974820025165207,0.9983604603156256,0.9989115429187041
61256.22962662512,0.9967186328398898,0.9966532101962244,0.9976331819308203,0.9976267584325631,0.9980249063414298,0.9976715477044514,0.9984690662887402,0.9982900693475426
61256.22971038938,0.9982839265645433,0.9981397245198178,0.9969205187750783,0.9966899704225739,0.9972448550676851,0.9982817315467385,0.9984015152579117,0.999427564551707
61256.22979415363,0.9977591858465128,0.9972546093264384,0.9972259821917758,0.9969672639299696,0.9964605149000644,0.9975519250023499,0.9959915560725299,0.9965128361852965
61256.22987791788,0.9964483201064014,0.9971201474882101,0.9979098066804117,0.997827886565712,0.9975027074962386,0.9996398270734989,0.9987926456988816,0.9987701532557974
61256.22996168213,0.9971254671344518,0.998059546172661,0.9977223458789178,0.9976176520424299,0.9974271791763586,0.9987922687010197,0.9979135711736026,0.995561470427569
61256.23004544639,0.9972885589098697,0.9981616150144123,0.9977253976044523,0.9971942134507884,0.9975452342407125,0.9984121983094779,0.9977313510564139,0.9969261605191064
61256.230129210635,0.9962567187266824,0.9968600640921377,0.9969506644337042,0.9972611715749464,0.9976653932078681,0.9972239496793125,0.9964910166886104,0.9968930909318819
61256.2302129749,0.9967256317219646,0.9966312159663236,0.9967582196482747,0.9967900953642316,0.9972091807890329,0.9961125952106197,0.996957816601035,0.9963100686187302
61256.230296739144,0.9970520307457946,0.9970163439554084,0.9976020237073235,0.996910458958726,0.9988979925552037,0.9979056842018086,0.995647961314305,0.9969990956873769
61256.2303805034,0.9973589108425155,0.9977822587952472,0.9980459312335845,0.9975490932930814,0.9973123477087016,0.9964799020362308,0.9969893143051769,0.997406200463991
61256.23046426765,0.9969619263239545,0.9971113450617212,0.9962573179600751,0.9966201123888356,0.9976087880188957,0.9967207794490325,0.9971059809619628,0.9961236510799502
61256.230548031905,0.9966824178149054,0.9972758325205038,0.9966980837847303,0.9974311443900029,0.9973630233177524,0.9967637366043629,0.9967590909814891,0.9962604596714973
61256.230631796156,0.9975068160280904,0.9974241646290141,0.9971939514899152,0.9982539762625224,0.9977703861340712,0.9977802953553927,0.9973379704864992,0.9979018426814587
61256.230715560414,0.9969703342930057,0.9967793129116955,0.9967379520928051,0.9972823197020748,0.9971921720170899,0.9975097697863891,1.0000281131033948,1.0013511957998915
61256.230799324665,0.9967204949521864,0.9973456530815552,0.9966429702117655,0.996999547045746,0.9969730865401119,0.9971507779563823,0.9955778741038137,0.9949253445201426
61256.230883088916,0.997022763926829,0.99715212353352,0.9970196254131158,0.9975467492284157,0.9980012126860949,0.9984140729977071,0.999094606919999,0.9982918385267793
61256.23096685317,0.9975700674605333,0.9975576744250219,0.9983133638362065,0.998694305055604,0.9990257479730804,0.9998941288655284,1.000345977992563,0.9994794762221727
61256.23105061742,0.9972177840117165,0.9973407124223845,0.9984127074409265,0.9986029187493524,0.9981601975627574,0.9975898009039157,0.9980486971582586,0.997436210377003
61256.23113438168,0.9968527948386676,0.9970254191756042,0.9975102084717511,0.9982419570765249,0.9972802110748679,0.9979418861383762,0.9978023230761149,0.9977662391775375
61256.23121814592,0.9976325285593143,0.997963832318812,0.9981031665937538,0.9976201938619961,0.9976609026069146,0.9985124087866064,0.997196147429121,0.9988080765754558
61256.231301910186,0.9977230397196833,0.9973557849725853,0.9974390563300207,0.9988833250378312,0.9979703761675623,0.9972342201768934,0.9983239230608426,0.9972437870513403
61256.23138567443,0.997661719031676,0.9976955015750543,0.9976048517176019,0.9979079098952094,0.9988293562316782,0.9973760843002938,0.997206108624193,0.996744185800113
61256.23146943869,0.9967049359398841,0.997361835789363,0.9967993105396242,0.9982829235653731,0.997964685629111,0.9977412301329247,0.9975619700710899,0.9969760034547639
61256.23155320294,0.9964719034926218,0.996617484381995,0.9962762837577815,0.9967740214593355,0.9971367725093683,0.9957747351028136,0.9961509492057254,0.9963467238030063
61256.23163696719,0.9980323406953979,0.997720377949191,0.9965453117653199,0.9979851914199219,0.9963617885769146,0.9977918181084756,0.9985529184511619,0.9970888640396129
61256.23172073144,0.9977598186986776,0.9968403377460625,0.9966844019654344,0.9970079875619225,0.9969767214908573,0.9967719397956972,0.9959361411791497,0.9980911772339447
61256.23180449569,0.9968085034336287,0.9972413884905401,0.9978369469977456,0.997244298968241,0.9968337593189583,0.9967531666906558,0.9968401947330703,0.9950517514916598
61256.23188825994,0.9982634936063127,0.9974306866653753,0.9973981797999794,0.9978362567029515,0.998890020395487,0.9994993680127159,0.9974991469083998,0.9977107482084976
61256.2319720242,0.9968278015674227,0.9971613374396691,0.9972481782195246,0.9975898900299162,0.9968673438852566,0.9974709012345454,0.9978359560788058,0.9962027740610917
61256.23205578845,0.9974380617877951,0.9977170485930044,0.9976665514721665,0.9966173718231166,0.9973242393038528,0.9970420207698958,0.9970312157798743,0.9977990732017181
61256.2321395527,0.9968220739760143,0.9978437472560863,0.9972973970235458,0.9981132426742173,0.9981857053992541,0.998671495058586,0.9997155724485567,0.9992659058225842
61256.23222331696,0.9970410676926564,0.9980410527022787,0.9977716318309229,0.9977849534316382,0.9983189363027264,0.9981725941303782,0.9966886818357814,0.9958711157815431
61256.232307081205,0.9969932725903233,0.9970775418680586,0.9983025976647729,0.9974418045686396,0.9980985248635603,0.9995922380269818,0.9989005732840928,1.00164000906678
61256.232390845464,0.997290049131739,0.9975362685496201,0.997143705644675,0.9974959646300432,0.997159936894792,0.9984068798590211,0.9972992750354395,0.996793458912546
61256.232474609715,0.9977212055390712,0.9971733865914222,0.9975603875030771,0.9969251178504871,0.9962413243462002,0.9969766426866242,0.9992082596206544,0.9994411953379687
61256.232558373966,0.997036048900993,0.9972178643602799,0.9976616987775726,0.9973420493642144,0.9988632359255012,0.9985099090433751,0.9976393568721237,0.9965143905234787
61256.232642138224,0.997465741555052,0.9967079921527514,0.9967586092847515,0.9968465729742929,0.9979602107390104,0.9972098129948419,0.9966296094575944,0.9968646938699044
61256.23272590247,0.9970703773402049,0.9970664717810707,0.9976250014578694,0.998007513933608,0.9970625505553439,0.9971950784316734,0.9980040705122054,0.996841711293778
61256.232809666726,0.9975200904946209,0.9976911052749998,0.9982374777059365,0.998563000014538,0.999835147457691,1.0004205226782852,0.9990160198679242,0.9980770552924376
61256.23289343098,0.9976935910787527,0.9969000039717391,0.9970274513268951,0.9975056432207593,0.9980804376175941,0.9976810729991581,1.000145896964239,1.0014196476491675
61256.23297719523,0.9978625156549236,0.997429818594038,0.9972842035026067,0.9974423462882039,0.9973444035921306,0.9975533226749195,0.9982860888377509,0.9961899327889364
61256.23306095949,0.997030888322779,0.9971235954309364,0.9976462828031316,0.9967851554567312,0.9972889459711473,0.9981123974240982,0.9992038663327465,1.000700024909137
61256.23314472373,0.9964736235523518,0.9971753748700733,0.997019518733566,0.9969945754181614,0.9969516631874709,0.9973859259367196,0.9964186345789903,0.9955040176088773
61256.23322848799,0.9979637360891263,0.9970192571420716,0.9970784776700105,0.9982141298891504,0.9974624022325616,0.9966270810342585,0.9985278375788955,0.9972769063965341
61256.23331225224,0.9967945131179283,0.9967903760755521,0.9969452046233426,0.9967707342177888,0.9971547698824995,0.9960720059696051,0.9969173990357966,0.9985998578659016
61256.23339601649,0.9966291169785434,0.9972238605736509,0.9981843813564002,0.9968352127234835,0.9971572162143182,0.9965751368657604,0.9965294021659529,0.9972113541771673
61256.23347978074,0.9973926970080252,0.9979038036337119,0.9978588644114718,0.9971889783978163,0.9975481647370912,0.996279416240265,0.9973898748506386,0.9962904252432306
61256.233563545,0.9969560215658619,0.9964992161945884,0.9968938762813344,0.9971305569413401,0.9972186152405957,0.9984315332965332,0.9989295628326567,0.9989616125995378
61256.233647309244,0.9970866262651132,0.9975818233120523,0.9979535036484876,0.997121636906702,0.9972312060531628,0.9973770945913308,0.9990536763773082,0.9984230700687812
61256.2337310735,0.9987865076142124,0.9978777331310852,0.999073035703042,0.9989771260354985,0.9975366466547948,0.9991010077298969,0.9993579813688241,1.0016608690561193
61256.23381483775,0.9992088372102346,0.9985760933954204,0.9988124348231548,0.9999742414329655,0.9997291657613657,0.9990897684209015,0.9979252483312251,0.9982980401333152
61256.233898602004,0.9969385742386828,0.9977119916922255,0.9967978651319455,0.9976393807957883,0.9977792995934839,0.9988880458646947,0.9997289624929155,0.9982253673596014
61256.23398236626,0.996758249811032,0.996756011773262,0.9973204208756925,0.9980231311188529,0.998096930127536,0.9983703670636728,0.9976054983097269,0.9982463079064625
61256.234066130506,0.9970296803439306,0.9967510246621134,0.9978137551086045,0.9987515179273063,0.997961426556295,0.9963939143018704,0.9971529346323151,0.995991934933119
61256.234149894764,0.9982405409441288,0.9985488000668077,0.998179772421237,0.9975586006449051,0.9982156507914594,0.9982318527773778,0.9994978957126307,1.0000980101680954
61256.234233659015,0.9967046821605796,0.9977780709707764,0.9969707482509096,0.9968618204223054,0.996379328308108,0.9965774566255718,0.994864602024949,0.9955391133532048
61256.23431742327,0.9968393293726188,0.9966970498087029,0.9969558280357125,0.9976625372007525,0.9975568611164412,0.996475120436981,0.9956402745129339,0.9962986692569406
61256.234401187525,0.9965015892868543,0.9967278157576553,0.9972406030806369,0.9970511982467336,0.9982530171120628,0.9981733286057641,0.9968346538247195,0.9970591318894416
61256.23448495177,0.9972596667744997,0.9969971195363544,0.996492936003849,0.9970321602486495,0.9975331563114685,0.9977447878449199,0.9972190895852671,0.9981267432855581
61256.23456871603,0.9965159614685835,0.9961880721367394,0.9965712620669117,0.9965251870628684,0.9966815400760923,0.9971088155968276,0.9966740741107678,0.999361377193908
61256.23465248028,0.9969591789102689,0.998618615937996,0.9984981646644164,0.9981366691955242,0.9983988386591682,0.9987528749790119,0.9984337931935817,1.0002150028058705
61256.23473624452,0.9975639335424495,0.9981399289551058,0.9988844460237178,0.9974676910877408,0.9966329481142747,0.9966757703962407,0.9966591216274099,0.9947558539877508
61256.23482000879,0.9974960045395826,0.9984851127122596,0.9986508751698052,0.998886314266181,0.9993470479229878,0.998935333323425,0.9981258821654915,0.9982715105356962
61256.23490377303,0.9983115915005066,0.9977313595303006,0.9980720791829992,0.9976799050346834,0.9969996763714302,0.9965720513583908,0.9957161960328602,0.9967394721083391
61256.23498753729,0.9981943933285042,0.9978990378795644,0.9978202097650609,0.9977992556600361,0.9980490515429495,0.9981162494361748,0.9974667239126814,0.9983802888540397
61256.23507130154,0.998439534721481,0.9978891195482935,0.9973024431885592,0.9970511848227553,0.9988953988309247,0.9979195691801501,0.9992397377711056,0.9986100690958665
61256.23515506579,0.9976453774362327,0.9975379960310897,0.9969802773385387,0.9978724944788571,0.9981282997590771,0.9980640400491034,0.9957693632294516,0.9964600858585472
61256.23523883004,0.9972932328646444,0.9979157564138567,0.9974110474840878,0.9977179551753856,0.9978930441358574,0.9983050089634568,0.9992646834153165,0.9989229051823488
61256.23532259429,0.9971756374228841,0.9968676492886483,0.9979691453325823,0.9972990625819673,0.9983423827867646,0.9977132173049786,0.9979112524144796,0.9972725088423667
61256.235406358544,0.9967925911200267,0.9980364591796126,0.9965770937202082,0.9967864830515271,0.9975101666130743,0.9977869957354648,0.9972323648816673,0.9968972826795041
61256.2354901228,0.9983189562296851,0.9983966182417512,0.9981464659858619,0.9978762734931503,0.9981619629289585,0.998564404187387,0.9978083296280831,0.9980458501430572
61256.235573887054,0.998545080445781,0.9973646852547562,0.9975826932366353,0.9972101101324531,0.9965140865186398,0.9971291148781598,0.9993025672561086,0.9991293979451437
61256.235657651305,0.9984326966242729,0.9985658572750334,0.9983279808258737,0.9973835516951272,0.9979371902038715,0.9976725875403086,0.9985904728703467,0.9979774978133727
61256.235741415556,0.9976449755083703,0.9974714172732005,0.9972559406597385,0.9973362816716481,0.9977446303505392,0.996474589178896,0.9968083668627878,0.9978847012971519
61256.23582517981,0.9975046419959623,0.9975486799577492,0.9976443133507944,0.9976229010813596,0.9968938475224054,0.9970738137772054,0.9955208303582804,0.9982043898141382
61256.23590894406,0.9981214451516395,0.9980268904102813,0.9971652850506555,0.9970765191144839,0.995987737780599,0.9960960366126355,0.9980402785559563,0.9970610328259045
61256.235992708316,0.9974913376513636,0.9976816011924465,0.9973634105543515,0.9974977856436865,0.9978545167904089,0.9980392762982524,0.9962499923486569,0.9949590615802832
61256.23607647257,0.9976936564254687,0.9977760419025808,0.9978908490571213,0.998035886099145,0.9983159408648136,0.999014042331858,0.9979033959089209,1.0000474987143224
61256.23616023682,0.995838324406833,0.996686190222389,0.9975264952781497,0.9973743543669711,0.9975409036747012,0.9979377303766922,0.9970818843445234,0.9982085119941276
61256.23624400107,0.9979453047909772,0.9977814488851015,0.9975302618367285,0.9955393414144431,0.9960035224442509,0.9948980134564785,0.9949208821631355,0.9950624644403563
61256.23632776532,0.9985896891149548,0.9983827263665166,0.9971685230612819,0.9980988050636909,0.9973523514019333,0.998136359881075,0.9988396397992866,0.9974073121346402
61256.23641152958,0.9973258141752589,0.9966740051567777,0.9969319465573387,0.9971393751243746,0.9979166866647909,0.9982438243557774,0.9963790673689804,0.9975001851893437
61256.23649529382,0.9992677175958742,0.9983974694122263,0.99882346863278,0.9969623072248394,0.9977663427529816,0.9997112638655414,0.9994212939751139,0.9976458363469032
61256.23657905807,0.9973226239061236,0.997602145953528,0.9967345855266873,0.9970828532450854,0.9978948485608334,0.9968002609927014,0.9972664717206569,1.0003294779493175
61256.23666282233,0.9972266227707561,0.9976153016148983,0.9975117958527719,0.9972854931273514,0.9973063877305587,0.9973186273073882,0.9980020587158185,0.9970962296298375
61256.23674658658,0.9977125623401994,0.997368007713075,0.9975321883355343,0.9976052147888471,0.997557722672595,0.9976552760405801,0.9968665675551747,0.9991838969984578
61256.23683035084,0.9970179671114727,0.9972452667855984,0.9963457044493608,0.9975079607518247,0.997038967049467,0.9964424985811099,0.9966468851670008,0.998361045378654
61256.236914115085,0.9968252872861859,0.9965471078048983,0.9967163688346836,0.996135378246113,0.9960499581721222,0.995412379949773,0.9964532066671627,0.9934772900376166
61256.236997879336,0.9969613986927973,0.9965463168497908,0.9968793112014149,0.9964625758968608,0.996302877561483,0.9966649412916759,0.9956900188467946,0.9951253138736216
61256.237081643594,0.9972137423136547,0.9973044088897249,0.9973991813876273,0.9984785889363554,0.9983395484203417,0.9967223492306613,0.9979784088737644,0.9966636826949349
61256.23716540784,0.997310487148656,0.9972042395643362,0.9966360077134082,0.996660776732364,0.9980795556174937,0.9964934939793555,0.9970497770947231,0.9966649888257156
61256.2372491721,0.9976583418723015,0.9970775246460288,0.9977579600717607,0.9971476720026765,0.9978136011161719,0.9968890102036914,0.9981520255123554,0.9983889877833113
61256.23733293635,0.9972579366777172,0.996493104004333,0.9966170705476101,0.9969095998028185,0.9967902728529714,0.9969580065862852,0.9961612290463923,0.9961090321863564
61256.2374167006,0.9978041183131158,0.9972430479777751,0.9968265358276246,0.9971366068545091,0.9975704154844623,0.9976413764407114,0.9978762695161579,0.9987307430692752
61256.23750046486,0.9970193755891441,0.9973880996485572,0.997738694749531,0.9966417701270595,0.9975081437310297,0.9955943712270992,0.9981661805529558,0.9967513977488508
61256.2375842291,0.9987003582217017,0.9982476201741932,0.9998389628564878,0.9991862570125054,0.999126240540053,0.9993512787481716,0.9984300316445586,0.9982163255967863
61256.23766799335,0.9978353450469808,0.998198247147662,0.9983569161807329,0.9975719410228051,0.9985095553268257,0.998230126213206,0.9982082235392616,0.9975194522247233
61256.23775175761,0.997577883633402,0.997657079461495,0.9965706797434672,0.9964617014715689,0.9969963273721912,0.9967533655484692,0.996320644841827,0.9986674435393366
61256.23783552186,0.9976694382754312,0.9975266833621499,0.9974106629640603,0.9970379583966553,0.9970813708674482,0.9967692313238772,0.9988738088477177,0.9972954318344355
61256.23791928612,0.9971738814506271,0.9970338134280918,0.9970237551695523,0.9962869790047256,0.9966629676297523,0.9980755471945599,0.9963543230509289,0.9973369117233534
61256.23800305036,0.9976677342077659,0.9975833721648413,0.996880147966898,0.9972042444439724,0.9978641316046909,0.9983572345624763,0.9987533334281491,0.995393014933427
61256.238086814614,0.9963036458754695,0.9963298477420778,0.9960499961837781,0.9964577378068099,0.9969004679711585,0.996135645501392,0.9947972145788764,0.9988881376238649
61256.23817057887,0.9967994164407198,0.9973652381413137,0.9969838975299922,0.9970593037426219,0.9980930857636477,0.9969107928633646,0.9978274713364929,0.9958691648024667
61256.238254343116,0.9969037156562919,0.9967582603090003,0.9968106194609659,0.9966402019612934,0.9979693098132116,0.9968436320070805,0.9988543701063154,0.9951265669629189
61256.238338107374,0.9983421486651414,0.998545425608692,0.9979812520325364,0.9978052601461822,0.998892523408765,0.9992256101629466,0.9995050982961887,0.9994073886747665
61256.238421871625,0.9970110918825187,0.9973361440642267,0.9968713048973867,0.9973672132270867,0.9965043769213604,0.9959673495057053,0.9958433904139152,0.9950768063661171
61256.238505635876,0.9968324956361465,0.9972597555638189,0.9968741419021908,0.997293279428527,0.9972918014551421,0.9969403193508166,0.9967973704894864,0.9968532663745664
61256.238589400135,0.9969780696490539,0.9970269297726034,0.9967331635154842,0.9968034198366464,0.9975879966322686,0.9967576941386342,0.9946622511956524,0.9960434249739206
61256.23867316438,0.9964717680414551,0.9974342909799669,0.9971147261251587,0.9964206775908853,0.9965727075216154,0.9961111847709254,0.9963112423291051,0.9962747755460312
61256.23875692863,0.996495656663881,0.9979758330292082,0.9982401837199621,0.9979978074553505,0.9981440513078139,0.9984420430780026,0.9994021854222855,0.9995476680277443
61256.23884069289,0.9961048475635549,0.9960968294627762,0.9961426773178271,0.9957277233065317,0.9970131032869044,0.9956811609380579,0.9965207179253498,0.995023700250192
61256.23892445713,0.9983575964031915,0.9982559084452984,0.9981665115985877,0.9981400487899622,0.9973857760092617,0.9966592182355558,0.9981057286991326,0.9977837553538684
61256.23900822139,0.9976272273322072,0.997570895965189,0.9966476485782649,0.9973277076937215,0.9961349614564106,0.9967091836982699,0.9986970957512691,1.000552644006353
61256.23909198564,0.9982820474070268,0.9984725866869042,0.9983913142374095,0.9979114762988885,0.9979647970612354,0.9998310689705658,0.9988116257256476,0.9998972396881307
61256.23917574989,0.9968628752604606,0.9978486620828291,0.9972205438757827,0.996923657527793,0.9969124604701488,0.998221927974056,0.9988547614789003,0.9969820381194362
61256.23925951415,0.9972020824129855,0.9975758624482763,0.9974114034881459,0.9979479089510831,0.9981808267728715,0.9992140674942507,0.9998790686444092,0.9981192075225532
61256.239343278394,0.99770713405155,0.9979442452091961,0.9973788448228992,0.9972879952031232,0.9979113411402766,0.9986804569416399,0.9971902391773129,0.9980465258235219
61256.239427042645,0.9971575229866292,0.9974860460326003,0.9971772881574386,0.9969956474154783,0.9982227416389912,0.9974614781735781,0.9975908091889046,0.9970231712228834
61256.2395108069,0.9983126463615122,0.9976853698477567,0.9974830074219906,0.997087379783948,0.9971322235505765,0.9986385326052252,0.9992305164177463,0.9984372348079963
61256.23959457115,0.9976751500430037,0.9977210833700455,0.9974785129264535,0.9975453721754133,0.9966143905833282,0.9976566526257097,0.9981566966894259,0.9975603935095042
61256.239678335405,0.9961878170530618,0.9969850371928295,0.9971629470753194,0.996952579987025,0.9958768295090575,0.9958518439047037,0.9979449125076452,0.9979561882399188
61256.239762099656,0.9963894912786116,0.9964895769925113,0.9958119600186408,0.9958358318166938,0.9966779009359648,0.9954344475105945,0.9969547449948972,0.9968251493487784
61256.23984586391,0.9976598677342028,0.9979979413416306,0.9976951124342226,0.9975543662641306,0.9979532441796407,0.9974548727583372,0.9976578087573451,0.9973478916883909
61256.239929628166,0.9969033653668434,0.9978746994759193,0.9972577356063566,0.9972444605718139,0.9969747553702315,0.9980121651526688,0.9978493417150734,0.9966699090217526
61256.24001339241,0.9967625094813032,0.997229292285348,0.9961887413022246,0.9971174745877466,0.9979187235699885,0.9988281375379225,0.998737369528405,0.9975868411144463
61256.24009715666,0.9966434776132453,0.9963926362833099,0.9965045150080433,0.9963697021654464,0.9967629738291567,0.997562376809266,0.9961369929999861,0.9980987531642762
61256.24018092092,0.9970603269809479,0.9970720189058365,0.9967612545303058,0.9972373932921157,0.9967968057837339,0.9965864919128247,0.9973164823008098,0.998044441834977
61256.24026468517,0.9965597564387825,0.9971541667436251,0.99723539278722,0.9974676100398183,0.9963633529997148,0.9958445490048429,0.9941894126126534,0.9951098669589522
61256.24034844942,0.9968383472799386,0.9969693952735613,0.9973510347349342,0.9973784268391855,0.9971602505956664,0.9976261205206483,0.9990940651350795,0.9982015547405494
61256.24043221367,0.9976822287645742,0.9981787551315195,0.9970286875411696,0.9975226207595257,0.9973422675723206,0.9962587494994607,0.9967045027313266,0.9962713301804098
61256.24051597792,0.9970703377795831,0.9970980742853354,0.9970286916626182,0.9974855508773353,0.998229416659773,0.9962206986266071,0.9967957533858188,0.9951953244111067
61256.240599742174,0.9966936596377476,0.9969917997472816,0.9971431134387269,0.9972749214544551,0.9965429316373002,0.9970105473646504,0.9974352972068259,0.9956152045736063
61256.240683506425,0.998417189661753,0.9974010194757141,0.9973814534771652,0.9974195996795062,0.9976412035155483,0.9966122803541654,0.9962936035597835,0.9963596191784535
61256.24076727068,0.997927873365911,0.9975204519094747,0.9978132518684777,0.9978340076212145,0.9998891235425325,0.9988565909374515,0.998909260367711,0.9991655346920391
61256.24085103493,0.9974450757544062,0.99765375722661,0.9981012346454988,0.9977602445933539,0.9981735585558266,0.9973758309281443,0.9987517105137096,0.9989430284408197
61256.240934799185,0.9978260461397813,0.9981267353100157,0.9974364408436289,0.9969893891278869,0.9969451731067986,0.9958912696938099,0.9973161398070719,0.998234830145093
61256.241018563436,0.9984384866479987,0.9980127049432357,0.9971927997309976,0.9961400202844614,0.9977350483132652,0.9980149595680314,0.9979185589475588,0.9969493407536718
61256.24110232768,0.9988084233150198,0.9985045531152297,0.9993969788058923,0.9987738948492436,0.9991445688008972,0.9983554610230271,0.9999284820822865,0.9996368253438491
61256.24118609194,0.9966718000855831,0.9965599626128641,0.9961020951944143,0.9953659248849195,0.9955589014860968,0.9958110653715679,0.9959686733927915,0.9966700042696421
61256.24126985619,0.997867688661184,0.9983502091742533,0.9979644572403453,0.9981287290967905,0.9982032024873415,0.997527473915292,0.9973984787881713,0.9982061268912231
61256.24135362043,0.9979082236184574,0.9978389849481792,0.9975772714151336,0.9969829305750928,0.9982209904344148,0.9969927411620915,0.9993572869542552,0.9962674950669762
61256.2414373847,0.9980950396888809,0.9975147508882755,0.9975071446307926,0.9976758880815351,0.9979255313883388,0.9983466746239334,0.9999754447416186,0.9992800835080151
61256.24152114894,0.9979518775093251,0.9980078545339276,0.9973039578766634,0.9971117970196732,0.9966862420086837,0.9965368151658349,0.9962212556884288,0.9952250936602052
61256.2416049132,0.9978598152670088,0.9975119874609396,0.9979908850835179,0.9968388833837132,0.9971245380180175,0.9974444575352729,0.997764894107357,0.9977738497623461
61256.24168867745,0.9978298965288493,0.9975789829225787,0.9985867644753167,0.9987776478389747,0.9982555127336036,0.9979771461525365,0.997998475178543,0.9983118065664214
61256.241772441696,0.9963157039775177,0.9964613393365901,0.9971459634762203,0.9966173885821624,0.9978781914205357,0.9964996971952348,0.9985780244876648,0.9962741093147619
61256.241856205954,0.9974162820149953,0.9979789188712956,0.9981814461693242,0.9977542730716533,0.9970472785552972,0.9972358505304271,0.9972129076825186,0.9977353116599301
61256.241939970205,0.9972945862435956,0.9970257471383142,0.9965244239446179,0.9978711897808025,0.9978909018035826,0.9968678245251691,0.9986205624150212,0.9973633151690556
61256.242023734456,0.9980422814664874,0.9974563675648115,0.9982697597930134,0.9988912567023339,0.9990138052654279,0.9992587433320477,0.9979464711617826,0.9989740594094807
61256.242107498714,0.9975909095564485,0.997134903858687,0.996920369519242,0.9975031182004204,0.997879182164736,0.9985757477828957,0.9994778358629991,0.9982641733614688
61256.24219126296,0.9971951475602954,0.9974600802499933,0.9976657678306434,0.997187278164349,0.9976495685796855,0.9970766184442411,0.9968754751268458,0.996912291970438
61256.24227502721,0.997407298794183,0.9970199331714069,0.9973801081026307,0.9972977380556747,0.9967204407616338,0.9965010778333515,0.9967336365749117,0.997633249703677
61256.24235879147,0.99799846015004,0.9970520880660131,0.9969697178527166,0.9965463469799553,0.9971430384426304,0.997026113457428,0.9958227690095052,0.9975980406787847
61256.24244255571,0.9980427644453657,0.9981830756679358,0.9987246639170397,0.9980655008117331,0.9972445157214606,0.9976809698327527,0.9999876165999154,0.9983815193912574
61256.24252631997,0.9983844851110059,0.9983405085790706,0.9977398240264836,0.998196661631293,0.9987684762877217,0.9995192180809982,0.9998428794981817,0.998329954376105
61256.24261008422,0.997977389281489,0.9978618808642044,0.9974245495729138,0.9982104164799332,0.9974962368915394,0.9990851114597095,0.9966082414823169,0.9996813116517654
61256.24269384847,0.9969692203154698,0.9968885462555578,0.996822477091748,0.9969080363462591,0.9973429988037154,0.9976130579818101,0.9976089107691258,0.9971462784900931
61256.24277761272,0.9978227157282489,0.9980427045968907,0.9985078176792993,0.9977488944142665,0.9977763078081787,0.9983512506847194,0.9983805252343293,1.0003228875135042
61256.24286137697,0.997810509099216,0.9981952027525159,0.9978824135654728,0.9974589986360928,0.9969175949715552,0.9965326551322488,0.997337759297026,0.9977418865360684
61256.242945141224,0.9978996713388432,0.9979495518700099,0.9974968041387057,0.9970913764131524,0.9980705071358447,0.9970286112895034,0.9962212262927586,0.9987825792763353
61256.243028905476,0.9974754143874021,0.9976564128472115,0.9975594037095862,0.9965382699472414,0.9969176186250661,0.9974727941134106,0.9967196309053327,0.999190341601689
61256.24311266973,0.9976927570120602,0.9976145146815965,0.9970581262697263,0.9968618905838698,0.9975838195911938,0.9986782437723017,0.9985036332754255,0.9965826358752077
61256.243196433985,0.9985737476178419,0.9983290687763863,0.9975849583625802,0.9971260371644364,0.9968619767817909,0.997169220853857,0.9972616091299202,0.9977696104123338
61256.24328019823,0.9982763349740108,0.9976957875532266,0.9983056099363296,0.9989447411434279,0.9992352460555946,0.9991816972403583,0.9990163675935702,0.9980265675480027
61256.24336396248,0.9974166959208404,0.9974368955459805,0.9980432381758989,0.9976490391602828,0.9972595774324466,0.9982571751335179,0.9978585022262318,0.9974702079949521
61256.24344772674,0.9975095566953336,0.9971884667129514,0.9971401326287794,0.9976765315078553,0.9990667680106842,0.9976256212880087,0.996708752798332,0.9982509871352981
61256.24353149098,0.9980661144578383,0.9977895954992749,0.9979338072514233,0.9972673510332198,0.9971264000561879,0.997286441583612,0.997494017792402,0.9976174277189456
61256.24361525523,0.9973031655402151,0.9971973833911862,0.9963277043005013,0.9970610746521203,0.9955455499239504,0.9966302887292546,0.9963356188594699,0.9958390762335587
61256.24369901949,0.9976247271279615,0.9974394977659408,0.9971451476521523,0.9965559416164285,0.9971757868974538,0.9966612721463443,0.9979181210887978,0.9982791567616071
61256.24378278374,0.9976229052768,0.9973996516149322,0.9971139658849535,0.9965693472402285,0.9968590260063035,0.996956125761885,0.9978739479418374,0.9984243564366112
61256.24386654799,0.9979232184556747,0.9977192029524793,0.998227417142649,0.9979136021338457,0.9989214962563844,0.997276745884954,0.997507077673385,1.0000895341529343
61256.243950312244,0.9991483049610566,0.9981549270503226,0.9977379328384683,0.9966274020901617,0.9972492514922542,0.9976170434985423,0.9983848511831809,0.9982056147448333
61256.244034076495,0.9975096157867147,0.9973480186687866,0.9965853355037666,0.9975883429412068,0.999201731902832,0.9986152169628045,0.9979025636012838,0.9978047636869736
61256.244117840746,0.9977686472476418,0.9972950469082331,0.9970846215041553,0.9969501369002611,0.9970246573511745,0.9981150631030253,0.9956167932070572,0.9968508403881431
61256.244201605,0.9972213688282985,0.9970046031655088,0.9964149816583107,0.9969414387479946,0.9965065609851866,0.9972018228432438,0.9971374708731289,0.9969959330352608
61256.244285369256,0.9983226238879734,0.9977851665975404,0.9970130331649816,0.9974067445371612,0.9975029119123212,0.9976893905093682,0.9970987338742828,0.9993770890738284
61256.2443691335,0.9987958498935402,0.9980184344522246,0.9989369944950468,0.9970565302678438,0.9964579107818323,0.9962555295204583,0.9961326270593507,0.9972982813337958
61256.24445289776,0.9974502813856673,0.9975335958405787,0.9984181782858046,0.9981894793478148,0.9977668756327919,0.9983694645700931,0.9981476151364047,0.9999170732972656
61256.24453666201,0.9964876183728112,0.9968759101891317,0.9967633679423812,0.9977004592339571,0.9976356898821528,0.9974632931965417,0.996958978996827,0.9985169227074379
61256.24462042625,0.9980950921258271,0.9980305984033564,0.9980768161756685,0.998280978486636,0.9972632123012605,0.996496895865953,0.9961859326890398,0.9980660857839585
61256.24470419051,0.9973840463357247,0.9978272427280547,0.9977872078769897,0.997175050337881,0.9978875794990202,0.9974988445684432,0.9970454053433158,0.9991952598448922
61256.24478795476,0.9970176205485081,0.9975294437731317,0.9969647292288937,0.9969822120493214,0.997272521816298,0.9984229766348832,0.9974204318848005,0.9974474285676586
61256.244871719005,0.997780904184202,0.9984465566671241,0.9980147956126395,0.9983178476079176,0.9975370810983827,0.9974916347813104,0.9977467115181378,0.9979216861408304
61256.244955483264,0.9971957155828505,0.9964369978048742,0.9966875347337947,0.9973426073752484,0.9969156709273955,0.9961828680455198,0.9967307438358842,0.9969938513145228
61256.245039247515,0.9966698820112943,0.9965723134662409,0.9964293639549171,0.9965945459563805,0.997160304322927,0.9974177323771027,0.996734342412805,0.9965939978397172
61256.245123011766,0.9966210115758927,0.9974590430710079,0.9974985374863737,0.9967500278447117,0.9972381742151827,0.9960960308907715,0.9962440407508849,0.9963780531727681
61256.24520677602,0.9973910784762517,0.9971207386123863,0.996877338475549,0.997502056646133,0.9972859154479031,0.9977665083627693,0.9961350293008588,0.9974198378620533
61256.24529054027,0.9968116293249215,0.9979257568569925,0.9978221245678636,0.9968004180892793,0.9970592343913457,0.9962342131927063,0.9970455311294392,0.9999733310348249
61256.24537430452,0.9972368481083697,0.9973929813385759,0.9967809091623547,0.996260885043632,0.9952346932870333,0.9956430063564179,0.9966961208636167,0.9965305546190139
61256.24545806877,0.9975189998706798,0.9980362196587439,0.9989244220713861,0.9985645502961803,0.9968262052393182,0.9974067497358521,0.9980827898221237,0.9968805423589706
61256.24554183303,0.9973190925306601,0.9963821597030741,0.9959255667504152,0.9974219470950222,0.9984360172371879,0.9990825900249449,0.9987606355176968,0.9985891647039106
61256.24562559728,0.9987501360558337,0.9985589618892786,0.9977968297889206,0.997930150285502,0.9990387211980172,0.999168167892777,0.9996838475555094,0.9985482905714116
61256.24570936152,0.9972956142206846,0.99710075336647,0.9968397177801357,0.9962762033488317,0.9956972204598151,0.9956987253918602,0.9953243568771087,0.9960704886034072
61256.245793125774,0.997571305325329,0.997361747102309,0.9970321207079631,0.9963027000710081,0.9975411192595578,0.9966289550581054,0.9965121360987209,0.9974186671697399
61256.24587689003,0.9980695844794127,0.9982604207994998,0.9991509925889327,0.9986256086284511,0.9982241432784669,0.9983788806126449,0.9982923180571266,0.9978340390581266
61256.245960654276,0.9972002505801716,0.997412949715252,0.9974382953841676,0.9977444362828247,0.9977494801650462,0.9982773978700004,0.9992925840079964,0.9988755170895246
61256.246044418534,0.997394553422108,0.9969516154294495,0.9974664317349252,0.9979300627934024,0.9983626053559261,0.9982655929492015,0.9972993367634884,0.9989027923179931
61256.246128182785,0.9980903073210233,0.9977825665001998,0.9983960473314111,0.9991836372065711,0.9980821282747137,0.9988726512562377,0.9987822519313599,0.9967155304930078
61256.24621194704,0.9974621571562017,0.9975475862500511,0.9983267339205466,0.9979321863976828,0.9977670374903881,0.9978847287498587,0.9969238084447506,0.997015941328521
61256.24629571129,0.9976905563904694,0.9980765835055107,0.9970976710133544,0.996436244740471,0.9971445428059251,0.9968016535513681,0.9965480535059049,0.9979623207047291
61256.24637947553,0.9986909091904528,0.997508578980667,0.9973017119098856,0.9983849307502785,0.9978969832901939,0.9970301221000275,0.9989133354279359,0.9992783732666449
61256.24646323979,0.9970699305281729,0.9976768053009482,0.9970004561743101,0.9967362068193274,0.997716717180209,0.9976904650277575,0.9968129320787218,0.9976725220085744
61256.24654700404,0.9975645935292937,0.9977188080335094,0.9966719086507952,0.9970729106230367,0.9973183569139455,0.9972864484975311,0.9978571654068611,0.9966949772331524
61256.246630768284,0.9976253394690524,0.9979725288924485,0.9983673509091878,0.997225607883206,0.9987057466698991,0.9981413638896108,0.996753774659815,0.9968353695355122
61256.24671453255,0.99813734299566,0.9976027953634207,0.9971479812038506,0.9970546587300376,0.9971058794527887,0.996713246698578,0.9972058605833188,0.9957436906378024
61256.246798296794,0.9977351039719317,0.9970999226401734,0.9982426487918657,0.9977185802605859,0.9978401357936765,0.9969796702788681,0.9978676982856427,0.9974745218046239
61256.246882061045,0.9975949695602131,0.9985672656890221,0.9976620871541451,0.9971254348817098,0.9972747658586697,0.9978685983382376,0.9974167068381362,0.9994610749082936
61256.246965825296,0.9981943746960869,0.9984072849640199,0.998136879273331,0.9986355750443853,0.998132077393725,0.997847826064394,0.9993052607198372,0.9987010414134211
61256.24704958955,0.9977532560722875,0.997751181222788,0.9976963420740212,0.9972558375190225,0.9976581938324427,0.99853620564922,0.997163272751685,0.999169446217966
61256.2471333538,0.9977507078230224,0.9974792037123364,0.9976717948367658,0.9981562102909792,0.9973999713259334,0.9990484655428947,0.9980755413967645,0.9978955144523937
61256.24721711805,0.9981614319165737,0.9978149994579785,0.9980725324309692,0.9977866605154608,0.9976694407389781,0.9976784054840075,0.9977324392366669,0.9989774594189641
61256.24730088231,0.997183175832811,0.9971044266156132,0.9970156477229446,0.9974223870340508,0.9976512854866709,0.9976479999751885,0.9965936670407018,0.9975324627588545
61256.24738464656,0.997371055548094,0.9971422840954539,0.9966350735926226,0.9972798676084024,0.9969465110507484,0.9979745655918432,0.9970468282988364,0.9966647165628992
61256.2474684108,0.9986782342222981,0.9982176703462413,0.9984426056668753,0.9981248328480407,0.9986267155592108,0.998750183100313,1.000451155555038,1.0002121530857264
61256.24755217505,0.9973377181605969,0.9978814507469725,0.9979620572204974,0.9980422256825117,0.9989653140474578,0.9980506277613241,0.9983253454597639,0.9976565862555306
61256.24763593931,0.9983727868807922,0.9982600951449606,0.9991121053834632,0.9989931240267599,0.9988088783428644,0.9975165959364716,0.99731387189694,0.9978857034158197
61256.247719703555,0.9980753987252814,0.9984569367240248,0.999020639631228,0.9992758057962747,0.9993219711465243,0.9997036657068852,0.9983973863856328,0.9989699316229687
61256.24780346781,0.9978479184684604,0.9983250080933006,0.9980343985594936,0.9977836339827962,0.9985162779925368,0.9984489302950488,0.9991915251121725,0.99625686176142
61256.247887232064,0.9974257297153573,0.9980559127651678,0.9968140172055784,0.9964273579720914,0.9979538497095203,0.9972279011923638,0.9977313150231893,0.9980349428738294
61256.247970996315,0.9964716599734339,0.9970330420234285,0.9977842140343529,0.9963827806233209,0.9963486695759498,0.9951451433879638,0.994893104622098,0.9960294915053788
61256.24805476057,0.9970795255577215,0.9976493817255166,0.99754970360152,0.9978188449676825,0.9968680690814358,0.9982143982393575,0.9978487285077221,0.9980460742779718
61256.24813852481,0.998132421641854,0.9974270189968015,0.9972350348895234,0.9980207147707585,0.9967397119527955,0.9970722307281473,0.9955997221843415,0.9964901119367762
61256.24822228907,0.9980724167399554,0.9985410642956355,0.9982794113348189,0.9985046648041821,0.999245182557625,1.0012097468719676,1.0015640595612842,1.0004056184948222
61256.24830605332,0.9976594347966743,0.9975363536820734,0.9978004469728304,0.9979783120839812,0.9976457286011411,0.9982353862751586,0.9984417690621954,0.9953220541848539
61256.24838981756,0.9974429660323949,0.9979337347787629,0.9975373727838671,0.9971815666404181,0.9978592748630842,0.9975309323052972,0.9970447063416248,0.9990789655735447
61256.24847358182,0.9971878230239031,0.9978763884108508,0.9975694774214106,0.997136388991745,0.9961469706818122,0.9952542970046204,0.9956660518049512,0.995959803752408
61256.24855734607,0.9975295427579224,0.9977709054982056,0.9974641301842849,0.9977719234254848,0.9981390855911034,0.9982991957879778,0.9990012718915254,1.0003234515044792
61256.248641110324,0.9985339341343903,0.9979227206171745,0.99744286584803,0.9971827987175516,0.996908959581579,0.9991375347014502,1.001947323042989,1.0040732985487109
61256.248724874575,0.9984052804859559,0.9975967443334147,0.997120466634899,0.9971396569332059,0.9982948378781848,0.9983952363226635,0.9985047308277138,0.9979306453009429
61256.24880863882,0.9974662246129331,0.9967818172534678,0.9970879658927153,0.9975007036167484,0.9974096180724553,0.9976409873539551,0.9975825660961025,0.9970310627499066
61256.24889240308,0.9975890597566609,0.9971526126508992,0.9971611222760459,0.9970214305689429,0.9966505804550367,0.9977897696474812,0.9975805945353426,0.997126071196778
61256.24897616733,0.998427403819916,0.9976623110486035,0.9980947411359361,0.9976625724283645,0.9963167910634674,0.9968166028748817,0.9984035211936281,1.0000754959873077
61256.24905993158,0.9971912672262706,0.9968726927446266,0.9973603192450217,0.9979460661642221,0.9975520118702905,0.9974928563992883,0.9972903249397312,0.99614329547278
61256.24914369584,0.9966247031901463,0.9972181387011643,0.9964902324059399,0.9971472489176499,0.9972234262511237,0.997511609808761,0.9975961445030341,0.9974619511620353
61256.24922746008,0.9979399675349958,0.9980808690745613,0.9977569740429991,0.9976617418730489,0.9970486646510371,0.9972116761315747,0.9982700918542132,0.9996347160944552
61256.24931122433,0.9976727390081844,0.9974930559280987,0.9976150399257487,0.9974663799455088,0.9985272952910627,0.9981035428449636,0.9989885886852924,0.997206606437067
61256.24939498858,0.9971318122468644,0.9977273714631499,0.9976054024191471,0.9971095460189641,0.9975665631723016,0.9964893391908113,0.9974237491519943,0.996890142363514
61256.249478752834,0.998369549232081,0.9978835563856541,0.9980994304534687,0.9982467591614984,0.9985464597035179,0.9980157549071366,0.9977370574331692,0.9997019110236942
61256.249562517085,0.9972154956241376,0.997439910001018,0.9967604157597937,0.996919619259289,0.9963129373996774,0.9956814899452417,0.9951308376607855,0.9961644052902436
61256.249646281336,0.9981699023466397,0.9978889602401037,0.9978971773745632,0.9973736688056453,0.9972896478029727,0.9968101049830029,0.9981267383998367,0.996834682704997
61256.24973004559,0.9969832919164019,0.997043058330353,0.9975935402213542,0.9980007152664405,0.9975884850772693,0.9995378417948856,0.9986873582646317,0.9976668587908069
61256.249813809845,0.998245384133013,0.9975268316103741,0.9973345796837872,0.9975660968975332,0.9971322308155834,0.9979171547919257,0.9978031799168475,0.9999801056669535
61256.24989757409,0.9976348650263016,0.9975444235467893,0.9979776837490588,0.9981877882469739,0.9979804926863142,0.9970481965149646,0.9987705237425961,0.9983433819977205
61256.24998133834,0.9976777121334931,0.9974354589793524,0.9975485688664326,0.9975107637211067,0.9969340199695385,0.9970103892981557,0.9964211411181969,0.9981922514407411
61256.25006510259,0.9978378785234007,0.9978045532647185,0.9979740958608522,0.997541992204408,0.9971546665085991,0.9966864297521717,0.998593748094896,0.9965273009460696
61256.25014886684,0.9970312649347255,0.9976123277130676,0.9981480502930323,0.9980136348505587,0.9972508178615379,0.9983836390578479,0.9983619382837406,0.99909924203497
61256.2502326311,0.9979009749426219,0.9974538401951227,0.9968897911544156,0.9966590417615466,0.9969053786089792,0.9959192622448707,0.9978938730790373,0.9981312867439873
61256.250316395344,0.9986416315036408,0.9986966582361454,0.9990644159887982,0.9992423307736179,0.9983543643037678,0.9987776990677792,0.9988673223171112,1.0001298407667585
61256.250400159595,0.9976171751429875,0.9966017994459432,0.9977217899035197,0.9971776679131386,0.9987511563422573,0.9987315539029727,0.9998721360515991,0.9997311652916442
61256.25048392385,0.9976289501653788,0.997676792006646,0.9974951425265238,0.9977453900210683,0.9976498431293658,0.9987801961846215,0.9971813975749944,0.9971291954787401
61256.2505676881,0.9991832290319893,0.9993005978177378,0.9999585772124364,0.9988619255335478,0.9981308533245348,0.9986080465134871,0.9986758922442284,0.9982966915074942
61256.25065145235,0.9966949048155886,0.9976062222769689,0.9975746810289106,0.9966702234006117,0.9969451445536318,0.9969027033396317,0.997988587979074,0.99789127359051
61256.2507352166,0.9972497181845529,0.9979478556734849,0.9971795750045322,0.9976043230138469,0.9977140162871692,0.9971950793880323,0.9973171833533616,0.9990005459451076
61256.25081898085,0.99654777433038,0.9972413720019951,0.9971645459746463,0.9972942103642969,0.9974910008489898,0.9971801376936709,0.9978133785053339,0.9984273970616969
61256.25090274511,0.9977267404120885,0.9974337102759205,0.9976163812902252,0.9967039328921821,0.9978527938010919,0.9980163216100899,0.9980699182785157,0.9986761619339505
61256.25098650935,0.9961174670337233,0.9964120875228119,0.996768248740194,0.9968891462318522,0.9964615451437853,0.9966232250880666,0.9971846714323032,0.9971910419114125
61256.2510702736,0.9977048541090963,0.9981693514796528,0.9979087959613188,0.997493713915031,0.995940361656715,0.9970177318802169,0.9978382096431553,0.9976314755227516
61256.25115403786,0.9984028590702182,0.9983076184760519,0.9979277775719289,0.9981514948881506,0.9983311112129962,0.9978069135442748,0.9974214747474701,0.9991709747828061
61256.251237802106,0.9971317122972537,0.9971244486163643,0.9974933714174742,0.9968756109809467,0.9965102999294486,0.9970929875052759,0.996758345686521,0.9978807725736892
61256.25132156636,0.996525675884006,0.9970175054531244,0.9966093083001811,0.9967638151620917,0.9964927824771682,0.9957538193136534,0.9974358338487108,0.9974507046666933
61256.25140533061,0.9982809467635096,0.9981920145778187,0.9982480843143998,0.9975968477681537,0.9979124450834219,0.9998193904075984,1.000742922620776,0.9977416214546405
61256.25148909486,0.9983987350507908,0.9975809885747038,0.9978240585298332,0.9973762172299231,0.9970242324327463,0.996574002275626,0.9979169408184609,0.9968333285093091
61256.25157285912,0.9974250759836819,0.9978128256720348,0.997662914674216,0.9978099438238303,0.9980547104764836,0.9973210862784702,0.9949005601843885,0.9960844458839213
61256.25165662336,0.9981924262775752,0.9985771026904456,0.9982349713126122,0.9980154954828339,0.9985131690764335,0.9989810574544008,0.9979085339986122,1.0002966016157924
61256.25174038761,0.9980268439762668,0.9979574412003396,0.9972897065752923,0.9987185854667028,0.9987617845405286,0.9968901569606143,0.9973487378962014,0.9986353315827236
61256.25182415186,0.9977223342446253,0.9980913388400707,0.9979599133988138,0.9977860934278564,0.9973702141954733,0.9985910945375508,0.9981946482086211,0.9993849804748623
61256.251907916114,0.9981156718970894,0.9975547231675775,0.9974162832834442,0.997634831732112,0.9968128160005079,0.9983248545337329,0.9980875997741021,0.9991140580583606
61256.25199168037,0.9976161918837003,0.9980044337648045,0.9982758975212989,0.9986231266287704,0.9984143820465633,0.9991392581745888,0.9991624445909658,0.9999141965212279
61256.252075444616,0.9977511358362692,0.9974629177455829,0.9974926279972354,0.9977085610519685,0.9975973282802343,0.9982061659074342,0.9989569302321769,0.997900054286819
61256.25215920887,0.9961310482028101,0.9962067708821143,0.9959129708233576,0.9948357859626893,0.9955396287743523,0.9942226599336074,0.9952584189708941,0.9952140399914436
61256.252242973125,0.9952986193997437,0.9961797512747153,0.9961493392498352,0.9967199707145651,0.9962436265303485,0.9973208602648396,0.9960911576304226,0.9977959902980423
61256.25232673737,0.9989830215769597,0.9986525895243745,0.9978471332959864,0.9976678896182138,0.9982831391895908,0.9981510095219582,0.9985708034071149,0.9988754229755384
61256.25241050162,0.9973280092071244,0.9977764533556402,0.9969058770574248,0.9971306001376863,0.9978290002275959,0.9976827121403604,0.9994014607848357,1.0001992950616088
61256.25249426587,0.9964657884994261,0.9963899970850812,0.9963305854159458,0.9968962333397882,0.9974519512678109,0.9958374033502698,0.9962128704026176,0.9961378048603149
61256.252578030115,0.9974775792081334,0.9978379847474621,0.9969981707752931,0.9981670189113186,0.9972467009679623,0.996013235517752,0.9962020110951735,0.9989825695438284
61256.25266179438,0.9970268453253038,0.9974253812281751,0.998019758393865,0.9975124312759152,0.9974056302594675,0.9980568879574333,0.9973998056950488,0.9970191777409352
61256.252745558624,0.9970087235691707,0.9972649411235963,0.9972901504664596,0.9978468424396159,0.996886159793449,0.9980477220080232,0.9978393112971652,0.997553664800465
61256.252829322875,0.999014417732735,0.9983494823446023,0.9972362272135024,0.997804169345244,0.997425611055957,0.9984820570270526,0.998938980073838,0.9978164636806994
61256.252913087126,0.997090113562032,0.9973008531666796,0.9965827398821897,0.9967463065801614,0.9966645530907986,0.9956278028867754,0.9967176760932686,0.9959814163300608
61256.25299685138,0.9962250585974606,0.9959755865461807,0.9956732066572969,0.9959341275797656,0.9960905002898401,0.9963022030040468,0.9975412891062707,0.9975739530418873
61256.25308061563,0.9982868133132358,0.9980788649864718,0.9983056722036227,0.9995120292608004,0.9982914604947326,1.0001006901192242,0.9994545445797585,0.9998924830261684
61256.25316437988,0.9963388260090538,0.9982144780380215,0.9981252995618619,0.9978702593407384,0.9988227661638942,1.0001097762009483,0.9974060252719533,0.9970946446218036
61256.25324814413,0.9976816201499669,0.9973960203713145,0.9976875649476898,0.9983424271873407,0.9971637183693212,0.997502080044161,0.9967282944245797,0.9989828254910341
61256.25333190838,0.9985695812762091,0.9983525315435717,0.998361874729119,0.997199516152789,0.9966104583560912,0.9969176736433135,0.9982536309625577,0.9976914821970825
61256.25341567263,0.9977517328721601,0.997123730835776,0.9969222130321206,0.9967756543550966,0.9974487879486326,0.9971487012956761,0.9977018684233465,0.9973391538284343
61256.25349943688,0.9977309904665113,0.9975146463213291,0.9970853515575334,0.9967883860666608,0.9967307141572412,0.9979958313764624,0.9966255032350787,0.9951903987975309
61256.253583201134,0.9967243363160315,0.9967855159740466,0.9970579938264146,0.9969017778108147,0.9965539344058123,0.997498035639911,0.9965438451397337,0.996923736520915
61256.25366696538,0.9975590807293221,0.9969010827822946,0.9979630667526556,0.9974083114636623,0.9971240414632417,0.9960263633812049,0.9972740352949447,0.9971015177775429
61256.25375072964,0.9986560096078402,0.9980675047261653,0.9972840683220368,0.9973983029127227,0.9977316829255221,0.9972660269262723,0.9965883286502811,0.9979145125636726
61256.25383449389,0.9974084846144656,0.9978649269351028,0.9975797873924985,0.9974203234101902,0.9976688453463176,0.9978503031547121,0.9977198336213308,0.9968436820556873
61256.25391825814,0.9971519479011477,0.9974991221515924,0.9968277952086885,0.9966475855013864,0.9969001371599129,0.9963906518171735,0.9953761882797596,0.9958560448466529
61256.25400202239,0.9977428229832194,0.9980825681757236,0.9980592120200589,0.9979144205443656,0.9977569295004034,0.9972541442834865,0.9979764318440427,0.997669751567482
61256.25408578663,0.9969243856616901,0.9979280003542338,0.9981705285630247,0.997612599320352,0.9985201475379697,0.9975444473482187,0.9991285876151723,0.99686802305701
61256.254169550884,0.9981842912310234,0.9980679946044346,0.998372184254645,0.9978960543911456,0.9976260324915511,0.9977537476522605,0.9981770860047658,0.9969912255091146
61256.25425331514,0.9982732831171196,0.998144788190043,0.9977410147909954,0.9982145067975617,0.9965063891593253,0.9977016753515157,0.9974125162460914,0.9961985308073987
61256.25433707939,0.9978204246063448,0.9968775527615816,0.9962731907892515,0.9969282004249519,0.9960192102974617,0.996579734629775,0.9978956063981451,0.9975159356121689
61256.254420843645,0.9977254324163828,0.9975877455433148,0.9970559406766031,0.9966731453393213,0.9973443451953476,0.9965791900990448,0.9972154610040991,0.9978791522886593
61256.25450460789,0.9970845155852948,0.9968018162405533,0.9967951497702373,0.9971826628941218,0.9972496118703884,0.9966988733760469,0.9969722921591073,0.9967167832673319
61256.25458837214,0.9980666324390437,0.9985888628969788,0.9983195650503446,0.9977658314472388,0.998348583723606,0.9985792347822213,0.9979847378299065,0.9996293350926565
61256.2546721364,0.9990924399161404,0.9985372562042868,0.9974792032134208,0.9975909223471062,0.9975733905892752,0.9980554191072456,0.9959350348336632,0.9961558154046869
61256.25475590064,0.9969700380124189,0.9966806841470462,0.9968424596574472,0.9969306013767102,0.9965852927100082,0.9962702461548333,0.9957151477012287,0.9953556876509078
61256.25483966489,0.996889189291285,0.9971100118981837,0.996587164870051,0.9974910737851529,0.9975135495719969,0.997689985583231,0.9976353087645276,0.9970281389798706
61256.254923429144,0.9978776371743096,0.9982338681684213,0.9980050121844745,0.9977779293987487,0.9977088169075615,0.9981969787394448,0.9978761591114899,0.9945830003605272
61256.255007193395,0.9975612687074866,0.9969642186511297,0.9968890661136103,0.9971143878268094,0.9975547389511459,0.9970034543989089,0.9961877364210318,0.9979634052833753
61256.25509095765,0.9979573269590775,0.9983205744994593,0.9977808307705062,0.9977359991197396,0.9982147377977566,0.9980026899841883,0.9981536186893146,0.998031396338823
61256.2551747219,0.9980837903668394,0.9980206491265257,0.9981881236960032,0.9989616053076261,0.9990687005025264,0.9984801554608951,0.9991847165964349,0.998264529911108
61256.25525848615,0.9977056210992521,0.9977499782560368,0.9971423713551743,0.9968486891909201,0.9974883609482176,0.9972685636193411,0.996557911993324,0.9979160141668085
61256.2553422504,0.9973863631437473,0.9976663654755471,0.9975421516593669,0.9967167260712837,0.9967010185259095,0.9968814711709638,0.9963284582793109,0.9971409630657104
61256.25542601464,0.9975211863848688,0.9975692684745101,0.9982774176675377,0.9989381123156406,0.9976409919855793,0.9986468912949801,0.999609574951381,1.0000337282129037
61256.25550977891,0.9972815810823857,0.9981874296076821,0.9976168503556471,0.9976604560118202,0.9970321222302674,0.9978999567758345,0.9958717862894558,0.9962961321764783
61256.25559354315,0.9975460630577748,0.9973730921691274,0.9968410967946033,0.9965348064497839,0.9979338856394423,0.9974779657248811,0.9973104937875452,0.9974970188269647
61256.2556773074,0.997808799574914,0.9977920133864772,0.9971895648393053,0.9978447185874824,0.998091547778577,0.9976318919742019,0.997464152816975,0.9966419165993544
61256.255761071654,0.9981234079437302,0.9978533606689746,0.9972690117786959,0.997712204242832,0.9978923652800941,0.9986251436817243,0.9975667440475571,0.9979343223608351
61256.2558448359,0.9976342773066195,0.9969170382906853,0.9975378429631941,0.9978008966945765,0.9970589713305136,0.9968406254059254,0.9967858795169443,0.999026046236715
61256.255928600156,0.9974431284006042,0.9973767146988329,0.9970066598457753,0.9971867584166628,0.9969460847806909,0.9958471298039473,0.9982159665638614,0.999534785876681
61256.25601236441,0.9974623007589047,0.9970547697166345,0.9970998130527898,0.9976088892091854,0.9968076260823047,0.9959069995749464,0.9963403566895134,0.9952523751251428
61256.25609612865,0.9977725722994686,0.9980671167336388,0.997724044335976,0.9985722178757813,0.9989036338007518,0.9979015333877953,0.9976363670086523,0.9975463979282515
61256.25617989291,0.9974563615427506,0.9984202240064701,0.9975829224782974,0.9984899029289086,0.9975032925648935,0.9980048273388276,1.0000205496629604,0.9979296838768098
61256.25626365715,0.9964133812319242,0.9969297464144624,0.9964533203769275,0.9971946832676507,0.9968700684789231,0.9957317827462623,0.996942739939938,0.9955252992591946
61256.25634742141,0.9969964917863742,0.9972906349874557,0.9958358635301605,0.9960497653675692,0.9973076313983721,0.9978158823277855,0.9993915018052419,0.9984231497743605
61256.25643118566,0.9970732035784772,0.9973623165229561,0.9972088007544412,0.9971480613796986,0.9984747496923669,0.9974044330961388,0.9976317368487959,0.9977470267723687
61256.256514949906,0.9967802237198486,0.9973305845882423,0.9977766174246069,0.9970275550159282,0.9978879018625831,0.9970907652763197,0.9973983789796168,0.9992278631596654
61256.25659871416,0.9963252946151393,0.9967963374241153,0.9962675497512333,0.9961663291340834,0.9961027659868819,0.9959986371352344,0.9963571385408696,0.9981400736137707
61256.25668247841,0.9978040375282771,0.9980121731711578,0.9971421719661681,0.997101233278072,0.9978916386104477,0.998860773620083,1.0002647846137096,0.9996753318859525
61256.25676624266,0.9972618291228135,0.9960766658050935,0.9973782603569127,0.9971597260842099,0.996438871732985,0.9947953706058948,0.9936994852328123,0.9949798105644724
61256.25685000692,0.9980703948564836,0.9978484825538942,0.9977976219982011,0.9974242806307717,0.9978929256993492,0.9984955067453593,0.9973071604552758,1.0001764180556243
61256.25693377116,0.9977801055189365,0.9983649416068647,0.9981040421318186,0.9969044090179858,0.9981134965471747,0.9995842184567758,0.9983385236070478,0.9994499226529269
61256.25701753541,0.9965995858928777,0.9967865460031556,0.997910738834529,0.9975749055922261,0.9981818193755618,0.9961481413372768,0.9970408329493693,0.9976997816143732
61256.25710129966,0.9975119521587755,0.9975580985796704,0.9974037103028308,0.9972756945078807,0.9976079578301347,0.9974552866398378,0.9986347793232532,0.9973325998665151
61256.25718506391,0.9979050483883449,0.9972236291361519,0.99713340876365,0.9968832785605477,0.9962688769911636,0.9968609668710872,0.9985060727742366,0.9978237659558985
61256.257268828165,0.9977218813437924,0.9981707735230939,0.9976018363634797,0.9972073688785617,0.9962733948117495,0.9978171110980936,0.9981527986868418,0.9969668428053426
61256.257352592416,0.9978237423744509,0.9983373808431746,0.9989864124475879,0.9992924092191444,0.9991942002870475,0.9980307254492293,0.9993823840203484,0.9982565257496758
61256.25743635667,0.9972619622115095,0.9966835939234204,0.9966841100326796,0.9963447369267958,0.9967797651186521,0.9967100982428764,0.9970974500354802,1.0004694638102865
61256.25752012092,0.9973114054606594,0.9981151748531623,0.9975725193847461,0.9973573885830537,0.9990647701337796,0.9977343805728667,0.9994467697668178,0.9986407174981038
61256.25760388516,0.9987360470202824,0.9985957656560439,0.9986677312267748,0.9986630460766021,0.9988632760114652,0.9969661287723254,0.9963703925699995,0.9972754986307811
61256.25768764941,0.9983793317836025,0.9974889474302127,0.9977258285891053,0.997993963751431,0.9970058171607726,0.9979937707901659,1.0004607183767051,0.9989039291191925
61256.257771413664,0.9968723413270626,0.9968781689915778,0.9968080288519617,0.9968714192914517,0.996667091281474,0.997664166386871,0.997299126892076,0.9978774943328369
61256.257855177915,0.9977231428915431,0.9987115588025756,0.9977080465428572,0.9977911887892942,0.9977187229979351,0.9976407549032275,0.9967256635121026,0.9975058333513933
61256.25793894217,0.99693287405873,0.997387114753045,0.9971606517625474,0.9969422187413035,0.9966599376150034,0.9962844862056138,0.996284869285842,0.9971096260061135
61256.25802270642,0.9962552329990052,0.9968176506479077,0.9977500906666646,0.9962082995652741,0.9956624538536493,0.9970867592562414,0.996119037372685,0.9968412037837163
61256.25810647067,0.9964766233832678,0.9974614366039425,0.9968739634545998,0.9963077280164369,0.9964078048738343,0.9956856037270934,0.994089375729082,0.9935442753207073
61256.25819023492,0.9972988949901331,0.9977467868415517,0.9971321282183899,0.9982743974944726,0.9997445617314676,0.9986100362917159,1.0003537102757802,1.0005163005110627
61256.25827399916,0.997841488820461,0.9978736951416799,0.9985223259585683,0.9979547194551003,0.9979211152778499,0.9977303643011152,0.9979263901591688,0.9971122457640368
61256.25835776342,0.9981753102727189,0.9977076488634847,0.9974317055218171,0.9979575868661554,0.998712286189854,0.9977850162089094,0.9979915962499212,0.9999775701328585
61256.25844152767,0.997540817899171,0.9978516425759522,0.9972396798736345,0.9966826343904276,0.9972679533096173,0.998946008176071,0.9989849508002081,0.9979619471465382
61256.25852529192,0.9971486825699879,0.9979501893262024,0.9978111862429297,0.9977497428149963,0.9980611589304215,0.9969261510617479,0.996441913602679,0.9958973780840583
61256.258609056174,0.9984663121671452,0.9985922756224905,0.9981167287307481,0.9982731572381912,0.9972166229945219,0.9983213012561485,0.9984358113118413,0.9981533763800177
61256.25869282042,0.9980876921281442,0.9988264957513749,0.9977888286088559,0.9983059132393707,0.998098328733297,0.9998251561392877,0.9989140320369561,0.9984912153524623
61256.25877658467,0.9984986658960893,0.9985158328277067,0.9978873255526274,0.9982186811373485,0.99767541020932,0.9975623181601594,0.9965845113148849,0.9966783611380408
61256.25886034893,0.9985005274076821,0.9970774628666257,0.9974640498717299,0.9964904387846293,0.9976208591308054,0.9969975937796405,0.9977142932211304,0.9962134269599662
61256.25894411317,0.997936301340683,0.9983423305687386,0.9984998139372528,0.9975370006933664,0.9984457841097543,0.9986423068898089,0.9990596216131237,0.9986158761303878
61256.25902787743,0.9974642479796181,0.997547768236756,0.9974730217086663,0.9976376758449876,0.9979251824990526,0.9989430332835793,0.9983788055876264,0.9967056734073552
61256.25911164167,0.9970857788631985,0.9976640135012705,0.9976021955978623,0.9972988050627273,0.9970218564375742,0.9968254951284606,0.9987026474312033,0.9990729690511586
61256.259195405924,0.9979760968571608,0.9977747338102991,0.9978281791988314,0.9978966123081898,0.9984168453907721,0.997502534693943,0.9970182632272876,0.9971026283099791
61256.259279170175,0.9970445466542459,0.9971506847536831,0.9973426669687133,0.9973388345572795,0.9970863186750718,0.9984710278956566,0.9969610801036214,0.9970943447673367
61256.25936293442,0.9980759502448382,0.9977299737948271,0.9977655161353622,0.9984639547053635,0.9989512535557983,0.9981262438638192,0.9970666878084937,0.9986497561574467
61256.25944669868,0.9983194747432453,0.9982732618662964,0.9985032713871766,0.9987029642851688,0.9992088191705183,1.0002841297433915,1.0012907406712273,1.0030211564703746
61256.25953046293,0.9975777297828693,0.9974157886631604,0.9976722162270509,0.9984036746314308,0.9987381981042066,0.9986167406475229,0.997033186657033,0.9972383619070355
61256.25961422717,0.9977267070068258,0.9967318400623573,0.9963447003753373,0.9970946562515562,0.99728464170634,0.9975311914580571,0.9978112951726655,0.9994281120831334
61256.25969799143,0.9966796555127844,0.9978460236666181,0.997060297827646,0.9961568371087415,0.997028359970402,0.9975840350183958,0.9976944603726622,0.996656644052287
61256.259781755674,0.9967607312832341,0.9969802285656133,0.9968569486661587,0.9964339216145465,0.9964390403487271,0.9958250400709024,0.9974879017839634,0.9994376402737921
61256.259865519925,0.9961578848729442,0.9965629202040386,0.9969444808854464,0.9967230287245572,0.9961564065741795,0.9956341272154442,0.9960265203117062,0.9962466043448562
61256.25994928418,0.9970705798679214,0.9973353946677774,0.9968999285816094,0.9965193091947367,0.9972357480407767,0.9979616561128686,0.995253145524396,0.9978732314228309
61256.26003304843,0.9980967283182576,0.9976573122793543,0.9978481205500433,0.9976142093732705,0.9981001782688972,0.9982368420127411,0.9988652417189239,0.9987573588698951
61256.26011681268,0.9969345597601555,0.9971223206343182,0.9972968539471265,0.9975672231414466,0.9973687078047351,0.9979438737514098,0.9985329325551076,0.9985774827896452
61256.26020057693,0.9975585733952124,0.9967651913324217,0.9968826308612825,0.9968935570233759,0.9970735570990692,0.9967060452558303,0.9982424318958564,0.9981489275728411
61256.26028434118,0.9972966225006465,0.9976471211356014,0.9975076999124662,0.9968404713777169,0.9963843355223916,0.997761996196132,0.9976809373389698,0.999096591598659
61256.26036810543,0.9977894197313362,0.9982738045866228,0.998489635406962,0.998515419392573,0.9971934846232784,0.9967124792535602,0.9963065861916798,0.9976159899293758
61256.260451869675,0.9976879891095208,0.9970893511006381,0.996517088100047,0.9966137215974133,0.9973521520366271,0.9977611224198072,0.9968346144617376,0.9969249741135321
61256.260535633926,0.998892768010024,0.9983566545646446,0.9980577025673085,0.9979206064588886,0.9981522977664891,0.9991646417940468,0.9991554791843842,1.0000634497120682
61256.260619398185,0.9974877809890478,0.9975865665956806,0.9973028988871203,0.9979774723581056,0.9984782931572564,0.996757409714308,0.9982074103729913,0.997281828583775
61256.26070316243,0.9973818820473481,0.9977207474375583,0.9982478597511393,0.9977281739056472,0.997295331234786,0.9989069450100998,0.9978980024870712,0.9990820345462166
61256.26078692668,0.9982820460761398,0.9982760772419551,0.9982027315583849,0.9976728821206674,0.9976819135731939,0.9973325443112602,0.9980349340129536,0.9971036578313137
61256.26087069093,0.9988246127563736,0.9982518000591293,0.9983275119832328,0.9980643346634908,0.9989018063980794,0.9990257363915408,0.9969992705480891,0.9986382848972438
61256.26095445518,0.9961104874632314,0.9970161114506059,0.9969114704203063,0.9971230976281659,0.9966246281607619,0.9966773439088586,0.9970984864037575,0.99787661574665
61256.26103821943,0.9962933879311254,0.9969731108633805,0.9980402090224717,0.9976082091006249,0.9981972480538746,0.9977218175050792,0.9973539245229295,0.9986837034627767
61256.261121983676,0.9973327108314931,0.9980910218994438,0.9974887264333632,0.9978930147222734,0.9962109312959248,0.9965527739215341,0.996254578073198,0.9960519353602469
61256.261205747935,0.9973681177482154,0.9972386816374614,0.997990363441777,0.9974037358499109,0.9971131670995033,0.9955866965385111,0.9965722970721337,0.9965143609659307
61256.261289512186,0.9975626351291301,0.996985941205362,0.9969064693207467,0.9981062681645885,0.9984177574025717,0.9987480145138325,0.9979074689182851,0.9971081219461868
61256.26137327643,0.9975370903509694,0.9977922431879821,0.9976437396896872,0.997513382039923,0.9983692702394891,0.9972952163005666,0.9976106075145509,0.9976816972402879
61256.26145704069,0.9982037007533804,0.9977743927388384,0.9972799566756697,0.9982912031653689,0.9973015100386995,0.9990026455706957,0.9981040825416051,0.9984653367150716
61256.26154080493,0.9978934475790567,0.9972896451764031,0.9973967051766732,0.9964289224200628,0.9974138010269079,0.9967142897467148,0.9969325731397926,0.9986867102597429
61256.26162456918,0.9979793733677712,0.997403871382774,0.9977508465626401,0.9974831100212481,0.9972313625108985,0.9967622411132778,0.9957995648878448,0.9969066002161002
61256.26170833343,0.9975386260614343,0.9978461091299877,0.9981761785122831,0.997939414781814,0.9985320944194748,1.0000715307847163,1.0012478322217027,1.0016266818862254
61256.26179209768,0.9962394071559693,0.9960368766296646,0.9956856471945982,0.9966452475042834,0.9956126640579295,0.996269438418356,0.9971315107301039,0.9965326438991081
61256.261875861936,0.9976275989158468,0.9980295636821409,0.9979300813503793,0.9986460517895926,0.9996435671532141,0.999730615686631,0.9985738667093912,0.9997888194312975
61256.26195962619,0.9971987312396164,0.9976267587336903,0.9971788928490718,0.9959086071504536,0.9963749367998272,0.9975193040470512,0.9966760555842683,0.9976470040154742
61256.26204339044,0.9977441186016762,0.997365268304856,0.9976618389760971,0.9975882499963415,0.9969646142653316,0.9965309149703401,0.9967341181853677,0.9977677275026667
61256.26212715469,0.9970542826247238,0.9971991215932368,0.9965842880988363,0.9962535084434222,0.9947473762210846,0.9958387978162246,0.9963234073511994,0.9967792702294623
61256.26221091893,0.9978666924922933,0.9986289465579532,0.9988538301202906,0.9992857987324771,1.0000090520804634,0.9997366439088343,0.9999755305359582,1.0014371458935332
61256.26229468318,0.9983139848345294,0.9977531811773549,0.9974777749643494,0.9975995302808903,0.9977511816972497,0.996703197674814,0.9980238713284892,0.9946783875311496
61256.262378447434,0.9973930149167807,0.998116415356766,0.9976969001404575,0.9968273141025967,0.9983073718736216,0.9980757748770676,0.9989341598675558,0.9991024237050455
61256.26246221168,0.9974913187527688,0.998149918449993,0.9981332288950502,0.9979742448166793,0.9982660905836873,0.9980815537213622,0.9995423491046423,1.0003772837595724
61256.26254597593,0.9985558996251568,0.9981740436979394,0.9986203072756863,0.9999190100402925,0.9996813737423942,0.9998350501959,0.9976049245795314,0.9980816160405311
61256.26262974019,0.9983976284182823,0.9981356628247825,0.997885815208753,0.9979338138003095,0.9987804456400622,0.9982353655334014,0.9979535295407163,0.9958383113526897
61256.26271350444,0.9977531558564993,0.9972790843616827,0.9974310596796618,0.9974805717589422,0.9977051830524695,0.9976216574666777,0.9978592439541876,0.998951241744443
61256.26279726869,0.9975893709180323,0.9981447742254402,0.9975526956619086,0.9973310705628716,0.9974918598093435,0.9985879143731858,0.9979626510855213,0.9984516675720222
61256.26288103293,0.9969792023669468,0.9965614139261127,0.9967966312639707,0.9974499138331868,0.9971671261644302,0.9957046534814425,0.9957442805193834,0.9952320385668347
61256.262964797184,0.9959608839238708,0.996533888911806,0.9962446962066256,0.9956171216433051,0.9950405261776338,0.9946440103741964,0.9936475095862917,0.9929511604764317
61256.263048561435,0.9980566656927667,0.9969011073599957,0.9972965069656996,0.9979386637873031,0.9974657346754854,0.9971874879048841,0.9978547235153791,0.9987403416879368
61256.26313232568,0.9979623486617604,0.9976126427545088,0.9977899177852261,0.9970419044638531,0.9974562266399097,0.9977565280013739,0.9975012019574592,0.9981408750945232
61256.26321608994,0.9973549711137216,0.9983477698374211,0.9976762517937023,0.9976820799445294,0.9972037397718917,0.9991593352419487,0.9985888738826153,0.9998157905216639
61256.26329985418,0.9971932125837422,0.997142722248834,0.997448567148312,0.9980770683578786,0.9983263911548921,0.997934984835585,0.9986228166527484,0.9993989315819021
61256.26338361844,0.9986742345077128,0.9982798563986466,0.9977533401505133,0.997228297087973,0.9960416927906383,0.996089472442498,0.9967740050334502,0.9985315985047691
61256.26346738269,0.9973690027880449,0.9978506851627784,0.9982374879583201,0.9974681642390681,0.9972761943617756,0.9977762515052169,0.9989530308623523,0.9964765451600099
61256.263551146934,0.9970617403829009,0.9976670719727363,0.997845561353162,0.9965044437169204,0.9965117454968733,0.9971882038531253,0.9984261944841756,0.9971848311442698
61256.263634911185,0.9971598964904362,0.9969239512159814,0.9974888601019706,0.9972884859520115,0.9971296890768814,0.9971749672742551,0.9962619389540859,0.9983151447151726
61256.26371867544,0.9974896394396008,0.9974725974497197,0.996546091180334,0.9975094344856075,0.9971039059052096,0.9973656913081993,0.9970330478821251,0.9990008209166934
61256.26380243968,0.9977148457429594,0.9977518039323598,0.9979158244794829,0.9980275503079262,0.9997743207204179,1.0001768519445045,0.9982685321746454,0.9985919316802979
61256.26388620394,0.9982626350898073,0.9974539735850095,0.9975311534063407,0.9973174101462142,0.9970399104866454,0.9981621142296423,0.9987154953899131,0.9960902543043245
61256.26396996818,0.9977775688483879,0.9977519012377127,0.9973366001961804,0.9982768051382612,0.9983119037173603,0.9988119351261788,0.9976332165447962,0.997761419156833
61256.26405373243,0.9976990017998607,0.997456582619696,0.9978397253817579,0.9976095214821219,0.9982102108536737,0.9976910248167918,0.9979892955260179,1.0007330966135106
61256.264137496684,0.9980672917604444,0.9974705509092375,0.9986150380591781,0.9976110854343874,0.997687005329327,0.9989398416754861,1.0012238053630884,1.002575584953537
61256.264221260935,0.9971494532866272,0.9976833275525138,0.9970888373006459,0.9966097792480103,0.9972848968263506,0.9969415848364189,0.9956507793870754,0.997769139086468
61256.264305025186,0.9981732008168849,0.9964482623238632,0.9967991921317095,0.9972270573273976,0.9986578704432127,0.9977522704576878,0.9984116774666603,0.9994026456826403
61256.26438878944,0.9981270501820777,0.9974751865988117,0.9978349873865742,0.9970844338035001,0.9971571440449143,0.9983734438881391,0.9974880019343279,0.9978778349448333
61256.26447255369,0.9969668826125221,0.9962893841321879,0.9963953802709238,0.9963959359156174,0.9965749638976036,0.9948189394408002,0.9960995589813092,0.9957178577975121
61256.26455631794,0.9970871659135897,0.9967454589016761,0.9965239078724024,0.9968025208739101,0.9962432142834439,0.995772298312062,0.9969771441537303,0.9960535813470884
61256.26464008218,0.9980380247576299,0.9977081641014728,0.9967941269826087,0.9971284192793686,0.998258948743972,0.997249866713276,0.9973390017768045,0.997201987481379
61256.264723846434,0.9982489063253565,0.9978353763830766,0.9993140192782772,0.998592991177084,0.9994799730514479,0.9994770181414644,0.999567183660565,1.0020485147564486
61256.264807610685,0.995930379329271,0.9959554446732782,0.9959786487822693,0.9965445681391615,0.9967349984838837,0.9949315791031385,0.9953444317271404,0.994950941319737
61256.26489137493,0.9977188093905078,0.9975699879308509,0.9976411114306919,0.9970390861276867,0.9980530521964144,0.9978103721726911,0.9978503411678581,0.9982543834280981
61256.26497513919,0.998247327094888,0.9985143371628792,0.9985032379700247,0.9995007246866601,0.9988865214993224,0.9985422622423329,0.9986038591799922,0.9979681152663125
61256.26505890344,0.9978165593113427,0.998132743105611,0.997612489862889,0.9983440176598745,0.9984707318056297,0.9978380748159723,0.9975008936447327,0.9965259469393656
61256.26514266769,0.998303688959907,0.9976860331105354,0.9977947023416416,0.9991036049855881,0.9972978940926943,0.9987977830490582,0.9984113612923012,0.9990063675943845
61256.26522643194,0.9989368909054569,0.9988376635235952,0.998328538223967,0.9986105002547203,0.9985779754725149,1.0003218399269225,0.9982034443501939,1.0007602352066143
61256.265310196184,0.9981367701819118,0.9983751375544411,0.9974490004573815,0.9975854509927071,0.9979789033393339,0.9976205154779747,0.9991414154070852,0.9972606548897507
61256.265393960435,0.9974972884462342,0.9973469564652327,0.9973320368613102,0.9980830728440246,0.9970451600454869,0.994642130265029,0.9956707387052871,0.9968052443667209
61256.265477724686,0.9977417151529125,0.9974081570635415,0.9974427184783903,0.9974510933654898,0.9983325503601822,0.9981171978351435,0.9978991721612945,0.9986093636189393
61256.26556148893,0.9973782026772545,0.9971447838710874,0.9970749356540739,0.9972174738443081,0.9974643105651743,0.9966299549538509,0.9962695548253219,0.9956143547129733
61256.26564525319,0.9972918329046497,0.9968070549775385,0.9973342423933343,0.9970971000818789,0.9967013466338966,0.9980297360435681,0.9981727378382568,0.9966224030029699
61256.26572901743,0.997631160635533,0.9984789219245079,0.9972775450712091,0.9969487065407487,0.9968779212755953,0.9970590132221574,0.9989333617409307,0.9994877232771402
61256.26581278168,0.998120522048443,0.9978433467081032,0.9980185007950493,0.9982158595790934,0.9978303266826976,0.9984469474307391,0.9975371559383256,0.9994181406622168
61256.265896545934,0.9973435213601036,0.9977767854897552,0.9984170044526496,0.9974171662590083,0.9985248816192267,0.9984068478921393,0.9979590634465243,0.996938146102915
61256.26598031018,0.9982517095725633,0.9977055837780099,0.9978221905110433,0.9974528917866684,0.997234768616471,0.9985955893001849,0.997765848099396,0.9993636954693162
61256.26606407443,0.99728184193623,0.9962174603946149,0.996695440340805,0.9981584399763326,0.998516833005275,0.9971488221700544,0.9985316593124185,0.9971688749809638
61256.26614783869,0.9980105145256047,0.9976898766161169,0.9966192734062619,0.9973854794955583,0.997287693854017,0.996309169135135,0.9953528245327741,0.997120187812758
61256.26623160294,0.9982587712587807,0.9977056742686365,0.9978347463375186,0.9979644134806162,0.9974806198299079,0.9966642746945124,0.9980346933786306,0.9965741613958236
61256.26631536719,0.9978166531388734,0.9980609397987733,0.9976544233759237,0.998262868613391,0.99743722729517,0.9981417896916616,0.9997138738653121,0.999828301760311
61256.26639913143,0.9976685677422698,0.9976834074300422,0.998367761049032,0.9979233985226396,0.9982581387801768,0.9985135573191961,0.9987255876754528,0.9986028017826905
61256.266482895684,0.9963251258586725,0.997865125679331,0.9971450050723043,0.9977354615266392,0.9981078683632049,0.998292085179822,0.9982032942955522,0.997475322340457
61256.266566659935,0.9978527687529026,0.9988074730576064,0.9981919832656546,0.9978744046817271,0.9991307825210107,0.9987064945224783,0.9993411077141369,0.9980108723714732
61256.26665042418,0.9971237746212382,0.9965210882864994,0.9965734133778814,0.996687448190887,0.997013988772981,0.9961116034206462,0.9953435471225553,0.9944733901350218
61256.26673418844,0.9991258513009527,0.9998044491803554,0.9988533687408139,0.9986316364127767,0.999288699273295,1.0004588392334621,1.000939304496836,1.0001133044858508
61256.26681795268,0.9979527641462187,0.9985791226423241,0.9984211518553693,0.9982666803442767,0.9978454797976078,0.9979390642862522,0.9989184536926407,0.9982772769386773
61256.26690171693,0.997998202224147,0.9982551800516118,0.9981825841347364,0.9984094426658398,0.9984582517064069,0.9993709989142604,1.0011618926128218,1.000598108117008
61256.26698548118,0.9979170572475754,0.9984094579679458,0.9982521580879948,0.9974363111662725,0.9985392095645135,0.9982436832164638,0.9980096978301424,0.9979088945760536
61256.26706924543,0.9973229777889666,0.9984400896036689,0.998638545800229,0.9987196143043976,0.99867525070513,0.9992889745624237,0.998331212972247,0.9992103939911944
61256.26715300968,0.9979471852011651,0.9986401171230942,0.9990590911884275,0.9980538931134058,0.9989904443822282,0.998226600591298,0.998445227838778,0.9974429843590904
61256.26723677393,0.9971256173673251,0.9977060903020859,0.9975882940626808,0.9971679329918821,0.9977806742462948,0.9984162443849889,0.9983942400234981,0.9970545630878136
61256.26732053818,0.9982182721023666,0.9976895701768712,0.9971895315335438,0.9974269140686195,0.9983759246479257,0.9960830935177096,0.995723916156182,0.9951570111365463
61256.26740430244,0.997448699493425,0.9962234427187746,0.9965715223012566,0.9964985344063163,0.9959541134700569,0.9956595201329314,0.9966145964160279,0.9953124339590322
61256.26748806668,0.9985141474386683,0.9982413542010198,0.9978547096326603,0.9985136001517445,0.9985114991385625,0.9983980552943594,0.9981488237769814,0.9975050963771479
61256.26757183093,0.9978803316880517,0.9973581310521792,0.9971288652562901,0.9975124431728579,0.9977013214478581,0.9970747376198408,0.9951737553391832,0.9964553399686675
61256.267655595184,0.9975516093960979,0.997232145421293,0.9960179408922291,0.9963332055671844,0.9974686222623078,0.9983652590000053,0.9987306748354366,1.0000131266991572
61256.26773935943,0.997251978696057,0.9967278492022859,0.997512320836228,0.9974592757357177,0.9970951130504321,0.9977102951013185,0.9970430598422871,0.9985182031364073
61256.26782312368,0.9965577167214255,0.9969384676999737,0.9973513296969948,0.9972036721514557,0.996905812988812,0.9983406552229371,0.9968803240451778,0.9974775537364499
61256.26790688793,0.9976253081932088,0.9985487153339816,0.9979518898292573,0.9983235244324322,0.9974766164731844,0.9988037342645076,0.9960077768120839,0.9968998105912482
61256.26799065218,0.9997553943720683,0.9989611035749505,0.9985597833554994,0.9990569107245676,1.0003991538923427,0.9994979825745763,1.0005100914809886,1.0018366472283242
61256.26807441643,0.9966668628942222,0.9987261689052657,0.9982377824748186,0.9982454812315649,0.9975975778247744,0.9973676474704763,0.9975169658982842,0.9971207923722787
61256.268158180676,0.9988153157124158,0.9976320576860432,0.997537295701637,0.9975629979918001,0.9978678190180896,1.0004396905385469,0.9993197285166954,0.9982116751437802
61256.26824194493,0.9973165812800525,0.9971819567502362,0.9969292846584106,0.9966028321770044,0.9974439263073701,0.9981114490306353,0.9971157201280896,0.9967610315185191
61256.26832570918,0.9979132361380203,0.9982453155678498,0.9978579909741938,0.9984661955441007,0.9984975433981657,0.9990169361646088,0.9994063524294323,0.9981834069938605
61256.26840947342,0.997534859385156,0.9978074444961,0.998374157426073,0.9979915134769309,0.9973330334106107,0.9974919642653161,0.9979822029660724,0.996609670968124
61256.26849323768,0.9978678934846874,0.998234898309247,0.9976807794836103,0.9979260217985155,0.9977255053042843,0.9983738170013584,0.9977484034782212,0.996728549153447
61256.26857700192,0.9984107994080077,0.9988490858984553,0.9988786609577751,0.998051277768825,0.9985848691193191,0.9990652766179284,0.9982810848094135,0.9988608664270531
61256.268660766174,0.9982950443167375,0.9977876520734205,0.9976869010602724,0.9984111062550006,0.9972421275616258,0.997698090365268,0.9965666934370617,0.9952696194027635
61256.268744530425,0.998426601428167,0.9990308565429341,0.998381886033569,0.9985770458038602,0.9982750593192139,0.9989350479454547,0.9991875443915399,0.9988708792984401
61256.26882829468,0.9982209061938406,0.9977190949223114,0.9980007761149119,0.9988801900670486,0.9972903758242482,0.9980967407406455,0.9984823969546135,0.9981286397723814
61256.26891205893,0.9999880392688317,0.9991418160376812,0.9994438273136254,0.9993140837138602,0.9997432590988306,1.000506310678677,0.9999451357548483,0.9979548671794093
61256.26899582318,0.996638927843079,0.9967917411705797,0.9969161266548584,0.996005746679402,0.9955593008925242,0.9958821650160278,0.9965705948577468,0.9950025905587176
61256.26907958742,0.9997036564076195,0.9989247032176334,0.9981997112048077,0.9983132752162549,0.9986071704941835,0.9992391733648905,0.9993677131882801,0.9979380180041448
61256.26916335168,0.9987450422190776,0.9992931520031958,0.9997524368276433,0.9995421600032802,0.9998974818485236,0.9993763755591935,0.999530578531424,0.9991143675510069
61256.269247115924,0.9980759252241632,0.9986113214416417,0.9986424730953083,0.9987558357858582,0.9988251054961242,0.9984194917812567,0.9984026608575614,0.9986985904811221
61256.269330880175,0.9991789531583597,0.9992508546733718,0.9997833441286348,0.9994350624853987,0.9987321771030018,1.0003012292957387,0.9999787900372421,1.0023646833851594
61256.26941464443,0.9990768681394253,0.9994248565299729,0.9993435268461671,0.998553360477967,0.999458233447468,1.0011594860180215,0.999376173672317,0.9992407505392834
61256.26949840867,1.0004825926048668,0.9992802769744851,0.9985160072207101,0.999151837422165,0.9996466242005468,0.9989796615579799,0.9986957681607714,0.9998713328921379
61256.26958217292,1.000362675164625,1.000163775170144,0.9998609094595937,0.9989130965149833,0.999409559421649,1.0007951181911887,0.9995483492394511,0.9997816839028997
61256.26966593717,0.9996324528904724,0.9990714753274912,0.9998842543477244,0.9991087605752986,1.0002454354692931,0.9987341461458051,0.9992494506474145,0.9989040770305977
61256.26974970142,0.9985774174055493,0.9989104318403509,0.9989117617606158,0.9987559416190782,0.9981337571309076,0.9986000463938806,0.9966615935981821,1.000702393342946
61256.269833465674,1.0005404364125174,1.00059340399812,0.9996628877718494,1.0007334028634514,0.9999097443354459,1.0016347101928917,0.999632345316002,1.0002199940280572
61256.26991722992,0.9995822528989963,0.9998967104069879,0.9993953564031686,0.9986068622687692,0.999035899503118,0.9987877442769673,0.9988288249271579,0.9992159521339091
61256.27000099417,0.999828362645326,0.9997706575225741,0.9992178453835138,1.0005806069577983,0.9999566828693778,1.0006923091681361,1.0007363198747294,0.9973928721892258
61256.27008475842,0.9998155800084161,0.9998174801657511,0.9992821466671585,1.00055230487456,1.0004560676186909,1.000711311478696,0.9995185365609721,1.0024203393979565
61256.270168522664,1.0003478135491926,1.0007157425215993,1.0002299603534333,0.999610506947955,1.0000734687004758,0.9982881568817304,1.0003809364770975,1.001926174763904
61256.27025228692,1.0000149894636237,0.9997471300713481,0.9993005895932803,0.9995398606712412,1.0002087990530892,1.000507998628576,1.0002056148896386,0.9999365771294815
61256.270336051166,0.9986841786289115,0.9997637690632624,0.9996464517684789,0.999768574686363,0.9998699207775987,0.9994326777479483,0.99767264331646,0.999178339863657
61256.27041981542,0.9997326387337127,1.0002987240651806,0.9993711215048927,0.9994122260559412,1.0004593194695814,1.000222740817483,0.9992863418716241,0.9996696337691566
61256.27050357967,1.0007761058829898,1.000164923283935,1.0005554091044544,1.0000200297075477,1.0008725356612862,1.0000959159388951,0.998717531552785,1.0009744208743452
61256.27058734391,1.0008181505984322,1.0008158895036234,1.0007352259075888,1.0003259600860157,0.9993055284084078,0.9987262652316997,0.9975051806272309,1.00020123346955
61256.27067110816,1.0004292971034072,1.000643330804943,1.000740344635523,0.9998034909740633,0.999651613739722,0.9986246816412009,0.9976578067064845,1.0006420235675335
61256.270754872414,1.0017367741624679,1.0006368077713594,1.0011424853045434,1.0006459147293068,1.0014582266654322,1.0003690002457788,1.002362981578613,1.000537802785108
61256.27083863666,1.0005121689058112,1.0010421624328636,1.0007380756109105,1.0009907503412374,1.0007545756023246,1.0011401968990257,1.0011558060000532,1.0007512118549677
61256.270922400916,1.0001775216381938,1.0000559875394384,1.000297657933614,1.0004281399530417,0.9994433040271894,1.0012981432346737,1.0017834842246292,1.002943427767104
61256.27100616516,1.0003969633377674,0.999711199483272,0.9995390344501849,1.0003832731119977,0.9998678458578302,0.9991144193242721,0.9993822995932492,0.9991582341176951
61256.27108992941,1.0004088537480584,1.000834168945368,0.9999394862163493,0.9995165508426034,1.0005474955344527,0.9999196126712715,1.0003954326441955,1.0020982421550773
61256.27117369366,1.0006882859759514,1.0010356744783626,1.0002682902722,1.0001952007882735,1.0011271069104772,1.0000990140898751,0.9997368247056753,1.00110352737271
61256.271257457905,1.0005494084538795,1.0011189139012298,0.9994334687762765,0.9988875869912021,0.9989452337372688,0.999453542763672,0.9979655745874593,0.9978190779580893
61256.271341222164,1.0011257615628713,1.0004100436232484,0.9997407165413554,0.9983545729744745,0.9989445041954107,0.9991910350841013,0.9993478707691287,0.9974456250942274
61256.271424986415,0.9999058009686214,0.9996316696175157,1.0003033424139296,1.0010352255745827,0.9991668689930859,0.9998531432068952,1.0011377286883505,1.001270629274703
61256.271508750666,1.0010935567601782,1.0014912793668929,1.001463308564792,1.0011034466099467,1.0017756574578023,1.002205019112738,1.0028232285604908,1.0012751286035773
61256.27159251492,0.999999570871998,1.001446509632057,1.001351985115615,1.0013797759077403,1.0021699337764518,1.0025575805883054,1.0024820032797503,1.0033197880853915
61256.27167627916,0.9995846811022575,0.9995917167769409,1.000119529030821,1.000218674447727,0.9998498843953588,1.0002024184252014,1.0012049955523032,1.0007732401342226
61256.27176004341,1.0009888963418847,1.0005387050954813,1.0011297062514934,0.9998534308697774,0.9999762078289209,0.9984883713424593,1.000693432275622,0.99996112651706
61256.27184380766,1.0009935837257629,1.0006103945628764,1.0011094623636663,1.0006537020218944,1.0009366294108741,1.0008733446557525,1.0010960968996163,1.0002709990208964
61256.27192757191,1.000008566869325,1.0003646878219583,1.0006279021573201,1.0004129859743636,0.9999912247671898,1.000245019848864,0.9987148459506892,1.0007905118145102
61256.272011336165,1.0001590273668002,0.9996476942786199,0.9998265608603016,0.9993817911978622,0.9972112538164966,0.9983418375030996,0.9984953382274855,0.9989384158475897
61256.27209510041,0.9995089718673025,0.9993559561847831,0.9993532623764144,0.9991064210910778,0.9986474152534786,0.9984517046838871,0.9979788019554,1.0000629870164677
61256.27217886466,1.00148921068831,1.0007061028120854,1.0011629479633246,1.00147644798598,1.0010322906292763,1.000050180364191,1.0000556675762786,0.9990542791096384
61256.27226262891,0.999494839977191,0.9994898349443713,0.9999758502040711,0.9996189076766528,0.9993129919358714,0.9983347617029501,0.9988279095596622,0.9996960923351654
61256.272346393154,1.0005285106006332,1.0010215976000691,1.0014905543484518,1.0011809249538866,1.0013236738375135,1.000944968804418,0.9995615960905685,0.998483452208507
61256.272430157405,1.00014243945789,1.0008890932925554,1.0003456796061587,1.0008347276377172,1.0001083055913598,0.9998075730894271,1.0007740875000812,1.000260206716879
61256.272513921656,1.0005617516319145,1.000538867531742,1.0011352697617193,1.0003704087990926,1.0006857129670277,1.000837439958745,1.001687265701884,1.0024700301337068
61256.2725976859,1.0002686538567014,1.0004458003799477,1.0001850237523497,1.000507828154097,0.9993321007625761,0.9991494569204625,1.000725109528294,0.9993273845422526
61256.27268145016,0.9998887556338626,1.0002141819124395,1.000319103168051,1.0002037036323967,0.9999326132256187,1.000666100408198,1.0004714847117973,0.9973336420497715
61256.2727652144,1.000210534023095,1.001181435886122,1.0000495306797335,1.0001382697037242,1.0002475333667582,1.0007702640825678,1.0018839794755687,1.0014706962066677
61256.27284897865,1.0010138826798765,1.0004849618185474,1.0012167743065414,1.0008714083907386,0.9999318201571882,1.0012367035272216,1.0002679607133247,1.000979393481919
61256.272932742904,1.0004402588207764,1.0010837348322226,1.0001514727090826,1.0004278088214686,1.0016753456212462,1.0012310407890852,1.0013802159639669,1.0038214009532138
61256.27301650715,1.0009816046784004,1.0009257865713828,1.001011973169805,1.0002160682737062,0.9998864483304475,1.0005167101666146,1.0006476382650829,0.9998735667449216
61256.2731002714,1.000367369202938,1.0008639490754658,1.0008710187320573,1.0006536653396543,1.0013592953491455,1.002005856759764,1.0008187142290679,1.0026007377037378
61256.27318403565,1.001219681191031,1.0016497440946057,1.0007638475867822,1.0009824834531456,1.0012009671947248,1.0024927814314142,1.0012901592522165,1.0019154421158072
61256.2732677999,1.0003543849366534,1.000124467382506,0.9997854146553652,0.999911336760073,1.0010808837262972,0.9998684823323984,0.9992805898909609,1.0017415422736708
61256.27335156415,1.0017025099452905,1.0009010387255812,0.9997986988643609,0.9999123462652357,0.99915817852422,0.9994783782762349,0.9998621193060953,0.9995210466835962
61256.273435328396,1.0007147205851346,1.000236440483989,0.9999368361248148,1.0004341201495965,1.0002140813889386,1.000259212694266,0.9998769224186794,0.9981072643695328
61256.27351909265,1.0005263971521385,1.0002687639592809,1.0008342593080386,1.0004354412059473,1.0013132367258197,1.00047698993992,1.0027282176528922,1.0009923195402437
61256.2736028569,1.000682725397138,1.0004489265518082,0.9999176348521265,1.000538425108021,1.0003764673031579,0.9995710991761189,0.999959267894171,1.001101568491512
61256.27368662114,0.9997343173814371,0.9997792810558653,1.0001531992619297,1.0005171801425086,0.9995104134304663,0.9996474429089942,0.998115271695813,1.002442235388476
61256.27377038539,1.0010716828344346,1.0017039351325665,1.0022766056276284,1.0020674992550795,1.0023696998408398,1.0004025713758917,0.9998327229523398,1.0001839050940904
61256.273854149644,0.9992493998000916,0.9996065943297056,0.9987968011886283,1.000114726645438,0.9996577715933829,0.9996115627683201,1.0003582235365762,0.9987014342479706
61256.273937913895,0.9995646568432129,0.9996361349389347,0.9993092490912371,0.9993204493217893,0.9986126422270739,0.9982907908464884,0.9996807469959303,0.9994514527926329
61256.274021678146,1.0007635892903832,1.000289563509121,1.000119534377565,0.9991418246577247,0.9996379186948061,1.0001215327243136,0.9966815211280529,0.9996369674597477
61256.27410544239,1.0001887748198075,1.0006515481358655,1.0000794801337616,1.0007307213421264,1.0005671276106096,1.00063965156838,1.0008707161949677,1.001644170709023
61256.27418920664,1.0002791114340899,1.0003462360011561,1.0006655032480045,1.0006811631399921,1.0004095837390297,1.0003489873109785,0.9997337220952355,1.0007052333301163
61256.27427297089,1.0003862190873278,0.9993252785217288,0.9994395402272108,0.9999834186012116,1.0003939143017666,0.9993660890780708,0.9997287890916147,1.0003590467494845
61256.274356735135,0.9999321381568789,1.000161287236494,0.9999911182779833,1.0002819324751413,0.9995115628221434,1.0021925166013452,1.0005137700414768,1.0011311316851566
61256.274440499394,0.9995603241407099,1.000514946613865,1.0008035820284424,1.0012286240108632,1.0009296443601459,1.0009877461754007,1.000721846267099,1.0017533966672492
61256.27452426364,1.0008268587249096,1.000568657716354,1.0004422282185854,1.0009290389163803,1.0003246286065313,1.0013897014040976,1.0002671629285098,1.0012745193824537
61256.27460802789,0.9998564518131796,1.0008442708273793,1.0003870656348555,0.9996790261504467,0.9989442429930686,0.9998032988569707,1.0002116263041811,0.999345102791514
61256.27469179214,1.0011620612385674,1.00116655788649,1.000420488356259,1.0000668196398161,1.0007651646033493,1.001078093932164,1.001078920599384,1.00102066265378
61256.27477555638,1.0003371833557655,1.0005170656585656,1.0001380306597394,1.0005110797372618,1.0013106787675672,0.9999596325805966,1.0001129959692445,1.00037153405017
61256.274859320634,0.999950694447605,1.00056824570471,1.000255623612171,0.999463212634764,0.9999648624224078,1.0013426066482671,1.000114194697328,1.002156664388326
61256.274943084885,1.001352446481644,1.0007044762151411,1.0006502159035344,1.0001325145576698,1.000553607939582,1.000090181200636,1.0000204918970503,1.0005627614488362
61256.27502684912,0.9998329861466303,0.9993431764505224,0.9997763476909365,1.0001493772347503,0.9997724539515453,0.9992946175124467,0.9978853384222047,0.998438845454847
61256.27511061338,1.0003579824571989,1.0017119372968875,1.001556891850551,1.001183124153324,1.0011962300723019,1.0005120938143697,1.0008680210221883,1.0008885693277483
61256.275194377624,1.000229700924759,1.0001974171273822,1.0002757056495923,1.0013408932288985,1.00173959193598,1.0014876761672484,1.0008655148704042,1.0023387338158087
61256.275278141875,1.000205863142215,0.9996793483467079,0.9999551911638271,0.9994575781931081,0.9997085055020957,0.999915247842634,0.9987066390897595,0.9985997667641274
61256.275361906126,1.001011422136062,1.0005074718646658,1.0009460475897982,1.000854264648386,1.0016436739080306,1.0012512136976681,1.0000324292736062,0.9989071445543928
61256.27544567037,0.9993105504625752,1.000162537571178,0.9999196149297658,0.9994088559990549,1.0002035302335317,1.000522725991446,1.0018740704002522,1.0002701378212289
61256.27552943462,1.0002605652581045,1.0001197427663409,1.0000479536129459,0.9999137339940367,0.999024735721778,0.9994669948660887,0.9989353350107412,1.0003657559931811
61256.27561319887,1.000150378198615,1.0002872077364722,0.9993958852852923,1.0000143057909678,1.0001331155900108,0.9990199856797445,0.9978576107854447,0.9978983418406367
61256.27569696312,1.0013694464331573,1.001248888604718,1.0019155907790818,1.0022731785583647,1.0020467047289792,1.0025027615543984,1.00360982524678,1.0027623140942372
61256.275780727374,0.9997516702841728,1.0006490995265371,1.0003272458140586,0.9992806166224985,0.999438010540399,0.9982675114425401,0.9994507022922237,1.0003017713965767
61256.27586449162,1.0002986396715636,1.0000941846384213,1.0003201129229902,1.0002428433347725,0.9999341871978167,1.000419258000382,1.002017343529251,1.0007697923118104
61256.27594825587,0.9996281698300531,1.000321347727308,1.0001697220385044,1.0002575898431614,1.0006613481612427,1.0013656111643292,1.0013592038705923,0.9997950290645368
61256.27603202012,1.0001548164404541,0.9992848523369747,1.0003734663021175,0.9992466771233686,0.9997516593053268,0.999561143132646,1.0004062198297048,1.001289514373605
61256.27611578436,0.9994046870253097,1.0002382269477068,1.000514045353859,1.000187073441406,1.0009155075014367,1.0028802159995802,1.0014686911203023,1.0007908550722813
61256.27619954862,0.9996887502074738,1.0004775125407837,1.0010956184173767,1.0003723591541442,1.0004945900644837,1.0020140552373251,1.0025297148450507,1.001011428144114
61256.276283312865,0.9999547624366912,1.0000065294964047,1.0002828282927343,1.000338355708947,1.0013511010971479,1.0003830676869934,1.0011703626675423,1.0015634366576627
61256.27636707712,0.9999490405543778,1.0001095842439003,1.0005386887211214,1.0013746661708298,1.0016048640720803,1.0007713986805298,1.0019919101220018,1.0020236523485242
61256.27645084137,0.9994407069485663,0.9997715086930493,0.9998434383042485,0.9998244124914444,0.9988605553508483,1.0002803881211153,1.0015308144256017,1.0007264274344028
61256.27653460561,0.9990130546383093,0.9990247084310089,0.9987857328709737,0.9987627548494781,0.9986712291014125,0.9985001946209054,0.9992904159064189,0.9977795096413979
61256.27661836986,1.0001885256777683,1.0012599832024192,1.000484826621552,1.0012521407967343,1.0011967489289595,1.0017208509491011,1.0019984547603287,1.003059160378278
61256.27670213411,1.0003331954860741,0.9996638300979629,0.9998968235410606,0.9996634959309543,0.9988420897306871,0.9992702402258311,1.0002540206712882,1.000779704265791
61256.27678589836,0.9998133111123243,1.000305293126095,1.000157589941515,1.0004029365276834,0.999496011145574,0.9988879639181194,0.9992770357493554,0.9990947853534639
61256.276869662615,1.0006744416905125,0.999891335710629,0.9995381581410722,0.9999714943946366,1.0004388456663433,1.0005195756284562,0.9993993924918126,1.0001807074233773
61256.27695342686,1.0006579380267473,0.9999890324075723,1.000275945584743,0.9999223800971787,1.0000190940095712,1.0006776778849005,1.0015166074298631,1.0009431892677687
61256.27703719111,1.0013433783502435,1.0005814677258735,1.0001822659461959,1.0000298441896087,0.999825392367476,1.0015059413109875,1.000000910962639,0.9988677978528305
61256.27712095536,1.000399677016282,1.0009958594963477,1.0012415786330853,1.000325378622939,1.000661044044674,0.9996884698663947,1.0010164958175607,1.0023005962332878
61256.277204719605,1.000549755016844,1.000339892719941,0.9995236867320607,1.000339886201061,0.9993781046449194,0.9983896782469573,0.9981601489716162,0.9960535958988493
61256.277288483856,1.0002466037215243,1.0006596374393086,1.0002862985525662,1.0004124005456392,1.0005088330260845,0.9999922545965078,0.9994135342018186,0.9994048427465565
61256.27737224811,1.0008847219635095,1.0005652655467374,1.0009323564712829,0.9997622913656213,1.0003420767878157,0.9994077304206253,0.9994967786379203,0.999054693047391
61256.27745601236,1.0009827955560535,0.999847075739657,1.000420578471179,1.0000793976825364,1.0004955995625389,1.0007890391874419,1.000515559417444,1.0016438840834294
61256.2775397766,1.000754004641753,1.000093316375272,0.9997322624474924,0.9993497113395956,0.9992801532597994,0.999430358008892,0.9998108002768111,0.9993513324570475
61256.277623540846,1.0017027420519768,1.0012553957745125,1.0011522404395194,1.0003554050193169,1.0007548011554468,1.0005912465056785,1.0015895794464933,1.0012214841354938
61256.2777073051,1.001091482972115,1.0002201909369197,1.0005140754292958,1.000665479499509,0.9999260049415283,0.9999961225766157,0.999294125913438,0.9988410444719258
61256.27779106935,1.0001291659898688,1.000166393477327,1.0003649190857908,1.0006590499455126,1.0001901094003887,1.0000510786968493,0.9989708398531127,1.0010117635905502
61256.27787483359,1.0015099164945673,1.0013970321502963,1.0016486173654469,1.0017203764559055,1.0022455376623616,1.0016636337389178,1.0018398839195053,1.0041106341465222
61256.27795859785,0.9999279594379973,0.9996969395011054,1.0008484072390198,1.00072239323435,1.0006623593488346,1.0007713679255104,1.0008180952109444,1.0012569766362478
61256.27804236209,1.000841615599538,1.0001080180857573,0.9998445409588701,0.9996343300801017,0.9994677541545672,1.000975188352655,1.0019500995665762,1.0004864377779246
61256.278126126344,0.9996303160183672,0.999900594018909,0.9993524662684661,0.9992458175692549,0.9998693093343415,0.9998369007421031,1.0032760992800251,1.0028421814653965
61256.278209890595,1.0001086410511493,1.0005199408027246,0.9999390328569888,1.000224775596533,1.0014991068594026,1.0035567138952646,1.0036408872412397,1.006167772172767
61256.27829365484,0.9992814089624014,0.9997290423356718,0.9994963664281519,0.9987050710354471,0.9993470881339565,0.9986467604073396,0.9989039681216563,0.997165082829872
61256.27837741909,1.0005551650723425,1.0007889809427464,1.0008733532542875,1.0008182166640067,1.000520324239597,1.0002448050405506,0.9996374888746555,0.999899269438294
61256.27846118334,1.000242854080599,1.0004348646435692,1.0008390884206562,1.0010337193720602,1.001679193540612,1.0011852465652746,1.0014746567322892,1.0016284921000826
61256.278544947585,1.0017084992027945,1.0020890257029638,1.001018315188279,1.0004338695702397,1.0010414148021605,1.0010204664166449,1.0014062598440867,1.000211157140533
61256.27862871184,0.9999283444635952,0.9995939145820018,1.0001473082636154,1.0000952830753405,0.9999958061143479,1.0005332985657722,1.0005375716472233,0.9994723452786026
61256.27871247609,1.0007398047433178,1.001499496250948,1.001774003309087,1.0009968301746874,1.00129271054695,1.0018289608023878,1.0026371331181172,1.002552542964601
61256.27879624034,1.0001316196130707,0.9998667174563424,0.9996084523453443,1.000143905880351,1.000699175869629,1.0006996181342462,1.0007727342738246,1.000073715758897
61256.27888000459,1.0005939641537522,1.0006318835172314,0.9999038474922138,1.0002919588714951,1.0004213429130302,1.0004927028938755,1.0012986364849494,1.0004464977298866
61256.27896376883,1.001354921665215,1.0000418769226642,1.0010681185519716,1.000355936911799,1.0001903986490368,1.0002948918544647,1.0009784800380632,1.0004611973391901
61256.27904753308,1.0007043995567486,1.0013141064282685,1.0011023436191924,1.0006106499603253,1.0021473189925678,1.0036217507479255,1.0029939856156356,1.0029841504604984
61256.27913129733,1.0005252308958943,1.0006994090751964,1.000153660530016,0.9993198869433916,0.9997027784802409,1.0003909295282185,1.0002835000849024,1.0010944559561565
61256.27921506158,1.0014598613035928,1.0007459630394135,1.0015033325103777,1.0022805534236034,1.0023268413685882,1.0029025985013365,1.0028371128874778,1.0018175260255267
61256.27929882583,1.000307644718922,1.000207127777079,1.000171757143054,1.000281413718867,1.0001252903327837,1.0001494425467563,1.0002915702217847,0.9996743394684584
61256.27938259007,1.0014606558431087,1.000847560999536,0.9999991216858581,1.0011228624205115,1.0002976450191803,1.0003321895869608,1.0014033958171091,1.0032624480999872
61256.279466354325,1.0004389367176687,1.000429487377723,1.0002001278594366,1.0007557220237524,1.0012579792520968,1.0014317220585573,1.0022772658553594,1.0019236048977327
61256.279550118576,1.0006419723074915,1.0004315363759755,1.000440071252822,1.00008086398073,1.0013898844073754,1.0009110674750668,1.001260008181721,1.0023891914482566
61256.27963388282,1.000528600967858,1.000737771179927,1.0004995488819837,1.000350404089862,1.0003722960065071,1.0003636719982791,1.0019429082235067,1.0028148584869938
61256.27971764708,0.9993429583586187,0.9991211217250886,0.9989770074129727,0.9991224819637875,0.9990569443696915,0.9988236823515151,1.0000514024696279,1.0008932630580694
61256.27980141132,0.9990158779819092,0.9990130360338988,0.9985604535921757,0.9990141563344201,1.000967892425212,0.9996485443678267,0.9978580028416497,0.9983915634449895
61256.27988517557,1.0002739161837468,0.9997926382543846,1.0001802603601304,0.9997651250686721,1.0008383541416084,1.0004787136514697,1.000081153964096,0.9995448419623884
61256.27996893982,0.9999541423764559,1.0008300423493568,1.0001264912716337,0.9990531056857119,0.9985220687099174,0.9981908732720765,0.9998364985869017,1.0002943492425858
61256.28005270407,1.0005352784270096,1.0005782754176535,1.0005452196578941,1.0003307919797422,1.0002695630641543,1.0003533592919462,0.9997401597469951,1.0004575637455968
61256.28013646832,0.9986118261570506,0.9975347044066141,0.9986908658096297,0.9977587887049851,0.9976032419958717,0.9988654574426421,0.9990723277206347,1.0010001308750955
61256.28022023256,1.000151957162906,1.0005343507088675,1.00009528421879,0.999356253666695,0.9995655220560239,1.001149234583316,0.9999353664798701,1.0003663059363526
61256.280303996806,1.000495525365826,0.9995452469354915,1.0004732981497158,1.000764168109544,1.0003440731441373,1.0006385124406088,1.0008548685106635,1.001873704011877
61256.280387761064,1.000815959426139,1.0007939149162384,1.0013701624867697,1.0008521464968707,1.0008365497166325,1.000699248358781,1.0007147017520157,1.0015027520350603
61256.28047152531,0.9992984231544052,0.9997711229348591,0.999717242774409,0.9997754773916866,0.9994430565100929,1.0002785456808865,1.0010007253823434,0.9989363365836426
61256.28055528956,0.9997622606840798,1.0003503880686029,1.0009236472931604,1.000352544300292,1.0014670803435233,1.001241171587823,1.0020558877471908,1.0010501236071303
61256.28063905381,1.000328221961499,1.0003640355074286,1.0001070979617126,1.0003712554648516,1.0021011733581127,1.0018850524742275,1.0000911642152073,0.9992278768295013
61256.28072281805,1.00056629128734,0.9998845979573115,1.0007026711410096,1.0003733547795406,1.0003357003081323,0.999637559104055,0.9988748790551966,1.000981795467386
61256.280806582305,1.0003847580396217,0.999906044459274,1.0006963563018192,1.0006499371352207,1.0001990478932121,1.0019030687168797,1.0019423332988886,1.0029828042021347
61256.280890346556,1.0001352289785104,0.9994723432179462,0.9997800024134469,0.9990604646883605,0.9992079118894209,0.999395373578355,0.9999300619286512,0.9998266916804118
61256.28097411081,1.0000087909906894,1.0004316922209435,1.0004232215451114,1.0011719392921703,1.0012875844932263,1.0019600971055487,1.0022282219142193,1.0003981329682272
61256.28105787506,1.0002637229205091,1.0002517973019245,1.000157742435118,1.0007219208265816,1.0001306500494047,1.0015774219362295,1.000561173977671,1.0021985001969367
61256.2811416393,1.000109222382574,1.0007525739941368,1.0005060888413873,1.0000635524419141,1.000014750887059,1.0007282837195675,1.0005263055857387,1.0006835326859624
61256.281225403545,1.0002268518950406,0.9996642636709533,1.0002994591181003,0.99956944960712,1.000395307324606,1.0010224762213977,1.0008486841402011,1.000419401406184
61256.281309167796,1.0004021013599709,1.000328352707266,1.0004190118750989,0.9998509617584511,1.0007775152840765,1.0013988032209478,1.0004746109071352,1.0011772589403434
61256.28139293204,1.0001396757380259,1.0004833858293243,1.00008649205474,0.9991157889420799,0.9997504896392118,0.9997066301092928,1.0002270679180654,0.9991048433290104
61256.2814766963,1.0007736577164241,0.9997915665549006,0.999874578411398,1.0005378500891213,0.9996560768193253,1.0011641934432698,1.0001027409820888,1.0000190617387785
61256.28156046054,1.000348398607101,0.9997001644306376,0.9996339421690636,1.0002267395834983,1.0009198041616956,1.0007011444414855,1.0008246935134597,1.0006366826303235
61256.28164422479,1.000997427593485,1.0001995172919396,1.00080003691419,1.0001903431178378,1.0006443544652752,1.0000253961099939,1.000513367730968,1.000907347965716
61256.281727989044,1.0011152158807661,1.000929132043367,1.0012322916724066,1.0016407224585608,1.0009512376502654,1.0014176889485271,1.0015184802074988,1.0006996916919961
61256.28181175329,0.9998458819089318,0.9998151938809666,1.0000621664845923,0.9989602649187431,0.9997783201912074,0.9991529701449984,1.0002963436000807,1.000579266736383
61256.28189551754,1.0003221665589133,1.0003912358726474,1.0002953610613747,1.0007144413673876,1.0005348103254996,1.0006425771097942,1.0011209280374378,1.0018824019962287
61256.28197928179,1.0010156719243073,1.0003123553050668,1.001021126239095,1.000271266122409,0.999598080775899,0.9992992817853036,0.9995713089668773,1.000492439213892
61256.282063046034,1.0019433544366236,1.0006652214929939,1.0011360569584271,1.0016527591903859,1.001395556519294,1.0011639023434353,1.0014206076655936,1.0021845025998555
61256.282146810285,0.9996821840104722,0.9996559545088024,1.0005960590646854,0.9999858691235648,1.0005918176521695,0.999820347627774,1.0014013285495162,1.000456247283696
61256.28223057453,0.9998567076096535,1.0004868272660594,1.0008462874776856,1.000241507407243,1.0008813646721446,1.0013370552480692,1.0014021116364964,1.0006135802295315
61256.28231433878,1.0005212069591665,1.0007955372679433,1.001074093872899,1.00010819026681,0.9998022384524968,0.9986814797248414,0.9995611281525172,1.0011453690398218
61256.28239810303,1.0010944668206823,1.0015184564950124,1.0020279887010823,1.002839536979232,1.0028323674141044,1.0025159192192268,1.002709219846542,1.0015753942994494
61256.282481867274,1.000345319333938,1.0004961324954051,1.0006086486424843,1.0005438649850924,1.000311289040094,1.0011559625418125,1.0021291260339025,1.0017669950043278
61256.282565631525,1.0002823934013365,1.0001009706534063,0.9999276812732767,0.9993897581838558,0.9996351000410727,0.9987311426439931,0.9995180153005424,0.9993592994516446
61256.28264939578,0.9996313948353381,0.9993500181004854,0.9989032399413249,0.9996912817364478,0.9997549037222568,1.0007319650238604,0.9986963130060992,0.9990357309060491
61256.28273316003,0.9990454250033403,1.0009601483201123,0.9996447352407773,1.000490792227788,1.0017697660440466,1.000165192692828,0.9985209968876022,0.9991087866042339
61256.28281692428,1.0010510499607825,1.0002574360968532,1.0000055631760543,1.0002896828376358,0.9999101354631443,0.9995443678192626,1.000142945371771,1.0020324463996961
61256.28290068852,1.0009718736322044,1.001196435657091,1.000960057507942,1.0003049659477132,1.0014982399582275,1.000862733458844,1.002754903452413,1.0026203529104702
61256.282984452766,1.0005951811167897,1.000894211263655,1.000473147883923,0.999562808386684,1.0016741058393666,1.000037299256126,0.9993111213961179,0.9983244282976599
61256.28306821702,0.9998337766934852,1.000259253729565,1.0005071969541437,1.0006806483493655,1.0013235031943275,1.0009682153076478,1.0010574668873369,1.0012601307146727
61256.28315198126,1.0005732004539116,1.0000066117199864,1.0005993468668684,0.9999384422091533,1.00026304533922,1.0001997959041717,1.0000779159968494,1.0025625986093458
61256.28323574552,1.0000238249559834,1.000881815611832,1.0006126359770464,1.0004742596908687,1.0011874522543993,1.0013204909284232,1.0010834352274207,1.002282361113039
61256.28331950976,1.0006007950641704,1.0007332694388236,1.001916956315298,1.0014366056204231,1.0010374715929362,1.0021184299054324,1.0023016693887232,1.0026416813823151
61256.283403274014,0.9995928681864895,0.9997562957663818,0.9997255660958178,1.0002899239985794,1.0011424837200196,1.0013586579074354,0.9997004728578317,0.9998552411013809
61256.283487038265,0.9995114558347273,0.9996847389068557,0.999748784778505,0.9989493311326518,1.00005834126652,0.99851909822931,0.9984220377313323,0.9976089427824522
61256.28357080251,0.9991531398072102,0.9995909358763476,0.9998421766953745,0.9995473619414967,0.9995447726893834,1.0001023134597418,1.000025752012954,0.9973863754894307
61256.28365456676,1.000407502764704,1.0000438616837433,0.9998883046179227,0.9995953440465699,1.0010161746475177,0.9999919787549777,1.0018247564291194,1.0004226347318612
61256.283738331,1.0002302193052304,0.9999286119278392,1.0002335129308495,0.99923946980674,1.0005140579176934,1.0003968149422315,1.0011818239026038,1.0010605775039634
61256.28382209525,1.0001552931641637,1.000469728671135,1.0007382553951876,1.0005688329501252,1.0007541444326113,1.0022830233782472,1.0018722239419957,1.002888002692642
61256.283905859505,1.0006573236893257,1.0012025887962732,1.0011236277829572,1.0006603707540105,1.0013010784832992,1.0003339903052644,1.0015129363891977,1.0029181418462427
61256.28398962375,1.0002488180512505,1.0004769338476402,0.9999516470520894,1.000289185892423,1.0006752559188032,1.0006943485358535,1.0009112371008186,1.00233000408216
61256.284073388,1.0006201476245657,1.0009445895181603,1.000520022345644,1.000145559059687,1.000872709176684,1.0000458982641716,1.0011041643020175,1.0011488584386936
61256.28415715225,1.0007921195141758,1.0003098154230938,1.0009493007495334,1.0011581861785006,1.0017452780710514,1.0022832060010751,1.0017292748489883,0.9992250851592168
61256.284240916495,0.9999842148320593,1.001050781385765,1.000125766787781,0.9998273485577733,1.0002733227897151,1.0011512601231949,1.0001540760764487,1.002561987498383
61256.284324680746,1.0009703963476775,1.0008905289654488,1.0011339209340788,1.0004894803419968,1.0006110001426654,1.0022520206498662,1.0006903327414736,1.0004612235449588
61256.284408445,1.0007996466115636,1.0005791394355634,1.0005947922204577,1.000712794384376,1.0004530475722073,1.0018511060851962,1.0009994247948448,1.001897869384155
61256.28449220924,1.0005710667759353,1.0009648908109692,1.0005310923341564,1.0003455821102547,0.99954833592185,1.0011378523652248,1.0007054291271384,1.0019516904891976
61256.28457597349,0.9993449892921218,0.9997697346298987,1.0003428927270828,0.9992762140101229,1.000078664869964,1.0002446636628257,1.0001474507709345,1.0009633725601277
61256.284659737736,1.0004252633181157,1.0001745841079286,0.9990875683941344,1.0001333099178633,1.000243987029657,0.9993401630735815,0.9989269008460832,0.998468615648865
61256.28474350199,0.9994518227826459,0.9997744227146628,0.999264107977184,0.999577232438354,0.9987108066627459,0.9977322336817874,0.9991527303474165,0.9998421737460881
61256.28482726624,1.0002459546479532,0.9999665026992932,0.9997256073103051,0.9998944864756414,0.9989246942110609,0.9991446844090105,0.9981339451243614,1.00055085382479
61256.28491103048,1.0000837555943893,0.9997039358788683,1.0004121645892883,1.0000207125424907,1.0004293342516948,0.9995662789824662,0.9993688374017576,0.9997682885345377
61256.28499479473,0.9999784118987299,1.0003745212484438,1.0003283651772563,0.9999121450086209,1.0007245094556398,1.0012064048265317,1.0005598050281492,0.9998475968283036
61256.28507855898,0.9994143430094811,1.0003103594840221,0.9999595875243282,0.9996059400090576,0.9990402877362548,0.9996493909652973,1.0025749595667306,1.0023622253974613
61256.28516232323,1.0009816862617713,1.001166550289746,1.0004833747576933,1.001677948240272,1.0018823701033674,1.0015805722992195,1.0018214422382166,1.0014143352209002
61256.28524608748,1.0004998889449066,1.0003441159510043,0.9996653764585403,1.000797350169986,1.0004006106107082,1.0001390442508733,1.0017088872426991,1.0021348307624958
61256.28532985172,1.0002494447659207,1.0004484565591336,0.9999990267811469,1.000978268713324,1.0003033536250872,1.0006336510018528,1.0017815509466026,1.001819779658626
61256.28541361597,1.000402522585694,0.9998464607385459,0.9992330567596585,0.9999718545250078,1.0003928934838167,1.0010003516803467,1.0002930700845822,1.0020938403418989
61256.285497380224,0.9999760292118031,1.0000331451357714,0.9999331181324969,0.9997921901177177,0.9995039220623013,0.9996364833936108,0.9981937307902649,0.9977900025319107
61256.28558114447,1.0005698365040279,1.000024603937779,1.0006890503099042,1.0003336078373788,1.0006175920382516,0.9997240431721084,1.000450003313131,0.9991589387126977
61256.285664908726,1.000682151119414,0.9997984819379667,0.999669294842379,1.0004684393594825,1.0008211751034874,1.0005465237009141,1.0002365442617727,0.9998959079185331
61256.28574867296,1.0003510163286653,1.000628890400107,1.0002685607283492,1.0004429523903218,1.0003793876669882,1.0012795881831553,0.9995158249813071,1.0000864289583469
61256.285832437214,1.000473873298939,1.0005943741470114,1.000542700784376,1.0010761609717544,1.0009871933522159,1.0013845140575006,1.001196566514797,1.002957068436578
61256.285916201465,1.000749025527453,1.0008170423095206,1.001177094000667,0.9998652903867262,0.999545684194322,1.0008279042338697,1.000137125029084,0.9994043884292424
61256.28599996571,1.0008368659301499,1.0009022407985977,1.000448674053011,1.0006160831453665,1.000566524446081,0.9998453240412397,1.0011113207804552,0.9982079561924552
61256.28608372996,1.0004163257467262,0.9996329316824661,1.0012533950493798,0.9997322218428261,1.000819949344761,1.0024728066423745,1.002557959298709,1.0014852580467029
61256.28616749421,1.000505458307574,1.0003181404490336,1.0000008783141419,0.9995935134045045,1.000297251864038,1.0011684633843283,1.0002897774277169,0.9999258444813846
61256.28625125846,0.9999861456828629,1.000109003428137,1.000822992381111,1.0010257062854135,1.000492201059881,0.9983568469061859,0.9989681128919925,0.9997010491310859
61256.286335022705,1.0002364028722308,1.0003381677004757,0.9999348943655096,0.999601185693312,1.0009479648491222,0.9998812180097518,0.9985721166415878,0.999697492264959
61256.28641878695,1.0005398484266579,1.000438011929909,1.000529114818499,1.0012907163857416,1.0009957795766802,1.0008426783252966,1.0011776609971785,1.0014971440635885
61256.2865025512,1.0012018909588398,1.001037873065441,1.0008134899911931,1.0020335020062066,1.0017251154804354,1.0037700133054661,1.0023702426509464,1.0021458819114721
61256.28658631545,1.0009490907106664,1.000623029065267,1.0008309692780455,1.0001782808571564,1.000921727867948,1.0003956846356674,1.000856030323254,1.0022615050379688
61256.286670079695,1.0000302498127895,0.9999889478379371,0.9995110850126968,0.9996675798044053,0.9999331790513905,1.0000245883735168,1.000747949963989,0.999464970811551
61256.286753843946,1.0009256383529865,1.0012358732596773,1.0009403661170262,1.0006226034135512,0.9996209712921389,1.0002754282186148,1.0004635468554304,0.9986490657362371
61256.2868376082,1.000076072383961,1.0003108682424349,0.999598076988029,0.9994772495400888,0.9987739584957386,0.9984632835910555,1.0004216723815127,0.9990241452475874
61256.28692137244,1.00016903563675,1.0004022588598651,1.0004577944848831,1.0007293839274791,0.9994397563384586,1.000232716172247,1.0018663735200184,1.0010553841001906
61256.28700513669,1.0005563032468718,1.0005821834955588,1.0006790051140493,1.000030266531076,1.0003072735187077,1.0001884074873946,0.9995007210758196,1.0002259383278898
61256.287088900935,1.0000608288039707,1.0003498173073535,1.0004304300703337,1.000025640851024,0.9997741696758554,1.0001275919399475,0.9998886205281526,1.000396887501281
61256.28717266519,1.0007216430605759,1.0006149483640192,0.9999229254556118,1.0001246682760747,0.9998220616152311,1.000277813282286,1.0006811271113796,1.0016864157307883
61256.28725642944,1.0005214095201618,1.0005889073959902,1.0006459324930066,1.0006682190184295,1.0002449654402406,1.0011094116014791,1.0003261846487994,1.0003659064243715
61256.28734019368,0.9996183095547332,1.0002083815749845,1.0003093324384038,1.0000440900349903,1.0006469424972775,0.9998717886161839,0.9990082738717896,0.998731376858307
61256.28742395794,1.0006518027709435,0.9993159950771635,0.9993755401434952,0.9994208882695265,0.9994123863541114,0.998053428375373,0.9986606430694406,1.001876126722579
61256.287507722176,0.9994199023904964,1.0006009947093815,1.000128745926871,1.0003512564562393,0.9993689755723796,0.9985578526530327,0.9999694575955943,0.998638938844559
61256.28759148643,0.9991873951074448,0.9991041600949891,0.9996537678969302,0.9993550349736222,0.9995436842899738,0.9992234225035859,1.0014087270295173,0.9994718948669559
61256.28767525068,1.0002835927966662,1.0005310822097744,0.9996756542377719,1.0008243924165579,1.0008704134344957,1.0011687234907323,1.0017631386609844,1.0011706081556688
61256.28775901492,1.000512266193648,0.9995597642015016,0.9997619835509826,0.9998122327484532,1.0002897504909567,1.0001386086739716,0.9984629759873374,1.0004888357947297
61256.28784277917,1.000816409132843,1.0011592139576906,1.0009158819267974,1.0017938849387622,1.0014227068638972,1.000406744283672,1.0012802535950012,1.0025939253378224
61256.287926543424,1.0004483422289143,1.000975043524135,1.0000885809609041,0.9997175387847984,1.0005319759590767,1.0002424647981478,1.0010281330848332,0.9999053223408793
61256.28801030766,0.9997426201197461,0.9999028384098849,0.9997589938297945,0.9993092761097252,0.9998556817019318,0.9994600871456963,0.998668242875601,0.9985893489632206
61256.28809407192,0.9992527803860624,0.999539302930202,0.9998275229401044,1.0000234944442699,1.0000530634924192,0.999962141617989,0.9999676801829815,1.0025905287300492
61256.28817783616,0.9993928208371614,0.9993881244854079,0.9993794168672845,1.0003742986036652,0.9993838534617949,1.000003806324822,0.9998916540929487,1.0001650384526166
61256.28826160041,1.001043034827146,1.0021078354644672,1.0029928893568463,1.0033307845477661,1.003628146536897,1.0023593413627339,1.000632967774825,0.9995866762591278
61256.288345364665,0.9982784625299075,0.9991627683044181,0.9980417175840979,0.998361341591339,0.9977679216248355,0.996736428830837,0.9973473197260223,0.9994095605408284
61256.28842912891,0.9996015968086261,0.9999201249125058,1.0002043102387752,1.000040860758593,0.9998212891591459,0.9996114247283495,1.0004691976602988,1.000943712249236
61256.28851289315,1.0002541743389155,1.0003230190109815,1.0002438807136103,1.0002592021267567,1.0006535697041765,0.9993848646597667,1.0006914890851022,1.0011053892421689
61256.2885966574,1.0002590488455005,1.0012811680635818,1.0013383385533021,1.0009697961072639,1.001240491873566,1.0009786586632103,1.0013978345664918,1.0018107395504063
61256.288680421654,1.0004769757295349,1.0016134340044818,1.0027035235552995,1.0028421245642796,1.0028559519919362,1.004776204054927,1.0041709797025993,1.0043079155816768
61256.288764185905,0.9995248646539526,1.0005380935575914,1.0006426110508908,1.0009210414444711,1.0020066785957062,1.0024492688008995,1.0030260573171836,1.002061545322874
61256.28884795015,0.9999758358339275,0.9996471009505723,0.9998032362452429,1.0001617688920341,1.0010562629557334,1.000609814431391,1.001667914122062,1.0007549557521687
61256.2889317144,1.0004755125524094,1.0005361695704644,1.0004158318989258,1.0008649542992978,1.0014281682906152,1.001760418831165,1.0025639611425685,1.0010456742959966
61256.289015478644,1.0008617459302733,1.0004126238349944,1.0004429568238868,1.000742771953718,1.0008480453229398,1.000343048731312,1.0015110519900177,1.0019754373251146
61256.28909924289,1.0007419945847242,1.0006629692818405,1.0006483515606313,0.9998204641935698,1.00040002180724,1.0002247248738476,0.9995621142747071,0.9999207562156589
61256.289183007146,1.0013737545142516,1.0013917652606714,1.0011314766922,1.0014017193229328,1.0017839213187036,1.001711044627738,1.0015665684475492,1.0010874775363807
61256.28926677139,1.0004738900681147,1.0000590816485706,1.000004372300152,1.000460082748614,0.9993396430224404,1.0010208674239516,1.0022269473042902,0.9982032656118659
61256.28935053564,0.9988914754526071,0.9998978660058061,0.9993324506197865,1.0000188318341245,0.998798897912885,0.9991342780071534,0.9997844614145598,1.0020881812187827
61256.28943429989,0.9997524410008121,1.0004189684568114,1.0001094843919187,1.0000728149554021,1.00000478667663,1.0004537465360335,1.0010492507975342,1.0003330779037753
61256.28951806413,0.9998217285730894,0.9998324792664192,1.0001361551777856,0.999506730907777,0.9990441397105082,0.99721328469061,0.9983918787992039,0.9988859988299867
61256.28960182838,1.001573842455632,1.000986822722528,1.0016984594930358,1.0008045411283182,1.001270090018642,1.0017255323875502,1.0006515889064254,1.001943485122898
61256.28968559263,0.9997263347214425,0.9992360664940656,1.0003519374134102,0.9995173454592379,0.9993902566361548,1.0006407418218952,1.0003611860048678,0.9996256237006879
61256.289769356874,0.9999023429250294,0.999870560961924,0.9995417534924428,1.0001866860472075,1.000904564204609,0.9996111672444665,1.0008116931074373,0.9989339616228744
61256.28985312113,1.00025380541705,0.9997023845790628,0.9995899577340276,1.0004127247373291,0.9987917893570387,0.9990636773569223,1.0002240685342814,1.0004283022962586
61256.28993688537,0.9998575434066654,0.9997836792354736,0.9991568358007198,0.9999191612306064,1.00025723890915,1.0001375460761324,1.0010773038375267,1.001737379966098
61256.29002064962,1.0001639423323487,1.0003206395543662,1.0011047967723117,1.0009755227502262,1.0005564340272761,1.0009149223425693,0.9990547867090067,1.001233491732027
61256.29010441387,1.0009374604887762,1.0004717401325347,1.0006319784928968,0.9999747591140091,1.001326575785396,1.0009878374868146,1.00145928724034,1.0002926092677475
61256.290188178114,1.0011477954612276,1.0008010453541891,1.0006043587713072,0.9997896533425297,0.9995038940159956,1.000323636592239,0.999248254312002,1.0008852068000733
61256.290271942366,1.0010548566967585,1.0007822088923646,1.0010305732679312,1.000380817632585,1.0008854964336416,1.0023261555048013,1.0024362827583864,1.0017850929222598
61256.29035570662,1.000139100528681,1.000260437034155,1.0004892824645835,0.999854241596855,1.0003955330466818,1.000234017896322,1.0000315039936172,1.000166404176323
61256.29043947086,1.0012107518711406,1.0012621608984518,1.0012852568556199,1.000502376627936,1.0018310781407505,1.0013203063983072,1.0012320614446752,1.0019090148990955
61256.29052323511,0.9997832091110304,0.9990590677219683,0.9992389617931764,0.9990490066932294,0.9991933382855281,0.9995564390451516,1.000096027489564,1.000535114300037
61256.290606999355,1.0006725788480326,1.0008317963034792,1.0005770043819033,1.0002832141228695,1.0015064348860396,1.0019983306012308,1.001836087092716,1.000559292334237
61256.290690763606,1.0010139942082037,1.0004661704903195,1.0010152813564506,1.000675985987073,1.0010472543471456,1.0016082828100636,1.0014757337759705,1.0029641580418862
61256.29077452786,1.0002639101763047,1.000217726798953,0.9993964895787888,1.0004310673445167,1.0006122995651832,1.0003479094548355,0.999748016594364,0.999776326272111
61256.29085829209,0.9979098390490513,0.9976172296238313,0.9986007553456843,0.9973389961574184,0.9978999803589812,0.9963479659960162,0.9962705795720551,0.9944553374472385
61256.29094205635,0.9995801780462235,0.9998889992649909,0.9994646656925843,0.9987930154669165,0.9993673482108282,0.9972984684650544,0.997837466206149,0.9998502849984013
61256.291025820596,1.0010923363368345,1.0010278207856993,0.9997521507768233,1.000320598530484,0.9998353236319434,0.9993743457279164,1.00062251248694,1.000002662093236
61256.29110958485,1.001735007543115,1.0002756355493525,1.0009919187572291,1.0010387688806976,0.9998711657970415,1.001154082432645,1.0006003143124562,1.0023651741763675
61256.2911933491,1.000103670720703,0.9998769984204209,1.0003397984102096,1.0006841187867062,1.0005188590735492,1.0001169256700975,0.9992767667447927,1.000179703477865
61256.291277113334,1.0002811407705283,1.0003266822056105,1.0007398818079696,1.0005077934546804,0.9995899686353751,0.9982862455407219,0.9991407170890145,1.000515787293764
61256.291360877585,0.9999319335995529,0.9999349520809833,0.9996520366656818,1.0005352667175742,1.0010329100133553,1.0005738858932836,1.000156119075523,1.0018041655561931
61256.291444641836,1.0006123451666655,1.0000565873470617,1.000581134407704,0.9998572433442221,1.0001575488220238,0.9985597563648893,0.999854826787231,0.9993814416252014
61256.29152840608,1.0012647495485612,1.0016111031446848,1.0018172982368891,1.0017989391566064,1.0017521504296958,1.0010857137862212,1.003213802676996,1.002644267249124
61256.29161217034,1.000507718419812,0.9999297054121036,1.0002462596806525,0.9997827278347324,1.00017003094869,0.9997085939007221,1.0000865562730086,1.0000011457493552
61256.291695934575,1.0002840644630053,1.0002052701497448,1.0002201824947936,1.0000602478182128,1.0007359650199323,1.0003200105992989,0.9998480545033659,1.00246828474133
61256.291779698826,1.0014388705544368,1.0003286071981892,1.0005820888015615,1.0006426968541466,0.9999104529270515,1.001037919294098,1.0006218401464382,0.9973503840711603
61256.29186346308,1.0000139311423117,0.9999959866680929,1.0002186689205947,0.9999393961952499,1.000287940152603,1.0005874519561593,1.0002816091913305,0.9999072726548067
61256.29194722732,0.9999892466494832,0.9998900912969366,0.99944581953283,0.9999907173755875,1.0001548580662027,1.0002707637073471,1.0008983843567671,1.0010817977510238
61256.29203099157,1.0003634814159463,1.0013757740028977,1.0023350428694615,1.001271252987406,1.0024078566709351,1.0030731634545358,1.0022849644446437,1.001827037144639
61256.292114755815,0.9996602567161614,0.9997558528091782,1.0002709694366565,1.0003610716818592,1.0005629255643944,1.0004487654149539,1.0006052565449501,1.0024698238262744
61256.29219852007,1.0003121604183824,1.0003314912796941,1.0013314396936872,1.0009910834556346,1.0009360542926515,1.0009781100794932,1.0002416430433005,0.9987143870790153
61256.29228228432,1.0004766977072488,1.0002313442976698,1.0000910865789518,0.9996785034285247,1.0008436205958149,0.9994346815924259,0.9984556779995111,0.9989805634166535
61256.29236604856,1.000019023248915,1.0001785353085275,0.9995579076778324,0.9995274940471077,1.0013825698970305,1.0011889412205834,1.0003029753999875,1.0008463549213757
61256.29244981281,0.9995833073607359,1.0007207268793783,1.0006939377911472,1.0002971013249982,1.0011168159436905,1.000268376259566,0.9984915940394545,0.9982665973950582
61256.292533577056,0.999757493446984,0.9999797485161398,1.0001380888055837,1.0008986191773328,0.9998923159217386,0.9998976948325599,1.0007856529872288,0.9998312490273462
61256.2926173413,1.0006351039991495,0.9996352141688788,1.0002264293857752,0.9999137344897426,0.9999555392221249,0.998508444833654,1.000128101925593,1.0010815902466932
61256.29270110556,1.000381903287089,1.0007241168146583,1.0005013277883688,1.0013605613537906,1.000534877569052,1.0010742245215898,1.0024600966692971,1.0017329627192342
61256.2927848698,1.0003970499785086,0.9998728777454012,1.0008474021624818,1.000885185546147,1.0013096363235503,1.0002166799329721,1.000501055046903,0.9987252183137175
61256.29286863405,1.0001716449737268,0.9997045951198413,0.9999376336808397,1.0003306769759623,0.9997504301675272,1.0008117554646019,1.000239906647902,1.000745178795693
61256.2929523983,1.0003380140954068,1.001157648804999,1.0012193524398088,1.0001289120146941,1.001210613265432,1.0016055873352672,1.000432769588799,1.0016000895826045
61256.29303616254,1.0015768449366167,1.0006328738868682,1.0003651766206414,1.0005213515080595,1.0012630108607308,1.0011036902142363,1.0007557418674358,1.00207415275433
61256.29311992679,1.000449899765925,1.0012694365682724,1.0014426809366708,1.0001710185171677,0.9998334446984081,0.999362762290939,0.9997337538835765,0.9990908186442359
61256.29320369104,0.9994667838153342,0.99952526046069,0.9998108439940396,1.0005061021059865,1.0004831671082455,1.0004347749804932,1.0000961095239924,0.9990341605127707
61256.29328745528,0.9995239033543003,0.9995095343069373,0.9999079707231937,0.9989548540404697,0.9989192530587808,0.9989873915579206,1.0004617899514248,0.9981712715182166
61256.29337121954,0.9996230379299298,0.9998873683110906,1.0000993393901705,1.0005827037939574,0.9999847550250921,0.9997237344298598,1.00146366685338,1.0006043744454194
61256.29345498378,1.0005731019682766,1.00060667148803,1.0010776033421893,1.0004167853126007,1.0004575005145917,1.0017363755583644,1.0024868949243468,1.0012104840751674
61256.29353874803,1.0000972350837123,0.9999656311963563,0.9999393184622469,0.9995233526717665,0.99971035892363,0.9994714958274088,1.0004883123657093,1.000920557121934
61256.29362251228,1.0002908943087143,1.0001194507385651,1.0007731524813324,1.000237249293151,1.0004897476839372,1.0002421558174883,0.9995395794172575,0.9982655057610128
61256.29370627652,1.0007141693317552,1.0009445433791122,1.0010365947045279,1.0016710814736296,1.0017042726824266,1.0017465020657044,1.0022791174407675,1.0025658365336314
61256.29379004077,1.0002421646811528,1.0004310475031575,1.0006373286903028,1.0003659744615363,0.9998485466203626,0.9991766052581627,0.9992406169067287,0.998285530306889
61256.29387380502,1.0016848538665053,1.0012258542715489,1.0001046528287096,1.000310289829593,1.0003996501092112,1.001615004569874,1.0001410469583762,1.0005478819898468
61256.29395756927,1.0008446598703735,1.0004858010353226,1.0005248372002773,1.0001737282937315,1.0007075951678877,1.001168529900998,1.0021958836007796,1.003692506368804
61256.294041333516,0.9997491135172311,0.9998767420303118,0.9999387129434548,0.9998487769344861,1.0002814384782657,1.0008760203424358,1.000831693442863,1.00074561875023
61256.29412509776,0.9991201895747299,0.9996652538171563,0.9990178863920846,0.9983302742124709,0.9986214061907774,0.9995142352910418,0.9991524709135371,0.9995130085680554
61256.29420886201,0.9996401289141112,0.9995796572810389,1.0001819605134274,0.9997517938007642,1.0010009281012393,1.0012864181815606,1.0017444953117263,0.9998149424248808
61256.29429262626,1.0011091439751818,1.0007550948842499,1.0005517502604953,1.0002203115166197,1.001191958586137,1.00043457924506,1.0005536743218755,1.000495480027962
61256.294376390506,0.9987787117959603,0.9998988808414269,1.000265105172064,1.0001558575986063,0.9995053002172198,0.9999908179318056,0.9985672465310287,0.9980227576324232
61256.29446015476,0.9993514406335787,1.0009560922174163,0.9999009474403833,0.9998741097390969,0.9991878155286354,0.9988807598528507,0.9992317876095745,0.998636007641156
61256.294543919,1.000431494264692,0.9998625675115149,0.9999350615626595,1.0002712852070879,0.9997025353559393,0.9990754095623653,0.9997033416701507,0.999084264619322
61256.29462768325,1.0000432058642708,1.0003770089586603,1.000613646511719,1.000882400422279,1.0007648103075466,1.001419088182702,0.9993695767370425,1.001108960597062
61256.2947114475,1.0021629341491751,1.0011917462317248,1.0011325326741993,1.0008673706179407,1.0016624427999925,1.0019993667354483,1.0018862473857009,1.0031060339309161
61256.29479521174,1.0007078132818048,1.0005345325838555,1.000358490628284,1.0001965704238074,1.0010948325395945,1.0018295191609563,1.0014849575220008,1.0009942236161085
61256.29487897599,1.001930418747713,1.0017506036065276,1.0021316018108062,1.0017355624076174,1.0018952717419456,1.002156559692328,1.0027839754283667,1.0015813262523336
61256.29496274024,1.0002795636694792,1.0004601257164556,0.9995091992828162,1.000347860622644,1.0003331462358138,1.0002638505035018,1.0014282813027395,0.999385568088826
61256.295046504485,1.0003207462363481,1.0007512377492158,1.000152733092661,1.0008075874892206,1.0003058755962124,1.001599846159911,1.001262850332851,1.00041597815168
61256.295130268736,1.0009925624031086,1.0014014250792136,1.0006877434764845,1.001165593264626,1.000593404971706,1.0008589598894932,1.0004384214190973,1.0034043457851611
61256.29521403298,1.0010462366749977,1.0007977762965117,1.0010868944243168,1.0002091497057926,1.000586775399456,1.0008688606216136,1.001576368827248,1.0017161848538974
61256.29529779723,1.0000727278650268,1.0010317976811676,1.0013918075557748,1.0016309555642708,1.000938096604366,1.0005790632266183,1.0004391132427761,1.000869675094624
61256.29538156148,0.9990344201652334,0.9989627006786536,1.0002315882142918,1.0003159383988685,1.0018965186198785,1.0023253582584084,1.003759473818097,1.0037077687091902
61256.295465325726,1.001080259602369,1.002233635868861,1.0013045826628941,1.0009855075072802,0.9995906329611246,1.0008589014787976,1.001355771413389,1.0032776759193132
61256.29554908997,0.9999196556349786,1.0005165470690727,1.0011961486834495,1.0002267864277103,1.0013076173274393,1.000947483563675,1.0013260315404648,1.0021400992558749
61256.29563285422,1.0007966736762692,1.000406592690583,1.0005387808410702,1.0008088391467387,0.9997828322673691,1.0010172750469626,1.0020442210842482,1.000076503208541
61256.29571661847,0.9997108509163556,1.00088933225484,1.0007768092088718,1.0006614858445402,1.00175540244954,1.001356084737483,1.0008016411554912,1.0006663382370988
61256.29580038272,1.0010197755811643,1.0011902309047367,1.00075409779855,1.000314364036778,1.0007825289836234,1.001214363462624,1.0021790672266015,1.0020933044465312
61256.29588414696,1.0006804348075886,1.0005508836815167,1.000011372636518,0.999758265985472,1.0008468925521896,0.9994807025451002,0.9994091063935518,1.0011398729468235
61256.29596791121,1.0007066745749205,1.000689064320812,1.0000217459888041,1.000332969368118,1.0000721932693764,1.0015353495465822,1.0002748081954154,1.001189658993458
61256.29605167546,0.9997293757981494,0.9989371452319378,0.9995583325212233,1.000130271983962,0.9998163423652441,1.0006512035351052,0.9996195195749498,1.0020973045429165
61256.296135439705,1.000640059423662,1.0000621163243533,1.0001896061349964,0.9986552223496274,1.0007157941505873,1.002575526261301,1.000487905269859,1.0013915899996941
61256.296219203956,0.999203383717956,0.9996378044351388,0.9992330702379097,0.9994957319363537,0.9996942294255795,0.9995254365551819,0.9985232227550898,1.0000579286101992
61256.2963029682,1.0008038176113008,1.0004932804766284,1.0005986104642315,1.0006839271963572,1.0011869555306698,1.0006644966173828,1.0012378838382225,1.002311574182497
61256.29638673245,1.000698224507425,0.9994622997638336,0.9997760202028481,0.9994306953159984,1.0004327648555467,0.9998605546897364,0.9994362303936439,0.9994270499935721
61256.2964704967,0.9992392716172264,0.9990705352304249,1.000785234229813,1.000421317304229,1.0010040642188798,1.000272425908858,0.9997041804721799,1.000362269429068
61256.29655426094,1.0009358683487044,1.0012250158367917,1.0003691754284258,1.0005858887046724,1.001313067941124,1.0012039363190097,1.001581089566786,1.0003193900513188
61256.29663802519,1.0004005921341566,0.9996287950319408,1.000257341587949,0.9996461169761292,0.999771502742499,0.9989326700341137,0.9985095773533749,0.9997157471655235
61256.29672178944,0.9998742561527725,1.0003140906024797,1.000839278898422,1.0007250727728507,1.0015361915096388,1.0012307518349501,1.0008798630337215,0.9990611213980062
61256.296805553684,1.0002945023432668,1.0006703389055094,1.0010785276606105,1.0017045240275468,1.0007119965794091,1.0014907604903902,1.0025551468850595,1.002223997338812
61256.296889317935,0.9997034361458272,1.000700174670585,1.001497050865558,1.0005417797980225,1.0004657787365532,1.0015620556318725,1.0021773896225432,1.00167629142189
61256.29697308218,0.9996948636367312,0.9994482660082338,1.0003875243409601,1.0005750320008562,0.9998884392802523,1.0003397925138373,1.000229941173916,1.001765237705965
61256.29705684643,0.9998214681185109,0.9998003613500817,1.0004184803196028,1.0004870035472286,1.0000299940542645,1.001524216467989,1.0010025786768022,0.9991431521309517
61256.29714061068,1.0007057417562493,1.000753657535604,1.0002694195491524,1.00090672149105,1.0002260510791863,1.00157428826201,1.0015154206651338,1.001227545857328
61256.29722437492,0.9998331699421195,1.0002778020737026,1.0004763608316856,1.000636622225609,1.0003575375673215,0.9999384895776438,0.9994289764993229,1.0008140396810727
61256.29730813917,1.0003538815952047,1.0000146544375144,1.0002118908082887,0.9997569954911278,0.9998789336100278,1.0008284640229042,1.000895329599744,0.9999251790060509
61256.29739190342,1.0004040186357277,1.0005992998534583,1.0008162904599112,1.0004593778547561,0.9996967696436988,1.000231291428095,1.0002897042803516,1.0000039234978253
61256.29747566766,1.0000591371135539,0.9999161611996226,1.0004263335730752,1.000321926774571,1.0001276769720358,0.9996133763608177,1.0000654570180538,1.0016485418438135
61256.297559431914,1.0007072415327662,1.0003820591176482,1.0005578384200056,1.0003178837968607,1.001268048551696,0.9998889532547347,1.0005161367347326,1.0005123553460002
61256.29764319616,1.0005938632725204,1.0002849959668088,1.0001324154643187,0.9993416494259131,0.9998559682473214,0.9997551498476864,1.001081479048116,1.0002698790392648
61256.29772696041,1.0009794475768132,1.000819980685402,1.000924715639506,1.000326556172418,1.002216080424629,1.00167667815852,1.0009409568069458,1.0011751586361877
61256.29781072465,1.000105388629593,0.9997119844056711,0.9991865823012455,0.9997529879563926,1.0002913354451424,1.0010092293908546,1.0016235030752598,1.0010593770781817
61256.2978944889,1.0007284228649347,1.000168810805945,1.0005341472187905,1.001125021963473,1.0005206646812008,0.9999535306893934,0.9988419859839355,0.9970352604604645
61256.29797825315,1.0004512526125213,1.0002903370364038,1.0007242461453865,0.9995347707625689,0.9986674585628181,0.9989166750399422,1.0009198220037387,1.0007309232985722
61256.2980620174,0.9999313967197525,0.9993249527554726,0.9996955176156297,0.9993200021950243,0.9995673185401783,0.9988609834217653,0.998497154948262,0.9983991897645956
61256.29814578164,0.999768129363225,1.000462582816263,1.0004851087737043,0.9997391941948353,0.998639204106116,0.9995655134447365,0.9985788691004659,1.0016291755288877
61256.29822954589,1.0008281571382291,1.0000419514377854,1.0004858344828527,1.0007184612947717,1.0012734035376145,1.0029276047161773,1.002517678685371,1.0024052547024436
61256.29831331014,0.99971921740415,0.999874733250116,0.9993614454571759,1.0001128246217161,1.0003160609669683,0.9989713474510825,0.9993147374053546,1.00134666902879
61256.29839707439,0.9994544238681233,0.9999861110126483,1.000277097696749,0.9987581314001027,0.9995669130514198,0.9998415745514,1.0004718730080913,1.0017810438790424
61256.29848083863,0.9998229123970416,1.0000864255699071,0.9999582990703424,0.9995587644175616,0.999392248937589,1.00030565444236,1.0002638849694794,1.001369900946553
61256.298564602876,0.9992798136282006,0.9996101078237918,0.9997272273738281,0.9999187649137012,0.9996772115692404,0.9995558349116708,0.9997075404656385,0.9995026807864833
61256.298648367134,0.9994139617103666,1.0001965102102126,1.0002428639410692,0.9995627226295551,0.9993644437286408,1.0001610870169506,1.00038213349613,1.001444152534906
61256.29873213137,0.9999973238024521,0.999489513646788,0.9998248016700363,0.9994198301851809,1.0002118640412434,0.9994726909817654,0.999546539013067,0.9990805367857533
61256.29881589562,1.0007472413403924,1.0006780613309054,1.0007977139765725,1.0001150144027409,1.0006146159197167,1.00081717621557,1.000972777278057,1.0031746718152854
61256.29889965987,1.0007235808319916,1.0004375236156755,1.0000865431829826,1.0006086282236173,1.0003242491366344,1.0002871997618734,0.9997187385069094,1.0023681035529264
61256.298983424116,1.0007653418023341,1.0002552905752657,1.0007434514281333,1.0020539630127623,1.0008207013574546,1.0009793777107947,1.0018248059915864,1.000142193825875
61256.29906718836,1.0010927736662902,1.0010188161863245,1.001021905749858,1.0002747868739035,1.0004565344376244,1.0021558001148736,1.0027418104158485,1.0011027046627652
61256.29915095261,1.000427515844298,0.9995060975623085,1.0001944246655163,0.9995656631572376,0.9993458458177721,0.9990546821097901,0.9994771830056739,0.9988195680256812
61256.299234716855,1.0011461329172353,1.0009965166147012,1.0004262718627348,1.0000042635320239,0.9992867755670426,1.001059856682512,1.0013303882522273,1.0018674123596216
61256.299318481106,1.000087291761046,1.0006670828069835,1.000407997247668,1.0006150282831097,0.9999057048226415,1.000814093084483,0.9994787108969008,0.9997904391493757
61256.29940224535,1.0001597018603121,1.0003066155181302,1.0002326639124108,0.9998830321983049,1.0004569700001325,0.9994740864013641,0.9995814477385931,1.0000829793090902
61256.2994860096,1.0010684136437025,1.0007665455234662,1.0006254259463658,1.0006104591135354,1.0008245905015107,1.0015682557484087,1.0019586584919271,1.000939097955151
61256.29956977385,1.0004585711599223,1.0007267436123195,0.9994875693629198,1.0000994016482079,1.0000685399846145,0.9994204467866875,0.9991195245198975,1.0011255275563573
61256.29965353809,1.0011592452148457,0.9998872946897043,0.9995086979141476,1.000030811311913,0.9999626982951122,1.0012873613354873,1.0014079958976752,1.0006350168631661
61256.29973730234,0.9999640793108648,0.999941250116885,0.9995923489540255,0.9996028230100577,0.999454887320441,1.0003913064560137,0.9998170745433346,1.0012021479949984
61256.29982106659,1.0008634756840573,1.0009486829342753,1.0012661314398659,1.0006251677004194,1.0009778816407808,1.0014845908904622,1.0004777784614973,1.0013483075822645
61256.299904830834,0.9995733495314016,0.999670451218917,0.9999321911407038,0.9994544215376323,0.9992940958218116,1.000034496257967,0.9986488393406409,0.9992624496715659
61256.299988595085,1.0002797281671076,0.9999554813878281,1.00100625137367,1.0002983113432167,0.9999000737664595,1.0002330432721431,1.000424634507994,1.0009412850659147
61256.30007235933,1.0006797576523025,1.000516131370774,1.0004435378367673,1.0011882874264766,1.0011698373158628,1.0021238046430774,1.0012387793807314,1.0031116845497567
61256.30015612358,0.9998465878113761,0.999771292185846,1.001025693918195,1.0006556570861527,1.001433668745626,1.0000253646397415,0.9997601809328382,1.0002677112048595
61256.30023988782,1.000120781668189,1.0009440578577993,1.0008246849598537,1.0006981460257647,1.0015601138258157,1.0024418265630388,1.0003674510425178,1.0013601924022522
61256.30032365207,1.0006993218237248,1.000521285538124,1.0014254077222553,1.001738171308021,1.0013378419526477,1.0013467001651835,0.9985137197501931,0.9992868435253882
61256.300407416325,1.0002182982845393,1.0006036448558586,1.0001007781099494,0.9992223974460438,0.9996960328368335,1.0001781300658898,0.9989967008648194,1.000731985640112
61256.30049118056,1.00034504557049,1.0001762342771225,1.000724584438354,1.0004345179536194,0.9994829566039432,1.0010261661084867,1.000396357240564,1.000435125434257
61256.30057494481,1.0002610427803462,1.0001216155871628,1.0008028568762466,0.9996142599376859,0.999711437016867,1.0003387404060824,1.0017835481431212,0.9995524476827485
61256.300658709064,1.0017754175301032,1.0003209367211157,1.0014701667668717,1.0005719712644812,1.0010543950041855,1.0014701405611774,1.0023185035370277,1.0023399349975262
61256.3007424733,1.000281368352199,1.0005714968876958,1.0001938674902038,1.0000976128932952,0.9999133628157557,0.9993032494212107,0.9991283654385958,0.999684678085108
61256.30082623755,1.0011699430173306,1.0003768011653693,1.0007756046319372,1.0008930266228293,0.9999299278763144,1.0009531751495424,1.0017050517913666,1.0026376380086153
61256.3009100018,1.0017794124534953,1.0012786246066707,1.0009050821716532,1.0015532271366803,1.000908289801533,0.999569958379471,0.9989215908259024,0.9986060889687811
61256.300993766046,1.000495113722489,1.0007764229663798,1.0010462719775406,1.000372638484446,1.0010157147556842,0.9993227533485199,0.9996614836031186,0.9995838412485337
61256.3010775303,0.9999841634598226,0.9996796579140247,1.0003193214934434,1.000420649092611,1.0000209763221795,1.0001052966966184,1.0008930141780057,0.9994047627433689
61256.30116129454,1.0018816113963533,1.0012778854881688,1.000319414727297,1.000300694449561,1.0004784171453454,0.9996245378103202,0.9989018806872665,0.999388398626801
61256.30124505879,1.0013458712346108,1.001125645956989,1.000973303287213,1.0009135166281828,1.0012603278767778,1.0013187564883785,1.0017265509641593,1.0021457278265926
61256.301328823036,1.001181962789834,1.0016283222820612,1.0008130699375941,1.0016253969656248,1.0021109782452504,1.0024895068562922,1.002682456456124,1.0032971674675748
61256.30141258728,0.9999110590368288,1.0003426819538632,0.9995791633256278,1.0000530516549682,1.0002512669045036,1.0007410415691442,0.9996144549744337,1.000422671961691
61256.30149635153,1.001873642045228,1.001426459143516,1.000998818285187,1.0017425984578407,1.0017539881385407,1.0012470868032113,1.0013536433035952,0.9994552810396512
61256.301580115774,1.0004294122251294,1.001031778465874,0.9995249370904936,0.9991363079462313,1.000614372457508,1.000443048319109,0.9993599913559077,0.999323064811085
61256.301663880025,1.0002357372956614,0.9995529742764278,1.0003548188630262,0.999280924455892,0.9990896423073736,0.9992902548295082,0.998051188793108,0.9985070948512963
61256.30174764428,0.9994761293035774,0.9997023202301728,0.9996462190737113,0.9998515070349938,1.0003666230498198,0.9993052299014101,0.9987539562061838,0.9999270645614927
61256.30183140852,0.9994148917341752,1.0001906740116575,0.9994654893139876,0.9995482195127865,1.0005137776235886,0.9985356058071372,0.9994219912677544,0.9994155131559532
61256.301915172764,1.0004746224552097,1.0000987687148233,1.0000508605709877,1.001013017700267,1.000695455341315,1.0008098114612856,1.001752217827719,0.9994382891815364
61256.301998937015,1.000423977148956,0.9998596695771239,1.0001537684674167,0.9999434842822016,0.9999259758815007,0.9997308285876564,1.0002961716695917,0.9991803725745684
61256.30208270126,1.0009351305049727,1.0005539775672156,1.0008295689879911,1.000153094533653,1.0008000317369363,1.0009949645453293,1.0003561261896932,1.0016107483379937
61256.30216646551,0.9994875716042286,1.0001286280521484,1.000478183403149,0.9997281047570763,0.9998047246054481,0.9998726588163438,0.9992824209677623,0.9990117883457983
61256.30225022975,0.9995404798175825,0.9993652319208874,0.9989807113700869,0.9998942304435193,0.9998623959199603,0.999947761143128,1.0006148839687294,1.0000091473280073
61256.302333994005,1.000144575531463,1.0001128825713852,0.9999209653168731,1.0004233439979964,1.0001537199944202,1.0002354979518269,1.0005469714254642,1.000043144336105
61256.30241775825,0.9998666325660799,1.0005920106659023,1.0000258084005673,1.0015438677126793,0.9999494347578172,0.9986967208634224,0.9996427790698494,0.9992990212074383
61256.30250152249,1.0013792819539797,1.0007982116569714,1.0014085687080332,1.0014810087285528,1.0016225432130035,1.0016680479186328,0.9986031488985674,0.9992865014015206
61256.30258528674,0.9993903943640532,0.9990392126261508,0.9993314254929573,0.999632692515503,0.9996870527814126,0.9985459943281692,0.9994528625321685,1.00013601713883
61256.30266905099,1.0005116249723098,1.0003448593147448,1.0012988336874753,1.000580675117366,1.0005750228146475,1.000733951702746,1.001713199519146,0.9993240314007782
61256.30275281523,1.001117834001597,1.0011835898981878,1.0015452173457613,1.001542265591056,1.0022644694256413,1.0024118516244909,1.0031075325441152,1.0015539562799327
61256.30283657949,0.9997041701299866,1.0002374346519975,0.9991867104003276,0.9986828111120069,0.9989205511296695,0.997131868525241,0.9982711343750726,0.9998902871591502
61256.302920343725,0.9994093507194,1.0003711787928138,1.0004684251492386,1.0000935738812324,0.9992337001297023,0.9993893873164881,0.9996741671511616,1.001977747149429
61256.30300410798,0.9996766372728829,0.9993246733516981,0.9994725053564151,0.9998251049926535,0.9988564923534868,0.9985402638813081,0.9984781181755583,0.9990631946144684
61256.30308787223,1.0001788783443621,0.9999055945756274,1.0001701412009796,1.0004696761458223,0.9995231824404296,1.0005740976022541,1.0000122200921984,1.0025965034562914
61256.303171636464,0.9998211441806246,0.9993195875550438,0.9995361232593037,0.9998251838098993,0.9993899530264467,0.9985583516472613,0.9996185344781902,0.9994125214776997
61256.303255400715,1.0003828427601953,0.999654181451103,1.0009137653957876,1.0002261553940388,1.000660702758302,1.00131674048494,1.0013922152081542,1.0022480460450245
61256.303339164966,0.9990339095039064,0.9991077157063176,0.999982208931121,0.9990576114049249,1.0001671274802246,0.9998291626361883,0.9989339927224083,0.9987408034386179
61256.30342292921,1.0002728914007866,1.0003434717918023,1.0009130697620763,1.0011139379784795,1.000331626497737,1.001632718507375,1.0012486255629862,1.001483225713759
61256.30350669346,1.0001389550627362,0.9995727535165224,0.9996913129581898,1.0002321982973956,1.0012628993513222,1.0001052239812627,1.0009677530111347,1.0014575598722488
61256.303590457705,0.9998758661267296,1.0000436996943498,0.9998158884245063,1.0007232128841346,1.0006879411277563,1.000175237663605,1.0003911689047855,1.001561454531444
61256.30367422195,1.002017065344806,1.0017957452466673,1.0025602041857131,1.0017393307642326,1.0024752026093213,1.0029325643802665,1.002358866526604,0.9994739626658794
61256.3037579862,1.0002756193197915,1.0008963638234023,0.9994155856988394,1.0001044511568455,1.000184122189914,1.0008383421059794,0.9999321015096243,1.000323441173359
61256.30384175044,0.9998541347389797,1.0006359368270068,1.0007067821190339,1.0002219188431556,0.9999233594652854,1.0004051123603586,0.999616120956948,0.9999974032380363
61256.303925514694,0.9997877727224211,0.9998476416970827,0.999207297593695,1.0001601466943197,0.9998468800615646,0.9995966635111171,0.9999011232586434,1.0001323136841855
61256.30400927894,0.99943389014555,1.000061522102571,1.0003976205536669,1.0009133874967837,0.999913318380946,1.000344787462755,1.001202507174645,1.001723213858366
61256.30409304319,1.000234375265945,0.9996676166279647,1.000944780856961,1.000070298008452,1.0008265993604026,1.0007592566465728,1.0009210388477583,1.0001389557756004
61256.30417680743,0.9999776886947552,1.0002776475693362,1.0003130300462588,0.999640247569854,1.0011966217068615,1.0010123993035465,0.9996574311023613,1.0020752109382238
61256.30426057168,1.0012984018239137,1.0013880905592096,1.0007564783250593,1.0008812246077707,1.0012080507454308,1.0020306460205926,1.0014626756040381,0.9992214184304448
61256.30434433593,0.999079979353875,0.9994237809204001,0.9992460895602815,0.9979019944355184,0.9987339522989963,0.9988048559882755,0.9982290216595028,0.9986528557455117
61256.30442810017,1.0002535596022282,1.0002095014244192,1.0005979638423426,1.0005530962691056,0.9998024788735399,1.0005762516456633,1.0015212628836683,1.0019051809825599
61256.304511864415,1.0000928487464649,0.9995387941717898,0.9989138027688622,0.9996793865286707,1.0000496514734687,0.9992511203786472,0.9999134967849098,0.9991913028368382
61256.30459562867,1.000433865905257,1.0005150102924543,0.9999027175469183,0.9992554030351681,0.9988100912611136,0.9995831189052313,1.000335333196604,1.001242817205947
61256.30467939291,1.0000594799500353,1.00028613000428,1.0005979287543332,1.000172685824123,0.9998347939622524,1.0011942551634228,1.0010130992504196,1.0024084821066246
61256.30476315716,1.000512865492047,1.0005867862286701,0.9995084804798793,1.000444271463849,1.0009528381481863,1.0014326122852415,1.0000024532098908,1.0025835911307976
61256.30484692141,1.000379137304717,0.9995267487522073,1.0002542089527413,0.9999336715351114,0.999641802263392,1.0009054652933251,1.0000198619410032,0.9991699291978394
61256.30493068565,0.999747158311196,0.9991323308325334,0.9986590615922818,0.9987361299873142,0.9983416175956863,0.9984094260687224,1.0002973454455362,0.9998997795688556
61256.3050144499,0.999628653873641,0.9996088419604694,1.0000554251311533,1.0005816410004054,1.0006961870795705,1.0003003230955174,0.9995111158633134,1.000457137271912
61256.30509821415,1.0008155119819424,1.0017350688236926,1.0016687821660146,1.0009449438895694,1.0005659839633567,1.0002154440103344,0.9994775002054632,1.0008256424740756
61256.305181978394,1.0006836639386232,0.998933356132449,0.9990522153866475,0.9986688225380121,0.9998296420586202,0.9996285159363114,0.9993934836203053,1.0026623775140047
61256.305265742645,1.0004268292397145,0.9996275867027822,1.000140904757582,0.9998571841073612,0.9998469299028913,1.002807464166872,1.0037328396319039,1.005299593455642
61256.30534950689,1.0001025658183478,1.0005824535151204,1.0012878029084211,1.0003082807333863,1.0008146217293332,1.0001840743674204,0.9997159975315744,0.9992820675870674
61256.30543327113,1.0002600257165304,1.0004555688989585,1.0005149029493667,1.0001239750313067,1.0008809997322619,1.0007471625332276,1.0018461147761435,1.0002498772974464
61256.305517035384,0.9998931202776528,0.9993249240442491,0.9999224094947868,1.0002362682910804,1.0005221349158582,0.9993382970306633,1.0001296817719578,1.0000044881817416
61256.30560079963,0.9999328789285615,0.9994201053252036,0.9992751188173374,0.9997702809062355,0.9996129684646261,0.9990929597115075,1.0003243282780496,1.0012023696731225
61256.30568456388,1.0014034527244415,1.0010589501198697,1.0017935375279985,1.000876726572,1.0013838404284743,1.0008227719602145,1.001482226117349,1.0002911285788307
61256.30576832812,1.0007314993432348,0.9999221399488439,1.001154543772408,1.0010522280407401,1.0015020780782817,1.0004099480507262,0.999817722615318,1.001409650372823
61256.30585209237,1.0013691536380258,1.0000380575479164,1.0008118504343315,1.0002166311478102,1.0007588225902104,1.0006111543012264,0.9995017304410976,0.9992009739623258
61256.30593585662,1.0001264967629788,1.0000884924428513,1.000089600295427,1.0007279627385268,1.0004603632652278,1.0006568948825614,1.0021431915202519,1.0007137041558112
61256.30601962086,1.0011991364220958,1.0008071931309634,1.000988428669887,1.000969414661537,1.0010140522517734,1.0005578432169115,1.0000029426819796,0.9997454607903586
61256.30610338511,1.0008185832697836,1.0001027783433207,0.9997967222398274,1.0003266292890454,1.0016580915677051,1.0016056848453674,1.0017589682357364,1.0010101283757913
61256.306187149356,0.9988457841068902,1.0000188349927515,0.9996361660805212,0.9991859067962533,0.9989741067332816,0.9988050016573982,0.9997288554027776,1.0009147895850494
61256.3062709136,0.9997359868460417,0.9992529717071693,0.9993045654546203,0.9992489536529339,0.999949334568303,0.999959145268507,1.0001573434393651,0.9996432894124229
61256.30635467785,1.0003064129830392,0.9995905748075754,0.9995275676886893,1.0003006547930848,0.9995171283243094,1.000664004775484,1.0009498250704534,1.0003891557916489
61256.306438442094,1.0002742733938073,0.9996609722699114,1.0004552610192086,0.9996527946309525,1.0005698970988313,1.0003686509736596,0.9997176600959876,1.0000261476274033
61256.306522206345,1.0003584887265988,1.0001333365810912,0.9998275177047504,0.9999127948791185,0.999961095938701,1.0013355623183704,1.0007322482326055,1.000586908804648
61256.30660597059,1.0007445975334435,1.0000401754754487,0.9999300568986038,1.0005623305273548,1.0004379179418543,1.0005499911505373,1.001500325304899,0.9997693353793973
61256.30668973483,0.9996307506860488,1.000731432143951,1.0006590099612227,0.9997233754744811,1.001053567638164,1.0007351447114035,1.0019508857298474,1.003179661620395
61256.306773499084,1.0001692392624553,0.9999497274128548,1.0000405840170514,0.9996269564541278,0.9992433191678253,0.9996467755965976,1.0006757876955286,0.999948654902039
61256.30685726333,1.0004419937650193,1.0000254705251757,1.000523365397518,1.0007692984182512,1.000358176887931,1.0008727152507053,1.0005837030243487,1.001733697551662
61256.30694102758,0.9989840809629811,0.9994748698056173,1.0001856778374025,1.001329477368773,1.0020553788093411,1.0016691057482519,1.0008451498235826,1.0019313080077998
61256.30702479183,0.9999422154998621,0.9998515655270602,0.9996990851193737,0.9999685137147724,0.9998303986330624,0.9996088270020641,0.9983617198670754,0.9982183997581678
61256.307108556066,1.0007703143952882,1.0008544878894348,0.9989370954148455,0.998912368570799,0.9998374904624974,1.0018300481949713,1.0027230409386574,1.0026079921660085
61256.30719232032,1.0006790658572602,1.0002968693424836,1.0000691260520331,1.0003844075350594,1.0001963023964089,0.9991398480034096,1.0012267551844056,1.0010199820597336
61256.30727608456,0.9999039131054666,1.00061548952031,0.9998994778654343,1.0002323603932408,1.0007541174000274,1.0007909650715217,1.000767958161048,1.0029868468198988
61256.307359848804,1.0001772116746206,1.001215281949996,1.0013456452135603,1.0018076363174608,1.0011849032506903,1.0025800477259672,1.0022250741848442,1.00291979199073
61256.30744361306,0.99954634929526,0.9994023293911808,0.9994822540307421,1.0009355378692093,1.0010545186782567,1.001764881169903,1.0026542776300085,0.998947415009296
61256.3075273773,0.9998785434720301,1.0001982075239058,1.0002538890392074,1.0002741657543508,0.9999220056396925,0.9993138055451775,1.0012985377018253,1.0001587207835765
61256.30761114155,1.0003638277127334,0.9995849028327504,0.9995825860217137,0.9990335870161633,0.9991483756645263,1.0005278413379202,1.000762546623262,0.9984522778010603
61256.3076949058,0.9995453128004944,0.9987516852510933,0.999270742618518,0.9988669762814503,0.998385930589906,0.9981658675340578,0.998108572217503,0.9983329320065548
61256.30777867004,1.0004837350382347,1.0002233310733832,1.0001783074617745,0.999841291031115,1.0001566981403986,0.9998138223186301,0.9990571352863264,1.0008421755422572
61256.30786243429,0.999847128816926,0.999484627152946,1.0002334602431402,0.9994272625523096,0.9999457073024033,0.9999472943343847,1.0002761395458246,1.0001614698694872
61256.30794619853,1.0006173475714872,1.00014291775099,1.0000977978569543,1.0005221483553708,0.9997886234916108,1.000485279967306,0.999655594214788,1.0003775615659167
61256.308029962776,1.0006889636635923,1.0002479115673837,0.9998712545186912,0.9998844000988679,1.0006461617624636,1.000076972277442,1.000504675157861,0.9972941399404424
61256.308113727035,1.0007688102268446,1.0006593595995696,1.0010118757031121,1.0012126322891333,1.0025621733588574,1.001917528582605,1.001882904482748,1.000952065085978
61256.30819749127,0.9997908533264709,0.9994261513279524,0.9998668278599723,1.0003377680495458,0.99949671095159,0.9988283900151745,0.9993390681331635,0.9969538043645879
61256.30828125552,0.9993726789277094,0.9997369002735744,0.9997623257426178,0.9993548557759222,0.9998149981700092,0.9996167188830756,1.0013424955084116,0.9990447666676389
61256.30836501977,0.9995193453326349,0.9998728573012226,1.0006836829583599,1.0002358362833468,0.9992893022688699,0.9997956289366027,1.000194293454915,1.0001705614443246
61256.30844878401,0.9994798496649895,0.9992778251253687,0.9997402068183988,1.0007862485874315,1.001200126650319,1.0001067238248806,1.0004093046660185,0.9990783318475075
61256.30853254826,1.000016490837205,1.0008068755200354,1.000913288644421,1.0012395116963015,1.001482580320276,1.0009846794946728,1.001130871635576,1.0002650429410664
61256.308616312504,1.0003312169895173,1.0001064088049207,1.0000752331479292,0.999850792970576,0.9997015452875537,0.9994953769807278,0.9998542949306877,0.9994498296098496
61256.308700076755,0.9993542948537563,1.000388559249283,0.9990375859145076,0.9992774894615267,0.9994628063469435,1.00049989170084,0.99969675601461,0.9986513713399112
61256.30878384101,1.0003340517787451,1.0006142515861935,0.9992127088330985,1.0006858896962048,1.0002430028746487,1.000755895528257,1.0025456042301892,0.9998468873827139
61256.30886760524,1.0011338139613426,1.000941261027133,1.0006662258382184,1.0014034314912765,1.0017383557021269,1.0012748163869358,1.00198761185977,1.0037997273967536
61256.308951369494,1.0004516561374481,1.0009401405073977,0.9999960624569942,1.00080018164236,1.0005576856359109,1.0008400565195,1.0010087698834669,1.0001919681555071
61256.30903513374,1.0011811699804711,1.000494794463015,0.9995541698580043,0.9998014335465267,1.0007539695655843,0.9998487016099149,0.9992412871963698,1.0006938767831455
61256.30911889798,0.9994273003918489,1.000182342394425,0.9995794819024756,1.0001283969762145,1.0012378323741702,1.0012792718117545,1.0008189446090874,0.9998827598671118
61256.30920266223,0.9996338809321821,0.9999613497608282,0.9993689046110372,0.9992243753127756,0.9993987240862036,0.9999106925236053,1.0012337646844924,1.0023950672099258
61256.309286426476,1.000653082418757,0.9999714303049262,1.0001497587433628,1.0009391195925352,0.99978018881857,0.999781637786909,1.000077543765631,0.9987818756262522
61256.30937019073,0.999664647445336,1.00056628630335,1.0013032408528557,1.0000536539376947,0.9995744123970571,0.9999387120151092,0.9987718000615763,0.9972971778567588
61256.30945395498,1.000481954843835,1.0007394458151049,1.0018722568646024,1.0014992576473165,1.001377241774742,1.0011395815602273,1.0022711597594138,1.00229220459185
61256.309537719215,1.0008977313835579,0.9990987637255666,1.0001473318784029,0.9999953819685566,0.998992308109935,1.0000723168257923,0.9992763928045238,1.0016692339438462
61256.309621483466,0.9997898063176981,1.000563010095796,1.0007801782147339,1.0002573263754502,1.0004846952940045,1.0009612353487218,1.0021496254121005,0.9979917702560505
61256.30970524771,1.0003921614976106,1.0007146368602013,1.0005078493683388,0.9999138874150275,1.0006800291973068,1.0017921057991237,1.0013466450832424,1.0006185163002168
61256.30978901195,1.0003636779879503,1.0004637407611343,1.0012719826717695,1.0005918944300831,1.0006146892456005,1.001668042196769,1.0019089138400457,1.0013920497345468
61256.30987277621,0.9988764248512263,0.9986119753202073,0.9997394230747968,0.9991299678671587,0.999109995139799,0.9991319344269968,0.99899533943512,1.000712092564041
61256.30995654045,0.998669494420711,0.9988206067107624,1.000116600574411,1.0001351497304887,1.0001248181073337,1.000256056371001,0.9988710442874844,1.0010515869725223
61256.3100403047,1.0009795913126052,1.0007504975135462,1.0001291460415696,1.0003767652364617,1.0007122964721369,1.0008307768480416,0.9998443725247765,0.9992967654325212
61256.31012406894,1.0002839237882535,1.0002353451005384,0.9998692990583538,0.9998932499371546,1.0000329879129324,0.9999047415465667,1.000699304573447,1.0004447118949535
61256.31020783319,1.0004946578937046,0.9990436188493703,0.9990113680424393,1.0002918505597458,1.0010085590617694,0.9994100370470764,1.0004178369301802,1.000136283102183
61256.31029159744,1.0006834242458813,1.0000792650801313,1.0005002342677687,1.0009718991397476,1.0003667056681544,0.9996890792449177,1.0005756920206168,1.0010896563948473
61256.31037536168,1.0009963847104622,1.0002276375334798,1.0006853798813322,0.9999539064997548,1.0004708934703825,1.0004171790564385,1.0004672038818814,0.9994111590927091
61256.31045912593,1.0007630755680161,1.0013384547747104,1.0012629641622108,1.0018089784413147,1.0023079547159324,1.0027478461578914,1.002691853158074,1.0041240846351904
61256.310542890176,1.0004865615759635,1.001027020222945,0.9999475947768621,1.0002849136507117,1.0001168502532263,0.9991377497481748,0.9979333398424851,0.9956932013190526
61256.31062665442,1.0000038307749841,1.0006925133542908,1.000199617245356,1.001383152408804,1.001204270745432,0.99971149655468,1.0004231797641323,1.0010894322599324
61256.31071041867,1.0005764780292317,1.0005314283084923,1.0006859426261698,1.0006045991256733,1.001073962033187,1.0016273668955973,1.0000302481832442,0.9996981972379294
61256.310794182915,1.0008003314859941,1.0006714857904153,1.0007825215368138,1.0009068506224497,1.000939814862981,1.0017064535470586,1.0010462497046995,1.001703034597664
61256.31087794716,1.0011987327640803,1.0008830581263386,1.001771894129851,1.0020103292402631,1.0014899216942512,1.000701719488824,1.0008436940542906,1.0044950712590568
61256.3109617114,1.0001700484417277,1.0000972398700991,0.9997844403226069,1.0001016308378554,1.0008623771541603,1.0009836180888887,1.0016178088605063,1.000078024025041
61256.31104547565,1.0006584053011591,1.0003720094073933,0.9996099132318339,1.0006838659766726,1.0003270328169627,1.0008238834323093,0.999870302923937,0.9974132636158616
61256.3111292399,1.0006201238016887,1.0010588439888874,1.001439102071095,1.0010949707817978,1.0012925552785463,1.000338529412345,1.00309614753271,1.0035361284216486
61256.31121300415,1.0011161483001711,1.0013005442293788,1.0016423955373293,1.0018020068328644,1.0016335988640075,1.0008605777465576,1.0023588637921232,1.0027055270757472
61256.31129676839,1.000068329815974,1.0005502518111653,1.0010013482977556,1.0005646576189267,1.0005809927918505,0.9988370536326018,0.9995411001304717,1.0007773180919777
61256.311380532636,1.0010402852146838,1.0009204545508503,1.0007887594051643,1.001327585507023,1.000543388271235,1.0011598624689946,0.9997988564058631,1.0019899116026056
61256.31146429689,1.0018576354677429,1.0004344234738345,1.0017477929001826,1.0011520612358094,1.001085460342753,1.0029206004393285,1.0025867198856453,1.0015216174166413
61256.31154806112,0.998899944285609,0.9991612168928958,0.9987437879961072,0.9987877376856898,0.9988371211417647,0.9987280485459998,0.9996539241305521,1.0006554806706385
61256.31163182538,1.000052929324411,1.0005149093004462,1.0012249761009078,1.0015378694228578,1.002087912861983,1.0019382100218566,1.0020020625661223,0.9998917670291368
61256.311715589625,1.0011092649528068,1.0008170428681051,1.0011926785350078,1.0008587718547166,1.0014630151497643,0.999505273659861,0.9984338455618536,1.0005748114407589
61256.31179935387,0.9994055888343147,0.999224115922066,0.9996214716677161,0.9998992953190413,0.9997927253483118,1.0019558536281117,1.0014301335717681,1.0010306784229204
61256.31188311812,0.9998125517082241,0.9999618475709918,1.00009654939216,1.00024616431677,0.9998098917149087,1.0000237799218066,0.9985010488491244,0.9986817443925948
61256.31196688236,1.0002615839189848,0.9996735731455382,1.0005318253950781,1.0009812699649852,0.9997778466141279,1.0016563431304553,1.000852433797194,0.9996749168772912
61256.31205064661,0.9998439292315818,0.9998663835347581,1.0001409591161492,1.0005767441691997,1.0001363123620117,1.0003522692768418,1.0020092132337879,1.0005363154187599
61256.31213441085,0.9997214703295983,1.0000596271618178,0.9994292448482791,0.9994227394833887,0.9983442782777575,0.9989741294690733,0.9997536048479808,0.9982434311807004
61256.312218175095,1.0002687222642912,1.0003027922332937,1.0009024731832157,0.9996205293786612,0.9996224819067184,1.0001149978787296,1.000984640140007,1.0027871043733034
61256.31230193935,0.9994572197954519,1.001136981974745,1.0009497347269458,1.0006885630383813,1.0001962525550823,1.0008996752437131,1.0002674083481742,0.9999648377200449
61256.31238570359,1.000218379069378,1.0010889317871159,1.0008031499446683,1.0007390804315246,1.0015304393136903,1.0006706476212526,1.0010292159392866,0.9988826291839177
61256.31246946784,1.0006754607506587,1.000518158360812,1.0006124579750175,1.0010226586852462,1.0025907587957588,1.0018941387943625,1.0016931106548996,1.0012952591694257
61256.312553232085,1.0011094762976562,1.0003142720306006,1.001601910769219,1.0020262178551562,1.0026058948463508,1.000889797875871,1.0023084679919674,1.0035658523776039
61256.31263699633,1.0001475998389944,1.0000644353421668,1.000670929859298,1.0002042873261503,1.000389787608879,1.0005164340866737,1.0007339391672587,1.0009511475691062
61256.31272076057,0.9997367940289839,0.9997327413914013,0.99930504064652,0.9999539741636166,0.9998622063539657,0.9991350182733167,0.9994663701844057,0.999432065059531
61256.31280452482,0.9997305340690719,1.000714754498016,1.000907836858873,1.0002128960034933,0.999894200599698,1.0001555492061798,1.0001932430724227,0.9997426349139866
61256.312888289074,1.0012584230443011,1.0008524566541575,1.0012482587217457,1.0007217309712038,1.0002156644846338,1.0006089363636683,1.0007361301701139,1.0020276977380527
61256.31297205332,1.000265835038117,1.0007904158336223,1.0009233590145301,1.0001904350712911,1.0002244700109348,1.000779083859202,1.0008684995563533,1.0003680313594296
61256.31305581756,0.999992505858563,1.0004013380898091,1.0014133534872296,1.001247155977723,1.0005642689148613,1.0011197800959868,1.0019435453575662,1.0003843294576193
61256.313139581805,1.0002433391888965,0.9998907786905491,0.999892786192161,1.0001250249365041,0.9998077186330698,0.9998134267947766,1.0005288035340802,0.9995663606780337
61256.31322334606,0.9999883083741754,1.0002652916887025,0.999831608966655,0.9992528546108903,0.999209674751799,0.9982668531897617,0.9987768455207259,1.0012308447604208
61256.31330711029,0.9994832699113918,0.999743419508786,0.9995803284703233,1.000117816876317,1.0005869571935826,0.9998998846376196,0.9993608400704301,0.9975665146982747
61256.31339087455,1.0005686440293107,1.0005357861583277,1.0004295420652176,0.9998546569984392,0.9989833902294569,1.0002950680401959,0.9994120155394649,0.9986499634727934
61256.313474638795,0.9990506495331961,0.9999655823761046,0.9998752812854925,0.9999460076733291,0.9993059945515265,0.9986753449329199,1.0000306176799816,0.999860388267091
61256.31355840304,0.9997631758019544,0.9990940379922332,0.9998674743704706,1.0006881055017915,1.0009402568457275,1.0001636530345728,1.001033254084019,0.9997299002333662
61256.31364216729,0.99982425992009,0.999510896581878,1.0003916829941208,1.000730021901034,1.0004231616990662,1.0006871816627012,1.002035948595776,1.0026397407695615
61256.313725931526,0.9992444890933811,0.9987514451716405,0.9990840468946693,0.9987684348960814,0.9988771182150097,0.9982757480658616,0.9987745929920492,0.9979227446396974
61256.31380969578,1.000994198595539,1.001490009816915,1.0006448566834971,1.000500747738191,0.9997851109452391,1.000824120174435,1.0016515571406823,1.0014157469306908
61256.31389346002,1.0004180107827079,1.0007300557926906,1.0000894902416069,1.0005739677201861,1.000132486068713,1.0010576144270316,1.001206665636539,1.0009934749248606
61256.313977224265,1.0002418069387378,1.0010470604335384,1.0011526598247757,1.0011271026891893,0.9998418128037108,1.0006086969990216,0.9999753401477226,0.9986243196794055
61256.31406098852,1.000204296422084,0.9995908923067867,0.9999370655892577,1.0002195035159247,1.0001689800569906,1.0000447395866985,0.9999012394740836,0.9991271325950419
61256.31414475276,1.0015405129203676,1.000900934046918,1.0008489091646409,1.0011155242375125,1.001785183402465,1.0023559456748226,1.0035631982449835,1.0029482458488361
61256.31422851701,0.9998427971791326,0.9993760571693282,0.9997671551894073,1.000185094831115,0.9994670599240216,1.0006788470524575,1.0006803696601585,0.9993914927343325
61256.314312281254,0.9996192382476549,0.9994980182016626,0.9991638701111901,0.998595613461548,0.9988535858438555,0.9984788976044447,0.9977671233929457,0.9982762556066453
61256.3143960455,1.0014148959567133,1.0015077163747912,1.0018098982313868,1.0014120862692728,1.001422687603181,1.0032911216541411,1.0027718722739036,1.0011488382804101
61256.31447980974,0.9994837829683153,1.0003550249870623,1.000510754209961,1.000643461728424,1.000723809987531,1.001309452737409,1.0014161832754283,1.0023958348625588
61256.31456357399,1.0004669876890666,1.0005034619010178,1.000291442231974,1.0006490198313642,0.9999013556177978,1.0004373893955485,1.001702613659796,1.001569929703769
61256.31464733824,0.9998105284938653,1.000243288948678,1.000021528554536,1.0000384992154578,1.0003549926185002,1.0002327671922018,0.9986942286480006,0.9985270012192357
61256.31473110249,1.0005767587132919,1.0005466212378487,0.9996449148022735,1.0003501825093033,0.9999684121385825,0.9998011686546616,0.9986026556665673,1.002134620864369
61256.314814866724,1.000304498768323,1.0009161165866096,1.0005422058763567,1.0007497683474658,1.0004533023543105,1.0009683740893758,1.0009685032843436,1.0011756493014068
61256.314898630975,1.0007436663118365,1.000272212545893,0.9997287506390012,1.0007157458175895,1.0003099977273513,1.0005582611513992,1.000360484952316,0.9992675744111856
61256.314982395226,0.9988803880995087,0.998917430564167,0.9992711755934157,0.9986497113387526,0.9988528314658108,0.9979492327539287,0.9977981375339889,0.9974896854954103
61256.31506615946,1.0010465043163659,1.0005001883746676,0.9995892893909901,1.0000743883260805,1.0008552226429215,1.0001718426909265,1.0007443824917894,1.0021578750192386
61256.31514992372,1.0001426188614524,0.9995209624910721,1.0005476183410558,1.0001199655137476,1.0000941280148212,0.9995560115742238,0.9999799186942512,0.9988105608006616
61256.31523368796,1.0007910187375701,1.0002059191127701,0.9994768373332036,0.9996378929666017,0.9999070687854534,1.0000734833708285,0.9997255060054328,1.002320292577111
61256.31531745221,1.0005112363533173,1.0002509253521203,1.0003061519052783,0.9995350401787516,0.9981175951937564,0.9998317250776453,0.9990148277389893,0.9994447499743891
61256.31540121645,1.0014076354359838,1.0005813067419314,1.0022221923678338,1.0015781076096137,1.0006645658834965,1.0019509652489123,1.0023812315044252,1.0015597051074105
61256.315484980696,0.9999613543198113,0.9999074345517036,1.000057733365224,1.0000521861523832,1.0002223310577332,1.0011057155157042,1.0000065651856085,1.0001451005243644
61256.31556874494,1.0007582837095115,1.0001671665577427,1.0003069336438515,1.0002439623909496,0.9996660390023107,1.000154582449564,1.000163682991621,0.9997941970943804
61256.31565250919,1.000229483191652,1.0001511845724649,1.0005482004678417,0.9997412531094896,0.9994054864560221,0.9996188230985854,0.9996908119366605,0.999381462602415
61256.31573627343,1.0004563722684847,1.0008189077570326,1.000565075238416,0.9999239980813924,1.0007723733487097,1.0015740581953925,1.0029704338730856,1.0048497918490036
61256.315820037686,0.999313676982225,1.0001375075286814,0.9994820723528264,1.0001237199905966,1.0005651952877208,1.0005218023872218,0.998818833817413,0.9995469287226972
61256.31590380193,1.0002782966650918,1.0002901837609226,1.0007343875826384,1.0003854918918202,1.0007275063554735,0.999219462735242,1.000517813313361,1.0003715053876105
61256.31598756617,0.9997087702076801,0.9999062446558209,1.0001375209367827,1.0004958484284558,1.0000300425439619,1.0008976461276693,1.0010157438353013,1.0019998410061002
61256.316071330424,1.0006271559422157,1.0002818505796547,1.0009811945248481,1.0006239960994119,1.0015440018989448,1.0008569124158022,1.0006328170365628,1.0007314785332933
61256.31615509466,1.0005080695077926,1.000868567560649,1.0004274344454487,1.00052060646202,1.000836546506513,1.000204133077133,1.000700673181159,1.0015730805694674
61256.31623885891,0.9997228810697775,1.0001025398279035,1.0009317163100435,1.0008859722314858,1.0014734414484245,1.0022591105162646,1.0034636621132347,1.0020068616322821
61256.316322623155,0.99987676434234,0.9996406180233284,1.0002721088501452,1.0002052705588977,1.001323580575099,1.0020275040019877,1.0004908168084428,1.0005840110513966
61256.31640638741,1.0010799676057696,1.0017882873667086,1.0002896057366972,1.0004088183266073,1.0005191358196268,1.0025654126281556,1.001565134554105,1.0020390882391323
61256.31649015165,1.0001576105045409,1.0001974062908503,0.9999059189100683,1.0009987198057608,1.0000265702085587,1.0015958747094278,1.0014584152827293,1.0005817006601303
61256.316573915894,1.0005523696773688,1.0001591857313348,1.0007991650606975,1.0009475646869155,1.001015995218742,1.0006365236160242,1.0008286099737898,1.0002648620204722
61256.31665768014,1.0009538003203566,1.0004205007647569,1.0006437279634972,1.0004885451927266,1.000034730331919,1.001071784623388,1.000817234874878,1.0013524982374231
61256.31674144439,0.9996800728244852,1.0001766598065016,0.9990371196338483,0.9993989560077178,0.9998430674535115,0.9997240846556229,1.0001018577447442,1.002429052501021
61256.316825208625,1.0003660518910238,1.000686445901912,1.0011808041956498,1.0017372155869533,1.001358800990767,1.0025775937615165,1.0036473512123785,1.0029100784698526
61256.31690897288,1.0012448302964978,0.9997937683817669,1.0002424750768117,1.0000975452294334,1.0002237215462682,1.0011123752886535,1.0019905175875818,1.001690215378242
61256.31699273712,1.0003732328247128,0.999996409069401,1.000234935053443,1.0002741032954015,1.0008041650190163,1.0007100846156762,1.0005908711243305,1.001510180299531
61256.31707650137,1.0005974854144748,0.9999649301732915,1.0001325902360232,0.9994955334061215,0.999231348801763,0.9989497412155515,0.9994457983424628,1.000260478034776
61256.31716026562,0.999598568508434,1.0006168495609145,0.9995203361056323,0.999860454775205,0.9994167152845171,0.9986974248911135,0.9977871756835094,0.9988534900701622
61256.31724402986,1.0013199824221708,1.0006850038611597,1.0010942400712521,1.000716499786336,1.00062220024904,1.0021363934592533,1.0023123109631225,1.001922425575154
61256.31732779411,0.99978806578373,1.0004964895423718,0.9994920863593393,1.0001732712528477,0.9998238618163658,1.0010460686589924,0.9994059196978232,1.0017874685129742
61256.31741155835,0.9996397903364682,0.9998450875153564,1.0001555302196636,1.0007202314607115,0.9997663388431578,0.9987089744737284,0.999939670211064,0.9998829635287696
61256.3174953226,1.0006729783802986,1.0007380808589605,1.001182280342639,1.0003936053589213,1.00085392305145,0.9994536445651702,1.0006145435258522,0.9998433104212984
61256.31757908685,1.0001933110149268,0.9999708415572685,1.0007343658614898,1.0004924929948948,0.9998753909899065,1.0006548402565403,1.0007883669595643,0.9998304780359974
61256.31766285109,0.9996720177642398,0.9998293911899955,0.9997145307497529,0.9999316971383211,0.9999122933391549,0.9994170158139475,0.9983871577178562,0.9994895714137684
61256.317746615336,1.0005584692654017,1.0004888867656931,0.9999364189673688,1.0007994856712095,1.0004996840170144,1.0000958472765262,1.0002644236622251,0.9994579498703958
61256.31783037959,1.0002481374356584,1.0004153739680284,1.0002461560874818,1.000034030426338,0.9999760223178139,1.0000993888719714,0.9993636747017376,0.9984515157549496
61256.31791414382,1.0015542411524636,1.001172399112302,0.9999425103572038,1.001845537498526,1.000416217535121,1.0007499185644189,0.9992952935368006,0.9993105933220532
61256.317997908074,1.0007479584222871,1.0003599140503912,1.0007149678731673,1.000494497381895,1.0010985229941591,1.0011581759495614,1.002158108455605,0.9994054630547362
61256.31808167232,0.9997940031366425,1.0002494981697054,0.9998032120735032,1.0003164234471382,1.000246242391923,0.9979149237417625,0.999569805344169,1.0009307455593714
61256.31816543657,1.0004116100149556,0.999997316433438,0.9996189522372455,0.99988307929037,1.0003568566841146,1.0011276416988009,1.0017688349265983,1.0006575906129735
61256.31824920081,0.999934227782497,1.0004078874885625,0.9997577951565566,1.0002403048246136,1.0009451485607397,1.0008053107383765,1.0002018365205958,0.999786357537932
61256.31833296506,1.0001622220278623,1.0000606073652236,0.9998632296124486,0.9988505674231652,0.9995841905895181,0.9992198856763608,1.0000781908121843,0.9998361192686369
61256.3184167293,1.0004127588365808,1.0001612169666123,1.0001482856039174,1.000082574414103,1.000597486891876,1.000139698212254,1.0010528309167084,1.000828424443186
61256.31850049355,1.0002870709366511,1.0007486690443024,1.0005375095412223,1.000556503999644,1.0010449829342827,1.0007075612736234,1.0003875176891064,1.002554424803359
61256.31858425779,1.0017973393677773,1.0011438021750776,1.0011316486791415,1.0015514021952334,1.0018634748340758,1.0025917517989122,1.0026166412597417,1.00298159042149
61256.318668022046,1.0007736466700623,1.0010741075232759,1.0009440033512271,1.0008918773285893,1.0010141164541606,1.0012405073747697,1.0010770693557858,1.0009916865701423
61256.31875178628,1.0007094561286698,1.0006026196305733,1.0009364194399988,1.0007554337707434,1.0003751050298824,1.0008185930921591,1.0017927195922034,1.0017515622004571
61256.31883555053,0.9998590463773109,0.9998628600978746,0.9994459809376735,0.9998641733133727,0.9990416057436741,1.0000755272683546,0.999670212066288,1.0019216365043448
61256.31891931478,1.0007852767588634,1.0004285624741447,1.0001393467385709,1.0013238550719128,1.0010122169082796,1.0013524344266207,1.0015107549570255,1.0037760584852011
61256.31900307902,1.0002694885890036,0.9996692055763395,1.0004287760327062,1.0003936011454209,1.0007385192612044,1.0011927901278113,1.0019022885345314,1.0019501859883082
61256.319086843265,0.9998938474742884,0.9994311550127418,1.00046272017307,1.000446134326801,0.9999552302058999,0.9993510846816154,0.9997019289689336,0.99761942527885
61256.319170607516,1.000894699090705,1.0006908583812735,1.0007693980643186,1.0010317744697739,1.0002378230936644,1.0009477057627294,1.001295066961889,1.0008227216017929
61256.31925437175,0.9996357482996777,0.9997143583881618,1.000500295532547,1.0005209445334764,1.00076356140217,1.0000420405357366,0.9991951301834855,1.0006392132508368
61256.31933813601,1.0003565948744528,1.0003259835285987,1.0000328852622113,1.0001645845018177,1.0011753494286755,1.0012454410520595,1.0006838848354103,1.0000520597779403
61256.31942190025,0.9997903163135818,0.9999928421746733,1.0004428186996588,1.0004023622523428,1.0005506177978942,1.000598596478481,1.0008062610610442,0.9993415644458101
61256.3195056645,0.9996251260915723,1.000028970054659,0.9997499640697948,0.9998317194449684,1.0003296913026365,1.0004564749115483,1.0017983598009583,1.000372903238581
61256.31958942874,1.0004690742536446,1.0005024410326882,1.0005259171312355,0.9999200649025495,1.0001883543098786,1.0007840032318318,1.0013538398444128,1.0018182191555054
