t_bmjd,bin00,bin01,bin02,bin03,bin04,bin05,bin06,bin07
61219.353114448444,1.0008800443880292,1.0005039221477259,1.0014365909964036,1.0009447145698902,1.0012993262607592,1.0023947546322105,1.0008999064094948,1.0024887399953024
61219.353198213226,0.9999908903357312,1.0005610101412192,1.0010308142523567,1.0011387789738837,1.0010876694561488,1.0019147738881085,1.0019549989283305,1.0000155700927473
61219.35328197802,0.9998020413320651,1.0001821664828814,0.9999783631058505,1.000515446196625,1.0010725796345843,1.0017429123697095,1.0014828929022155,1.000887194592467
61219.35336574282,1.0010331830282186,1.0009680486615018,1.0007292658150813,1.0011381871537304,1.0015316321881094,1.0019347700481631,1.002759644421389,1.0022308187487734
61219.35344950762,1.001529066329816,1.000841414930205,1.000834072997899,1.0005916197779707,0.9999009791847103,1.0013211484484283,1.0000816015704164,1.000472886274174
61219.35353327241,1.001518061111027,1.001737329569318,1.0016083457411398,1.002046188154217,1.0021291381357538,1.0032225337986602,1.0025966544377958,1.002442985467733
61219.35361703721,1.000585282300488,1.0004810322198854,1.0012072596948023,1.0008509414730888,1.0015005366169345,1.0013546724982525,0.9999293315842169,1.0013031772849905
61219.35370080199,1.0007459712573956,1.0012459660876802,1.0005589189649802,1.0008738673699227,1.0016961467611583,1.000052832294359,1.0024773592249447,1.003090481516968
61219.35378456679,1.0009324472665526,1.0007598886138338,1.0001413388753417,1.0004742974500698,1.0005060419613594,0.9995755785927048,0.9982558515241823,1.0004287259188658
61219.353868331586,1.0003278592630138,1.000567447091482,1.000511039714884,1.0008787627275668,1.0014431438691276,1.001371419106017,1.0014602256219887,1.001162807014496
61219.35395209638,1.000712010586813,1.0006201942795043,1.0008363169854144,1.0007714268994825,1.0006067556713416,1.0000216138849463,0.9994528980132802,1.00177267436184
61219.35403586118,1.0006615832619645,1.0010508204405764,1.0014734639746474,1.0019993214572263,1.0018271589583851,1.0024859400094883,1.0024597742700845,1.0003137720192095
61219.354119625976,1.0001819802066738,1.0003271391431456,1.0001226254940112,1.0006438059083465,1.0015831434201132,1.0009658680484574,1.002988660997932,1.002019555124225
61219.35420339076,1.0003354122275723,0.9992429034626065,0.9996035474426888,1.000188993733587,1.0010602271158815,1.0012649368109081,1.001314535249391,1.0016538840503313
61219.354287155555,1.0022921868890926,1.001349891917732,1.0013804542790228,1.0018540317188431,1.0006237667779254,1.000530360158314,1.0014016084239628,1.0020032423726295
61219.35437092035,1.000020520993012,0.9998908994377426,1.0004613383924663,1.0009695069955253,1.0001069323170586,0.9994537721308525,1.002091896823498,1.0026789499704745
61219.35445468515,1.0013384332113313,1.0010242819649826,1.0012871697913703,1.0017191788591358,1.0019050782656551,1.0019675755871977,1.0034080121594662,1.001329876507828
61219.354538449945,1.0004068867056846,1.0006106720062866,1.0003392115743688,1.0009880013132755,1.0007942810346813,1.0018862440380305,1.0013985558923466,0.9994964047840418
61219.35462221473,1.0006590262425519,1.0008852295666453,1.0008700399140933,1.0006625580462805,1.0001953508172359,0.9990905001507951,0.9983321068594373,0.9979094716360059
61219.35470597952,1.0009007833326775,1.000446480343517,1.000413224806449,0.9997913183826519,1.0007189039433477,1.0015434744741332,1.002216537205347,1.0018010355617584
61219.35478974431,1.0004752396448244,1.000149715093223,1.000582809954271,1.0001358716092417,1.0013101360036516,1.0016579634079377,1.000820138310584,1.0025738891860996
61219.35487350911,1.000474943881059,1.0005686661686788,1.0010016022901576,1.0015315604560304,0.9999698916971498,1.0002233167865908,1.0008010703858186,1.0022670162123717
61219.35495727391,1.0014591617562392,1.0013336437896554,1.0006102874990475,0.9998463172096463,1.0010318399395408,1.002636966866219,1.0026625126199098,1.0028734904092185
61219.3550410387,1.0008252994947286,1.000161040153386,0.9999154005810194,1.0000069131293736,0.9999111017279897,1.0008593317335752,1.0021327429283722,1.002791673015677
61219.355124803486,1.0005339417355072,1.0008924246827264,1.0004021640404412,1.0004547055975035,0.9997828662229262,1.000643244991683,0.9999265320097664,1.0011900972524748
61219.35520856828,1.0002243594208207,1.0005647091220293,1.0000724571577886,0.9999448742480543,1.000192646310616,1.001343664415783,1.0004898035255656,1.0001507588606373
61219.35529233308,1.000904663213122,1.0008063971325518,1.0007249175573165,1.0003674425223867,1.0007773030624452,1.0002560075933635,1.0019123418956088,1.0012229256008662
61219.355376097876,1.0005722800805175,1.0007271258306667,1.0005888768228373,0.9998495016239127,0.99923361994582,0.9996226819227908,0.9990269103057363,0.9985687861537849
61219.35545986267,1.0005573605593598,1.000961353422737,1.0004149649717342,1.0008670459292477,1.0011917740271,1.001336869636603,1.0022021268288213,1.002269534225295
61219.35554362747,1.0009668845483957,1.0003379384971418,1.000561908516546,0.9998012706387869,1.0024739803112752,1.000891849007802,1.000252016290001,1.0001289212180386
61219.35562739225,1.000348551076104,0.9995775428251261,0.9993208947708329,0.9991273001411131,0.9986564527399828,0.9971920380829841,0.9991628996687666,0.9993317897998659
61219.35571115705,1.0002716376691576,1.000102435605593,1.000335524873438,1.0009389293728042,1.0001566865833609,1.0009903143861172,1.0021288769792405,1.0024408799762938
61219.355794921845,1.0015447979436047,1.0011859082217387,1.001077564158064,1.0018172569822834,0.9998601488773686,1.0001036959743257,1.0015104028462356,1.001827504615065
61219.35587868664,0.9993592850933232,1.0010390108668095,1.000656688222125,1.0007473401914637,1.0009942992305434,0.9997578680785746,1.000132218912858,1.0011049258606592
61219.35596245144,1.000600104116337,1.0008603646224146,1.0015429956427737,1.0013756263917397,1.000350157871618,1.0009152625160798,1.0002157615963176,1.0015501943527723
61219.356046216235,1.000420576305006,0.9995882711497845,0.9998870168636579,1.0002285898517573,1.0007311587495347,1.0006552976157859,1.0012327646297396,1.0007980853345733
61219.35612998102,1.0010594093571796,1.000963424072672,1.0011399115511024,1.0012229365440877,1.0009857421161492,1.0009363307057058,1.002309703511209,1.0006007240382468
61219.356213745814,0.9991704252335117,0.9998173991025777,0.999586732513926,0.999932042793078,0.999441337820299,0.9995362478953054,0.9982802056400618,0.9968978582046494
61219.35629751061,0.9997827666431226,1.0003389069676933,0.9995082024569685,1.0011798525332243,1.0008619242987333,1.0012049359014157,1.000903386104626,1.0009124219067707
61219.35638127541,1.0009093956981547,1.0011150664768442,1.0007896713149782,1.0003586021933404,1.0008194323714663,1.0009229782606863,1.0019022723594975,1.000821430559137
61219.356465040204,0.9993377724497287,0.9994008310725464,0.9995231967503748,0.9996182594997416,1.0003344628410458,0.9995733764503548,0.9998180795228533,1.0005841697952336
61219.356548805,0.9996918604591362,0.9996701979246649,0.9993908840572202,1.0001709562464038,1.001055810780656,1.0012611520804215,1.0021554927094534,1.000706581719
61219.35663256978,1.0000594940253509,1.0002023817887509,0.9999002403733593,0.9995959390709053,0.9998189392155542,1.0004843398529741,1.0006551512608517,1.0007915669005656
61219.35671633458,1.0007983015850936,1.0011413095906294,1.0009395357686168,1.0006671114633916,1.0027036894186359,1.0042683174089535,1.0013946776703606,1.0009805624610648
61219.35680009938,1.0007637432969474,1.0008963047994814,1.0001387648278923,0.9993212253370956,1.000316616782706,1.0010189721148617,1.0007572995915615,1.002066507178513
61219.35688386417,1.0009471634335723,1.0016770618439683,1.0007680603478772,1.000854668823412,1.001028829785467,1.0004597991002242,1.0006478751627637,0.9993604629525532
61219.35696762897,1.0005674480366882,1.000245964633527,0.9998361302657299,0.9999417918204055,1.0002035037263965,1.001266683131543,0.9997437615940281,1.0002107259614272
61219.35705139377,0.9998494262883675,1.0002449492925194,1.000088619151511,1.0003983208939657,1.000397226227108,1.0001091326103568,1.0017131435824491,0.9994367235134554
61219.35713515855,1.0021500608816454,1.0023169082602097,1.0019421386906113,1.0013734275999675,1.000516669803444,1.0021009707245696,1.000757550503251,1.0013948642645292
61219.357218923345,1.0002111837673084,1.0014934671481353,0.9999784856900658,0.99977420473045,1.0004301142650716,1.0006575057337745,1.0000507909103915,0.9993619099402861
61219.35730268814,1.0015066568626996,1.0014548647068664,1.001394915016066,1.0013746774943537,1.0012036504931312,1.0016897079125764,1.0034795073317822,1.004373994803497
61219.35738645294,1.0007294029260607,1.0000999853160928,1.0010773594457403,1.0008752510131822,1.0001155058295745,1.0000752148854593,1.0006526700987899,1.0002923732736635
61219.357470217736,1.0007343493565926,1.0009125651739954,1.0007347908370985,1.0004339841997223,1.0002917475950361,1.001160599531044,1.0013654478221632,1.0015267702545054
61219.357553982525,1.0003906787454193,1.0006822901753245,1.000390750996801,1.0009470364404027,1.00170596585467,1.0018086783363322,1.0007204469371396,1.0028219894864692
61219.357637747315,1.0021275412643706,1.0012646533721317,1.0013968222009626,1.0010670895778575,1.0021808571336435,1.0016153370263179,1.0034007098111062,1.0024459884242656
61219.35772151211,1.0010103591740898,1.001175432396357,1.001770896279363,1.0025780419132135,1.0017798197803174,1.0023021690432876,1.0004919052518793,1.0029780517023081
61219.35780527691,1.0009522748245572,1.000363980880682,1.0001787976933878,1.0003229438504362,1.0001014668401853,1.0012309363831717,1.0014674035372417,1.0024798048128452
61219.357889041705,1.0009070539481615,1.0004105769057627,1.0011452293184722,1.0011150051737108,1.001390691520212,1.001060448305557,1.001184939361671,1.0012461582390697
61219.3579728065,1.0020135766276015,1.001514632666231,1.0006165428311729,1.0008937537677811,1.0008943139690565,1.0019689119790223,1.000883874993452,1.0011646839176735
61219.358056571284,1.0005067733049549,1.000697678714813,1.0010506826223848,1.0011561457315599,1.0009673503553855,1.0020241825729703,1.0011437376849321,1.0010200509251759
61219.35814033608,1.0014560547803888,1.0010900947659438,1.0003814816846952,1.000806060661501,1.0012842945933562,1.0009991516385828,1.0021162079843873,1.0009644106194133
61219.35822410088,1.001234117569531,1.0005457694496322,1.000839414309397,0.9998130335916336,1.00041163611833,1.000547208829986,1.0005949484782215,1.0004619053722497
61219.358307865674,1.0014690601777676,1.0009338778720047,1.0006753722009292,1.0001452484226365,1.000222573557922,1.00080528279919,1.0006524543011002,1.0003150384892612
61219.35839163047,1.0001156774903062,1.0011943744067107,1.0002343250268384,1.001289719167909,1.001533183754665,1.002833179351085,1.0016569577732422,1.0016946858533102
61219.35847539527,0.9990482099262552,0.9991519431586996,0.9997229365097992,0.9995754928632918,0.9994763065600678,1.000279682595588,1.002584799201371,1.0017442171472617
61219.35855916005,1.0003112255300224,1.0005774760332224,1.0008648189760947,1.0007048472563258,1.000288200022126,1.0002674636097053,0.9983834684141325,0.9994359901208443
61219.358642924846,1.000835411332188,1.0012586863510793,1.0011269232616082,1.0013730975702804,1.0013172935299535,1.0019626922953042,1.0029366803459152,1.0007076306696736
61219.35872668964,1.0002083754678481,1.0003530521597719,1.0010510419743088,1.000707982042068,1.0009319402187682,1.0012874984321418,1.0021961966537642,1.002363673436962
61219.35881045444,1.0007979525997375,1.0018096113839423,1.0011077457404043,1.0015184622477353,1.0007476643882605,1.000896091950259,1.0021590944513032,1.0025968654689557
61219.35889421924,1.0000499316147613,1.0004226164898937,0.9998363861561343,0.9996604164497696,1.00014851372597,0.999045105375308,1.0003016991909461,0.9995417595667815
61219.35897798403,1.0005008244020719,1.0005536864375437,1.0007598270879354,1.000252486978813,0.9999987730148114,1.0003671353499481,1.0017368073502695,1.0007000492433227
61219.359061748815,1.0016060938586808,1.0007790272351764,1.0007451358837247,1.0011834510975266,1.0013570513663617,1.000995546416281,0.999662049270435,1.0016806835256302
61219.35914551361,1.001205660699871,1.0012004018806324,1.000945716820677,1.0007259793301462,1.0013876164498647,1.0021457555068647,1.0021910481913492,1.00177179289919
61219.35922927841,1.0013592200818897,1.000524783954169,0.9996582243136031,1.0006321630565287,1.0007256031675213,1.0001625560148897,1.0004840107382953,1.0000628341630555
61219.359313043205,0.9995015207213607,0.9996369441706815,1.0009741926143696,1.00010042170614,1.0000158069435225,0.9990881347539976,1.0007919288138638,0.9997147875351053
61219.359396808,0.9991377964266182,1.0000820490722597,1.0000187643872067,0.999271337255541,0.9997656089754723,0.9991109834449114,1.0000343786949504,1.000134550156549
61219.3594805728,1.0005500215403005,1.0004399474257162,1.0003217421630646,0.9996801782800319,0.9995106393232206,1.0003034826081727,0.9992709836291355,0.9988439702416386
61219.35956433758,1.0012456126387819,1.0012240288213536,1.0007961838639376,1.001340437038391,1.0010969815603274,1.0025364477804177,1.0018995668769304,1.00232407978683
61219.35964810238,1.0005140416266773,1.0001550935059522,1.0007215069748436,1.0006742805518796,1.0007790596900414,1.0003484851427398,1.000645595820974,1.0014062142979134
61219.359731867175,1.0003335870712287,1.001221111497256,1.0018017267069188,1.00162452138203,1.0018636611760605,1.0010487723857133,1.0023015884271582,1.0026433611689802
61219.35981563197,1.0004135923613358,1.00045363382171,1.0000682861994663,1.0003240433703937,0.9998657575419596,0.9995761314587914,1.0021066644764511,1.0009665113037944
61219.35989939677,1.0011665389912972,1.0016385646107313,1.0013529269931312,1.0011421254252821,1.0017457005308452,1.001082525900061,1.0022930052700783,1.0009978418108387
61219.359983161565,0.9998590864042657,1.0003795163774214,1.0004880583247886,0.9998954688038993,1.000154040907114,0.9998905843833974,0.9982320336638567,0.9982410105102546
61219.36006692635,1.0006743516776333,1.0009825379784767,1.0009584420349387,1.0007743773152566,1.0016469234896863,1.0016362735128683,1.0018802770180484,1.0048581483474304
61219.360150691144,1.0006515429161942,1.0004586693341868,1.0015424385422824,1.0013824562692637,0.9996757902109914,1.000580580620538,1.0009201382099506,1.000986558380509
61219.36023445594,0.999109669742648,0.9996788994639013,0.9998837786065152,0.9999769861366069,1.0003591210508271,0.9996946924317879,0.9997892482015109,0.999218969727991
61219.36031822074,1.0010936967712598,1.0008787097859322,1.0006138594638057,1.0015021329743612,1.001454389937285,1.000466477234938,1.0009913176971794,1.0002208375448483
61219.360401985534,1.0013367388583003,1.000643948360514,1.0000109338092271,0.9990779088410875,0.9991905887401359,1.000920157281199,0.9995871187216284,0.998982121485572
61219.36048575032,1.0006944485209999,0.9999798498785778,1.0004943832944755,1.0011327319863315,0.9996748545037691,1.0002533955222028,1.001596699080942,1.0018261152487784
61219.36056951511,1.0011126886708543,1.0008396182664785,1.000584378125833,1.000483867566567,1.0000684438980907,1.0004402998742785,1.0003115409974261,1.0003077054486613
61219.36065327991,1.0013915560376419,1.0015578614776293,1.0013395554759779,1.0010050037975826,1.0020298671223271,1.0005177302875186,1.001404738342744,1.002879177791435
61219.360737044706,1.0009330446193323,1.000149504677159,1.0005645711031808,0.9997820043493404,1.0006615931861467,1.0014798336836352,1.0015990452416055,1.0017400487321477
61219.3608208095,1.0012606306596001,1.0010429787125903,1.0008332925045322,1.0007515792118733,1.00079968818834,1.002631211131085,1.002737247143959,1.0013910274731719
61219.36090457429,1.0001911348498518,1.0003520491765328,1.0007908158027734,1.0019323638928563,1.0005026876157943,1.0011592237000044,1.0009738936530765,1.0002366521334247
61219.360988339075,1.0010336712899768,0.999933545096049,1.000495123000128,1.0006227381034651,1.0004868930131257,0.9996901268048446,0.9997435925013677,0.9988912442423169
61219.36107210387,1.0003179139747114,1.001497232705033,1.0018366166726986,1.0016703652351338,1.0007163309598028,1.0040640643437646,1.0032109646640375,1.0034666296371983
61219.36115586867,1.0009831414937072,1.0009045388587956,1.0005806253244864,1.0003219028921375,1.0008300777950414,1.001502171815984,1.0013200208743893,1.0001576253003495
61219.361239633465,1.0021196914769104,1.0017265951214407,1.0013957993025604,1.0007843496709437,1.000885008457937,1.0019251055282845,1.002132898043615,1.0011452453133107
61219.36132339826,1.000611431312511,1.001192699762035,1.001286849790195,1.0008803478626354,1.0011626920437704,1.0015562499114858,1.0017035734833286,1.0005853602378671
61219.36140716306,1.000834030218669,1.0010163208898955,1.0003595792346587,1.0008006246010837,1.001314418618116,1.0016516528945127,1.0025552410543188,0.9998745282888895
61219.36149092784,1.0011410819923459,1.0008748777642775,1.0005454816790187,1.0005358340907224,1.0012667295007618,1.00240492564722,1.0029755512030585,1.0032429977052124
61219.36157469264,1.0012089882408213,1.000709945637358,1.000934149911187,1.000683621136452,1.0005359288050475,1.0004776373376545,1.001520617611124,1.00179344275027
61219.361658457434,0.9998496312312096,0.9999410134190196,0.9998505325293285,1.0000086146433318,1.0004416702070027,1.0008314128327915,0.9998571051543268,1.0008464800755423
61219.36174222223,1.0001653965178647,1.0001147301382884,1.0001606190843149,1.0008203745205002,1.0002749104437785,1.0000545922394501,1.000352583127058,0.9994688781779574
61219.36182598703,1.0006569008211141,1.0005909640369273,1.0004526103742306,1.0008045368176601,0.9999239416259014,1.0013849173566187,1.0034829692994574,1.0043420105365537
61219.361909751824,1.0011101867265206,1.0012231802545597,1.000633858487163,1.0004143432149166,1.0000294721571812,1.0009626507646157,1.0011980754068162,0.9988856875994299
61219.361993516606,1.0012657679994201,1.0008653335588034,1.0008211125634296,1.0005873872092697,1.0000237326457266,1.0017451618391175,1.0005648083933238,1.0019560105602112
61219.3620772814,1.0014595660814585,1.0015211678106566,1.0013933048408954,1.0014665220266978,1.0010421164899166,1.0017697771678378,1.0029782645266156,1.0029946690063334
61219.3621610462,1.0022611245445423,1.0013161815942884,1.0012764694826448,1.0012735829494948,1.0014410487978351,1.0009506361455744,1.0028783658782976,1.0010725286927273
61219.362244810996,1.000920168171778,1.0003181731921884,1.0003574768435182,1.0009180923405614,1.0014236771016387,1.0014390776769084,1.0015224714939617,1.0023331867583634
61219.36232857579,1.0015584637123633,1.0003516773301548,1.0004131553899591,1.0005463637747385,1.0009816549267159,1.0017621116185955,1.0013176753955508,1.004077969272581
61219.36241234059,1.0010717864220466,1.000581458018072,1.0008164663011165,1.001777377485239,1.000937329283778,1.0014661707444326,1.0030830552710575,1.001011817826201
61219.36249610537,1.0017305553288944,1.001232018508572,1.0008125196199564,1.0011893434922252,1.0009724425636868,1.0021183684379196,1.0023886680790701,1.0022745409660376
61219.36257987017,1.000881045271676,1.0014619601814778,1.0012527102520419,1.0010398780098015,1.0014191491915683,1.000943976176802,1.0013454069327752,1.0022723779796539
61219.362663634965,1.0002318975574735,1.000232148425295,1.000561848053457,1.0007133741812408,1.0004606289708415,1.0007631232344603,1.0002565974738131,1.001814241562317
61219.36274739976,1.0009283640319704,1.0008339385913843,1.0007824625009398,1.0012193570867671,1.002462580574127,1.0017131001475805,1.0023554805762456,1.0018891561469567
61219.36283116456,1.0007699072044658,1.0016062963609809,1.0018779210316373,1.0017260422359135,1.002324037751079,1.0030082029384249,1.0025723828227706,0.9984443149116371
61219.362914929356,1.0010739391162398,1.000865793134207,0.9999538227186652,1.0005733698807036,1.0004605872148011,1.0001992483483186,1.0004578787630927,1.000651587330042
61219.36299869414,1.0000774996044204,0.9995733761417311,1.000320888605526,0.9997894109103177,1.0003749004387439,0.9999360991497085,1.0005014531916796,1.001009421001742
61219.363082458935,1.0004098451376922,1.0006397866870256,1.0004222240795666,0.999618335431384,1.0004388919933642,1.0007582516548186,1.0020007548567846,1.0016202356557815
61219.36316622373,0.9999379332642253,1.0000755101425711,1.000619282019125,1.0002730473320325,1.0007715679463633,1.0008410118596707,1.0026063097650717,1.0015509849873248
61219.36324998853,1.0013852647690036,1.0014050822700544,1.0000617052288392,1.000017263654417,1.0008388039622313,1.0020294896571553,1.0033991733179195,1.0026429114560467
61219.363333753325,1.0004958975655585,1.0003953595937383,0.9996071202917335,0.9998377190677988,1.000565716921903,1.0017164226026618,1.0023900528661398,1.001152952735184
61219.363417518114,1.0010019310982998,1.0006495332927137,1.0008332921729246,1.0007075001490962,1.001278394481746,1.0014849865963438,1.0021165434424073,1.0011097270996694
61219.3635012829,0.9997093208478802,0.9996303256391488,1.0002369265977047,0.9995203898163961,0.9997457711370975,1.0005415367537929,1.0004070275545924,1.0019605775183906
61219.3635850477,1.00032839598025,1.0001296746887485,1.0007754432558191,1.0004585279864504,1.0011750420266814,1.0013571313540384,1.0025101205869917,1.0039835367038694
61219.3636688125,1.0003507056237857,1.0000807896931498,0.9997569975675263,1.0004030097969485,1.001187739751192,1.0010607346581601,1.0010356400880587,1.0020439755485295
61219.363752577294,1.0005434368909525,1.0006959777959623,1.0017293550421795,1.0016707391860649,1.0011211725081821,1.0012516613321145,1.0020205659710655,1.0020058296451397
61219.36383634209,1.0012785051705728,1.0003684282301604,1.0006220615526487,1.0014590236529506,1.0002946532744825,1.0010903735867691,0.998561806624874,1.0004892269193564
61219.36392010687,1.0004388715578083,1.0009477478532314,1.0010271042283694,1.000572753246288,1.0006948440114094,1.0017634308005807,1.0030249569420422,1.0028549341530162
61219.36400387167,1.0006928103021842,1.0015755428842295,1.001325544619689,1.0023306829257528,1.002244446004505,1.0015916703899874,1.0023018952485179,1.0023084941660203
61219.364087636466,1.0002837480965028,1.0006218322961984,1.0002057485350209,1.0001395279907745,0.9999823701601851,0.9999948616678498,0.999559829007162,1.0005968344957523
61219.36417140126,1.000783600510764,0.9999448287409869,1.0006509115100644,1.0009341526273332,1.0007729125922973,1.0010061127795427,1.0034593160999281,1.0020929986858413
61219.36425516606,0.9991588348420085,0.9998611067496861,1.0003842266205099,1.000267549732245,1.0019836134322582,1.0029694977708778,1.003222240349005,1.0035281220301673
61219.364338930856,1.0006881299796062,1.0009452554805183,1.000926955687876,1.000509749586455,1.000116180181175,1.0016624221904624,1.0000717352182273,1.0011169404065725
61219.36442269564,1.0015691901135648,1.0008469917352232,1.0010733860149135,1.0002409669575931,1.0004236774108362,1.0007285178330685,1.0024069024724747,1.0008434319579642
61219.364506460435,1.0000786834538347,0.9991846022924723,0.9996835827763314,1.0002784136643728,0.9999253765460283,1.0005641856193508,1.0012528092691666,1.002460139580994
61219.36459022523,1.0020439465619044,1.001280121624796,1.0015093209077088,1.0017106233978192,1.0019362681682897,1.0021999072222345,1.0015497022305444,1.000884940461732
61219.36467399003,1.0002024644290817,1.0008993157531612,1.0009863318782932,1.000750266785546,1.0031980975047257,1.0024747457261185,1.0035371996338653,1.0035658011429174
61219.364757754825,1.0000628424842397,1.0005373150657728,1.0003375404939663,1.0008730983759377,1.0009232290972772,1.0002391849754757,1.0002583371509226,0.9981857040420258
61219.36484151962,0.9996198529707643,0.99952545572009,1.0005353339388166,1.0004444223191107,1.0001162275159576,0.9996549888545376,0.9993595735239617,1.0006181942788273
61219.364925284404,0.9998742407888612,1.0003529365979336,1.0001365427264677,1.000015611272698,1.0006182698572321,1.0029244321335664,1.0017725182883206,1.0020059897960747
61219.3650090492,1.0014479198205242,1.0009770740633468,0.9999350878933874,1.0004280674870465,1.0006609100438006,1.0019055556289231,1.001741003643732,1.003537798638083
61219.365092814,1.0000780633296278,1.000431098706566,1.0001205667645165,1.0005572222477286,1.0001486041692156,1.0004951808565876,1.0013790369401827,1.00194227464475
61219.365176578794,0.9995628108111881,0.9994526799287057,1.0002886344767141,1.000943607109369,1.0007169892513879,1.0004804454097622,1.001753489568507,1.0014287107604725
61219.36526034359,1.0002251664825552,0.9999962126778423,1.00007672737727,1.0002423813705377,0.9997266505897334,0.9992753780442966,0.9987878408978007,0.9993435381865632
61219.36534410839,1.0015430307749644,1.0018980459157605,1.0012747519772012,1.0012246546836014,1.0025042363662684,1.002330083880637,1.0013159793552573,1.0038972944766156
61219.36542787317,1.0005324983977402,1.0007444560985013,1.0002650377337543,1.0016076886272762,0.999906057023524,1.0004954399602788,1.0022148490060434,0.9997629520432929
61219.36551163797,0.9997684767783969,1.000434092069908,1.00084340763667,1.0004037537285289,1.0001402318295265,1.0014917973902355,1.0014611808591551,1.0015383046638675
61219.36559540276,1.0014395648251277,1.0003619794787852,1.0005403060607028,1.0021615077230173,1.0012489608686022,1.0016558427732984,1.0011298117452423,1.0001495433707015
61219.36567916756,1.0004340363365707,0.9996261201011474,1.0007571308984138,0.9998468321055867,1.0009527132572067,1.0019601218145888,1.0017064214673714,1.0002748645766184
61219.36576293236,1.0017976828475268,1.0010210759589513,1.0015256799867838,1.0013652230123185,1.001139625973216,1.0009094737954203,1.0018014484743236,1.0016454355825042
61219.365846697154,1.000446644557899,1.0010680579694788,1.000271454448165,1.0004581681796487,1.0012827601011327,1.0012199753887348,1.0019138282746403,1.0015036636118244
61219.36593046193,1.0003581643252282,1.001124517275399,1.0011803844596645,1.0003963623042513,1.0007824931523148,1.002568011581744,1.0013470961548165,1.0010048090722692
61219.366014226725,1.0009064563305978,1.0003450265125595,1.0000044194916946,1.0002246525727763,1.0010929082332238,1.000684460405508,1.001402611388896,1.001337078619346
61219.36609799152,1.000101139258157,1.0004544191523534,1.0006336617334182,1.0002672375688269,0.9999440682064505,1.001138881909011,1.0026855467221176,1.0010566141679433
61219.36618175632,1.001278238797835,1.0007955398863047,1.0004116826108027,1.0003228478192416,1.0010006573061765,1.0011973996649939,1.0012035518271734,1.0032875726060295
61219.366265521116,0.9999469462479456,0.9993415376069732,0.999683852041569,1.000001216271061,1.000242372514154,0.999072825406838,0.9993823164867905,0.9994419192474817
61219.366349285905,1.0006082856781915,1.0005059814418729,1.0007633467692545,1.0001165492395625,1.0010059824692292,1.0000719072499615,0.9985750657394756,0.9992780980603968
61219.366433050694,1.000963500078878,1.0007271110236102,1.0001380377233222,1.0004747182999563,1.0002395721545994,1.0002663621799919,1.0017773469746967,1.0007861851460416
61219.36651681549,1.000822324646111,0.9994143374459076,1.0000820669201949,1.000280070512659,1.000385484158049,0.9995149837047321,1.0006888252459876,0.9999720345917388
61219.36660058029,1.000122081556943,1.0006475041693355,1.0006142116309023,1.0006561008789743,1.0005916492826028,1.0005769945202796,1.0025141549469587,1.0006325585273803
61219.366684345085,1.0008821112921955,1.00058039602927,1.0007396369481594,1.0011558256275777,1.0018307787168392,1.0015458750076862,1.0020716138861483,1.0035615043920028
61219.36676810988,1.0000382323970203,1.0003307803430366,0.9998384389166952,1.0012145004393722,0.9999994916582443,1.0001601961156796,1.0019165961442171,1.0023819602449084
61219.36685187466,1.000334675863175,1.0001241558873117,0.9995945826567444,0.9996084742435911,0.9996829945649176,0.9994184589748207,0.9992930096527205,1.0008640392466974
61219.36693563946,1.0007385737210648,1.0005610795005888,1.0004945947494834,1.0006989459284927,1.0007320070564618,1.0014665720683231,0.9993930218249417,0.9995979111917216
61219.36701940426,1.0008883586066846,1.0011272733918453,1.001205896788243,1.0012524823897875,1.0015118323866135,1.001637831003322,1.0011582431760793,1.003862479674723
61219.367103169054,0.9998801282618486,0.9998110322910032,0.9997049116560406,0.9998189699075763,1.0001741701925078,1.0000511811058912,0.9990216415011657,0.9998200272558921
61219.36718693385,1.0008817736925528,1.0003397261430371,1.0022397775867595,1.0017564848690488,1.0024391758908235,1.0004261495619886,0.9985368238661199,0.9990857769644675
61219.36727069865,0.9991184311815362,0.9997378293216094,0.9994749748392622,0.9999370135860792,0.9994040936299049,0.999617048090685,0.9989011234347401,0.9992838685541174
61219.36735446343,1.0007223294853869,1.0004236964030273,1.0011124376540077,1.0011688417006646,1.000921044428003,1.001185369987343,1.0026891736915016,1.0058400134896093
61219.367438228226,1.0005383006102686,1.000676648909512,1.0011689495299336,1.0012832617524605,1.0016270706056127,1.0014874825010893,1.0019114019995106,1.0006026442681977
61219.36752199302,1.0004948633191233,1.0002586139789191,1.0008785744946582,1.000384086688748,1.0007690475382374,1.0007146383367216,1.000826986904244,0.999587170958955
61219.36760575782,1.0004637620513197,1.0008086567116192,1.0007171063231042,1.0011851302786487,1.0019146731951603,1.002368667145156,1.000200233367305,1.00013427463622
61219.367689522616,0.9994919381871844,1.00048678403763,1.0005206836328562,1.0001040081114536,1.0011239421001281,1.0005608493007876,1.002229639841055,1.001334307856369
61219.36777328741,1.00017296828209,1.0007685711154264,1.001363488689949,1.0014703600486303,1.0010003895265485,1.0012138357785745,1.0007767541112402,1.0016973125942974
61219.367857052195,0.9995111726289538,1.0012124106260072,1.00209610159108,1.0005113367066645,1.0018973160375042,1.0022673700312041,1.0025337308315305,1.0021987843239741
61219.36794081699,1.002417810231646,1.0015192914337545,1.0019200987340249,1.0020036679233908,1.0013687329145198,1.0015494656494297,1.001681045977277,1.000579260144414
61219.36802458179,1.002841565568136,1.0015153772496366,1.0020975210919751,1.002619976031167,1.0030955338500043,1.0036580414497784,1.0047504841320545,1.0030407905780874
61219.368108346585,1.002208021841818,1.0018477147272133,1.0010276135773901,1.0006192824693132,1.000037286622646,1.001626323118437,1.0035536377586654,1.003041372295366
61219.36819211138,1.0003788063589205,1.0006022408906585,1.0000845660243638,1.0011976622254808,1.0013255938531518,1.0018979711093408,1.0004615343691368,1.002084011954011
61219.36827587618,1.0006632627870897,1.0004524121838942,0.9996708839801286,1.0006338367785133,0.9994989729898143,1.000212271894187,1.0007447713936213,1.001280730094777
61219.36835964096,1.0001638041066865,1.0002489474204004,0.9999632968536306,1.0007494933249936,0.9997656661153171,1.0004156001695408,1.0007128186763132,0.9993674023203967
61219.36844340576,1.0011855347302603,1.000878038681152,1.0010464678918807,1.001504872717049,1.0015473138635105,1.0024773076019147,1.0015775847920603,1.0021775165075102
61219.368527170554,0.9998963920915447,0.999390123566832,1.000047973475475,0.9996085030281352,0.9989683215058787,0.9982640992056405,0.9989871506893879,0.9995200681599495
61219.36861093535,1.0009577622088697,1.000697108921471,1.0011209187352397,1.000708178074739,1.0003185228529732,1.000152464595387,1.0007514594174367,1.0005019314046057
61219.36869470015,1.000307384043263,0.9999439355303612,1.0002725708598643,1.0002224517958629,1.0003579031944894,0.999760134757822,0.9998097626185307,0.9990521187027988
61219.368778464945,1.000975315801594,1.0004874268642727,1.0010462981088737,1.000227744677987,0.9996073415794222,1.001364509116524,0.999465379847104,1.0003379803004508
61219.36886222973,1.0000224968114708,0.9990934427056263,1.0006434905778034,0.9999065223169901,0.9996560605664057,0.998027614262726,1.0013005015813128,0.9994819751341986
61219.36894599452,1.0014686984827776,1.0012718283372564,1.0009628307488103,1.0013957338846746,1.0022391953937346,1.002342491457675,1.002186630645595,1.0031986346312052
61219.36902975932,1.001429381231195,1.001002804608053,1.0013775839955978,1.001141102333252,1.001405310191636,1.0003162331868685,1.0021430050801152,1.0017867144502264
61219.36911352412,1.0005494143905114,1.0004476306180008,1.0006977459756674,1.000466692374995,1.0005729603270253,1.0004131740602547,1.001000615407115,0.9990899907936303
61219.369197288914,1.0017196268974753,1.0019282209153328,1.0016324244202393,1.001907519109128,1.0018971909384355,1.0024604567790123,1.00235159724057,1.0007531681206203
61219.369281053696,1.0004290173552135,1.000678431322838,1.0005119990551945,1.0002766761697346,1.0015722892163357,0.9999434429705665,1.0008928672456787,1.0011084084477369
61219.36936481849,1.001437471177774,1.001342506536543,1.001919358144086,1.0014928779989936,1.0022141471791544,1.0026082577469824,0.9995515714216356,1.0029338277799822
61219.36944858329,1.0005806144227594,1.0003695508944939,1.0006224148251033,1.0006238001538867,0.9999459798554603,0.9996761332933125,1.0001688803152988,0.9994098446584473
61219.369532348086,1.0011620920758446,1.001560674150351,1.0007956276477328,1.0002739044166484,0.9999500121027347,1.0016755011902576,1.0010638823123903,1.0011042150485712
61219.36961611288,1.0003638359992282,0.9994782291148041,0.99967200613969,0.9999166274289801,1.000416842268215,1.0004057630732184,1.0006393124604407,1.0002761253541015
61219.36969987768,1.0006276109408845,1.0020540844570358,1.0014643326112347,1.0018840150399853,1.0013187215189159,1.0007518264091317,1.0021011846469676,1.0016901067509845
61219.36978364246,1.0013647395050702,1.001445758923858,1.000891022042961,1.0014493537831193,1.0008514475898478,1.0010016107333943,1.0019379607973158,1.0009483353744377
61219.36986740726,1.0014488754261017,1.0017187063003354,1.0013357197727726,1.0019356081094948,1.0008215227092807,1.0022777286812667,1.0017576517707074,1.0010996737702018
61219.369951172055,1.0014206174092508,1.001083866673108,1.000783086254526,1.0002421069247978,1.0012944102054708,1.0009647716382806,1.0002749283454901,1.0003127095328723
61219.37003493685,1.0017215600857046,0.9998771196348293,0.9996348360411843,1.0003045540007303,1.0003123071197944,1.000860435553544,1.0017485739494127,1.0026329464246462
61219.37011870164,1.0014621209825987,1.001143999242319,1.0006390019395577,1.0019453489481158,1.0018842746286605,1.0024978188620197,1.003748446139994,1.0042584277509323
61219.37020246644,1.000660207973694,1.0009252343363504,1.0008971677235612,0.9996916821719813,1.0003851624505795,0.9996658958292014,0.9986799976217429,0.9975875158217925
61219.37028623122,1.000996944950163,1.0004812660155122,0.9995771133559758,1.000358364224566,1.0001195483890692,1.0013214618109185,1.0010251938435,1.0024714839850601
61219.37036999602,1.0012905488723416,1.0014237049823806,1.0007814388287868,1.000346548169198,1.0002218462927965,1.0005234714420943,0.9972409133985107,0.9988528491941666
61219.370453760814,1.001933872132157,1.0022373467177539,1.002339723625646,1.0027498379983213,1.0025338501896923,1.001968694943827,1.003961485505601,1.0035406719305489
61219.37053752561,1.0011425976161543,1.0009510740970136,1.0009880990143163,1.0021279335299942,1.000683737749914,1.0014376757920842,1.001406653248941,1.0015745860612297
61219.37062129041,1.0015069033766348,1.0010157751441038,1.0009762740037058,1.0027309302749634,1.0029081961352675,1.0039670665822988,1.002638971921546,1.0033415007136044
61219.370705055204,1.0018356679706362,1.0018098044323311,1.0014560229710467,1.0014027994976893,1.001304508912306,1.0029855263459035,1.0020514018586242,1.0032386272671576
61219.370788819986,1.0021894480362126,1.0009621243916493,1.000929828292553,1.0006404678937972,1.0007401220977965,1.002138465227729,1.0022634675777833,1.0022826237811968
61219.37087258478,1.001319678293447,1.0005804205221454,1.001159877524252,1.001854900714305,1.0026892166397743,1.0019831504917383,1.0014723273382389,1.001644647477982
61219.37095634958,1.0005856813300265,1.0011555637760028,1.001456082770921,1.0016183701745769,1.0019968830623753,1.0019161975242572,1.0024747703344945,1.0030555872088647
61219.371040114376,1.001003718655311,1.0006288817910032,1.0000183003578689,0.9997759645579243,0.9994402599396759,1.000718520350605,1.0004857197332686,1.0011297015012557
61219.37112387917,1.0016246668699342,1.0011140589290237,1.0006386475617453,1.0020864612054599,1.0008822926247798,1.0013855648768215,1.0023210088555747,1.0002464441107344
61219.37120764397,1.0020240927902804,1.002070109254623,1.0014642638579596,1.0025545745691788,1.0020968345133037,1.0030525216209065,1.0037845487866477,1.0055752039186034
61219.37129140875,1.000947058049527,1.000284604370765,1.000755871011231,1.0008455877960223,1.0004812255181619,1.000872114341694,1.0008087845566256,0.9994280178047704
61219.37137517355,1.0010937097456771,1.0008911567311103,0.9999554983310365,1.0004205572024534,1.0005455171414936,0.9988987452533261,1.0012919443335915,1.0014123377941493
61219.371458938345,1.0002165143994732,1.0010558517224653,1.0003581999687992,1.0004763937589392,1.0004238863600914,1.0003647826215043,1.000642726359436,1.0011412794271437
61219.37154270314,1.0007797389004176,1.001404743489058,1.001876582000813,1.0021221304666392,1.0029722693423875,1.00285314491587,1.002255439767364,1.0020192147718627
61219.37162646794,1.0005797951809594,1.0004377957266306,1.0008477830862441,1.000617537778539,1.0013104524704846,1.003468654100337,1.003231929085718,1.0049106515417892
61219.371710232735,1.0008259948176008,1.001149531403506,1.0014857416294072,1.0014047449358447,1.0025204899472764,1.0011778272972311,1.0023326537489117,1.0027519198471178
61219.37179399752,1.0012675089544412,1.0006390661511697,1.0011493905496434,1.0006306081948602,1.0016120994591102,1.0023366384391441,1.0008246779030565,1.0008892538475975
61219.371877762314,1.0005596970136723,1.0010412059850828,1.000112047106286,0.9998381555506707,1.0002463085703879,0.9989279288382708,1.0003203034745456,1.0007503544103742
61219.37196152711,1.0007526281927848,1.0007891097272483,1.0007363508290101,1.0003933250385597,1.0012632049190318,1.0009545595108773,1.0008069951062737,1.0008474414871584
61219.37204529191,0.9997176525422818,1.0001632433988406,0.999611053376989,0.9992399253773249,0.9998682000167467,1.0008435474426567,0.9988977388542305,0.9995674775805139
61219.372129056705,0.9997234017980036,0.9997858455994574,0.999400198689009,1.0004955553321992,0.9998117832107275,1.0003389200574881,1.000703921879621,1.00118753939157
61219.37221282149,0.9997789955889159,1.0001720594979342,1.0003052914498018,0.9995960524720835,0.9999528051930192,0.9986729688938729,0.9988945179117792,1.002394524945969
61219.37229658628,1.0004950703802376,1.0001812742742369,1.0000873490950333,1.0005402882507848,1.0009970099921166,1.0007705531045146,1.0025324929778008,1.0012477736635879
61219.37238035108,0.9998063591653011,1.0004442032854428,1.0005169885312035,1.0000181306647375,1.0008731549830863,1.0011463858769845,1.00161165457675,1.0002781302768256
61219.37246411588,1.0003269886531112,1.0005649306712188,1.0000416593382975,0.9997340354028232,0.9994966202820615,1.0000038193891905,1.000150225917544,1.0001919685677947
61219.372547880674,0.9995655147857394,0.9995079375251038,0.9997698124263317,0.9993080452417356,0.998400150951704,0.9983763140504056,0.9989893570758765,0.9978790061464129
61219.37263164547,1.002027974259429,1.0018113316744306,1.0018774131195822,1.001877001536921,1.0009160977741585,1.0005252500311779,1.0019973065256147,1.0018398690009553
61219.37271541025,1.0014554701372427,1.0012680584384397,1.0006876093995822,1.0015372396962168,1.001193985406716,1.002125062587345,1.001305787772427,0.9997595363122731
61219.37279917505,0.9999221065929687,1.0000982918564358,1.0000406602050944,0.9998854438419761,1.000216786711685,1.0003270906832444,1.0017485814494904,1.0016105451959485
61219.372882939846,1.0014228296798515,1.0005056354243453,1.000079822048393,1.0017050282779814,1.0017597459442404,1.0016651162473849,1.0029245356746743,1.002482588478978
61219.37296670464,1.0010271673997593,1.001242301062902,1.0007176119139076,1.0021143358106015,1.0017526149592275,1.002324735684058,1.0035728948899358,1.0024867874442112
61219.37305046944,1.000781962291948,1.0005979962753881,1.0006891762447143,0.9999659571896355,1.0012431817987932,1.0005540504581731,1.0020303259585162,1.0006727535025275
61219.373134234236,1.0001450907598954,1.0002232494957506,0.9990205592430202,0.9997782966022846,0.9998281110059126,0.9999575990194693,0.9980996999068706,1.0001843133910528
61219.37321799902,1.0005121412716682,1.0010267889220896,1.001265855170781,1.0001592220781015,1.0011985883762273,1.0012467663279694,1.0018989770980948,1.0018019907747995
61219.373301763815,1.0005722904070946,0.9992633917527033,0.999812870767532,0.9999343155313517,1.000556303893206,0.9981166312002554,1.0001427912950867,0.9993440660141907
61219.37338552861,1.0010520766929367,1.0005733417472216,1.001046639111853,1.0008042856973265,1.0010390561271627,1.0012422834038646,0.9999785965262878,1.0021032821848395
61219.37346929341,1.0004564349475416,1.0004062735075918,1.000127893520266,1.0005293362280263,1.0000802065915908,1.0008889068423632,1.0015821932488824,1.0001509227433674
61219.373553058205,1.0019488464636095,1.0013442908425005,1.0010030824752134,1.0009499451682164,1.0010172557548866,1.001274123757747,1.0008408845481864,1.00378670652421
61219.373636823,1.0002513390603573,1.0007360473604547,1.0006144962606174,1.0017113325894325,1.0006569371340575,1.0016314824848356,1.000339016168359,1.001490677787176
61219.373720587784,0.9998015451267861,0.9996565019541834,0.9999886072332806,0.9999373369159156,0.9997790698043012,1.00098509430723,1.0015868678427533,1.0023383974828208
61219.37380435258,1.0007023303473281,1.0009291729020118,1.0015189567565668,1.0010861891154623,1.000858297609115,1.0010310331048586,1.000123687574496,0.9996575287055377
61219.37388811737,1.001450359275826,1.0009149790581768,1.0010669657633566,0.9999307492255903,1.0013864602977973,1.0013774700376998,1.0019927584103263,1.0026595892910533
61219.37397188217,1.0013130348620436,1.0008454021476234,1.0000318604491172,1.0004904676640234,1.000558909165835,1.0002793888331927,1.0018434045906945,1.0007532928511274
61219.374055646964,1.000976499915792,1.001134715997297,1.0012401497361392,1.000845716582043,1.0012509323623013,1.002752586151828,1.0020698131856798,1.0004630972696502
61219.37413941176,1.0012119736808,1.0010502081186965,1.0008103406274982,1.0008868420031918,1.0004982783807863,1.0019302763679088,1.0023410344038945,1.0026227336400027
61219.37422317654,0.9998470620317313,0.9996676474370388,0.9996050775899314,1.0001709304395712,0.999585336653264,1.0008162153495872,1.0008556743604602,1.000021567024204
61219.37430694134,1.0005629284380184,1.000296337682625,0.9999271066550964,1.0005876671141472,1.0000668534493922,1.0009206740544283,1.0013320544081155,1.0013579910930166
61219.374390706136,1.0001645899856983,1.0003833609795074,0.9999908359668539,0.9993463351371443,0.9996237807803995,1.0002875690044342,0.9999248499468902,0.9988096148932973
61219.37447447093,1.0006539275612008,1.0007138679486576,1.0005450640747215,1.0009352710061301,1.0008424862702197,1.0009967001925888,1.0013857761008917,1.0010896261965543
61219.37455823573,1.0011631212913834,1.001109962829642,1.0010605627553866,1.0011981691808571,1.0008640031409575,1.0023196520887576,1.0019139527077474,1.001664671088663
61219.37464200052,1.0000578436264693,1.0001904657823084,1.000724924521073,1.000234691430686,1.000479867348004,0.9998854159340285,0.999625393322596,1.0004112748432668
61219.37472576531,1.000493152549482,1.0006963190262461,1.000880882924552,1.0011010863577656,1.00127224789116,1.000947793653788,0.9986873647435011,0.9971350503414735
61219.374809530105,1.000389346087378,1.0005900530133014,1.0010190002953274,1.0010801867935821,1.0011340896632213,0.999810820124732,0.9997219544363464,1.0011092019285739
61219.3748932949,0.9999697160861317,1.0005989497162207,1.0005160840166556,1.0013787951730209,1.001707714536785,1.0017346229637936,1.0024200320402799,1.002810047931938
61219.3749770597,0.999797093048045,1.0001792581766151,0.9999886636065446,0.9994870659992786,0.9999708941802262,0.9997507503758827,1.0003637381289574,0.9983500334490013
61219.375060824495,1.001019610993008,1.0012346408048547,1.0010390868630479,1.0015311279434402,1.0016985922788955,1.0007591568445593,1.0025309319389053,0.9992967892304788
61219.37514458928,0.9995339938352424,0.9999613154519338,1.0006570694601398,1.000191168455525,1.00012934263182,1.0006700693944939,1.0001741273014617,0.9991922868238505
61219.375228354074,1.0004256752511413,1.000446336614872,1.000398566873518,1.0010670245644906,1.0015879720751066,1.0042960931334355,1.0049992705724509,1.002343427499845
61219.37531211887,1.0010328962671102,1.0003608971163642,1.0007584607547655,1.0006666620771034,1.0011271495388143,1.0012142590928155,1.0017197831966724,1.003532292406055
61219.37539588367,1.000963814112742,1.001042887643627,1.0008388941278665,1.0010082331256636,1.0005066541015315,0.999488068950265,1.0002019181574822,1.0002454959817786
61219.375479648465,1.0005275842708603,1.0002850200816558,0.9999986804723459,0.999688425548212,0.9997377511034338,1.0001990045422622,1.0007339818500525,1.0017050993958798
61219.37556341326,1.0003351323508491,0.9998491936378562,0.9999498451980134,1.0008853050077922,1.0000872383426127,1.000321049551609,1.0009350568871955,1.0017693988577643
61219.37564717804,1.00134872748499,1.0002548302750274,1.000304792049004,1.0002950163909163,1.0011811279273135,1.001600737106977,1.0025568375481269,1.0017016007431079
61219.37573094284,1.000827657926116,1.0005386229853082,1.0004794262516377,1.0001011892112694,1.0008265268410754,1.0012320160615606,1.0013378096949974,1.0029245272611105
61219.37581470764,0.9998237205248167,1.0006491533191544,1.0004850565037475,1.0011313031811149,1.0010465094958563,1.001461900314038,1.0012320930318745,1.0008215225257482
61219.37589847243,1.0010941111582723,1.0000085487370947,1.0002290241714473,1.000270723972664,0.9998708462001522,0.9995596723987582,0.998138772584286,0.9990848837371753
61219.37598223723,1.00056924486114,1.0011176558190769,1.0014549831606652,1.0020719336956632,1.0012566620686936,1.0007835149817925,1.0007612869055866,1.0007311562221661
61219.37606600203,1.0002923956782566,1.0006287773622897,1.000776795219333,1.0003670244020688,1.0007708149852128,1.0011302989797255,0.999630875538468,1.0007266180430847
61219.37614976681,1.0005752795540503,1.000388299745127,1.0013905842229598,1.0003515792608564,1.0017538786288724,1.0017295527539238,1.002227012086566,1.000655207108027
61219.376233531606,1.001707231032942,1.000927855185327,1.0009303564326617,1.0012604805227752,1.0008756608526717,1.0019817827875674,1.0022526930343696,1.0026907105013187
61219.3763172964,1.0006781084335021,1.0001237455203211,1.0006961105983316,1.0010261822740734,1.0004321961502463,1.0016329077941628,1.0016575986889713,1.0018267407355856
61219.3764010612,1.0004426325502216,0.9999103878618754,1.000192594662881,1.0000333705920017,0.9994638242088183,1.0006612725373454,1.0011109579136035,1.0008598127041313
61219.376484825996,1.0014734426183078,1.0010542607988904,1.0011918095517078,1.0005939476039063,1.0019917113992605,1.0011525324188855,1.00108500525844,1.0020191906100706
61219.37656859079,1.0006675726768046,1.0008311881528318,1.0013165510944333,1.0015750779720538,1.001351582677485,1.0008596393594522,1.001208435741394,1.0004078156589717
61219.376652355575,1.0014542237987962,1.0003191327562397,1.0000380298949167,1.0009869881469504,1.0014346080553853,1.0026105445043756,1.002245991033137,1.0001519167923778
61219.37673612037,1.0017371608961807,1.000084295736902,1.000208183417883,1.0005816111934605,1.0006014558662077,1.0008908685250146,1.0006599492650918,1.000420566886536
61219.37681988517,1.0006954133940182,1.00091524280191,1.0018019715437418,1.0026527077799887,1.0021972843318723,1.0048610369418163,1.0048303664366938,1.0035673130259342
61219.376903649965,0.9997314761223244,1.0006836941737294,1.0009831644746061,0.9994360989936042,1.000201821651083,0.9994669116041107,0.9990766119568756,0.9979106381065994
61219.37698741476,1.0009856813021574,1.0011960300137424,1.00108465425664,1.001102938742438,1.001774766623212,1.0004583969763747,1.00115080309902,1.0015744168021847
61219.37707117956,1.0006833040258096,1.0010563090712439,1.002140689526844,1.0013821063881672,1.0014136149102073,1.0014303943568936,1.001564423519381,1.0014834632152574
61219.37715494434,1.0005947684532759,0.9998283460818127,1.000534242287139,1.0013995590031906,1.0015831757091973,1.0017648377049413,1.0026082553534046,1.0025591992593617
61219.37723870914,0.9998874786666213,0.9995645936646754,1.0008503937210473,1.000463678930995,1.0012683635650816,1.0021018811728721,1.0009866928765514,0.9995473912250746
61219.377322473934,1.0000605870538417,1.0007901397639816,1.0006973578844323,1.0002050071214035,1.0017664688358054,1.0019180088598403,1.0018237929102973,1.0003507627738923
61219.377406238724,1.0001069287610516,1.000909493990109,1.0020518121020079,1.0017355699200226,1.0011150940458728,1.0014991447964767,1.0007678160641205,1.001046302585606
61219.37749000352,1.0010574676958612,1.0011266664138658,1.0003346394815853,1.0004860358367968,1.0016499025380459,1.0022758721698553,1.0020410834562987,1.0037721541678841
61219.37757376831,1.0004082604052509,1.0005003418460292,1.0001961906139103,1.0002305630818864,0.9998692626826182,1.0011053972984019,0.9998812400633906,1.002761335735383
61219.3776575331,1.0012520625130565,1.0011060918420494,1.0010347670129867,1.0016126795198295,1.001100357713703,1.00137145328667,1.0008445797000947,1.0001191571975667
61219.377741297896,1.0002065995613345,0.9998393063094667,1.0005964007744752,1.0005922614747909,0.9996132918997126,0.9997967661397369,1.001179435668304,0.9996550940571216
61219.37782506269,1.0002747247862056,1.0002965252757827,0.9994780434239335,1.000432427849198,1.0004928778201865,0.9995886403826608,1.000162211723503,0.9995059747511689
61219.37790882749,1.0005243422551529,1.0009495366124392,1.0010544287915824,1.001034370236167,1.0009008483667545,1.0013873336658576,1.0011877075721605,1.00158781287129
61219.377992592286,1.0000561505973586,0.9999346859073768,0.9997766801268546,0.9995500480707035,0.9998394994165235,0.999111375446806,0.999453609497922,0.9995043703955345
61219.37807635707,1.0010218926370256,1.0013271695434238,1.001219653412165,1.0011822778792108,1.0021797669121661,1.0023074852104437,1.0037091883470248,1.0013277321171687
61219.378160121865,1.0000736070143421,1.0006402923535669,1.0004282665197188,1.0004799099398909,1.000849835840497,1.0004249644733345,0.9999980265002574,1.0007578295121908
61219.37824388666,1.0008348322495066,1.0013144134313623,1.000867306695075,1.001073417214715,1.0016430224273811,1.0011028315981971,1.0013438946443847,1.002428832603234
61219.37832765146,1.0010485230264219,1.0007622872456339,1.0009660761907806,1.0018726466339074,1.0023842357609716,1.0041712173445543,1.0025174692994685,0.9997125374524193
61219.378411416255,1.00110376862633,1.000584033221236,1.0000713840761275,1.0002742999559877,1.0011991939233402,0.999652165484795,1.0015738875946762,0.99893245192545
61219.37849518105,1.0011087579518752,1.000590910709258,1.0009148431736188,1.0007771634606148,1.0017494545172183,1.0043963715205124,1.0054619149096589,1.004467559508473
61219.378578945834,1.0002028613403482,1.0006726675926496,1.0008998255571562,1.001125845780432,1.0007198780255546,1.0008355563406217,1.0005692832123985,1.0007646719166126
61219.37866271063,1.0013333136120417,1.0004379925602822,1.0000543992538224,1.0004259734114607,1.000857281432762,1.0012611222022283,1.0016410262445978,0.9995680693546639
61219.37874647543,1.0012736013702703,1.0008452666574912,1.0007992292360886,1.0004310449503664,1.0010296865450337,1.0010650992646197,1.0015319161372374,1.0002280698269808
61219.378830240224,1.00042106430198,1.0002294837118053,1.000225300772627,1.0008570718365621,1.0007139654040376,0.999171920139414,0.9995373822974016,1.0018236079884848
61219.37891400502,1.0010339998869626,1.000821108110047,1.0014499758883906,1.0008241212259479,1.0003880321217804,1.0014178689402617,1.0018402968312337,1.0020387559689652
61219.37899776982,1.0017059613935009,1.0011125314642622,1.0015109950831145,1.0019024808213337,1.001550624086296,1.001323118975025,1.00304548022279,1.002080466116169
61219.3790815346,1.0000151342266326,1.0002722088606248,1.0005792654023942,1.0005612716871746,0.9993537358451234,0.9995826594854628,0.9991016986939797,1.001524656224213
61219.3791652994,1.0013301470597835,1.000716838934418,1.0011662589777388,1.001497262679122,1.0020300939911786,1.0030753313506564,1.0019854328799083,1.0033100376329585
61219.37924906419,1.000497250347186,1.0001634535922421,1.0003826753609268,0.9997288713067197,0.9993506458981302,1.000083763395066,1.0007786932222331,1.0007701127473503
61219.37933282899,1.0007424702829033,1.000725927349751,1.001381599540569,1.0012704972959918,1.0013377519611402,1.0017870369634483,1.001125066241546,1.0043030149223975
61219.37941659379,1.0020422898082062,1.0016550456437847,1.002029266223011,1.0013655148280418,1.0012711558101024,1.0010322191496153,1.0028283124053325,1.0037162526997165
61219.379500358584,1.0011836449666125,1.00023328812331,1.0005512972996848,1.001239906273569,1.0007193642741095,0.999641739668554,1.000353747002749,0.9995260494052166
61219.379584123366,1.000771130771485,1.0002130111399272,1.0006550278636956,1.0003152531661568,1.0006645049514937,1.0011225734350715,1.0020316432448872,1.0016684993411673
61219.37966788816,1.0003101687769445,1.0007707319436743,1.000421537873247,1.0010163488782542,1.0019172299496368,1.0005337361551176,1.0003382583196005,1.001580010130515
61219.37975165296,1.0009103494502438,1.0010401965446312,1.0009633339078259,1.0011664530797864,1.001431693416141,1.0015873516764326,1.0019952845728544,1.001466065333551
61219.379835417756,1.0000799197304873,1.00009144431652,1.0002403663616322,1.0011110021369352,1.0010768133927905,0.999852168675786,0.9999640767168106,0.9998017104670834
61219.37991918255,1.000317452985709,1.0006561780984216,1.0001253150513842,0.9998251960541014,1.0008812485547158,0.9990132487676889,1.0010172570567506,1.0007513418180547
61219.38000294735,1.0004798990494639,1.0004905128552153,1.0003305515356578,1.0010577661151263,1.001166477981122,1.0002102767479595,1.0006772679671943,1.0009981332703601
61219.38008671213,1.0016750939299988,1.0010682102706303,1.0015290367383165,1.0010276795666535,1.0007621402100728,1.0010190469298574,1.0025921455274593,1.0018646349641847
61219.38017047693,1.0004125912129047,0.9995480372603656,0.9991995603839705,1.0000917297663814,0.9994105110430688,0.9992241202112053,1.0001617821735993,1.001726775369525
61219.380254241725,1.0014779177332598,1.0012168270253974,1.000677086832442,1.002013309008678,1.002052325786188,1.002485439968047,1.0031701748097457,1.001531909062844
61219.38033800652,1.0009159173289026,1.0004109417382718,1.0001782363925353,1.0004377395901614,1.0005193323849708,1.0005477454423357,1.000278235197922,1.0006583348583173
61219.38042177132,1.0019056985814128,1.0006454592369196,1.0014308361704343,1.001285491810203,1.0007151753148937,1.0005541379415228,1.0032885986499356,1.0023422776642021
61219.3805055361,1.0014108143099745,1.0013384096578428,1.0007549431736267,1.0005178281176523,1.001087563629099,1.0011897807257333,1.0017928527034763,1.0027705978610406
61219.38058930089,0.9998099337497548,1.0002928906444357,0.9996535671082446,1.000089286305984,0.9993922545245416,1.00028055336565,1.0008045511036876,1.0020195908609066
61219.38067306569,1.0003192611958744,1.000876161524931,0.9996420485029043,0.9997425360246204,1.0011471168716304,1.0007503133774294,1.000551091433071,1.0007218006751297
61219.380756830484,1.000887691086136,1.0003286209620945,0.999913315101858,0.9997931037688162,0.9999352867589966,1.0001942928707108,0.9999036196133645,1.0007965229141955
61219.38084059528,0.9992967179501016,0.9994587343447903,0.9998732561499111,0.9999504058433809,0.9999178217456574,0.9994726405683837,0.9998948278177596,1.0007372668152463
61219.38092436008,1.0015613141124848,1.0016299953330212,1.0008675803817448,1.000742991243873,1.0003848116660292,1.000231418796479,1.0002083331102876,1.0011026557907317
61219.38100812486,1.0002484176981146,1.0007368191086858,1.0010747715813144,1.0009442532727562,1.001404543706262,1.001246921694574,1.0013965560989069,1.004096944565096
61219.381091889656,1.0001326001026782,0.999682000484563,1.000595643162021,1.0002511904336138,0.9998464897496108,1.0008758397938453,1.0010378904522752,1.0040028338795233
61219.38117565445,0.9995942671543808,1.0002056606054202,1.0002279011275996,1.0004041418235894,1.000690927396247,1.0007047340742208,1.0007415756787041,1.0024562670529549
61219.38125941925,1.000253636061849,1.00109295764906,1.001208567443992,1.0003470930903957,1.000520885134896,1.0010098408609747,1.0019466803194448,1.00249471466249
61219.381343184046,1.000794623999651,1.0008237901912118,0.9997076201150371,1.0009163910747456,1.0007197632387066,1.0007442839580456,1.0009731634182406,1.0008094846403028
61219.38142694884,1.0005987833735777,1.0010069031567224,1.0003818816032624,1.001409933598068,1.0002116086245636,0.9999420312856951,1.0010926410193444,0.9994070025486081
61219.381510713625,1.0011066320008695,1.001133226719154,1.0017710448394943,1.0020588235765222,1.0025222303458043,1.0030133295583232,1.002282491865733,0.9999230414352894
61219.38159447842,1.0005565945391506,1.0006091717063499,1.0004637948298118,1.0004148119563292,1.001326124171771,1.0012993050989585,1.0030923366171876,1.0004978282010295
61219.38167824322,1.000425592903307,1.0007054386143293,1.001019296531303,1.0008239775513699,1.001007186463238,1.0012688651957473,1.0013388068644165,1.000367804617047
61219.381762008015,1.0002088136854237,1.0008496715897628,1.0017231981974624,1.0014596177063875,1.001275252128386,0.9998918292284381,1.0004750665547484,1.0000022704810578
61219.38184577281,1.0009206688783856,1.000997423634705,1.0011569698797225,1.001654374180153,1.0022660637997618,1.0034413774611937,1.0022520241638055,1.0037365909829497
61219.38192953761,1.001034846666302,1.0006633026304894,0.9992563626374743,0.999856250606942,1.0010389262946158,1.0013921870795577,1.001415867776197,1.0004702619999668
61219.38201330239,1.0011642966677086,1.000783477367936,1.0015704912048875,1.0017472485043781,1.003283012892878,1.001805670677894,1.0024104442137032,1.001022886583437
61219.38209706719,1.0008850578089217,1.001434986734687,1.0012723102411185,1.001291780984954,1.0012142776590045,1.0006496530275304,1.0023587564056289,1.0017893489710576
61219.382180831984,1.0005651597730698,1.000485587449346,1.0006772710956402,1.000759924992674,1.0007541233884123,1.0013006257150971,1.0022473993431777,1.0014263925567128
61219.38226459678,1.000709803876677,0.9993578250349808,1.0005459303438786,1.0005852526864363,0.9997640839502056,0.9996693636118147,0.9991330384503936,0.9989478794193494
61219.38234836158,0.9986939405397847,0.9993689753050801,0.9992462112495901,0.9988178000375727,0.999905891858943,1.001122352336442,0.9980176153066944,0.9990084603688061
61219.382432126375,1.0010865301266059,1.0009658677936284,1.0014118297586665,1.0016696572842336,1.0020447009979596,1.0013880937670923,1.0002368402237267,1.0000018702934723
61219.38251589116,1.0009483610517564,1.000088597019779,1.0005517598920572,1.001067968002739,1.000593830570821,1.001398193074438,1.0008458472132227,1.0014679355321472
61219.38259965595,0.9996189315223274,0.9996429971394597,0.9992871080629908,0.9990577380717841,0.9993048168686831,1.0004706668746988,1.000203751926475,0.998986324498854
61219.38268342075,0.999609166287168,0.9991473897105392,0.9998212019622033,1.0002165854561396,1.000174504409884,0.999273978071677,1.000223802020504,1.0024745254613083
61219.38276718555,1.0008261711637672,1.0009531723570984,1.0014338890590202,1.0012847074313753,1.0012215060184275,1.0011019799501786,1.0026283586298026,1.002876683244545
61219.382850950344,1.0017746365748095,1.000577624103786,1.0002826057430028,1.0015213096843214,1.0013478640231461,1.001295584188293,1.0009715116965876,1.0015700155610079
61219.38293471514,0.9998796635658694,1.0005970526317056,1.0000889255567815,0.9998063285298483,0.9999888112407403,0.999731466750979,0.9994091555147708,1.0002471184271315
61219.38301847992,1.0008833094399476,1.0012194698066306,1.000921920339505,1.0014574397585951,1.002663088854043,1.0025641840656847,1.003571482829856,1.0017722151612918
61219.38310224472,1.0007289782124709,1.0005579418519457,1.0007259054158668,1.0008599890012246,1.0006955242798579,1.0003340405900034,0.9994761714361485,0.9992919376438605
61219.383186009516,1.0009748489873425,0.9999417771514008,0.9997862746353189,0.9993231266058643,1.0006060180939955,1.001194468016679,1.0010565254180108,1.0011065094067921
61219.38326977431,1.001597664723755,1.0010303911560425,1.0007170774732574,1.0015720067108231,1.0012955704148052,1.0012736024430322,1.003198156235922,1.000591413399253
61219.38335353911,1.0021124416900702,1.0004173889310095,1.0003661657320764,1.0010426979025564,1.0004091312630614,1.000518080220917,1.0014044400441997,1.0017397668234915
61219.3834373039,0.9995451648088364,0.999834729593075,1.0003334211558679,0.9990349598198105,1.0008130666884578,0.9994876269920314,1.0001162884069514,1.0001543139963414
61219.38352106868,1.0009704774029475,1.0005717321199965,1.0006926474008122,1.0009727286311851,1.001260714433251,1.0012608630985371,1.0002122740601962,0.9986030887509887
61219.38360483348,1.0012530864329146,1.0009112444513664,1.0015537192745556,1.0013242931275554,1.001314575837216,1.0009092679944256,0.9998789917446496,0.9994098014581753
61219.383688598275,1.0017743249240019,1.0004513291534858,1.001425300758051,1.0009609793261827,1.0012081484808566,1.0026458920800858,1.0025594666662667,1.0029311671365855
61219.38377236307,1.0006628552844619,1.0008225669947586,1.0005220002249104,1.0000405381916342,1.0000605521754988,1.0006832179507228,1.0011653931364972,1.0006680571965354
61219.38385612787,1.001488593560711,1.001204202284212,1.001001723547943,1.0020868530226599,1.00190117297703,1.001119046852174,1.0024140520919802,1.0048726813490225
61219.38393989265,1.0009181359543202,1.001008933838738,1.001216240729511,1.0010319912928511,1.0015783698763314,1.0012338785486108,1.0030220220252806,1.0027209326019708
61219.38402365745,1.0020134640943874,1.0012818955769471,1.001417588232318,1.0012927631334514,1.0019596554391554,1.002156079259198,1.0034007582206983,1.0026432571214732
61219.384107422244,1.0019416332169662,1.0014453937573553,1.0012644240636257,1.0016994254657223,1.0016014241131903,1.0023718318433776,1.0022876263507308,1.0015956468579426
61219.38419118704,1.0000619972936045,1.0007631906987344,1.000535293040566,1.001155651927742,1.0007168896792915,1.0007652933473872,1.0028516809428223,1.000407377837182
61219.38427495184,1.0005455877316576,1.0003196625816626,0.9998762807413293,1.00051687673884,0.999862153336363,1.002215218720624,1.000813684152827,1.0011129416932587
61219.384358716634,1.0015142588123045,1.0009900991517107,1.0009759473703819,1.0003356529711,1.0014733155667759,1.0034383803198794,1.002378389563521,1.0018047875338407
61219.384442481416,1.0010366098631818,1.0012783224004504,1.0005298770068591,1.0010989391796585,1.0015829285540103,1.0012528043522728,1.0007606493989838,0.9996925306664415
61219.38452624621,1.0008307291561218,1.0004334491319342,1.0008279868961014,1.0010197089774968,1.0017281567389031,1.0016454559182217,1.0023315372600752,1.0006866379940342
61219.38461001101,0.9996434343720135,0.9997043888651181,0.9997212784726223,0.9993020476345651,1.0003241587350644,1.0002805834828687,1.0021639671154075,1.00066534532002
61219.384693775806,1.0005505500492313,0.9999818808945872,1.00022132048858,1.0002262275339973,1.0001609915127943,0.9995523594121956,1.0010069246770077,1.0040003072012453
61219.3847775406,1.0016387531157382,0.9999363184688396,1.0002943636583757,1.0000422397055924,1.0006391340151275,1.002477334850827,1.0007114618440782,1.0001493694943504
61219.3848613054,1.0000474076933528,1.0000628419821977,1.000251704904135,1.000360516613668,1.0016392003127312,1.001503220899103,1.002012025428063,1.0027095903484304
61219.38494507018,1.0016017643749473,1.0007894429416824,1.0014008915768742,1.0013076377947763,1.001543261160848,1.00129846420709,1.0031001319251986,1.0020051773400083
61219.38502883498,1.0011214376648927,1.0008705464219627,1.0007737531632566,1.0008834357494216,1.000544105888758,1.000839397003086,1.0026726431793809,1.0002319959916677
61219.385112599775,1.000105962299329,1.0002081262586333,1.0001779432515625,1.0000749056966192,1.0002074227082982,0.9998103910738778,1.00129362537373,1.000247542966261
61219.38519636457,1.0000937086238215,1.0006694073682996,1.0003340303187267,1.0006153022616584,0.9997487971821342,1.0018685912844236,1.0009707971437325,1.0013705801456212
61219.38528012937,1.0003984022308956,1.0010988975052875,1.0009944448752717,1.0003449377235822,1.0009823439859098,1.0016289416432875,1.0015978905705554,1.001156580103261
61219.385363894165,1.000709881987967,1.0005847410653288,1.0006673180090024,1.001084762543529,1.0012871201417772,1.0013104355625075,1.0005094850930503,1.0014122859285228
61219.38544765895,1.0005083360603213,1.000228104651601,1.0007575409862755,1.002168219484653,1.0019716542994102,1.0020589335409191,1.0026021693812794,1.0013818256254925
61219.385531423744,1.0009928738956464,1.00172956866782,1.0008196590175045,1.000361827054854,1.0006601340914703,1.001455742776962,1.0003079689149743,0.9994799019638998
61219.38561518854,0.999944288081032,1.000296608885552,1.0010356474307278,1.0013126477943117,1.0016678943198956,1.0012792140457627,1.0028384583058711,1.0033034954799143
61219.38569895334,1.0000069190372056,1.000238053991497,0.9996361273205377,1.0006359911527563,1.0004572607629474,0.9997702003625659,1.0015173410999154,1.0006701609169533
61219.385782718135,1.0000801034906068,0.9999813408266892,1.0003403418030448,1.000173780605726,1.0001226871923206,1.0004902060179104,1.0014853352002386,1.0028350540583193
61219.38586648293,1.0012824491287533,1.0007026220450137,1.001186244626263,1.0016706041964787,1.0009959312662298,1.0015840050797709,1.0011163780833783,1.0013801460014486
61219.38595024771,1.0001891410260786,1.0007496503693418,1.0007022590423276,1.0005104696963436,1.000499689295416,0.999549775785075,1.0004213717940695,0.9996557470580113
61219.38603401251,0.9998227988115957,1.0008821395677778,1.0007328265051867,1.0011571556720307,1.0008720470110655,0.99941440510157,0.9996139437721911,0.9992707943049006
61219.38611777731,1.0009201808814119,1.0001715652985115,1.0006496212255334,1.0011745055560086,1.0025021620884695,1.0020140328312344,1.0030390826565283,1.001978024419439
61219.386201542104,1.0007572820369595,1.0005344516260006,1.0006170288571374,1.0006903686306254,1.0008458223580827,1.0020018958311137,1.0013244438747453,1.0012837555053309
61219.38628530689,1.0004056954423173,1.0009782004016117,1.000319987407052,0.9996450968687237,1.000482670074298,1.0019715799821602,0.9997695884524342,1.000974232640836
61219.38636907168,1.0009289155771124,1.0007046304607794,1.000492309089967,1.0013144053885024,1.000974731369483,1.001837211293742,1.0021646857592141,0.9993185290241453
61219.38645283647,1.0003109964918335,1.0010202439805136,1.0002084135534433,1.0001295963304775,1.0003156531817723,1.0007180893875465,1.0001707103342532,1.0023573180634247
61219.38653660127,1.0000920158594948,1.000261964938239,1.0001966022492736,1.0003496879177924,0.9999077805167724,1.0002205804221467,1.000067094374706,1.0001932203004187
61219.386620366065,1.0006239100544467,1.0000112377207966,1.000107103723711,1.0002227513040076,0.9998792373047016,0.9991145403840531,1.000404213320899,0.9996139873222081
61219.38670413086,1.00118918848514,1.0014333887972433,1.0013244786123199,1.0013213213715162,1.002451773028921,1.0024081149650728,1.0032064915495262,1.0041249906497067
61219.38678789566,1.0011206557576415,1.000941233305087,1.0019248632696567,1.0023343323592926,1.0027214583889013,1.0017462171369007,1.0025015510664164,1.002871642791145
61219.38687166044,1.0008385347246485,1.0004696729810283,1.0011384406510546,1.0002083290066823,1.0006098954889093,1.0000442888042884,1.0010341100722115,1.0002030539599818
61219.38695542524,1.0015051179378962,1.0008173019172426,1.0015734929153925,1.0016401409675058,1.001528913142949,1.0019814220980194,1.0024798489098221,1.0027786392469493
61219.387039190035,1.0012824861985183,1.0012927538251752,1.0012492840840193,1.0008875144696974,1.001406928534046,1.001558846924037,1.0002994368947875,1.0022537010409938
61219.38712295483,0.9998277613939537,1.0000189516405067,0.9996697247910703,0.999230011831439,0.9995711810174462,1.0007186042485714,0.9994201342648449,1.000281222353685
61219.38720671963,0.9996415520223185,0.9998391011259714,0.999968837461197,1.0001707621988736,0.9998794359417361,1.0006630723997023,1.001920048907251,1.0019136192022766
61219.387290484425,1.0005790262481258,1.0013023320980121,1.0010037450268692,1.001195124470887,1.0007699567041708,0.9994333230173892,1.0017231036856091,1.000939450160084
61219.38737424921,1.0009856715051482,1.0008177816436026,1.000792729619819,1.0011537700140982,1.0011997800293817,1.0024375072193183,1.002680169507333,1.0021119820112032
61219.387458014004,1.0010738988690666,1.0010478241826215,1.0012844527105804,1.0009872375302853,1.002715689969419,1.0021253424862586,1.0025238624338662,1.0038878725795275
61219.3875417788,1.0006869683720505,1.0005186767670717,1.0006856395408799,1.0007527377897745,1.000409376896773,1.000472773167805,1.0010709402264004,1.0017897852115785
61219.3876255436,1.0000664938560633,1.0002081170181394,0.9997831783061588,1.000627465716697,1.0004881844074291,1.0021799512184715,1.0017972163850357,1.0013109101969218
61219.387709308394,1.0012611803512539,1.0009800415978385,1.0007706133935221,1.001491182688601,1.002109777026262,1.0013335163472261,1.0027947178528374,1.0026529829384832
61219.38779307319,1.0021045167039444,1.002386396328425,1.0024757663497696,1.0015349364364008,1.002265386405211,1.0029169073703705,1.0032057169960493,1.0004519081462102
61219.38787683797,1.001253768251801,1.0013439693178483,1.0012903668186552,1.0013881642939944,1.0013425393672513,1.001059164738378,1.0025566145912723,1.0027565152048903
61219.38796060277,1.0022230017337352,1.0016969755534795,1.0018628352145786,1.0017099861675662,1.0022164495091743,1.0026454030338197,1.0034866941107634,1.0030284989305762
61219.388044367566,1.0001599898926825,0.9998684699759558,1.0008247165835733,1.001361984751103,1.001798594783768,1.002213712859688,1.003497200015031,1.0006768631576817
61219.38812813236,1.0023200977740754,1.00191614648452,1.0018705692947945,1.001448290243842,1.0004721588786423,1.0009354193013007,1.0011293750361736,1.0023173524987992
61219.38821189716,1.0002040854369354,1.0005105903329963,1.0008191105388065,1.0013541141634228,1.0011788460526823,1.00169678043944,1.0007465536848081,1.0007664054303074
61219.38829566196,1.0013768655546735,1.0021140256478267,1.0022091066623802,1.0018193227696106,1.0023933230249322,1.0014731995296213,1.0031505921069217,1.0007802024460069
61219.38837942674,1.000931441352009,1.000990628420477,1.0008161086072296,1.0012796430886055,1.0016517895053476,1.0022048662852256,1.003075121552522,1.0027417183211098
61219.388463191535,0.9999977283833993,1.0005744486025177,1.0007096536670652,1.0008204375487262,1.001338411097989,1.0008855454261179,1.000619310094179,0.9994858785286105
61219.38854695633,1.0008783696290167,1.001543571332262,1.0012164160393087,1.0012332582845866,1.0013956434146931,1.0011080143890987,1.0014694950361769,1.0026725837810562
61219.38863072113,1.000490670199167,1.0007385103417177,1.0000273744637311,1.0012030302948194,1.0010414548172757,1.00143355451363,1.0023100485147824,1.000765725800846
61219.388714485925,1.0010475978710085,1.0009454298252571,1.000443384392163,1.0001765590586629,1.0002804780285404,1.0014273814398935,1.0011488636471144,1.0028191127152113
61219.38879825072,1.0007452589883452,1.0003794967831212,1.0004861190845062,1.0008183191551636,1.0007854547882364,1.0011469327674325,1.0016018257249493,1.002716823452823
61219.3888820155,1.0008214974607899,1.0002605938938847,0.9997789066497118,1.0005437208076728,0.9995414221467241,1.0002023736073251,1.0004618991456422,1.0004519426178768
61219.388965780294,1.0021230695916115,1.0013260876263281,1.001653132199222,1.0009572055731895,1.0018647880819942,1.002017106460723,1.0023812453885543,1.001298823355385
61219.38904954509,1.000797537947941,1.0006699208280283,1.0005553331832453,1.0010620569973434,1.0009212584488418,1.0006890611692068,1.0002340113307906,0.9998940052864662
61219.38913330989,1.0016910702042345,0.999609890120065,1.0010574876491025,1.0014773407968685,1.0015501091514813,1.0022865016358609,1.0034309763745863,1.0016217408974681
61219.389217074684,1.0001164450992195,1.000164612327901,0.9993718825090286,1.000320144553519,0.9997659227374603,1.0004745116005969,1.0008803451841657,1.0012644675642886
61219.38930083947,1.0015389695174568,1.001588035809214,1.0014602530660284,1.0007558755532278,1.000322116070138,1.0018652568780646,1.0022278619817322,1.0018343736480586
61219.38938460426,1.0001037693579626,1.0012576328234524,1.002943647529141,1.00248507304665,1.0028712733142373,1.0045564022305147,1.003674851968665,1.0055129446101183
61219.38946836906,1.0016110373765883,1.0009345096768536,1.000398137441889,1.0004635794258037,0.9999117803059102,1.0007809547791753,1.000965931638793,1.0019555084756449
61219.389552133856,0.999980551578355,1.000230393399456,0.9993116442498151,0.9999750970268265,1.0008412961385402,1.0008683449088425,1.001458134804879,1.000141647714554
61219.38963589865,1.0006730195491602,1.0007005835698104,1.0011046311728349,1.0005342283598162,1.0018024715024707,1.000536971843926,1.0012007273661012,1.0015397237580133
61219.38971966345,0.9996361724051077,0.9992401168413975,0.9996550553624147,0.9994974443162953,1.0003012110014666,1.0014012430403978,0.9998303114677252,1.0000937221045025
61219.38980342823,1.0004078139793702,1.0009905497092828,1.000551938628465,1.0007175295775865,1.000007041048926,1.0002680071537955,1.0009212611761273,1.0029411262856645
61219.38988719303,1.0001870915976585,0.9996790503177462,0.9998109042249042,0.9995960214542556,0.9987124372780044,1.0020354727055831,1.0007139474380042,1.0014905643785554
61219.389970957825,0.9990041077624013,0.9976445959538598,0.9982491668419635,0.9987305327440313,0.9975927456723094,0.9984258929680656,0.9969960692716737,0.9961559624138496
61219.39005472262,1.0010321649336094,1.0005961596437425,1.00034943403678,1.0006391983961436,1.0006589113326017,0.999376838890747,1.0002850272000872,0.9987332245418271
61219.39013848742,1.0014543588386535,1.0008535316668927,1.0008139665337326,1.001536841179166,1.0020038018861306,1.0017272951576472,1.0031330538570904,1.0038166530412826
61219.390222252216,1.001049919232631,0.9999981758931201,0.9989842139627423,0.9996966591685481,0.9992682505799984,0.9992282211724884,0.998531890519569,0.998566769909174
61219.390306017,1.0004889665786947,1.001180437849396,1.0012199940835367,1.0012180739412695,1.0020438339261726,1.0023086380306494,1.0034792601701314,1.0033649437238497
61219.390389781795,1.0008641700556462,1.000738343567504,1.001011950763394,1.000590388742424,1.0010867594449517,1.0006158266103913,1.000833343560991,1.0012261198909607
61219.39047354659,1.0011622980778232,1.0008284401635665,1.0015154606193755,1.00086548263073,1.0009316671985036,1.0013285546549537,1.0009370512260336,1.0010025663899225
61219.39055731139,1.0009900761875472,1.0005592057956367,1.001043119319998,1.0004062929719784,1.0011791704649964,1.0005012783982514,1.001748225536713,0.9993646981604742
61219.390641076185,1.0011010858345015,1.0013212806769094,1.0004869347282614,1.0017433745017652,1.0004551658607075,1.000810925953292,1.0008489457680427,1.0013392373679286
61219.39072484098,1.0007276286082516,1.0002330407452704,1.0002987445242049,0.9997886597826012,1.000158443549063,1.0009787890523671,1.0007625540778022,0.998891933865399
61219.39080860576,1.0000735077203295,0.9998221639687834,0.999412407590494,1.0005219626700177,1.00033263487317,1.0009736158224873,1.0005905084322346,1.000408345637125
61219.39089237056,1.0005232362522445,1.0010106100420513,1.0006611833819834,1.0009519888708502,1.0010668670025238,1.0012407089425972,1.0012956295990336,1.0020162633014522
61219.39097613536,1.0001541855618818,1.0009386925032797,1.000771979174013,1.0009278138240578,1.000736729208194,0.9999775416378021,0.9997859583947101,1.0004753336359937
61219.391059900154,1.0003097975497293,1.001171841072867,1.0018140230422308,1.002380348671518,1.00239589617753,1.0026514193067986,1.0016662299147314,1.000867670726074
61219.39114366495,1.000442516839599,1.0005277507093422,1.0011713203020254,1.000878418057465,1.0015796908548742,1.0013023858992138,1.0027426519726657,1.0041537048521403
61219.39122742975,1.0006691595275181,1.0006812580232975,1.0014473293294486,1.0009621664404857,1.0016376943904304,1.002130701678013,1.00309739371502,1.0027219954678126
61219.39131119453,1.0015403360678543,1.0007570474403118,1.0001493996994173,1.0010275147999528,1.000673232302053,1.001482573394437,1.0038065008321935,1.0017926381372984
61219.39139495932,1.0007478242160628,1.0006475564950235,1.0006091412426792,1.000314287891358,1.0005730325125688,1.0012804165832816,1.0019171133086644,1.0036087000249838
61219.391478724116,1.0000219426184886,1.0008137567962212,1.0007667128057955,0.9995639212284065,0.9999046515185835,0.999529754049287,0.9996468755905491,1.0011601788819924
61219.39156248891,1.0004266308567185,1.0002589270423965,0.9999535218401856,1.000007634728118,1.0000507340963039,0.9993778444712166,0.999912221520639,1.000822154021378
61219.39164625371,1.0011935984632199,1.0011895935088049,1.001258294963397,1.0011565457374663,1.0007080734069616,1.0020712679761403,1.0016601862157712,1.0011205593622978
61219.391730018506,1.0012183282328229,1.001297342899336,1.0013566720569709,1.0003037549814877,1.001061028595184,1.0010078906515496,1.0020015733879897,1.0027350524495708
61219.39181378329,1.001455290878452,1.0008422383361362,1.000841497577842,1.000923010279184,1.002195005500191,1.0017756211033981,1.0017560194810737,1.0016286831115961
61219.391897548085,1.0004348140072774,0.999866555523766,0.9995685787754108,1.000626374385446,1.0006012930683656,1.0004535579042073,1.0007014117399862,0.9998417349814213
61219.39198131288,1.0004584094420803,1.0006009240646232,1.0007392956135723,1.000523738874905,1.0002432610556464,1.000174863440224,0.9998173598563086,1.0004374554730886
61219.39206507768,1.0019096658405886,1.001253272869006,1.0018249048507593,1.0020221944996817,1.0008817891855555,1.0034065662588074,1.003246728443545,1.0035991257568049
61219.392148842475,1.0005305503816049,0.9999176949771948,1.000224225922393,0.9999927620519343,0.999793585691626,1.0004990894023065,0.9983881488035179,1.0025222314647062
61219.392232607264,1.0009323146097517,1.0008859836132076,0.9997313352418514,1.0003235336854484,1.0008116752148992,1.0013805553794404,1.0019581046423156,1.0006072036362852
61219.392316372054,1.001354251674283,1.000782783662912,1.0007688460364275,1.001653402453646,1.0024561494676867,1.0015705491366904,1.001690177321853,1.0012888633840455
61219.39240013685,1.0014476484168897,1.0011550980773802,1.001150017950911,1.0003608384546485,1.0009868494119585,1.0006242379193353,1.0002018179291716,1.0018793871296747
61219.39248390165,0.9998970222775446,1.0000379439725855,1.0002566083832822,1.000301379264026,1.0005535723381387,1.0003957474248133,1.0011977102893979,1.000557245273174
61219.392567666444,1.0009221800008654,1.0005203594275973,1.000994314332478,1.0008227956480618,1.0006896152084495,1.0002880798020248,1.0003780496408228,1.001658964035459
61219.39265143124,1.000685520532955,0.9998518251746329,0.9999176941991141,1.000490708610509,1.0019105359660998,1.0018764929909048,1.001383662442636,1.001355401796482
61219.39273519602,0.9999067515020758,0.9998993405731833,0.9999531561877202,1.0000200855323125,0.9998654436109187,1.0008425965990368,0.9981118950331792,1.0004596356818265
61219.39281896082,1.001065360378335,1.000494285759976,0.9999514255285148,1.000647205462266,1.0005974711227688,1.0011751705282936,0.9997490280122104,0.9989708603827621
61219.392902725616,1.0011470033576897,0.9998831757208828,0.999844932674567,1.000305382300802,1.0010088759768745,1.0012951972059347,1.0008799865440872,1.0011898634776502
61219.39298649041,1.0006717549406157,1.0011556992661352,1.0025157737920285,1.0035901573542676,1.0038073600599695,1.0034778226422087,1.0027483111221884,1.0052528804909484
61219.39307025521,1.0009493674958685,1.0010659319879125,1.0018734405730418,1.0028005618242264,1.0026141326859879,1.003500647908619,1.0028512571884334,1.0026028009839203
61219.39315402001,0.9997941557987602,1.000700932147957,1.000487118217709,0.99909337954099,0.9996928997063022,1.0002925443211625,0.9989388051886583,0.9978927027831498
61219.39323778479,1.000830273992368,1.0014617900673264,1.0020475975925758,1.0011791689003011,1.002226846763246,1.0037219592708837,1.0024226338854099,1.0013661779556828
61219.393321549585,1.0009666494201737,1.000601513674928,1.0005739550409234,1.0011587410552418,1.0007759235916351,1.0015985230133497,1.0023336959187967,1.0028416919730205
61219.39340531438,1.0014390537919426,1.0002852417421761,1.000362297752414,1.0003890684000243,1.0007284939703218,0.9999963775678589,1.0019738248051342,1.00091282905194
61219.39348907918,1.000610872353416,1.000034142233031,1.0011511658653165,1.001737924049076,1.0013379397787958,1.001530752100452,1.0019481714712526,1.0022410767577137
61219.393572843976,0.9999850777966254,0.9990315515479765,1.000407297434077,0.9999967556592904,0.9997222269852377,1.0005456788274698,0.9985921706893643,1.0004346981825243
61219.39365660877,1.0008291875834783,0.9998367350028966,1.0002557036476627,1.0008657518654747,1.0002265077545753,1.000578800597301,1.0006063734829176,1.0031936801355934
61219.393740373554,1.000995187843316,1.0007423455919788,1.0010239457780832,1.0018379495955205,1.0013984802896518,1.0012701317921127,1.0032201447591187,1.0038623241410938
61219.393824138344,1.0003166559857677,1.001273479157044,1.0006149050220494,1.0014825550177815,1.0010891344676736,1.0008819849015929,0.9997126802493816,1.00198494784809
61219.39390790314,0.9999006310191387,1.0005791435526978,1.0009987232744035,1.0014636929526661,1.000280070273198,0.9992574202940935,0.9985784554336747,1.0002474792094906
61219.39399166794,1.0006398309888196,1.0008960649919671,1.000622574217744,0.9989672617978571,1.001317058546568,1.0015594664782508,1.000748772685064,1.000478363790355
61219.394075432734,1.0003056552683074,1.0006166128644953,1.001275773438638,1.0004700021012853,0.9996370167690106,0.9999474234629746,1.0011823017207155,1.0019267870626245
61219.39415919753,1.0005021514996484,1.0008435462556717,1.0012255509398675,1.000947914368999,1.001429461412084,1.001691649995133,1.0018757756077896,1.0018024859650323
61219.39424296231,1.0009631039619638,1.0011078281642378,1.0011973651921449,1.0020080057045635,1.0024708587514093,1.003215811683246,1.0024501022380903,1.0023325316701983
61219.39432672711,1.0007975660150483,1.001120708744638,1.0009869303191783,1.0008287746445357,1.0021278364292299,1.003218761497502,1.0007073783926939,1.0014163508653864
61219.39441049191,1.0010386166613725,1.0002818185288744,1.0014152843343929,1.0010345878572462,1.0007620113918427,1.0010454363061758,1.0009141739436316,1.0021665999948635
61219.3944942567,1.000879325499378,1.001006815650359,1.0007312113559048,1.00017102498191,1.0005350220058533,1.001166323714806,1.0012408374406252,1.0019910431977357
61219.3945780215,1.0002579364193387,1.0003210521070045,1.0005146075898173,1.0005483640524133,0.9999191868469797,1.000743798975214,0.9987872091867125,0.9999981297065275
61219.3946617863,1.0005183446320076,1.000344303193423,1.000696823443782,1.0004686708161192,1.0011415071927223,1.001292516773468,1.000663182480397,1.000838457791365
61219.39474555108,1.0006863138259194,1.0004149457667093,1.0003404018239903,1.0006935709111606,1.0007541653135055,1.0012858427021887,1.0003027873840349,0.9999439458761129
61219.394829315876,1.00022589675692,1.0006054078194206,1.0011396019402936,1.0010905179635006,1.0011361505858494,1.0008770659948933,0.9989823612079636,0.999167160331265
61219.39491308067,0.9997102944587719,0.999440699127475,0.9989257683733246,0.999387828801944,1.0015106613579001,1.0013042897376832,1.001490066726517,1.0018920897806518
61219.39499684547,1.0009867841276574,1.0003832402964317,1.0005192828125131,1.0010689111928446,1.0006658066580179,1.0021317242292964,1.0025467468754328,1.0024045272953201
61219.395080610266,0.9995034266368346,1.0000716431629038,0.9996406206012874,0.9998360550233767,0.9998252971221341,1.0004280158734475,0.9999626193153522,0.9993452830853956
61219.39516437505,0.9997478233589914,0.9998267135203501,0.9998644342867712,0.99957205807312,0.9997208945111049,1.001119355434153,1.0009089347984588,0.9997618445224117
61219.395248139845,1.0010006445126807,1.0020262594375071,1.0020679037949543,1.001741405986346,1.0018809772538875,1.0009120074662021,1.0019146365784664,1.0015357633114121
61219.39533190464,1.0000048526626073,1.0004374362380215,1.0009936854942447,1.0010319116390691,1.0007683662554723,1.0013594656775153,1.0019321100548995,1.0005196916499401
61219.39541566944,1.0005755006487183,0.9996527984087922,1.0010142786475906,1.0004744542762067,1.0010571758819784,1.001334302980296,1.0017530061544093,0.9997951977256446
61219.395499434235,1.0006909012093017,1.0004358758192096,1.0001839898920755,1.0003869907018517,1.0009052751832535,1.0003521993606903,0.9999796738101727,1.000052951041395
61219.39558319903,0.9998877325945096,0.9997007824005777,1.0000216841906753,1.0016420685393923,1.000626496304359,0.9997970950388875,1.0016297226047954,1.0008323175336766
61219.395666963814,0.999220456176662,0.9997912193362744,1.0002122944657956,1.0000502048356115,1.0006996420678467,1.000221096000248,1.0000665318688802,0.9999332912848811
61219.39575072861,1.0007607734792263,1.0004778233192417,1.0007831987799822,1.0008804937704967,1.001885864232095,1.0012004266845012,1.0021709851426408,1.0009771658317757
61219.39583449341,1.0001897921300171,1.0006702336688433,1.0000349531305954,1.000676015565092,0.999396499102127,0.9994254703111449,1.0007152200648217,1.0021895017683198
61219.395918258204,1.001057497616457,1.0010173419087973,1.0016206025046315,1.0013089809907882,1.0018606324261794,1.002295993579296,1.0031751095199468,1.0023097459618948
61219.396002023,1.0007911900155193,1.0004422681256402,1.0004141505438728,0.9992091589180683,0.9988207269199569,0.9992769981594435,0.9995497246979631,0.9994277055989983
61219.39608578779,1.0010140889219872,1.0002618569469257,1.001238196568345,1.000786561614275,1.0011978382889746,1.0009003492342488,1.0028210738076326,1.0041713164581787
61219.39616955257,1.0006905784375648,1.0004029350173722,1.0002867031950105,1.0007391725770651,1.000341452666975,1.0012909580878864,1.0023330205708927,1.0011272679281025
61219.39625331737,0.9996485425855899,0.9997947705805144,0.9999353155971598,1.0004925304736387,0.9996691406883395,0.9999986808180147,1.0012262433121963,1.001890115344796
61219.396337082166,1.00140088596785,1.0006634702953532,1.0013059134595133,1.00126509771254,1.0011798622290347,1.003181521317523,1.001490007066808,1.003158822639435
61219.39642084696,1.0008947830616919,1.0013300241880274,1.0016040953075689,1.001571728046659,1.0015833713032816,1.0030592315460178,1.0021731383467605,1.0030035809757603
61219.39650461176,1.0009455638732254,1.0000667192043404,1.000498285208632,1.001317502208423,1.0005872643911973,1.0011778827511577,1.0016680664110251,1.000836621874683
61219.396588376556,1.0011311758920807,1.0006115772406874,1.000367401190845,1.0005528184606183,1.0016520995481741,1.0014589034117491,1.00176766164711,1.0031007785516295
61219.39667214134,1.0014083158078333,1.001133302981061,1.0018469317641199,1.0021139931256406,1.0010524442632895,1.0021207108882648,1.0023506839356562,1.0020998711343763
61219.396755906135,1.0004659179229214,1.0013898311133296,1.0011044119803203,1.0012943227098297,1.0015533919877142,1.001494408505294,1.001125825453955,0.9991296674287649
61219.39683967093,0.9995255321318804,1.0010640609549104,1.0005048334606588,1.000728565720694,1.0010393971066507,1.0011054369766423,1.0013277422043614,1.0020149400954648
61219.39692343573,1.000700711192963,1.000860295040383,1.0009777194805167,1.0011907110062146,1.0013485152145138,1.001032522712058,1.0013046838973576,1.0024017526740465
61219.397007200525,1.0005404615127669,1.000836973035958,1.000971741261671,1.0007700072755428,1.0006587088073526,1.0010751431180394,1.0012444429325138,1.000083302932615
61219.39709096532,1.0000693860920624,1.0001091239418198,1.0002502978937866,0.9991151123680978,0.9999538100428348,0.9993120629679337,0.9997003790992474,1.000439416879287
61219.397174730104,1.000009253108462,1.0000385774474028,0.999983682310186,1.0004732463179236,0.9997357581400296,0.9996292955206075,1.0007485729102674,1.0004384788704537
61219.3972584949,1.001250080339781,1.001213379875877,1.0009075522314723,1.0013757112565165,1.0010194326477324,1.00149724884585,1.0028233817860825,1.002849917861408
61219.3973422597,1.000265487795193,1.0007119762080428,1.0008895141134164,1.0014068169267374,1.001729416351281,1.0007455390811846,1.0013286746003822,0.999584272429434
61219.397426024494,1.0009833366395398,1.0016757544810895,1.000920429211404,1.001526878501041,1.0011951992057864,1.002559502989403,1.0019531245907354,1.0028447358527974
61219.39750978929,1.0001523694081955,1.0015624906310403,1.0018037996955333,1.0022051123371007,1.0037630427006181,1.0040472675406356,1.004267919929439,1.0041093050294385
61219.39759355408,1.0012243173828788,1.0009871237127,1.0010852829843377,1.00141011647918,1.0014108845385097,1.000681798138983,1.0009974360560037,1.0009625485169151
61219.39767731887,1.001777611952995,1.0009489913119725,1.0010072988637544,1.001083183115741,1.001306145343365,1.0006752098778742,1.0014490965294485,1.001307892502961
61219.39776108367,1.0003582276086123,1.0005760233830612,1.0008100504709923,1.0015352004601505,1.0017782000854853,1.0025584388476747,1.0021394319749255,1.0023707483511932
61219.39784484846,1.0009052046964708,1.00113994344485,1.0021529316996085,1.0020233476184452,1.001490031676232,1.0018677214704637,1.0013137900143998,1.002860835322816
61219.39792861326,1.00085230111134,1.00044080400836,0.9996916991999202,1.0005757349280324,1.0009289799352687,1.0003967919664472,1.001136118287834,1.002170010223067
61219.39801237806,0.9999838973894037,1.000748007899398,1.0006573629327202,1.0000091883490736,1.0005610011941772,1.0001296280947758,0.999775621583103,0.9994796523131335
61219.39809614284,1.0011202318384038,1.0012078526132653,1.0006571855227424,1.0004919989521428,1.0006001536525253,1.0023904557577759,1.0020829529808637,1.0008868135698634
61219.398179907635,1.0000418983319654,1.0006124182369567,1.000774373711304,1.0004251153342743,1.000452663541231,1.001512624881137,1.0021045951368366,1.0031100807782716
61219.39826367243,1.0015278517654538,1.0003683799123975,1.0011179057500814,1.001036451160194,1.0006971617252336,1.000624323729506,1.0015042633508289,1.002472261400203
61219.39834743722,1.0011499117455147,1.000462501689835,1.0008953237651488,1.0009372963462098,1.0021865291930325,1.0010709231220347,1.0008562828894902,1.0027654233160206
61219.39843120202,1.000214212367085,1.0000160323124465,0.9993647384689761,1.0005505161933728,1.0015951339967812,1.0024484694088833,1.0040182150704395,1.0028749633297647
61219.398514966815,1.0003468678440024,0.9994587160864651,0.9995084813388215,0.999364046068637,1.0004390279118114,1.0011792000209387,1.001236201028968,0.9990341001413432
61219.3985987316,1.0003891203589894,1.0010796064714622,1.0018615003841154,1.002150583740375,1.001417248023832,1.0022117550014453,1.0004635338216639,1.0024426096949428
61219.398682496394,1.0004672188068784,1.0000901477527726,1.0002046240542075,1.0003011125107075,0.9995048264428529,1.000428846487218,1.0018775544898502,1.001028856570068
61219.39876626119,1.0004519926658095,1.0011576362072376,1.001102088185949,1.0014294830182457,1.0016425681825198,1.0014677547667223,1.0005707951598763,1.0005298748332263
61219.39885002599,1.0002092558747597,1.0006089389127044,0.9994881520344585,0.9997533575243597,1.0001675837265482,0.9995040313152148,0.9997213912486951,1.000255279167232
61219.398933790784,0.9998345311273409,1.000835960812225,1.0014295392537542,1.0012114887323706,1.0007478995406989,1.000661521362938,1.0013005895367693,1.0027650572205973
61219.39901755558,1.0003549847985527,1.0007426818123561,0.9998340413599587,1.0003673802385886,1.0003167155095383,1.0007151335976519,1.001434868200263,1.0010991499273727
61219.39910132036,1.000033630450516,0.9996513745934248,0.9996678452401264,0.9998200443651291,0.9989120086673287,0.9992097660101252,0.9992430628854061,0.9986761301642463
61219.39918508516,0.9994938324521608,1.0000018241068798,0.9997555897834274,0.999601000684106,0.9995641521403215,0.9990066856042623,1.0001073667236378,1.0011915711217825
61219.39926884996,1.0004118667637887,1.0007005214469722,1.0004719020789283,1.0003202098150286,1.0005610475146434,0.9990865504926824,0.9982240242627191,1.0001630885218578
61219.39935261475,1.0007270328441757,1.000730309236454,1.0006241630595027,1.0017414052419185,1.000454067693749,1.0016355440069034,1.0011163201282325,1.000155459530932
61219.39943637955,1.0012446080481583,1.000996750414631,1.0006150258376918,0.9992884816774279,1.0015443963503685,1.0010895761975493,0.9997958281560253,1.000492817854993
61219.39952014435,1.0012250939944496,1.0003623083513002,1.0011018479916298,1.0010143900403974,1.0006028694856823,1.000742939678378,1.001952357878249,1.0029071764379727
61219.39960390913,0.999820461562931,1.0002177007462074,1.0002051720907625,1.0006130483822242,1.0006044022873777,1.0005028942109386,1.0001555765411438,1.001569885896941
61219.399687673926,1.000418652384218,1.0005973476595207,1.000579193222509,1.000433563846121,1.0000131257661886,1.0004076860337314,1.0012581646655432,1.0031065210885126
61219.39977143872,1.0002762536492156,1.0008557626338288,1.0007630108509225,0.9999781499255033,1.0010402406800996,0.9994715704510166,1.001146229756198,1.0019963033842907
61219.39985520352,1.001850337270882,1.0017610113963458,1.0012651931718042,1.00128209473771,1.001213920450448,1.0016037263604485,1.0005938623306083,1.0028803133956556
61219.399938968316,1.0004897617251476,1.0001117731802656,0.9991236965613294,1.0003080756408196,1.0003298314706646,0.9999225605037894,1.0014511464370437,1.0001324831215745
61219.40002273311,1.0008901766138592,1.0008517935634043,1.0009747707166652,1.0011401717984203,1.000936679951991,1.002999758882981,1.00384500282188,1.0011400931590606
61219.400106497895,1.0014192731007123,1.0008525486119477,1.000426308156741,1.0004058748516604,1.000190490380317,1.0004584612742464,0.9993734336675156,1.00121136930674
61219.40019026269,1.0020233717833569,1.0018574219216387,1.000536853695693,1.0004306657884403,1.0012824133738494,1.0012105384211751,1.000551909282451,1.0001167142000498
61219.40027402749,1.0000349056504219,1.0003206288255888,1.0001183444420203,1.0001756451493866,1.0002217810384177,0.9991733040973221,0.9996816831101526,0.9986503089885174
61219.400357792285,1.0001941613313559,1.000874799832402,1.0001473154361498,1.0003141958304451,1.0000405784186766,1.0013224341668372,1.0020773865595742,1.001665936736455
61219.400441557074,1.0008023954110374,1.0014009174792908,1.000794352948751,1.001536307672529,1.002340222696652,1.0023391168950249,1.0009768892522846,1.0007979186688094
61219.400525321864,1.0010793200573707,1.0005816328081358,1.0014756745803475,1.0013220486775407,1.0013619719860756,1.0003337145591595,1.002345977295999,1.000423683441441
61219.40060908665,1.000930680097912,1.0010985168637405,1.0013098808108702,1.0004385356316925,1.0007352817781603,1.0002355204748385,1.0003081891445282,0.9997843810227042
61219.40069285145,1.0008677163082083,1.0015063913703857,1.001010631076337,1.0002395781033386,1.0002140602282017,1.0011581382850023,1.0016619395293853,1.0032094755591883
61219.40077661625,1.0001566779739903,0.9996390211664976,1.0010343266383126,0.9999837033573804,0.9999001750005629,1.000531696789164,1.0003055187759613,1.0012763218327652
61219.40086038104,1.0007660381801669,1.0007426244767623,1.0004622838052644,1.0007619890430026,1.0013790515590417,1.0018884385315632,1.002379186617231,1.0014811519058315
61219.40094414584,1.00053648631007,1.0007900057211554,1.001733363955002,1.0008520916141412,1.000819595338361,1.0006989852708277,1.0004464963724744,0.9996844680915271
61219.40102791062,1.0013015029878118,1.000891281644774,1.0012152034614534,1.0019072615370865,1.0022272136078119,1.00194355519306,1.0014795076398806,1.0020598308705981
61219.40111167542,0.9996994727353183,1.0002767744438916,0.9996145389027425,0.9991020714807485,0.9994080222478157,0.9991697638899687,1.0002454612221081,0.9978317855293798
61219.401195440216,0.9999732313589618,1.000404804157743,1.0005290668898947,1.001106698103159,1.0001032464589619,0.9991437144079758,0.9995500420876139,1.000382751215386
61219.40127920501,1.0018915077459156,1.0021316192140697,1.0006021580322328,1.0006671437219326,1.0012257838994136,0.999454216718367,1.0004429242900226,1.0013345475135145
61219.40136296981,0.9996884137653707,1.001040135646437,0.9996401412074717,1.0002178447799455,1.0008637350232241,1.0013778531956492,1.0018710536270643,1.0019151181821375
61219.401446734606,1.0004222182307987,1.0006410954972107,1.000410319704243,1.0007989059652849,1.0005026179660426,1.0020200134894068,1.0023890799015172,1.0004009145578407
61219.40153049939,1.0008582701378095,1.0015835668614728,1.0009818314127157,1.0018967983552929,1.0016891893933662,1.000643636037475,1.0011505961650586,1.0013409145884435
61219.401614264185,1.0011557475856154,1.000047916580713,0.9998781722301409,1.0010102286886289,1.0002749028364029,1.0021599868488145,1.0009022368881775,1.0008313381588434
61219.40169802898,1.0022168849577748,1.0012906316288712,1.0014513935101768,1.0016155284452712,1.0019193852037247,1.0037009843012206,1.0028943430892332,1.0032825251317945
61219.40178179378,0.9999176807278469,1.0002030535615187,1.0001356336799514,0.9997622549262091,1.000794059913625,1.0002498973833456,1.0003380895678526,1.0009619814738138
61219.401865558575,1.001787523084157,1.001222642969943,1.002103363462308,1.0012511972591487,1.0009191463032168,1.0007580229073716,1.001275115182014,0.9999951964523371
61219.40194932337,1.0009026365561287,1.001087144933121,1.0003471279281386,1.0011086172381964,1.0017721469810952,1.0026801442017215,1.001987353240707,1.0033752914223735
61219.402033088154,1.0009569572654078,1.0013775698686784,1.0021549260972609,1.001162640864687,1.0013535398016968,1.0011799115999875,1.0026946122705578,1.0022414078122133
61219.40211685295,1.0003253859153558,0.99988349323761,1.0001059181165937,1.0005788275295284,1.0006828813284527,1.0015303091861163,1.0015464086737047,1.0005195546487848
61219.40220061775,0.9994731390503663,0.9995791907503013,0.9996361069819484,0.9995727007625106,0.9999796883066399,0.9996850539656937,1.0005749031569695,0.9993050679332545
61219.402284382544,1.0016205497429957,1.0014246281411128,1.0008101426578593,1.0007151702375379,1.0016039118941262,1.0018424041237164,1.0014722567693264,1.003908711302807
61219.40236814734,1.000457990553739,1.001451624522141,1.0022228808614961,1.0021955059917809,1.0025261009786066,1.0036747232816199,1.004434934727446,1.0055000041362678
61219.40245191214,1.000046124285142,0.9998890149336592,0.9996476239292515,1.0015519535611226,1.0005675367752451,1.000698644898451,0.9998922007450957,1.0000434281328363
61219.40253567691,1.0004817313549765,1.0003641436469708,1.0005503191682863,1.0007619083966506,1.000939148122803,1.0011161493845122,0.9991524149010816,1.0027019991814616
61219.40261944171,1.0007697793137775,1.0020355864357107,1.0012138470765066,1.001535689549258,1.00181301617058,1.0022987636463419,1.0036483412395396,1.0030124285559092
61219.402703206506,1.0009974668394934,1.000788231212348,1.0010564296003117,1.0008029554047309,1.0017084118795656,1.0009501822360636,1.001198609275982,1.0017444903273123
61219.4027869713,0.9999209052678081,0.9995871758729383,0.9999481583109896,1.0002776709735055,0.9997176525856486,1.000628050376785,1.000345023730581,1.0017073547283795
61219.4028707361,1.0000856102041538,0.9998887096633694,1.0007986878316826,1.0001913056783949,1.0007601389630816,1.0003628895391845,1.0007943329296731,1.0007239733388806
61219.402954500896,0.9999194407473183,0.9988138105555217,0.9990159263555404,0.9996636301448653,1.0004450416269002,0.9990171291083935,0.9993882572301388,0.9974694499845369
61219.40303826568,1.00055655905809,0.9994105010823341,0.9993823954595531,1.0007972431615755,1.0008220028192194,1.001438120379599,0.9999016559566627,0.9990498015743025
61219.403122030475,0.9999841881222725,1.0001680907615034,1.00028153244027,0.9996499919782252,0.9994035699043449,1.0004868097039352,0.9992146416819477,1.0004668808671149
61219.40320579527,1.000602971197853,1.0010655800698283,0.9995729217274564,1.0009195864072875,1.0006883811230436,1.0008856386460805,1.0005905991149922,1.002649942284495
61219.40328956007,0.999961574241882,0.9999615453509668,0.9998082583291772,0.9998047878123092,0.9995501988606998,1.000711121314846,0.9993841935516864,0.9998251110993167
61219.403373324865,1.0005126324460507,1.000835359400808,1.0008609891312874,1.0006068758345052,1.0014247580252122,1.0008406255943894,1.0017468717726916,1.0004766623447976
61219.403457089655,1.0009465380136848,1.0003182708296954,1.0004853106255787,1.000814645899932,1.0008100790184056,1.0003104595248185,1.0027751951506347,1.0037573443176975
61219.403540854444,1.002057117449304,1.0016043502907155,1.002255048440767,1.0012021340036692,1.0019321158935304,1.002023129426417,1.0026800430287506,1.0026952697429046
61219.40362461924,1.0013110714884343,1.0014679328804241,1.0006034821407221,1.0008785255032204,1.0002982175836195,1.0009396997707685,1.0017224198148895,1.0009638223240556
61219.40370838404,1.000536956036946,1.0002949553938143,1.0003404704667296,1.0000588987605108,0.9997446586006514,0.998922763974285,0.9997573080979698,1.000223849799243
61219.403792148834,1.0009086913726253,1.0000547165821845,0.999733268955343,1.000669641525564,1.0010011565190808,1.0016509116762962,0.9998217845612276,1.0014380292425609
61219.40387591363,1.0008083368999676,1.0008300661564855,1.0006369973726108,1.0008277312048106,1.0021281890733609,1.0018552166100283,1.0012410709657709,1.001310514942896
61219.40395967841,0.9999335272579063,1.0002547248443328,1.0010456194189894,1.0003536651477358,1.000494372246897,1.0008070121490111,0.9999314244468025,1.0000751227112794
61219.40404344321,1.000424885929937,1.0000200604997653,1.0006803191206506,1.0011909321012904,1.0006314992527843,1.0008623984313232,1.00002161254,0.9997994970698406
61219.40412720801,1.000794302022266,1.0014517889583987,1.001157467622483,1.0003593647356173,1.0005014117743478,1.0015484693909564,1.0009884642585345,1.0012885697739982
61219.4042109728,1.0006337425447507,1.0009180778522135,1.0008207937781486,1.000634412469396,1.0002188775566576,1.002954440834694,1.0016817993941711,1.0016456678393104
61219.4042947376,0.9996633508974535,0.9989727506118569,1.000193745782825,1.0007047921686636,1.0005232635386736,1.001817734297172,0.999849085866723,0.9993231316557556
61219.4043785024,1.0003683759862685,0.9996216960199005,1.0000923295071058,1.0003665777453496,1.000791041645017,1.0009131512034368,1.0013222013515186,1.001255973682413
61219.40446226718,1.0001461369216122,0.9998855884917515,1.0005512580594718,1.000267204565858,1.0007024182528519,1.0011592019486797,1.0007501226990465,1.0026620976266096
61219.40454603197,0.999024526318369,0.9987039024520362,0.9994487996274204,0.9993450256885288,0.9992407134011125,1.0006430910592317,0.9998815175662649,1.0017084693333462
61219.404629796765,0.9999460430696069,1.0001534994651022,1.0009683514599308,1.0016380736913228,1.000793481584012,1.0028411515701021,1.001241150398412,1.0015588688788302
61219.40471356156,0.9997448040266561,1.0008311005351371,1.0001938714620429,1.0001197515200977,0.9998250903705654,0.9996166458106919,0.9991258424667716,0.9985654840843884
61219.40479732636,1.0000568024956493,0.9995188063498008,1.0007834001762315,1.000495188081119,1.0016050726106194,1.0031509181598641,1.002182611967609,1.0001528224168197
61219.404881091155,0.9994990153348349,1.0001223893943543,0.9995040750497558,1.0001120226218547,1.0002855114064688,1.0008035030149787,1.00126155538248,1.0013961995514125
61219.40496485594,1.0005155723431758,1.0004756846459126,1.0003179280143426,1.00115050594605,1.000377742047181,1.002796469807817,1.0048833892585949,1.005073295948406
61219.405048620734,1.0012145434098465,1.0006642546240154,1.0012079252309254,1.0001458206395224,1.0003402035358702,1.0014369826180025,1.0018912513362583,1.003258718619407
61219.40513238553,1.0005369838392695,1.0001501432732138,1.0001139237832992,0.9997839631871973,0.9996740597865783,0.9990710463397033,1.0004138925120587,1.0007422503429588
61219.40521615033,1.0006589017940561,1.0011477738170484,1.0012597375662768,1.0010325436583272,1.00122739717024,1.0003907450981986,1.0012056129848852,1.0012111615279793
61219.405299915124,1.0003953588032133,1.0002816712376297,1.0008439236178395,1.0005284128893304,1.0004812025269816,1.0008060844908693,1.0011392437747508,1.0011050987882486
61219.40538367992,1.0003446828461573,1.0004674553738424,1.0007323473324425,1.00123721566312,1.0009050981849767,1.0005412671329776,1.0007564449236186,1.0018595491599867
61219.4054674447,1.0009869882761473,1.0009705567319211,1.0016835158410262,1.0012181059516678,1.0007019300283788,1.0022827895691404,1.001299906006962,1.0000888291518846
61219.4055512095,0.9998367047394728,1.000086665199914,1.0007778079484408,0.9998932149244649,0.9996928418902461,0.9995967674902312,1.0000843046665948,1.0035880954560334
61219.4056349743,1.0010012588116386,1.0010832864146284,1.0012967771219887,1.0007412182648399,1.0001451171172062,1.001383073274536,1.0002421928928023,1.002220828417067
61219.40571873909,1.0000848460374328,1.000840637392749,1.000484661559292,1.0007783600043372,0.9997288372876411,0.9983720505517516,0.9993451433745041,1.0013333694680309
61219.40580250389,1.002493760619062,1.002069359215986,1.0016158031502187,1.0017134430424313,1.0022930052365968,1.003908291634829,1.0046891778152676,1.0058591405207078
61219.40588626869,1.00072876744438,1.0005983896086976,1.0001820552942975,1.0004196971401258,0.9999009842562941,0.9996492646707754,1.0013646906552303,1.0018082885268909
61219.40597003347,1.0008692078366699,1.0003679232316063,1.0003259762373355,1.0000796092400168,1.0013113070323651,0.9980933721024801,0.998300926991043,0.9998251731483164
61219.406053798266,1.0004444577065652,1.000232355724084,0.9997495104243141,1.0006326394903626,1.0002736368000185,0.9997304642778414,0.9999091393296249,1.0002899919456416
61219.40613756306,1.000582565881087,0.9997611699183533,1.0017681219410226,1.001956392535502,1.0017279359559526,1.0029045762815072,1.0024181440661801,1.0020357561117197
61219.40622132786,0.9994290893137513,1.0003004967954947,1.000729653685245,1.0003958511304503,0.9989877625773429,0.9996071627112023,0.9985156644424195,0.9991857856573017
61219.406305092656,1.0007647910473683,1.000936128878566,1.0001115223927877,0.9995963053294151,1.0003243096992105,0.9997528545177592,1.0019489351155255,1.0003672051895545
61219.406388857446,1.0007279680613825,1.0007007287457617,1.0016459799795192,1.0017578474201854,1.001695839085071,1.001032555936609,1.0020542358652496,1.0013465908385255
61219.40647262223,1.001253608851813,1.0016014517815992,1.0008370844355559,1.0019309852124494,1.0016522601483295,1.002437256720547,1.0020695581830388,1.0029145532481016
61219.406556387024,1.0001585714446146,0.9996909878111202,1.0002911903962906,1.0001442501448687,1.0005497514068586,1.0012016918467133,1.00075213340169,1.0036678640308205
61219.40664015182,1.0015549431438526,1.0012100555247263,1.0015802006705958,1.0017511160552823,1.0029196342474003,1.0032214452763264,1.0027053776093307,1.0017916055053215
61219.40672391662,0.9999761802587441,1.0005300627254288,1.0007851666490397,1.0001095297810754,1.0008581400519099,1.00193090572217,1.0002949245753245,1.0000496912235088
61219.406807681415,1.0013574296122543,1.0011086749497322,1.0008567893231182,1.0013861364724888,1.0021871186801299,1.0022618932388816,1.002337882666706,1.0007882359255698
61219.4068914462,1.000276831407977,1.000790813318049,1.0003638798514884,0.9997408779356209,1.0001825462513585,1.0023013929273414,1.0011715247909139,1.0022308605575283
61219.40697521099,1.0009893636537128,1.0008559847396745,1.0012215348422173,1.0015811797991254,1.0014491190401789,1.0019028441231357,1.0023768346610527,1.0010039563254662
61219.40705897579,1.0003558503775587,1.0008503158637116,1.0007903851552507,1.000386344786607,1.000827148279151,1.0022958927105157,1.001907587187272,1.0031867542401625
61219.40714274059,1.001189863419642,1.0013635077297125,1.0004338853866401,1.000962208128446,1.0002870379532107,1.0014643787699185,1.0028114638217354,1.0023292137248596
61219.407226505384,1.0006746275825964,1.0004855873380145,1.000722908016258,1.00139136657453,1.0009611963264766,0.9994826502411499,1.000520243272658,1.000790527564008
61219.40731027018,1.0003913107849074,1.0001760679796217,1.0002811269949126,1.000687876037989,1.0003927270560127,0.9988116149444269,0.9998876887665455,0.9992579301747224
61219.40739403496,1.0014325705548799,1.002296007265166,1.0024686574601056,1.002068262921858,1.0023468191367262,1.0014712328274338,0.9995929459410736,0.9997814699062811
61219.40747779976,1.0009302402916325,1.0009827029713905,1.0006541754115152,1.001305827346207,1.0016639663781959,1.0030181454450127,1.0024132073105032,1.00296582570909
61219.407561564556,1.0014144376146903,1.000611432287399,1.0010295153460322,1.0016524230347175,1.0012716817333485,1.002361032430209,1.0037082985650818,1.0015931077825146
61219.40764532935,0.9997857507591814,0.9999885753540332,0.99994437920212,0.9997053836149901,1.000202406573755,0.9994536640913058,1.0006071947414237,0.9999399887185514
61219.40772909415,1.001108291667192,1.0005127764334383,1.0008548695371384,1.0013099745538463,1.001275820483884,1.0010429270159997,1.0010146528252324,1.0012054316412493
61219.407812858946,1.0007504980052342,1.001144191400058,1.0009780642417136,1.0016205605294999,1.0018722096687627,1.0026535731659885,1.0018887790379247,1.0034915660612374
61219.40789662373,1.0006529632177503,0.9999588925499211,1.0001113893076703,1.0000753200947978,1.0001932841468129,1.000017703905074,1.0004934352677264,0.997555740851628
61219.407980388525,1.000425783812595,1.0004284437902267,1.0004859111666442,1.0002287010196518,1.000654702425156,1.0009329853041717,0.9997237800234364,1.0005195121442712
61219.40806415332,1.0007180426318827,1.0008726737395042,1.0008705855188604,1.0019329755644195,1.002017333209975,1.0012964525680994,0.9999142100639623,0.9989935495071487
61219.40814791812,1.0004791955182866,1.0001779495890923,1.000737278998222,1.0015642676387324,1.001334397446522,1.0017760845739307,1.0020763876855923,1.0002376149365575
61219.408231682915,0.9994098275992263,0.9993335924522552,1.000097937320446,0.9990962200295823,1.0000005083417556,1.000666940550104,1.0000691309867091,0.9983709025958983
61219.40831544771,1.001794998466994,1.0019919554958343,1.0015917440359579,1.001091790687008,1.0008617667415278,1.0007733996597354,1.001508941012913,1.0020387272531184
61219.40839921249,0.9999241533735486,1.0006602297766345,1.0010377685024203,1.0004551031219835,1.0016908310650616,1.0023161704426626,1.0022145370709943,1.0034271254236469
61219.408482977284,1.0004940769105433,1.0006837688769985,1.0012683097290178,1.0009341838933037,1.0011879929922793,1.0014922979097276,1.0006533154463833,1.0016587228602951
61219.40856674208,0.9998452998939877,1.0008116023138547,1.000986723064531,1.0009846533730211,1.0001336828932879,1.0006498466382223,1.0002431610846485,1.001000500999468
61219.40865050688,0.9999570204860723,0.9990226370320572,1.0000237380565946,1.000189563965332,0.9997943995117827,1.0002637969578383,0.9993955377600912,0.9996072087378072
61219.408734271674,1.0006175938961088,1.0005691499029639,1.001480506321753,1.0014111981328688,1.0011831577442272,1.0003779620120286,1.0008336210638653,1.0021733023620936
61219.40881803647,1.0006753602400171,1.0000879199031114,1.0006013364195434,1.000528618599564,1.0014980591482188,1.0021042126280424,1.0016288515730465,1.0030278253731881
61219.40890180125,1.0011890934276721,1.0003670419334245,1.0015452264765274,1.0002757225576389,1.0007810950856975,1.0004825818200875,1.0019560110979049,1.001259963414118
61219.40898556605,0.999915184873546,0.999512297813544,0.9997877202226656,0.9994962586908481,0.9997230538224597,1.0001264127231386,0.9994890531604779,1.0004133038012812
61219.409069330846,0.9999542638194983,0.9997557533190048,1.0004569055748056,1.0002388711450088,1.0010335056167332,1.0013343311853102,1.0028564472421884,1.0014516618062734
61219.40915309564,0.9997983197924727,1.0004032608839435,0.9994178098072241,0.999824044672336,0.9991943224401738,1.001656770192415,1.0001326556219263,1.001338329782713
61219.40923686044,1.0004475660063359,1.0003146366436735,1.000707147156997,1.0010064224289519,1.0025608141105489,1.0043218643896934,1.0031137987712957,1.004495193261352
61219.40932062523,1.0022811689606705,1.0008901966104027,1.0015596025431386,1.0013981443421032,1.0006001266040778,1.0009414599548851,1.0023809518627866,1.0026568695714428
61219.40940439002,1.0009653612458502,1.0014562452143771,1.0008423223960694,1.001548016778427,1.0015052033193497,1.0015859115475214,1.0037994391681448,1.0035706744245476
61219.409488154815,1.0007376194394078,1.0004426151451493,1.000778278720463,1.0004690822365863,1.0008482267959908,0.9995120867151216,1.002574072726637,1.0016003005329195
61219.40957191961,1.0017022732166965,1.001942377017874,1.0008266831262012,1.0011875821758955,1.0013622135625202,1.0015946885655498,1.0016397300948097,1.0012422840032602
61219.40965568441,1.0006045990900916,1.0000304635145085,1.0010659356801266,1.0006220232045717,0.9999247234950798,1.0001517276796303,1.0010672058695407,0.9998728836425184
61219.409739449206,1.0012543600441162,1.0010397231641526,1.0005806117285818,1.000478886847861,1.0003924638408104,1.0015232172981832,1.0008549086707115,1.0007352731511583
61219.40982321399,1.0008723431444118,1.0001130011639627,1.0002563185583837,1.0002563721478435,0.9993452184581357,0.9984310126562235,0.9991488332730765,0.9976917589635383
61219.409906978784,1.0005614096368016,1.0001825953308596,1.0005771025481645,0.9998093551254071,0.9994514539395721,0.9986218193393537,0.9987305137131359,0.9996380586022942
61219.40999074358,1.000911581225568,1.0011780883146777,1.001638381195137,1.0012948688717405,1.0012606305830642,1.0020356185111658,1.0025209762676095,1.0026721370409086
61219.41007450838,0.9995722786938779,0.9989276935186567,1.0006493405751071,1.000114376254623,1.0009486914912056,1.0003649597394337,0.9999836089645667,0.9983255170100366
61219.41015827317,1.000458732213817,1.0007435692337572,1.000796649993456,1.000651397335577,1.0002431356184722,1.0005949503582783,1.0017229345929486,0.9991295295420989
61219.410242037964,1.0015815502322536,1.000862846418659,1.00116349779316,1.0013155188044467,1.0010583864690454,1.0011119989449413,1.0012165136659685,1.0019058480236327
61219.410325802746,0.999997869248505,0.9997837031408658,1.0004591020319218,0.9997123219308399,1.0011499603396479,1.0020669941993878,0.9999441033281218,1.0007520867223045
61219.41040956754,1.0001353117559661,1.0010098529895453,1.0015931658581052,1.0019388126233135,1.0021497020558845,1.0016352318395412,1.0028411746976424,1.0022201563144466
61219.41049333234,1.0000363341602834,1.0004839390788456,1.0003210292070785,1.0013205868693555,1.0012770692768833,1.0013388980073816,1.003010594634196,1.0022651567031544
61219.41057709714,1.0004777572114159,0.9998653469117066,1.0006286575561463,1.000384782976945,0.999525840212472,1.0000013191819852,1.001112741568441,1.0021451285109388
61219.41066086193,1.0004333595485808,1.000045307532849,1.0001321872838753,1.0005456729456792,1.0003751543560426,1.0005026855416377,1.0026833031761535,1.0019897260638215
61219.41074462673,1.0022158292638328,1.0021676185080306,1.0020317884291645,1.0022515286552331,1.0026938848636646,1.0026726132238613,1.0010486885186598,1.0014588028808038
61219.41082839151,1.000837364114436,1.0005074879763598,1.0002245737785926,1.0003121412095362,1.000716192674616,1.0012384563658567,1.0011544382503068,1.0018460741539277
61219.41091215631,1.0017703123867567,1.0014275771946166,1.0007478724188175,1.0006965076790904,1.0007473343972042,1.0011287639576727,1.0007622649838988,1.0004041055588955
61219.410995921105,1.0008592254786028,1.000698712314146,1.0001593438326541,1.0021204493003761,1.0018704936138372,1.0026094191721073,1.0032262344812826,1.0013067903583948
61219.4110796859,1.0003987424783787,1.0004683107318428,0.9994626072083515,0.9994617097936064,1.0001688188262712,1.0004665659134155,1.0012925361579033,1.0003165554955902
61219.4111634507,1.0014996181087343,1.0012374774137958,1.0017686584818533,1.0012064353078765,1.0015194039232111,1.001547952139676,1.002306356090175,1.0021305712210535
61219.411247215496,1.0014590754366444,1.0014997934351344,1.0014398462760612,1.0011481334544425,1.0009945419903579,0.9991684965765267,1.0000519189902572,0.9992593508501375
61219.41133098028,1.0011121352722239,1.0018961413720522,1.001949445992058,1.0018278844344926,1.0023247665376795,1.0004155234423409,1.0013156091241497,0.9986183109961583
61219.411414745075,0.9998134318116229,0.9994359960501135,0.9996057755130472,1.0006357690651098,1.0013324440414717,1.0014326340262545,1.0021649397391175,1.003378941750478
61219.41149850987,1.0009545895665792,1.0008361168986388,1.0003694088527946,1.0007127714428121,1.0006127364211352,1.001635509587225,1.0001680178063657,1.001009222457593
61219.41158227467,1.0000793141694027,1.0001332850498825,1.00073858995295,1.0010787011637048,1.001050105586919,1.0020522747672744,1.002564604901303,1.0012906025270587
61219.411666039465,1.0007789228360262,1.0001633473822287,1.0008387820445535,1.0003043899784572,1.000956713553503,1.0002647016695276,1.0022426862261806,1.000953925413728
61219.41174980426,1.0010308166533102,1.0007136383836182,1.0011083198634108,1.000400137794243,1.000945148482721,1.0001167814278107,1.0014918602678204,1.0020908278563627
61219.411833569044,1.0007590960723733,1.0012319129665461,1.0014671275092357,1.000800819889327,1.00121750622929,1.00041246869587,0.9988991383005431,1.0003651945110108
61219.41191733384,1.001133731322789,1.000625847123767,1.001029029209532,1.0011056221567503,1.0011837144350821,1.0012959154776988,1.0023770978455968,1.0027690452445317
61219.41200109863,1.000566170453726,1.0008414159321861,1.0011680621484367,1.0000945791881084,1.0002288682387566,0.9995876625291543,1.0020248873794602,1.0005982737036414
61219.41208486343,1.0006960825032714,1.0011403363328346,1.0008775098137188,1.0003016192179413,1.0015116834511006,1.00177048372735,1.0015963155542424,1.0021922949853177
61219.41216862822,1.000628914737466,1.0008909828316965,1.0013848184539444,1.0015178912715623,1.0014327386695745,1.0012896522913317,1.0026728995456724,1.0026190720532622
61219.41225239301,1.0010801197051522,1.0002093114911297,1.0003731950359562,1.00054550644198,1.0005434967915365,1.001465066207387,1.0014441655692858,1.0005929835362237
61219.4123361578,1.0006916161261927,1.0008807970242235,1.0012631584285805,1.0019584421935583,1.0012862038756265,1.0012673423639973,1.0014757552146518,1.0019222788011544
61219.4124199226,0.9996236584468954,1.0009096302595601,1.00033512418112,1.0011984150901956,0.9995549448488761,1.000442013926465,0.9999581134732293,0.9994115005002037
61219.412503687396,1.000110554978392,0.9999896158559036,1.000141021637562,0.9999466966074695,1.001060862754392,1.0015768524793491,1.0018717961347547,1.0048245803446019
61219.41258745219,1.0007833518785563,1.0010858688543236,1.0011915409496852,1.0015503905107475,1.00178363056843,1.0018228410779504,1.0005702595861472,0.9995451704274924
61219.41267121699,1.0008468600642333,1.0005610179344069,1.0005274542829363,1.0002420935250962,1.0009894567132211,1.0025493393841853,1.0024224470652934,1.0011999855606981
61219.41275498177,1.001469608545501,1.0000349749907873,1.000051247104077,1.0003234929900584,0.999877688273938,1.0003851820176541,1.0010500698966034,1.0016064132765254
61219.41283874657,1.0004902568712906,0.9998326697422714,1.0002051243392915,0.9993043325318273,0.999983382955482,0.9998642406609582,1.0012518724412818,1.000655439681087
61219.412922511365,1.0003899214630834,1.000197534314757,1.0000171553173944,1.0013817929840356,1.0015923454709221,1.0003306148758864,0.9983047987356896,0.9971213109472201
61219.41300627616,1.000790447825873,0.9999336476321312,1.0006580711356663,1.0003405493213147,1.0000361260752055,0.9991940761342972,0.9993038206737845,1.0002617327059553
61219.41309004096,1.0010715171366844,1.0002119978028818,1.0017643879307645,1.0015935844487922,1.002250212395354,1.0026173184883331,1.0027294671770157,1.0033702625438632
61219.413173805755,0.9992603935524511,0.9997728873098443,0.9998762281262829,1.0004121871036753,1.000201596979918,1.001204614651083,1.000837780197852,1.0026223619785117
61219.41325757054,0.9996488950131386,0.9993329972753879,0.9992211165253088,0.9992705970461,0.9995858575049265,1.0002639649927967,0.9998001447916431,1.0004089293784284
61219.413341335334,1.0013668455972735,1.0006692757747608,1.0005282787695566,1.0017582876251967,1.0016835942529987,1.002369171967108,1.0036813630588297,1.001065225000482
61219.41342510013,1.0020341000380466,1.0012572809053684,1.0012784727231623,1.0018594995415158,1.0015252281301164,1.0025158918225356,1.00338047801065,1.0010322716053297
61219.41350886493,0.9998348086210082,0.9996196446302721,1.000291124295875,1.0004750659477697,0.9995504282653431,1.0003763983069105,1.000439332434639,1.0015058224236577
61219.413592629724,1.0009274296091157,1.000144618125896,0.9999063657153702,0.999393394889095,0.9987936598768951,0.9992343787095644,0.9983446432392806,0.9993283803939225
61219.41367639452,1.0012069181592465,1.001075819093639,1.0010702999655838,1.0013262082923111,1.0016124634297785,1.0019878181825896,1.0019692739625452,1.00299325345423
61219.413760159296,1.0000275727213952,1.0005972512466574,1.0002999698136785,1.000983284618319,1.001544895056115,1.0010075737036763,1.0029020749874966,1.0022356162559882
61219.41384392409,1.0013178232165074,1.00095254055225,1.0010133892764486,1.0002319087593248,0.999743778511799,0.9994971246720793,1.0012525604029525,1.001116349328181
61219.41392768889,1.0004549693679154,1.001292826079157,1.0001427990534157,1.001451250337178,1.0007563109315838,1.0010029256129198,1.0021773942999315,1.001865388913294
61219.414011453686,1.000858100411244,1.0015755121568037,1.0015934020731352,1.001580090701158,1.0016922232148313,1.000519982147182,0.9997208976072186,1.0008998711841293
61219.41409521848,0.9997043794482451,1.0002169003858452,1.0000031411450312,0.9999291730236561,0.9997139312264648,1.0003284268360433,0.9998858556793779,1.0000392889395755
61219.41417898328,1.0023778927146594,1.0023338489799978,1.0022474223540394,1.002428497025151,1.0029673160954842,1.003814897422486,1.0027224280131999,1.004786942028595
61219.41426274806,1.0007247490818858,0.9999902513346837,1.0010329951239239,1.0011993289994716,1.0011757400456731,1.0027781100166466,1.0031393958545947,1.0029229407421918
61219.41434651286,1.0014785465953395,1.0008368681619197,1.000250617231747,1.000293746893263,0.9998222605958242,1.00184092670682,1.0013757365650908,1.0031145770853473
61219.414430277655,1.0004437406714024,1.0002998712251963,1.000368095355743,0.9995919573743949,0.998865118662538,0.9994499525026364,1.0011998726981586,1.0014366769412217
61219.41451404245,1.0020524786978193,1.0016548130728016,1.0019750141412211,1.002392404184516,1.0019688546160666,1.0024828596872843,1.0027892349551404,1.00170438516825
61219.41459780725,1.0004052596077981,1.000229455099674,1.0005506901264707,0.9999949032746183,1.0004545239672435,1.0005722285899292,0.9997716380191167,1.00191794068424
61219.414681572045,1.0011206189526607,1.000146155944464,1.0009452462697261,1.0015492381364115,1.0003432622080963,1.0022377268001357,1.003055058844726,1.0024155257177063
61219.41476533683,1.001563204405701,1.0010698283590302,1.0019600257062127,1.0022688671246505,1.001872434170875,1.0027192141222507,1.0021901290909208,1.0032770763314605
61219.414849101624,1.0008224467115505,1.0011391426391627,1.001224095735905,1.0014026801410882,1.0002167485057532,0.9999246988263188,1.0007520635146028,1.0025176356009275
61219.41493286642,1.0001155239155666,1.0007074299964136,1.000472554129682,1.0012188188654203,1.0013641181113124,1.0006247637755352,1.000677076033388,1.0014201849369608
61219.41501663122,1.0020647834766452,1.0019900949279696,1.001203346505993,1.0006192263890807,1.0008382800676185,1.0007265312917604,1.0014637871361491,1.0006904742161344
61219.415100396014,1.0006527550975,1.0004355107640377,1.0009591095607062,1.0002212205121732,1.0004947461916804,1.0017520271308336,1.001588178651784,1.0023324806900824
61219.4151841608,1.000345564047421,0.999887261800452,0.9993655652768484,1.000516797333201,1.0001322647093875,0.9998843145043151,0.9991302927401373,0.9987469993565083
61219.41526792559,1.000983983506934,1.0007823544809398,1.0016983413462481,1.0016146150322802,1.0013454284795238,1.0014022192207253,1.001204816272088,1.0013094748473295
61219.41535169039,1.001132423289663,1.0008021055354934,1.0006320940039994,1.0005453215757267,0.9996230940879448,0.9993820288524151,1.0008876567371663,1.0008008999303297
61219.41543545518,1.0009087954327505,1.0009756398941732,1.0005707181102108,0.9998288983420196,1.0003775292097115,0.9998607432391774,1.0006846766802922,0.9991258336734442
61219.415519219976,1.0002377172457484,0.9998884071763607,0.9997542956301428,0.9999614409939176,1.0000911490409274,0.9998019515599196,1.0000504015881773,0.9999822825438076
61219.41560298477,1.001477169453581,1.0015805651482872,1.0014356590689746,1.0015579680419915,1.0013231703122782,1.0009594896517775,1.0022173956233287,1.0032914653110623
61219.415686749555,1.0013608225548611,1.0013271932569805,1.0019714839589997,1.0017757854021772,1.0015927508595253,1.0023341542466504,1.003642070492773,1.0030173749554232
61219.41577051435,1.0017248582356273,1.001134016169054,1.0013425239152036,1.0007644697247933,1.001026288921953,1.0006858572707957,1.0000091593428366,1.0012644640222454
61219.41585427915,1.0004596012350153,1.0005167722233632,1.000464368621211,1.0015045751940455,1.0010758514823852,1.000802852387444,1.0016351386836184,1.001552006423916
61219.415938043945,0.9996112396785432,1.0000850291871826,0.9999260850831236,1.0003020758003656,1.0001312705098984,1.0006644410599754,0.9998028673198411,1.0010825878412648
61219.41602180874,0.9990978871179366,0.9999649913871749,1.0000824406417748,0.9992276440545411,0.9995331867397992,1.0003842263935234,0.9994606677528448,1.0001252684231545
61219.41610557354,0.9995753769318552,0.9993892842405316,0.9992356383886557,0.9991875447031336,0.9981360382480692,0.9985293800340648,0.9996409416654533,1.0006065435513098
61219.41618933832,1.0011602287906,1.0014038787792328,1.000194068326324,1.000826078078664,1.0011625449678385,1.0014336018406882,1.0004721780021035,1.001160312847111
61219.41627310312,1.0008745056356143,1.000465922342518,1.001274926402712,1.00184965696442,1.001914693312443,1.0019829521005357,1.0008592870115138,1.0026173256996622
61219.416356867914,1.0003232517560448,1.0009612102507486,1.0010783862128962,1.0004984630674423,1.001481597125114,1.001928891692924,1.0026493363470752,1.002141162561521
61219.41644063271,1.0007388930506091,1.0005506879529642,1.000482351471361,1.0006623580433271,1.001122860162238,1.0009334320429162,1.0007930562119043,1.0005167664285965
61219.41652439751,1.0004168706524559,1.0007785539660288,1.0016820120013066,1.0015708002413957,1.0002975050260872,1.001647498152482,1.0016456527697892,1.0021161844552287
61219.416608162304,0.9994649874091077,1.0002114291228523,1.000127705609386,1.0001848862287672,1.0004454886024912,1.0017123945441702,1.002828449793119,1.0032093454523663
61219.41669192709,1.0005801965935543,1.0005481668567884,1.0020782164545876,1.0009594247126568,1.001024410576344,1.001231896070737,1.0009671081282512,1.0018077879603426
61219.41677569188,1.0014129839503458,1.0010020361997596,1.0007667470718973,1.0008141627662472,1.0013162734653867,1.0025759775860965,1.002638659986497,1.0020745115627245
61219.41685945668,0.9993633031910331,0.9995320610032038,1.000450294870045,1.0007856531641364,1.0003547405547941,1.0011880798199517,1.0012523149458648,0.9998181026616386
61219.41694322148,1.0005262847108234,1.0011351736800693,1.0006763135239025,1.000928055266829,1.0005412813546537,1.0010025599038352,1.0019474231680476,1.0023378008383619
61219.41702698627,1.00115921784516,1.0001330378945057,1.000585496416641,1.000548829319829,1.0010286335151715,1.000517190567837,0.9999057738402221,1.001410849060912
61219.41711075106,1.0005585266682437,1.0009727402717443,1.0010847320738516,0.9998400414345969,1.0015969333947348,1.001963184209877,1.0016544858158212,1.0011867263029959
61219.417194515845,1.0005871961594828,1.0014971964110453,1.0014700769363023,1.0009390132450104,1.0008801023767633,1.0014496700939544,1.0025257227940434,1.0047605639931378
61219.41727828064,1.0001033893928746,1.0003854436532176,1.0004744176529334,1.0003905639556063,1.0007920868984503,1.00016987234781,1.0019324253990747,1.000826392961094
61219.41736204544,1.00136845363071,1.0017840094268307,1.0006619562483794,0.9995479800500929,1.0001357448302326,0.9995819180282209,1.0005842107533711,1.0019274372804805
61219.417445810235,0.9999741491004221,0.9993023246251247,0.9997941199145614,0.9997458618801811,0.9995684416859506,1.000394524092072,0.9988882478468382,1.0003123280042625
61219.41752957503,1.0008988461726878,1.000903256990773,1.0011288984260291,1.0018489698575,1.0019791502694084,1.0031083020563427,1.002510395362565,1.0049542598444274
61219.41761333983,1.0000764955433648,1.0004280078170482,0.9991404949097202,1.0006704301228162,0.9996887024634995,0.9983825762806704,1.001043951878692,1.0002745832372193
61219.41769710461,1.0003862859783017,1.0007274349975503,1.0021821210019664,1.0008055130107345,1.0005301340133288,1.0026029525750013,1.0023244040043757,1.0024355956911977
61219.41778086941,0.9993974534469837,1.0001157012807897,0.9994500888065934,0.999582250531313,0.999892439313701,1.001337117745119,1.0003718140080564,1.0003671888708572
61219.417864634204,0.9995795486043046,1.0007474581456812,1.0007142726270328,1.000598580178514,1.0009307304769646,1.0005402890404458,1.0006710316526026,1.0009795243262716
61219.417948399,1.0006604015308225,1.000998593392158,1.0005093094978221,0.9999809904140956,1.0003573213147678,1.0017093969248048,0.9990951766946111,1.000377864714346
61219.4180321638,1.0010767527113809,1.0005430993922426,1.0013226549924967,1.0006465106629248,1.0017431904349399,1.00178502412933,1.0033522303317162,1.0026797586947456
61219.41811592858,1.0005339239949769,1.00153671789179,1.0008768156488208,1.0010301498264542,1.001235442223717,1.0015260069653238,1.0006525913479745,1.0019903140429256
61219.41819969338,0.9998416763244878,0.9994501164153232,1.0000846307983495,0.9997875902879011,1.0000238269771864,0.9983738676239481,0.9996082713270762,1.0002145179079924
61219.41828345817,1.00029028084818,1.0002891145110688,1.000587462848733,1.0007889983748217,1.0006963553433996,1.0006065091556047,0.9997560211528224,1.000637397400595
61219.41836722297,1.000843898719601,1.0006570119694906,1.0004590638970667,1.0002452903464938,1.0009566378178505,1.0010540641722638,1.0013169935703072,1.0026583814544596
61219.41845098777,0.99950452522579,0.999732965704584,0.9994729381063939,0.9994888908401197,0.9996647848740148,1.0009037084992645,1.0012123548728948,0.9985825576794263
61219.41853475256,1.0013632297065107,1.0015182434726904,1.0017294146209823,1.0015794889553,1.0011513386270883,1.001706803975688,1.0034090758068461,1.0037025793392609
61219.418618517346,1.0001888007785955,1.0002640638663116,1.0003548389063697,1.0002939126525343,1.0008553687694357,1.0004622125411566,1.001497842602509,0.9996410614323252
61219.41870228214,1.0000073524886686,1.001127115746794,1.0006410481785057,1.0010431559738364,1.0012725259830084,1.0015895265698704,1.002011680765402,1.0006943060739322
61219.41878604693,1.0004417118961368,1.0008943770988727,1.0014700484180628,1.0012205734818995,1.0016174941028624,1.001200132444055,1.0017103794629112,1.004151754704578
61219.41886981173,1.0004621143002785,1.000891707375477,1.0006181209509581,1.000996035675086,1.0016230131694719,1.0008715777293444,1.0016790383428469,1.0008802249907582
61219.418953576525,1.000793756567157,1.000441785949993,1.0010801044920905,1.0012258646270256,1.000625905633892,1.0000284210934547,1.0002624110567537,1.000517963828814
61219.41903734132,1.0005131103812313,0.9997643813796157,1.0005033122668168,1.0007098656927105,1.0006707622716604,1.0002496315869391,1.0009319620824144,1.003153336268147
61219.419121106104,1.0011405037040169,1.0009789692552302,1.0011168650554134,1.0008924046163463,1.0011161609380645,1.000838467193714,1.0001894571193286,0.9990737385730162
61219.4192048709,0.9999905715357547,0.9998457385838166,0.9992809882477705,1.0002566818298355,1.0001690068129796,1.0003747301476287,1.0004138055793401,1.001044704808051
61219.4192886357,1.0012969240775187,1.0012540773486245,1.0012654133591412,1.001184449127152,1.0010545183720354,1.0017964072428804,1.0028625325324885,1.002983508092734
61219.419372400494,1.0010400332559521,1.0008641408671126,1.0001542557587013,1.0006193799893637,1.00229837333906,1.0010003350540584,1.0004948493732817,0.9986060108097938
61219.41945616529,1.0006363858837581,0.999728467476724,0.9997438331944842,1.0007974965151925,1.001103791683135,1.00090134668785,0.999985408301385,0.9999976663946797
61219.41953993009,1.000052988811213,1.0008552666531063,1.000412240374509,1.0003744810878559,1.0005049400752395,0.9997676365745656,0.9996338844332683,0.9992089213953342
61219.41962369487,1.001063360994097,1.0015565187114126,1.0015980090952352,1.0014880181257446,1.0018513526110846,1.0010822785086217,1.0016952166922293,1.0027893791002112
61219.41970745967,1.001379919308933,1.0009655600740512,1.000858378164877,1.0001223227739453,1.0006656864614802,1.0010432351199279,1.0018427084471204,1.0007273527007112
61219.41979122446,1.0004312542507294,1.0006079634282843,1.000024721051569,0.9994765722959427,1.000640644332801,1.0001611536520145,1.0000553294801262,0.9986391184735602
61219.41987498926,1.0010266468343492,1.000966405078245,1.0007742359836824,1.000996632954377,1.000357093262547,1.0010285137756099,0.9986334333894624,1.0013206434142714
61219.41995875406,1.0002943378691431,0.999803335961631,1.0010537076559463,1.0008966066635048,1.0008830839609149,0.9996967492466065,1.0001780614331182,0.9995354002716966
61219.420042518854,1.000920154138224,1.0013360385248615,1.0009922585874504,1.0018348798231456,1.0019060680697718,1.0020986332937607,1.0013655364594451,1.0019907827943393
61219.420126283636,1.001677294020534,1.0022249243767825,1.002982195235469,1.002882043672539,1.003587898594957,1.0025464971314249,1.0014091858888086,1.0019741371539719
61219.42021004843,1.0007983397139946,0.9998780822048243,1.0006517977862033,1.0002369160292912,1.000424922315621,1.000915197740157,1.0015997836583443,0.9994053832657933
61219.42029381323,1.0000222399709582,1.0004836076457118,1.0010096774838886,1.000377578900347,1.0014513312650588,1.0022390493284787,1.0011760681334252,1.0014983014650374
61219.42037757802,0.9998182765650857,1.0004273669943682,1.0008887198030727,1.0013745246384989,1.000943657268013,1.0003689213488234,1.0013977492930835,1.0015535098945816
61219.420461342816,1.0012905772042333,1.0003826806342335,1.0010979462985448,1.0010362394945373,1.001688489852899,1.001113872188141,1.0011751111916958,1.000341351439682
61219.420545107605,1.0011329729813168,0.9998865300201399,1.000237445121198,1.0011665240485765,0.9999535483491078,1.0014104808996778,1.0004942609580965,1.000610447704731
61219.420628872394,1.0010201233501133,1.001419202969258,1.0003145132315088,1.0009094671511678,1.0017225501029456,1.0020774496547964,1.0027201612851773,1.0015413954124608
61219.42071263719,1.0001227180977597,0.9995599664038958,0.9988802404410171,0.9984517971146066,0.9986784346749609,0.9985688261808027,0.9983409307008287,1.0008400719508674
61219.42079640199,1.0001318330233326,1.0003972817277844,1.0001691118823428,1.000005414099795,0.9994437478369494,0.9994310874114627,0.998728906991949,1.0001757510718503
61219.420880166785,1.0006123818871915,1.000565519279542,0.9998274968661494,1.00053528966581,1.0012445477453797,1.0015814338819786,1.0008680685797402,1.000647765782119
61219.42096393158,1.0003879758300043,1.0001848026955706,1.0009401652700651,1.0009276994303091,1.0007575267592879,1.0011659259762984,1.001798038325367,1.0022259050499045
61219.42104769636,1.0015326729531377,1.0010443139082819,1.001871852283962,1.0007781438721135,1.0024203319138327,1.0035190344706506,1.0036787574636608,1.0030545004974847
61219.42113146116,1.0013839975126186,1.0007761390798664,1.0016146479404497,1.0010202136995898,1.0015371267420634,1.0011021262338125,1.0020909286316517,1.0012265642275793
61219.42121522596,1.0007506576700065,1.0009417158147282,1.0001864284226196,1.0007664846428828,1.0009375759318064,1.0018420518000628,1.001665707977507,1.0011506747589107
61219.421298990754,1.0018339323112957,1.0009980189229033,1.0015209014131037,1.0018907737005769,1.001690679593757,1.001569220154658,1.0036897079179872,1.005864908231395
61219.42138275555,1.000162215137701,0.9995926083926557,0.9999481642799234,1.0000569964991717,1.0006460278190688,1.000559909930394,1.001455451822545,1.0001852913111182
61219.42146652035,1.0020488191176908,1.0011183917186453,0.9999149970147705,1.0007340399950746,1.000564891944262,1.0013214128106818,1.0013132070538164,0.9989477896032642
61219.42155028513,0.9998756528821124,0.9999114479580462,0.9996385425280255,1.000344782386301,1.0000051513767796,1.0012817854825806,1.0016010249212006,1.0021538238464986
61219.421634049926,1.0004148741808423,1.0004624784216036,1.0012257199491237,0.9999768228587617,0.9998457109233826,0.9999331024864453,1.0020881873532597,0.9999039083953685
61219.42171781472,1.0010617481945483,0.9999191140053182,1.001035101715425,1.0014795321443621,1.0027820369366363,1.0022822594104805,1.0030982381555844,1.0000872123991003
61219.42180157952,1.0001438301231116,1.0003201229363847,1.0003664281440936,1.0001822713018182,1.000992720446488,1.0008883613860684,1.0030488750306785,1.0021093214310575
61219.421885344316,1.0000387166870177,0.9998915026304598,0.9996660205149452,0.9998296124964853,0.99993494527235,1.0003549961985974,1.0006900610542417,1.0019280643485569
61219.421969109106,1.0005561298431715,1.000882794306864,1.000936546217051,1.000440820280812,0.9999788861511258,0.9993993025115072,1.0009838742109938,1.003087227265149
61219.42205287389,1.0010367104811144,1.0002601345411437,1.0000316982930813,1.0003242083852373,1.000770161427106,1.0020591414931435,1.000711797302098,1.0011722517451103
61219.422136638685,0.9996270452994692,1.000490876574412,1.000827459750815,1.0006121739276248,1.0008283803359235,0.9993676739342583,0.9993874721083708,1.0009752582519775
61219.42222040348,1.000659656693336,1.0000925863524914,0.9998890285048968,1.0000574625110157,1.001438978915409,1.0014765638141736,1.0016055576954206,1.002999761262109
61219.42230416828,1.0015451109183324,1.0011443835577971,1.0011463269390835,1.0002652752569732,1.0013822968655537,1.0018611384679168,1.0020306457345554,1.0022404913086398
61219.422387933075,0.9998921581948474,1.000157291964163,1.0006230060811605,1.0003317008035617,1.0002306390667879,1.0000035361439192,0.9982870099150813,0.9992040865069176
61219.42247169787,1.0002595574271924,0.9997180902908308,1.000214305996499,0.9995972840039157,1.0004971327099923,0.999909231244248,0.9985118537211325,0.9974994686707312
61219.422555462654,1.001032388411334,1.0012557655757128,1.000077367048013,1.001003349927008,1.0007395143529971,1.0009985545527704,1.000997115598139,1.0017067917965776
61219.42263922745,1.000595597227301,0.9997594588683587,1.0000667337239895,1.0002437947909117,0.9994196270460047,1.0008615623199653,0.9992991232387681,1.0001268866939568
61219.42272299225,1.0005302855975713,1.0001940119053108,0.9998005758691855,1.0003927493476772,0.9993606205202137,0.9997323537747781,1.0004735222205714,0.999165907839632
61219.422806757044,1.0008729021035065,1.0000647110112373,1.0003083639032266,1.0007511194035947,1.0004521841075034,1.0007037619573276,1.0011669957667326,1.002634485505492
61219.42289052184,0.9996553774558494,0.9995702080996566,0.9999718117588209,1.0006851092477553,1.0008829296157125,1.001232154696377,0.999871186891085,1.0017394714424228
61219.42297428664,1.0012950208098852,1.000493038404641,1.0010516611959264,1.0005366452689533,1.001396514036589,1.0017445506507978,1.0009983865203933,1.0030029797772464
61219.42305805142,0.9993845563462748,0.9994557346355668,0.9999030976135584,0.9996054692364404,1.0000547340544943,0.9992037019320376,0.9994133494218448,0.9985922825476751
61219.423141816216,1.0005032723304623,1.0009043206495438,1.0007492233875093,1.0002033639209615,1.0010466246208098,1.000321891877631,1.0000614911348535,1.0004362869784706
61219.42322558101,1.0000398806776296,1.0009627691109229,1.0008167893972943,1.0019896855829342,1.0016190808323995,1.0015672649256961,1.003529742170262,1.0026031491161267
61219.42330934581,1.0006902143595187,1.0002097250867268,0.9997902023043197,0.9999561657299195,1.0009528092791946,1.001605691628483,1.0018490531719257,1.0042906824781435
61219.42339311061,0.9994985328983255,1.00054758314704,1.0005477084229473,1.0005008415144727,1.0000128216402098,0.9991845222832461,0.9993208451682944,1.0001397396920004
61219.423476875396,1.0000996000685693,1.0008602375934574,1.000849760792989,1.0010743916707912,0.9998678539656747,1.0005653578006257,1.0000517403520433,1.0013353827398561
61219.42356064018,1.001330072125902,1.0014359375035693,1.00139322580779,1.0013723501647036,1.0017826953683662,1.000479545956635,0.9998784329888623,1.002250452418493
61219.423644404975,1.000387232846006,1.000239484820733,1.0010063781004424,0.9999467985940869,1.001154087763646,1.002218900192075,1.005236430869704,1.0014911342046904
61219.42372816977,1.0011695250932362,1.0012256746312351,1.0018049887292608,1.001472022356054,1.0017690673463227,1.001715980883454,1.0009342894928837,1.001510180338061
61219.42381193457,1.0003536275155964,1.0001433364805359,0.9994819507543449,0.9999987837289389,0.9996722688412645,1.000283313393623,0.9999674916385437,1.0014768173309598
61219.423895699365,1.0006446325824851,1.0006034338050116,1.0002435558724816,1.0001287901150988,1.0004203350680196,1.0012193441222692,1.0020780809985848,1.0011518043543088
61219.42397946415,1.0020172001971015,1.001094238960426,1.0014029726346028,1.0016931065138566,1.0025564951497337,1.0010060422670068,1.0016791027753322,1.0020137611012199
61219.424063228944,1.0008812258543873,1.00104246870413,1.0008348888627259,1.002154276350731,1.0021581717699841,1.0009997613927495,1.002554756617483,1.0032760381966672
61219.42414699374,0.9995572760305336,0.9996876803823195,1.0001025756241806,1.0001821700596285,0.9993591340389842,0.9979610370434021,0.9993083473115774,0.9982430077796363
61219.42423075854,1.0013787571718096,1.001258377852183,1.0018517846178654,1.0017202309838524,1.001581186972113,1.0016262784206602,1.0023450626274344,1.000653691746218
61219.424314523334,0.9998245688928604,0.9992530882680982,0.9999766129923423,0.9995084692929845,0.9992400072675863,1.000372150822968,0.9993362677143943,0.9980302714242939
61219.42439828813,1.0018445001068612,1.0015339986259877,1.001988423682694,1.0016513525474469,1.0014358806848287,1.003083750547443,1.0026255266686528,1.0015485524894345
61219.42448205291,1.0007215915322851,1.0011282573374405,1.0002723653737902,1.0007212122622375,0.9998381600112259,0.9996108260167117,1.0007819387103931,1.000777310431315
61219.42456581771,1.0008417883908534,1.0014371900914727,1.0012115676069957,1.0013587698152944,1.0014158656791243,1.0023397694347638,1.0014898403605361,1.0031585421855465
61219.42464958251,1.000940037036092,1.0005491237488897,1.0018380183773283,1.002428756830476,1.0027587800054758,1.0035583448508787,1.004423351880206,1.0037665733632053
61219.4247333473,1.0002597454238562,0.9997517300302611,0.9996507630357708,0.9997927169144687,1.0007615184338914,1.0010865977002277,1.0012058400326915,1.0011072200923787
61219.4248171121,1.0006974329018428,1.0013115750411214,1.0004311452038654,1.0009456535415713,1.0007247088782343,1.0011177040066597,1.0013943306213118,1.0004910084403813
61219.4249008769,1.0008932753814048,1.0005225484226519,1.000284809274411,1.0012683250554801,1.0009505595245942,1.0012204230835815,1.0018489563527413,1.000019403025808
61219.42498464168,1.0001838919473964,1.0006169632239417,1.001177232420455,1.0007400294135385,1.000937459792536,1.0017346996909937,1.0009191693362796,1.0006094840793383
61219.42506840647,1.0012862400417626,1.0013078539053926,1.000725973395391,1.0003064103556842,1.0015787710386146,1.0012887482967192,1.0006516579292157,1.002857399161799
61219.425152171265,0.999620661621203,1.0002036402772108,1.0000361662611301,0.9992551198944893,1.0000094351746136,0.9989202276742223,0.9992844551323005,1.0007337426091658
61219.42523593606,1.0003765421906488,0.9993528067788482,0.999806259731164,1.0001915945164066,1.002055447515107,1.0013609261235978,0.9998925532487468,0.9999109671174041
61219.42531970086,1.0004833976408998,1.0006942159789172,1.0016586373247927,1.0017007306959134,1.0012055044951376,1.0025453134769235,1.0013455272749308,1.0036263980315665
61219.425403465655,1.0008172386743934,1.000009331395788,1.0003369469166568,0.9992674875709053,0.9993908762371011,0.9994627073837918,1.0000313796866158,1.0003867416428496
61219.42548723044,1.0007057314982402,1.0004754475103483,1.0009016694050323,0.9996078610831725,1.0016105676717317,1.0013586047075005,0.9989901582205378,0.9999771861767317
61219.425570995234,1.0009830821820835,1.0005540906813157,1.001028948186782,1.0007258026525994,1.0022274994760887,1.0014955727987256,1.00190957504877,1.0017394366545025
61219.42565476003,0.99971615704206,1.0005968728317356,1.0008245594016492,1.0000854150329404,0.9999798597261743,1.000587162427957,1.0005268048178908,0.9988559392470017
61219.42573852483,1.0006644500786965,1.0002464694094186,0.9997720760892216,0.9996504676676312,0.999209890173991,0.9992395502662657,1.0001849182086813,0.9996015514629544
61219.425822289624,1.0002807729831011,1.0012781356979428,1.0011015256692026,1.001060071608226,1.001185219850225,1.0015847049465678,1.0028393235421056,1.0038759097727394
61219.42590605442,1.0008941761766867,0.9995396336435565,0.9989724016637502,0.9986602545350959,1.0002289549628407,1.0003482269951507,0.999786912268226,0.9984784760801323
61219.4259898192,1.000601852485311,1.0019388323421776,1.0007293530278367,1.0010933016274326,1.0010773210583348,1.0010397312444572,1.0030484376397844,1.0018934127968868
61219.426073584,1.0014080237510443,1.001937223160278,1.002739221714511,1.002183625667474,1.0023539746343946,1.0029074278562644,1.0024013507104277,1.003719678930363
61219.4261573488,1.0011160850556533,1.000416865896793,1.0000978503287619,1.0018089940811183,1.0016303766020784,1.0014992004894285,1.0013333669217093,1.001072627743424
61219.42624111359,1.0006876356278154,1.0004768842401406,1.0003580746211884,1.0004519996022119,1.0005938177228086,1.0007912302483482,1.0011996995145467,0.9994249774037854
61219.42632487839,0.9993626097216491,0.999795965164836,0.9996040874101293,0.9997231727114085,1.000308125260796,0.9997965455191584,0.9999184090847256,1.000553312846661
61219.42640864318,1.0005050061363145,1.0003658622674902,1.0004456021826909,1.0010076455239352,1.0001853180409908,1.0000797164535564,1.0027121068835734,1.0010256640509951
61219.42649240797,1.0013829150754892,1.001685418144996,1.0004306338652,0.9998383964971566,1.0014727272630481,1.0017370897074227,1.0021459771563526,0.9999410036403138
61219.42657617276,1.000109696018987,1.0006525518169185,1.0003407359737495,0.9995828949577019,1.0010202725020194,1.0007776751096664,0.998572636737045,0.9970010997072931
61219.426659937555,1.0007178535760828,1.0006371434604675,1.0003835514677712,1.0014567347854064,1.0004571069249035,1.000887571406641,1.0008006612906724,1.0012656486458085
61219.42674370235,1.0007100744859592,1.0010806332795892,1.001075289994272,1.0015314403550013,1.0011540353572794,1.0020867240849847,1.0007859178425154,1.001590570541359
61219.42682746715,0.9990114488997331,0.999613881568071,1.0009795232038936,0.999866177304387,0.999439219926879,1.0001685820879156,0.9995257019491518,0.9978660579559692
61219.42691123193,1.000619696810904,1.0004425748432366,1.000122593438626,1.001454124076882,1.0005162889274961,1.0021767908227097,1.0017884726581108,1.0022788250667996
61219.42699499673,1.0009353890171662,1.0013005600384923,1.0014898118896052,1.0006773704238072,1.0010215299167111,1.0017241930841188,1.002656857220426,1.0018915321619144
61219.427078761524,0.9996167790929182,1.0017021834067323,1.0015170245905767,1.0005550889656083,1.0008620248851465,1.0014005823737901,1.0010421392462814,1.0015686176558678
61219.42716252632,1.000316475138273,1.0005259126303903,1.0010533161381008,1.0005799414417582,1.0004255070692403,1.0006569803556258,1.0011222990537945,1.000279086501879
61219.42724629112,0.9990261046959934,0.9999752213931542,0.9995752703923856,0.9992603328746894,0.9998774490642326,0.9994342066948306,0.9998569053795304,0.9994486085218035
61219.427330055914,1.0005546324894616,0.9997135614468768,1.000422274373361,1.0004382961740623,1.0003865410761255,1.0010874804215673,0.9997127238861971,1.0007469283062291
61219.4274138207,1.0015556850687146,1.0015510836310766,1.0016602971305428,1.0015249573808624,1.0023484537082041,1.0024546965023928,1.0033520755573857,1.0042130655678534
61219.42749758549,1.0011397657509151,0.9999423341416487,1.0007103880669985,1.0009155354789856,1.0017094877315555,1.001531448859917,1.0018564247255481,1.0006716552162578
61219.42758135029,1.0005571532334616,1.0018145397957554,1.0008773209080166,1.000731428045837,1.0015629405967534,1.0013263288490746,1.0013222374882564,1.002799862534875
61219.42766511509,1.0002708819755257,1.0003617606015458,1.0007994028878489,1.0007943153267802,1.0004478218691721,0.9998212086529877,0.9991255772367519,1.0053043623752174
61219.42774887988,1.0005406010539526,1.000555334251388,1.0000901333815968,1.001426508284495,1.0013091612452338,1.001064784228951,1.003530254561933,1.0022646188186555
61219.42783264468,1.000970756750103,1.0004043144115704,1.0014764108593899,1.0009952120897243,1.0021594112650791,1.0024010132770922,1.0032046816444167,1.000985911388442
61219.42791640946,1.0002616772881654,0.999574132303587,0.9997342133733191,1.000317386448277,1.000306957275033,1.0011943731235373,1.0000728500025007,0.9999470311218897
61219.42800017425,1.0002421449643581,1.0002018591998594,0.9998864644056704,1.0006518975911027,1.0010483800650367,1.0010169578465904,1.0027527682138064,1.0024989581562613
61219.42808393905,1.0009486094191802,1.00106193642065,1.0006557136278722,1.0016356021908093,1.0017130851750402,1.0013327583972214,1.0003174916272406,1.0018806200135706
61219.428167703845,1.0015420333335099,1.001352830728761,1.0010939356171498,1.0014424338298236,1.0019623043274055,1.0017707619530847,1.001415061858759,1.0016694783364959
61219.42825146864,1.0014586610496314,1.0006122739516554,1.0005508872118232,1.0006743120659927,1.0001684445433823,1.0007409409467671,1.001991801468597,1.001452706266143
61219.42833523344,1.0018445030194854,1.0016177271858322,1.001484227620393,1.001963959396613,1.0019797466876703,1.0025110544235474,1.0018131121178546,0.9994019307228288
61219.42841899822,1.0008054449287525,1.0011201945055905,1.0012305099079923,1.000907719482682,1.0003974850469375,0.9999841951528847,1.0020683932846097,1.0001922823548361
61219.42850276302,0.9998600655756219,0.9996649435349491,0.9999215876020131,0.9977435266067408,0.9973269444693547,0.9977358627892978,0.9945200590813987,1.0000663991026282
61219.428586527814,1.001098340024073,1.002352242795272,1.0017553074138248,1.0003097004787076,1.0011944389753658,1.000640547827428,1.0016200979596552,1.001153463738108
61219.42867029261,1.000029848540164,1.000627174860265,1.0004932475390094,1.0003172685805317,1.000413776157666,1.00094628468552,1.000624547875701,1.0011640275012423
61219.42875405741,1.001227894615173,1.0011638688646547,1.00066915179812,1.0004005807288232,1.00040058885626,1.0005670608576367,1.0006796567419356,1.0002601731951128
61219.428837822205,1.0007808777365461,1.0013951744567149,1.0010466324797045,1.0011133418737166,1.0013496901314412,1.0007634827288805,1.0017403586370515,1.0013964275704172
61219.42892158699,1.000170851333741,1.0003343903701771,1.0006370570619492,1.0003896991785692,1.001923900772941,1.0010640494644245,1.0011122431541881,1.0029494151085627
61219.42900535178,1.0009092230589647,1.00015334170872,1.0005001423208062,1.0007732792841548,1.0008938850821145,1.0007950434228745,1.0015419430592711,1.0018399994872818
61219.42908911658,0.9996255262334685,1.000183036536607,1.0009036975161074,0.9997392414350299,1.0009507316203397,1.001875650903908,1.002278123070484,1.0018106143207417
61219.42917288138,1.0017339991100356,1.0007978456678412,1.000462286458124,1.0009404279060976,1.001380891529666,1.0006936906159707,1.0017904710879,1.0028481794774042
61219.42925664617,0.9998818652451088,1.0012123475011878,1.0015410338531858,1.00245617832719,1.0024371149681957,1.0015992111678949,1.0043978267294702,1.0025626106893297
61219.42934041096,1.0001878891271678,1.000524647239393,1.0001550730604936,1.0006870926517317,1.0006078627980983,1.001296055785694,1.0013691937700522,1.0020034807015092
61219.42942417575,1.0000906834662375,1.0007264216605052,1.0002229678037833,1.0000114732463357,1.0006731668786213,1.0012141785412068,1.0024396512207547,1.0024988230526286
61219.42950794054,1.000251866245368,1.0012159585303098,1.000648910148656,1.0010482500937208,1.0016056754528873,1.0012103560446843,1.0018365355422767,1.0010909841272113
61219.42959170534,1.0014394710915797,1.0009147352427372,1.0004544553274655,1.00132559587632,1.0021228559648263,1.0026040599803534,1.0012616385651598,1.002579281883006
61219.429675470135,1.0008484500923551,1.0010231452729113,0.9997033470216246,1.0007483528615038,1.0003760139895068,1.0009409159327438,1.0008943853295837,1.002518337431407
61219.42975923493,0.999593970066695,0.9996828617431196,1.0009055051082378,1.0007414296823536,1.0004716246718088,1.0021234821504388,1.0024283581492432,1.0002006458768866
61219.429842999714,0.9998769299355064,1.0000726891200054,0.9999788986518586,1.000344819855837,1.0001353893122038,0.9993941180474266,1.0015031806123416,1.0004862146649616
61219.42992676451,0.9998694193363932,0.9999353944194573,1.000075991540371,1.0006082393782125,1.0001629667256549,0.9999812611143144,1.0003450158895908,1.0025822174142236
61219.43001052931,1.0004657185405441,1.0007842946506487,1.0016679862226832,1.0015739561192605,1.0033406137446756,1.0045313255824917,1.0034656451427526,1.0021529813463192
61219.430094294104,1.00105999426511,1.0005859228465568,1.001225977608101,1.0010996424158491,1.0020187206262663,1.0021963120390056,0.9995756705348741,1.001115091143979
61219.4301780589,0.9997236387797137,0.9995231204357719,1.0000691422993286,1.0001658236644133,1.0008891407844662,1.0019743710834543,1.0006686357186965,1.0031697512329774
61219.4302618237,0.9986845110507798,0.9988364957451916,0.9988933036737914,0.9992895757382478,0.999669024549069,1.0004726739722036,0.9991313355918475,1.0018551565209135
61219.43034558848,1.0007360061102908,1.0003885526897291,1.001532433614349,1.0018332557296854,1.0008720816668886,1.0011905408269675,1.0024887044560873,1.002826025454483
61219.43042935328,0.9999753520142871,1.0003292234868244,1.0003350629442807,1.0008389278961942,1.0012069022236492,0.9994730253995118,1.0005233087589536,0.9998292841317363
61219.43051311807,1.000244427667512,1.00023636320379,0.9995760745404164,1.000087091732636,0.9995730926664559,0.9985764788226653,0.9992274020413835,0.9996178447965652
61219.43059688287,1.000815564709733,1.0000523208449972,1.0004721790816726,1.000781571714292,1.0005927170200581,1.0003841730908267,1.0019161665943135,0.9991171598431445
61219.43068064767,0.9994479782123569,1.0001164730290208,1.0008059965700944,1.0004155005521052,1.000096824988531,1.0008186823322416,1.0010075857065812,1.0000441598176766
61219.430764412464,0.9995839847960037,1.0005678355262164,0.9995807855767153,1.0000379555232257,0.9993317660819467,0.9998695329255598,1.0004564486346441,0.9990276809477846
61219.430848177246,1.000809546168649,1.000824498146636,1.0003246522393818,1.0005675315810962,1.000808539792704,1.0009000805695358,1.001314830820634,1.001197171850452
61219.430931942035,1.0014795797826386,1.0015903527238754,1.0013200651384264,1.0026002027863443,1.0028238962683433,1.006492352825847,1.00856888856684,1.0032180864549776
61219.43101570683,1.000846707813414,1.0005845167328584,1.0009073293912758,1.0008458480976326,1.001904091842594,1.0018314115779074,1.0014321487402786,1.0019628464498045
61219.43109947163,1.0008324502523402,1.0016602925743068,1.0013181828240871,1.0009580174958483,1.0023967400890843,1.0021114706387295,1.0013409249545357,1.0004238249334008
61219.431183236426,1.002140432539831,1.002267341026706,1.0012879101602377,1.0014235392580244,1.002962890462355,1.0048498438535747,1.0049529262288113,1.0044058297986367
61219.43126700122,1.0004841604837007,1.0003360853884715,1.001003533682397,1.000695415355269,1.0002761675203649,1.001514502665822,1.0015056430242093,1.0006600178346516
61219.431350766004,1.0005812461974635,1.0008689096299124,1.0012470325800686,1.0021377227564268,1.0018120474980625,1.002106999187851,1.0028256140819305,1.0015641346314526
61219.4314345308,1.0011890147868139,1.000492056240346,1.0000517448468376,1.0005250584973682,1.0005526143159476,1.001556526942093,1.000807543975595,1.0025636106206612
61219.4315182956,1.000465364524291,1.0017511346444252,1.000020156143613,0.9993456038608377,0.9999452950225863,1.0003735022734017,1.0006958742962695,1.0003008160489215
61219.431602060395,1.0009965114987,1.0008566123139355,1.000496880298464,0.9998725635029032,1.000071372061559,0.9996470620503742,0.9991841671617679,0.9990639223706639
61219.43168582519,1.001056899204541,1.0010366352805784,1.0009580604653165,1.0009591016309631,1.000362739794964,1.0016861199001137,1.0031826965303463,1.0020663737826514
61219.43176958999,1.0000712525547153,1.000010544238435,1.0006320737759458,1.0009492496244472,1.0009376361146014,1.0007737362077034,1.0016230410583198,1.0018204307128462
61219.43185335477,1.0001975309729676,1.0006692762200857,1.0015330435509582,1.0005445875698513,1.001260213698871,1.0005627445343372,1.0022969942886664,1.000576996842318
61219.43193711957,1.0000971272504797,1.0001749273909564,1.0003083592607225,1.0003848365757513,1.000713916209674,1.0002287699153842,0.9992176127354472,0.9992121368111837
61219.432020884364,1.0004896110630326,1.000438446903117,1.0015030098655342,1.0017614554139074,1.0015469142227025,1.001540426420378,1.0016452211744096,1.0030624334715832
61219.43210464916,1.0002494453249489,0.9998170769099377,0.9998852643183618,0.9987722638813202,1.0002740954402525,1.0000697244686805,1.0004280935682344,1.0006019687500358
61219.43218841396,1.0000828794864152,0.9997621461820921,1.0004795415404892,1.0007100924950667,1.0006202721185402,1.0004909221384446,1.0005636117900212,1.0021410399182895
61219.43227217875,0.9988789364061937,0.9987274894248384,0.9996747719667728,0.9999120243833446,1.000247336073278,0.9995824610942601,0.9998340628702161,1.0022234578778368
61219.43235594353,1.0012441436169635,1.0002234349736148,1.0010326428462912,1.0010804701724563,1.0009543439404707,1.002230320832636,1.0020320114305188,1.0005782991123024
61219.432439708326,1.0006854077349565,1.0008137791738028,1.0005886620517552,0.9999902027089325,0.9999297928812536,1.0011808507313555,1.0003631258498884,1.0002546432440484
61219.43252347312,0.9988898428605381,0.9985077654001432,0.9985436722689186,0.9983216825382634,0.9997938751100115,0.9995907591050955,0.9992906515601151,1.0001246002420814
61219.43260723792,1.0007690058796155,1.0009674384549156,1.0004814314817994,1.000994405626203,1.0006615969053083,1.0014508599631196,1.0000879578862507,1.0009835381565177
61219.432691002716,1.0004546479200989,1.0002831362455598,1.0014102159358143,1.0012025972859442,1.0016961761763445,1.0029269105894472,1.001778060504814,1.0024030945390092
61219.4327747675,1.0016086683538397,1.0010441529232932,1.0012062458603366,0.9998471978678114,1.0010221608217433,1.0016309425261283,1.0013696720704606,1.001826330238126
61219.432858532295,0.9998553013165052,1.000424109553299,0.9997682261268965,0.9992370476673391,1.0004073550253407,0.9998780814351668,1.000467331929184,1.0007584842841017
61219.43294229709,1.0012386072476047,1.0010990210829758,1.000667816304442,1.0012088519688707,1.002012943077933,1.0029510191840112,1.0050479890315887,1.0045293221087066
61219.43302606189,0.9990456277523594,1.0005546266299574,1.0000375733820142,0.9997835540000138,1.0004364665929093,0.9997511593485908,1.0001800782721888,0.9993135098230019
61219.433109826685,0.9995932644172455,1.0005275555456594,0.9998344867087443,1.0001191125528464,1.0017862045662917,1.0021105417854599,1.0012636104037644,1.0018570472760082
61219.43319359148,1.0007918384716175,1.0003325257943874,1.0006710272592392,1.0003307965718478,1.0001406389086576,1.0008170366413613,1.0005858348611016,1.0005811691789794
61219.433277356264,0.9994740533496344,0.9995404498129565,0.9996874703208325,0.9991167205804301,0.9993709317264126,1.0006431919280119,0.9997946990534216,0.9980325760291388
61219.43336112106,1.0004544196762617,1.0012230235001582,1.0015083355914824,1.0006236430796072,1.000919405461152,1.001741466504185,1.0007076371453736,1.0013452897703057
61219.43344488586,0.999653167833089,1.0004760245402213,0.9994479939318881,1.0001322107611412,1.0005634000533432,1.0010267000497712,1.0017342177779938,1.0002678725841392
61219.433528650654,0.9999903287287958,1.0002764376668578,0.9999333927161776,1.000458447588241,1.0014227016670096,1.0013580343925492,1.0021951527793163,1.0014404570598945
61219.43361241545,1.0000565885501502,0.9993765940365705,0.999237244584537,0.999198565709541,0.9999751695254203,0.9994223696717695,1.0010853066251977,1.0003581127024463
61219.43369618024,0.9989251822615836,0.9992036479522202,0.9991947049879015,0.9986417354030838,0.9995049628684587,0.9993782159169142,0.999707547468947,1.0007400210065232
61219.43377994502,1.0002459213142456,1.0000036104168,1.0004136566698658,1.000569602827561,1.0009675841554015,1.0009630743178823,1.0006346347983563,0.9999680593444588
61219.43386370982,0.9997184490126548,0.9994742891018361,0.9994784333942776,0.9990987763948729,0.9991327507072661,0.9996276242539939,1.0011614965052296,1.0010002984705209
61219.433947474616,0.9989413655969337,0.9985350555843426,0.9992772529110822,0.9988955900199572,0.9987631886176934,0.9988089273411941,0.9973949943125574,0.9978878016711831
61219.43403123941,0.9999491079447959,1.0002914706143309,0.9993967871117138,0.9994403174181756,0.9986725181652296,0.9987691035340943,0.9991355724539118,0.9999496946115707
61219.43411500421,0.999874932139973,0.9991522043418142,0.9998192980933807,0.9995865051847075,1.0004354625883578,1.0002569574808813,1.0012336796392167,1.000497201449207
61219.434198769006,0.9985375011018323,0.9991880601297928,0.9999368839897933,0.9999952243711709,0.9994289437146087,0.9989047039211483,0.9997669685389353,0.9998154589694468
61219.43428253379,0.9991843375162054,0.9990903351164208,0.997833134474762,0.9985647337698089,0.9992074629139556,0.998448123538919,0.9987685104703168,0.9991239679024014
61219.434366298585,0.9993633174893709,0.9990998409126134,0.9988751227434665,0.9979664398238092,0.9989069948995244,0.9995713593137768,0.9985997525860743,1.0021662660308286
61219.43445006338,0.9988042146166934,0.9992411229419116,0.9992917161904488,0.9977741126663114,0.9990891773492674,0.9994704783432996,0.9994370725084614,1.0011857571747864
61219.43453382818,0.9992194685322167,0.9994057764067099,0.9992166421461829,0.9996946901568436,1.0000746914131955,0.9997651072062438,1.0008827823684991,1.0011694888252276
61219.434617592975,0.9983234676943775,0.9982147738339285,0.9984992795393983,0.9986000208913506,0.9983523796746911,0.9992120537236207,0.9992583971351368,0.9987469084019094
61219.43470135777,0.9996691435777566,0.9991763090049327,0.9990087581081452,0.998985857854082,0.99900674602289,0.9996162389892135,0.999052222726996,0.9982192134113957
61219.434785122554,0.9990722949467363,0.9992356729431879,0.9993936151760583,0.9987314573234405,0.9977414788288078,0.9992514762068295,0.9985328662114926,1.0006345825518352
61219.43486888735,0.9993816574906749,0.9988604858484532,0.9989318173350895,0.9996123162358055,1.0002954583038939,1.0010303776968132,0.9993852381079598,1.000231508201774
61219.43495265215,0.9983620281931919,0.9986458909658167,0.9987328660276107,0.9988006531342594,0.9984248664703826,1.0005439100384337,1.0003116197482418,0.9997875258507007
61219.43503641694,0.9967591696962412,0.9978520729843033,0.9986502170746979,0.9984437543159469,0.9980651111334675,0.9984032758929052,0.997120813972785,0.9977791011215815
61219.43512018173,0.9981355899185467,0.9983073562341606,0.9986714690214821,0.9982574193064818,0.9982857353436065,0.9983349356211584,0.9995057793564437,0.9987639720033268
61219.43520394652,0.9983265455439843,0.9988726981073544,0.9993466289447855,0.9984256131051479,0.9993105413344389,0.9988084631535847,0.9999129691420188,0.9986395289077693
61219.43528771131,0.9983036149818897,0.9972389810262823,0.9975136548075603,0.9972008640032789,0.9971226696931584,0.9979510928636354,0.999190856549234,0.9989761447311092
61219.43537147611,0.9975371054517665,0.9982406562344609,0.9983231144157715,0.9987130091602182,0.9985096655502114,0.9977709299880434,0.9988374191385709,0.9993790931488986
61219.435455240906,0.9990904755480519,0.9990993452658845,0.9992423059088236,0.9990263884773661,0.9995964351383309,0.9993237384097259,1.0001346506425897,1.0007399669271198
61219.4355390057,0.9965486973692546,0.996206654766103,0.9969792760575609,0.9969817200726365,0.9959539493957589,0.9967207633663234,0.9964401938552053,0.9978640146400313
61219.4356227705,0.9977797545993013,0.9983789797470984,0.997930341436232,0.9973513165970523,0.9981190134482089,0.9989394926551334,1.0003099479127442,0.9991998623046296
61219.43570653528,0.9972932247936915,0.9967016188117248,0.9961873797055584,0.9965969630265956,0.9971726602952685,0.9982603799681535,0.997435626324305,0.9972507364319764
61219.43579030008,0.9974016811282095,0.9979214317969363,0.9971786823304409,0.9979534443465597,0.997554234431214,0.997402551227208,0.997224729935439,0.9976941728657037
61219.435874064875,0.9970456612544929,0.9975971681730036,0.99708629672001,0.9973228878894362,0.997255664710622,0.9963734296096362,0.9967367762451848,0.9959175404924169
61219.43595782967,0.9973395731205023,0.9970144655272124,0.997008989631274,0.9964358844694687,0.9967201445061807,0.9977371874688706,0.9974583045137356,0.9995589248754276
61219.43604159447,0.9969406407575948,0.9973496275899547,0.9976501595713775,0.9977141073137784,0.997304430187124,0.9979009366992831,0.9995422099610396,1.0011904926330017
61219.436125359265,0.9967603159463226,0.9963054626985521,0.9970102405650563,0.9961771099288318,0.9961105551718835,0.9967419639761015,0.9967138747579868,0.9972450428511849
61219.43620912405,0.9966014894803072,0.996418768186489,0.9964925302838689,0.9969296614875686,0.9970456987720706,0.9976417175586911,0.9979887679624588,0.9998211489449449
61219.436292888844,0.9971885069449438,0.9964567548546092,0.9978646169530714,0.9968012320477704,0.9973274190005511,0.9978895251416928,0.9982466005192757,0.9979902844809101
61219.43637665364,0.9976491366355225,0.9973921383147851,0.9974572026209726,0.9979863073628285,0.9980267697904316,0.9986027611155395,0.9997864980593905,0.9999247638801004
61219.43646041843,0.9972388810482017,0.9969844068687975,0.9964856329597482,0.9966818680023767,0.9963942244100417,0.9967247644149285,0.9970684924081467,0.9961607245006365
61219.43654418323,0.9968032445873395,0.997178106768278,0.9978323728830185,0.9974220126781631,0.9977532868284568,0.9989013052169178,0.9979739740592336,0.9987983341827507
61219.436627948024,0.9972919863987663,0.9970350363137661,0.9969527155178792,0.9961283588367705,0.9962403851829127,0.9969143575653646,0.9958107334720487,0.9958227057120956
61219.436711712806,0.9973933110401231,0.9970397889335342,0.9973767588575052,0.9968283078818121,0.9976236640761547,0.9979312840996085,0.9964627667026359,0.9991411724897723
61219.4367954776,0.9970271843598435,0.9968538298959265,0.9963649436598835,0.9971471947244523,0.9979817802771662,0.9974018432335423,0.9965134130226504,0.9988830260072717
61219.4368792424,0.9976776602307588,0.9971966283918282,0.9968212059779331,0.9973484766047451,0.997052574994521,0.9985056574657568,0.9983954324016837,1.0001094909627766
61219.436963007196,0.9966558117782902,0.9964906479839664,0.996801044688004,0.9965171293415774,0.9969955120687181,0.9970572042508542,0.9968148609175688,0.9966625422752441
61219.43704677199,0.9959704003019807,0.9956849539639296,0.9968291226633101,0.9952870431881974,0.9957046932208313,0.996985635461065,0.9963593419950698,0.9960588693914936
61219.43713053679,0.9959590460978355,0.9963720914462512,0.9964270276460825,0.9969448634490117,0.995680483846222,0.9952203414563576,0.9962977039703016,0.9954266424562447
61219.43721430157,0.9964732770794735,0.9964780378271746,0.99634958824598,0.9970488094007386,0.9966068561421227,0.9984562743100184,0.9974053590789994,1.000231322624032
61219.43729806637,0.995996913656834,0.9955633111012779,0.9954592294667569,0.9950943589534667,0.9951542918059747,0.9973920219129059,0.9967075232149291,0.9985100606022457
61219.437381831165,0.99632201231589,0.9961200128900859,0.9971269347690751,0.9973165875482671,0.996772559156323,0.9975200767415416,0.9962175162079535,0.9968090530564299
61219.43746559596,0.9956202724025799,0.9958364550887446,0.9967689069534021,0.9964992176627037,0.9966982939252247,0.9964303222309354,0.9957774218770301,0.9991193306726232
61219.43754936076,0.9966870499394392,0.9960263107201326,0.9958866066770026,0.9960203118319321,0.9976781076979467,0.9975254524260585,0.9975675922365722,0.9983992316011776
61219.437633125555,0.9954010746473337,0.9961491584095811,0.9960234490171889,0.9959126918805458,0.9972153369972407,0.9970737268916826,0.9962339488781519,0.9973891262577923
61219.43771689033,0.9975457787175714,0.9962506205903822,0.9968163745681351,0.9965031313681356,0.9962532507768492,0.9955328071225787,0.9969113453259791,0.9959533365034147
61219.43780065513,0.9959375067110536,0.9963215953761213,0.9966979342298973,0.9964769188222754,0.9968869820336905,0.997829341616684,0.9965793042732887,0.9968188495245437
61219.437884419924,0.9968099015227284,0.9959109484986672,0.9959045237583447,0.9955528843344197,0.9964893634350447,0.9951641948337855,0.9965470968942521,0.9954497425840971
61219.43796818472,0.9956720686608822,0.995930949046554,0.9961735181831513,0.9963346003436464,0.9962752639865944,0.9950147029991073,0.9937691983499514,0.9942557417790834
61219.43805194952,0.9962520963565996,0.9956916507613317,0.9954947746888291,0.9962137561275134,0.9970301995046355,0.9988589130803325,0.9973978157054159,0.9973189669921078
61219.43813571431,0.9957215374675292,0.9948965043753331,0.9949828928504622,0.996038137405316,0.9946315403282183,0.9957271425398365,0.9965785242652099,0.9964676678724652
61219.438219479096,0.9949227671803192,0.9952084958441516,0.9954493189364068,0.9953592430135965,0.9952595036727353,0.9973013026354418,0.9969544438405459,0.9962964797423706
61219.43830324389,0.9942879914138928,0.9947581287596702,0.9946661689515844,0.9952472768441885,0.9951989158270966,0.9964620354232273,0.9967963964081442,0.9981359208835312
61219.43838700869,0.9955873671611553,0.9955109401015522,0.9955122026492039,0.995324924392708,0.9952291632603972,0.9956817616278308,0.9960674526082428,0.9963262842614775
61219.438470773486,0.9951793301992521,0.9951937937731561,0.9944976586539963,0.9947640111475506,0.9945223440561244,0.9945129276667468,0.9933586628479054,0.993800164424416
61219.43855453828,0.9955399618164822,0.995529246744457,0.9955095940040455,0.995871356282596,0.9961777898353293,0.9944377613034733,0.9956781740309069,0.9951812261388037
61219.438638303065,0.9964790064763928,0.9957119777324459,0.9962614351623185,0.9954960710885743,0.9962652386486723,0.9956299196163066,0.9948869414040422,0.9971329659125389
61219.43872206786,0.9945571049312347,0.9943521457709774,0.9952099439088019,0.9953018518435848,0.9946163629373054,0.9951644876400787,0.9960675057906118,0.9949295980903106
61219.43880583266,0.9947790786822893,0.9950067030533833,0.9952956576881684,0.9940302809585393,0.9939984714202291,0.9947073706454999,0.9962797866256352,0.9949427541860164
61219.438889597455,0.9953226665345175,0.9954347947585291,0.9947677462779816,0.9944692757781536,0.9941083100929454,0.9940905728743175,0.9938542744583843,0.9951881946019986
61219.43897336225,0.9957532563440912,0.9959761448584927,0.9966501811011624,0.9964665159391392,0.9960314531712576,0.9973376072694361,0.9966730879719088,0.9965380312483658
61219.43905712704,0.9962699631888355,0.9966093705165766,0.9965351031517837,0.9953966336401439,0.9957222167264379,0.9970861055466297,0.9965789166556376,0.9951933642134593
61219.43914089182,0.9958129552142686,0.9957177114031968,0.9957254256774876,0.9944230688923942,0.995051909037744,0.9948093085869391,0.9945587097089884,0.9956575925649007
61219.43922465662,0.9957599676925991,0.9954236643053928,0.9952082017538721,0.9958998018639105,0.9968175255093554,0.995914028008894,0.9968417330140734,0.9964845811900669
61219.43930842142,0.9953763530860357,0.9956408149082241,0.9957947986161882,0.995471968251285,0.9965286874819799,0.9960854709935628,0.9956617168149997,0.9971447969679851
61219.439392186214,0.9951411652877841,0.9956870336316958,0.9951403420504349,0.9961523274289013,0.9950766188086277,0.9944244071852752,0.9954826500739854,0.9943312014588093
61219.43947595101,0.9945993779669844,0.9941986431329345,0.9938388113847269,0.9937440343000935,0.9942147587499567,0.994549092948848,0.9951730833449776,0.9944889424131811
61219.43955971581,0.9958948153165309,0.9953659613180691,0.9957227707178239,0.9958624454810452,0.9962168300426213,0.9960207741882051,0.9966678863271247,0.9965627893052499
61219.43964348059,0.9944540737567812,0.994701516261949,0.9948839322383378,0.9956952261384551,0.99487563447604,0.995358284293757,0.995482295183946,0.994226913092767
61219.439727245386,0.9954536935896284,0.9953139148489397,0.9953868537121928,0.9943976270775176,0.9946305216160736,0.9953440589274458,0.9952880455584048,0.9939298933863387
61219.43981101018,0.9953754337558711,0.995907362519077,0.9961012563910091,0.995789819098479,0.9965936918318967,0.9971157547533367,0.9977423689331535,0.9960713555983556
61219.43989477498,0.9945347722514882,0.995018434917937,0.9944048296844243,0.9947404390873296,0.9955636570381047,0.9945722131727815,0.9935295889364228,0.9948990620761157
61219.439978539776,0.9947854562705227,0.994970923304649,0.9944038264613962,0.9947534936225231,0.9952489814886477,0.9944139027296299,0.993627347335301,0.9949684207136268
61219.44006230457,0.9964064379106538,0.9960832579909251,0.9959153971661515,0.9959962147019231,0.9971987064284992,0.998125227275946,0.9937235344679052,0.9959717534181831
61219.440146069355,0.9967947188062414,0.9957142053594445,0.9955640374233253,0.9951468143185871,0.9950201700516301,0.9948331432582277,0.9973803084786335,0.9959384804801699
61219.44022983415,0.9954497811407479,0.9955463228430459,0.9949267747030975,0.9955134127838456,0.9951161348995385,0.9952192718170417,0.9942317052993731,0.9934330485765659
61219.44031359894,0.9946353554975509,0.9946180679228628,0.9948475582187486,0.9943845847013124,0.9943052956507122,0.9943780465075589,0.9938701739412421,0.9952684664631165
61219.44039736374,0.9959034684587491,0.9954053528752441,0.9949722085694294,0.9951103366087457,0.9951309057184785,0.9960007008228993,0.9960232822643929,0.9954756138544313
61219.440481128535,0.9956612580583581,0.9947309348770026,0.9946035012257635,0.9953226461952966,0.9965812747350263,0.9960043851626565,0.9962243951428371,0.9952065296702781
61219.44056489333,0.996321989809247,0.995945487126617,0.9965705446912644,0.9966984275521039,0.9967520040269376,0.9966220921870139,0.997850736191911,0.9966483579118646
61219.440648658114,0.9954165081143006,0.9956398229467789,0.996088462091865,0.9970234388027943,0.9957327047618607,0.99660929643249,0.996658114407732,0.9971319128505653
61219.44073242291,0.9945783731791662,0.994503582880323,0.9952583041002151,0.9952104926782089,0.9959491351102532,0.9946980840250086,0.9958654496069429,0.9968346572187867
61219.44081618771,0.9947346227669666,0.9946856316304068,0.9959662387760039,0.9968338744652483,0.9966305128831442,0.9957314724875921,0.9958877394968972,0.995546546993216
61219.440899952504,0.9952334088959243,0.9950085567187102,0.9942165692901269,0.995058728650679,0.9950879864257448,0.994942812480934,0.9948462456416344,0.9969161085169049
61219.4409837173,0.9942625663214177,0.9947102819279858,0.9950547770522711,0.9944573537658863,0.9948841721493631,0.9954748627888796,0.9972953643033851,0.9972881202901589
61219.44106748209,0.995536722183831,0.9952536955526842,0.9949854487700384,0.9960264345029837,0.9963962841493,0.9966758585932044,0.9964089420542479,0.9970927696723761
61219.44115124688,0.9955519562684206,0.9946714687366592,0.9955623872341911,0.9953482976906889,0.9957310668093268,0.9956076130353299,0.9955147596110995,0.9977422630542434
61219.441235011676,0.9950228844064829,0.9941850459132726,0.9950077301368377,0.994652697593238,0.994774740555778,0.9953307169995506,0.995526442004825,0.9944243784366006
61219.44131877647,0.9946221014679646,0.9944631533818965,0.995158761959185,0.9951549084827697,0.9953463800733132,0.9946325200349718,0.9956510482954117,0.9960786441736682
61219.44140254127,0.9953927215054255,0.9956872503936413,0.9960829066724997,0.9959891044232363,0.994807525302484,0.9957153071899542,0.9954436513746089,0.9976394068120045
61219.44148630607,0.9942736504458486,0.9940612061510476,0.993683910587895,0.9939875282180763,0.9934104943024467,0.9943521318359737,0.991966339222624,0.993193819259128
61219.44157007085,0.9950108698309579,0.9947103747782491,0.9956566131553527,0.9966638950322753,0.995706004394312,0.996264137330215,0.9974808558836711,0.9972858771650569
61219.44165383564,0.9955341233285412,0.994945518626514,0.9960077411045816,0.9949260021250981,0.994552498172282,0.9963828534307904,0.99547009392121,0.9964944992261494
61219.441737600435,0.9956458876099912,0.9957633359517825,0.9959903941669567,0.9956843937204404,0.9964932584114493,0.9968494836420776,0.996283603824262,0.9962428016650665
61219.44182136523,0.9939770245434947,0.9945011664355231,0.9944644069394831,0.9938033743822575,0.9945385278183277,0.9946403545752747,0.9940197650360588,0.9926639052420534
61219.44190513003,0.9951056299465536,0.9954402753733467,0.9959692515400904,0.9945186799815956,0.9952838237769256,0.9960011131419652,0.9975315741362487,0.996503380708708
61219.441988894825,0.9962250801768665,0.9954511856132691,0.9952201082293759,0.9952751087687989,0.9960085661276132,0.9961634401703823,0.9967277897884728,0.997394770439737
61219.44207265961,0.9960850679403593,0.9952987647809908,0.994503758904378,0.9938616913723914,0.9946159086924443,0.9956865079580867,0.9951624257345935,0.9961395065890255
61219.442156424404,0.995353521817954,0.995094430631759,0.9955322925329986,0.9954538622767383,0.9953801155729401,0.9947839056690465,0.995422032741607,0.9958182649391909
61219.4422401892,0.9954949779217966,0.9951521346210637,0.9956876889724106,0.995252455332564,0.9956951157037642,0.9942017752068721,0.9966564251856908,0.9970006356364361
61219.442323954,0.9942599420468606,0.9938063395263668,0.9940665779413763,0.9942235125958938,0.9943350778507201,0.9943716929695358,0.9944873573790607,0.9946116373841174
61219.442407718794,0.9949088223291894,0.9953144436723813,0.9951925935445668,0.9957899756764733,0.9963725207359647,0.9964596016651237,0.9974454943810571,0.9953561745268307
61219.44249148359,0.9943176347808075,0.9937345963323342,0.9940110198789701,0.9941600970193084,0.9950222668134507,0.9949150097465654,0.99402518213762,0.9944170868252512
61219.44257524837,0.9951475336085763,0.9950583791234412,0.9956974955990978,0.9955176011831599,0.9957877241774739,0.9954888467393899,0.9949693883943355,0.9950484415957124
61219.44265901317,0.9938754848975025,0.9938686561920572,0.9944827827444443,0.9941771593059876,0.9941870805810397,0.9951195496424088,0.995406187463856,0.9954088052979809
61219.44274277797,0.9955049870230509,0.9949585888040344,0.9949092368701257,0.9942011561863773,0.9946088524287668,0.994563261666105,0.9948511725108453,0.995341344815904
61219.44282654276,0.9960827309564786,0.9957315818297483,0.9956812014045444,0.9963139268373914,0.9976069560812327,0.9982047075722635,0.9978282080040339,1.0004203680261332
61219.44291030755,0.994919691184201,0.9962155765185535,0.996102160905557,0.9966425932289017,0.9968497910949268,0.9962007188334742,0.9950546843914094,0.995323650667618
61219.44299407235,0.9953115418981295,0.9951418998278403,0.9947196257282083,0.9953575819468858,0.9958640792392282,0.995224576271946,0.9966326025525885,0.9956480632047642
61219.44307783713,0.9945244377306564,0.9953283014071703,0.9949616010002499,0.9952842188288753,0.9959525983258185,0.9962802065395836,0.9973705979235127,0.9980156090116383
61219.44316160193,0.9940869220975077,0.9948828539393333,0.994617069386126,0.9943728299371722,0.995027993476893,0.9948876934291817,0.995535158799653,0.9950307342912675
61219.443245366725,0.9946951381718749,0.9941687305411208,0.994578743083029,0.9953437494845728,0.995013142526928,0.9953708986278917,0.9941551635975155,0.9951076687258117
61219.44332913152,0.99519223312521,0.9944052214975212,0.9946905787959759,0.9945306600592364,0.9956273067679726,0.9961675934782597,0.9953064463171691,0.9964829412242523
61219.44341289632,0.99506559380632,0.9956616649135548,0.9957011485866061,0.9951522099317568,0.9953117516368214,0.994515287565957,0.9961760810060688,0.9973323491460448
61219.443496661115,0.9953402910893625,0.9956370899872327,0.9954136630679868,0.995949653964785,0.9958561063712944,0.9956164985709559,0.99671508704327,0.9953404026325201
61219.4435804259,0.9957762985126559,0.9956909497084451,0.9963717889216368,0.9950960768448378,0.9956447567356131,0.9964785109760231,0.9950942950289421,0.9948784770516514
61219.443664190694,0.9952382319370965,0.9944894793261323,0.9956042580891652,0.9953717546127334,0.9959297197348139,0.9964177724336977,0.9955306065934134,0.9955868016138341
61219.44374795549,0.9949652809047554,0.9939293813775167,0.9943550968593,0.994430611683671,0.9950875746131354,0.9948165462804549,0.9945354853775374,0.9929872056410126
61219.44383172029,0.9950810807596617,0.9945992180947852,0.9948998522691681,0.9951155098861263,0.9964633619317518,0.9959531765688278,0.9958183794603316,0.9968749625032669
61219.443915485084,0.9955828385598285,0.9957660437504661,0.9949026740273716,0.9952382687707296,0.9955814447732304,0.995711766265524,0.99463564073306,0.9971612963725855
61219.44399924987,0.9959062110917694,0.9950519592068601,0.9959640729373075,0.9955739054884881,0.9963715873954815,0.9956429586988357,0.9961205627037754,0.9969987027563325
61219.44408301466,0.9950998515645882,0.9946233557119541,0.9948602129111627,0.9949291044041566,0.9955679129422274,0.9954791327412232,0.9946521640860158,0.993340298035427
61219.44416677945,0.9940690678425135,0.9943447560478701,0.99501111065357,0.9953964065896448,0.9952879603297748,0.9952241137575157,0.9947258707585099,0.9955174403830415
61219.44425054425,0.9952793205938637,0.9949956534267349,0.9949981696734035,0.9950277438259151,0.9953617468033569,0.9965481388783833,0.9963869143260996,0.996933350611979
61219.444334309046,0.9948776538062412,0.9947804742776939,0.9951594844212509,0.9955070166596245,0.9951990522527023,0.9945032810737839,0.9946789962957435,0.9968911719663642
61219.44441807384,0.9954630309337896,0.9954776193261557,0.9952558023431867,0.9947410964171349,0.9935313207306488,0.9955329665526177,0.9954473110716046,0.9930723669127056
61219.444501838625,0.9956268705559134,0.9950501452867897,0.99583735335623,0.9957214962534037,0.9956986088416742,0.9968217636105478,0.9972179239558564,0.9992230380171453
61219.44458560342,0.9951567152597258,0.994820925708377,0.9954052280801885,0.9956214017233105,0.9960158441885583,0.996536881970321,0.9944788226315725,0.9967418080697065
61219.44466936822,0.9953576789272816,0.9951556127206719,0.9952431138268143,0.9943905507943698,0.9934440467178962,0.9950490437992203,0.9948968490066584,0.9952747914762872
61219.444753133015,0.9946977865417791,0.9941670718168141,0.9950517525713887,0.9950040462055274,0.9944568854613464,0.9952032666665193,0.9959830658251313,0.9949781421663342
61219.44483689781,0.9955053521602334,0.9951794489641446,0.9954742138119403,0.9948613346689855,0.9941119105793805,0.9956678429312945,0.9959196080087878,0.9947536751345085
61219.44492066261,0.9952944058698264,0.9945157858987306,0.9946683927110463,0.9951572564082576,0.9942292994880423,0.9946987798283714,0.9964456760710773,0.9960028144769718
61219.44500442739,0.9950174663955872,0.9951098231791723,0.9951465974930963,0.9951428447810651,0.9952674466183243,0.996137388298134,0.9953728196182546,0.9985651017335185
61219.44508819219,0.9942276992950881,0.9946029473576954,0.9945017981096125,0.9944506747590763,0.9962719300964176,0.9968317644393689,0.9979568002449954,0.9970385234134571
61219.445171956984,0.9949359303889821,0.9946876087620908,0.9949475364235564,0.9956148239586903,0.9957949160214932,0.9962677920308047,0.9973436651445613,0.9956601085537996
61219.44525572178,0.9950436344720607,0.9954633207196134,0.9957754306417804,0.9952038317858104,0.9943504401853909,0.9945008128960018,0.9941520810655887,0.995028541956529
61219.44533948657,0.9944729253208381,0.9948581355070287,0.9950646962044145,0.9947248954334963,0.9950279168959767,0.9943467253171615,0.9971951046286004,0.9950469282579277
61219.44542325137,0.9957518549745933,0.9950137065683816,0.9954943166284249,0.9958546356883073,0.9954816588249891,0.9964845784004684,0.9954707546098711,0.9944176788524041
61219.44550701615,0.9945167687906911,0.9944724941851752,0.9948041963462092,0.9953671758850748,0.9953987920186109,0.9949498082805979,0.9942348348772415,0.9941918004430258
61219.445590780946,0.994112411532503,0.9944229643589716,0.994704840458022,0.995035896055471,0.9945463553008577,0.9948137609157739,0.9947450583436055,0.9957349858837393
61219.44567454574,0.9941967071183064,0.9946548351797925,0.9954891095074027,0.9954366094165256,0.9953620796683109,0.9956375689118117,0.9974224926655483,0.9954394777440744
61219.44575831054,0.9948935702392855,0.9954807595354177,0.9955006673529562,0.9954013141062773,0.9949967192169135,0.996676861066342,0.9965860785479973,0.9955849889101824
61219.445842075336,0.9946291860295678,0.9944757597534256,0.9934957254684854,0.9944033829937742,0.9948619058675833,0.9950652490141242,0.9943617327824724,0.9949457085027114
61219.44592584013,0.9959880587491821,0.9955847316792694,0.9960029498192832,0.995902206614059,0.9957782409918664,0.9962337421247806,0.9955042339338998,0.9984743569373637
61219.446009604915,0.9959409875619595,0.9957679334871182,0.9959014779440506,0.9962067967195406,0.9960217160683517,0.9961440611742859,0.9972296394181063,0.9954765240329283
61219.44609336971,0.994337579373355,0.9944232476970051,0.994241074526924,0.9945610493417079,0.9941970234211975,0.9942226273174049,0.9959818364942168,0.9952739138086829
61219.44617713451,0.9944079256066999,0.9945820278816642,0.9951421301882624,0.9947049631292526,0.9950100143740029,0.9938877589819376,0.9949387239858254,0.9940180082789685
61219.446260899305,0.994107968191635,0.9944337469019491,0.9948985418671192,0.9947477285249895,0.9948278260074124,0.9946778533808938,0.9949887921180333,0.9956731712913773
61219.4463446641,0.9945738180994361,0.9950028444235596,0.9953635465730598,0.9956965348426428,0.9950581423524139,0.99594768878133,0.9949957119624315,0.9957200172741342
61219.44642842889,0.9946674115765797,0.9948708329475211,0.9950141930552179,0.9947339444504877,0.9952604687951438,0.9961739541870492,0.9960496361737123,0.9975638349886738
61219.44651219368,0.9954118439435485,0.9952684171066486,0.99552103965575,0.9948293788621422,0.9952732549342667,0.9959004346261249,0.9952459309176647,0.9961722510036531
61219.44659595847,0.9936050313081665,0.9945095767322072,0.9947416568419297,0.9943332107417382,0.994949928277061,0.9947648555721008,0.9933971634739412,0.9948114698245507
61219.44667972327,0.9950764968184719,0.9957563815338659,0.9953571952958497,0.9960862676445373,0.9961063185397795,0.9953544259434025,0.9962607071098408,0.9956434333120745
61219.446763488064,0.9960860857701843,0.9959853077544327,0.9968065766737771,0.9968982520907786,0.9966355695903584,0.997151326295983,0.9969625913112955,0.9967301267288192
61219.44684725286,0.9939776773685295,0.994087809310098,0.9945669132088426,0.9954179242770994,0.9946493765814962,0.9970785413442187,0.9973307701246399,0.996669899224633
61219.44693101764,0.9955407551094468,0.9950052174491718,0.995350925262461,0.9949741981221143,0.9959091242018105,0.995256516060455,0.995756649048243,0.9952983495396724
61219.44701478244,0.9947121892045032,0.994840833628663,0.9961459062268276,0.9950174344925473,0.9952360114200836,0.9956984776403256,0.9975546392615051,0.9979297200399029
61219.447098547236,0.9947401167708799,0.9951643659176087,0.9949376670125283,0.9952375950635113,0.995292895657082,0.9961353639907897,0.9956962509226805,0.9946988540526445
61219.44718231203,0.9958403945188875,0.9955426536990111,0.9961216325625564,0.9966497002817344,0.9963117738116456,0.9984805509395408,0.9981218837729995,0.997721912500362
61219.44726607683,0.9955019428010166,0.9948351547328875,0.99663147833127,0.9972219881365352,0.9977993704514135,0.996038307190014,0.997318677953943,0.9964744580950066
61219.44734984163,0.9940971258150267,0.9944323245338881,0.9945774332336591,0.9940065602608879,0.9943736306788028,0.9942089777636327,0.9940360807732278,0.9916413265317112
61219.44743360641,0.9947315486243364,0.9960744049298564,0.9961555571085559,0.9959875175511694,0.9952400666585383,0.9949447347243704,0.9954343233234499,0.9968325744976226
61219.447517371205,0.9943154770557175,0.9951201606198089,0.9950416637467739,0.9957964278809269,0.9951993398115073,0.9954702034639223,0.9948394140936051,0.9944972581176539
61219.447601136,0.9936635038310923,0.9935613782657379,0.993840951468579,0.9940258803972832,0.9939108486515597,0.9942295726826786,0.9958673795132952,0.9944089957242421
61219.4476849008,0.9940342986538844,0.9942879427085721,0.9947759619627294,0.9947744572075031,0.9952208527940312,0.9946290761549131,0.994659276886958,0.9952728401902111
61219.44776866559,0.995168668670139,0.9948062756290756,0.9950877959783646,0.9941496211822414,0.9944467397578339,0.995192722293608,0.9956282388546216,0.9961653252979746
61219.447852430385,0.9942032999759592,0.9943794219274394,0.9955266716764328,0.9958971834629647,0.9958077432404451,0.9970699576978564,0.9975444534741895,0.9957495143945269
61219.44793619517,0.9955189305502609,0.9957451014515283,0.9959823034982119,0.9957937409926175,0.9955849179629107,0.9968061530912008,0.9963318603467973,0.9958153872824221
61219.448019959964,0.9953586663069428,0.9954925025330964,0.9957103382023917,0.9959347810404585,0.9960876505467484,0.9960409340807582,0.9951954761905437,0.9970529149230895
61219.44810372476,0.9939819474082475,0.9943348505724868,0.9951130243404424,0.9953738325590489,0.9949439752519258,0.9949770067583876,0.995810554833835,0.9972851963338308
61219.44818748956,0.9945597755429978,0.9947231694109235,0.9944558048215373,0.9946966252890155,0.9962825286923687,0.9965497121445235,0.9960398795953878,0.9965096727049797
61219.448271254354,0.994545510303187,0.9941139596849513,0.9939088820254716,0.9943465737182107,0.9939299512793276,0.9945069405548846,0.9952515338166048,0.9952833030683766
61219.44835501915,0.9940506188825797,0.9953680914188919,0.9955311588777128,0.9948330297845376,0.9945203942011829,0.9952833660389996,0.9953188609912063,0.994693296967002
61219.44843878393,0.9945772416245986,0.9939103948346629,0.9936733990743359,0.9942796196278375,0.9943580773144731,0.9954263590081229,0.9948021267755903,0.9961187828556354
61219.44852254873,0.9948663896286675,0.9943579659461101,0.9952270431356726,0.9953971016371286,0.9950660352583756,0.9952510227753698,0.9944166868743766,0.9968680858169309
61219.44860631353,0.9946257321866335,0.9948784677107116,0.9949292898349593,0.9943725274513163,0.9952503896984328,0.9943701639231216,0.9949179760436597,0.9940580208389118
61219.44869007832,0.9953740844164359,0.9952925648549613,0.9957654088018677,0.9955452546932254,0.9964316379913367,0.9965544116257723,0.9958363619193089,0.9964940771537998
61219.44877384312,0.9943613098480151,0.9943045465399951,0.9950393521113416,0.995275781979732,0.9954746656180042,0.9956398778985808,0.996656810757866,0.9960208060303509
61219.44885760792,0.9948288980629967,0.9950643528243689,0.995301886602235,0.995082462748032,0.9958642227650515,0.9964531926731738,0.995460862348323,0.9940858174625088
61219.44894137269,0.9947233570006887,0.99463426272327,0.9938748486016973,0.9945591063849786,0.9954456265740848,0.9939588224717237,0.9951439475886639,0.9963684852346119
61219.44902513749,0.995195795264814,0.9953896373558719,0.9948616352859889,0.9945224440570265,0.9950555555065396,0.9954622988891347,0.9970300384871399,0.996567776944262
61219.449108902285,0.994852707972867,0.9944150719752666,0.9944860865493232,0.9951353992616964,0.9950864329996084,0.9953780796723534,0.9946025640268377,0.9967039421141991
61219.44919266708,0.9947877440045733,0.9952489896920415,0.9951275428877149,0.9954670798416343,0.9960749333811663,0.9967942068334654,0.9967589273837021,0.9969877510130104
61219.44927643188,0.994864305513539,0.9943360709856588,0.9951905985942354,0.9960497956419763,0.9963154331284536,0.9960417551335068,0.9948125498380908,0.99490813356397
61219.44936019667,0.9942059459628071,0.9943945196697005,0.9951582496256973,0.9955661304357173,0.9953044248886713,0.9968419433422213,0.996755206663347,0.9936229046004614
61219.44944396146,0.9943809727103508,0.99491734870277,0.9952297968038161,0.9950031325443938,0.9954568324076766,0.9953112617543054,0.9955617608933611,0.9956717941957389
61219.449527726254,0.9951544968990923,0.9956984719157409,0.9949958388047401,0.9961177658763858,0.9954128015928135,0.9965997502302564,0.996524741889987,0.9951895882060865
61219.44961149105,0.9936427746834532,0.992722132791953,0.9936009867324183,0.9934709374636079,0.9935243900731983,0.9944522670467492,0.9932417366368637,0.9940231464547994
61219.44969525585,0.9947817484997002,0.9954501275210608,0.9953344453677438,0.9956811269228236,0.9953016740615857,0.9964129106541035,0.9957626194509893,0.9954792178197254
61219.449779020644,0.9954343243727859,0.9960248234459523,0.9966166531576555,0.9959026669186225,0.996916747835577,0.996545085566066,0.9972570576566311,0.996002896513213
61219.44986278543,0.9950708476511149,0.9939708027260574,0.9951022824702518,0.9949363179101741,0.9960071508176107,0.9952230259522584,0.9962765179554169,0.9982357958009989
61219.44994655022,0.9940038180398556,0.9945619298076016,0.9946427686307622,0.9945727567106072,0.9949451471259031,0.9945916005347718,0.9953794452550604,0.9951723491470492
61219.45003031502,0.9940952813294487,0.9946493447678247,0.9956766913223514,0.995572879170604,0.9960078966785437,0.9962755259413528,0.9966439392609155,0.9969038521000694
61219.45011407982,0.9951606687501315,0.9947591394247655,0.9953443080360876,0.9950206784610428,0.9946457941837101,0.9956491750361959,0.99521919143617,0.995069790752659
61219.450197844606,0.9960972922248388,0.9955914672199468,0.9965591969742892,0.9965051395863744,0.9957206350684847,0.9961240310726038,0.9960898018169934,0.9963070163076764
61219.4502816094,0.9948643936866222,0.994555314393344,0.9949049696351111,0.9947252579698668,0.9944746703225743,0.9956854990312595,0.9950933121778532,0.9960744199081294
61219.450365374185,0.9944984057531763,0.9941425238326546,0.9944443289935563,0.9949600765736467,0.9951512204547889,0.9959016017878632,0.9955038637027925,0.9972376586407167
61219.45044913898,0.99445875937504,0.9941217922837746,0.9956327515685878,0.9954021632503294,0.9963669220454887,0.9960205103040028,0.9955325907048725,0.9945843881958847
61219.45053290378,0.9960325948940669,0.9950162750916701,0.9961475376248741,0.9951482972188953,0.9959344095974623,0.9956118562168125,0.996222545350951,0.9965818229782203
61219.450616668575,0.9946960797438985,0.995205964616832,0.9955008208871987,0.9957107750032835,0.9956954161105814,0.9966642335858021,0.9950123628167078,0.9959232850533244
61219.45070043337,0.9955357663134697,0.995385011319736,0.9956808746606847,0.9957156068364164,0.9956209500447621,0.9955250605436767,0.9977437581520874,0.9957248847366943
61219.45078419817,0.9957796141383247,0.9953932010692121,0.9952351889617873,0.9945475578273573,0.9960079631162924,0.9965591261656305,0.9966112678998006,0.9984464303334464
61219.45086796295,0.9955831253209368,0.995372468073026,0.994722552495433,0.9954429770043453,0.9952074311854506,0.995072281145671,0.9950022697576254,0.994806197999855
61219.45095172775,0.9947297086400869,0.9942642200229753,0.9949012263398447,0.9947645042069403,0.9941467149998323,0.9937612922390258,0.994451768487728,0.9949641140323422
61219.451035492544,0.9950574546099108,0.9953266489174137,0.9954392192792825,0.9958242826346587,0.996392040078873,0.9960091444002918,0.99661621147373,0.9945280304999546
61219.45111925734,0.995483983029585,0.9945607069451421,0.9942442879135088,0.9943443352236188,0.9945117265262602,0.9943363573451026,0.9949196652657009,0.9957530144388155
61219.45120302214,0.9944272784069322,0.9947696842755225,0.9956071154399002,0.994684795337661,0.9948840872848599,0.9961326995730347,0.9962833709809412,0.9963688038287111
61219.451286786934,0.9947289976949567,0.9947988885779182,0.9950721754995842,0.9959256444291216,0.9962208516395695,0.9966892196431433,0.9978448673811259,0.9979574978780228
61219.45137055171,0.9938641275159489,0.9949830402639994,0.9941559070155395,0.994152885498432,0.9947154359899087,0.9950166245254671,0.9966762939142046,0.9963933360171162
61219.451454316506,0.9948925831244081,0.994459359212867,0.9944091707573611,0.9949557648474493,0.994344283789743,0.9943176041178843,0.9935720124439983,0.9937817884961426
61219.4515380813,0.9943601964311537,0.994311698236888,0.9957294675299818,0.994877325723966,0.9948022549125364,0.994536751103835,0.9950570073700148,0.9964089778678555
61219.4516218461,0.994489690651494,0.995070306263009,0.9950280106949078,0.9952108425593057,0.9945170569299501,0.9942934618207186,0.9943109756658558,0.996106864640636
61219.451705610896,0.9941341476538218,0.9947125598767098,0.9955135574866493,0.9961081486127904,0.9960500822821456,0.9959013140011065,0.9957118844936932,0.9924179237157833
61219.45178937569,0.9946709477673485,0.9949109795532394,0.995685239498821,0.9959469668283328,0.9962255291613638,0.9967000331588188,0.9961318902074615,0.9964943341416548
61219.451873140475,0.9952272185100026,0.9945186140464961,0.9946334253701982,0.9943919304673474,0.9937180037039093,0.9948792486566616,0.9938089300114648,0.9936868403072012
61219.45195690527,0.9955290445059924,0.9952141916622771,0.9952623162185761,0.9955472246975003,0.9955352421371055,0.996903934856456,0.9967650454016136,0.9991514941289814
61219.45204067007,0.9948573258064131,0.994319720098838,0.9948194623366412,0.9952341334739364,0.9955852553922901,0.995449995288209,0.9947073274982697,0.9959268140032121
61219.452124434865,0.9955446175141451,0.9952129546607489,0.9946790522320572,0.9952443187359933,0.9957263532792872,0.9963516730264392,0.9954734297512148,0.9967562535954915
61219.45220819966,0.9960351415869022,0.9958190245114529,0.9954304290293849,0.9960932766810345,0.9960599434698034,0.9969576833357305,0.9969463515976411,0.9969378559639139
61219.45229196445,0.9947077371257621,0.9942448030735056,0.9953598796580392,0.9951490987195639,0.9948676134280595,0.9950227194378503,0.9954779621845222,0.9952099863245424
61219.45237572924,0.9943240422896368,0.9939674981918692,0.9937583970237853,0.9930715772242704,0.9950193613030573,0.9955104560828506,0.9950377706935016,0.9951216482199658
61219.45245949403,0.993242985214629,0.9938278095354336,0.9948875182411442,0.9942102163697866,0.9937563016003766,0.9933453409409587,0.9948058713598288,0.9941697850025288
61219.45254325883,0.99498246035764,0.9949358918132518,0.9947131921018183,0.9947979446510901,0.9947667558541485,0.9942442976123799,0.9959850884597167,0.9950566316209165
61219.452627023624,0.9944071415811763,0.9945193641964645,0.9944472491286322,0.994943981298765,0.99477849809226,0.9954657549594962,0.9973689097242092,0.9976966085261321
61219.45271078842,0.9941272047516766,0.9950925316546129,0.9945147388687074,0.9948912008668099,0.9947554168069539,0.9937841153542063,0.9943753757646862,0.9945508148799922
61219.4527945532,0.9943916881230148,0.9945168328578136,0.994990779027955,0.9949247179870299,0.9946404710492904,0.9951846891230769,0.9947200121751035,0.9959608536669893
61219.452878318,0.9946373691801265,0.9944527705181095,0.9940285435633581,0.9937197034197348,0.993743413860524,0.9935209463164759,0.9929229754944446,0.9935871065021884
61219.452962082796,0.9938841293018477,0.9942080485083388,0.9940756128070255,0.9947730983785058,0.9942727857838515,0.993991763299217,0.9947534625215593,0.9964071158286079
61219.45304584759,0.99422628084702,0.9940593885570459,0.9954765189257596,0.9950235199422058,0.9952030025093712,0.9950699188562054,0.9970294384809255,0.9949070493826206
61219.45312961239,0.9940544489836259,0.995014695523883,0.9954691093786873,0.9961324325941935,0.9966621044552205,0.997136512448779,0.9983494818121225,0.9990940338457296
61219.453213377186,0.9955649881442027,0.9952875735409912,0.9954121889624007,0.9957612928708124,0.9951126373662557,0.9970601889628401,0.9953971420292604,0.9973989182351017
61219.45329714197,0.9953998351932724,0.9952307969410061,0.9955578660984168,0.995639604969765,0.9952422339153745,0.9950117933411426,0.995162706305681,0.9954108586075396
61219.453380906765,0.9943698110041981,0.9951055054192699,0.9945451626350115,0.9954520039366432,0.9947031003764856,0.9959270788036748,0.99639169937566,0.9960805618735884
61219.45346467156,0.9940668334624458,0.9944551250627339,0.9951445369950286,0.9950642853084103,0.9953572926003053,0.9956177852454671,0.9961568572842353,0.9939719884144431
61219.45354843636,0.9949463141596441,0.9951672143276622,0.9961537264144409,0.9948282225175242,0.9957066581214716,0.9967296283457526,0.9969473146757979,0.9949458849090926
61219.45363220115,0.9938790075842856,0.9941851942064985,0.9941254862337022,0.9933292807813515,0.994684723661421,0.9954651244101074,0.9937305368131579,0.9938322737381201
61219.453715965945,0.9950337159269458,0.9949399589665083,0.9943145630455055,0.9945863874329687,0.9951650887008546,0.994288502996753,0.9950126808881841,0.996418413110855
61219.45379973073,0.9944261485734608,0.9944102286205289,0.9939236803388838,0.994419615987811,0.9948057735774186,0.9955647301792997,0.9960889048758852,0.9979128713013315
61219.453883495524,0.9938988136947836,0.9938049579055436,0.9948750233835141,0.9942160449918316,0.9946772757024167,0.9953885224594079,0.9941231709934306,0.9958214224805912
61219.45396726032,0.9939737978852611,0.99388508022351,0.9945792745392121,0.99473642339528,0.9939054288189411,0.993820365012325,0.9942447731619937,0.9948902027313244
61219.45405102512,0.99369515743839,0.9941243413240946,0.9940886506165632,0.9935710391898371,0.9947828194198146,0.994560499486902,0.9940810239659915,0.9935881636122108
61219.454134789914,0.9950937586191908,0.9964328342220483,0.996736711850714,0.9960999993609458,0.9968911906030304,0.9966637557737368,0.9972465081155479,0.9984829233678657
61219.45421855471,0.9950074128106152,0.994741490972216,0.9952702983411535,0.9948224837231086,0.9956167245701427,0.995024528861229,0.9956358084784772,0.9966778795103031
61219.45430231949,0.994052408557863,0.9937603131832965,0.9941270495416886,0.9938670716007185,0.9942896996850781,0.9942117385086825,0.9935517584842216,0.9942533516592055
61219.45438608429,0.9952856404591779,0.9945622279526914,0.9956833773019996,0.9949425492676942,0.9952772220962149,0.9958641142164447,0.9966449565441792,0.9984806441265773
61219.454469849086,0.9956512968830137,0.9947685270985009,0.9952743826393996,0.9954969152697738,0.9951198966623405,0.9960012218985883,0.9953980430613201,0.9976429106513389
61219.45455361388,0.9951638527781357,0.9944952233506894,0.9948540431337554,0.9947689707741338,0.9942992903882633,0.9952837769239121,0.996042314393333,0.9958506280149609
61219.45463737868,0.9947152056242141,0.9954441927860709,0.994944559473073,0.995572774206275,0.9956045473591887,0.9957637368727918,0.9954812339229541,0.997320919290196
61219.45472114347,0.9948019120686435,0.9944802367170167,0.9958037670498145,0.9959155132621562,0.9964965946683654,0.9981534325293331,0.9964901641454906,0.9965285839877214
61219.45480490825,0.9950997618028007,0.9955511561779711,0.9954866221200298,0.9956430144493893,0.9944622028479708,0.9954518252677849,0.995599601512561,0.9971245078305958
61219.45488867305,0.9952407007834259,0.9942902795515279,0.9940921866571826,0.9943285893335486,0.9954148427362645,0.9950145495447071,0.9953669944442852,0.9953433765569519
61219.454972437845,0.9947721114200129,0.9949151033741027,0.9948199525629665,0.9943740436027358,0.9945727058981728,0.9953856699285487,0.996074089495165,0.9958141424441318
61219.45505620264,0.9952714792794924,0.994729544238348,0.9954657071969358,0.9955611574094325,0.9952425277291329,0.9960571029637794,0.9961296834800603,0.9956847594006384
61219.45513996744,0.9949458417849282,0.994373813504346,0.9944864181567586,0.994346597788045,0.9947980686581654,0.9951592525025825,0.9941813743235337,0.9956103387412163
61219.45522373223,0.9941960647522409,0.9938563660012806,0.9938880736589001,0.9945019387914691,0.994296588755541,0.9940694547283525,0.9927510464409938,0.9923656265291636
61219.45530749702,0.9953734063045259,0.9955516587272374,0.9953648565329656,0.9957554106499612,0.9961681222131223,0.9964583568200831,0.9955348615238467,0.9952968266510225
61219.455391261814,0.9940513600130898,0.9941049934000005,0.9949312930754767,0.9946336948312559,0.9963475102201582,0.9967327253997449,0.9965956278514481,0.9969541428459467
61219.45547502661,0.9945028856342409,0.9944261256098399,0.9946835814369457,0.9947469575458633,0.9941686878059595,0.9945904792659382,0.9944495157371228,0.9950127223711424
61219.45555879141,0.9944236135311231,0.9945843354445008,0.9948252124095709,0.9946748522628029,0.9951704816540788,0.9945786384184684,0.9952905587662532,0.9954771901267262
61219.455642556204,0.9945432384561788,0.9950484668568517,0.9958911123377633,0.9961474199122686,0.994724851554398,0.9969813220060721,0.9969782337460364,0.9971292318404227
61219.455726320986,0.9946338840926762,0.9941345246822799,0.9938597605739224,0.9939768858773099,0.9947033656203215,0.994036935780947,0.9947514862510904,0.9935276238390017
61219.45581008578,0.9942660601467411,0.9942085366958738,0.9943160990511462,0.9943885986563636,0.9944665497024975,0.9951705259034075,0.9953878340919462,0.9936519036843368
61219.45589385057,0.9948470598646459,0.9953187014247394,0.9954844107405789,0.9956957060462858,0.9956485651569866,0.9947737023855885,0.997109312262749,0.9963418902490336
61219.45597761537,0.9946740438870536,0.9943987505912272,0.994019120495938,0.9946328575980498,0.9954669081233316,0.9954823203858972,0.9957482544158426,0.9959982365131596
61219.456061380166,0.9934189829252238,0.9928230564634936,0.9931125738576125,0.9939501782869192,0.9935803282907538,0.9934730329288165,0.9937010570760089,0.9915401869784639
61219.45614514496,0.9947084991742109,0.9942026321316529,0.9948052981671811,0.9947387398066552,0.9952683833398633,0.9956221957448315,0.9953321013556137,0.9958433188198992
61219.456228909745,0.9949765466710334,0.9943556403476109,0.9944716940128762,0.9946289999728503,0.9950246781825236,0.9930792254353299,0.9943631451834647,0.9936372045229872
61219.45631267454,0.9946282312183427,0.9942826840882689,0.9949877944505006,0.9947008965679657,0.9942156310623806,0.9953067066444858,0.9961824908451847,0.9949119175409392
61219.45639643934,0.9950310257211644,0.9948835426344511,0.994721290950213,0.9945650806667427,0.9951626321946856,0.9951094515301908,0.9958168078531449,0.9993319464720088
61219.456480204135,0.9948653034845617,0.9950283415066327,0.9957374631379283,0.9945099066510571,0.9954583807622291,0.9956655788813282,0.9958254881703225,0.9965910870014009
61219.45656396893,0.9963926950897415,0.995440948259427,0.9961022947644251,0.994899399002751,0.9942554695369721,0.9938721773846816,0.9948751748048991,0.994718913969264
61219.45664773373,0.9939733551663569,0.9942800801616425,0.9943184980098698,0.9943761386708923,0.994887069883328,0.9946402811944322,0.9936344137721268,0.9940489245567579
61219.45673149851,0.994916824632253,0.9941068207911521,0.9930151743427583,0.9928187938390957,0.9934208503076363,0.9935929075862107,0.99540868839885,0.9958483139857521
61219.45681526331,0.9933900814831714,0.994246098189947,0.9949269933429333,0.9951818890300445,0.9952091421687923,0.9966300225765604,0.9962186446287318,0.9963499261953761
61219.456899028104,0.9957711360183527,0.9953856899950412,0.9954581317356098,0.9957335815435161,0.9949408095692802,0.9954327053753799,0.9954793159485437,0.9942147191676864
61219.45698279289,0.9954984283225385,0.995938454442831,0.9956137280237695,0.9955025838398275,0.9960406648580756,0.9964996879222722,0.9975255433919682,0.9961840119140019
61219.45706655769,0.9948522334798787,0.9941653056578504,0.9947187764815661,0.995017214141899,0.9951911099833246,0.9940603870552609,0.9946039743823543,0.9945808091513916
61219.45715032249,0.9939200538756074,0.9941717591964693,0.9943976897341968,0.9946972580527013,0.993527235907955,0.9933519332655019,0.9935056827797283,0.9940841321458962
61219.45723408727,0.99594316699934,0.9956693510004521,0.9972606649734803,0.9973445606660295,0.9966842048962082,0.9968564072560268,0.9951873682656582,0.9931952772524939
61219.457317852066,0.9942017740255735,0.9952474507601607,0.995440775402441,0.9951258296414843,0.9952045405517032,0.996602087183014,0.9953390085862449,0.9952006085764877
61219.45740161686,0.9941385081172873,0.9944590210998581,0.9939797109418852,0.9941421498560397,0.9948666958094865,0.9942975116305348,0.994194183774387,0.9929883580066856
61219.45748538166,0.9950846773211901,0.9940977034296937,0.9955766524333829,0.9964251910113223,0.9959174544473536,0.9948646781374627,0.9956406562559599,0.9959769833708729
61219.457569146456,0.9954708220715865,0.9947453359082958,0.9942976848902585,0.9946935314468062,0.9953112248683111,0.9944210137396066,0.9946563985616917,0.9939604590018914
61219.45765291125,0.9946592880024286,0.9932327591406089,0.9942452178512936,0.9946128845984161,0.9945975299487462,0.9937716922405078,0.9952019773942423,0.9934665790716911
61219.457736676035,0.9949440229834011,0.9948522036666514,0.9943009619454709,0.9951732705405021,0.9947614386365767,0.9955378058638106,0.996218724743198,0.9950269611934299
61219.45782044083,0.9948487190014007,0.9947696901760789,0.9945117884468188,0.9952267611566409,0.9943105143105042,0.9953467104378213,0.9961487118589615,0.9965996253485636
61219.45790420563,0.9945716632869706,0.993860271946886,0.9946140224664738,0.9946685320702242,0.9947192491447605,0.9946999204582742,0.9936247720813556,0.9940679063008508
61219.457987970425,0.9948905114541292,0.9949423922223273,0.995741925910794,0.9950818848238658,0.9960111781623542,0.9970947551640423,0.9975886064314956,0.9954848402434072
61219.458071735215,0.994483127449653,0.9939373695060976,0.9944591431135895,0.9953621914442295,0.9955010706503196,0.9945347588259137,0.995709323558078,0.9937864934042386
61219.458155500004,0.9943525126632824,0.9944144760190806,0.9944102237215043,0.9944165415007261,0.993484682783576,0.9949098984243018,0.9938654679834101,0.9948115508487797
61219.45823926479,0.9935206941512698,0.9933978948923861,0.9935309438361623,0.9936413474240299,0.9926681456102827,0.9927447935605084,0.9922032997450808,0.993150408931382
61219.45832302959,0.9950415540639087,0.9946219202068054,0.9947399604488261,0.994769341995496,0.9948576501325134,0.9949390098235317,0.9952567337568259,0.996580640062428
61219.45840679439,0.9948951165780416,0.9961201659705557,0.9959389851767824,0.995408526867867,0.9963571563726602,0.9945660685430849,0.9938598412205863,0.9941930672925823
61219.458490559184,0.9945333710143823,0.994852819996456,0.9944876549419568,0.9943311352768489,0.9943911435340833,0.9948952762755852,0.9960109337274043,0.9948902160772358
61219.45857432398,0.9962579576159677,0.9960917545693287,0.9961994052281316,0.9958679917167863,0.997561012772096,0.9968495264276502,0.9952136850155019,0.995484686291047
61219.45865808876,0.9940587956783217,0.9949338891867112,0.9954480587176163,0.9953012667232825,0.9952475144484897,0.997231578883838,0.9947845871621088,0.9960740955582105
61219.45874185356,0.9944509569839216,0.9947253810062219,0.995366084917442,0.9962882276986156,0.9952317622780728,0.9962352518101255,0.9956391248764624,0.9959742754791554
61219.458825618356,0.9956911023963542,0.9947996063304926,0.9949732722555461,0.9956422625772451,0.996091292113013,0.9980993164287696,0.9974452721060276,0.9966508291192224
61219.45890938315,0.9952300413725848,0.994406974853391,0.9949259840404359,0.9953633108155967,0.9955290106820166,0.9953354138515184,0.9951786869257429,0.9943069991231396
61219.45899314795,0.9955823119043856,0.9950939674937552,0.9954539393333399,0.9954346684449373,0.9963535347546256,0.9937650729060779,0.9944364679883467,0.9949296364835245
61219.459076912746,0.9941134092387416,0.994301563419128,0.9945639484172986,0.9952238355551292,0.9952845195982314,0.994765706264017,0.9940763943725868,0.9956156356132146
61219.45916067752,0.9943103537494512,0.9945721409985998,0.9946927690630868,0.9944500261142627,0.9933720200839136,0.994475379143814,0.9947721506696637,0.9949817423365825
61219.45924444232,0.9950128287032386,0.9952067498361443,0.9956013469074898,0.9949866640630087,0.9955817921767247,0.9952198387856356,0.996728805708086,0.9977503054521639
61219.459328207115,0.9958455334474117,0.995443719294261,0.9950961031867647,0.9954410104740669,0.9956159795544736,0.9957744765295737,0.995562973519557,0.9946796743336594
61219.45941197191,0.9953033651023876,0.9959114071834209,0.9952551984860468,0.9961050411227368,0.9967861346029472,0.9970123561267894,0.9988470785567984,1.0004772690461279
61219.45949573671,0.9954173119986266,0.994092421986484,0.9952001272233559,0.9938496904507704,0.9944398625210668,0.9956741821277851,0.9960658803192308,0.995400174667953
61219.459579501505,0.9933654661002711,0.9948247752090381,0.9937861045935861,0.994591698677647,0.9943008118634213,0.9951723506244214,0.9947169845301088,0.9967544996517999
61219.45966326629,0.9941670513065423,0.9946600182061764,0.9952200888856088,0.9950519062174334,0.994538521056216,0.9962894742770568,0.9958588669251277,0.9948198927390689
61219.459747031084,0.9958600965692601,0.9949427405778113,0.9946392151254845,0.9954045536082058,0.9948415867359002,0.9947644356042175,0.9939044162277184,0.9959028716914341
61219.45983079588,0.9946968052521505,0.9937492953973859,0.9949004959192003,0.9956519207843731,0.9951836549241029,0.9956542361630951,0.9955193950000187,0.9956145015902631
61219.45991456068,0.9942619398423942,0.9947160341910555,0.9944826648027333,0.9951913727929094,0.9955581229257964,0.9951845600492824,0.9960373353644908,0.9972922934490802
61219.459998325474,0.9950947343483547,0.9949665328454398,0.995425464866077,0.9950888211545748,0.9956888188252434,0.997016636118206,0.9964079217027706,0.9968975128554768
61219.46008209027,0.9939461798514198,0.9939038905289937,0.994702440504476,0.9937590846463947,0.9949294965562161,0.9956809028090461,0.9952377950379443,0.9941509114804935
61219.46016585505,0.9940230487746483,0.9938772111080364,0.9933639297513227,0.9941590642497162,0.9939524427394306,0.9938240653667939,0.9943163146984265,0.9946549325954726
61219.46024961984,0.9953835745409845,0.995004207897389,0.994547694899924,0.9951684717103378,0.9957274252430622,0.9960396653331631,0.9973459840322151,0.9948107726113767
61219.46033338464,0.9959550332113314,0.9957015998664629,0.9959312000198642,0.9953703237857894,0.995672076241177,0.995265633034436,0.9965751848700964,0.9980591287941465
61219.460417149436,0.9951203863255778,0.9956498467470017,0.9957070459398011,0.9967600270946484,0.9972301374253809,0.9954994964723404,0.9961284400176688,0.9972502473908671
61219.46050091423,0.994698589145007,0.9948340167630277,0.9951017691742711,0.9952075319778206,0.9945455006482162,0.9942523362896678,0.9931861176489839,0.9946671592195472
61219.46058467903,0.9948556231653182,0.9947161714304921,0.9953400713876259,0.9955829672902261,0.9959748953636697,0.9962364172172984,0.9951981163424948,0.9944018816010067
61219.46066844381,0.9960439480195954,0.9956638909148715,0.9958950146281262,0.9953651951871275,0.996412619797427,0.9954994971895493,0.9950934272711718,0.9944960074975835
61219.46075220861,0.9934206920628711,0.9934678463206505,0.9936821297258613,0.9927126243439901,0.9933150131017102,0.9926170099398292,0.9926450039873168,0.990440205515898
61219.460835973405,0.9963879715615225,0.995477491385291,0.9956947443880322,0.9952804588936063,0.9962548699518216,0.9964169750545238,0.9961232953988971,0.9947954920909656
61219.4609197382,0.9950327569553855,0.9948984135985856,0.9950359180849899,0.9949844987425873,0.9945065097845358,0.9960273699270872,0.9968677432137081,0.9959430289727526
61219.461003503,0.9951795747493579,0.9948663774011031,0.9958829204754436,0.9942035425230328,0.9956759873314966,0.9960324876912526,0.9962998195764957,0.9957667780197961
61219.46108726779,0.9952875277086285,0.9951076318937814,0.9954416925177033,0.9953134100903706,0.9949465513190943,0.9938933717639983,0.9946110076070619,0.9941215651638875
61219.46117103258,0.9944285303401221,0.9941841555728003,0.9949909264130763,0.9951766233849563,0.9954049430070668,0.9959919046605551,0.9956437409021932,0.9956951042897652
61219.461254797374,0.9951382465777373,0.9954950602944737,0.9956612481089661,0.995582926090682,0.9959771598837813,0.9987329944002136,0.9953180128932703,0.9952142807733436
61219.46133856216,0.9950686402253537,0.9949506885183138,0.9950187610066404,0.9945424576661247,0.9944975715745359,0.9951643848827126,0.9947408071228119,0.995743349760115
61219.46142232696,0.99552590800074,0.9952382285323939,0.9956818538051698,0.995590428130546,0.9949367584615533,0.996945467938754,0.9966094264162175,0.9953884577577179
61219.46150609176,0.9939675242523056,0.9950361638571235,0.9950399730908974,0.9954112259981716,0.9965666653250059,0.9971510970109975,0.9958748341772484,0.9954440106728714
61219.46158985654,0.9948367807568904,0.9946125670686164,0.9957302662353591,0.9955539516426769,0.9952852012227371,0.9957851158614015,0.9962098388645533,0.9973693813642082
61219.461673621336,0.9955654013836687,0.9954748714690304,0.9949204507442779,0.9948556992885347,0.9956775786158996,0.995212691536846,0.9964651108250491,0.9976487382832391
61219.46175738613,0.9953881921042442,0.995273109850009,0.9954001553229999,0.9942659960679837,0.9953356753032295,0.995906784626089,0.9968551796387339,0.9974995624799035
61219.46184115093,0.9952260928805035,0.9951660947966549,0.9955355176089962,0.9959435228661054,0.9951540105427531,0.995443083922388,0.9964928992668551,0.9960319978787259
61219.461924915726,0.9941803758979426,0.9947332583009222,0.9942785045821062,0.9944413636644829,0.9939887193316502,0.9952208526577557,0.9947504257529914,0.9948630318018105
61219.46200868052,0.9946787868298058,0.9945993300483528,0.9946158138789536,0.9940534970101412,0.9947671045845505,0.9932452740034367,0.9949996363366055,0.994121612801332
61219.462092445305,0.9945760553501779,0.9942608686766885,0.994124872161257,0.9945206995912659,0.9951494835313668,0.9956803631875637,0.994281596542036,0.994286301773258
61219.4621762101,0.9957171710145974,0.9949369000715568,0.9956040956203775,0.9949772749237406,0.9958801814803164,0.9955260487438887,0.9960466327378295,0.9957948464702346
61219.4622599749,0.9962393793703439,0.9960932243877657,0.9970733090886346,0.9965790082112962,0.9967980443665584,0.9958339946092262,0.9979992634171289,0.9967068886890764
61219.46234373969,0.9943786128040291,0.9948784558799841,0.9951319778019381,0.9939281545949368,0.9952247406998505,0.9954323860333388,0.9945875571459882,0.9941127356616114
61219.462427504484,0.9951559208876908,0.9953594748666272,0.9953953947622054,0.9952965473155506,0.9960922820065065,0.9960267280250559,0.9964414752395225,0.9972354332211136
61219.46251126928,0.9957874476330105,0.9955072494818851,0.995846797325542,0.9957973448983624,0.9956044821587063,0.9955742537934176,0.994849949067944,0.9960296716151522
61219.46259503406,0.9942786810524903,0.9948618565057693,0.995177943343015,0.99427249864662,0.9947392831442428,0.9955499191320154,0.9952187780042607,0.9972278622836721
61219.46267879886,0.995185718258658,0.9960470826538014,0.9959244207451499,0.9956860679082142,0.9952711648837658,0.9962829540387548,0.9953429586689849,0.9954949549025095
61219.46276256366,0.995178668082447,0.9950523667299614,0.9948191074361108,0.9953959439456163,0.9950949338556968,0.9959656146484215,0.9948688811968385,0.9978272097231329
61219.46284632845,0.9947807851356067,0.9952861548566846,0.9945937667812115,0.9954996223499809,0.995560571703701,0.9959419969569231,0.9952483812111909,0.9966004751786828
61219.46293009325,0.9957532027469681,0.9960096665117941,0.9971825054813906,0.9962642451840374,0.9958529563489854,0.9968917547243085,0.9966234443943515,0.9952179403792546
61219.46301385805,0.9954473617219038,0.9957946696545378,0.9955915258648864,0.9959914061674908,0.9961097114061112,0.9954791913300212,0.9950808647189846,0.9960371916254452
61219.46309762283,0.9940800441852482,0.9945329190749019,0.9950870270349613,0.9945100775546065,0.9933860763261976,0.9931257298507985,0.9935604952049503,0.990491206239876
61219.463181387626,0.994979272348509,0.9954619055398766,0.9951683862914137,0.9954055948147106,0.9952082342519623,0.9963498306676308,0.9960112490795224,0.994167443881999
61219.46326515242,0.9948139654892755,0.9947319096393569,0.9953871228995044,0.9951510039696995,0.9952604855935725,0.9949508545582774,0.9963209445607871,0.9968406857588411
61219.46334891722,0.9953828358032586,0.9954429886373894,0.9954197467978728,0.996192621017689,0.9964020422872177,0.9963847776311447,0.9956829102362353,0.9967790088066348
61219.46343268201,0.994135146118493,0.9936274686420781,0.9936612050817025,0.9934643981322994,0.9924328044878091,0.9929492995512158,0.9915060910792275,0.9936018525381409
61219.463516446805,0.9947658263235124,0.9948415274569458,0.9952551598137762,0.9965405457068527,0.9976242444019942,0.9992069791633861,0.9976525498638799,0.9987130218034374
61219.46360021159,0.9944756147738842,0.9948861154846722,0.996170293688474,0.9954927360695671,0.9957439337553078,0.9958805672911313,0.9960759424048814,0.9950779382318444
61219.463683976384,0.994913317429576,0.9941635868411222,0.9938508366109954,0.9950036674509231,0.9943703139639377,0.9941961936493592,0.9938133090672787,0.9949970590875917
61219.46376774118,0.9953964728894149,0.9956139399832695,0.9951434664509987,0.9962734259812257,0.9958091530841957,0.9963787184106667,0.9956032988801541,0.9950355806990218
61219.46385150598,0.995415004334666,0.9949971863238799,0.9949445977024907,0.9951482311907482,0.9950736207550706,0.9962558827469793,0.9970980063266223,0.9981464117900826
61219.463935270775,0.9954962377697429,0.995641145435185,0.9954442707448297,0.9958656698747178,0.9949122479139844,0.9971745710216313,0.99853179112259,0.9977032625332566
61219.464019035564,0.9946391284297911,0.9951790178457439,0.9961228836503501,0.9957082662721762,0.9958328373879403,0.9967440252152892,0.995176027892819,0.9957299459876885
61219.46410280035,0.9948154715681701,0.995831271075317,0.995327416616198,0.995515239210879,0.9956892780729103,0.9953278915547316,0.995699397904123,0.9946186761946105
61219.46418656515,0.9952938847071281,0.9947399882435337,0.9949148168078006,0.994053913969382,0.994755807851663,0.9936285621933042,0.9934330634411798,0.9928910279746659
61219.46427032995,0.9957408603695063,0.9947686378069245,0.9950611116568217,0.9950382609210779,0.9941019521000194,0.9939155301743051,0.9941204659911296,0.9946183739214235
61219.46435409474,0.99653938652491,0.9965039611664475,0.9956045756453413,0.9953127831623693,0.9957503423438423,0.9971736467783342,0.995117246958364,0.996793285679156
61219.46443785953,0.9941325802749735,0.9948575314108346,0.9954746201075909,0.9951151598700123,0.9964765191988466,0.9966643447327479,0.9970628896157306,0.9959393420369931
61219.464521624315,0.9942998445599952,0.9946320327245541,0.9950651850146739,0.9954901164238609,0.9943505532616739,0.995339118265864,0.9943878791155553,0.9970623785951757
61219.46460538911,0.9952705871022518,0.994935063468269,0.9945487684760648,0.9957067036677834,0.9955248692464841,0.9960524739146482,0.9971468106554364,0.9956081643719982
61219.46468915391,0.9939260925145846,0.9948108371366088,0.9948139277655424,0.9947923031178715,0.9956169809774528,0.9944847889775211,0.99453652450516,0.9966019914791732
61219.464772918705,0.9956391669347584,0.995133684707284,0.9952629767472448,0.9944676636167863,0.9948151766912318,0.9959611897081244,0.9956877872257338,0.9959437251879937
61219.4648566835,0.996675271340963,0.995185174420634,0.9959460453059478,0.9965057519473481,0.9946850448950358,0.9965672714544593,0.9941982619002286,0.993784519236326
61219.4649404483,0.9936045621523483,0.9938483404023195,0.9929998206723408,0.9929290539872473,0.9928821262604535,0.9924987280749843,0.9938331514766318,0.9930591474752299
61219.46502421308,0.9959262370676278,0.9958203206205778,0.9964593295213644,0.9947058190701993,0.9960073966544097,0.996737109408227,0.995677303658654,0.9961116097910392
61219.46510797788,0.9947288511066145,0.994246291348119,0.9945546703951567,0.9950847153924934,0.9955090764419728,0.9943263178297052,0.9948306074833075,0.9964470507858928
61219.465191742675,0.9947160348678894,0.9950820606735239,0.9945011723757542,0.9946211971922793,0.9946933235639759,0.9952956704634565,0.9957414150181917,0.9956076475088887
61219.46527550747,0.9958293876657366,0.9946780328986168,0.9951859916657626,0.9948851281724742,0.9954520745787787,0.9958843034717441,0.9959144978583561,0.9956551506448779
61219.46535927227,0.9948011799760431,0.9944809267180931,0.9946119588650223,0.9939914095454762,0.9939102216034399,0.9941133007878256,0.9952955487398246,0.9953337263828754
61219.465443037065,0.994523640573174,0.9941734459146838,0.9948012355163477,0.9957475795720229,0.9954444720197331,0.9948680927069163,0.9944095635643533,0.9943388163304485
61219.46552680184,0.9947475557800747,0.9942796961436124,0.9947061661410916,0.9949583000518138,0.9957051868592638,0.9958413811444445,0.9941798005942979,0.9944179842592487
61219.465610566636,0.9947754224776225,0.9949642591120673,0.9945659521979004,0.9942721464649755,0.9945380835586765,0.9953537598479889,0.9932081709829716,0.9945746888665092
61219.46569433143,0.9943406988703526,0.994853103737875,0.9952132630978421,0.9942660064919647,0.9937059745357912,0.9958907875190041,0.9968626981462073,0.9935997344748724
61219.46577809623,0.9956950809745612,0.9947168971616639,0.994658684464051,0.9956349216525796,0.9961503285516305,0.9976167616719374,0.9962888222293969,0.9957058031030765
61219.46586186103,0.9941462311346265,0.9945548585207501,0.9949846304799422,0.9943917777795312,0.9948013792478044,0.9943037262251784,0.993221659839281,0.994519401721481
61219.46594562582,0.9953845985459675,0.9950666707398853,0.9950033933534556,0.9955990311413578,0.9959703703811204,0.9961582744307964,0.9975840882501653,0.9973422156844637
61219.466029390605,0.995164957361058,0.9951589243588339,0.995217524286743,0.9948006663771197,0.9938901545468052,0.9944737587816476,0.994872074678882,0.9949513149942901
61219.4661131554,0.9959307155730709,0.9956985005844927,0.9953312180114959,0.9944125207571909,0.9947291967816314,0.9946928546477173,0.9948732406560986,0.9952762264057977
61219.4661969202,0.9949714402614828,0.9959533928311295,0.995478128756204,0.9944202727244094,0.9947589873772131,0.9953701435307105,0.9952254663495931,0.9995468770579066
61219.466280684996,0.9956961619291812,0.9959837043589995,0.9955034458167241,0.9953961412566855,0.9946745094831921,0.9968175190532246,0.9990662945116682,0.9981854680416764
61219.46636444979,0.9946813177098335,0.9947871369350678,0.9948800961444704,0.9958951625434935,0.9964307469478528,0.9961972695608265,0.996650353921168,0.9979815484005812
61219.46644821459,0.9954209550150116,0.9948371626004966,0.9956451799863728,0.9965839094678958,0.9959646215027155,0.9965768772733115,0.9938292560217553,0.9947295995096088
61219.466531979364,0.9949673736365675,0.9952900202996017,0.9944047184236562,0.9947223778122395,0.9954250197006768,0.9968615654860552,0.9953556937312515,0.9964493854002536
61219.46661574416,0.9941818578732178,0.9948190383666328,0.9959367239552271,0.9957904181629745,0.9955270351989366,0.9962744857133347,0.9960455247185447,0.9949657367403145
61219.46669950896,0.9960174671477204,0.9951481252651541,0.9950334845728975,0.9959844739719225,0.9957147705775351,0.9967747459053916,0.9964482075646973,0.9959553499264544
61219.466783273754,0.9948385985935864,0.9952471824467731,0.9951996580052282,0.9961861323376942,0.9970339436567075,0.9956531518009686,0.9959685940872748,0.9987486448060611
61219.46686703855,0.994030516545063,0.9946828814644704,0.9948210576066225,0.9950971762690426,0.9951109121297139,0.9952779176288044,0.9966234259841849,0.9962784938812237
61219.46695080333,0.9957277482654759,0.9955166953475513,0.9948683210502965,0.9951121371637065,0.9947560765034816,0.9944788406853644,0.9948877219567581,0.9940667472445244
61219.46703456813,0.9942131843671991,0.9944570353939782,0.9942137853434884,0.9938045172451992,0.9942708996036439,0.9950849640298197,0.9943073775938269,0.9946749269065935
61219.46711833293,0.9950735858377489,0.9955225889618372,0.9950596789890402,0.9950792785418213,0.9947195572703456,0.995878588750643,0.9954071890127474,0.9943060079859157
61219.46720209772,0.9939128487677104,0.9938960825093974,0.9935840949637776,0.9937136211234653,0.9933132037173414,0.9937341133597991,0.9934114038801996,0.9925579766967152
61219.46728586252,0.994496528504323,0.9953421870724656,0.9945653147442058,0.994703240624037,0.9946482390886887,0.9957881666293051,0.9956568700783963,0.9950391912756904
61219.46736962732,0.9954257254126355,0.995976169273564,0.9958464671010909,0.9952990661961071,0.995862127875228,0.9952200032432614,0.9943339639199413,0.9951385040865243
61219.4674533921,0.994783432295732,0.9952886134993514,0.9958599801023196,0.9961207409674259,0.9956424077139484,0.995136150277982,0.9968231923152318,0.993646529818393
61219.46753715689,0.9944069017122271,0.9951153692394696,0.9946935668677135,0.9952689302187883,0.9950974548546054,0.9946315120032809,0.9945992087358587,0.9953295461813062
61219.467620921685,0.9947075911846324,0.9938116634680758,0.993910634101256,0.9940525566181391,0.9942933547703708,0.9935052240051959,0.9932822722443816,0.9954593697947455
61219.46770468648,0.994889281618249,0.9949905981639235,0.9947382476621057,0.994727462729457,0.9947368740695025,0.9948090009033086,0.9944426831131001,0.9954333559542464
61219.46778845128,0.9949128454224374,0.9949698972279941,0.9946660102066135,0.9952841807512106,0.9943455435561769,0.9952371488409827,0.9969900900212837,0.9967899924956601
61219.467872216075,0.9956356350923419,0.9957859162183829,0.9953494550907371,0.9961277483645714,0.9959677246087426,0.9957299567536653,0.9953060657179474,0.9945925951049699
61219.46795598086,0.9949909604848753,0.9946421764771944,0.9946187388030598,0.9939225983648631,0.9939188903162727,0.9945802679002615,0.9936304347459262,0.9958451582542786
61219.468039745654,0.9948607116777421,0.994993259846481,0.9959112774361091,0.9960917853818626,0.9961565777073993,0.9973206287165335,0.9969761930729485,0.9952862645579768
61219.46812351045,0.9943345619829261,0.9945559310792499,0.9946521978254673,0.9951056621341628,0.9944912248655267,0.9942484406495933,0.9947254830456377,0.9947865559896271
61219.46820727525,0.9960694954721905,0.9964986976106697,0.9959571629361741,0.9960455520477588,0.9956245607120834,0.9953177217705567,0.9958717951360468,0.9978497230655204
61219.468291040044,0.9938703771309847,0.9938707466282999,0.9936619000234167,0.9939307916139448,0.9937188701612198,0.9928752840632868,0.9920302227259413,0.9940067198258207
61219.46837480484,0.995783831560364,0.9960132871485241,0.99630444706775,0.9964253723815132,0.9963010662297259,0.9986740393444501,0.9980309599281849,0.9957875118853731
61219.46845856962,0.9954398864214182,0.9960263102139719,0.9954485688587279,0.995614545996156,0.9955635792853245,0.9966495566009227,0.9968856716475951,0.9952281320720415
61219.46854233441,0.9942942654991869,0.9948853247094543,0.994971942652903,0.9954755099445517,0.9951529519971044,0.9949031728322295,0.9951034747900468,0.9958284940056056
61219.46862609921,0.9954790116281838,0.9952965816177513,0.9954509866721687,0.9957331014069563,0.9962816505988037,0.9967689482271193,0.996261551999687,0.9948640857723617
61219.468709864006,0.9947727122772622,0.9941833251474448,0.9935867851819884,0.9941116727518337,0.9947418954408117,0.9946061216102696,0.9952872934847589,0.9941025661110631
61219.4687936288,0.9952237087411913,0.9959934188654862,0.995204299278382,0.9958006133127921,0.9954578596381081,0.9961805686326689,0.9967651160810419,0.9990408579515928
61219.4688773936,0.9956996219904894,0.9952275042839177,0.9952554008212431,0.9942936456776392,0.9943885963203859,0.9964059541823669,0.99597492650272,0.9967420084935149
61219.46896115838,0.9944663250800768,0.9947631998350914,0.9949338125077932,0.995221314218059,0.994845705445303,0.9949182538243857,0.9960889072533012,0.997959338343597
61219.46904492318,0.9938634641599914,0.9950321956134279,0.9954374669271531,0.996320869738078,0.9946393030765954,0.9943690651580153,0.9957051265342902,0.9970451928651548
61219.469128687975,0.9948205423339732,0.9950284225018708,0.9952092118507667,0.9948084957796259,0.994254936207764,0.9953740714451889,0.995343882927533,0.9977203023775578
61219.46921245277,0.995830102033443,0.9958860390531407,0.9955218818929564,0.995041511714016,0.9950964805056879,0.9959470649945996,0.997020368267655,0.9953114815309451
61219.46929621757,0.9946705460407508,0.9957288113327252,0.9960080443662523,0.9954345647952952,0.9954753101714303,0.9958742020614912,0.9945437525411164,0.9953139674084265
61219.46937998236,0.9943470582527266,0.9938750948896072,0.9936130253674389,0.9935137968819729,0.9935900861889995,0.9936216695759988,0.9930890268625229,0.993893761069735
61219.46946374715,0.9952406610020651,0.9953671321324027,0.9937954165017676,0.995318870519095,0.9945819909704264,0.9954101138258749,0.9966713179869664,0.9957678653934956
61219.46954751194,0.9949956037425295,0.9945997491592182,0.9939082610621381,0.9941474565413448,0.9938366485386467,0.9944015614184666,0.9940317964921623,0.9935074375904569
61219.469631276734,0.9947591067112235,0.9952007506876445,0.9945146854875369,0.9953535312487463,0.9950476173216882,0.9963127607655554,0.9966038982523087,0.9940736235483132
61219.46971504153,0.9949489025828021,0.9944744490439137,0.9948583975125702,0.9943229512111367,0.9945020879345284,0.9950697025400721,0.9948205674648707,0.9940322055423005
61219.46979880633,0.9949466588272067,0.9945409733989382,0.9945270113611601,0.9949682931749517,0.9950360110221049,0.9950450546974181,0.9949744045214508,0.9955982120684409
61219.46988257111,0.9948409922683964,0.9948491868388804,0.9956156591144175,0.9944389162626535,0.9948598297005398,0.9949131274537125,0.9945971907770442,0.9975174610634759
61219.469966335906,0.9947772811050588,0.9936710374607878,0.9947067658959118,0.9944571795737805,0.9948542985839615,0.9958172501703908,0.9967016153253625,0.9965971822482409
61219.4700501007,0.9949619786638408,0.994651336661391,0.9949884683580217,0.9946572428222662,0.9946711627476682,0.9946542159705469,0.9949637781051155,0.9955570946907633
61219.4701338655,0.995251791841563,0.9948911393575952,0.9946074436232961,0.9948610088177243,0.9946257301577841,0.9947444951282294,0.9960352088885381,0.9964342709184828
61219.470217630296,0.9948123052531672,0.9946831192539198,0.9947007885790712,0.9952673408098729,0.9964444693243152,0.9966137195810726,0.9968058001626787,0.9968659436633188
61219.47030139509,0.9940840374398058,0.9942270474433726,0.994681552424381,0.995404792168172,0.9932071557366879,0.9932038499256829,0.9922650321272136,0.9929007971935427
61219.470385159875,0.9945013566446835,0.994698276744195,0.9961123228800369,0.9955854948574333,0.995511126412583,0.996969628079306,0.9968242884020012,0.997390166916096
61219.47046892467,0.9950125944102693,0.9953666673570527,0.9954982149597075,0.9944692632014929,0.9949618098632238,0.9940718571063598,0.993638343958046,0.9950223379955643
61219.47055268946,0.9947185156865539,0.9949795005804432,0.9955940588754741,0.9951094120372398,0.9953455887074959,0.9954074350503588,0.9957383868867185,0.9965132841046679
61219.47063645426,0.9944460854563538,0.994991380140375,0.994545546935888,0.9953665575021708,0.9952814728968077,0.9951744843804082,0.9957782172821124,0.994072664030225
61219.470720219055,0.9950053821305966,0.9953116559095634,0.9943829991181798,0.9947799333270612,0.9947776820947597,0.9946451949160781,0.9949059292705759,0.9958283507136907
61219.47080398385,0.9950968254350139,0.9947299755813768,0.9951798183368858,0.9944376991387744,0.9932495058470533,0.9942205287889008,0.9959321675271239,0.9947705560713717
61219.470887748634,0.9947292497433954,0.9944106119881088,0.9948797163918791,0.9942923811494654,0.9957546840547924,0.9955585605438677,0.9952755280245988,0.9939655559494422
61219.47097151343,0.9950970434270874,0.9951511605054693,0.994705876268808,0.9954422400717962,0.9941018768639845,0.9953963819037981,0.9944085602102748,0.99462709865928
61219.47105527823,0.9954858623535668,0.9946420341376552,0.9948334394205112,0.9953038907619892,0.9953807836173502,0.9948530753072892,0.9972949334008677,0.9967907948038552
61219.471139043024,0.9944601529642836,0.9944927235250691,0.9949624602251734,0.9951368154423912,0.9943731293132656,0.9957121635162409,0.9933512899133126,0.9955388737161985
61219.47122280782,0.9951796409680923,0.9947322013351731,0.9947760411706389,0.9950769860105672,0.9954497265382151,0.9956480596172566,0.9973790085404863,0.9956247373946489
61219.47130657262,0.995984306924547,0.9963744652646629,0.9964817689748403,0.9958262170920775,0.9959765177569048,0.9965745202855548,0.9961638025383771,0.9983825764139006
61219.4713903374,0.9948617489279974,0.9944279552479123,0.9945091447479837,0.9947604878868486,0.9955401117289882,0.995852614788597,0.9946013269278023,0.9935986112307466
61219.471474102196,0.9954359273357276,0.9951347161677478,0.9957785990667519,0.9961305181652425,0.9972741330915358,0.9965904413684885,0.9964642319100594,0.9975902004678128
61219.471557866986,0.9965104960857288,0.9955617700918554,0.9957315517559211,0.9951536571210591,0.9949060300361179,0.9958608158341395,0.9951645082424756,0.9976437267355106
61219.47164163178,0.993971162309572,0.9950298793103003,0.9952382691702867,0.9949996323775082,0.9941318113379161,0.9950088392302998,0.996013141235532,0.9968851521817192
61219.47172539658,0.9942500795918658,0.9947426400135566,0.9937501596110863,0.9947330882045474,0.9944959758943198,0.9952536429738862,0.9942232110852335,0.9950287904969086
61219.471809161376,0.9947833507142513,0.9951034747550477,0.9947800260853839,0.9954816499175623,0.9960135676999579,0.9955724024379872,0.9973548237183236,0.9982502925447129
61219.47189292616,0.9957819146604414,0.9956634066485832,0.9950457907679298,0.9950481401249944,0.9952246703668383,0.997243356143586,0.9972671200712439,0.9973360376203491
61219.471976690955,0.9954125984756088,0.9959573500485227,0.9957899266388037,0.9963057544692189,0.9959158039675459,0.9961531227187396,0.9964653886821927,0.9956812824086129
61219.47206045575,0.994865694769941,0.9955155530671803,0.9950508575629825,0.9948800943824017,0.9936367580600854,0.994428317616433,0.9949053121890664,0.9962274128125518
61219.47214422055,0.9950583568532183,0.995183524150718,0.9942105591600484,0.9951854939446143,0.9951736506982916,0.9958671205791563,0.9964480476689913,0.9957279299685076
61219.472227985345,0.994986526213547,0.9948506700436095,0.994786023965247,0.9949552602203965,0.9953435622375796,0.9952952387036544,0.997108620128584,0.9963067788827545
61219.472311750134,0.9948190571801987,0.9948917254222709,0.9940528461953447,0.9943691753622096,0.9952793253729569,0.9946668902484576,0.9949895369965207,0.9960847991462729
61219.472395514924,0.9946060407823506,0.9955489179897824,0.9947703495250342,0.9950407403394205,0.9948418394966042,0.9950389316453414,0.994104361868379,0.9943280141445152
61219.47247927972,0.994564979869542,0.994272206388531,0.9949487824986579,0.9953882088553194,0.9946669617027426,0.9956639637262447,0.9951599050189729,0.9950826455452163
61219.47256304451,0.9948890628315507,0.995346502254866,0.9953225696022664,0.9952955483507028,0.9947033602200834,0.9956603843753273,0.9945211782676002,0.9958296628627427
61219.47264680931,0.9944640214627456,0.995776462667718,0.9956302204981272,0.9965823473598829,0.9960235859274638,0.9971057101145951,0.9970009533832813,0.9973633510204558
61219.4727305741,0.9954099070813691,0.9955058973676393,0.9950345112868174,0.9950868828359755,0.9943148736288719,0.9943298103983367,0.9968082841714507,0.9959971287876905
61219.472814338886,0.9941371951910093,0.9945383639520959,0.9950177016793249,0.9945970103298427,0.9945785718730533,0.9935863145205791,0.9954790169595138,0.9946645557351478
61219.47289810368,0.994081621250626,0.9943089118352332,0.9944245094482896,0.9932991408046293,0.9934551399628574,0.9944383119234792,0.9950688848144768,0.9949363922643046
61219.47298186848,0.99606413837658,0.9957951430059007,0.9955413820503215,0.9953399502906174,0.9954362291935779,0.9949615015254895,0.9934716545596197,0.9956824038813595
61219.473065633276,0.9961417311056412,0.996117917402024,0.9958791251606094,0.9956878106985647,0.9949944634858005,0.9976445248313027,0.997978827109439,0.996998559855874
61219.47314939807,0.9938182889447787,0.9941673902471665,0.9949770117695874,0.9945938655140448,0.9940434382461311,0.9945055842126389,0.9936741565050486,0.9943935411891468
61219.47323316287,0.9950928650249486,0.9945913428845217,0.9955636584368188,0.9953298559059498,0.9953863189606722,0.9952305364133164,0.9951469251696766,0.9953426259811521
61219.47331692765,0.994393377992544,0.9945604361590793,0.9940626818427333,0.9943036988627628,0.9935518978993798,0.9949239345975954,0.9961440675216624,0.9972928794874468
61219.47340069245,0.9948953618224389,0.9950917870973273,0.9951327408448446,0.9952895679638777,0.9955800921578629,0.9960650265061031,0.994700598637145,0.9956254235509872
61219.47348445724,0.9939998344918046,0.994982760133616,0.9945190603258304,0.9952872622785521,0.9947653053443664,0.9950330938033666,0.9946216861855358,0.9931383724044782
61219.473568222034,0.9947009346125784,0.994759942286701,0.9946497847658434,0.9951262291450954,0.9945667723267559,0.9955009600567857,0.9954875371164207,0.9950453741478339
61219.47365198683,0.9942295231777177,0.9945439686549853,0.9943246639241415,0.9947988200915293,0.9958157097778234,0.9971967559686702,0.9977577240771851,0.9980719240345962
61219.47373575163,0.9952167915321989,0.9948678574872819,0.9941874317297529,0.9955844981262958,0.9954355030390402,0.9968427801095509,0.9959910251706063,0.9963196771162449
61219.47381951641,0.9950030144135303,0.9952607737566098,0.9953892454235214,0.9958986424158242,0.9948675308272446,0.9966103439175039,0.9968309890207779,0.9969883317865524
61219.47390328121,0.9956311981722641,0.995346365150036,0.9950485772785733,0.9954697782441309,0.9953147948520706,0.9963071058118688,0.9973374189513972,1.0012188049041113
61219.473987046,0.9951908902066872,0.9953358880466595,0.9953182853076038,0.995718983613805,0.9949310964849953,0.9955388939566047,0.9971550488640515,0.9967050041315283
61219.4740708108,0.9951240945747025,0.9944224840857957,0.9945508619244103,0.9960124526815501,0.995657401156724,0.9954520428187461,0.9958144099649617,0.9979009462873633
61219.4741545756,0.9947957328229537,0.9949421088299533,0.9950565573895745,0.9955273144001305,0.9954984397573543,0.9953662758617858,0.9950681095419064,0.9947752691417255
61219.474238340394,0.9952137907640322,0.9944460917332232,0.9947527202710466,0.9954200263200527,0.9952989227538509,0.9965213992466517,0.9980612647670192,0.9968764053016242
61219.474322105176,0.9945983543765398,0.9948095375922085,0.995160455266337,0.9954352972040569,0.9956610473147594,0.9957434419558553,0.9975811934219353,0.9974261276194881
61219.47440586997,0.9958122348945352,0.995760613082062,0.994895384862182,0.9961194228302068,0.9967451131955194,0.9967913110419836,0.9971741003180998,0.9949296266717081
61219.47448963476,0.9955376773212747,0.9964411620309601,0.9966471986006401,0.996520089636861,0.9958722723978303,0.9957922630878924,0.9964116166767635,0.9956249649535968
61219.47457339956,0.9930665256649628,0.9942888197962214,0.9938222941409127,0.9943687566656385,0.9944187360449829,0.9951949635654382,0.9942483665322898,0.9936697133747072
61219.474657164355,0.9955048700439556,0.9947859981073772,0.9950633482724468,0.9949994948802348,0.9956568643602961,0.9963806670674478,0.9980094718544971,0.9981353845757429
61219.47474092915,0.9955124812252841,0.9946819660586231,0.9947187322483049,0.9950652602728698,0.9946385625511297,0.9948006903638625,0.9959503519986979,0.995739524846578
61219.474824693934,0.9938558233126698,0.994129939578354,0.9939697066896999,0.9940096455557005,0.9944294222670356,0.9948818643145564,0.9951172336621326,0.9957399827480696
61219.47490845873,0.9940032876663647,0.9934861291550652,0.9932887388758989,0.9935222465113497,0.9931771238785858,0.9951302416713883,0.9964485532667142,0.9963666588341499
61219.47499222353,0.9941112951898723,0.9948820111385376,0.9946030239001257,0.9940738346934912,0.995081927320518,0.9953244102223742,0.993482659407157,0.9931344820764425
61219.475075988325,0.9951198650517008,0.994907320957466,0.9940867535137512,0.9943582309267087,0.9945656231597261,0.9947833848285403,0.9952214710025165,0.9964706027257917
61219.47515975312,0.9945241210563106,0.9942703696738665,0.9941969472130938,0.9933899790980876,0.9946488495995236,0.9946774418268761,0.9938613125538467,0.9946892997499025
61219.47524351791,0.9941850236584706,0.9932539567714529,0.9940511151426307,0.99394699221778,0.9948226309761147,0.9946262907219536,0.9946631561085422,0.9939512244172237
61219.4753272827,0.9951525670412326,0.9945935488132494,0.9942682667396879,0.9943050874859487,0.9937412573619109,0.995113459459547,0.993207769709526,0.9933262712503506
61219.47541104749,0.994688848369181,0.9948478230300714,0.9943707457679043,0.9944595420946217,0.9960474879930344,0.9948742176715503,0.9951278392817982,0.9954031405291021
61219.475494812286,0.994998850844388,0.9948113907906381,0.9951982672373688,0.9958165878155152,0.9950891832865945,0.9969850633726949,0.9963453274627051,0.9972009736982264
61219.47557857708,0.9957280899541453,0.995377006910092,0.9953424600148414,0.994694063053319,0.9943739127824457,0.9946391541039635,0.9961457087539201,0.9963746436416601
61219.47566234188,0.9944703180697594,0.9941953215416307,0.994135299824694,0.9944023303229836,0.9947407273379708,0.9948586341549734,0.995307958555815,0.9943063883263091
61219.47574610666,0.9941284590858213,0.9946224597779691,0.9938943509513586,0.9940852717861903,0.9946280166569621,0.9955736986736722,0.9957225718717689,0.9963347015740005
61219.47582987146,0.9946548084963402,0.9945870974239926,0.9949184710558789,0.9945916141823347,0.9953539040645698,0.9968533383819199,0.9963165626002124,0.9978604854586881
61219.475913636255,0.9955675304484163,0.9934887944016798,0.994046515769399,0.9944710685357295,0.9957173693485247,0.9942039335295318,0.9966640135829116,0.9955765732812095
61219.47599740105,0.9947260810445182,0.9948868138171533,0.9944150793125472,0.9955550652713159,0.9954167307184825,0.9968835498536512,0.9964526679389447,0.9967699369417428
61219.47608116585,0.9948297263426805,0.9945756055666712,0.9951666211881035,0.9951281655236648,0.9951928465385506,0.9960569830074648,0.995689323451856,0.9943799256103933
61219.476164930646,0.9959908326483818,0.996276683681434,0.9965223288732104,0.9953326319113713,0.9944188762037983,0.9937257270352716,0.9939909934263008,0.9942093758409983
61219.47624869543,0.9952123758021161,0.9954371722072197,0.995134103089802,0.9957480144009454,0.9948602789188418,0.9951231551685906,0.9967202709608293,0.9962427637101658
61219.47633246022,0.9949199340055144,0.9947929206204607,0.9952863119082883,0.9953620620362611,0.9955290219374637,0.9967250215681872,0.9973826585264751,0.9963606906151926
61219.476416225014,0.9955873727597329,0.9956197716720595,0.995818200905164,0.9955382613175316,0.9962634948755914,0.9949023169628545,0.9971335226063144,1.0002598424595244
61219.47649998981,0.9962146932910454,0.9958743218805705,0.9960220966493266,0.995926490825689,0.9957904818673433,0.9968046370237814,0.9977703282227116,0.9969346088957769
61219.47658375461,0.9952432114828382,0.995533655471193,0.9957377391251411,0.9954163436764724,0.9954094091533464,0.9944155467543806,0.9950845464113715,0.9971831216133545
61219.476667519404,0.993904762400744,0.9950798429388565,0.9943542637315699,0.9948969576536018,0.9945373237592603,0.9954965310523045,0.9952594048098237,0.9954083818500022
61219.476751284186,0.9948971796591348,0.995505703349269,0.9951205453142504,0.9956136877550519,0.9959361750115749,0.995521557103157,0.995171702185531,0.994565911050544
61219.47683504898,0.9946941694418002,0.995284969584872,0.9951659720156972,0.9944884453120898,0.9961329250196965,0.9948106782160281,0.9955430028571755,0.9948734824322605
61219.47691881378,0.9946281030105184,0.9953694749432067,0.9957215765895311,0.9953107023372055,0.9950898052941719,0.9963112849885575,0.9959560652870597,0.995858253743482
61219.47700257858,0.995590041639603,0.9959969284595553,0.9949258097332458,0.9951148871091755,0.9957603568518137,0.9960397695139608,0.9949711012602659,0.9956745508517999
61219.47708634337,0.9949758716191867,0.9954044263168234,0.9957062636605186,0.9954124341872098,0.9950623130326499,0.9949683759735007,0.9956941680530985,0.9953240531347863
61219.47717010817,0.9968938265386288,0.9968674172720976,0.996266426702647,0.9961090373186406,0.995189992472252,0.9967340878068215,0.9979878494547789,0.9957417494456453
61219.47725387295,0.9943989663239752,0.9945870504229868,0.9934243381894222,0.9933876165772465,0.9935405348911538,0.9936617565371563,0.9938383363250268,0.996417816641494
61219.47733763774,0.9930709612606659,0.9934554174503843,0.9941161620629604,0.9941844353658231,0.9934163913761159,0.9948382422303684,0.9939315701815897,0.9957816884766553
61219.47742140254,0.9946694285333896,0.9945238820734364,0.9956562265304516,0.9952657521455274,0.993956502923424,0.9948164522264042,0.9940758554300764,0.9959837853686797
61219.477505167335,0.9951294919313037,0.9948836125140422,0.9947569270674365,0.9956022372600914,0.9951964827214713,0.9944138249747049,0.994642041011192,0.9926450611716676
61219.47758893213,0.9955495110064192,0.9951243748326801,0.9954090718253976,0.995396993541229,0.996199388363739,0.9959160471409125,0.9974892636188385,0.9973905136635505
61219.47767269693,0.994347628528467,0.9944978696897089,0.9949526737742632,0.9947773846637018,0.9952483095289617,0.9955044339779837,0.9958556954453734,0.9962208897723619
61219.47775646171,0.9953603736139351,0.9950148794181847,0.9952163041035266,0.9940435475684477,0.9940140679579256,0.9943894876835366,0.9942685918049219,0.9947699873321607
61219.47784022651,0.9937559644017389,0.9952677550766391,0.9954695435837961,0.9950990761636785,0.9945960773540413,0.9938894883164764,0.9934440907900316,0.9943220589578466
61219.477923991304,0.9953893466940968,0.995231186734767,0.9948765254751282,0.9943934272504327,0.994763485984883,0.9965685700808408,0.9952928366495443,0.9956485365684561
61219.4780077561,0.9953313695434058,0.9949996849508148,0.9948161431548218,0.9947050303223021,0.9952734539189898,0.9948327649054375,0.9959018050712868,0.9949530753022486
61219.4780915209,0.9948784233350618,0.9949880232438866,0.9944790515385716,0.9947760230932285,0.9937849275688143,0.9948933140776794,0.9954637709550832,0.9935812203370704
61219.47817528569,0.9949142776012244,0.9935227002813571,0.9944260923587994,0.9938565736136528,0.9947822941482257,0.9949413297840393,0.9937662213160335,0.9944393765084708
61219.47825905047,0.9947077609694671,0.9947755985222475,0.99501362710538,0.994432175173404,0.9946232106805031,0.9948717349331536,0.9964792440371886,0.9959071183108195
61219.478342815266,0.9968917660764901,0.9958859624259082,0.9949312827032681,0.994471614801973,0.9948651111011106,0.9952493925544394,0.9947871185786996,0.9969037295830598
61219.47842658006,0.994858585791494,0.9950907450560683,0.9949917843112153,0.9950828700996628,0.9954195895187338,0.993300703498956,0.9941905528134382,0.9939946354144893
61219.47851034486,0.9954021491593251,0.995615811447493,0.9948894788525965,0.9950786694835018,0.9954176203634598,0.9955368903138022,0.9945463984911684,0.9940052773538796
61219.478594109656,0.9954763787713051,0.9956230262132769,0.9956774022424809,0.9954047216822052,0.9947628577217252,0.9963546089528822,0.9961724481571601,0.9966503115372348
61219.47867787444,0.9944835432753879,0.9944123088135234,0.9944527486690689,0.9950378404871768,0.9946202069874835,0.9931994847528004,0.9936806181325887,0.9945371769411535
61219.478761639235,0.9951641350568147,0.9954320560029367,0.9958086756930814,0.9957258957059812,0.9963144700787963,0.9970031451671962,0.9961701813201679,0.9984652672361048
61219.47884540403,0.9947174432079319,0.9945119911530719,0.9945131868190867,0.9954708735067079,0.9955551570761741,0.9953760138861588,0.9942153584673294,0.9937598601845037
61219.47892916883,0.9942961543223662,0.9944257154606402,0.994147456440321,0.993675405816286,0.9936421615290093,0.9931117299316352,0.9935017500680414,0.9944379768659452
61219.479012933625,0.9951441241526001,0.9944067486613505,0.9944262882602817,0.9946164614784259,0.9944998776858038,0.9951560360921213,0.9961550638459743,0.9964857799649927
61219.47909669842,0.9952653020526243,0.995603245249643,0.994858733817485,0.995180226359539,0.9956667762429346,0.9955536127582292,0.9956947793388147,0.9960567692865927
61219.4791804632,0.9950133440063424,0.9951782350896551,0.9956822628545403,0.9964029196227762,0.9952524527520359,0.9949663149539806,0.9948616200907681,0.9964506539607274
61219.47926422799,0.9966312544238521,0.9965070812758776,0.9957447005926562,0.9947247050900972,0.9951417467309467,0.9951990160352084,0.9977985629405927,0.9963669623726076
61219.47934799279,0.9941484248288588,0.9943729454710748,0.993712310051734,0.9946053894732524,0.9933921217529281,0.9943874661105098,0.9942280792105775,0.992866018316313
61219.47943175759,0.9952553652693447,0.995095738745881,0.9954527034634317,0.9956801709132372,0.9950092362925639,0.9968021870379278,0.9964453420563623,0.9969254831303501
61219.479515522384,0.9949568962435403,0.9948292301226699,0.9961477966364244,0.9947754691330943,0.9945282915464841,0.9937034180110803,0.9948166788285744,0.996194523047845
61219.47959928718,0.9955450070729822,0.9946346102062574,0.9955936895149481,0.9953755089717767,0.9955671425991868,0.995856115963736,0.9970202339416248,0.9956079188462054
61219.47968305196,0.9951221416517886,0.9952168546578916,0.9957219396484858,0.9952808671661962,0.9955223088543256,0.9955011907590056,0.9948309698908459,0.9975465829783575
61219.47976681676,0.9949290761639815,0.9946708225879047,0.9951920170735428,0.9950336182784837,0.99466469785891,0.9963484285240877,0.9987122441661082,0.9975549085865496
61219.479850581556,0.995491074959899,0.9960011444052347,0.9954048068776647,0.9953573183803268,0.9952863929953418,0.9954573822004844,0.9973425185675395,0.9969680159664379
61219.47993434635,0.9950573905894463,0.9953254573874051,0.9958063820316522,0.9957222502909046,0.9951037875308263,0.9946967696524341,0.9960400623539348,0.9969325959132458
61219.48001811115,0.9946087626372082,0.9948920829417707,0.9942797820322347,0.9940989614515499,0.9945122934913073,0.9946969348495677,0.9956979237270807,0.9954725684035167
61219.48010187594,0.9950343287232645,0.9947984802157497,0.9940794180424468,0.9944166178781116,0.9948704273300483,0.9949186069302702,0.9964654544814918,0.9966347273869544
61219.48018564072,0.9938978616139976,0.9942862820760328,0.9945564485438252,0.9944682955085882,0.9931380388430596,0.994742508937512,0.9945086760598479,0.9951518473157442
61219.48026940552,0.9941587009169335,0.9938468111989757,0.9945864792902929,0.9956660948160099,0.9949537501395983,0.9921431578603169,0.9945691476612672,0.9957054130833618
61219.480353170315,0.9953928049012806,0.9944865681753237,0.9960031302461132,0.9955061604197906,0.9957249830661733,0.9972179989812572,0.9980385987835991,0.9966316129862182
61219.48043693511,0.994734576643263,0.9950373877766826,0.9948981401966305,0.9956900248017714,0.9953446495250843,0.9950203910761666,0.9948232526217592,0.9955975112349617
61219.48052069991,0.9949108074746684,0.9956387989489469,0.9958423496322389,0.9943693972440912,0.994516960661509,0.9956842382676477,0.9954378078472005,0.9954044969626308
61219.480604464705,0.9949101084697085,0.995661272001002,0.9960229432709695,0.9953724398539364,0.9944247310889307,0.9967524782402511,0.9953615546418749,0.9971038747949219
61219.48068822949,0.9944323413607228,0.9941554247043518,0.9943725052329666,0.9950400133908395,0.9945765252838379,0.9942219935686943,0.993310962102492,0.9923007637242705
61219.480771994284,0.9938114037856538,0.9947163657829928,0.9951237288238911,0.9941683928590336,0.9947242053356664,0.9948978922616272,0.9945603598750866,0.9943819471967656
61219.48085575908,0.9945654283028111,0.9953855408225913,0.9954592133183311,0.9957086643689752,0.9949487749243284,0.9948557720130298,0.9959035833570067,0.9969068945313633
61219.48093952388,0.9954212302200715,0.995513046086986,0.9948821314414729,0.9954409415415892,0.9952924431560253,0.9958815108990708,0.9950391769423403,0.9954857973787864
61219.48102328867,0.9952556025972886,0.994804040702053,0.9953600123233259,0.9962200892004368,0.9969528525677392,0.9968841850617322,0.9969755763323681,0.9974851994424427
61219.481107053456,0.9953765108546263,0.9943811298832032,0.9944314253676046,0.994367207711697,0.9939171801758419,0.9956589886866649,0.9955310580683556,0.9968305870001922
61219.481190818246,0.9944191113873454,0.9943485842482775,0.9950719980083228,0.994706469824443,0.994503543624999,0.9958728745076814,0.9951630531574579,0.9949497544725863
61219.48127458304,0.99420705754502,0.994358585438625,0.994414154971524,0.9943122413152088,0.9948810073763034,0.9958530761930365,0.9960761408255657,0.9962802355897018
61219.48135834784,0.9948198261121423,0.995190961335954,0.9944799529949409,0.9950762409441142,0.9946631165496219,0.99449756223027,0.9939233012893636,0.9971052460953821
61219.481442112636,0.99546629577706,0.9951668322223898,0.9952694902504223,0.996148438229566,0.9954828679269945,0.9969093478604292,0.998036749925574,0.9973701580506702
61219.48152587743,0.9968140019733444,0.9960471605061785,0.9960063124291072,0.9964982176427809,0.9971572396251335,0.9967909794523682,0.996741655733027,0.9974967951429394
61219.481609642215,0.9944178097919025,0.9951637107764381,0.9950509896748738,0.994886290446358,0.9951155727061957,0.9958712466823809,0.9964769451528693,0.9956019216525472
61219.48169340701,0.9954516309761462,0.9952476619238594,0.995195162884309,0.9953613899376753,0.9949995166422207,0.9960347858678734,0.9953178008354256,0.9953330879905085
61219.48177717181,0.9953818872861074,0.9948026258826737,0.9950415464937731,0.994649228021812,0.9960022303903325,0.9960899528649084,0.9949856360867801,0.99433690387368
61219.481860936605,0.9940407672051436,0.9940314709117,0.9946964647061182,0.9943009012648092,0.9936783233487125,0.9944493555072536,0.9936751840650869,0.9929645693076165
61219.481944701394,0.9961413872979724,0.9958925290901438,0.9956765775105071,0.9949263133214841,0.9947243030579768,0.9940958761958137,0.9953901129013872,0.995316711780726
61219.48202846619,0.9949698719369778,0.9954508394760281,0.9947931404293072,0.9950017608551566,0.9955802627492315,0.9948938436169716,0.9960360400734664,0.995544190953345
61219.48211223097,0.9949814056512556,0.9951947866832264,0.9946815433589625,0.9950255766735068,0.9939534282211133,0.9953710092019415,0.9939425351404325,0.9961231860696296
61219.48219599577,0.9953288574694987,0.9936010362564708,0.99417967217375,0.9941570783722065,0.9931271079770917,0.9940535907500826,0.9938781060350569,0.99493780727987
61219.48227976057,0.9957383162457317,0.9947367952936821,0.9951785645452885,0.9952356030141374,0.9954800150441843,0.995420084465025,0.9959523280232441,0.9938077467607996
61219.48236352536,0.9935362914318369,0.9938263028335181,0.9940287215690164,0.9948409513409117,0.9942980995435837,0.994581818027923,0.9955883467565309,0.993869217790188
61219.48244729016,0.994192275404509,0.9947436399543884,0.9943063880404869,0.9951856093529756,0.995151645088006,0.9946678728247513,0.9941735823900713,0.9947903297229614
61219.48253105496,0.9951840363028049,0.9942413472209783,0.9944893965077033,0.9948275686866122,0.9951302714604126,0.9947118040260069,0.9933485154330233,0.9953491717329523
61219.48261481974,0.9945547890711972,0.9946168840330455,0.9948359520891844,0.9947017236866086,0.9947512027300563,0.9941295864519876,0.9937169775297245,0.9948878462288834
61219.482698584536,0.9960520733231775,0.9959475125820585,0.9957378945639018,0.9964144629408058,0.9963857865697556,0.998269890175309,0.9990244727499226,0.9990964907685954
61219.48278234933,0.9940553459217026,0.9937924928492581,0.9942659201229483,0.9947915538321882,0.9952443767977153,0.9953874758418344,0.994863271209967,0.9960505970427237
61219.48286611412,0.9940138116773807,0.9948840849743907,0.9951146393046649,0.9949423007300885,0.9957435776944332,0.9965668071811837,0.995454194600101,0.9952190292712791
61219.48294987892,0.994815102597382,0.9949319479252872,0.994528820686024,0.9941698623921673,0.9947892621885333,0.9952645443112141,0.9946312216290368,0.9942677677707049
61219.483033643715,0.9954501585363688,0.9957044628068821,0.9959110419563363,0.9959904779368,0.9956075565228776,0.9959473389684276,0.9970797277586413,0.9969379394047606
61219.4831174085,0.9958030090355877,0.9949724308272415,0.9945385162616417,0.9939262020840158,0.9936357170976897,0.9954861188514964,0.9941633790666384,0.9953879712611069
61219.483201173294,0.9947390673329533,0.9946294542404598,0.9947707273982094,0.9952292069090215,0.9951105283414018,0.9953622943957042,0.9947303941280372,0.9966825371613145
61219.48328493809,0.9949239889759324,0.9948349800608953,0.9957397282106202,0.9958545412822188,0.9957187457452865,0.9960980702360707,0.9955050322295351,0.9975357253103009
61219.48336870289,0.9934055322106992,0.9946786450254615,0.9946292767992729,0.9958321235182754,0.9953600032554781,0.995345222192368,0.994815778775986,0.9968913268928663
61219.483452467684,0.9959229830790209,0.9944993665937832,0.9958921626695834,0.995181955499438,0.9950897919376622,0.9950577899380914,0.9949096239182651,0.9943211675113258
61219.48353623248,0.9948040620802379,0.9946960314994601,0.9949246074597584,0.9944816655051965,0.9947034929398302,0.9954042810043628,0.9937598674220607,0.9945333298221144
61219.48361999726,0.9947226260158337,0.9935564771867101,0.9938563124554186,0.9931610386920864,0.9944147647658356,0.9944124785343921,0.9943209472503118,0.9919176118359674
61219.48370376206,0.9943253136096089,0.9951298579121134,0.9947896588663957,0.9943970855713905,0.9944042814274721,0.995400141752307,0.9974531762830533,0.9960424380074284
61219.48378752685,0.9943358484804975,0.9936934071551805,0.9938691306254869,0.9949793085927996,0.9945890834460634,0.9943158570977566,0.9951005690520883,0.9947207118681407
61219.483871291646,0.9946455842266424,0.9948633494002792,0.9951800330325284,0.9947953963101442,0.9954867480775517,0.9962281042871558,0.9955485964794545,0.9967734485742371
61219.48395505644,0.994877872130317,0.9953144419999965,0.9950466382740036,0.9953053799021347,0.9963116907413231,0.995615264519733,0.9965502537543293,0.9963135660482176
61219.48403882123,0.9939170968319578,0.9950229694941709,0.9956209365146192,0.9964806773091948,0.9944612947874086,0.9955303919223628,0.9968250551513462,0.9962538359048814
61219.48412258602,0.9940688762632592,0.9951411213356361,0.9946165361274772,0.9944156985822618,0.9944669410404806,0.995667692495698,0.9948467167199934,0.996642485394679
61219.48420635082,0.9950745992492596,0.9949659514824104,0.9951200499222966,0.994151064479728,0.9940207293057228,0.9956066984148227,0.9950012891604495,0.9958185297452395
61219.484290115615,0.9946215513289397,0.9950454600323824,0.9942749563552026,0.994874332650988,0.9954331610849873,0.995107970420203,0.9954426408568564,0.9958218389976743
61219.48437388041,0.9947886940363652,0.9947383696046264,0.9952897816419344,0.995059613205247,0.9957484144415851,0.9950694003560244,0.995335522666332,0.9953414943229756
61219.48445764521,0.9947859856901293,0.9952270706940693,0.9948972967810502,0.9945402969237733,0.9939363239426207,0.9952323437799298,0.9961692604709098,0.9953084787903543
61219.48454140999,0.995856167316541,0.9958868416342984,0.994828022611862,0.9962858585641122,0.9959797174017541,0.997162810467953,0.9966861651044544,0.9977345903844618
61219.48462517478,0.9943190588528351,0.9947821998246649,0.9950231212518211,0.9950044822587727,0.9940011484936634,0.9938560419932048,0.994074321249528,0.9961542604870993
61219.48470893958,0.995380681840267,0.9954557560931011,0.9946844267148085,0.9947735052054323,0.9950671913709581,0.9946834757059704,0.9960470834459817,0.9964485136919567
61219.484792704374,0.9944318984898274,0.9946792084806484,0.9953018114522566,0.9953861563238187,0.9951223410751391,0.9963496939197867,0.9957243106097236,0.9943890923705931
61219.48487646917,0.994278754422848,0.9932618353429126,0.994608501623965,0.9950431254455538,0.9949992939773719,0.9952525411018333,0.9941365196563865,0.9944980238330822
61219.48496023397,0.9942282289987732,0.9949286889289983,0.9946342004270461,0.9961973557387824,0.995720068208801,0.996336994539562,0.996886816146284,0.9970401775216141
61219.48504399875,0.9950285708718735,0.9952862496383339,0.9942501570185208,0.9948859998158396,0.9946170516389065,0.9952110185273804,0.9938192882802688,0.9946636089330309
61219.485127763546,0.9954794860191967,0.9956595373074782,0.9955591964820646,0.9961053847060534,0.9967596821041752,0.9972825257944664,0.9979231677210062,0.9963861195210149
61219.48521152834,0.9944478121760713,0.994752316763311,0.9940783876802491,0.9942343451387567,0.9940464534358929,0.9959273491589871,0.9957155521434381,0.9959239522323028
61219.48529529314,0.9949012534356734,0.9948520804079172,0.9946413761479883,0.9954113987384284,0.995772306701111,0.9951689869736261,0.995105741627039,0.9928875226685254
61219.48537905794,0.9951707734849353,0.9952090180754823,0.995463488768683,0.996876234876009,0.9954757524578728,0.995971539272682,0.9963449776695401,0.9966241166997521
61219.48546282273,0.994194497572797,0.9942791649876949,0.9941821597466914,0.9936287805901338,0.9942973872527645,0.9943838054759089,0.9929594220172381,0.9938232350668194
61219.48554658751,0.9940590626468255,0.9945390704150828,0.9947735307130433,0.9942552722734145,0.9945687167978476,0.9958436224224868,0.9964278663762014,0.9968900438450422
61219.485630352305,0.9953601386698655,0.9950861788303805,0.9942310829358245,0.9934546291247536,0.9943916924945537,0.9934883354073569,0.9950533756128499,0.9957506668209763
61219.4857141171,0.9936782050663419,0.9940352745404981,0.9949628765711002,0.994920322510678,0.9955630712307527,0.995768655915459,0.9952003323810645,0.9957940499822852
61219.4857978819,0.9952812030248712,0.9947354640068962,0.9950963608782709,0.9951492425650971,0.9947297790578196,0.9948775034449276,0.995374943265055,0.9956583318519109
61219.485881646695,0.9963839952589612,0.9958977474269444,0.9951460994022974,0.9952891748308792,0.994656037768634,0.9958231559081485,0.9960687627808447,0.9956656785833718
61219.48596541149,0.9948592450652133,0.9961230312673944,0.9960840772471325,0.9955741729249056,0.9952224411823025,0.9956372419543089,0.9959008709257975,0.9924578057159819
61219.486049176274,0.9946834401527075,0.9947515328934542,0.9933207504163042,0.993415481119463,0.9948027204780601,0.9947292357901085,0.993965087935421,0.9958372970637225
61219.48613294107,0.9951666970596473,0.9954513796534656,0.995814282654411,0.9954935121597731,0.9948996528945553,0.9958072972223955,0.9962344092774271,0.9952211279759049
61219.48621670587,0.9952646417194052,0.9952538907822871,0.9952437063208507,0.9946952424523143,0.9953207658881152,0.9947606548026816,0.9959425968864909,0.9970222092848856
61219.486300470664,0.994193851675262,0.9948720988268698,0.9941979608816552,0.9936889895045051,0.9942431023403091,0.9942518273103662,0.9956044474699913,0.9968863448259468
61219.48638423546,0.9940582825901345,0.993732966409405,0.9938090062273917,0.9936787067436089,0.9942482454418319,0.9932233011111843,0.9946045268874971,0.9959646921164463
61219.48646800025,0.9949544848221095,0.994330406553554,0.9941959297857003,0.9939958427156899,0.9936626101760495,0.994923258508603,0.994852910377331,0.9975133882201316
61219.48655176503,0.9954221646988509,0.9961234664165178,0.9956558143855725,0.9953939040718066,0.9961206825106774,0.9963385439500144,0.9955233288667537,0.9958450071809487
61219.48663552983,0.995920461734491,0.9958444763531952,0.9960344469553583,0.9957566221273677,0.9948251122436342,0.9964168108136687,0.9958938065357662,0.9949351423665747
61219.486719294626,0.9945589862794565,0.9933507854148558,0.9940213949420229,0.9936751851753544,0.9950034147141704,0.9949431204157766,0.9942904412633612,0.9960824699093128
61219.48680305942,0.9958426404183588,0.9967129867797944,0.9960056217989945,0.9958450986445551,0.9964366904255296,0.9975537020292186,0.9983253845172012,0.9973077657143707
61219.48688682422,0.9947172885209685,0.9952149553494704,0.994662861742554,0.9951041375028438,0.9958265072477657,0.9953553809793386,0.9960867467861604,0.996347758535709
61219.48697058901,0.995409682732297,0.995383450502973,0.9955572197786207,0.9955683667674774,0.9963094923274803,0.9956465757118904,0.9965394009611309,0.9963227473590314
61219.4870543538,0.9948412499917106,0.99518904164558,0.9961732552059157,0.9962555836003799,0.9963809902302717,0.9955645886852903,0.9985113715204217,0.9981263669909669
61219.487138118595,0.9953766080637284,0.9953778760945708,0.9957509926564042,0.9961548015735986,0.9957744352891507,0.9967353178202111,0.9972086265399449,0.9999749667457133
61219.48722188339,0.9955732186376985,0.9958592870161423,0.9964920957025812,0.9965061004061423,0.9956038084157882,0.9970736556548716,0.9966424075477861,0.9979154727345437
61219.48730564818,0.9957269803930323,0.9954057357737582,0.9957659640844692,0.9961260308896034,0.9971287503593486,0.9973768311242563,0.9977283227002293,0.9979108646816639
61219.48738941298,0.9951827442428599,0.9944153159868874,0.994730819214985,0.9949532692400217,0.9951596625441962,0.9948611111556984,0.9957241074160332,0.9956135129878596
61219.48747317776,0.995019870524802,0.9949830028236442,0.9944388265079159,0.9945934212539014,0.9948778011377342,0.9963633433628315,0.9956522781055508,0.9973941885159742
61219.48755694256,0.9948145912563152,0.9937580546998955,0.9946043713308627,0.9950766899198681,0.9948346364493567,0.9943565106540032,0.9953495941703207,0.9958958348158854
61219.48764070735,0.9941996761426998,0.9945881346760496,0.9954588016156675,0.9953440935748828,0.9952988769359511,0.9951567941820064,0.9948963443923683,0.9962684047386328
61219.48772447215,0.9934899189819069,0.9949478147743459,0.9944392429643965,0.9939759527671437,0.9933121695177356,0.993456874318524,0.9942175492771523,0.9947603114270032
61219.48780823695,0.994688257830508,0.9948387077307217,0.995177421418129,0.9951514718078953,0.994802797573862,0.9942007120658924,0.9931089377986073,0.9948754752969863
61219.48789200174,0.9946026466749017,0.9948811094320357,0.9951853911370653,0.994907536753387,0.9956169556169916,0.99708972711262,0.9940856775948753,0.9973424775322496
61219.487975766526,0.9955814549238797,0.9947230449377874,0.9955341834447253,0.995196039786936,0.9962363860642421,0.9961139090790422,0.9962883462924977,0.9956152986012334
61219.48805953132,0.995140752824396,0.9944945359595929,0.9945493076473567,0.9951017729964825,0.9951023347145413,0.9959968075010982,0.9957167634642132,0.9954319766193166
61219.48814329611,0.9939430770902008,0.9938676639414715,0.9946368965046126,0.9953797329178,0.9954248245941956,0.9955306121055176,0.996372279946577,0.9975123395004541
61219.48822706091,0.9959972624874892,0.9958404802653018,0.9949814374626677,0.9954514737334597,0.9956058216982646,0.9960216485120356,0.9963563350376744,0.9979341757772718
61219.488310825705,0.9952471189179158,0.9954298952931865,0.9949011306791898,0.9955721040128631,0.9961272988859236,0.9952738587041534,0.9954495695571415,0.9961048588755838
61219.4883945905,0.9952782253008242,0.9947604787887044,0.995063176692819,0.9954169053304973,0.9950738723308453,0.9951278148752916,0.9951779923257787,0.9951045258726376
61219.488478355284,0.9960470817549807,0.9962237245740769,0.9958013333674364,0.9953829459858544,0.9948422102665464,0.9956052733205925,0.9960185517789322,0.9942660583266314
61219.48856212008,0.9949603247847312,0.9946061029824057,0.9939813621645713,0.9940923566186235,0.993419977683463,0.9950458431491497,0.9944283300017486,0.9944912633015688
61219.48864588488,0.9942938504401598,0.9941627213320772,0.9942897694701058,0.9944953159565321,0.9947577107315985,0.9941101147064955,0.9949428777930421,0.9972756511810645
61219.488729649674,0.9945122827358547,0.994833687310479,0.9958111131851136,0.9953610250983395,0.9949384427343135,0.9961397843053196,0.9948858236640264,0.9959028261327871
61219.48881341447,0.9951322415980297,0.9943977099892332,0.9945745126062383,0.9948294591500272,0.9950309054540648,0.9942418545195891,0.9935159763538008,0.994277576023185
61219.48889717927,0.9949747231214578,0.9949223713032681,0.9949947948040277,0.9945821700555306,0.9946247879321174,0.9953272534778148,0.9949585247299894,0.9957946599693231
61219.48898094405,0.9945460609122573,0.9951751941691234,0.9944632584740415,0.9956422171983436,0.9959786825258691,0.9967492369338301,0.9965068950846034,0.9960813948087397
61219.48906470884,0.994046425993308,0.9944793723435943,0.9945669804595746,0.9940601167344689,0.9938857604242354,0.9932984662850978,0.9954035325491074,0.994975839104985
61219.489148473636,0.9940010934423825,0.9952883220262887,0.9937992864404733,0.9940366243077202,0.9946105238562047,0.9946589055609552,0.9931961733501552,0.9945032128350361
61219.48923223843,0.9946573131537491,0.9943612933425506,0.9943252983928813,0.9939195535696452,0.9937681617679432,0.9946444227210831,0.9939956668811799,0.9953970900675446
61219.48931600323,0.9945370956902483,0.9947855417966633,0.9946664024517936,0.9945169037730345,0.9944739557440366,0.9959181963771365,0.9950730206243058,0.9964159565036719
61219.48939976803,0.9947720969727823,0.9942933629669135,0.9955033454337975,0.9950000917772431,0.9951077598243921,0.9961044694136022,0.9953298032412481,0.9965571879248983
61219.48948353281,0.9947125594438346,0.9936664974086459,0.9940689906001179,0.9944873602253036,0.9944724672540366,0.9944308132645912,0.9959260485332394,0.9941977588206893
61219.489567297605,0.9955152650608771,0.9958171518394899,0.9964624360855018,0.9953371127340698,0.9963806750842744,0.9963188106623168,0.9954699509752606,0.9950848028951422
61219.4896510624,0.994248045617221,0.993724144699277,0.9942513314324294,0.9940004260408684,0.9929906352202577,0.9941696648066373,0.9935763143110479,0.99401731830316
61219.4897348272,0.9944526527655538,0.9949946792323087,0.9954257014511673,0.996426525968746,0.9950694195410754,0.9959291072772508,0.9968565194897461,0.9970689829290127
61219.489818591996,0.9953355490050443,0.9952526814530875,0.9955751091658971,0.9947945939117956,0.9963076636691611,0.9971899955568858,0.9970102709731444,0.9979914047333504
61219.48990235677,0.9947598565721714,0.9950258402309654,0.9951485261706029,0.9955843638554928,0.9945344634373812,0.995845459911877,0.9959931293844605,0.9963069990398684
61219.48998612157,0.9946156070055928,0.9955652242202826,0.9959000868403194,0.9963437230755141,0.9960366523133307,0.995804367901878,0.996928392780071,0.9952863972848806
61219.490069886364,0.9954594352513042,0.994784188345896,0.9950331247200056,0.9950679990497877,0.9947977273413977,0.996480170010669,0.9956445724280505,0.9964606909741627
61219.49015365116,0.995105687620672,0.9953088705987677,0.9947856644440165,0.9947464718516071,0.9952786061502785,0.9951771621996456,0.995317174548833,0.9944148040644325
61219.49023741596,0.9949467830535523,0.9954747825903509,0.995348861195273,0.9953749244842696,0.9962949765067232,0.9954660130932719,0.9973238567953504,0.997449730676326
61219.490321180754,0.9939590215019376,0.9943985346229955,0.9947453623573038,0.9957695927862268,0.9945566896836787,0.995503352904991,0.9953984210004495,0.9951315689476445
61219.490404945536,0.9946587593709078,0.9942117714481916,0.994268153421957,0.9941132266695757,0.9946342125557623,0.9947090334477421,0.9942346939152437,0.996280064904675
61219.49048871033,0.9945685617733216,0.9944585653769595,0.9945742613172602,0.9950101221288846,0.9959525884711057,0.9972534274310619,0.9980161721323448,0.9958758227872826
61219.49057247513,0.9948077086135023,0.9952189974359786,0.9954091081976254,0.9947584331216375,0.9964579930438319,0.9952366238440141,0.996086612801059,0.9972582528855544
61219.49065623993,0.9944127784924651,0.9948935081191916,0.9943538031640895,0.9933039363322785,0.9933344209554246,0.9959980999116684,0.9968211283310008,0.9969228766725643
61219.490740004716,0.9946781683468268,0.9948997954504346,0.9944247175106992,0.9952709125125122,0.9949011838210605,0.9944111332894272,0.9945131309792311,0.9940288902798295
61219.49082376951,0.9943671074313696,0.9941020912595995,0.9941368306643241,0.9934042311620422,0.9929386077269847,0.9933874248219904,0.9926511171854081,0.9945791474909111
61219.490907534295,0.9942786839661145,0.9950356533059125,0.9948529202309465,0.99418307404354,0.994472005355504,0.9950355468971257,0.9956493986191263,0.9943750732337278
61219.49099129909,0.9951519000861397,0.9949437028545897,0.9950762816396621,0.9954942115592615,0.9952630571443338,0.9953213675828386,0.9958597010203204,0.9954718153143545
61219.49107506389,0.9951603917117606,0.9952520200977012,0.9950498207886593,0.9949479113137774,0.9955581677010531,0.9962907778323774,0.9971884813856302,0.995938037036721
61219.491158828685,0.994009573413506,0.9948901734980614,0.994087327841178,0.9948227093741268,0.9950232236013105,0.9962652841612739,0.9959847923064322,0.9946557107965683
61219.49124259348,0.9938201666432106,0.9947559598981529,0.9941534386215325,0.9934489607127889,0.993672128464331,0.9943841588208632,0.9947666495418247,0.9934340456859841
61219.49132635828,0.9950560132397714,0.9950073884379586,0.9953806489746173,0.9954588089896275,0.9953316685194364,0.996448072518407,0.9959937689672846,0.9947989418517194
61219.49141012306,0.9954450533368238,0.9948708476199967,0.9951728175121881,0.9940013443439583,0.9938823051459377,0.9948671933268635,0.9963167954547267,0.9947789926438103
61219.49149388786,0.9943422820278539,0.993437273168698,0.9942542967087032,0.9950814092531799,0.9949554809065374,0.9964880562014723,0.997365202620197,0.9971682506329435
61219.491577652654,0.9937791210931483,0.9951894236679739,0.9948972852834462,0.9950918156127081,0.9936810438499158,0.9933557076895538,0.9937975366684556,0.9940219353394625
61219.49166141744,0.9943310057720155,0.9946026157750715,0.9947722364587245,0.9946231484622502,0.9951180622581326,0.9955510236338346,0.9930515989938675,0.9952409595136325
61219.49174518224,0.994775077080704,0.9946227514737854,0.9951753962920838,0.9954369995394334,0.9952480997134131,0.9968809521227492,0.9961831836707788,0.9955146530806979
61219.49182894704,0.9946522410635713,0.9937710689665766,0.9938760543941276,0.9942619431248871,0.9943971576739331,0.9947712173783044,0.9942081969125302,0.994596016713449
61219.49191271182,0.9947855653336035,0.9947845570030751,0.9950262020569038,0.9947462134857917,0.9937666688821297,0.9948194602008392,0.99399878910906,0.9952010159276478
61219.491996476616,0.9942125311856033,0.9934613121784382,0.9939699585314474,0.9938477638605507,0.9953170010431216,0.9950168370666331,0.9957355414931949,0.9978478080149469
61219.49208024141,0.9952121355605478,0.9951141702683118,0.9956360717835402,0.9954470696014788,0.9952573180719739,0.9962720505498,0.9954398718314313,0.998202007218334
61219.49216400621,0.9950062064214021,0.9947203157608947,0.9951188604730599,0.9944677465122546,0.9952581759318401,0.9948628589939668,0.9943120977559804,0.9954284078598471
61219.492247771006,0.9956863112302561,0.994804376280325,0.9945956077244862,0.9945666480032218,0.9946678839781801,0.9938320061688748,0.9950535621010187,0.9945980391222474
61219.4923315358,0.9943806899532888,0.9941787113638672,0.9946879834543612,0.9951650852789172,0.9964484713741556,0.995412209271426,0.9947093305109677,0.99676694078056
61219.492415300585,0.9955390442083897,0.9958808926657472,0.9950142089504709,0.9956102535496859,0.9961687388938727,0.9955131789069981,0.996217142927679,0.9965395179757539
61219.492499065374,0.9939159917737185,0.994837666580477,0.9951047561191062,0.9946029376040026,0.9950549431135679,0.9943893289412837,0.995623923380658,0.9966440366799064
61219.49258283017,0.9952803376784505,0.9944062001306536,0.9945659303082314,0.9953017861105832,0.994587737481855,0.9952486849082522,0.9935654403802509,0.9955341490053536
61219.49266659497,0.9954472642479268,0.994931082082112,0.9958348413652142,0.9961656482222299,0.9956904668022595,0.9967035808449931,0.9959606044159083,0.9980419622962413
61219.492750359765,0.9944438128293902,0.9940221996848425,0.9941095530412272,0.9941875620637491,0.994989845853033,0.995216430347225,0.9947451358984609,0.9949489882878717
61219.49283412455,0.9954926850022064,0.9954252661396116,0.9957445203898254,0.9959340166917954,0.9962706434823825,0.9967712750920991,0.995090574718139,0.995616000510193
61219.49291788934,0.9959692946077152,0.9950235904197823,0.9942573748604926,0.9951553611937658,0.9948568278672876,0.9963915327833968,0.9953680213833503,0.9969575713460241
61219.49300165414,0.9944020828424894,0.9945998994065096,0.995054900076301,0.9943037187179647,0.9948334434932639,0.9958097101524521,0.9953791956726057,0.9969025377612583
61219.49308541894,0.9958529991474138,0.995951513459154,0.9960548218150526,0.9953505909415286,0.995175143584105,0.9967946752302087,0.9948256974236951,0.9970364438340995
61219.493169183734,0.995723532515971,0.9953009759890501,0.9944752677213414,0.9951470170451494,0.9950956899355787,0.9957190195558886,0.9940457837866854,0.997256641310175
61219.49325294853,0.9955776155616609,0.9947595240668499,0.9948128616944399,0.9947321264682034,0.9946952022669384,0.9950365521850368,0.9949694685512336,0.9941382769867415
61219.493336713305,0.9952659080864812,0.9953976895802277,0.9948954875667402,0.9954737132969659,0.9947767481535102,0.9948622704044692,0.9954070771880319,0.9947920499218366
61219.4934204781,0.9951797919468067,0.9960416090413953,0.9953786765827748,0.9960025518851013,0.9959001952799826,0.9950514263819389,0.9967508962729337,0.9963511042279419
61219.4935042429,0.9946617227917083,0.9937592168053355,0.9936434588617057,0.9947987885713961,0.9946243087884712,0.9948959538848414,0.995478261801755,0.9948613192578236
61219.493588007696,0.994412092466377,0.9944195538737945,0.9948045408563685,0.9948072384489628,0.9940459338845786,0.9954191568747525,0.9958391937993962,0.9961100195354723
61219.49367177249,0.995218515868042,0.9956634978661753,0.9959986335774396,0.994932312074371,0.9954242039391763,0.9958300984910122,0.9959081889670126,0.9971770142146125
61219.49375553729,0.995260866986671,0.9952292945544603,0.9950714359523771,0.9960706810395277,0.9952337475521652,0.9949495638211947,0.9950949498601337,0.9986898869600478
61219.49383930207,0.9943837463451923,0.9947943708576596,0.9949880394089522,0.9958831759580806,0.9952980417314302,0.995983858293081,0.9951518856867826,0.9969163938047213
61219.49392306687,0.9944252072191566,0.9945816004224604,0.9946994662440659,0.9939977316899647,0.9945291189737969,0.9941089126642559,0.9945117226014878,0.9950491719845763
61219.494006831665,0.9939843552004581,0.9958682354730588,0.9958320526434928,0.9947707081038585,0.9947609643096952,0.9961682658690066,0.9966040516703635,0.9948852063046859
61219.49409059646,0.9939850091766788,0.9939829085145545,0.9941115430111372,0.9944171480120036,0.9942951663526463,0.995664393812559,0.9965681818472873,0.9953713583824272
61219.49417436125,0.9957311397241756,0.9951382042660964,0.9950640051836249,0.9955810386055474,0.9962688143168541,0.996005950959232,0.9949997914593054,0.996435601667015
61219.49425812605,0.9944623490423902,0.9945886187195844,0.9946124642068255,0.9950155919888298,0.9955739124897579,0.9932760977325618,0.9927687973566848,0.9937617240548746
61219.49434189083,0.9953934994033666,0.995107277270078,0.995128333724817,0.9951930719306257,0.9946008476567849,0.9955716895322675,0.9947137206538389,0.9945053980841825
61219.49442565563,0.9952284036494582,0.9947550957256296,0.9946883535887645,0.9953480824849531,0.9945674753187392,0.9941815248132931,0.9952789625434528,0.9956429307230471
61219.49450942042,0.996627648681328,0.9960887976058205,0.9968802460773395,0.9974323825570867,0.9969195175941061,0.998077446272835,1.0004177224502313,0.9986743938459992
61219.49459318522,0.9965392903753078,0.9954612294827536,0.9949044967132928,0.995734539419957,0.9941737090176541,0.9951852382117572,0.995659179531515,0.996044754148836
61219.49467695002,0.9947788218825703,0.9948832547717887,0.9949484382338634,0.9959046980042265,0.995590108187462,0.9952972155706551,0.9971094288121974,0.995710555017243
61219.49476071481,0.9944279322525134,0.996285040059328,0.9955923830997021,0.995200198955363,0.9954498920574915,0.9963471848837275,0.9961218198581386,0.9983434012268544
61219.494844479595,0.9952703828836752,0.9945822866148714,0.9947750300448167,0.9962189085604912,0.9946584710203472,0.9949743410005336,0.9957649022995985,0.9964690721277415
61219.49492824439,0.995062420829384,0.995290442751771,0.9952391088270349,0.9958568611143759,0.9949020210544182,0.9962521338956747,0.9973727112407292,0.9966829586862715
61219.49501200918,0.995611903887193,0.996340483426014,0.995829888219554,0.9953379540982521,0.99679979305489,0.9965839403472828,0.9980576123945273,0.9960477286106251
61219.49509577398,0.9948908827872461,0.9945244244784098,0.995015516360702,0.9944392289820841,0.9945890836151332,0.9940747974240817,0.9936059222909841,0.9929507839927894
61219.495179538775,0.9951328823305035,0.995738758393952,0.9953805052545683,0.9948692373097893,0.9962052894049108,0.9957739646962811,0.995863402827519,0.9961839466494806
61219.495263303565,0.995030750262859,0.9950120778463775,0.9953908432588052,0.9960157689966544,0.9960166207613418,0.996080244485173,0.9950507156847083,0.9964168426360553
61219.495347068354,0.995396701211611,0.9956857681010935,0.9958773947712186,0.9958889086512617,0.9955934870462368,0.9964070928711471,0.9969847047066303,0.9965967072023304
61219.49543083315,0.9946532552697068,0.9945841735604688,0.9949477989007527,0.9960225885139519,0.9951055455179937,0.9948336774343216,0.996831271991857,0.9989409652039017
61219.49551459795,0.9941085044675311,0.9953083721876269,0.9955134510537705,0.9954770095086783,0.9965034572497574,0.9958471412887806,0.9959015582386831,0.9943667440827776
61219.495598362744,0.9959797542541217,0.996815906063027,0.9971264545517012,0.9972053882090659,0.9968122560308514,0.9969432897751015,0.9968640482250899,0.9962629159940334
61219.49568212754,0.9941353447746961,0.9943527526360671,0.994637436007566,0.9947958579435894,0.9950161808321775,0.9946349235272983,0.9950379635759911,0.9959362075817151
61219.49576589232,0.9953904022207226,0.9952892287447462,0.9955295259201506,0.9948105115790031,0.9948501086976388,0.9939093184273854,0.9942287126566796,0.9949922311939156
61219.49584965711,0.9950277026118284,0.9947576771055205,0.9954662088364423,0.9946121382563929,0.99513994918146,0.9954316343983346,0.9952530475065607,0.9928203724080235
61219.49593342191,0.9953615385339102,0.9957905833514435,0.9959566734035762,0.9954769913908066,0.9948033034305273,0.9946863373697747,0.9945354096672949,0.9951435561861808
61219.496017186706,0.9957653115047351,0.9955474601789617,0.9961197295480425,0.9951807763486327,0.9955404493612611,0.9966191576985797,0.9937058250599257,0.9961936487457431
61219.4961009515,0.9954368136072685,0.9956766832076078,0.995521406290148,0.9954000916973021,0.9958450932534687,0.9950045369327372,0.9936979543727841,0.9948378772066911
61219.4961847163,0.9946698229321715,0.9946184447560213,0.9932728688658655,0.9938722996781615,0.9941997736542827,0.9947924403090401,0.9932593839752466,0.9919300624166595
61219.49626848108,0.994896666596381,0.9948931757708465,0.9945861559201825,0.9948104626855684,0.9946953390443589,0.9956431649050819,0.9959793616482204,0.9975801767397205
61219.49635224588,0.995550452901697,0.9953629069424497,0.9955660354558764,0.9949581489040892,0.9954875788862592,0.9964105220863193,0.9971296765861445,0.9971592047061022
61219.496436010675,0.9961499289849564,0.9951205330016425,0.9951802168836373,0.9952185262995165,0.9955353486962434,0.9960500552469199,0.9970441051090978,0.996171511758146
61219.49651977547,0.995017323487403,0.9946799582692072,0.9951777108481971,0.9950401873720465,0.9932148529747886,0.9945338054294688,0.9944784772499361,0.9938436188952379
61219.49660354027,0.9950943734877175,0.9950371391836845,0.9944530250537786,0.9947882087270409,0.994882466955378,0.996430088981535,0.9947046625109529,0.9949282827643599
61219.49668730506,0.9957413131732118,0.9956078671637265,0.9953730739330467,0.9959515694348828,0.995204859619931,0.9958428103028591,0.9975166061254986,0.9975669201815481
61219.49677106984,0.9948481629627041,0.9952229702461226,0.9948696355359761,0.9942703158153564,0.9948813374004378,0.9950331447252037,0.9954514855781817,0.9950373342377815
61219.49685483464,0.9950783477593749,0.9953520874668169,0.9946212862962066,0.9948159258443829,0.994850222819714,0.995099083483812,0.9959216866874763,0.9964449774499459
61219.49693859943,0.9941867305125677,0.994536679489505,0.9951757733913819,0.9946194633367695,0.9943523455699987,0.994887735865353,0.9954518275299795,0.9956256973555818
61219.49702236423,0.9950154791632134,0.9952659546708085,0.9949017121926191,0.9952031494383718,0.9949006302867284,0.9947924912308773,0.9961630582903468,0.9972975881926165
61219.49710612903,0.9947143624475341,0.9955484913052951,0.9953167277139334,0.9963610343297079,0.9969344975113024,0.9961517602607596,0.9977366897800105,0.9963541451164465
61219.497189893824,0.995762151546731,0.9960078437192286,0.9956843830569256,0.9947341789997043,0.9941415607445334,0.9948729443865526,0.9947123508010737,0.9957146327318798
61219.497273658606,0.994863118861174,0.9950710954056715,0.9953005053686723,0.9953589110157127,0.9955397181346309,0.9963226754624054,0.9961880930485333,0.9976592211780936
61219.4973574234,0.9934288666331917,0.9933634354794296,0.9943407987107267,0.9952837049709339,0.9947929245772639,0.9958084897018489,0.9957112918945201,0.9952960245403769
61219.49744118819,0.9960679120498142,0.9953517806237571,0.9960053593440742,0.9949443445749384,0.9948016345431133,0.9950781323752773,0.9955935431965123,0.9964430448753722
61219.49752495299,0.993949126304023,0.9939327363886451,0.9943302130657898,0.994802231463413,0.9956229139728056,0.9948378064063821,0.9943165888138387,0.9936894476131126
61219.497608717786,0.993975729283244,0.9943371386123244,0.9942311059310323,0.9943301179462779,0.9945091621506335,0.9944911817001718,0.9939867324955248,0.9946291596588368
61219.49769248258,0.994708697832121,0.9947341896336507,0.9948859608069033,0.9942284416908392,0.995911961012332,0.9964220363982499,0.9956009945409706,0.9946055986089885
61219.497776247365,0.9951385339670447,0.9948371431095581,0.994977793938316,0.9937930677429989,0.9944788591046665,0.9935475794983366,0.9932458177280519,0.9937247770729176
61219.49786001216,0.9948030420468535,0.9950768366565069,0.9952516088230254,0.994669576873713,0.9941988892504673,0.9936985266458809,0.9944276737134029,0.9946123936823937
61219.49794377696,0.993540252371652,0.9942317379655594,0.993720218966034,0.9933654174687144,0.9924561122732402,0.993372042123926,0.9935885001366781,0.9944143490730637
61219.498027541755,0.9949715891211974,0.9944423490275298,0.9950868220680605,0.994938105574108,0.9951546114166128,0.9960999665365967,0.9955628950421641,0.9946084927260836
61219.49811130655,0.9949313983225585,0.9942241121080393,0.9943761056413034,0.9939180115650242,0.9936138869817954,0.994561806941283,0.9954789354774802,0.998091239847958
61219.49819507134,0.9958267118991182,0.9953608577208674,0.9941734712064022,0.9951296114787462,0.9953540247803648,0.9959515042790761,0.9957509825090195,0.9953633542162742
61219.49827883612,0.9950995690096162,0.9948979548375824,0.9948502112185754,0.9947937230130004,0.9952141871975446,0.9967201658243667,0.9973004342904557,0.9958941175271332
61219.49836260092,0.9944520432883227,0.9942413980087953,0.9946061872889594,0.9952584024943382,0.9943882128702133,0.9958244844182371,0.9950353953577533,0.9928840364047098
61219.49844636572,0.9954542384050308,0.9954210012995208,0.9953582592703891,0.9955007737035035,0.9950880214393341,0.9955802520511329,0.9961683866698554,0.9959365717899062
61219.49853013051,0.9948007593546424,0.9945608655166096,0.9934133216054458,0.9944593547111534,0.9944946321280181,0.9964102222929683,0.9976826378718632,0.9952045838014278
61219.49861389531,0.9955304159073011,0.9951214300303194,0.9954273034874987,0.9970251238233874,0.9961307859493327,0.9952668161901728,0.9970007024595295,0.9958780058222052
61219.49869766009,0.9948625546775572,0.994135611775579,0.9951895767071096,0.9952552239246972,0.9951085456605485,0.9941444274182071,0.9951299530416646,0.9953501817353443
61219.49878142489,0.9950770927819211,0.9941672952427637,0.9953383097114862,0.9938530865438115,0.9937700531511364,0.9951053220065335,0.9959992944037614,0.9964998166258581
61219.498865189686,0.9945407597052585,0.9939707188816358,0.9943539641305444,0.9947640628159583,0.9940941052351978,0.993600678781901,0.9932899953092615,0.9943978929614322
61219.49894895448,0.9946428456846638,0.9944031031875961,0.9944583250069726,0.9945014859605359,0.994355177657231,0.9946662220487639,0.9946299005291201,0.9963968464866008
61219.49903271928,0.9949725437304722,0.994474339560528,0.9954248025375373,0.9943306540367303,0.9947017501689395,0.9948975824273506,0.9953680339977237,0.994623669079595
61219.49911648407,0.9946764853314739,0.995628766016214,0.9951506680415495,0.9950567607572981,0.9946973864789231,0.9956950451724608,0.9958719284392901,0.9959379755445618
61219.49920024885,0.994372502668971,0.995232856161491,0.9952786468758561,0.9952341461386948,0.9956753526436889,0.9950172049948367,0.9942275753174997,0.9957196506692256
61219.49928401365,0.9942734632810967,0.9946104668364638,0.9949628312440079,0.9954676661470241,0.9948579574222274,0.9952368024290486,0.9978234596225298,0.9974986490176712
61219.499367778444,0.9939615926429557,0.9937677470424008,0.9949841130877656,0.9951013634829423,0.9955627222708071,0.9956121585267383,0.997870958875091,0.9972395263720538
61219.49945154324,0.994430145812366,0.9944024656668428,0.9948438675261636,0.9953040089004407,0.9940585554479571,0.9951793666609606,0.9954524609760813,0.9950048636572808
61219.49953530804,0.9941044336046169,0.9949692236211606,0.9950577999046757,0.9939660427876641,0.9948145284778446,0.9950017034791524,0.9942253838258188,0.9948636849978453
61219.499619072834,0.9959598846606863,0.9956321949734863,0.9957906600532694,0.9960511844721699,0.9954022299449323,0.9964765980709112,0.9972061588957652,0.9988066262186664
61219.49970283762,0.9956592264435238,0.9953647087961787,0.995281770023076,0.9953594714287876,0.9966126301464349,0.9972999671213543,0.9965605965177277,0.9957578813316421
61219.49978660241,0.9947379106241012,0.9943333567020006,0.9947654046709155,0.9946625543369759,0.9949251949366144,0.9959558424370873,0.9955192237405355,0.9972099998868436
61219.49987036721,0.9946766273044404,0.99526672484132,0.9950671001396045,0.9956476801089681,0.9953064039208226,0.9961620938076501,0.9960649021007272,0.9952640437461913
61219.499954132,0.9951758066384974,0.9953247897949183,0.9953808729567861,0.9955165744732097,0.9970174828576494,0.9955063046980565,0.9950238535470243,0.9975771130763421
61219.500037896796,0.9949503763469542,0.9954754531900111,0.9947328613663284,0.9949105800594646,0.9952889993744698,0.9958888254743222,0.9955684798002888,0.9971496445099564
61219.50012166159,0.9949752494279586,0.9953794485121098,0.9951125487307205,0.9958174403482487,0.9950241507797705,0.9949658853458053,0.9962147622203971,0.9944382753433197
61219.500205426375,0.9946412712680353,0.9944196145741457,0.9954566511215179,0.9956323491629778,0.9950550273102989,0.9945899052763085,0.9961445608459408,0.9956891172815368
61219.50028919117,0.9943888263816184,0.9936567970470116,0.9937464751817977,0.9937187767748397,0.9929697140232913,0.9946982478201286,0.9933719795312573,0.992842382109381
61219.50037295597,0.9937139067645404,0.9958692163684595,0.9952096369304504,0.9955222582729558,0.9946829252676923,0.995058760799972,0.9950820173999697,0.9977009303861739
61219.500456720765,0.9948778392858247,0.9951585317556448,0.995375910192938,0.9948488142490709,0.9938407263317312,0.9961199020772251,0.9948584139943513,0.9968528987849462
61219.50054048556,0.9953081243837671,0.9951475290651903,0.9955070624764818,0.9946756354403959,0.9963727736099267,0.9971644731974234,0.9958125832673224,0.997172834202834
61219.50062425036,0.995095138711412,0.99449641354954,0.9949777099173642,0.996008845239547,0.995831792198801,0.9955628468237633,0.9955257835556309,0.9946862338723003
61219.50070801513,0.9949027441518216,0.993891309011501,0.9940063884683766,0.9936470203232085,0.9941511975507034,0.9937172156773132,0.9942987878874019,0.994409677250537
61219.50079177993,0.9968367348648538,0.9959144382415047,0.9963648469661239,0.996265007623792,0.9956443665559681,0.9955343399186923,0.9966419527484858,0.9974007888642081
61219.50087554473,0.9944910972437301,0.9941505229003921,0.9944362661905187,0.9935483320274722,0.9941861772347774,0.9946156767463544,0.9952022651076263,0.996106187536419
61219.500959309524,0.9959619255220796,0.9956535871137823,0.9951708433514833,0.9947967459674963,0.9950329983683892,0.9953481400375419,0.9948094623842044,0.9955659124892847
61219.50104307432,0.9954971621832748,0.9956430328262896,0.9956422946405569,0.9950533148870009,0.995082247876747,0.9947119111292136,0.9953643962851793,0.9971675222165612
61219.50112683911,0.9955469377464016,0.9952128900896302,0.9949189824781459,0.9961205359624657,0.9948264130662218,0.9965455103779239,0.99678044220379,0.9963662912729914
61219.5012106039,0.9941351352586205,0.9944678387199761,0.9942564329414019,0.9939665376785726,0.993756461972793,0.9931351676036811,0.9935073375535981,0.9925526918505005
61219.501294368696,0.994968299374474,0.9944211395451715,0.9933741083639357,0.9944121368072232,0.9951880072553526,0.994473196728882,0.9931430105848679,0.9956030090895104
61219.50137813349,0.9941186950010007,0.9938841174120898,0.9951979837772106,0.9945777458201576,0.9946848056613522,0.9951603938538445,0.9946630787176568,0.9944374894836447
61219.50146189829,0.9949760705402647,0.9948880317223657,0.9948501415696286,0.9958592881646233,0.9954559699456125,0.9961776538954006,0.9952903540044883,0.9959609465986503
61219.50154566308,0.9949781601386466,0.9946039181038917,0.9947272890083644,0.9954342016932898,0.9956649761574019,0.9957022387784653,0.9966567439536159,0.9955675851772423
61219.50162942786,0.995735743250589,0.9963324913616041,0.9960010922958175,0.9952706499274665,0.9956056225341098,0.9959910093446865,0.9948944160978836,0.9948997613469859
61219.50171319266,0.9946819738050536,0.9949310955587037,0.9950471460479924,0.9947334977180876,0.9948025747399434,0.9936575417390886,0.9934429739065924,0.9959820959158844
61219.501796957455,0.9953708939167022,0.995093273197853,0.9949686817555436,0.9950100732354498,0.9953173454381842,0.9962982686019666,0.9950211516846142,0.9951037322948109
61219.50188072225,0.9956605441963378,0.9957270417782657,0.996228504509393,0.9957622128558548,0.995725359415417,0.9958726619747553,0.9975745071221769,0.9975522076763008
61219.50196448705,0.9950286760272237,0.9946962128208763,0.9947827187357801,0.9948018926840299,0.9934290411741412,0.9954308710489171,0.9956902449829721,0.9957135952731121
61219.502048251845,0.9952530701280113,0.9955431121404079,0.9955535821136249,0.9955568053315762,0.9960055406067926,0.9952316810788381,0.9967568298014363,0.9976435848986573
61219.50213201663,0.9955162546336436,0.9946897342556826,0.9945779109220754,0.9946491399143534,0.9953315909164253,0.9960413208369705,0.9944657132087035,0.9952080079404484
61219.502215781424,0.9953941173565959,0.9946213374340437,0.9949775576846661,0.994489601629413,0.9957481628658104,0.9952520012825459,0.994615048979555,0.9957503677742301
61219.50229954621,0.9943730692364624,0.9955466097057836,0.9948769184941855,0.9963165852336887,0.9948960141755885,0.9948519626771016,0.9969322970991017,0.9974462319495936
61219.50238331101,0.9952625202035934,0.9946238523219902,0.995330691222239,0.9949550264253936,0.9943289953480626,0.9947289661195345,0.9954594285422735,0.9940565192384663
61219.50246707581,0.9960299435519007,0.9951911409867182,0.9942998843766051,0.9948355628872945,0.9949922459670768,0.9949440900823088,0.9945900428594054,0.9937745074650426
61219.5025508406,0.9951756993641476,0.9946298475119097,0.9949066633483095,0.9946107518669172,0.9945579950711494,0.995725413952027,0.9932109440995448,0.9940274621687117
61219.502634605386,0.9946913946119551,0.9944139500619193,0.9942520702640354,0.9944041145610683,0.9951862972839917,0.9931832576607047,0.9942195992832938,0.9939371512532965
61219.50271837018,0.9943404162487943,0.9947340619958478,0.9940707622261074,0.993033590880906,0.9938549799253198,0.9934598526483215,0.9940079901012017,0.9951866217645261
61219.50280213498,0.995068937812346,0.9952216908609215,0.9934431807722857,0.9934621991686843,0.9954712521595056,0.9945943806603035,0.9978743950985901,0.9988102545091258
61219.502885899776,0.994620918542714,0.9954711796625306,0.9950172820167816,0.9948302622929458,0.9958356146965764,0.9948145401472809,0.9957131383660422,0.9969827411243928
61219.50296966457,0.9945166823085664,0.9946119937008951,0.994761900886673,0.9945541945723732,0.9957843224876072,0.9942569603749898,0.9950022134189975,0.9945283544611301
61219.50305342937,0.9947940789438441,0.994977754860617,0.9948387664594068,0.9955061234394771,0.9952891234716597,0.9965395412867067,0.9946947932979504,0.995543878684519
61219.503137194144,0.9958266896496234,0.9947211205695882,0.9949075167137392,0.994594031056791,0.9938091368341045,0.9955520843859064,0.9940877385107451,0.9955041680981466
61219.50322095894,0.9958962251479614,0.995497958875466,0.9952621191807675,0.9959228876029164,0.9948733508840103,0.9967291945290648,0.9962884386842596,0.9961474528875133
61219.50330472374,0.9949749387296568,0.9951458907125911,0.9949035744727934,0.9947034287520754,0.9949370215340703,0.9963619192248798,0.9964132040422373,0.9941047535111698
61219.503388488534,0.9949873171301103,0.9951070353596873,0.9960375569466662,0.9951027476387078,0.9947998995494308,0.9955075822863079,0.9945071715401237,0.9940492414009987
61219.50347225333,0.9945646644034913,0.994078176212228,0.9941211296911793,0.9947195032753783,0.9939024986667385,0.9944448992488314,0.9941592476888864,0.9936038715307084
61219.50355601813,0.9952300948759341,0.9953084184089953,0.9950504421014867,0.9951133912678992,0.9958131887789147,0.9964854058752454,0.9956737866349794,0.995500129290586
61219.50363978291,0.9949730379871056,0.9949684460997809,0.9954728112249426,0.9941226080043035,0.9950174106454739,0.994949882261979,0.9964248368810122,0.995902990111879
61219.50372354771,0.9945580504763024,0.9941693993731039,0.9941496500504853,0.9948536537063545,0.9939367160153503,0.9933542445832478,0.9932611322592135,0.9906561430783457
61219.5038073125,0.9952932389420305,0.995730453138005,0.994912156881354,0.9946661319961759,0.9950490013265885,0.9951723047823376,0.9935647680682417,0.9940004288995533
61219.50389107729,0.9950930785141481,0.9957647952805735,0.9952888642658058,0.9953902732999415,0.9947110444398141,0.9942297573558329,0.994287798040741,0.9971853014218367
61219.50397484209,0.9953293660293787,0.9953059426143025,0.9956226693361954,0.9950283675703299,0.9953511986105735,0.9952541225476199,0.9972277076548172,0.9961114298695358
61219.50405860688,0.9958378324084936,0.996252887361722,0.9957223883867004,0.9947704676077249,0.9946005399498563,0.99457368009677,0.9929333631083033,0.994354503979878
61219.50414237167,0.9947639902104457,0.9954800147378736,0.9949897277878671,0.9954532830387367,0.9954648173651615,0.9967826421371205,0.995705498487841,0.9961484702284757
61219.504226136465,0.9944705543382035,0.9952534891575777,0.9953111475066438,0.9951017831722734,0.9958417975770065,0.9962974536135031,0.996742480781233,0.9969431184110754
61219.50430990126,0.9950512952873849,0.9948609433274579,0.9946197979092677,0.994339296757946,0.994297365442768,0.994365412412713,0.9947254564531749,0.9953509386203188
61219.50439366606,0.9945767077371488,0.9941928497565024,0.9944093677672435,0.9950547191461583,0.9939251805559882,0.9957185863616687,0.9963869092104272,0.9942610463993218
61219.504477430855,0.9945394080484525,0.9944393669139441,0.994879836453397,0.9944826637254741,0.9952161355572404,0.996136558777496,0.996068043079703,0.9974692634836249
61219.50456119564,0.9958170015839102,0.9953266317442921,0.9951773989756906,0.9960048759364888,0.9961717733575851,0.9960876967645473,0.995516666091097,0.99399679320726
61219.504644960434,0.9946307154720269,0.9950983955278595,0.9951866957834491,0.9957697201077095,0.9957567054526164,0.9947813501066824,0.9951918094967254,0.9968872795447281
61219.504728725224,0.9940855210043306,0.9945172726405132,0.9945298616613948,0.9939576221965202,0.994446462637166,0.9948879723052446,0.9943575234782983,0.9912757163771695
61219.50481249002,0.9966163509706196,0.9959138126380684,0.996140928918603,0.9954217544671918,0.9958576165873276,0.9962865584919861,0.9962157515963863,0.9979358694687241
61219.50489625482,0.9946390118848186,0.9941483712121618,0.9945710219779083,0.9944866839074875,0.9955208359187416,0.9947133496113448,0.9937040147268787,0.9961032186418213
61219.504980019614,0.995348197577934,0.9956478117816487,0.9951474919390191,0.994784603022368,0.9950620555394344,0.9973114077998303,0.9966974341719749,0.9965939396755756
61219.505063784396,0.9946758069867592,0.994983253644178,0.9943093986438531,0.9954691659593408,0.9948853544974852,0.99520610684126,0.9952625641989661,0.9966571476686769
61219.50514754919,0.9949491955344829,0.994779545938483,0.9953669863939838,0.9949578098765159,0.9959245269517656,0.9952732347323465,0.9948624004772737,0.9929570182349261
61219.50523131399,0.9957971388772231,0.9959529332904887,0.9960805742367674,0.9954753826230691,0.996786714157862,0.9966847765819858,0.9980432135986883,0.9972264362602511
61219.505315078786,0.9950069316489809,0.9948879437347006,0.995484042836223,0.9956768910820663,0.9945129559065528,0.9955317108696651,0.9950763712746231,0.9944012821157161
61219.50539884358,0.9938737203824455,0.9936363755554514,0.9946020054777472,0.9953662698499327,0.9945546899267815,0.9949365412187927,0.9964772185779359,0.9965819750853862
61219.50548260837,0.9953020420605778,0.9956452634806648,0.9962284093224989,0.9964943744202549,0.9956789024319718,0.99646136694301,0.9957189696158417,0.9957237167433712
61219.505566373155,0.9940810501802608,0.9943650566529503,0.9945347229367776,0.9941839290581738,0.9936858691003253,0.9934237158351206,0.9935250552933564,0.9928096267796935
61219.50565013795,0.9948141313009863,0.9945019705831628,0.9949090723174395,0.9955071616183486,0.9946251860913575,0.9961670069281885,0.9956749130644308,0.995122436539546
61219.50573390275,0.9967549997566453,0.9964359232008299,0.9959518134548401,0.9958018669206048,0.9971299360454425,0.9973498635887125,0.9961696358337506,0.9961978297697383
61219.505817667545,0.9958022120269008,0.9958409993925258,0.9956411724080815,0.9956262536159816,0.9967216407361608,0.9963836896251318,0.9983452207898322,0.9979715933134281
61219.50590143234,0.9944713693583862,0.9944000102541029,0.994142143220661,0.9933203481458245,0.9931889259609293,0.9934684663280936,0.9935312864528856,0.9927350318557728
61219.50598519714,0.9942148303000605,0.9939944245406398,0.9949668049928106,0.9945555119650221,0.9940086646580714,0.9944653975594342,0.9939564627723787,0.994250305009649
61219.50606896192,0.9956772691945153,0.9950041264344963,0.9957397970856898,0.9960997356529105,0.9958124433504264,0.9966884651877367,0.9974112733802033,0.9972688986840207
61219.50615272672,0.9959018142740174,0.9962863042972856,0.9967981291951207,0.9963694842072748,0.9956763173556312,0.9981321133752153,0.9971750354863762,1.0000043425371747
61219.50623649151,0.9949464034877669,0.9955839121320869,0.9951653645221052,0.9948992504330461,0.9958553752297706,0.9960934805767795,0.9953616269188251,0.9958809481461167
61219.5063202563,0.9951622315330765,0.9946606499886755,0.9940752204220292,0.9954361112673366,0.9941247552122734,0.9950687462614406,0.9939879216559143,0.9939478105901599
61219.5064040211,0.9946836642369046,0.994435787932134,0.995846863105103,0.9956754659749467,0.9955106117642912,0.9955276201487497,0.9960208605501928,0.9943703586450491
61219.5064877859,0.9952906900505071,0.9945755235933529,0.9950896271517568,0.9956186158161742,0.9961908655580929,0.9950939418126808,0.9955905065418137,0.9951991989988224
61219.50657155068,0.9961017262492083,0.9959373546845659,0.9957423292118465,0.9962953007053961,0.9956109967539685,0.9948206452691332,0.9959049630967133,0.9956222995341931
61219.506655315476,0.9958400581525931,0.9965396284700784,0.9962319050363077,0.9956979748246292,0.9958532579694034,0.9970215473150391,0.9985615354741305,0.9963451840260102
61219.50673908027,0.9953365221555646,0.9955770460870367,0.9957911547819,0.9962034175319354,0.9957621315768854,0.9956573551236928,0.9964979559259423,1.000320264642708
61219.50682284507,0.9947526530333716,0.9949464976324126,0.9947099195560039,0.9951540869861812,0.9950799064299033,0.9958317081470186,0.9954048710364035,0.9966762996294738
61219.506906609866,0.9961977465925452,0.9960079638947863,0.9968282544651592,0.9955703488130113,0.9955693050011748,0.9963588937983597,0.9973155323316957,0.9989496550202849
61219.50699037465,0.9954769286516754,0.9949731578949348,0.995833898893354,0.995466100067971,0.9960641991843792,0.996176306498809,0.9953647116445142,0.993380717116844
61219.50707413944,0.9948735467225879,0.9944624980914587,0.9940681264004074,0.9939241428513842,0.9943066106834176,0.9952879234111941,0.9952317356931714,0.9932968560457046
61219.507157904234,0.9938709037023604,0.9949086938991718,0.9944937983211446,0.9941957280119281,0.9937732666597044,0.9936925245630511,0.9925012764986917,0.9929286458031852
61219.50724166903,0.9957343579546659,0.9951695427993584,0.9953455401566006,0.9952443532016335,0.9949102948203359,0.9958168191277977,0.9954466539322417,0.9964496117571943
61219.50732543383,0.9954578073299385,0.9951353426621987,0.9949022756857654,0.9942021938584409,0.9949753673966886,0.9956038797835568,0.9967345589547397,0.9960185059801904
61219.507409198624,0.9955005764212189,0.9945168322566805,0.9948747930957675,0.9945503148659136,0.9950218808494271,0.9949769078914498,0.9953454457461182,0.9949912370706718
61219.50749296341,0.9952009390320655,0.9951123195201715,0.9952219423516052,0.9944499210083303,0.9948702144712442,0.9946567517824078,0.9953060878783332,0.9948856905238095
61219.5075767282,0.994452787322022,0.9948107947020515,0.9942347636062809,0.9943297183603388,0.9941958965469809,0.9960994123731299,0.9963241942961174,0.9936259597421172
61219.507660493,0.9944250069737038,0.994895496974553,0.9964059060152798,0.9958746109203426,0.9960805876215881,0.9966994277268971,0.9937559801494803,0.9949255733767971
61219.5077442578,0.9949560123558739,0.994882711475801,0.9945263697064181,0.9950649634376006,0.9945806003718064,0.9945107268400488,0.9949550602093823,0.9942974354601329
61219.507828022586,0.9954343873528412,0.9943874216695179,0.9934989148545439,0.994908203639982,0.9945512961898696,0.9947435620393548,0.9952963771973207,0.9939754524545583
61219.50791178738,0.9944896282473268,0.9950518569583879,0.995144592442306,0.9947754877473463,0.9946072650369459,0.9940688780593535,0.9943794455546169,0.9962217589501172
61219.507995552165,0.9949331274261504,0.9947250087333709,0.994358274294816,0.9944809204387436,0.9935417095877146,0.9963148533422705,0.9943627969682363,0.9938453727503153
61219.50807931696,0.994037880598075,0.9935295268990234,0.9939700706330856,0.9935189567525778,0.9945313985411155,0.9923683425915022,0.993597522141089,0.9959695262732129
61219.50816308176,0.9951296135089001,0.9946851725964433,0.9950283161788256,0.9958170851883239,0.9948703324819235,0.9939250379745975,0.9953538602150319,0.9963283595307941
61219.508246846555,0.9944245262256923,0.9944483478928835,0.9954752982451147,0.9941995374806109,0.9940906492806211,0.9944616157165168,0.9940515325316642,0.9948027944746861
61219.50833061135,0.9947591975633271,0.9948766056887278,0.9952933316377001,0.9948556206122969,0.9952522639011351,0.9965132180438906,0.9942644863377748,0.9956004678564327
61219.50841437615,0.9958944888927462,0.9958183664033984,0.9953190399484152,0.9953317213021722,0.99455969219321,0.9943437591565933,0.9947281896810539,0.9940251133200547
61219.50849814093,0.9949799604935966,0.9952426598807875,0.995613419071622,0.9961174688301457,0.9959356297616601,0.9964261149266128,0.9957060712485789,0.9960358758703716
61219.50858190572,0.9934360089858808,0.9946149953054194,0.9935996756542967,0.9941421311279939,0.9945551259576437,0.9946283067963783,0.9935432915861402,0.9953787908992464
61219.50866567052,0.9938274385197443,0.9942623555568518,0.9945372465502852,0.9940995300548954,0.994560360187757,0.9953359498756885,0.995287042901936,0.9966079822832138
61219.508749435314,0.995563366349524,0.9954206790864638,0.9959588849234695,0.9952054275746048,0.9959489299709791,0.9960120670782886,0.9968022299540784,0.9970680102521083
61219.50883320011,0.9951297777313612,0.9950656202339903,0.9945082139948351,0.9952212889026767,0.9950971517125599,0.996006141736819,0.9960013577061344,0.9953826168882635
61219.50891696491,0.9945599220826107,0.9943431900475236,0.9940674468256832,0.9945677978676042,0.9944922343809506,0.9959448067426117,0.9950239005952276,0.9946140427097881
61219.50900072969,0.9959669234472749,0.996068073280765,0.996733530902452,0.9961933884212442,0.9962076993249998,0.9967081905861357,0.996383123534692,0.9978311254198476
61219.509084494486,0.9947329105799063,0.9946102729294702,0.9957770712120765,0.994438461826719,0.9946189325397755,0.9948667739986837,0.9945142253613555,0.992902324628416
61219.50916825928,0.9955799414284868,0.9965020800124432,0.9959982448699837,0.9956948203294206,0.9952371987727893,0.9954017294139046,0.9951005762115976,0.9952510973058845
61219.50925202408,0.9949716484531835,0.9950436929282122,0.9957963347841298,0.995458202413208,0.9959467704431768,0.9954001190406894,0.9972330619449304,0.9982890058446646
61219.50933578887,0.9949942083813589,0.9943663411614838,0.9953056288778676,0.9943082238632855,0.9950862494193781,0.9947683423265992,0.9948153365910591,0.9948846626178363
61219.509419553666,0.9949062042131299,0.9946942408947871,0.9944706140661527,0.9942653180128374,0.9937960269973141,0.9947107284516163,0.9958286042033943,0.9952607389854677
61219.50950331845,0.9946370067815419,0.9947460883503906,0.9947552487489251,0.9942515040042758,0.9942654878503028,0.9948348603509886,0.9958152571735533,0.9942030519544275
61219.509587083245,0.9945817324147129,0.9949617105883298,0.9948043535780892,0.9952267433748404,0.9943096689859635,0.9949594032111027,0.9950402563235882,0.9950379681384371
61219.50967084804,0.9936411538303368,0.9949629940944723,0.9957714937686339,0.9946642733010841,0.9947706087240036,0.9948509920542908,0.9956002884769894,0.9958585141362065
61219.50975461284,0.9957211173862911,0.9949010409770913,0.9950424240705034,0.9952847081550121,0.9945426393119188,0.9949853037787637,0.9963596942112171,0.9953426822857014
61219.509838377635,0.9960752901411979,0.9955044648393502,0.9949416836126651,0.995569333219432,0.9956286790819056,0.9949228556762295,0.9944372688194807,0.9961743425484392
61219.509922142424,0.9957100530304025,0.995410114663683,0.9952576106828281,0.995205492352201,0.9955973384549378,0.9957431880638786,0.9944827054515271,0.9952074943037795
61219.510005907214,0.9955000628287152,0.9951872668564112,0.9954585183766169,0.9954221786239432,0.9948146032066703,0.9956326915024415,0.9946616594301853,0.9952308059054956
61219.510089672,0.9951490155980706,0.9953242540725524,0.9959677845111233,0.9958829146139853,0.9950207428410001,0.9953458282339506,0.9965078084334231,0.9965134079114126
61219.5101734368,0.9956078415002768,0.9955518933093839,0.9957363752218755,0.9956502684827313,0.9963457035155481,0.9968567444073353,0.9964804178557725,0.9958124790306279
61219.5102572016,0.9950200024325209,0.9941492096566463,0.9943380013658025,0.993715909187299,0.9939565981096882,0.9940316353099153,0.9948729849593405,0.9947992476044009
61219.51034096639,0.9946200831271613,0.9950420314092403,0.9945123104584491,0.9953347186930955,0.994676341691976,0.9941918707918062,0.9943967824766703,0.993747817906689
61219.510424731176,0.9960584960106618,0.9959331382933794,0.9961294143999334,0.995072028414832,0.994973924217379,0.9951522312985167,0.9941480982874488,0.9944846680144178
61219.51050849597,0.9946119506719557,0.9945243507469741,0.9941383416042554,0.9936252361883969,0.9937149683697359,0.9943122045915241,0.9924999509666981,0.9937027889444267
61219.51059226077,0.9946547232066104,0.9944511299737523,0.995033621438606,0.9945578466885806,0.9953655181413612,0.9972145845884038,0.9957573776554027,0.994275572466921
61219.510676025566,0.9948922633154202,0.9945376902338856,0.9944637043378552,0.9952916753453738,0.995927877914033,0.9961095878949766,0.9956867869400163,0.9975115113174718
61219.51075979036,0.9951809446825346,0.9947152081326245,0.9944859981918662,0.9949811188908367,0.9948307650904261,0.9933164142005908,0.9925879338346376,0.9934781012121799
61219.51084355515,0.9952425577714925,0.9949823246503621,0.995814374082473,0.9958420114088429,0.9961489996634659,0.9968511910582533,0.9957993739728018,0.9946332443324628
61219.510927319934,0.9956364813677672,0.9953679246896492,0.995934866318316,0.996178914475408,0.9963914076314362,0.9959193240687126,0.9952581726923789,0.9963128072020735
61219.51101108473,0.9955504960763117,0.9954879144709237,0.9961826193409895,0.99626836042283,0.9965521466300633,0.9967105145822794,0.9962049540336877,0.9946673058011659
61219.51109484953,0.9943421003236468,0.9942914041832857,0.9948928950781628,0.994364325480945,0.9955027838352807,0.9957029122376914,0.9941626266363116,0.9943777966657962
61219.511178614324,0.9959875717730264,0.995738348081853,0.9962229669759025,0.9967526908457205,0.9969500150702753,0.9977803235690474,0.998930063029202,0.9973462436106957
61219.51126237912,0.9956189972380188,0.9961530508766945,0.9963715463103804,0.9968938799457856,0.9974765812571397,0.9971876593681893,0.9981997903607988,0.9964508326802237
61219.51134614392,0.9955237625137465,0.9951170823258959,0.9949586402568232,0.9952941066148517,0.9956374108577517,0.9935931612365101,0.9944462226380895,0.9943726067781526
61219.5114299087,0.9957248677505308,0.9961663839037522,0.9955662826543608,0.9954630376512612,0.9955477323784961,0.9953449470231918,0.9948510870889818,0.9979639612634086
61219.5115136735,0.9953940895447274,0.9957261890775517,0.9954229122872305,0.9953789156280501,0.995867954356644,0.9974700288443217,0.9970336624534991,0.9982872714114935
61219.511597438286,0.9957260580984999,0.9946667245902473,0.9944724757935576,0.9951755517004315,0.99510084706989,0.9942717191012471,0.9951383866026029,0.9940482592345636
61219.51168120308,0.9933809108933228,0.9930465575933887,0.9930231957433363,0.9927667972769709,0.9923835253922465,0.9935242482122885,0.9916294453320296,0.9941442049700886
61219.51176496788,0.9947852231151844,0.9964369964275904,0.9954312840906423,0.9953868120418627,0.9953123994719796,0.9959811011027172,0.9961263225075832,0.9966368789166347
61219.511848732676,0.9958233720910314,0.9958197273164108,0.9953618851061192,0.9956832926473627,0.9958692370887693,0.9957070899799624,0.9975358952070673,0.9971216058566444
61219.51193249746,0.9949447776854007,0.9947997572620382,0.9943869766258148,0.9951279076542295,0.9948408232183907,0.9964238576309035,0.99616166832277,0.9966815110899839
61219.512016262255,0.9960455698488375,0.9968071636531745,0.9963763214642875,0.9959139763400945,0.997278669232688,0.996612754456864,0.9965434481294172,0.9974534765737034
61219.51210002705,0.9952729990534326,0.9951099830578447,0.9955085079685138,0.995220555501155,0.9946648160386589,0.9946905789436443,0.99365770702121,0.9929975736425914
61219.51218379185,0.9939297446102225,0.9942235399654625,0.9938032324402514,0.993481686304821,0.9942227187851193,0.9937127723286524,0.9944314375696814,0.9954676730709084
61219.512267556645,0.9963811181873902,0.9969624351516284,0.9967974819021305,0.9967736400692904,0.9965429663121941,0.9968440048634081,0.9955799050132963,0.9967245690767048
61219.512351321435,0.9960732590801772,0.9960480939550659,0.9971194669934695,0.9973121151314988,0.997025992983065,0.9961632281931766,0.9964419470852733,0.9970356808758255
61219.51243508622,0.9963201535122793,0.9960556729229572,0.9962152713200444,0.9964915175048854,0.9962939974238528,0.9968683031862223,0.9969056078124261,0.9957571458930072
61219.512518851014,0.9953842177882448,0.9958492027387087,0.9951671171328266,0.9962901115483683,0.9949260467099698,0.9951600280772681,0.9967769827971182,0.9973168832555376
61219.51260261581,0.9956627241170732,0.99583072254462,0.9961989221694783,0.9960132183477751,0.9948650387392616,0.9957268682127557,0.9946237256228779,0.996181912473664
61219.51268638061,0.9960639391906269,0.9954991337892369,0.9954942157835115,0.995408379754973,0.9968516954365547,0.9960206023432129,0.9962816054440977,0.9966285145278936
61219.512770145404,0.996439383786888,0.9956783191099177,0.9960456887375962,0.9953110527815199,0.9948721743276824,0.9957668810623191,0.9965673663450936,0.9972990769734676
61219.51285391019,0.9958159293701632,0.9958891501410508,0.9967666427856637,0.9965081457401325,0.9956917588332206,0.9952705083819685,0.9970773831898344,0.9972236488687453
61219.51293767498,0.9945602215237276,0.995283455306018,0.9949256131684403,0.9950849104698524,0.9949920900847756,0.9952269890977332,0.99520565837407,0.9954442396868807
61219.51302143978,0.9954202591885507,0.9958934907173594,0.9950898624104216,0.9955379235309086,0.9960104280748667,0.9958794116284053,0.9958869119283824,0.9965535512836519
61219.51310520457,0.994586727691159,0.9957409149827611,0.9954266446969047,0.9945596733671593,0.9945621638237543,0.9955690031065223,0.9940016027961857,0.9924872176309237
61219.513188969366,0.9959046296297278,0.9946748028602936,0.995810466223785,0.9963411304825204,0.995221431497809,0.9948333405851735,0.9966520660666598,0.9936711750155005
61219.51327273416,0.9951284909689149,0.9949826835063835,0.9944293906233715,0.9943122040867051,0.9954999752487425,0.9958191627276537,0.9960113428350005,0.9960409401798911
61219.513356498945,0.9957032234950145,0.995122299883059,0.9955245712267361,0.9953505949125689,0.9954264172311562,0.9962597305731222,0.9961808922868978,0.99632247450339
61219.51344026374,0.9953777645077055,0.9942341953830818,0.9955456880135453,0.9965856207381132,0.9953990842333303,0.9966416383747854,0.9961271625566656,0.998627885908734
61219.51352402854,0.9959320444506322,0.9954852774026371,0.9961392219666355,0.9960785690148793,0.9966070596366067,0.9969386405874654,0.9973684540601724,0.9997749137720902
61219.513607793335,0.9962882869383005,0.9960581168638877,0.9959988081420222,0.9964951701174728,0.9956979603113222,0.9970317630005884,0.9986479684787875,0.9989080892939098
61219.51369155813,0.996276938371604,0.9959453299310804,0.9966126363610254,0.9958884341119352,0.9952035359729283,0.9957876100751417,0.9973431533773576,0.9982745888434057
61219.51377532293,0.9961475308072723,0.9966262566700543,0.9967003070281556,0.9967509607130614,0.9974215542975907,0.9971768127778129,0.9985461537799538,0.9975800853871709
61219.5138590877,0.9951813928509288,0.9951554460616431,0.9959580711363302,0.9955248526032797,0.9947688752519486,0.9947230491455028,0.996740225194898,0.9950225179803313
61219.5139428525,0.9956335285419641,0.9957474529117845,0.9959474361843611,0.9959919660841855,0.9959246522324436,0.9953973501359125,0.9947651266119338,0.9955357036435485
61219.5140266173,0.9949043675703133,0.9945931303706445,0.9946281975722583,0.9946992574223372,0.9933567557444959,0.9947559623434374,0.9945631421967432,0.9950022764316109
61219.51411038209,0.9960926889812164,0.9957398444290435,0.9959930959333952,0.995202527474171,0.9961077806296683,0.9958906378613982,0.995798745299706,0.9958510868702609
61219.51419414689,0.9951940970475553,0.9946023976993144,0.9942534642379575,0.9947988915702561,0.9942013551326404,0.9934795601164961,0.9952993528257262,0.9949428991722922
61219.51427791169,0.9953267442972474,0.995547017122086,0.9967406751155371,0.9967168678421854,0.9957720137032497,0.9967242866680589,0.997853572177402,0.9964581069749332
61219.51436167647,0.9961852132402533,0.9962080009555719,0.9963659160221813,0.9963354968171593,0.9968797664238003,0.9973573873499143,0.9985172839113257,0.9977535483792498
61219.514445441266,0.9949022146668215,0.9949720576036141,0.9949985325202882,0.9949177428235655,0.9951354747507631,0.994131534869699,0.9937863449918205,0.9938216972567259
61219.51452920606,0.9957305252143207,0.9956478954256189,0.9955902213290564,0.9959032051412305,0.9955453858595602,0.9955371281881118,0.9950327702043708,0.9964702659739764
61219.51461297085,0.9960683798189538,0.9959808259372064,0.9966526681434921,0.9966070117399263,0.9967786300881939,0.9965250194784804,0.9951238432528634,0.9953258197058351
61219.51469673565,0.9958971119492521,0.9968388706208618,0.9969711021335264,0.9964348524958708,0.9966377268587958,0.9963309958037074,0.9955618204339224,0.9968853343807101
61219.514780500445,0.9960323682170784,0.9957677600193799,0.9962151524746192,0.9960562999167605,0.9967476196544304,0.997546716652886,0.9980941869178689,0.997274148482235
61219.51486426523,0.9957515266183637,0.9967017303730096,0.9968011804823163,0.9960194392307337,0.9944096443196582,0.9957487777515486,0.9963079180042165,0.9984157156900031
61219.514948030024,0.9965671419749841,0.995490326446715,0.9962966218427401,0.9957529878808421,0.9958930605369105,0.9959113948453708,0.9964847169705978,0.9970747957094559
61219.51503179482,0.9954659037621526,0.9951515750498864,0.9951937503373345,0.9950936378238664,0.995488953930463,0.9943403667581485,0.9929448738944924,0.9930551470686371
61219.51511555962,0.9965161196455266,0.9962878319413545,0.9968799083352242,0.9959987498621193,0.995943114648166,0.9963819845803321,0.9956221352079967,0.9953946136163305
61219.515199324414,0.9974446713184913,0.9967296374987099,0.9971604745245154,0.9967601147057269,0.9971744877819756,0.9967217931715276,0.9983662366768403,0.9984591537007996
61219.515283089204,0.9960612591860095,0.996762576182332,0.9960359037238865,0.9965460773661138,0.9964448255542596,0.9962636919573528,0.9975454623569663,0.9990037167505725
61219.515366853986,0.9961844617900558,0.9953371648701944,0.9957593649020317,0.9958731250066672,0.9968946366147345,0.9961833930016066,0.9950375374147277,0.9947128172111728
61219.51545061878,0.9973089729743944,0.9958114368735771,0.9968309391556757,0.9965412190463885,0.9966400160630896,0.997056877746284,0.9979007905044583,0.9975618514435809
61219.51553438358,0.9964985666482946,0.9972338874564726,0.9973395533539287,0.9977575948807479,0.9978435782389152,0.9986481593367796,0.9985916821219039,0.9963184611277717
61219.515618148376,0.9960956293578972,0.9962051930352875,0.9963115465065122,0.9970674325286372,0.9959182012074043,0.9956576207300827,0.9955534230114593,0.99623930300482
61219.51570191317,0.997458739356171,0.9972091114665048,0.9973490263845781,0.9978687237014515,0.9953889057277101,0.9968533577465623,0.997878148386069,0.9973267062484222
61219.515785677955,0.9960148387937158,0.9963152072428767,0.9965272525009835,0.9967406446947018,0.9960812963619425,0.9950777288256949,0.9966272958693857,0.9965027392748093
61219.51586944275,0.9967913255001966,0.9979406689810146,0.9978917432499504,0.9982338392726473,0.9980042092019777,0.9982804893285895,0.9981230012150683,0.9985319223328912
61219.51595320755,0.9963051931109352,0.9967423183032781,0.9968797069060478,0.9959999962724213,0.9954581210199278,0.9959387116616849,0.9959259087523451,0.9973724120040194
61219.51603697234,0.9957559028820808,0.9969496223655625,0.997109904524728,0.9965050585044203,0.9967664988270646,0.9963414653812332,0.9975623444797194,0.999070590739202
61219.516120737135,0.9970749933144941,0.997312487617335,0.9976049679123242,0.9976057045714057,0.9971826224034964,0.9981840235263015,0.9979613909770436,0.9978798589051333
61219.51620450193,0.9988632606967955,0.9974630267159287,0.997448557935696,0.9975453522032005,0.9979982024922178,0.9982258518708468,0.9992252318662487,0.9978172076944345
61219.516288266714,0.997954748666976,0.996803951323761,0.9966315310147682,0.9974448565877071,0.9966690610611133,0.9986522218474754,0.9966879812332945,0.9968683731729874
61219.51637203151,0.9966822751640599,0.9969392500677468,0.9974284059526316,0.9969053927364421,0.99747075054898,0.9969047278392913,0.9990408485930947,0.9991551696617126
61219.51645579631,0.9973779967343531,0.9986515099668442,0.9982421420160974,0.9982825319217017,0.9993878325117863,0.9995026722306196,1.0002143589771921,1.0002285261222832
61219.516539561104,0.9966168778068702,0.996822970804273,0.9978717642837145,0.9983034950439128,0.9966122034144083,0.9971146448649177,0.9994865358837312,0.9978031374406299
61219.5166233259,0.9978312237101308,0.9984314359985584,0.9985264651580252,0.9986956950960786,0.998227099420902,0.9980691892849924,0.9988374332988461,0.9985059389221541
61219.5167070907,0.998199296307132,0.997907609564951,0.9971835733213551,0.9971992943993996,0.9978064178933214,0.9979896811716746,0.997306131896083,0.9977346062636099
61219.51679085547,0.9979996153028865,0.9982303877478851,0.9977869106400998,0.9972453512703962,0.9979877925301222,0.9991956886206549,0.9997497460353126,1.000052815756263
61219.51687462027,0.9975577440454285,0.9975628154203129,0.9977400376727438,0.9985453008762029,0.9979441799760005,0.9974733746241832,0.9982712947659339,0.9973025705125902
61219.516958385066,0.9982015088074847,0.9973771348279198,0.9976002685983814,0.9977548637977207,0.9971393031853755,0.9989171492795109,0.9982336337018353,0.9979754464425034
61219.51704214986,0.9980545975126593,0.9978834072768348,0.997765793521629,0.9981314149724753,0.9982200963831582,0.9991258133410605,0.9996133195414522,0.999177673830887
61219.51712591466,0.9987681464906198,0.9986478438883832,0.9975325987871563,0.9980965839844671,0.9979581468273084,0.9988996343191683,0.9982270980926997,0.9989716713010505
61219.517209679456,0.9975016019483043,0.9975110458170864,0.9966803293885662,0.9964503953961417,0.9962976356356105,0.9972743928837761,0.9977639364856185,0.9959481212447561
61219.51729344424,0.9988129569730434,0.9986016418995749,0.9982496558108165,0.9978033988461097,0.9987236337496642,0.9992029171308296,0.9999202500884399,0.9975997051185715
61219.517377209035,0.9988433749459891,0.9994392816868122,0.9992016940091594,0.9994294279515226,0.9997188928747537,0.9992030698963409,0.9996017538656924,1.0004264323109913
61219.51746097383,0.9982855101856585,0.9989666461426235,0.9994879762764635,0.9989671266269975,0.9984078845115159,0.9985138378104509,0.998312245454057,0.998661722855139
61219.51754473862,0.9999421776337706,0.9994470372982943,0.9993657857118561,0.9988486183723018,0.999411519858786,0.9995084471972745,0.9998713472311416,1.0005932871734209
61219.51762850342,0.9981582375133228,0.9987969436647035,0.9979133923537106,0.9984683527856437,0.9990000737658099,0.9990401941291489,0.9967789680267476,0.9966304817076229
61219.517712268214,0.9989188245719313,0.9988294575572437,0.99931608676612,0.9987601510381454,0.9971852696975017,0.9985664524998186,0.9987400649961704,0.9987839956489419
61219.517796033,0.9991621384246284,0.9980495331118571,0.9982657004959864,0.9981523562539643,0.9983450619152769,0.9987555422549931,0.9982816859412518,0.9952866377495903
61219.51787979779,0.9991927918713934,0.999795743107218,0.9995626827318448,0.9995687578601156,1.0001018539286883,1.0004110329351226,1.002127448709828,1.0021474735400302
61219.51796356259,0.9987925605433574,0.9989007058474924,0.9997465814894883,0.9991869525025469,1.0000049382500975,1.0010915884659204,1.0008371568433259,0.99894476278759
61219.51804732739,0.9990386799513924,0.9994291470670689,0.9992607197227564,1.0001004320192786,0.999523166752984,0.9995827682162262,0.9997642324499073,0.998429551615661
61219.51813109218,0.9982060998847762,0.9988700366887459,0.9984210537985923,0.9980491461841754,1.00012270648334,1.0014076813470578,1.0012376631986741,0.9995711020585916
61219.518214856966,0.9992639876058396,0.9990504697636189,0.9990047575214341,0.9992526843895286,0.9989527540194764,0.9988083422233457,1.0000506874823691,0.999159467153882
61219.518298621755,0.9994297757428345,0.999411298156633,0.9992076115163487,0.9992292701426376,0.9990743313939845,0.999893709146237,0.9996651441603724,0.9965439573047766
61219.51838238655,0.999515519203472,0.9988267438617249,0.9990106462846139,0.9990111359302938,0.9988185467971724,1.0008020387716845,0.9998102496840588,0.9990956374067247
61219.51846615135,0.998484250354126,0.9990643747104997,0.9991509673545186,0.9985282467468743,0.9988938105593761,0.9991240057353776,1.0010320601629636,1.0028528655369282
61219.518549916145,1.0000690474313263,0.9996593813831366,0.9996136220921582,1.0002690595192885,1.000968151727399,1.0012653655704404,1.000556190767937,1.0018090234149686
61219.51863368094,1.0002673187711546,1.000219064572297,1.0007387141543498,0.999958981823308,1.000178748030405,0.9997933058666844,1.0015249102092276,1.0024979870729285
61219.518717445724,1.0003147335039635,0.9999840641092013,1.0003143195731874,1.0013652528090482,1.001110367276127,1.0015495077480858,1.0014079725813363,1.0003394666449639
61219.51880121052,1.0010735678851106,1.0005856534843316,1.0001290327009775,1.0011270809750936,1.0002188559378642,1.0016372274260112,1.0003960570934578,1.001671570282051
61219.51888497532,0.9975769058930309,0.9979304973841766,0.9986704766271283,0.9994589687691631,0.9989835351946709,0.9989508033543152,0.9996361031453809,0.9982414868295273
61219.51896874011,0.9989123285140895,0.9994174487171763,0.999420082151408,0.9996951084231986,0.9987125924811554,0.9984733805303934,0.9979747901690231,0.9986799894427149
61219.519052504904,0.9993736659604529,1.0002195544074248,0.9998964121833779,0.9999665493853385,0.9998598331304251,1.000766607453044,1.0008338672193013,1.0019797050255776
61219.5191362697,0.9998327154171063,0.9997663021003486,0.9996074394767552,0.999321601795472,0.9994824133372533,1.0002739068826374,1.0009606426947262,1.0013547142801626
61219.51922003448,1.0003683542565578,1.000225246875226,1.000423857798552,1.0005627432714046,1.0004814892117466,1.001366626870995,1.0016724936049641,1.0014232054113628
61219.51930379928,1.000485307666204,0.9999743591811187,0.9993933176088861,1.0000213430415699,1.0000554219675648,0.9996367592296141,0.9981588945622462,1.0010612383944024
61219.519387564076,0.998876977775183,0.9994634639271058,0.9995927648858685,0.9998025754482841,0.9996872259431857,1.001179687547393,1.0004855530043468,1.0017184207281136
61219.51947132887,0.9994707749397828,1.000218284489251,0.9993756033389617,0.9996032453531302,0.999985102819008,0.9994178075225482,0.9988857726004897,0.998909748190416
61219.51955509367,1.0004830098761215,1.000885492726093,1.000968652081957,1.001361839451644,1.0006229711668684,1.000465203967963,1.0015249211189559,1.0036899270507915
61219.51963885846,0.9996942636980342,0.9993996495921662,1.000258245758844,1.0001393027963121,1.0001604306765202,0.9995774634995883,0.9992773991188246,0.9988399273861639
61219.51972262324,1.0001953694675112,1.0004457870667598,0.999657881455145,1.0001167621783065,0.9997740234740539,0.9991699348417638,0.9985725277072943,0.9992312436238996
61219.51980638804,1.0004233327580816,1.0005133312990615,1.0002339812818526,1.0004758258839501,0.9995191812719783,1.0010415851344254,1.0009006572580763,1.001983033636655
61219.519890152835,1.0011292451267193,1.000912410157626,1.000459018687448,1.000594398171672,1.0001597538903466,1.0000761651965457,0.999243969665607,0.999862967064871
61219.51997391763,1.0008362568931217,1.0006431430654263,1.000692380911055,1.0005202087132326,1.000253528929428,1.001350995301417,1.0005316660395505,1.0022009860162768
61219.52005768243,0.9999292199518288,0.9989633950540867,0.9989035520739602,0.9984684361774919,0.9985074202638837,0.9995985358164395,1.0000163491124088,0.9997393876892076
61219.520141447225,1.0008769252612728,1.0009999399527274,1.0013988530636555,1.0011677059592188,1.0022007335407872,1.00079305620743,1.0013034110174635,1.0028819634749286
61219.52022521201,1.0002265987523904,1.0011283360086982,1.0021135023342782,1.0014818706003288,1.001837221931723,1.000980690506528,1.0020853947754262,1.0013836448228401
61219.520308976804,1.0009428899805788,1.0012759002331977,1.0009004292802044,1.0003070894285195,1.0010569762353922,0.9995307320754303,0.9996641564890284,0.998446641627948
61219.52039274159,1.0013242145355772,1.0021012563855043,1.0017706468807375,1.001845806772529,1.0021992976314766,1.001454625065072,1.0038643882639897,1.0024956063394481
61219.52047650639,1.001598208322533,1.0013052582643578,1.0019836689585693,1.0013744753021603,1.0017095179770088,1.0022859443769867,1.0027672108626062,1.0037918974996136
61219.52056027119,0.9999205961536143,0.9998598142770383,1.0005014985751197,1.0000171270376275,1.000563375604777,0.999979440720888,0.999736753230714,1.0029673723518007
61219.52064403598,1.0005707502289125,1.0004381413841705,1.0003779747306725,1.0003871820866863,1.0007165254008679,1.0003679939418302,1.000471345810612,1.0000798042348362
61219.520727800766,1.0002635662879154,1.0002766306692472,0.9994208634357055,1.0002511742015683,0.9996545210924774,0.9999487327014773,0.9992864606710007,1.0000866760469138
61219.52081156556,1.001735274745682,1.0019621669324283,1.0018758819067255,1.0024153170045143,1.0016646132228564,1.0025019072351902,1.0006191518329925,1.0019163558915223
61219.52089533036,1.0013416766807057,1.0006215939952314,1.000468267293713,1.0007915647943844,1.0003235516987288,1.0010338811147013,1.0014838166718492,1.0013465499939935
61219.520979095156,1.000005326202741,1.00009661982379,1.0005038508301074,1.000468355116029,0.9997336536775655,1.001679730425131,1.0019206592411602,0.9994334173178596
61219.521062859945,1.0012383526758426,1.0016207740122418,1.0009618242740874,1.0018091940283365,1.0012079604171702,1.00070542378993,1.0012381162933293,1.0009918117852588
61219.521146624735,1.0000252792317816,1.0005313599716388,0.9995098523473472,1.0001715699813691,1.000248380079534,1.0006488108996043,1.0005195231709754,1.000118288837096
61219.521230389524,1.001548843845309,1.0008041436746455,1.001656030031054,1.0008683170630142,1.00065552368574,1.0010663042198373,1.0007078226956756,0.999103285272629
61219.52131415432,1.0009356136011711,1.001000711237007,1.0006316463660745,1.0006090523034659,1.0001508645415018,1.0003525753833171,1.0003628611766124,0.9985188654344462
61219.52139791912,1.0005188720885319,1.0006896337428777,1.0012186354186843,1.0005507130045472,1.001763528827414,1.0003552754360328,1.0002639491473764,0.9989752383524045
61219.521481683914,1.0008035914563314,1.0006595328285202,1.0008690107508322,1.0010315327795445,1.0013110337847997,1.0022767411514384,1.0014974183756609,1.001136883366535
61219.52156544871,1.0009870205290379,1.0002863909515953,1.0010967672292022,1.0008958048527739,1.0007308295463093,1.0003863542524827,1.0001191296631298,1.0025123428983456
61219.52164921349,1.0011632039478293,1.0010147787940027,1.001575226307868,1.001198132815246,1.0020463018579198,1.0029489359381623,1.0027732418968058,1.0034276439485819
61219.52173297829,0.9999774645378171,1.0004576617261127,1.000661832440749,1.0011729387976909,1.0014806166525112,1.0008477618000258,1.002355005187326,1.0019932372862508
61219.52181674308,1.0002915524440599,1.0002744868887694,1.0000623116631842,1.000701238765136,1.0005743183056268,0.9997056351980388,1.0008363713428852,0.9993948098578079
61219.521900507876,1.0005455381079882,1.0013822694125392,1.0010719194699194,1.0015253651575147,1.0013672682404393,1.0014421276987084,1.0026456601242706,1.0017340756702935
61219.52198427267,1.0020636192805599,1.0012857628708167,1.000715355555883,1.000817094116662,1.0003878335359027,1.0008638841796114,1.0009625689436368,1.0010679433805292
61219.52206803747,1.0000251261340678,1.0001848349202875,0.9999170883024059,1.0007012946078913,1.0007849394715826,1.0016423454292465,0.9999739910693295,1.0025069102685051
61219.52215180225,1.0008510467150058,1.0007231669558114,1.0009094063661308,1.001158449215883,0.9999640522836896,1.0018910209059415,1.0015225997333221,1.0019843037787175
61219.52223556705,1.0007005720576465,1.001420216042203,1.0008457492186755,1.000736886546514,1.0015915203161279,0.9995132290685708,1.0004403028604694,1.0030354253197336
61219.522319331845,1.0003816183988021,1.0012580920866674,1.0003524155571468,1.0003952182314828,1.000149752569815,1.0008783909264491,1.0021046620375382,1.001207873470769
61219.52240309664,1.0013354727799197,1.001285749839732,1.0009701434538505,1.0007427170265646,1.0009420424563586,1.0010952653572582,1.0006608007437294,1.0018007774555715
61219.52248686143,1.0008541197940308,1.0001628677416183,1.0009039845825567,1.0014418236507703,1.0008332773558968,1.0025883737099694,1.00367139141938,1.0030744369705322
61219.52257062623,1.0010698135477465,1.0002193900152812,1.0002326594996167,1.000585527612014,0.9997373830179136,0.9998573562140654,0.9998970798710131,1.000045993353009
61219.52265439101,1.000632551908826,1.0002710901193899,1.0005069493238115,1.000838360030703,0.9996550940698298,0.9993233463193412,1.0016154381122324,0.9991248007592239
61219.52273815581,1.0013611804818523,0.9999186956225166,1.0002878137267537,1.0000127144671855,1.0002287943644521,0.9998895027156073,0.9999350494758665,0.9995279692311045
61219.522821920604,1.0018745682373054,1.002022371879694,1.0025938923470803,1.0019618785457565,1.0026539072293421,1.0031159074467324,1.0028841174659575,1.001428623047745
61219.5229056854,1.0001888010988116,1.0002062643718088,1.0003209302532288,0.999797882423115,0.9997095855855089,0.9993446294956306,0.9995932296176373,0.9982671565796406
61219.5229894502,1.0020509275330554,1.0012851044112268,1.0007910204028838,1.0025949018459062,1.0034278882154881,1.0022803819432577,1.0019113692665471,1.0012500570921243
61219.523073214994,1.0013750546310776,1.0012421970592804,1.001193952495242,1.0017224076852147,1.0025971079116975,1.0025336262801838,1.0014555263825393,1.0005451236293532
61219.523156979776,1.0000652512437223,0.9998626348942767,0.9996892908085449,0.9998643052711242,0.9999477338413535,1.0000636597018135,0.9994818395866085,1.0014360265898632
61219.523240744566,1.000835742505993,1.0011223458307343,1.0002475113083793,1.0017048807538897,1.0010910028733362,1.0004386820582611,1.0024079507808334,1.002961838310508
61219.52332450936,1.000965759282681,1.0000699154560584,0.999978398280352,1.000402569371812,1.0003050735595207,1.000984031504996,1.000879704102006,1.0009347977354204
61219.52340827416,0.9993863325448382,1.0002652299181412,1.0000064976504681,0.9996795340027947,1.0004359404709506,1.0002758395217515,1.0000216566952478,0.9999036722805955
61219.523492038956,1.0009059841609143,1.0013450951809229,1.000883790920678,1.0008152944907962,1.0011785255443237,1.0013614557942958,1.001991009260665,1.0018307646258686
61219.52357580375,1.000095685903789,1.0008939847609188,1.0001916120586187,1.0002442358012495,0.9998185447780336,1.0009162930300035,0.9987083391652194,0.9985870513823368
61219.523659568535,1.0006200005450383,1.0003818993345148,1.0011146686668522,1.0009773509117228,1.001594690711912,1.0004987997097705,1.0006578547761478,1.0017819709136944
61219.52374333333,1.0012376711526283,1.000474827451311,1.0011668706630734,1.0013258973168973,1.0021912884597037,1.0015428546785778,1.00095945592084,1.0022733879096355
61219.52382709813,0.9996225927779502,0.9999508106747672,0.9994493983881241,0.9997327983120965,0.9998499038336031,1.0003380201053387,1.0010138681909515,1.0010167877241454
61219.52391086292,1.0018385508081815,1.0015042094014286,1.0016922273626117,1.0010299585102205,1.0015518049886067,1.0004852301159914,1.0004726542961553,0.9995697687795179
61219.523994627714,1.0007076209094827,0.9993458582774251,0.9995795693953944,0.9997191021937964,0.999996219661691,0.9994601864445153,1.0005398329940023,1.0007317651123981
61219.524078392504,0.9993961411286482,0.999509345373509,1.0005216186081118,0.9996963458986597,0.9994145041087851,1.0006568053889626,0.9995780787324007,1.00146687800336
61219.52416215729,0.9997625717659118,1.00047408156094,1.0001799919609902,1.0007088336280692,1.000430449254831,1.0007887835545053,1.001456633719966,1.0026301926218553
61219.52424592209,1.0009110721435883,1.00052197458357,1.0007475178917862,1.000316812769101,1.0007541821352217,0.999319339990015,0.9983738315524122,1.0001751950226014
61219.52432968689,1.0009709762594494,0.9997639100610027,0.9998944831286578,1.000238989312326,0.9998626763762603,1.0012466315939128,1.0013885270133518,1.002728232507031
61219.52441345168,0.9999290318906233,0.9999352714962284,0.9997468254819099,0.9994704172786032,0.9997413828698472,0.9997066859091851,1.0000086393437602,1.0013262756747603
61219.52449721648,0.9997410064431268,1.000473954591398,1.0006769469255399,1.0016642828224773,1.0019519501219518,1.0017715291095586,1.00181697897878,1.0002157840864692
61219.524580981255,1.0000021307514952,1.0010963655235228,1.001283170916747,1.000462366538933,1.0004919728882495,1.0005762322203189,1.0008393708363215,1.0013014960426334
61219.52466474605,1.0004310488298853,1.0006597594802902,0.9997598778051043,1.0008786313440434,1.0007616710794014,1.0000556764487292,1.0027982043780421,1.0015416273535782
61219.52474851085,1.0004665672346271,1.0005872623220813,0.9996144703721094,1.0007000298315276,1.0017163722333804,1.0005893910924262,1.0003201335664855,1.0021329475989578
61219.524832275645,1.000712573541064,1.0010265157916418,1.0006121205602083,1.0006141987718093,1.0010836802937817,1.0017866289882176,1.0001085663186617,1.0017750309667859
61219.52491604044,1.0012673027118846,1.0010657033815142,1.0009451952010873,1.0010613587675228,1.0017706005074727,1.0015029539526836,1.0017645655754581,1.0023649668794163
61219.52499980524,1.0017199991431625,1.0011646442857631,1.0001055120305171,0.9999630553661766,1.0007815961174533,1.0009502461809499,1.003057968078254,1.0016608093439447
61219.52508357002,0.9998081397906566,1.0005211340229265,1.000127780457135,1.0018098078022668,1.002173412039704,1.0030165249946188,1.0031215919093064,1.0040132090466019
61219.52516733482,1.0008408869070289,1.0010232528971654,1.0014194681569395,1.001626922529932,1.0000456752660634,0.9998378851857824,1.0012742179481329,1.0002156558512767
61219.525251099614,1.001409591674176,1.0005775436946533,1.0003264829326013,1.0020620721139901,1.0017067154769812,1.002265830968533,1.0023090752310013,1.0038218137514843
61219.525334864404,1.0011441178544591,1.0007625428838374,1.0011373429367776,1.0009839257136561,1.0010463476661215,1.0004903665275902,1.0009952411935217,1.0013978834841841
61219.5254186292,0.9999155055221908,0.999551802540465,1.000123955071644,0.9998016425019828,1.0007766856558944,1.000417569816777,1.0001234461653346,1.0015463319466178
61219.525502394,1.0002884430771688,1.0006497917029802,1.0008644243124047,1.0001213276338032,1.0002081088507049,1.0006161035406453,1.0003976294580552,1.0016156405059986
61219.52558615878,1.0002677338301815,1.000584693861898,1.0001795554942567,1.0002778610821197,1.000715907620034,1.001878765956211,1.0015764992462015,0.999412143181664
61219.525669923576,1.0004726236000725,1.00027225567751,1.000690617244945,1.0000281898597698,1.0006085667630706,1.000278157541154,1.0004324045580784,1.0010034575904776
61219.52575368837,1.0009407177412164,1.0007275762516004,1.0011521400213679,1.0010163013577542,1.001215272345331,1.0018736106581092,1.0018270094512045,1.0029151362174429
61219.52583745317,1.0002220516443387,0.9998780237141474,1.0006277592915167,1.0009655544398688,0.9999486079319148,0.9999002374213838,0.9997827977391863,1.0010326510564214
61219.525921217966,1.0009590338431436,1.000929273160706,1.000698377795933,1.0008171174465246,1.0011963238541033,1.0020709535760117,1.0012853728044349,1.002066466413639
61219.526004982756,1.0005760302459163,1.0013737137815657,1.0004696894588756,1.0006209068517855,1.0012313212905,1.001674299957853,1.0005042662568167,1.0008421243696872
61219.52608874754,1.0007423425704125,1.0004399894592677,1.001667327864111,1.0010667027951259,1.0015899496582334,1.0008334656735562,0.9991575254102929,0.9996757417226295
61219.526172512335,1.0011875581388312,1.0012122861537287,1.0007938840801383,1.0016275152077097,1.0019080782148475,1.001713218346523,1.0025197321983663,1.00323067507246
61219.52625627713,1.001034451684093,1.0007929894003784,1.0011124860015224,1.0011027268325807,1.0017816733920233,1.0016838546157982,1.0013047808702285,1.001349846973302
61219.52634004193,1.0007339587488915,0.9998170776657129,1.0003187202810897,1.000492558607197,1.0007872462591294,1.0000666409004468,0.9991946740580885,0.9995774681419425
61219.526423806725,1.0007826957373882,1.0007143608384341,1.0004730392415577,1.0010700039706388,1.000206284588199,1.000141679128372,1.0011156777758499,1.0025771455754613
61219.52650757152,1.0009831763990702,1.0012526525555594,1.0019471622972447,1.0012356087643428,1.000668088779825,1.0017767735806427,1.002433498296252,1.0016666268691536
61219.526591336304,1.0009270297990722,1.0010712861431756,1.0010028895142606,1.0012294020282155,1.002034670366945,1.001122857581818,1.0026934423479108,1.0007829964952375
61219.52667510109,1.0012982218282118,1.000504368585916,1.001181452941467,1.0007899962334308,1.0000106577103673,1.0010600207520202,0.9999690254382883,1.00057930548857
61219.52675886589,1.0003387298489248,1.0008765176501233,1.0003623061498157,1.0008558797645173,1.0011805220888956,1.0017561361314988,1.004536295931331,1.0031228790639597
61219.52684263069,0.999887002859918,1.000972213814313,1.0006936195567704,1.0002824794020913,1.0008160927692773,1.0020708407351333,1.002866014476417,1.0016577844611156
61219.52692639548,1.00075188707391,1.0004637454605814,1.000421760149159,1.0004895130674092,1.0010785879131814,1.0018010721425263,1.0025469945867092,1.0021011681093517
61219.52701016027,1.0005017905686886,1.0001640777390786,1.0002467531298438,1.000317324040551,1.0005135546406942,1.0013985907233183,1.0006539675035675,1.0034830201686724
61219.52709392506,1.0000742817574033,0.9999027044769587,1.0002261553935194,1.000395418024452,0.9999075848499469,1.0009053049103898,1.000814045606618,1.003193292584304
61219.52717768986,1.0003332318398477,1.0005595777272098,1.0004489524246578,1.0003400282157824,1.0005796333510761,1.0003910942865888,1.0008096421675154,1.0002680212330435
61219.527261454656,1.0009494501381553,1.000904940561744,1.0008574547744562,1.0007049360519278,1.0020002374544135,1.0023171444017531,1.0014119007653979,1.0029085461179024
61219.52734521945,1.0008073312255739,1.0002240336478387,1.0017078509480377,1.00140625355287,1.0011034788676674,1.0017565647833955,1.0017708250320951,1.001428763239746
61219.52742898424,1.0013636218341508,1.0011029465553642,1.0011189028806051,1.0006967455329365,1.0011516535996816,1.0008257504175584,1.0008591447189437,1.0023813811105853
61219.527512749024,0.999538889913831,0.9998909115681704,0.999677579614516,1.0007634808521861,1.001156615289372,1.0007896508992238,0.9994749490703727,0.999276580046959
61219.52759651382,1.0009553483732632,1.0005950171539257,1.0004712105697642,1.0002864563990406,1.0009153377216904,1.0006907516068888,0.9994574106592741,1.0007986703532155
61219.52768027862,1.00130026454373,0.9998340352276884,1.0006821823152656,1.0016053213111682,1.002908186936389,1.0016529359760193,1.0020267631678779,1.0034776204358717
61219.527764043414,1.000662332062922,1.000681527294503,1.0009456893769484,1.0015332114369424,1.00113883828238,1.0015370256821803,1.0014119280397187,1.0000377840232006
61219.52784780821,1.0006899259392843,1.0014779865155654,1.0015852569723078,1.0019527719573855,1.002427674670707,1.003437033700446,1.0013376273348378,0.9993936201237031
61219.52793157301,1.001344356950198,1.0022754137123209,1.002259141488214,1.0011464733026412,1.0013606829740256,1.0021264060222184,1.0020056814815708,1.0035286935966012
61219.52801533779,0.9986450143433069,0.9992119828174546,1.000305524237846,0.9995842238214789,0.9990315435620597,0.9986289020367708,0.9997447844954196,1.0005764861489774
61219.52809910258,1.0013420432676188,1.000700844485178,1.0011592834605758,1.0004879886842801,0.9999524990720049,1.0009025333758463,1.0013278696056216,1.0017558957708261
61219.528182867376,0.9996774797651831,0.9992906035830236,1.0002033127500287,0.9997989804157824,1.000297303790501,1.0011367241001123,1.0006985057876705,1.0017509385032142
61219.52826663217,1.0006623479554182,1.000620089628912,1.0001470057775443,1.000556004167675,1.0008413757964931,0.9995758394994025,1.0003724337813755,1.0018938210395316
61219.52835039697,1.0012297272883783,1.0011831817275223,1.0010819072394521,1.0008171184392847,1.0008262166653712,1.0019635708968682,1.0021165734153148,1.0013466306550054
61219.528434161766,1.0013104548123248,1.000508537196459,1.0010408385721086,1.0004205194671283,1.0009954654512745,1.0018948651460398,1.0035903706627682,1.0016605802034084
61219.52851792655,1.0006676642602885,1.0007454777318816,1.0006039757239202,1.0007741078526462,1.0008875178030103,1.0002267802763354,1.0017989642898533,1.0004127344896376
61219.528601691345,1.0001892251635864,1.0003141513940617,1.0001752537320803,1.0007859537143151,0.9993837286819617,1.000268511797669,1.000114941691162,0.9998428967705494
61219.52868545614,1.0008273647765955,1.00068873604594,1.0012594000628472,1.0012349743906408,1.0018204003378377,1.0010816763988366,1.002239823684769,1.0014426044162776
61219.52876922093,0.9997663695427654,0.9998445414004072,1.0000520843233849,0.9999716315724658,1.0005783878142938,1.0009877727060716,1.0009046604465204,0.9997622628990352
61219.52885298573,1.0010843771664344,1.0014494083446976,1.0020325708108027,1.0014671914013427,1.001598196711132,1.0021637585046292,1.0029398092426465,0.9999773717091289
61219.528936750525,1.000850067472362,1.0015182537920522,1.0012104883713182,1.0018492114432822,1.000788539980788,1.0021256835537122,1.0025619170495086,1.0032439759783731
61219.52902051531,1.0009663586946644,1.0002785406698407,1.0007917616666755,1.000979736514236,1.0012439044750472,1.0002807222804433,1.0011767725955008,1.000786229262054
61219.529104280104,1.0008695768358824,1.0015369345757417,1.0020706182616073,1.0015285350405048,1.001378645788663,1.0025239688222858,1.0034923395940956,1.0025986956039483
61219.5291880449,1.0012870162939815,1.0008483580332372,1.0006702415008197,1.0003288182169554,1.0007705710796397,1.001739633870227,1.0033339582947316,1.0017692562709926
61219.5292718097,1.0004497606549687,1.0007481274971224,1.0002301460570664,1.0007419928080736,1.0006882755378363,1.0009706983511086,1.000717820097986,1.0010999041201731
61219.529355574494,0.9995737008376149,1.0001462594572603,1.0002555883751367,1.000444106206086,1.00008235714429,1.0010835853700546,0.9993506957877691,1.0007711483732222
61219.52943933928,0.9994398550288307,1.000022297311349,1.0000013195276543,1.0007793230696265,1.0008460389090208,1.0009448943675894,1.0011805545210168,1.0010663599574243
61219.529523104065,1.0007691071233455,1.0005555417664251,1.0002847114742177,1.0002176375245369,0.9999542083670869,1.0008528202749158,1.0017582607752629,1.0029530318994235
61219.52960686886,0.9995768366919997,0.9991131383655069,0.999613617559449,0.9991781980958202,0.9991103555909187,0.9992283111098856,0.9973347508409591,0.9963514091581974
61219.52969063366,1.000874522580715,1.0009997096255232,1.0009076911226222,1.0010046649684656,1.0008390022263984,1.001427036187487,1.0013126123505338,1.0024909901255714
61219.529774398456,1.0001516190145876,1.0002123788462716,1.000272721021078,1.000177525301002,1.0007769475449235,1.0014511186304007,1.0012596773258255,1.0012536914558834
61219.52985816325,1.0003958329123221,1.0011021013168955,1.00039391317356,1.0002804457330325,1.0005530248170904,1.0004334067471912,0.9994294882323667,1.0000086297173874
61219.52994192804,1.0004967801943714,1.0012767235304385,1.0014699343466298,1.0019785891800916,1.0004261342569003,1.0015843198763126,1.0015647119665847,1.0020587046101017
61219.53002569283,1.0005683189418615,1.0000883329450134,1.0005198362583954,1.0011338650012174,1.0010673650637705,1.0021392433456353,1.0016767610133914,1.0019473279485869
61219.53010945762,1.001600335268281,1.001136195980234,1.0019016090116009,1.0025536680516516,1.0022647112214969,1.004248385675468,1.0019276203297014,1.0018462310427039
61219.53019322242,1.0021713349118864,1.001460245306487,1.0018123740070137,1.0028369352684485,1.0025327131359367,1.0033456184837495,1.003468287052389,1.002429792900778
61219.530276987214,0.999839812741056,1.0005987175364384,1.0004014560439505,1.001275653976571,1.0013934182572872,1.0019551314988766,1.0029419035695593,1.0018805621406084
61219.53036075201,0.9997948565774168,1.0000745459461546,0.9997657656838529,0.9998204016967783,0.999551340027423,1.0001001740060043,0.998917190231615,1.0009199637641792
61219.53044451679,1.0009996712209268,1.0011929366637842,1.0012997441600358,1.001023750284953,1.0014189751774834,1.0020176969846128,1.0005369787363245,1.0010748492283905
61219.53052828159,1.000458382863934,1.000281386458234,1.0005379978293343,1.000554294634788,1.0001442550981152,1.0018463739301302,1.0017372322738813,1.0007890820047953
61219.53061204639,1.0009644176911225,1.001322971406485,1.001236642545847,1.00116056652498,1.0016944809142398,1.0014498745119012,1.0011876390258596,1.0035294535182258
61219.53069581118,1.0006358631104193,1.0007973188390078,1.0005356902381157,1.0004339418318315,1.0009327769273402,1.0004251148551784,1.0005005692226243,0.9998560274975437
61219.53077957597,1.0010888734184982,1.0006880420571538,1.0002909108938112,1.001453421570605,1.0014347290959542,1.0020872201146012,1.0025600136428414,1.0023015368312953
61219.53086334077,0.9998156243617652,1.0004705922374468,1.0012713139021452,1.000776180239349,0.9999228910717434,1.0002819733319628,1.000683550936615,1.0002769635342086
61219.53094710555,0.9999658736105527,1.000450995379649,1.0005569015484954,1.000575390538662,1.001346813168749,1.0015152045991607,1.000196612258468,1.000732157978972
61219.53103087035,1.0001286238968898,1.0004654087615819,1.000138907816103,1.0003785495412616,1.0014130213865524,1.0012454771265349,1.0006957401715355,1.0002983770399796
61219.531114635145,1.0015072153055096,1.0004534560270983,1.0012277190785546,1.0015678696846937,1.0013275505459422,1.001566083164673,1.0020018163693762,1.0029602273045002
61219.53119839994,0.9995015989660075,1.000825354716279,0.9997106943721289,1.000341475411814,1.0011357476875136,1.000947333834378,1.001251296608884,1.0017329249065285
61219.53128216474,0.999673045891167,1.0008204357602932,1.0000016674407268,1.0007312747218748,1.0002089225833684,1.0013580533549258,1.0023880868929524,1.0021915063546154
61219.531365929535,1.0004643184464082,1.0008042930309227,1.0015037454831575,1.0010106130905874,1.0021360151655418,1.0025703342307977,1.0030737285445621,1.0034257334529832
61219.53144969431,1.0012899836879063,1.0014617810810615,1.0014150863537514,1.0006822844929815,1.0008651304332497,1.0021813901309646,1.002988692326062,1.0029751612321323
61219.53153345911,1.0005987753216727,0.9999152828148788,0.9998045055336323,1.000062082193106,1.0006129779616846,1.0005475945441453,0.9999011372671698,0.9998945012817386
61219.5316172239,1.0005355660963418,1.0012953389359516,1.000218018406557,0.998851041699699,0.9996600929548635,1.0003538015715923,1.0003911385106201,0.9989783884337765
61219.5317009887,1.000321362529024,1.0002881897981508,0.9999284949204845,1.0005461564838916,1.0014201226538157,1.0021242646752928,1.002330151121515,1.0011274548850764
61219.5317847535,1.0010479475919074,1.0013710398475613,1.0012547739355755,1.002107599595665,1.0017627566859066,1.0025687348547867,1.0015901493619326,1.002368567017601
61219.531868518294,1.000136703112233,0.9998736301224861,1.0000627124210133,0.9993544820098892,0.9993875128009059,1.0003025369085823,1.0007558595932868,0.9998928521278173
61219.531952283076,1.0004504503893061,1.0001984666598995,1.0006043790244887,1.0008153880584354,1.0011228397199938,1.000339826515673,1.0010696397450287,1.003489569716285
61219.53203604787,1.0010063587833486,1.0002663655159048,1.0017350153639575,1.0013797131044329,1.0021361691880761,1.0005692984830328,1.000942605163556,0.9998775770831858
61219.53211981266,1.000881635267411,1.0015825810171153,1.0017387825981052,1.0017358022526355,1.0013953382132665,1.0018493644524806,1.0019888501572403,1.0052903668454507
61219.53220357746,1.0004697822866184,1.0004124222555344,0.9999714542803506,1.000042408169881,0.9992451914145198,0.9998507354189611,1.0015727773241911,1.0007498816388607
61219.532287342256,1.0013695433782532,1.0009644899452164,1.0004317967835088,1.0008075281285562,1.0004521912853905,1.0010898532983439,1.0025227040765528,1.0010224191912875
61219.53237110705,1.0004633897948771,1.0002682415465767,1.0004902059380951,1.0006116406772292,1.0008514589467792,1.000753210228488,0.9994156775390712,1.0007140392382858
61219.532454871834,1.0006082975756754,0.9999395882379037,1.0009750082669577,1.0005207802948588,1.0006582433415943,1.000738384801796,1.0009643629120912,1.0005800007548582
61219.53253863663,1.000781815028221,1.0007413855258172,1.0016533709890385,1.0015323097625841,1.000828381096196,1.0011415764969576,1.000144312725436,1.0014086020989832
61219.53262240143,0.9994788613067492,1.000260240237893,1.0004143717225444,1.001040449502547,1.0002382311611187,1.0015595113788487,1.000726430260152,1.000800215185562
61219.532706166225,1.0004238860818258,1.0010860570446083,1.0002493309147544,1.0002118941591849,1.0003477410137898,0.9993394675035785,0.999210685107219,0.9995558079083714
61219.532789931014,1.0009418545844482,1.0009341183852558,1.0011851128277935,1.0011061195902127,1.0018494069570303,1.0009564854208801,1.0003645044544442,1.0016148896943238
61219.5328736958,1.0000867506126478,1.0000878853216895,1.0002340289305767,1.0006694327171437,1.0005667353586711,0.999516424712687,0.9992593949986972,1.0003737020251344
61219.53295746059,1.0009969700263144,1.0004662313905621,1.0006919026549532,1.0003757986030324,0.9999135716094776,1.001070204641305,1.0011711441984628,1.0009850899710309
61219.53304122539,1.001887598759855,1.0013950482286837,1.0013472429729284,1.0011210894197173,1.0011347444276704,1.0006121278122353,1.0008231576162874,1.002177832826461
61219.53312499019,1.0010672429364784,1.0007296171199231,1.0006760622733608,0.9997933087773474,1.0007319937605461,1.002125288132498,1.0020821402670899,1.0031933793818788
61219.53320875498,1.0001005815872586,0.9991234838215161,0.9997248680433676,0.9998252024364181,0.9999403820127337,1.0001730225949332,0.9983498090124586,1.0019052275187845
61219.53329251978,1.0004573938209174,1.000480832999272,1.0001897972060607,0.9997520556242708,1.0002009215269432,1.000246640749091,0.9995621253002729,0.9984862416296553
61219.53337628456,1.000588488108851,1.000324805141029,1.0008546742337225,1.0008271599594771,0.9995794301195493,1.000625577632116,1.001978409547216,1.0016730811418773
61219.53346004935,1.0009785447959132,0.9996965215334549,1.0009976677226626,1.0001540428018543,1.0012735500087913,1.0001379534668242,1.0005568709213133,1.0009629384960834
61219.53354381415,1.0005723317971642,1.0004011765409215,1.0011958166548325,1.001022545570575,1.0012834160735298,1.0012590651286777,1.0011906238593484,1.0022432036734157
61219.533627578945,1.0008879101546804,1.0005742521763414,1.0006326004460926,1.0008959550077383,1.0004459725621753,0.9996266501691322,1.0007854532542046,1.000552065474168
61219.53371134374,1.001022177114615,1.0004928232677346,1.0012030003356542,1.00063944813574,0.9999375125610886,1.0017785618216835,0.9993340577701878,0.9990401082786617
61219.53379510854,1.001640763129989,1.0007351458638412,1.0006426367487804,1.0010966047292515,1.0004133412568041,1.0016775154447508,1.0014255597452837,1.0000092426778118
61219.53387887332,1.0004377551984276,1.0005418844101512,0.9998392751723333,1.0005607388887685,0.9997312214402708,0.9998830798701798,1.000793160295421,0.9992695943605121
61219.53396263812,1.0008812403388794,1.0007272960275935,1.000660412707772,1.001126543891881,1.0006815176512167,1.0015862381712473,1.0009842782802527,1.0012488565399547
61219.534046402914,1.0015237805840997,1.0010008264006092,1.000601372511616,1.000970791249381,1.001034959466504,1.0006682812106784,0.9996675020254105,1.0009853559942101
61219.5341301677,1.0006243090007714,1.0012212878487516,1.0011859510473413,1.0009355817715861,1.0008271945647533,1.0008846858696097,1.0005539917758177,0.9980215663844869
61219.5342139325,1.0013304494267306,1.0006024672588696,1.0012545121439784,1.0012312619642574,1.001023939838922,1.001614939918089,1.0016494515768453,1.001420599776003
61219.5342976973,1.0004177282692792,1.0011105946882428,1.0007974106384807,1.000025147050072,1.0004951023691564,1.0015409899352465,1.0015324512180157,1.0009406688448463
61219.53438146208,0.9996812164883636,1.0001406811506703,0.9992692707340143,1.000198404286795,1.0004973413597371,1.00078330240446,1.0009565031346779,1.0012954549440798
61219.534465226876,1.0007065105537447,0.9999009238961969,1.0005398163301704,1.0011299185316411,1.0008726263092886,0.9997963712178373,1.0021129657045234,1.0034351297333004
61219.53454899167,0.9999577848597119,1.0006012375477173,1.0009013138218297,1.001582291014245,1.0015523982543284,1.0009102613025362,1.0015500861120246,1.0013352027926763
61219.53463275647,1.0008374011528516,1.0016473447278236,1.0020200283621208,1.0019023032605172,1.0016996887694734,1.0023618023747685,1.0025970167139495,1.0032042914565784
61219.534716521266,1.000971936960848,1.0001933305191708,0.9998430016120976,1.0016020136827146,1.0013533291165688,1.0038836182119937,1.0050082085042595,1.0014336915959212
61219.534800286056,1.0015411275086303,1.001295734657691,1.0015837759924793,1.001620242743618,1.0021436104545889,1.002586729149793,1.0048380740181797,1.0046597619671034
61219.53488405084,1.0000888831207695,0.9999232115058946,0.9995766243504812,1.0000882530865969,0.9988581211205291,1.0001119245187569,1.000773546649434,1.000840068621004
61219.534967815634,1.001006737819384,1.0009854423699402,1.0008933781534894,1.0003501950719371,1.0004182165518571,1.0015009127759449,1.0011507205051462,1.0020285150597448
61219.53505158043,1.0004627779337716,1.0004586989781696,1.0006858471765168,1.0006202863767248,1.0002063043693585,1.001603805487845,1.0016012973996544,1.0036737630901809
61219.53513534523,1.0010156256979115,1.0014493979866563,1.0018917366603228,1.001958808931536,1.000817495879058,1.0024055762681892,1.0005353951210698,1.0045206889712828
61219.535219110025,1.0013879990692724,1.0008937999868222,1.00120663203074,1.001542159928268,1.0014024902014522,1.000447684226227,1.0011572697514421,1.0005539972895794
61219.53530287482,1.0012058665593848,1.000968622915186,1.0007642109754848,1.0002816119779565,1.0012806903311648,1.0013823693688944,1.0018782889246365,1.0013898286439369
61219.5353866396,1.001690020597738,1.0019476837172472,1.0012629254050969,1.0010225162841522,1.0026756235613008,1.0015228565016991,1.0026695084494999,1.0041151849360885
61219.53547040439,0.9997897142953805,0.999874889905372,1.0006660005432797,1.0000059354048623,1.00001539588986,0.9992165919152581,1.0004116539138403,1.0018668459728286
61219.53555416919,1.0012465192999151,1.0017915617456155,1.000841557899829,1.0020025792278389,1.0015136102743372,1.0032030818067683,1.0033372029161267,1.0014897838327403
61219.53563793399,1.0009013959972473,1.001174276484801,1.0011294061628988,1.0011716000606998,1.0011319666118248,1.0019218417662308,1.001127635519972,1.001093082159764
61219.53572169878,1.001269063600469,1.000659369438767,1.0010312827366001,1.0003580150432225,1.0013033441548376,1.0010184730752534,1.0011656750152726,1.0034559045936504
61219.53580546357,1.00120222267487,1.0010745264281633,1.0010157233829804,1.001500502225452,1.0020733129469586,1.0008107277583989,1.0018385642172358,1.0002518430381366
61219.53588922836,1.0007440809446273,1.0013341140975658,1.001526045307078,1.0009507273196276,1.000251030247725,1.00116769294452,1.0011638244526024,1.0025230618294623
61219.53597299316,1.0012884863498848,1.0009006905347664,1.000514178110618,1.0011267950601856,1.0003739747201592,1.0002327508019702,1.0026409720094445,1.0009186134039503
61219.536056757956,1.0002521766656034,1.0002603868097502,0.9996616231513455,0.9999879562713131,1.0014038579756572,1.001598819451061,1.0004962244233115,1.0016718985565523
61219.536140522745,1.0006292775248486,1.0007607293355456,1.0002673966354758,0.9995850860336233,1.0003595535784573,1.0012603534750637,1.0000351360055448,1.000754354750613
61219.53622428754,1.0006300061958018,1.0001965078762718,0.9999912495060316,1.0006205819710439,1.0006058964755806,0.9998842381626719,1.0005468568134814,1.0019289208526918
61219.536308052324,1.001311719855026,1.0010906763970255,1.0001075045431664,0.9998984264356628,1.0015790023925004,1.0023176428619898,1.0016920479293032,1.0012211393286816
61219.53639181712,1.0000419340381006,1.0005903690662963,1.0002491669633444,1.0002330662573966,0.9998615946680569,0.9999355269717173,1.0016463341219712,1.0008311861038828
61219.53647558192,1.0012779636632432,1.000475775156428,1.0012649128322675,1.0006172247045855,1.0004775769379388,1.000138460294499,1.0015278241294823,1.0009433086425166
61219.536559346714,1.000133173918566,1.0016200884880913,1.001205590281492,1.0010536822500717,1.0010496257593309,1.0014654434452288,1.0016083450841642,1.001202445965275
61219.53664311151,1.0003378528480067,1.001337200125698,1.0006223653675215,1.0013138501731187,1.0008856394381873,1.0008464741708483,1.0000665137479758,1.000625176615057
61219.53672687631,0.9993140428769004,0.9994828586360274,1.0003223493228823,0.9998754902027586,1.0008160215909163,1.000519886609871,1.000494737972825,1.00084407927629
61219.53681064108,1.0005727532131896,1.0011731291924741,0.9998562327009223,1.0002429367746624,1.0007163759432167,1.0003377743417303,1.0005930721273881,1.0022470526270975
61219.53689440588,1.0001976035551716,0.9996190001681926,0.9989912606610727,0.999925337431806,1.0005211293032328,1.0024396434553624,1.001899949167475,1.0036323536880094
61219.536978170676,1.0008297369965355,1.0003217652228884,1.000478237153517,1.0007239407066573,1.0024229464663288,1.0013625806170363,1.0017652140224367,1.0022043428428924
61219.53706193547,1.0002942441031746,1.0012171385063933,1.0002233204602744,1.0005445077575603,0.9997628341004519,0.9986660058867376,0.9999462145600387,1.0013632430908403
61219.53714570027,1.000289602169895,1.0000929801416285,1.0007737630521614,0.9997620976408435,1.0012213591941483,1.0023148784995362,1.002296194592047,1.0010664804744651
61219.537229465066,1.0009749218365185,1.0004492014336723,1.0008251772414063,1.0013042581250597,1.0009192193938752,1.000801626854664,1.0012992233864246,1.0030373208218735
61219.53731322985,1.0010157446267582,1.001130215380674,1.0010533929606098,1.0010161611303903,1.0013728636035195,1.0007893037700806,1.0013151901147839,0.9991667844045342
61219.53739699464,1.0012299293879554,1.0009628944726814,1.0011578753357564,1.0015719948510873,1.002331091383227,1.0014418032811825,1.0002778539370787,1.0014087565252805
61219.537480759434,1.0011560475567685,1.0008149202702137,1.0003560967803728,1.001118755192539,1.0002515087150923,1.0005134147551635,1.0002179830525764,1.0012500558901172
61219.53756452423,1.001031370393945,1.000502432745907,1.0015165583466394,1.0013578798279967,1.0017934166380968,1.0011260443803571,1.001349061411999,1.0023390602073514
61219.53764828903,1.001247505164432,0.9997252358067616,1.0005594365490533,1.000855988471748,1.0007532360209506,1.0013798730035273,1.0009055598172505,0.9996514932511719
61219.537732053825,1.0010041176765025,1.0010937688850114,1.001329265695314,1.0011850298711038,1.0022625772232254,1.0025264950713604,1.0017569427437076,1.002064973900239
61219.53781581861,1.0013779065395294,1.0010531965474938,1.0003953039414195,1.00103036504548,1.0005804582423425,1.0014081790900855,1.001338348740624,1.0009006556689692
61219.5378995834,1.0005774282558362,1.0000378148827904,1.0004758396819906,1.0005191859221427,1.0003323766320023,1.0000515780775847,1.0004959990692357,1.00112662752452
61219.5379833482,1.0015913856738934,1.000632142045624,1.0002087788657101,1.000465036567214,1.0001560526155757,1.0016256447401586,1.0025233354770806,1.0028330140079225
61219.53806711299,1.0005655936436295,1.0004298281090946,1.0004275635647402,1.000768292512187,1.0014159077451714,1.0019640657710598,1.0011452301843575,0.9995744771051063
61219.53815087779,1.0003169584534384,1.0003365978270635,1.0004256817165287,1.0015119537131725,1.0012089153230679,1.0013754420864889,1.0000898530661921,0.9996447281014201
61219.53823464258,1.0013515520129996,1.000856962669999,1.0010779666568148,1.0017504345437072,1.0020438072338904,1.0017197215193556,1.002142070814169,1.0026557318592888
61219.538318407365,0.9999865010111841,0.9999064435072178,0.9996878487436833,1.0002588623839506,0.999684401295022,1.000735570473784,1.0006403920512896,0.9982536841662748
61219.53840217216,1.0018793256560576,1.0006694154025846,1.000919897266389,1.0021136187001338,1.000412309931384,1.0013271808555901,1.0008737405717505,1.000735332733124
61219.53848593696,1.0019652836653945,1.0015952506840045,1.002045992715631,1.0027382333222608,1.0021072748311917,1.0028693883783508,1.003157304564109,1.0023260398119682
61219.538569701755,1.0005550227497495,1.0000417008190372,1.0000225743962643,0.9997858409877067,1.0003387632414704,1.0005846730527286,1.000576316830227,1.0000380672540625
61219.53865346655,1.0008199082822302,1.0004115022832385,1.0002849434162662,0.9998622820260462,0.9997707122431754,1.0012991496991386,1.0000019734997425,0.9999693433130405
61219.53873723133,1.0005616454178115,1.0012910409055775,1.001353453558464,1.0023835241105934,1.0009295121906405,0.9999598649800948,1.0001463692092287,1.0002657098996648
61219.538820996124,1.000400171828673,1.0009756030100705,1.0003136697374577,1.0010852624451418,1.0011341641803189,1.0020751160178245,1.0007614709438741,1.0001371229618758
61219.53890476092,1.0007580311129598,1.000749955635774,1.000303207691763,1.0007241347912563,1.000679578421287,1.001945815910589,1.000986066111985,1.001631037459469
61219.53898852572,0.9997033430811411,1.0002828693288328,0.9999667486648365,1.000861009604129,0.9996140048815934,1.0011265507298925,1.0014365734569748,1.0011850478595554
61219.539072290514,1.0002800497201496,1.000400040386274,1.001226626363966,1.000577147724034,1.000384647247563,1.0021151668794637,1.0029891917870628,1.0038219630534353
61219.53915605531,0.9996033432567435,1.000582736414792,1.0003728901364446,1.0000105636524352,1.0002474907726961,0.9994430599723667,1.0000696745008342,0.9998560976568078
61219.53923982009,1.0001803277495616,1.0000572542538053,1.000433862593383,1.0010445550619285,1.0012823216850961,1.0006216882078525,1.0021660585793635,1.0009385568548774
61219.53932358489,1.0007795008158924,1.0008961170695871,1.0010959576431104,1.0004083425199668,1.0007583412508514,1.0028026963112506,1.0026738825687076,1.0015312003204282
61219.53940734968,1.0005901382797113,1.001074671217992,1.000496966971419,1.000369056024643,1.0003371088940545,0.9998983176920313,0.9996324480454569,1.0015732417886127
61219.539491114476,0.9993041672797311,0.9996322926540984,0.9995182551058468,0.999406591987388,0.9998632838438398,0.9992029453410491,0.9989683186734953,0.9984439529275624
61219.53957487927,1.0009893318277423,1.0005901122314158,1.0011752807181293,1.0011474427328761,1.0018225140477404,1.0019847692034292,1.003825771575874,1.0007069489772096
61219.53965864407,1.000645143798479,1.0002646460810014,1.001141654096034,1.0001167941948195,1.0005777580295083,0.9998974405454567,1.0017106943596867,1.0008264393773265
61219.53974240885,1.0000256834309362,1.0010822564229833,1.000369155957908,1.0003927735597433,1.000207193338057,0.999765581914743,1.0020216703703158,1.0021561501343337
61219.53982617365,1.001003759035837,1.000332012333191,1.0004400447665704,0.999409206421104,0.9999663403044953,0.9999376594730652,0.9988437145749397,0.9997591535593822
61219.539909938445,0.9999754096380521,0.9994400340370371,0.9999733111433846,0.9999453767907468,0.9989355461012326,0.9990401365133614,0.9995464862046929,1.0001694585379854
61219.539993703234,1.0001262360493284,1.0012846196994312,1.000208192266802,1.0006827860850205,1.0014775196329948,1.001140228383157,1.0012242646885525,1.0011426264938224
61219.54007746803,1.0005565735925086,1.0008182858540917,1.000993500615117,1.0005950367646044,1.0009724714592825,1.0008033048845923,1.0010148197238204,1.0006636712762196
61219.54016123283,1.0013318225384065,1.0015992563503018,1.0010743901281167,1.0013626589751043,1.0000493846561818,0.9995954817015607,0.9998859045589706,0.9985765589346879
61219.54024499761,1.001116228377667,1.0010806915790667,1.000824247925458,1.0000178904701422,1.0009878683024604,1.0012928236769225,1.0013527799247195,1.0005355481866947
61219.54032876241,1.0012090172467663,1.0001021065786573,0.9990756015557738,0.9994302516942131,0.9993108964807739,0.9995779803681886,1.0017107185656464,1.0038388527733595
61219.5404125272,1.001255242955981,1.000959955796044,1.0007009638723852,1.0012815189550348,1.000765042837247,1.0020270988770468,1.0034563385133501,1.001627193630134
61219.540496292,1.0005186299928392,1.0009421805056675,1.0005767370157903,1.0002158180434688,1.0002074706124322,1.0011919484738652,1.0007638063075976,1.0015836715420947
61219.5405800568,1.0008728302947394,1.0007638165888222,1.0007380438661517,1.0008831007500005,1.0006045095964946,1.001236666931504,1.000810938379614,0.9988160696935835
61219.540663821586,1.000277179800202,1.0005545390411734,1.0002354877996285,1.000787280786375,1.0014801288863084,1.0013147583180295,1.0024259426275164,1.00269236353577
61219.54074758637,0.9998016299593181,1.0002654969996865,0.9995411331265802,0.9999272276470309,1.0006396691707733,1.0027315214489962,1.0011112269476148,0.9997415881216033
61219.540831351165,1.0010773320228472,1.000565902258301,1.0005677693269441,1.0005677375992632,1.000667181889734,1.0010990452876183,1.002281467140642,1.0024813307954612
61219.54091511596,1.000565891892809,1.0010111925727014,1.0009573848723257,1.0015252606695144,1.0011069180843402,1.0017387165599498,1.0029017755431389,1.000680254294509
61219.54099888076,1.0008449437315712,1.001080680107257,1.001144909465699,1.0011865167775393,1.001254985474945,1.0020071513829356,1.0013718787679,1.003124025715595
61219.541082645555,1.0019136627185783,1.0014983273703288,1.0015906033581332,1.0015202874378077,1.001438746531141,1.002747771491779,1.0024047753680274,1.0014754490740816
61219.541166410345,1.0001416154828235,1.000096398852236,0.999977912727694,1.0007299498835254,1.0003163288703216,1.0011743278447336,1.0004265068271216,1.0024047070098612
61219.541250175134,1.0012963388322815,1.0005920236799073,0.9998767897534174,0.9997701129376776,0.9997543814587482,1.000781209110536,1.0011347793464629,1.0019762751928387
61219.541333939924,1.000903849533793,1.0006994218694232,1.0010493246882364,1.000413229133355,1.0006328194792846,0.9998592615992383,1.0009822640716575,1.0021887531886842
61219.54141770472,1.000599122042966,1.0006254252454738,1.0014437548552615,1.0012811198654759,1.0017734987009737,1.0025483379097186,1.0023970413934191,1.0019330877056543
61219.54150146952,1.0007822886246094,1.0007336758015735,1.001825426440762,1.0011814303711817,1.00018242039425,1.0012135692165114,1.0020256827638427,1.0009389099286856
61219.541585234314,1.0006064598733593,1.000748511747052,1.0017309815843958,1.0018614494451896,1.0016641273164206,1.0022532078515292,1.002528265310576,1.0022398787948872
61219.541668999096,1.000657396648212,1.0002790061134512,1.0003901859599185,0.9989604066339001,0.9991649706965785,0.999850573329733,0.9999635555732402,0.9998154307787878
61219.54175276389,1.0018046372806857,1.000769963696685,1.0014474559781865,1.0010420662123651,1.0010354724240984,1.0027742310043,1.0029056181540188,1.0044147181791316
61219.54183652869,0.9998420276252834,0.9999045036576446,0.9993255100475217,0.9986131590071227,0.9985994866841618,0.9989812476798932,1.0001194358173815,0.9999115339772598
61219.54192029348,1.0016437141016676,1.0017520932634758,1.0005696256372087,1.001863954923485,1.0010168544642142,1.0003619552813425,1.0013643033252817,1.0018200935219872
61219.542004058276,1.0007491045626915,1.001382318641081,1.0016115977617928,1.0019033868581633,1.0037411930433202,1.0043440116260478,1.0044427238731897,1.004037696654235
61219.54208782307,1.0004745489759932,1.0009776174820941,1.000821733266815,1.0008003380635524,1.0004367271524557,1.0011505521281918,1.0014670753527775,1.002790375711516
61219.542171587855,1.000627480613273,1.0006602318292621,1.0005816447238043,1.0004216254018765,1.0000100189648857,1.000058873288194,1.0011267821746583,1.0007620764450667
61219.54225535265,1.001705290902759,1.002038929487612,1.0021635028710096,1.0021146645728962,1.001717379212758,1.000864145004608,1.0017726377516452,1.00186653901814
61219.54233911745,1.0012274636671625,1.000896242034347,1.0018006222397093,1.0016276777721758,1.0016550153027268,1.0025687683245386,1.0028479050092256,1.0021688192905511
61219.542422882245,1.0011635416633746,1.0013331854378804,1.001559716261281,1.001244888589351,1.0008683880690201,1.0009894160708999,1.000649596111792,1.0013042218154526
61219.54250664704,1.001043407635479,1.000376611609973,1.0007274785631293,0.9999283772632235,1.001113262257303,1.0006841731271139,1.0005576703998433,1.003165853416283
61219.54259041183,1.0007853680606327,1.000848504382341,1.000749929956425,1.0008597691503878,1.0011836924846798,1.001550192443586,1.0010101875213517,1.0018401669162222
61219.54267417661,1.001192680025497,1.0012004365541538,1.0006026847862177,1.001781949712991,1.0024803481794604,1.0031426667526044,1.0021097834731374,1.0022245411193524
61219.54275794141,1.0008753749482637,1.0013689636727956,1.001187080797481,1.0000522469188238,1.000246794881642,1.0004035134771745,1.0002933314323075,1.0013878928429225
61219.54284170621,1.0006540359150051,1.0009257830575753,1.0007214322606652,1.0004332548418444,1.0000656929543337,1.0015625279597913,1.000374001713896,1.0009863585315044
61219.542925471,1.0012345811216077,1.0007301319034525,1.000694501223994,1.0010650724348562,1.0012079218692693,0.9995227136791063,1.0009072085499464,1.0004560900047799
61219.5430092358,1.0010269427444902,1.0015240728952648,1.0017835213227326,1.0012304394625169,1.001567808115876,1.0015986155246426,1.0008529735629204,1.0020759110272999
61219.5430930006,1.0018151014299659,1.001046290072668,1.0017745037740848,1.0006568067942285,1.0029290170047649,1.002961677872786,1.0024689828695463,1.0024538220375476
61219.54317676537,1.0013299694733435,1.0007644479838518,1.0013686207774575,1.0005553747577736,1.001373540896902,1.0002409520865825,1.0006738426421058,0.9996764424295819
61219.54326053017,1.0001770615767074,0.9995750460971621,0.999702314829945,1.0003149888206122,0.9992364378286772,0.999417856531828,1.0005729099266227,1.0003552526059323
61219.543344294965,1.0001355739503746,1.0009036609537891,1.001508919073262,1.0010520779497547,1.0010335862820672,1.001245407796334,1.0019797671265365,1.0022004440375425
61219.54342805976,1.0006099056314208,1.0004149769049955,0.999135561228582,0.9997441115579735,1.0005438259015498,0.9997847258957341,1.0005537640352387,1.0018572246641049
61219.54351182456,1.0016647345767062,1.0012650843216224,1.0012377393509293,1.0018938650478815,1.0013655418693135,1.0018412662068905,1.0013032521445442,1.0021179586320474
61219.543595589355,1.0004988941612474,1.000111958301351,1.0007127804242655,1.0001605451323003,1.0000933975674502,0.999822494837489,1.0024471804593105,1.0008944295245654
61219.54367935414,1.0011313643910942,1.0008414077873327,1.001587512603201,1.0020190357155891,1.0023505601020481,1.003106690355144,1.0023952951550263,1.0024720472507693
61219.543763118934,1.0007779886448742,1.0010800204225223,1.000982914085749,0.9995103597401616,0.9999662579675314,1.001477777766086,1.0010673163138206,1.002317367266531
61219.543846883724,1.0006832227492413,1.0005519700241063,1.0002518038945833,1.001173429717559,1.0015968502397141,1.0022836904282526,1.0021815964190273,1.0037291441815637
61219.54393064852,0.9989656621422514,0.9999017765969108,1.0005725974361617,0.9997803850264028,0.9994967125796721,0.9996616253428657,0.9983784092062392,0.9992480087779165
61219.54401441332,0.9998840789054831,1.0006368954956977,1.0015711679853443,1.0007660781607903,1.0011318560402143,1.0027686257771022,1.0018967846643971,1.0022910305921948
61219.54409817811,1.0010167945910105,1.000830485399545,1.0010176190504276,1.0014059755800426,1.0018897324572467,1.0016207397479884,1.0008284897460151,1.0006558024307752
61219.544181942896,1.0012745971027877,1.0005256595960854,1.000553349341652,1.000470869777355,1.0013287247352936,1.0017344491665574,1.0019124793314058,1.003230390386537
61219.54426570769,1.0007691012960969,1.0004010535809442,1.0013268912189959,1.0004617820514257,1.0012903246012885,1.0011402188203706,1.0004521501435921,1.000882927011261
61219.54434947249,0.9996395911270631,1.0004596734137166,1.000920884070357,1.000622136881546,1.0007584220661876,1.0020726175008303,1.000857828392033,1.001866531995887
61219.54443323728,1.0001527630094424,0.9999856373063777,1.0008005728112217,1.000724060830629,1.000319874431861,1.0009054502647419,1.0029106918595565,1.0023231668881583
61219.544517002076,1.0004253397154828,1.0003228550447907,1.0003216174561709,1.0001974857355151,1.0007499682409957,0.9990901331509061,0.998635335354295,0.9992452358104975
61219.54460076686,0.99989822296227,1.0006778230138027,1.000610187967764,1.001068258946578,1.0001170884649144,1.0015132535516829,1.0019256623743924,1.0025938489842647
61219.544684531655,1.0005781259364217,1.0005217952669363,1.0007450210323183,1.0012953160866749,1.0016116101971775,1.0015583757979738,1.0012200156902922,1.0016938753608697
61219.54476829645,1.0011421024210598,1.0003460273203413,1.000597390581826,1.0007932835103024,1.0005479168820741,1.001051179238864,1.0022441084805758,1.002073651949604
61219.54485206125,1.0006266918157092,1.0007715689703776,0.999701141742683,1.000162258388038,1.0002635889171598,1.0012085657276424,0.9994080598212557,1.0000214737340254
61219.544935826045,0.9998809647708432,0.999582249057006,0.9998159108250645,1.000438358869694,0.9999832337530208,1.0007825744373517,1.0020651920041086,0.9994661260855828
61219.54501959084,0.99907436443272,0.999403835354735,1.0004902286016413,1.0006877516228363,1.0006367910965714,1.0008023196785323,1.000123969150437,1.0038621789256896
61219.54510335562,0.9999933037942036,1.0000178414600613,1.000241296742904,1.0005492640711857,1.0000880755901416,1.0011479706540263,0.999964157312944,1.0000584902426113
61219.54518712041,1.0001166663827121,1.0006844229796987,1.0015942254350314,1.0016834708896352,1.0012868968813586,1.0017583766923321,1.003200166841195,1.002581798229136
61219.54527088521,1.0002312176415502,1.0009404162972941,1.0002634078513448,1.0001081197052808,1.0005680260370742,1.0007046573326068,0.9989207495304868,0.9979632164617699
61219.54535465001,1.000219541954306,1.000786558170321,1.0001468647107885,0.9996310771342634,1.0004887556601474,1.000532749991881,1.0011941630434087,1.0008593786773838
61219.5454384148,0.9995395370033033,0.9998201200341427,0.999614526865144,0.9996360928064641,1.000041337612787,0.9995979350343893,0.9992298084972885,1.0001227259518952
61219.5455221796,1.0011850812932908,1.0016164625052753,1.0017301698977803,1.0019103840795178,1.001153046565278,1.0027021450475797,1.0011637545621552,1.0020779355870586
61219.54560594438,1.0006035012203076,1.000568814872769,1.0004690419447777,1.0004392774209738,1.0003809106372161,0.9996173740273382,0.9993050457341623,0.9995500767378928
61219.54568970917,1.000882466974715,1.0008177771962863,1.000667464608364,1.0004175396976966,1.001475655977239,1.001081644841642,1.0018804159807344,1.0017072636337294
61219.54577347397,1.0006186814678495,0.9999153068722658,1.000022107084997,1.0004636191539857,1.0016689549338063,1.000954567604085,1.000100913485158,0.9997663006311157
61219.545857238765,0.9994463632709195,1.0007706103503349,1.0001679598290363,0.9999356504718852,1.0003899587425478,1.0017903458041881,1.0028906223914822,1.0016225337011526
61219.54594100356,1.0010485001210272,1.0006285471369325,1.0012269382364727,1.0003734065475784,1.0007445250406826,1.000364392118365,1.001068782990425,1.0011823261356028
61219.54602476836,1.0011545263800024,1.0003052619668447,1.0010088082375428,1.0007782598235624,1.001191431821146,1.0006716377486746,1.0009331000627368,1.0008875199441551
61219.54610853314,0.9998912013925522,1.0001297363761474,0.9997774001534864,1.000251998688829,1.0009965515552908,0.9998133387086633,0.9988004656843553,0.9999019997824286
61219.54619229794,0.999855045168961,1.0003331451465347,0.9996445971899022,0.9998911298971389,0.9990928448687687,1.0001590355855314,1.0008957853825131,1.000663918889709
61219.546276062734,1.00008958053648,1.000790133922204,1.0014818836737247,1.0010343743071324,1.0013887772928953,1.0010314839632422,0.9995786702442343,1.0006133439293452
61219.546359827524,0.9997902257688848,1.0003466512531258,0.9997323150635408,0.9999290689688212,0.9996220275789456,0.9993991213599519,0.9994265340824887,1.0010817325544321
61219.54644359232,1.000684219738506,1.0010022021267344,1.0006581825042722,1.0004773184987559,1.00133778940946,1.0019119932916758,1.001396799996726,1.0001832517607547
61219.54652735712,1.000998327510369,1.0018698019366885,1.0010633592826892,1.001306866850405,1.0007611939645922,1.0013398113837535,1.0014920385158719,0.9998305948591727
61219.5466111219,1.0016346718010516,1.001708016566598,1.0013922273482858,1.0001384614321296,1.0000350284372603,1.000761594162319,1.0017926864230497,0.9992972417921021
61219.546694886696,0.9994825698207489,0.9999050275740707,0.9994467935175118,1.0000353821584835,1.0002004428905062,1.0004209318533752,1.0009744462285124,1.0017013918284046
61219.54677865149,1.0001959521923738,1.0002418623990754,1.0007367929489555,1.00020908291078,1.0019743670789174,1.0020821212369386,1.001326554983356,1.0009815383559801
61219.54686241629,1.0007955066786147,1.0006462285366744,1.0005875526128059,1.0010373486163835,1.0004343444525952,0.9997113695228518,1.0016936196120425,1.0020402494339178
61219.54694618108,1.000616557170851,1.0008608985030483,1.0001501807745359,1.0002083254348257,0.999655016974028,0.9993167551688745,1.0006316857471427,0.9984449652707053
61219.54702994587,1.0008888742994526,1.0004119506862004,1.0004402101551808,1.0004637804775014,0.9999061513076127,1.0007024521540828,1.0015907436011984,1.000535963385298
61219.54711371066,1.0016624153317535,1.0014146917533573,1.0013637815022978,1.0019844457200944,1.0023941865198884,1.0030837174345129,1.0022201360571865,0.9997477890871188
61219.547197475455,1.001161091835078,1.0003582509231816,1.0015348442906975,1.001478395195419,1.0021766289296665,1.002009767761271,1.00149201158248,1.0027674557743667
61219.54728124025,1.0018988699830695,1.0010150569018508,0.9999549022634076,1.0010314235759339,1.0017119715170908,1.0019793478207981,0.9997106687521033,1.0014705465926934
61219.54736500505,1.0013010795639126,1.0012669886419991,1.0018872558008547,1.0003972317971497,1.0017389171761397,1.0023761802630609,1.002139310993827,1.0007358992581112
61219.547448769845,1.001287027948479,1.0011613963157764,1.001204667930439,1.0008186175070313,1.0013073086711952,1.0010492877197312,1.000741023726456,1.0002540659290884
61219.54753253463,1.000226311892833,1.0004552834974891,1.0008205941195953,0.9994874937450342,0.9998568747480963,1.001012268739493,1.001918013632037,1.0011872134337414
61219.54761629942,1.0008302452915405,1.0009955920255502,1.0001642862340283,1.0003210084214613,1.0002609502457114,1.0010044726779508,1.0021470862208457,1.0031824860964504
61219.54770006421,1.0010929000472975,0.9999601776856651,1.0006716349219724,1.0011966397040597,1.001033325238387,1.001303462515766,1.003360865435045,1.0010761637814567
61219.54778382901,1.0007694771536333,1.0004602664951299,0.9994308409237271,0.999046060485941,0.9997533234203086,1.0002647328235874,1.0002283646818821,0.9986244768264354
61219.54786759381,1.0002817965703625,1.0006014899275264,1.0006009610300601,1.000762925402912,1.0011471543157329,1.0008458705199623,1.0008418333665658,1.0026907598050692
61219.5479513586,1.001254137103117,1.0019676292957784,1.001660755546267,1.0027793551828146,1.0021822790713426,1.0035492362629614,1.0040169093345883,1.0026088475672328
61219.548035123385,1.0006408239531235,1.001296116791462,1.0006750442931978,1.0005328185037965,1.0004230864366783,1.001704531989575,1.0021961711342358,1.002202962242692
61219.54811888818,0.9996498417871437,0.9993014214993811,1.000259065626447,1.000822255972787,1.0014136996943532,1.0012119672107342,1.0022098365917727,1.0024095431910611
61219.54820265297,1.0000740755522646,0.9994390617176494,1.0004407774071593,1.001646239159522,1.00068656252322,1.002410764557904,1.001451678998653,0.9997498687494195
61219.54828641777,1.0008164270309268,1.0002802107648254,1.0007838145007315,1.0002772257156574,0.9995148669503262,0.9999188791170237,0.9989068788336856,1.0007266665773045
61219.548370182565,1.0009464994313515,1.0004102368201364,1.0004445113645877,1.000406656565132,1.0000553254287428,1.0011268137065161,1.0007790315153586,1.0002675096208078
61219.54845394736,1.0008388473700103,1.0014761921240816,1.0022028450183487,1.001572237580931,1.0016397919251034,1.0016142480504995,1.0023986979674824,1.00181312320858
61219.548537712144,1.0007707421963346,1.0013484380439355,1.0013608210903948,1.0020894457363383,1.0022195060304147,1.003603186395438,1.0053091444964515,1.005868103460164
61219.54862147694,1.0006360863999915,1.0011983090346872,1.0010455159963823,1.0012130785703182,1.0013410059612835,1.0012359987318102,1.0015349867070686,0.9998400345382775
61219.54870524174,1.0007398538055001,1.0010575516027853,1.001680327342549,1.001842719040437,1.001340644659247,1.002399120431149,1.002599926202127,1.0012200820684263
61219.54878900653,1.0008525448476522,1.0007589352781918,1.0001795078455327,1.0006897175360188,1.0003801719715173,1.001740978876122,1.0004671094267248,1.0005489205804063
61219.548872771324,0.9999039535315424,0.9996007116535617,1.0000163344033954,0.9998053330876439,0.99997280096651,0.9995786296813792,0.9998270775990992,0.9999364265348027
61219.54895653612,0.9986205756572001,0.9993086499645103,0.9979868183740086,0.997918315542964,0.9979378254897832,0.9971710734325371,0.9968434281566634,0.9972038418140071
61219.5490403009,0.9995972050449423,0.9998415753250794,1.0004708284955415,1.000129930396425,1.001417151253117,1.0003162635711267,1.0007468222470703,1.0007039750215287
61219.5491240657,1.0015652708591818,1.0007423716559272,1.0010403190794082,1.0014400252658544,1.0008819040113286,1.001764643664343,1.0027171556652517,1.0028146847894437
61219.549207830496,1.000540865714091,0.9997355595442964,1.0008149902537744,1.00007509802255,1.0006785700893512,1.0008010578688782,1.0005996050090915,1.0017522764637896
61219.54929159529,1.001809601037014,1.0002811211587173,1.0008059278202501,1.0007307788382065,1.0001786347536783,0.9992994773656324,0.9995699397341277,1.001079350555681
61219.54937536009,1.0003293548653875,1.0015351429686776,1.0004357801504993,1.0010257851949622,1.0007547294139734,1.0008396695311772,1.0025533962107434,1.003845777663546
61219.54945912488,1.000455030606725,1.000353388323852,1.000350962436897,1.0011622477642046,1.001476047711829,1.0012129402242418,1.0031173265464532,1.0029650230602987
61219.54954288966,1.0015841447877274,1.0011323887873786,1.0012937190839173,1.0021956586572311,1.0026351237501814,1.0039594243316599,1.0038087466038654,1.0033066371847112
61219.54962665446,1.0004579034402972,1.0007679334091573,1.0005441829874766,1.0007171889452366,1.000218347545153,1.0013134121167862,0.9999028057737482,1.0022145452904807
61219.549710419255,1.0015087770081408,1.0010229398170052,1.0004031280608907,1.0010563865285764,1.0007724977984087,0.9996642049044738,1.0012607175002375,1.0024794030289161
61219.54979418405,0.999465266335708,1.0001515433949908,0.9998719162065536,0.9998852485381334,0.9998886035591893,1.000748692290094,1.001555699508186,1.0013641178990504
61219.54987794885,1.0004939057715496,1.000635805896549,1.000228012477661,1.0007219221771897,1.0009987910530809,1.0006796628389492,1.0007838236135331,1.0000921163316425
61219.54996171364,1.0011735960511265,1.001394847527706,1.0011231855169598,1.0012231409384729,1.001766088881433,1.0027942296593182,1.0035281606643232,1.0025690794743043
61219.55004547842,1.0006824273298038,1.0001337839201185,1.000032162292399,1.000629442106721,1.0002449809323903,1.0016436552919015,1.0000843003553943,1.0002193303873825
61219.550129243216,1.0013312761014106,1.0008012945449485,1.00107694093788,1.0014447190355937,1.0008630236552063,1.0008195979599137,1.001413240275481,1.0011420400408206
61219.55021300801,1.000391110192187,1.0005035995291722,1.0011918783938265,1.0011684428354006,1.0007003329154887,1.0003130753381695,1.0022245746119771,1.002086839487256
61219.55029677281,1.0007089805125369,1.0000209742664459,1.0003027868131271,0.9996746955382713,1.0014043601127882,1.0019820744102457,1.001238959751702,1.0019050117268546
61219.55038053761,1.0011008616581685,1.00070884724176,1.000876432233058,0.999814818413992,1.0020539925023004,1.0013225393181833,0.9995781199848109,1.0001914639374223
61219.55046430239,1.0004359537839778,0.9991449392238295,1.0012664452196522,1.0013647206896361,1.0014858967005242,1.0004580863861097,1.0001509175431609,1.000756059196867
61219.550548067185,1.0007365227382863,1.0006408646304077,1.0006911843863697,1.0012563735827247,1.0018467268634952,1.00100628984642,1.0005923947014437,1.0024323168629092
61219.550631831975,1.0002093302308412,1.0005145450833326,1.0001296100133592,1.0007351675824059,1.0009333341812063,1.0000953491021696,1.001444177196701,1.0006015015010485
61219.55071559677,1.0010382327738256,1.0006282248124987,1.0019056222281402,1.0017981731503083,1.0015145628132582,1.002647525520061,1.0024826626461014,1.0019479405294298
61219.55079936157,1.0008488993738878,1.0010033876213007,1.001227530915844,1.0009937850623711,1.00283021061926,1.0037730920059187,1.0034648593521152,1.0024221712259784
61219.550883126365,1.001095933130207,1.001179974187311,1.0010209630843077,0.9997793359271702,1.0008410001235282,1.0023992064962257,1.0018572880385048,1.0047738005052638
61219.55096689115,1.0022924741401698,1.0014170866884993,1.0012794009187522,1.0023094746313277,1.002058529150662,1.002015527905607,1.0022760559153834,1.002418019746056
61219.551050655944,1.0001164611046356,1.0010772016986895,1.000638737844957,1.0003829611189434,1.0008300770347685,1.0007393339083377,0.9992543127699344,1.00114718248081
61219.55113442074,0.9994387690415869,0.9998023849507875,1.000640401238694,1.0003290619395595,1.000323680698941,1.0001665459588327,1.0006875357148923,1.001298702704355
61219.55121818553,1.0001502247129164,1.000318113957541,1.0004722023486567,1.0002880564801273,1.0003361927051275,1.0006191662620318,1.000839349698723,1.0025212182034235
61219.55130195033,0.9995124437405729,0.999990141383816,0.9996796896459441,0.999779457043902,0.9990758917386247,1.0000433710553007,1.0022561831633485,1.0011513669843
61219.55138571512,1.0016580562849073,1.000496280514712,0.9997902345749756,1.0005156246434843,1.0001157421625666,1.0005822221105962,0.9996996079922084,0.999015041872915
61219.551469479906,1.0001865851550846,1.0003338585148827,1.0008797625582566,1.0010780944690505,1.0010462685414827,1.0013607323695113,1.000712227498494,1.0018458833462964
61219.5515532447,0.9990734945834254,0.9999571535830291,0.9999839362560581,1.0005992053642523,0.9998659541313298,1.000292249263066,0.9985492340735657,0.9994933257378473
61219.5516370095,1.001459094945867,1.0009760897266484,1.0014632702690625,1.0015908595266432,1.0021007773119734,1.0022171272196978,1.0022435350379795,1.0045253759770587
61219.551720774296,1.0005348175597686,1.0008514450637604,1.0007152404692898,1.0003649526989713,1.0014402943646203,1.0002138286776214,1.0013392089045183,1.0013442639660304
61219.55180453909,1.0005496749247618,1.0004457647914016,1.0013373104803374,1.000851747896993,1.0011097407036667,1.0008863548148912,1.0018078434450084,1.0028847475767304
61219.55188830388,1.0013411673262007,1.0016130264198884,1.0010562141851729,1.0014011311589588,1.0020905090303207,1.0020994733908444,1.0028116110704597,1.0032014273896641
61219.551972068664,1.0016095023249922,1.0009007780769246,1.0016675627911142,1.0019100413290944,1.0015460564483416,1.0016174731001837,1.000842786263151,1.000852914978393
61219.55205583346,1.001633167046532,1.0011631089566957,1.0009491562361932,1.0001253475676266,1.001582822861439,1.0020146385664799,1.0012265107288754,1.0016017494777987
61219.55213959826,1.0006580119526918,1.0007063567453307,1.0014208421206086,1.001044885154661,1.0007085799683875,1.0028263668371433,1.0014248465217932,0.9995869450832714
61219.552223363055,1.000389185081141,1.0004534059075423,1.0005315981966572,1.0017230112833537,1.0017337733983382,1.0015724488724524,1.002251593917935,1.0012594092777556
61219.55230712785,1.0003428017713387,1.000853280107773,1.0005646913962627,1.0002662817765366,1.0009645299154064,1.0019645914852373,1.0013187098658904,0.9988419879428759
61219.55239089265,1.0001534095691649,0.9998426433171308,1.0006495065671255,1.0002322591434374,1.0002169971851311,1.0014373606497309,1.001050959221744,1.0001237401929441
61219.55247465742,1.0011773146303737,1.0009191936724744,1.000317864815136,1.000576674922038,1.0006515803030998,1.0005810721855422,1.0010337675354495,1.0008061432954358
61219.55255842222,1.000371811139367,1.0004668217989325,1.0009422873022793,0.9999303002395317,1.000384743279176,1.0010401265704427,0.999883055415228,1.0011463706198207
61219.552642187016,1.0004160945206648,1.0007851916884691,1.0011314318417135,1.0002228073227426,1.0000179163815597,1.000994094425034,1.0012667311470576,1.0013324254600733
61219.55272595181,1.0007183758914446,1.000210429084164,1.0000755754759585,0.99978975866724,1.0004851534602446,1.0003176731258292,1.000691783008508,1.0000240040225108
61219.55280971661,1.0014740145564707,1.0011578699038117,1.000700706945159,1.0014906954930223,1.001541081064002,1.0024017836671373,1.0033384101457536,1.0040521834984404
61219.5528934814,0.9998339131815736,1.0001981464516245,0.999772010983308,0.9994232564583786,0.9989432377600318,0.9994999191044399,1.001464766240588,1.0018782873102912
61219.55297724619,1.000603503074432,0.99977478422264,1.0004331884357993,1.000445862895078,1.000507568388373,1.0001708759884755,0.9996176435440953,1.0006864292587105
61219.55306101098,0.9998584866890237,1.000362330209538,1.001073668985132,1.000856194965848,1.0008800755220792,1.0014126740777924,1.0006692377139579,1.0002125036189444
61219.553144775775,1.0006885795799771,1.0010003950382964,1.000922761828075,1.0014755941228046,1.0012484619189868,1.0010860375075352,1.0021290142558452,1.0035601474687752
61219.55322854057,1.0005268638951457,1.000993343328135,1.0015575150228986,1.0013276810586018,1.0011315026844552,1.0001246908384858,1.0016750215935784,1.0004924280751792
61219.55331230537,0.9998456352219318,0.9999294605235215,1.000063169892985,0.9991431268598687,0.9996420521990752,0.9995479845372887,1.000264888065872,1.0016955790479614
61219.55339607015,1.0003084617951938,1.0006051553377264,1.0008753905943641,1.0000960455087893,1.0004783475578185,1.0010556292814754,1.0019327158546953,1.0036379106307032
61219.55347983495,1.001119463825028,1.0006998635897775,1.0013090476010271,1.0007909840297273,1.0008898056547462,1.0025933769597686,1.001585354877255,1.0003974025078215
61219.553563599744,1.000324022668021,1.0009916782451058,1.0012340104789792,1.0008004988906885,1.0007024476398096,1.0003716536201521,1.0015371880856907,1.0009958900060039
61219.55364736453,1.0006296348411394,1.0003625160974026,1.000106207082785,1.0006146767857962,1.0003951216252303,1.0009507809797742,1.0003804002695693,1.0015369401580114
61219.55373112933,1.0010979636614774,1.0012956684998773,1.000820860886117,1.0004005178330713,1.0010399001915466,0.9995965307392192,1.0011417997566516,1.0009270648433202
61219.55381489413,1.001390060326036,1.0008671141076377,1.0011291627232464,1.0010122786938405,1.0013822442690317,1.0014288414024737,1.0012507091881984,0.9998007882430141
61219.55389865891,1.0015664357791572,1.000597563115997,1.0015703944398184,1.000549451206464,1.0011651519587372,1.0011664696250806,1.0001656944292727,1.0013885557815425
61219.553982423706,1.0012608148651658,1.0012776001771624,1.001501874911442,1.0012794416045316,1.0011887809766762,1.0010171811428223,1.0022591403815873,1.0051277842330388
61219.5540661885,0.9997788430333214,0.9999499555237639,0.9998329692893496,0.9990728111513284,0.9995856785990388,0.9993255008150976,0.9973663276859325,0.9994593055169714
61219.5541499533,1.001225296195549,1.000446387721795,1.0000537174253579,0.9999941180850461,1.0006789083979033,1.0012704663606602,1.0005062494408719,1.0007426765544623
61219.55423371809,1.0003632495867625,1.0006420471178004,1.0002662134878102,0.9998960532426505,0.9987404849307544,1.0005035081866818,1.001859423958757,1.0020330277112086
61219.554317482885,1.0008182713551168,1.0005898426995807,1.0008026992046246,1.0007853054419715,1.0008121544587294,1.0011056828175988,1.0018342276002197,1.0015684972130166
61219.55440124767,1.0000327653921397,0.9996467500298637,1.000167628941262,1.0002874201209049,1.0007233336702699,1.001813643142345,1.001050445100796,0.9997924471985186
61219.554485012464,1.001093742349599,1.0013060687532676,1.000628767432384,1.000563372184926,1.0001546523799805,0.9991740143264052,1.0007363264065463,1.000009124501522
61219.55456877726,1.0014472590092856,1.0002911023012422,1.0003705599922335,1.000230299931386,1.0013389794913674,1.0010798513410688,1.0003082140064126,1.0023093401357135
61219.55465254206,1.000894236162812,1.0008711522959584,1.0008161592505427,1.0009676164025902,1.0018395463025234,1.0004843082633907,1.0025968240890584,1.0039633993852628
61219.554736306854,1.000317197900382,1.0004263088252447,1.0000466155544103,0.9995186048609582,0.9995022019360245,0.9989995128408221,0.9980701493770386,0.9987610513553303
61219.55482007165,1.0001232503790332,0.999732108200289,1.0001149554327255,0.9998839083120022,1.0001366062139605,0.9998937906689904,1.0001240724519274,1.0000895570684565
61219.554903836426,1.0005091453510777,1.0002762322744652,1.0013873294795674,1.0003183736361636,1.0015405850133818,1.0009590061713525,1.0013277015276194,1.0034658546197204
61219.55498760122,1.0010332054475122,1.0003414116433584,1.0011441340407576,1.0018087827774664,1.0018526289190854,1.0029537414773546,1.0026279679541883,1.0020566999783578
61219.55507136602,1.0017964428447448,1.001229841252189,1.0010981053734131,1.001602550517737,1.0027658090807094,1.00344582763874,1.0048677290463195,1.001952792020406
61219.555155130816,1.0010138764638241,1.0011532013228528,1.001565623376405,1.0014103727627028,1.0010785853771353,1.0026804597561256,1.0026226624169234,1.0021363253025413
61219.55523889561,1.0010479004441686,0.9998367280957473,1.0010891532726645,1.000455816556002,1.0012586076250773,1.0014178310493818,1.0003376774324484,1.0031188567681828
61219.55532266041,1.000851502829648,0.9998786361751224,1.0005558555982,1.000870152428244,1.0012740627973158,1.0007177014512783,0.9999876701640267,1.0002529092185506
61219.55540642519,0.9998556742469374,1.0006421414539426,0.9997636535519011,1.0010869099305229,1.0003820910821482,1.0005961094279507,1.0020591193765698,1.001324482849343
61219.55549018998,1.00112538854763,1.0005053210802348,1.0008305656377072,1.00141391964634,1.000859779037806,1.001512518412485,1.000429951573846,1.0003922138221855
61219.55557395478,1.0020451561730428,1.0013332042605583,1.0009302571602954,1.0010558561464944,1.0007256382599103,1.0011485403570208,1.0012690781023674,1.0032826244331978
61219.555657719575,1.000857876250394,1.0005066677370178,1.0009321704058098,1.0008419009577794,1.0001426213772076,1.0013379368385664,1.0023904570314353,1.0010213581984835
61219.55574148437,1.0015848392898135,1.000366608637597,1.0015727348655408,1.0008352360628674,1.001048146737236,1.0002945997959418,1.0006204286121376,0.9997418666076997
61219.55582524916,0.9995355244128754,0.998833025289998,0.9990199317053222,0.9997940352295485,0.9997444376219284,1.0014725359247683,0.9988201294469068,1.0009314870279242
61219.55590901395,1.0003228688727934,0.9998775676261872,1.0003821430543112,1.000064144155828,0.9993382577132466,0.9998037768786282,1.002452413378696,1.0027967358480943
61219.55599277875,1.0013818711875937,1.0016474530974413,1.0009489046155535,1.0001242344353676,0.9990121463597392,1.001016562430548,1.0021730295548459,1.0027576970572372
61219.55607654354,1.0008401886966936,1.0011007407380135,1.0006371118184325,1.0013013853255288,1.0009876703217935,1.0010469735254435,1.0014638024342746,1.0015058558081662
61219.55616030833,0.999704233325806,1.0000683130781625,0.9993238623524361,0.999902085253001,1.0005083528719714,0.9981648568336929,0.9991457204023676,0.9976670971723176
61219.55624407313,1.0011568061585896,1.0003480312115698,1.0005911217343935,1.0007520194368649,1.000871744779659,1.0001377478669184,1.0003655214456832,1.0007445871133247
61219.55632783791,1.0013343483858104,0.9998303855216157,1.0002773113288914,1.0003352490686748,1.0000038110621339,1.000469588983627,0.9995731512854087,0.9992903802287177
61219.55641160271,1.0011441205032088,1.0001981582575645,1.0006552961634714,1.0011658758059796,1.0012203843380214,1.0045805457111001,1.0053896385177414,1.0077222839446947
61219.556495367506,1.0017922170299922,1.0010745902470648,1.0013497075506623,1.0016768007827324,1.0011588649313465,1.001372499139001,1.0041001157870875,1.0016217386050008
61219.5565791323,1.00052337125422,1.0008100747115334,1.0004307916275963,1.0011035133467676,1.000710750316653,0.9994175940333437,1.0014634134342733,1.0015267019032603
61219.55666289709,1.001007699580282,1.0002706466170068,1.0002660761798865,1.000545127488051,1.0002298792849804,1.0013456461178227,1.0014578498137472,1.000566942654406
61219.55674666189,1.0004759419532896,1.0007419936430975,1.0000947727156817,1.000581666271616,1.0004546289329168,1.000847203811444,1.0023743147246353,1.0024263645863636
61219.55683042667,0.9991222800440359,0.9987842447057185,0.9997072503975377,0.9997165398799857,0.9987861114436314,0.9991825436145882,0.9979069374545217,0.9990712228684785
61219.55691419147,1.0019874388646652,1.0010033507555829,1.0006710552879592,1.0003822597339347,1.0006907809823287,1.0004554714421923,1.0013446378580853,1.0001773011923247
61219.556997956264,1.0009015633982077,1.000913484275401,1.0006306705069414,1.0007112430568248,1.0020395930015253,1.0011369459567547,1.0016959641808494,0.9996953572153731
61219.55708172106,0.9999036849483558,0.9997339929183505,1.000084367605237,1.0007042391343395,1.0008458600332348,1.000127705028732,1.0001901963154154,1.0017214036039532
61219.55716548586,1.0009540968391835,1.000332529344256,1.00061154590112,1.000827587094509,1.0012507599149072,1.0016193203914299,1.002509256131725,1.003170498288542
61219.55724925065,1.0016211504652432,1.0006945637251656,1.0020034261537143,1.0012941565428817,1.0022399846027992,1.0027064717302474,1.0053742500049845,1.0020026767123016
61219.55733301543,1.0003616725213849,0.9997442865841518,1.0006981820050047,1.001627444721743,1.0014480107076016,1.0010345397516087,1.0022156204524393,1.0018068494267318
61219.557416780226,0.9999358765238828,1.000373321316806,0.9993670482372102,0.9997396620072181,1.0000271467440722,0.9998788048265581,1.0001199062994164,0.9988664425902055
61219.55750054502,1.0004291854347,1.0009510400839046,1.0001363961424146,1.000946744614308,1.001548243365442,1.001671413669874,1.0019642118994934,1.000588379314632
61219.55758430982,1.0006796829605766,1.0004748512859443,1.0017621426337724,1.0010881449240838,1.001125886694867,1.002327184849243,1.0028046765743817,1.0033616968340549
61219.557668074616,1.0010577140606025,1.0007226062850443,1.0009320843948883,1.000836112670033,1.001402814815355,1.0020267976492776,1.002944786124345,1.001937272082617
61219.55775183941,1.001168739304273,1.0017750270813164,1.000696568802731,1.0015939690994573,1.001901217195686,1.002818830644319,1.0006939499533003,1.0011709290193536
61219.55783560419,0.9994116286311178,1.0008325194738836,1.0005531167362804,0.9994451048744065,0.9988351606043462,0.9992031463986314,1.000900230074026,1.0008916229642075
61219.557919368985,1.0017242781977775,1.001369317628238,1.0017799450151426,1.0012850303474987,1.0016765990840084,1.000963355326568,1.001796380388881,1.0015979754281468
61219.55800313378,1.000003219917238,0.9994277747936237,0.9996745282167665,1.0001113372407557,1.0004780427250755,1.00099295836602,1.001334751939561,1.001805020477834
61219.55808689858,0.9994795261428423,1.0000971465246358,1.0001739004419876,1.0002447172898965,1.0001311565889974,1.0003188976406165,1.001420482289527,1.0005133106100716
61219.558170663375,1.0000626605019587,1.0000121612437076,1.0002237633391335,1.0006794930997784,1.0006402277771975,0.9998437034240453,0.9997808121686278,1.0011015085467727
61219.55825442817,1.0009437476456262,1.0021429194359388,1.001450079864067,1.002324642268282,1.0019994441791886,1.0007772733067588,1.0021104874915445,1.0027554856169858
61219.558338192954,1.0001843901364775,0.9992175762712882,0.9998767219838866,1.0001194307174477,1.0002345275193711,1.0011186867725672,0.9996667032287384,0.9994709587240245
61219.55842195774,0.9993848916251783,1.0001202536447635,1.0003968438464683,1.0001972050325976,0.9998428659674925,1.0003616057615028,1.0008072761201812,1.0004670727448521
61219.55850572254,0.999749936966519,0.9992611037692083,1.0000304699335445,1.0005355118619401,1.0013681840912265,1.0020059591425519,1.0014947062853805,1.0035356210805928
61219.55858948734,1.0006407688591366,1.0000738301275172,1.0007784622555504,1.0008510824995378,1.0006598479825068,1.00006749820424,1.0019060903217452,1.0007661505536818
61219.55867325213,1.0010952640561148,1.001088625059284,1.0009763306019628,1.0005924583184422,1.0016901447825912,1.0039340755367692,1.002837841125758,1.0024454123521127
61219.55875701692,1.000454581113956,1.0001535055199224,1.00042458557477,1.0001232724508335,1.0000926950826763,1.0000347339467022,1.0005194495303094,1.0018213089410886
61219.55884078171,1.000315498727658,1.0011875989310637,1.0007351951136716,1.0007199165536036,1.0011501099929458,1.0008610980618187,1.0008027571061437,1.0000398577387286
61219.55892454651,1.0009150688415203,1.0008984197847464,1.0009689542257214,1.0015138776822408,1.000786232686032,1.000843428662477,1.0023509211987065,1.000940911650307
61219.5590083113,1.0005595685334265,1.0004642120179599,1.0007706741766453,1.000721635765902,1.000921647742566,1.000676501859933,1.0013607337985393,1.001799118685592
61219.559092076095,1.0005228438882194,1.0008783800928265,1.0005888866665227,1.0018218805096182,1.0018892837461537,1.0017939241988265,1.0021924335294912,1.003855953983293
61219.55917584089,1.000962420534094,1.0007310982084932,1.0001796263592961,1.0010480577677414,1.0007290215144984,1.0008005161370335,1.0010071348429896,1.00060407892087
61219.559259605674,0.9992402577250654,1.000344922017065,1.0001400879788134,1.0005100664278903,0.9999629614457204,0.9984841750035843,1.0006187768110806,1.0003081609992608
61219.55934337047,1.0012232442094084,1.000884425513679,1.0009501559749654,1.0001598405208216,0.9988571680743988,0.9998733430411549,1.0015092581583454,0.9991907877297802
61219.55942713527,1.0003705047761753,1.000025682720296,1.0007901924648472,1.0004053540638844,1.0015317747891757,1.0008176421310429,1.002172082794983,0.9989630341199314
61219.559510900064,0.9998703872550898,0.9991786178948525,1.0007149837631715,1.0004103662614248,1.0011569454825762,1.000775776491631,1.0003349745472514,1.0007592047865275
61219.559594664854,1.000553576267716,1.0009803240494983,1.000726949452241,1.0011789789983119,1.0008587149128558,1.0024251964759388,1.0000294663560962,1.0012844081180432
61219.55967842965,1.0014072472661042,1.00045666111702,1.0003189902536742,1.0006196445573223,0.9999260134517212,0.9991693010681009,0.9983888007224861,1.0017629766056353
61219.55976219443,1.0004899752923524,1.0003182821364958,0.9996317747082323,0.9987075575864793,0.9982810497443401,0.9989927990476208,1.0005429119238982,1.0007926303301418
61219.55984595923,1.000173334786337,1.0001557468664697,0.9996253148236885,1.0003699572026208,0.9990793872555208,1.0000422648799938,0.9998642095413731,1.000774399359938
61219.559929724026,1.0012659425790806,1.001433951362231,1.0016172408742423,1.0021274816021302,1.0013900657733918,1.0030119360525365,1.000763436399621,1.0017464278761834
61219.56001348882,1.0019335227765158,1.0014320816800362,1.001958933079817,1.0026025493251245,1.0020651538103256,1.0026293399693285,1.001073783396225,1.0009870673994532
61219.56009725362,1.0003137476394461,1.0012501257502961,1.0010622608192987,1.000698376885966,1.0021992031214912,1.0033156097430882,1.0032269693163023,1.0014464156648903
61219.56018101841,1.000340910564285,1.000472655938012,0.9994598973588161,1.0007793883436027,1.0017067335674437,1.0017008646610235,1.0020748171119394,1.0012489161974714
61219.56026478319,1.001391085127169,1.0013778387324066,1.0017222251640219,1.0025480812942051,1.0029087927132712,1.0025172268188651,1.0013144312068059,1.00256652185597
61219.56034854799,1.0007265872793814,1.0011283732085468,1.000649970009007,1.000059299238364,1.0012066190178448,1.0021432040126568,1.002330213852453,1.0025961755641561
61219.560432312785,1.001543273260499,0.9997799364016264,1.0004890340669261,1.0006846038287582,1.0009622863599426,1.0015945317367472,1.0010658683883122,1.0003436684193998
61219.56051607758,1.0010852488698536,1.0017610411635083,1.0015515524097247,1.002128930783682,1.000430551880164,1.0024320388886159,1.0032415961936492,1.00301842495188
61219.56059984238,1.0012347225648242,1.0007891081419567,1.0008521280672222,1.0005588660468454,1.0011323045822373,1.0015459606715724,1.002432989971097,1.0014374714025556
61219.560683607175,1.0007521628087197,1.0006537691909494,1.000678875759152,1.0001840390481893,1.000399984409122,1.000633120040751,1.0009225762660339,1.001000401771778
61219.56076737195,1.0000635589577467,1.0004559226888943,1.000978380492078,1.000316106420292,1.00080226912004,1.0005659687208384,1.0017330061178644,1.0005477717778108
61219.560851136746,1.0006823539594463,1.0008276927378812,1.0013309603758005,1.0019675186640582,1.002032823956303,1.0024580785948178,1.0025382603263835,1.0018786932724177
61219.56093490154,1.000428376506641,1.0003112130515548,1.0004925515598497,1.0012048309676211,1.0013912812157602,1.0010230837726746,1.0022013099572145,1.0020279618833643
61219.56101866634,1.0007225365469625,1.0008084654282765,1.0003913361625263,1.0003140931028147,1.000359352723605,1.0001156977551666,0.9999574437388649,1.0008086022859133
61219.56110243114,1.0001300690545487,1.000618366184444,1.0011049043267186,1.0015711157620215,1.0017593915217808,1.001051400139228,1.0014681816674174,1.0011471175724196
61219.56118619593,1.0004047231747237,1.0001704570675511,0.9999317639988313,0.9998087953384827,0.9998679899000819,1.000048449133903,1.0010416307221526,1.001700862945223
61219.561269960715,1.0011072994435242,1.0000633756336295,1.0014444306711539,1.0006436527229412,1.001639986693445,1.000812923613206,1.0023342252231933,1.0014714124174813
61219.561353725505,1.0006215887351633,1.001668365872028,1.0010498602112499,1.0010150050612572,1.0008439782870169,1.0009831892625916,1.0027961390300952,1.0031754866818152
61219.5614374903,0.9997994603687052,1.000108710554118,0.9998941913769582,1.0000993903657467,1.0002593199061984,1.0000319738875023,1.0008436587004894,1.0010893697287986
61219.5615212551,1.0022156180283095,1.0014789738708199,1.001651662268209,1.0022960197537314,1.0011848957540268,1.0033489711966312,1.0045657221961046,1.0068088111474571
61219.561605019895,1.0006612315075567,1.000358257605789,1.0011623413810042,1.000280717501109,1.0006330353813437,1.0014770780091973,1.0018390466317861,1.0021403763832284
61219.561688784685,1.0006258730872772,1.0007568398352413,1.0003002226263438,1.00133501978943,1.0010887468067116,1.0024062831971676,1.0015237200260512,1.0005702758837218
61219.561772549474,1.001198972924262,1.0000797284196283,1.0007124016666593,0.999760989224195,1.0006233028817004,1.000627197807187,1.0009232867620923,1.001216254434557
61219.56185631427,1.0008939683742502,1.0006427301916612,1.0009885521127198,1.0004858696378527,1.000071768475478,0.9990379258362354,0.9983330001894429,0.9993790187092295
61219.56194007906,1.0002653833299864,1.0003599559904788,1.0009053471591756,1.0013954466146426,1.0013041925467983,0.9995233840304268,1.000158555375788,1.00188554174025
61219.56202384386,0.9998407803292028,1.0000038829409439,1.0002578053121707,1.0005781367612807,1.0007351499544719,0.9994180936889285,1.0009320159084827,0.9980787528907312
61219.56210760865,1.0004817670829147,1.0002160311140105,1.0003623560096173,0.9994704033799618,0.9996859181887386,0.999022600514889,1.0016292740342743,1.0019522563680257
