t_bmjd,bin00,bin01,bin02,bin03,bin04,bin05,bin06,bin07
60554.03370123443,0.999855959725463,0.9993654848727541,0.9985063059673104,0.9992140523957881,0.9986675595486776,0.9989117869252663,0.9996389782111744,0.9997724267249297
60554.03387896637,0.9998136140799136,1.0005763560616376,1.0003885332550102,1.000280481483,0.9998666496098265,1.0003519391564955,0.9996803308838583,0.9992107964527581
60554.034056698314,1.00042075275404,1.0011022915924894,1.0011501108870144,1.0013274377307035,1.0006792986652273,1.0001079696039243,1.0003900000055796,0.9995252232154169
60554.034234430255,0.9998759108857034,1.0001424266579524,0.9995116317150218,0.9997939950223365,0.9990963392464077,0.9997846174788717,0.9994639926989617,0.9997759053049426
60554.0344121622,1.0005667614817515,1.0007591730290408,1.0005927274345559,1.00070065689007,1.0001947411673797,0.9992871945396867,0.9995787490524489,1.000033488059368
60554.03458989413,1.0009141305130638,1.000335795245171,1.001023928262336,1.0012302949764804,1.0008937999183511,1.000846509043986,1.0007449117369998,0.9998954674929958
60554.03476762607,0.9999535740342889,1.0006764739445784,0.9998704948983838,1.0004131106763727,1.000086475798059,0.9995511228234975,0.9995418910797356,0.9994886791283829
60554.03494535801,1.0011042120080054,1.0009353450236864,1.0014096647237245,1.000815419446126,1.0013976762338053,1.001055333158975,1.001064565926534,1.0009803850265548
60554.035123089954,1.0000450758944306,1.0004676582462044,1.0013895998365532,1.0008729489435477,1.0005441776939028,1.0001257961100791,1.000386763917131,0.9999596915487484
60554.035300821895,0.9999582229118272,1.0002040509886687,0.9992895895687325,1.0004719694242108,0.9994869196777959,1.000134531506387,1.0002452319170534,1.0002771588064079
60554.03547855384,1.000851471469568,1.000109607397957,1.0009024143390353,1.0007468865779205,1.0000803648722019,1.0000454421547134,1.000432719656954,0.9993653396960246
60554.03565628578,0.9999990365015661,1.0001120428610892,0.9996692966612117,0.9994612616759241,0.9994969896950086,0.9995916618300297,0.9999007162690406,0.9993951027160284
60554.03583401772,1.0007391154519514,1.0003851830479935,1.0007266869292073,1.0006149202382095,1.000884354547788,0.9994948733804498,1.0002650174334757,0.9996577782913195
60554.03601174966,1.0007435719568363,1.0005600186865666,1.0005818282922874,1.0002473376188847,1.0011127685039891,1.0000106480246396,1.0004454723531113,1.0000243837541714
60554.0361894816,0.999045268468979,0.9982543586097632,0.9992196545308707,0.9994656616070006,0.9988432045620045,0.9993208210716462,0.9991157528624436,0.9988966197884056
60554.036367213535,1.0006258595150632,1.0003229200253327,1.0002683097824308,0.9996461647786659,0.9996143961570279,0.9999683797979567,1.000012418041623,1.0000884109029349
60554.03654494548,1.000118210013641,0.9999623184101325,1.0000001855729983,0.9997325796375914,0.999911340185597,1.0001451512151238,0.9996157473352701,0.9996175048652043
60554.03672267742,1.000932762958766,1.0011627456814503,1.0012644847939884,1.0012822476454109,1.0005200843666522,1.0006411595247442,1.0000598401713408,1.0008796244825275
60554.03690040936,1.0003582666535595,1.0010888640985587,1.0002053369939554,0.9997899960512924,1.0002914600687738,1.0002275246011905,1.0002298067611368,0.9996987362665645
60554.0370781413,0.9999153243872723,1.0004944563423126,1.000226003890341,1.0000356894781102,1.000286074249099,1.0001874546900518,0.9996539024301523,1.0001528440897682
60554.03725587324,0.9999635298962121,1.0000051000482144,1.0000017979199018,1.0002425591673652,1.000098350027897,0.9997329179967782,0.9994216327788216,1.0000438686258037
60554.03743360518,0.9993438562200002,1.000019278657315,1.0005347757136624,1.0002846239493133,0.9997564402833063,0.9996198856872425,1.000185842827783,0.9999376062494133
60554.03761133713,0.9984126881267158,0.9987734440054737,0.9993351925586448,0.9998230129545727,0.9995418940915747,0.9996047542031504,1.0005089611843248,1.0000435762387478
60554.03778906907,0.9998110264753547,0.9999802764400079,0.9994868491029221,1.0006601537263922,1.000334346576882,0.9999191864660799,0.999872203165368,1.000481336156529
60554.037966801014,0.9994998194630261,1.0003693565784686,1.0006657893453845,1.0007269546126025,1.0000014281779515,1.0007665413506381,1.000661921890498,1.001150964295718
60554.038144532955,0.9997806954638635,0.9998189756775487,1.0003060745097987,1.0007384380724973,0.9995946315774232,1.0006039823195756,0.9992113267344408,0.9991728978042221
60554.038322264896,0.9998848125454868,0.9988483558011926,0.9991950590378966,1.0001769177583621,0.9998797061599419,0.9998729278443316,0.9995359207353738,1.0000856310784283
60554.03849999683,0.9991562901898725,0.998581026334701,0.9990612844751661,0.9989325994163964,0.9989270942156611,1.0000968596508475,0.9997493336037844,1.0000804087482678
60554.03867772877,0.9998914715248787,0.9999461007397908,1.000706122680597,1.0007506915646192,0.9997020442729,0.9996315557936789,1.0001408077610947,1.0004670574263954
60554.03885546071,1.0013833412651514,1.000568439626214,1.001231538176699,1.0018513484071676,1.0013968711079078,1.0007771117118318,1.000565129410286,1.00118344998434
60554.03903319266,1.0000152902594113,0.9999462822972981,1.0006791438133829,1.0000599106528465,1.000235448442932,0.9991008561613657,0.9997396331002745,1.000095170164829
60554.0392109246,1.0008416593100167,1.000940376223061,1.0013844719730494,1.000638175034311,1.0007997184783506,0.9996881973734518,0.9998521253859762,1.0002261912824262
60554.03938865654,1.0015080068241031,1.0013067825574342,1.0018369293374103,1.0020490010350607,1.0008483479955848,1.00129858041626,1.0003781372337457,0.999765383665882
60554.039566388485,1.0005707495592258,0.9998350329947636,0.9998476607084895,1.000128065000609,1.000453372858271,0.9996689571189387,1.0003715892296836,1.0003358694664672
60554.039744120426,0.9995750521755106,0.999561552657589,0.999941659069817,1.000302784368097,1.0009425225019923,0.9997258607106657,0.9989997799904667,0.9999311145960111
60554.03992185237,0.99996834479135,0.9999447209347426,1.0006238125898785,1.000487024617177,0.9997914712328285,1.000623354755007,1.0000039621186245,0.9998286985135241
60554.04009958431,1.0011331288881227,1.0009416270414626,1.0008155247698034,1.0006608534872734,1.0004509223994715,1.0009900851327238,1.0006436361995708,1.0000817553806292
60554.04027731625,0.9994126658019656,1.000108532135823,1.0006558329637247,0.999900375801222,0.9998906446519928,1.0004824895500426,0.9997821760206193,1.0001964751765038
60554.04045504819,0.9999888280543493,1.000932761209907,1.0008854072393334,1.0000546166812856,1.0008180535753344,0.9998690252761435,0.9999182281646487,1.000068352159759
60554.040632780125,0.9997949370037555,1.0003957693149668,0.9993112805294018,0.9991516024278668,0.9992163747619519,0.9992586745972162,0.9996319633028382,1.0006173275236951
60554.040810512066,1.000637758917902,1.0006137587485044,1.0004122408937535,1.0010397946724623,0.9999985718220484,1.0003823384178934,0.9998529905321315,1.0006085651626826
60554.04098824401,0.9997080784423452,1.000148675708918,1.0000091640479332,1.000626603292347,1.000669999707548,1.000275537116861,1.0007470877378022,0.9995704140301648
60554.04116597595,1.0003278152167874,0.9999578923757764,1.0006667115915224,1.0006047341408932,0.9995649028037794,1.0000528827654898,0.9997416941662015,0.9996994373347369
60554.04134370789,1.0009993916119617,1.000299954560992,1.000921031523015,1.0008259132020236,0.9999255259994397,1.000073619601737,0.9999550622547904,1.0000147409281828
60554.04152143983,0.9995963449426346,0.9994460720009165,0.9998175456915441,0.9998132788968808,0.9992111897163806,0.9991467949052908,0.9992668247557371,0.9997588160248833
60554.04169917177,1.0014671370615493,1.001432309449517,1.0006876344662685,1.0011002820620811,1.0008845253144978,1.0007743147635941,1.0003671402051313,1.0000731796847993
60554.04187690371,0.9998741949216365,0.9997720515036772,0.9999513397882747,0.9996982379127609,1.0000547410229441,0.9999053136380684,1.0010966360407108,1.0002094647605446
60554.042054635654,1.0003845334080057,1.0009503963730826,1.0002282480376945,1.000718390070881,1.0013192324146092,1.0006499263507371,1.0002587843808264,1.0002643439938388
60554.042232367596,1.0004495334343189,1.0007787254682987,0.9999957473577349,1.0012460144993969,1.0013896512131784,1.000861509522101,1.0012943362667492,1.0010332165593154
60554.04241009954,0.9989191910871248,1.0002744711364766,1.0002630575499474,1.0004738821039525,1.0000775914352786,0.9997095575161641,1.0001210646362368,1.000518666219615
60554.04258783148,1.000106828093239,1.0001234471370515,0.9996094024763602,0.9996975411044572,0.9992188405868561,0.999627063111123,0.9996824421031856,0.9997184676023142
60554.04276556342,1.0010663619189892,1.0010085947960548,1.0017640537914987,1.0005335649161868,1.0016543284515005,1.0007607577011106,1.000233415417702,1.0006477136419896
60554.04294329536,1.0002497821355898,1.000274062892139,0.9996365940303678,1.0000519336740592,1.0001591535589727,1.0001373924889365,1.0000805141194256,0.9997846356190123
60554.043121027295,0.9997484010970733,1.0010540662698189,1.0010143050145655,1.0006374794070385,1.0000509324034437,1.0004253591946062,1.0008221566309088,0.9998859713561064
60554.043298759236,1.0005829602210177,1.0009911225465349,1.0008189457086591,1.0007554709019115,1.0001892693844976,1.0007685173085037,1.000232229349491,1.0003581060802333
60554.04347649118,0.9989470229854778,0.9983798106863903,0.9979498747030668,0.9989219857858502,0.9985640396963504,0.9981370616369253,0.9987755641393359,0.9993441166907188
60554.04365422312,1.0015879016878388,1.0010822839391906,1.001144503648596,0.999690567411524,1.0002551651846636,1.0002960980056188,1.000632939792826,0.9996398422451311
60554.04383195506,0.9995232948902739,0.9996803075906807,1.0004267107606835,1.0006433863337,1.0010054311894028,1.0009581590348482,1.0009432851530244,1.000866668266953
60554.044009687,1.0020070943958477,1.001211735642084,1.001088913882422,1.0013125700264123,1.001069993182694,1.0008596199224356,1.0012348447809534,1.000887343500803
60554.04418741894,1.0008798439350766,1.0005901397891612,0.9997911477911274,1.000486546890128,1.0003254393099077,1.0003660146619153,0.9997402895724605,0.9998979869773893
60554.04436515088,0.9996702597100717,0.9996130116082812,1.0000422486099552,0.9998003504455292,0.9999389642377956,0.9990288589774101,0.9995889125793153,1.000185931071545
60554.044542882824,1.0002282606373807,1.0006356512711905,1.0003606583126925,0.9998955893777434,1.0003416849065878,1.0003402053094828,0.9999627921476131,1.0003492284163027
60554.044720614766,1.0008162505376037,1.0003227708745202,1.0004098479410655,1.0002557108335801,1.0000487418637536,1.0001904969073274,1.0002332983931013,1.000923969522289
60554.04489834671,1.0008637244533434,1.001612389051419,1.0005109875254532,1.000459135455341,0.9998807195980315,1.0001454790238018,1.0000627959381054,1.0002155573138751
60554.04507607865,0.9995201672956775,0.9996656916112258,0.9988320979381405,0.9990595977491094,0.9994004346020886,0.999413170885979,0.9989794254717769,1.0004201806781492
60554.0452538106,1.000173727222385,1.0009378236157285,1.000799780441372,1.0007551230882754,1.0011333931505633,1.0004255116432657,1.0009590840711864,1.0004264463510473
60554.04543154254,1.0004373189250741,1.001477446534201,1.0018000090972854,1.0011365993565553,1.001382736031203,1.0008496975414782,1.0006234852798033,0.9999811180686605
60554.04560927448,1.00013557049136,1.0010032677755676,0.9997449647394678,1.0001039823017603,1.0002064815961367,0.9996834294608498,1.0000622950011668,0.9997076694344786
60554.04578700642,1.0006714853067231,1.0000317463529647,1.000332948315771,1.0007214353593739,1.000031405998461,1.0007026776992078,1.0002516622994504,1.000366907426187
60554.045964738354,0.9990258978894061,0.9996911962401219,1.0002401786354898,1.0002028363699358,1.0002830926449473,1.0001693244615195,1.0001838235563565,1.000810692169223
60554.046142470295,1.0009028869085996,1.00241859040123,1.0019092808592651,1.0007556451039874,1.000908129680702,1.0014889033149386,1.0008187029125268,1.0000148932337565
60554.04632020224,1.0003437069292989,0.9996242485696789,0.9998137021696728,0.9998401263893544,0.9993594633484558,0.9996847841683979,1.000020624690281,1.000242314859249
60554.04649793418,1.000328498909197,1.000584779561814,1.0005983741934987,1.0005638430085244,1.0007383739444213,1.0002663202882736,1.0000834021193936,1.0003944073373399
60554.046675666126,0.9999851302672087,1.0009109947132564,0.9992529684476936,0.999901839689175,1.0001175688208606,0.9994939927617965,0.9996120118025436,1.0003111084125946
60554.04685339807,0.9987607548936416,0.999250469752255,1.0003700958743338,1.0007659983171935,0.9999188716063535,1.0004701893812273,1.0003558264339112,1.0007625054608906
60554.04703113001,0.9994236385457339,0.9998200442983106,0.9999391135407522,0.9996143436692964,0.9994408007791106,0.999790346787355,1.0000220645108149,1.0007632048771586
60554.04720886195,0.9998228585477651,1.0005336792452102,1.0007305616753102,0.9999073167205444,0.999993726570338,1.000227681162145,0.9999882145479916,1.0005096901021897
60554.04738659389,1.0008839951445607,1.0017158058558702,1.0008010683277841,1.0009320267726403,1.0005192559016713,1.0007568031417609,1.0007692182242212,1.0005683224619868
60554.04756432583,0.9999295474593896,0.999587404798276,1.0000787498872656,1.0003495192419676,1.0001358537605594,1.0002688308445211,1.0005692667672792,1.0004403071494006
60554.04774205777,1.0002321409861694,0.9992895921543906,0.9995802954590576,0.9994999168213085,0.9990268895271733,1.0003409878205207,1.000459803985782,1.000238415043647
60554.047919789715,1.0000434797785267,1.00061511854942,0.9999839700151038,1.0006138322133795,1.0003333918489092,1.0001465846437523,1.0001827291375143,1.000439164362026
60554.048097521656,1.0002499421896371,1.000527600789487,0.9992525117744546,0.9997785890631562,1.0003174828568986,1.0007648062557797,0.9996809572042978,1.0002024362382544
60554.0482752536,1.0003408013327446,1.0004105862959456,1.0007815380990097,0.9996306578413332,0.9993712501654533,1.0000014400081136,1.000502427509806,0.9998299889811403
60554.04845298554,1.0015454498525849,1.0002838385916601,1.0007674429228561,1.0000156326187615,0.9999829869678675,1.0008537466836185,1.000404484188176,1.000178267557253
60554.04863071748,0.9999207796909727,0.9997105286339214,0.9997220853724853,0.9998534944795044,1.0003560778729168,1.0011675403658433,1.0001450716957172,1.0001675490112036
60554.04880844942,1.0000027339039617,1.0009948499565648,1.0007521738211924,1.0007077944510576,1.0002419351135365,1.0002399405017435,1.000301446415497,1.0012696605555524
60554.04898618136,1.0004945153547087,0.9998740256901036,1.001284447335068,1.0002160910811078,1.0003457318456734,1.0000914202591789,1.0006744936761756,1.0007188912235785
60554.0491639133,0.9997763688105195,0.9995221408356633,1.0001133454305706,1.0000562615622428,0.9995248346712021,0.9996257139845471,1.0003861098332019,0.9996940035608295
60554.049341645245,1.0003562894474294,0.9999496427515204,1.0003151205618142,0.9995097474282866,0.9999725372918999,0.9997139838145254,1.0000905976396772,1.0000219878322174
60554.04951937718,1.000212267544481,1.0007400553996089,1.0004153645990446,0.9998499032594211,1.0003621990911646,0.9995933293657517,0.9998791989676469,1.0004071901029659
60554.04969710912,1.0003695516181441,1.0002188107578285,0.9999761413310075,1.0012921718490975,1.0003455554253968,1.0006207023245737,1.0008130684168275,0.9998866559052361
60554.04987484106,0.9996082905149103,0.9999856332266442,1.000635341269971,1.000130581777719,1.0004378919427417,1.0005083685177592,0.9999550219529509,1.0001188346846468
60554.050052573,0.9998059411042663,1.0001107230684385,1.0001591472298401,1.0001962597986842,0.999784839164083,1.0003278023332862,0.9999180541204082,1.0004203901396107
60554.05023030494,1.000528842330953,1.0001236199727568,1.0001989771308877,1.0005368038937676,0.999975006595922,0.9996255127758154,0.9997668496788424,0.9997047911564776
60554.050408036885,1.000374382672585,1.0002613241004845,1.0002044412959559,0.9999969079624064,0.9999198470640712,0.9997060937886257,0.999539537750839,0.9994448243738091
60554.050585768826,1.0009569665165066,1.0002875928872448,1.0005628215596238,1.0004945832157244,1.0005102522341347,1.0002520579671557,1.0002126710160313,1.0002874775916242
60554.05076350077,1.0004610969545054,1.000747492536016,1.0007884332992618,1.0003778678248716,0.9997205847828108,1.0005506226451442,0.999581996485119,1.0005182958626777
60554.05094123271,0.9999622269562317,0.999907860279852,1.0000174702968438,0.9993977703338983,0.9992769907105804,0.9993364040270091,0.9998981847164534,0.9995783871113167
60554.05111896465,1.0008557329085825,1.0005221319797084,1.0006349550398046,1.0007053538504485,1.0010726249905209,1.0008678315885706,1.0008661551939912,1.0002581173058815
60554.05129669659,1.0001667285128875,0.9994528999714787,1.0000457924847945,0.9992720737926307,0.9996308177390948,1.000516704140222,1.0002268766681364,0.999525678149853
60554.05147442853,1.000510459777327,1.0004116615580796,0.9998431727154662,1.0005810013224852,1.001027313972035,0.9997744871332693,1.0007569619870205,1.000324397982451
60554.05165216047,0.9988640026432449,0.9994379717675227,0.9991467424812684,0.9988954911263946,0.9995828393967855,0.9993352161611538,1.000118876395616,0.999850772910291
60554.051829892414,0.99985816219997,0.99984540817813,0.9998447575337601,0.9999687651741582,1.0004399521604685,1.0004987328225277,1.0006292167984494,1.0002896052443244
60554.052007624356,1.0007471273882136,0.9996160238305638,0.9995659990600797,0.9999881314256165,0.9999146730357069,0.9993674891605068,1.0000792901376325,1.0003547282663812
60554.0521853563,0.9996146084175881,1.0006996388901286,0.999799957097099,0.999491519100219,0.9998209987974795,0.9998938547273665,0.9994500115430289,1.0001322451738957
60554.05236308824,0.999367622322327,0.9997957924882293,0.9999087917198395,0.9992802426889593,0.9995925027920783,0.9993210040687845,1.0003546735027684,1.0008062320276927
60554.05254082018,1.0005424130674034,1.000831550461196,1.0007922528373032,1.0002890259471937,1.000772723276736,1.0000476351830208,1.0000340449043137,1.0003195896195003
60554.05271855212,0.9986009297696018,0.999466302660285,0.9997450977064241,0.9989932350254087,0.998888348582825,0.9995102219349838,0.9992766309396263,0.9996596882230372
60554.05289628407,0.9998993788104177,0.9998958922074173,1.000285047328019,1.000540029584749,1.0005776569567835,1.0009251305481117,1.0004142676836223,0.9998024540496167
60554.05307401601,1.001414201878557,1.0004872806999263,0.9997077370839634,1.0000910260961797,0.9991503489297494,0.9994406709792285,0.9998630836054117,0.9995110029626947
60554.05325174795,1.0005806090424496,1.0004954900758674,1.0006392230302128,0.9998751475022809,1.0002634866551394,1.0005300464821467,1.0005646042922436,1.0004909545343346
60554.05342947989,1.0002268628576823,1.0005153977885195,0.9999407578660957,1.0003038428671511,1.0000828733163016,1.0009536108363066,1.0005480014270158,1.0000513877636625
60554.053607211834,1.0004046996408724,0.9997174427822868,1.0000420778571537,1.001177913002773,1.0006778412046988,1.0004297658126973,1.0009852492195408,1.0006994826699234
60554.053784943775,0.9996203313116494,0.9991495745087227,0.9995661801455376,0.9998281344956041,0.9994219981756415,0.9993620400755707,0.9995422555874842,0.9997544503722772
60554.053962675716,1.0008568629055474,1.000322104816922,0.9999612642669151,1.0004340196496049,1.0003169818639024,1.0003703766322298,1.000081420164485,0.999523809846123
60554.05414040766,0.9998804489565934,0.9995914369912702,1.0006248863565013,1.0000189923567644,1.000146264731339,0.9999129754315819,0.9996274214347888,0.9997038670812288
60554.054318139606,1.0009649209333453,1.0004567681564658,1.0005654533701396,1.0007291489682433,1.0004646520139624,1.0003209682860585,0.9992212574062344,0.9997556539497287
60554.05449587155,0.9999120823309472,0.9999330105955518,1.0001202749473088,0.9995457786179955,0.9996577155254045,0.9996853410906683,0.9998890487372293,0.9997507421775708
60554.05467360349,0.9999722541884093,1.0000562016450827,1.0005417941515815,1.0006553864946677,1.0000729734859461,1.0000482981437617,1.0002227348331612,0.9998106005807171
60554.05485133543,1.0003670632778743,1.0009186121269062,1.000034990107475,0.9996713656186358,1.000440635952125,1.0001223479505155,1.0006106615329957,1.0002249034578568
60554.05502906737,0.9991234662211679,0.9986949445085866,0.9979008758894412,0.999591899650992,0.99865264630924,0.9998501921388597,0.999231695881206,1.0003447408531614
60554.055206799305,1.000018048306141,1.000961553638016,1.000674222150479,1.0003797994011099,1.0004422048893933,1.0015047206711305,1.0002858899054368,1.0000382224170072
60554.055384531246,1.000160438119499,0.9996172537646508,0.9995837852571485,1.0005367897213953,0.9996657031455127,0.9998611129263555,1.0004534795822966,1.0000240209959936
60554.05556226319,1.0016150402751498,1.000680700737774,1.0006655585575872,1.0009068501438065,1.0011817434685752,1.0016341707319638,1.0013639264979362,1.0010032523373718
60554.05573999513,0.999621483239097,1.0004193619488717,1.00049288546587,1.0010005460589888,1.0002344784938175,0.9997567475727854,0.9994953791745269,1.0002799898399466
60554.05591772707,1.0005793374592118,1.0001543619236097,1.0003712624086007,1.0000799477299258,0.9995330909082148,0.9992044542781371,0.9994087621624671,1.0007562843894078
60554.05609545901,1.0004749599050158,1.0003904859034887,1.0009634901423234,1.0002912852595411,1.000138292767262,1.0006199259819784,1.0002109622180346,0.9995942754569715
60554.05627319095,1.0002172007488006,0.9994730157271098,0.999378313448426,0.999239138380491,0.999228381633165,1.0003253102823675,1.0005073932935007,0.9995825059694249
60554.05645092289,0.9998941058759923,0.9994284081918231,0.9994645890165283,1.0000040236743202,1.0004277223357751,0.9998394913591596,0.9996800478753851,0.9997772816715809
60554.056628654835,1.0011697245150668,1.000585606612671,1.0006073290617086,1.0004978511285654,1.000283506804956,0.9999196805289801,1.0006460131125068,0.9998985512678881
60554.056806386776,1.0007469604087507,1.0016090584433626,1.0016050906262397,1.0011600277642172,1.00120893886444,1.0002065066601895,1.000742490641306,1.0008518556413593
60554.05698411872,0.9999021909138628,0.9995877853568941,0.9994361870333197,1.0002012585124893,0.9994124245126011,0.9992513749794198,0.9996705330588692,0.9993003521301181
60554.05716185066,1.0004556749312736,1.0000600089116103,1.0005780025697362,1.0003384822117996,1.0002684717963872,0.9998689339244419,1.000586740450773,1.000160568394137
60554.0573395826,1.0009894774949042,1.0010743126124273,1.0016561199953753,1.0008829428280646,1.0002863305441274,1.0010826387994065,1.0005284260772238,1.0002358486451723
60554.05751731454,1.001729104561927,1.0010190083873556,1.0004240230633186,1.0002190029130948,1.000921154338902,0.9996939313817012,0.9997319694815878,1.000020865858837
60554.05769504648,1.000520343691878,1.0002026653424136,0.9999810885615787,0.9998264388303129,1.0005783307459755,0.9996215864150619,1.0005248813065373,1.0006375048735978
60554.05787277842,1.0004867117580298,1.0002013773163256,1.0006964989048803,1.0004643086664795,1.00136250916379,1.0012502838584822,1.0002339877038233,1.0005388125137173
60554.058050510364,0.9992477397246525,0.9988925789370677,0.9995910972330105,0.9987746790341806,0.9997946120066306,0.9998316724172206,0.9998861499901042,1.0001043587171432
60554.058228242306,1.0000105900183747,0.9996635706930741,0.9986532125065356,0.9987321214670384,0.9993293747760225,0.9994385563782662,0.9996868114196554,0.9998788625512687
60554.05840597425,1.000508385038262,1.0005654043591707,1.0000037015421237,1.0007563882677586,1.0006308915216207,1.000518726508277,1.0004935930480479,0.9999546202026379
60554.05858370619,0.9996082443454737,0.9999463360684063,0.9992854416483158,0.9989522621066416,0.9983295762787108,0.998802597849373,0.9990854163244312,1.0002911510963406
60554.05876143813,0.9998312363768137,0.9994014664660431,1.000022532770472,1.0009242071662365,1.0003874600974045,1.0002785634724265,1.000813496213391,0.9998313085222716
60554.05893917007,1.0003103323900608,1.0001174220523539,1.0000782569365982,1.000764467110472,1.0009410912798127,1.0011985127049572,1.0009354618196407,1.0009522177460763
60554.05911690201,1.0002858221903113,0.9994107238984978,1.0001986318542422,1.0019110167517717,1.0013978206172038,1.001446151599829,1.0014033763267298,1.0014810045271607
60554.05929463395,1.0009959083203295,1.0000608023555244,0.9993027331600379,0.9990416189138455,0.9990266410601607,0.9996580921411641,0.9988683858434912,0.9995925128751149
60554.059472365894,1.000470508786565,1.000735171910749,0.9996259875209924,0.9996257816594968,0.9997629502929943,1.000243733800372,1.0008208024891005,1.0010220427484489
60554.059650097835,1.0003160920272987,1.0008245190085971,0.9999808903555881,1.0006340068805728,0.9999719861416185,1.0001489415763987,1.0000419583944054,0.9995033612535392
60554.05982782978,1.0005456441584872,1.0005379776532008,1.0009240672875965,1.0011488493055842,1.0009927509638878,1.0005944708744077,1.0003752695339636,1.001041272235681
60554.06000556172,1.0006461196257845,1.0013501752817584,1.000369632111535,1.0001195754543577,1.000286705274132,1.0005766528865785,1.0010525261251384,0.9996011169836982
60554.06018329366,1.000365965599515,0.9998564995894589,1.0006166086166717,0.998864066548191,0.9998296729635456,0.9996886526632826,0.999657463023042,1.0000999699378776
60554.0603610256,1.0013882234907179,1.0007325780949032,1.0006601047251753,1.0009131872610182,1.0002572897660742,1.0002117336811824,1.0002140591905038,1.0005410287084866
60554.06053875755,1.0034047084614472,1.003735446925187,1.0030483293555839,1.003094581086365,1.002034569813882,1.0010449331642988,1.0002096686782518,1.0005839884613266
60554.06071648949,1.0004655834695242,1.0015261444344996,0.9995869957718365,1.0004512355388275,0.9989689490203103,0.9993028365358599,1.000101646911417,1.0005439353992411
60554.06089422143,1.0009555216055077,1.0008220913070682,1.0006437614043628,1.0011661989465708,1.0007306004350351,1.0004185871255427,1.0001949396992964,1.0000603863469857
60554.06107195337,1.000057853286059,0.9996201041935092,0.9999998144270017,0.9997193999218896,1.0000561839871474,1.0010771494727242,1.0003314288943859,1.0008322795846112
60554.061249685314,0.999862008498799,0.9999660676646756,0.9999979027347494,0.9999587698133524,1.0001079796467522,0.9990989627431405,1.0003670912458598,1.0001273376966888
60554.061427417255,1.0005331001148874,0.9994014154154967,1.0000910755394665,1.0009840703809598,1.0002163463453857,1.0001802376118956,1.0005736948945818,1.0006162871543856
60554.061605149196,1.0002255081694582,0.9997289506796557,1.000072272744778,1.0003252685414559,0.9994519967258958,0.999612100818607,0.999435299580406,0.9994417349824425
60554.06178288114,1.0010785856621216,1.001199848226312,0.9999830364558384,1.0013006374794706,1.0007937822332114,1.00121161065905,1.0010210282970833,1.000356270484208
60554.061960613086,1.0003237634639648,0.9999461817165195,0.9995028305545021,1.000981408927549,0.9998196920987327,1.000468364990815,1.0008990050741298,1.0001223023620913
60554.06213834503,1.0008517750336148,0.999883112687349,0.9998682338567603,0.9997383132479506,0.999915113144138,1.0001905662288757,1.0004865100743827,0.9999996329421053
60554.06231607697,0.9992329935912909,0.9998839062912963,0.9995463226657004,0.9999514958432814,1.0003285650075318,1.00010978488854,0.9997994258050044,1.0003251370444215
60554.06249380891,1.0000927648827964,1.000532876759428,1.00076688873046,1.0007181612461205,1.0004767055633423,1.0009152172729512,1.0004867471089054,1.0001830412302144
60554.06267154085,1.0001768471220756,1.0004922618889696,0.9999706109464338,0.9999118320974033,1.0001186959101391,0.9999951329221484,0.9997821440776798,1.0004465774476305
60554.06284927279,0.9998256371783685,1.0003688255887735,1.0006048712470907,1.000782296840569,1.0002696209200803,0.9998455393705246,1.0001274929289086,0.9999901331710264
60554.06302700473,1.0001271224462929,0.9990837703545141,0.9999340704502819,0.9992813286469852,0.9997043502033379,0.9990165679143914,0.9999805757074729,0.9997430026756825
60554.063204736674,0.9997800652510515,1.00019865643423,1.0002391409200324,0.9999102607356272,0.9999623143384572,1.0001020288059712,1.0004242547779911,0.9997809773118148
60554.063382468616,0.9999369957437779,1.0005128803084435,0.9999667352198599,0.9994806285178979,0.9998267632611663,0.9999304080385992,1.0001175482261044,1.0003963324665768
60554.06356020056,1.000969242200255,1.0015445122290263,1.0008323280823717,1.0009724697037359,1.0011282076701022,1.0012031560737602,1.0007893691439884,1.0004157872735513
60554.0637379325,1.0002431366222833,0.9995496036290885,0.9997628445338098,1.000387169920467,0.9998905766642281,1.0001290110437553,0.9989813133890599,1.0002035413622115
60554.06391566444,1.0005828049762866,1.0011090541095298,1.0013035119155225,1.0027581029858363,1.0023524410273308,1.0028654450946304,1.001217443640771,1.0002735156967295
60554.06409339638,1.0003500869683435,1.0011514865554738,1.0015790198260441,1.001215687984787,1.00085275473346,1.0008333082825118,1.0005912736613902,1.000323748123311
60554.06427112832,0.9999966276112024,0.9997353407997644,1.0003285428331556,1.0004600882521189,1.0011073658685774,1.0002822571947632,1.0009220027964287,0.999998721090948
60554.06444886026,1.0016699249626102,1.001456256076552,1.000734651597094,1.0000576652176139,1.00054041401301,1.0004373386043923,1.0004306827721308,1.000549578304229
60554.064626592204,1.0005040731976123,1.0006227287615825,1.001234978574134,0.9999962935310166,0.9995392066178594,1.000094830526879,1.0002394144211497,1.0004982939450082
60554.064804324145,0.9997332190472794,1.000370130738399,1.000838843086125,0.9998928133643237,1.000303006391737,1.0007289394041174,1.0009557575274979,0.9994924382017408
60554.06498205609,0.9997364786095159,0.9996876555886732,1.0001858968930952,0.9997402749404798,0.9997218961203819,0.9993559632781391,0.9991804188059036,0.9999183893166536
60554.06515978803,1.0002875423865765,0.9998718764461003,1.0001713277723283,1.0003184469062667,0.9998582369574656,0.9997770764105972,0.9994940187635435,0.9999190504087427
60554.06533751997,1.000110192306199,1.000067908623579,1.0006606112515952,1.0000733546242395,1.0003700791485406,1.0003536196165743,1.0000006702046649,1.0004947043570285
60554.06551525191,1.000644318055887,1.0000851485851117,1.0005517024901605,0.9997403029899665,1.0000475435975185,0.9997273537675753,0.998909940622437,0.9992769727289775
60554.06569298385,1.0004498808593307,1.0003383163259907,0.9999755128490749,1.0001208252804377,1.0012104103864037,1.0004874266542203,1.0004485523092483,1.000590489365393
60554.06587071579,0.9996336604280471,1.0000456268204734,0.9998425526806689,1.0007704410606444,0.9999751702594328,1.0001507929904654,0.9992630620565852,0.9999507362453173
60554.06604844774,0.9980822438490631,0.9995222945474178,0.9995698198048548,1.0002732541636543,0.9991631020717798,1.0007394457309997,1.000701438889024,1.0007451049620666
60554.06622617968,1.000768764502387,1.0006270861417559,0.9999095950272991,0.9997587433131028,0.9996323162242232,1.0002496810605037,0.9991987307676594,1.0001497821200125
60554.066403911624,0.9997563053046497,1.0000530268292105,0.999826023824569,1.0004812561664025,1.000193161647794,1.000247038029602,1.0004672699761887,1.0001400672709975
60554.066581643565,1.0006008668446995,1.0009340772417807,1.0008221743243508,0.9999587639081972,1.000483939954397,1.0002666210732976,0.999958715392645,0.9997014893302217
60554.066759375506,0.999962265046017,1.0000070529316527,0.9990615663982986,0.9998339679030848,1.0000155947116816,1.000011223745974,0.9996094381569242,0.9998634162551968
60554.06693710745,0.9993729129550366,0.9991674838885477,0.9995303227360126,0.9989561716145856,0.9990823701526256,0.9990736512721679,0.9992528218069577,0.9998330241900469
60554.06711483939,1.001266213443871,1.001007893051084,1.000833078519816,1.0013987353925338,1.001812959562916,1.0006149210249289,1.000558753062207,1.000159624496037
60554.06729257133,1.0002764024709727,1.0008751251431098,1.0005352936286307,1.0010377482409571,1.000919889534535,1.000419709194674,0.999414396359634,0.9994968669570901
60554.06747030327,1.0016886609048001,1.0007591361414205,1.0010252719601769,1.0014695131054565,1.0018959537785692,1.0009929234976496,1.0011237496256888,1.0009175822692364
60554.06764803521,0.999525620483279,0.9988242296970803,0.9992540108392436,0.9997501651895245,0.9999437278751957,0.9996319990403594,0.9992015351786268,0.9998665889025388
60554.06782576715,1.0010901072450695,1.0004310599655166,1.0006516581180651,1.0004471660011802,1.000558038790063,1.0004298885940839,1.00098925790918,1.0005280500270142
60554.068003499095,0.999210833608246,0.9995058865977672,0.9996920192282498,1.0000378794048848,1.0004459117446913,1.0005911546020272,0.9997366459876346,0.9997125884750153
60554.06818123104,1.0011365113764845,1.0000315223866965,1.0002625877534805,0.9995683826660035,1.0003327567649056,1.000483900361047,1.0007621964496456,1.0008123192949294
60554.068358962984,1.0007179873558185,1.0003083758207052,1.0000460861735796,0.9999461605356347,0.9999809308091115,0.9998377207223209,1.0003163530210784,0.9997204303949684
60554.068536694926,0.9995411009030579,1.0001384806427613,1.0003754026360911,1.0005050560083213,0.9999564792776671,1.0004895203999713,1.0007072802674992,1.0004962829167494
60554.06871442687,1.0004116887317376,1.0014237956906946,1.0006195324567135,1.0004916693169328,1.000216828783086,1.000631407216569,1.000873483561079,1.0007445386892826
60554.06889215881,0.9997177965316689,1.0004492378008005,1.0000794289765875,1.0004611142728201,1.0006129197025444,1.0003316863961458,1.001089708602293,1.0011343045107688
60554.06906989075,1.0006075079334344,1.0010689006143851,1.0009012301562894,1.0000569007952844,1.000585522372871,1.0002874539610123,1.0003850739266598,1.0009464380634148
60554.06924762269,0.9997382039998428,0.9991161056745345,0.9995149168963501,0.9995481049538532,1.0002877820611626,0.9991026614589786,1.0001520976497429,0.9997002223196464
60554.06942535463,0.9998313248682342,1.000462191916938,0.9993203738702895,0.9996563907357789,0.9997356154424819,0.9994953095774813,0.9999732028590952,1.000764274650364
60554.06960308658,1.0006244886675362,0.9994594615670116,0.9996128133088223,1.0006017904210684,0.9996915774912685,0.9999383850101697,0.9998483931371032,1.0005419825180124
60554.06978081852,1.0002965731284101,1.0011179660306069,1.0011169061041596,1.000459016761723,1.0007494942203894,0.9998081653626547,1.000244983239777,0.9993734082572435
60554.06995855046,1.0002704523848078,1.0005372024530552,1.0009157131464472,1.00097323353555,1.0004300817576528,1.0013884978079548,1.000738788842712,1.0003948989440505
60554.070136282404,0.9999901686993699,1.000229725892741,1.0000776230243649,1.0001929573406858,0.9998913558417035,0.9995756711699668,0.9999066484012878,1.0004743109380474
60554.070314014345,0.9998226334717608,1.000337979536415,0.9997294087368954,0.9993825766650445,0.9997701832344164,0.9996950831181054,0.9995283505572485,0.9996949467981678
60554.070491746286,0.9995732969674224,1.0004247258569792,0.9995247827729912,0.9997277545353468,0.9996710451862854,0.9994935198478433,0.9999131420724993,1.0001943868391248
60554.07066947823,1.0002385458412866,1.0002255575116124,0.9999771673562333,1.0005885557874243,0.9998472677332053,1.0002463686066831,0.999996216105066,1.000401784411431
60554.07084721017,0.9988786974131081,0.9996987725252754,0.9999648261673374,1.0001875033394214,1.0005680882224937,0.9999218118728589,0.9994775854645742,0.9999825317683352
60554.07102494211,1.0001673575714636,1.0003177822439393,0.9996189271490817,1.0004558560274477,1.0000929452180367,0.9998998087434114,0.9994908170062916,1.0003184052041383
60554.07120267405,0.9995808572126949,1.0001474499356906,0.9992996912109467,0.9995585361151065,0.9993504734524284,0.9996262318400126,0.9995220518275274,0.9993967959179054
60554.07138040599,0.9986120342886375,0.999294063638136,0.9994801996237952,1.0001610966667773,1.0001528662128385,0.9997537544093174,0.9995636418332663,0.9996937131560587
60554.07155813793,1.0002345973925786,1.0001895763984228,0.9997564023111752,0.9998376745689507,0.9999342295930459,1.0002449075669293,1.000461689514808,1.000063866248522
60554.07173586988,1.000484740515452,1.0002888473063902,0.9996445924113738,1.0000007926686991,0.9998954346727045,0.9999341578643925,0.999950225735514,1.0005369352897044
60554.07191360182,1.0016572726132065,1.0011170420797317,1.0011995650163037,1.0006887763084935,1.0005104393816922,1.0004462381987749,1.0003395689703753,1.0006104222334635
60554.072091333765,1.0000634305540217,0.9992920303380849,0.9994139543246942,0.9999573434231344,0.999321057074591,0.9995660457554734,1.0004705708461128,1.0003447530772531
60554.072269065706,1.000630266195431,1.0002933112685817,1.0003308697171802,0.9994957941372649,0.9988995048096795,0.9994726067703713,1.0001504300491824,0.9995251353341097
60554.07244679765,1.0019095006708958,1.0010333768756825,1.0010619068832314,1.000984937848246,1.0006884744041429,1.0001228508254771,1.0005931929245486,1.0005036920377837
60554.07262452959,0.9997002690744868,0.9994898952941899,0.9990945896431704,0.9988610850353734,0.9995460757015209,0.9998978421850779,0.9995990629707672,0.9992617639767396
60554.07280226153,1.0006569873340843,1.000353103940903,1.0001109383741837,0.9999162426577589,1.0003715126901322,1.0000121863167968,0.9999489981713351,0.999846864504787
60554.07297999347,0.9985015958416287,0.9996801445970085,1.0000055700182295,0.9999317416231321,0.999921560384738,1.0002453349518996,0.9998560361570717,1.0000774865296131
60554.07315772541,0.9994300385915346,0.9999748502790397,1.0002352257483549,0.9991779654023633,1.000033555078661,1.0005692860033815,1.0011499410448719,1.0007432462393813
60554.07333545735,0.9999840795277767,0.9998796313281495,1.0001849889769183,1.0006156554300212,1.0003542188641823,1.0004422031559326,0.999968494111577,0.9991430188205388
60554.073513189294,1.0003053603264649,0.9998607782333663,0.9995400376955355,1.0011247760549837,1.0002210159016354,1.0006422005229123,0.999800776364427,0.9991055034137934
60554.073690921236,0.9999278978638882,0.999499865913979,1.0000172407157804,1.0006451318975524,0.9997229621801316,1.0004854357158506,1.0001945492192512,1.000381059950834
60554.07386865318,1.000978690583119,0.999374311816276,0.9997196584049945,1.0003794566068556,0.9999262745896693,0.9994069516268906,0.9995199516538894,0.9999601174096694
60554.07404638512,1.0000508995917623,1.0001071108021955,1.0007929407508644,1.0006748684871662,1.0005004998314058,0.9997720341491552,1.0002421510653203,1.0007566679615794
60554.07422411706,1.0002783054212583,0.9995418967569576,1.0004862695490209,1.0003658204226633,1.000533476941584,1.0003115458427092,1.0006217439418035,0.9999720841345859
60554.074401849,1.000665086030413,1.0008534285809065,1.000926066241771,1.0007595150473922,1.0004520529678682,1.0004320231690518,1.000367025568788,1.0000568585402256
60554.07457958094,0.9992562008510602,0.9992402417993043,0.9996587921962446,0.9995856617403862,0.9987901536656068,0.999299425680689,1.0003400797588748,1.000484239213094
60554.07475731288,0.9987360754059572,0.9990499574492454,1.000200128731827,1.00025386370106,0.9999217160752698,1.000462726152827,0.9999126065058318,0.9998841740842601
60554.074935044824,1.0015381277646573,1.0010725380058185,1.0002831185906549,0.9996844074489655,1.0003767177406324,1.000258128302409,0.9998181667574522,1.0003697387901065
60554.075112776765,0.9998981639771125,1.0001482725056219,0.9997664301163786,0.9996004718694153,0.9997561651430553,0.9997503967202491,1.0006415658791472,0.9992888386877335
60554.075290508714,1.0000723901179738,1.0004853822277289,0.9997053315359937,0.999580122704888,0.9994754483008331,1.0002045685941874,0.9996153873055037,0.9998331001776434
60554.075468240655,0.9992775013130902,1.0002037573280025,1.0007357516855937,1.0000447757402862,1.0004657011130118,0.9998601418372067,0.9999229118354668,0.9995662608124478
60554.075645972596,0.9991744644039149,0.9996787134213478,1.0006072083883506,0.9993267056304371,0.9998217310068618,1.0003915687583076,1.0003638479926396,1.0000200319775612
60554.075823704545,1.0001400968275183,1.0001870250713547,0.99960568347431,1.0000630492427902,1.000055927692119,1.000807672821421,1.0002967179648572,0.9999660639346624
60554.076001436486,0.9987162160074725,0.9999240568258296,0.9996451346872761,0.9997647405886377,1.0001544931354074,0.9999620236581837,0.9994839256902633,0.9995155136524958
60554.07617916843,1.0002728874378524,0.9991633629572214,0.999514595377272,0.9997081511919106,0.9995519822291937,0.9997265313085261,1.0001454451594303,1.0004884819640225
60554.07635690037,1.0005877093247082,0.9998515496068624,1.0002126706156012,1.000673634309747,1.0001971804640089,1.0010267997046776,1.0007316452670212,1.001111493695078
60554.07653463231,1.0007596806657009,1.0003594664553088,0.9999129779540473,1.0001008233390314,1.0009669779474446,1.0012307378254441,1.0005405551397306,1.0007522633240322
60554.07671236425,0.9995237300372155,0.9994555295547135,0.9994262872927175,0.9998322890674854,0.9987504940394715,0.9994849662737323,0.9997602667465197,0.9999689983774086
60554.07689009619,1.0002217911450524,1.0005166824539133,1.0006141650565943,1.000481313741665,1.0008109548698831,1.0004719329944114,1.0012780991033992,1.0008682818470447
60554.07706782813,0.9996031139591842,0.9994632875574073,0.9999280729089713,1.0003466832912238,1.0001377553884896,1.0000641995082706,1.0000247554795672,1.0002632117786519
60554.07724556008,0.9987920466141631,0.9996034277883994,1.0001489262718433,0.9999588823065574,0.9997691879167331,0.9997370402790265,0.9997392844147295,1.0008802637694802
60554.07742329202,1.0000807714097302,1.000484480361416,1.000571619477047,0.9990377572376578,1.0000281605611914,0.9995986213022623,0.9995585005126703,1.0000725331294675
60554.077601023964,0.9998675549871372,1.0006305955867576,1.000118013905685,1.000188854143654,0.9999829384051785,1.0004002392390978,1.0004991723153,0.9997022829050333
60554.077778755905,0.9998829599968361,1.0001320253091806,0.9997224903070221,1.000137877596864,1.0002712272578675,0.9997885644011015,0.9997016693644972,1.0002816361277425
60554.07795648785,1.0001024175654183,1.0002312016376094,0.9997376230477915,0.9992600506015583,1.0007968526998363,1.0004985962355784,1.0002097674923918,1.0008315917316728
60554.078134219795,0.999912008652221,1.0006876888214133,1.0002065508170948,1.0002930869223667,1.0005803399366382,1.0008239319556165,1.0009462430095142,1.0006122532041568
60554.07831195174,0.9993906137399793,0.999012146518041,0.9996101724478046,1.0005505623146704,1.0005697506610594,0.9999198823251825,0.999245450749773,1.0003921422462039
60554.07848968368,0.9994822910439808,0.9997392359244421,0.9992196290386238,0.9996907584432919,0.9999126606558527,0.9998379847904227,1.0001489857506662,0.9994699121743464
60554.07866741562,0.9993760595945256,1.000034272074743,1.0006041693806724,1.0006650727206032,1.0002846576682078,1.0002807444575834,1.0000926267626649,1.0003393265717244
60554.07884514756,1.0001601637960957,1.0005111434696374,1.0004193534568915,1.000101477925476,1.0003550455896044,1.0009022638366627,1.000480389866884,0.99993868031757
60554.0790228795,0.9999344052536294,0.9991681518665425,0.9993215713271045,0.9984465738530899,0.9987118369791821,0.9987547436570695,0.9987675384011577,0.9989535315247143
60554.07920061144,0.9996182461844609,0.9994907011406663,1.0000408150858837,0.9998139630091009,0.999446047579027,0.999928457341976,0.9996193186753174,1.0003369379181495
60554.079378343384,0.999836526624778,1.0002587240433494,0.998840032362267,0.9998128859088078,1.0002456335609662,0.999579125497973,0.9999014157298555,0.9998903918519343
60554.079556075325,1.001030257996547,1.001246603325255,1.000464588317641,1.0004464683071033,1.0004664946418493,0.9995011082075131,1.000639057313535,0.9998600962579939
60554.079733807266,0.9996748150945005,0.9991270939445558,0.999402611330731,0.9994002930161635,0.998973290234796,0.9990175272541252,0.9992182267079013,0.9997596604783464
60554.07991153921,0.9994174091344766,0.9995339579169054,1.0002962082560534,0.9992889105708953,0.9999500124670281,0.999586485037786,0.999411105341271,0.9998219111692574
60554.08008927115,0.9994521797220595,0.9995616022678379,0.999569814676237,1.0007702506193916,1.0012449432421946,1.0010070835988574,1.0008250297042693,0.9998734158925079
60554.08026700309,0.9997906584435748,1.0000390289774521,1.000060553325359,1.0005920661068823,0.9996931386005216,1.0001902862990637,0.9995284344447811,1.0001707963246185
60554.08044473503,0.9999997671329033,0.9999606786313773,0.9994566091136302,0.9990122620257056,0.9997517713069094,0.9996655618317425,0.9999415324794603,1.0003246636086578
60554.08062246698,0.9993385413483366,0.9989882441401475,0.9988822456375548,0.9996156492990923,0.9991762350175286,0.9985953919225632,0.9994074892214021,0.9997133595839289
60554.08080019892,1.0008611347326855,1.000543690353364,1.0010883905371528,0.9999701579049922,1.0001483047991742,0.9994159017437575,0.9999456928234289,1.0001105008276021
60554.08097793086,0.99985554477765,1.000531822461625,0.9998448824306855,1.0006368927298777,1.0003343474466615,0.9997994907695692,0.9993652740893522,0.999582718404314
60554.0811556628,0.9996420092088252,0.9995618043095766,0.9996021364317951,1.000220571912809,1.0001096683236663,0.9995083878513041,1.0003650385388325,0.9999946802027215
60554.081333394744,0.9991358877233877,0.9996847489081941,0.9998361482438795,0.999687804979961,0.999862296363391,1.000706609347198,1.0001006510081822,1.0001309940216012
60554.081511126686,0.9998785577410394,1.0008754166433296,1.000253706722282,0.999360704856271,0.9988411589855658,0.9997934398208506,0.9995358055019659,0.9996023433574287
60554.08168885863,1.000732426270053,0.9999646953011646,0.9991713447621189,0.999479024087253,0.9998096533935822,0.9995207614539632,1.0000062249922812,1.0002619847441596
60554.08186659057,0.9996543016289948,0.9992264068612016,0.9992803383720084,0.999589586011218,0.9999546628881286,0.9994206455700588,0.9995394129644025,0.9999957503063079
60554.08204432251,1.0004177552033573,1.0004122864871812,1.000177103953448,1.000513177958667,0.9996611566630632,1.0002463398206165,1.0008024203722903,1.0007184792386532
60554.08222205445,0.9982816017457165,0.9989382046827023,0.9984288462667933,0.9988629002800559,0.999594034328828,1.000501657251918,0.9999989034914325,1.000113281643251
60554.08239978639,1.0003542393320637,1.0006157026700913,1.0012260136749516,1.000958990301412,1.0001385132563672,1.000351384584108,1.0003843780482307,1.0010542377019194
60554.08257751833,0.998816551042733,0.999576056693918,0.9987806307509782,0.9995984567352322,0.9993454743947084,0.9995005001752875,0.998968580097492,0.999297995193105
60554.082755250274,0.999295669178835,0.9995634544104642,1.001301583253579,1.0016341875088355,1.0009170063604305,1.000661476613141,1.0012662082695436,1.0009125119142686
60554.08293298222,1.0008209819430103,1.0001818558434652,1.0000850319914385,1.0007864915675053,1.0005409877775586,1.0011545834047304,0.9996881491421958,1.000465274360926
60554.083110714164,1.0005000801184487,1.0000832873206007,0.9998584999666043,1.0005328001985994,1.000019747618904,1.000642870533302,1.0005296572237883,0.9999345373416597
60554.083288446105,0.9987994885502537,0.9997741111291668,0.9995259591873894,0.9996776150442942,0.9998938932784539,1.00023542226421,1.0005794538781851,1.000395446385126
60554.083466178054,1.001349146256547,1.001426315651283,1.001752366048836,1.001216404870618,1.001129586560548,1.0015357473512885,1.0011217208012333,1.0007186130428993
60554.083643909995,1.001425084784296,1.0008997703944706,1.0003286371846374,1.000696494641487,1.0008961603549713,1.0006725480868839,1.0001265474776064,1.0003558502397618
60554.083821641936,1.0001176450151583,1.0002685523937476,1.0004328246009426,1.000159784246053,1.0004004293796427,1.0005174091051214,1.0003311273769195,1.0001446988801912
60554.08399937388,0.9996261159573323,0.9990029911866789,0.9996255462336066,0.9993038137061174,0.9993961161468333,1.0001013408777237,0.999400270117079,0.9999244527964689
60554.08417710582,0.9996886611162175,0.9996040972867084,0.9997509496100758,0.999999572663652,0.9997310927340056,0.9995941635742159,0.9990767311287455,1.000000317821616
60554.08435483776,0.9991866675631732,0.999914777388829,0.9997040876199359,0.9994581951288728,0.9995632302177863,1.0001553843681072,0.9993187893505687,0.9985095525177357
60554.0845325697,1.0015975570636777,1.001620348535736,1.0012483657747806,1.0007361932277803,1.0007000453708592,1.000490928273622,1.0001597370873256,1.000421211466414
60554.08471030164,0.9996347490648919,0.9993454372912071,0.998668576563048,0.999136407577982,0.9987096020807372,0.999132050858158,0.9997283044024474,1.0001064411076668
60554.0848880336,1.0008842207976831,1.0008343107114246,1.0010141982186436,1.0011680074003249,1.000553297187077,1.001334563880866,1.001132237491627,1.000775930486897
60554.08506576554,0.9994089422368895,0.9996567536047598,1.0005311509876735,0.9998001177824177,0.9991496813739773,0.9994703690942868,0.9997428220206441,1.0002726144177596
60554.08524349748,0.9993563692916031,0.9995760984625468,0.9996435246784187,0.999784702670247,0.9998177271218617,0.9991425501353912,1.000441943703161,1.0006109597631132
60554.08542122942,0.9991698080238433,0.9988011894172839,0.9988216356334277,0.9982972345470297,0.9985839666347963,0.9995367679757362,0.9989855301556038,0.9992647585488014
60554.08559896136,0.9992082209952424,0.9989881333172531,0.9994881721354502,0.999387264177175,0.999588317558051,0.9997836032106229,0.9993392961206524,0.9998988535663696
60554.085776693304,0.9997591197165664,0.9991002579206123,0.9989363278918045,0.9996966907621206,1.0003216019876837,0.999990114747007,0.9997857013867161,0.9997454465028602
60554.085954425245,0.9999289166694597,0.9991872168450977,1.0002728305081026,0.9999011334326232,0.999607028979635,1.0008808205668394,1.0005537613062156,1.0002266564586688
60554.08613215719,1.000677524461426,0.9994017323609733,0.9997583956842068,1.000662085597888,0.9998622598326516,1.0003958129407364,1.000168060760584,0.9994016468999863
60554.08630988913,0.999953185056784,1.0001464275644831,1.0003858067159084,1.0001449200848544,1.0002053057992057,1.0003680355612932,0.9998381394535291,0.9999834660853907
60554.08648762107,0.9995848112402096,1.0003962884622153,1.0001342806743359,0.9999066426470882,1.0000894981368849,1.0002770663032217,0.9995841253178428,1.0001117605697987
60554.08666535302,1.0003723916156237,1.0010638337276379,1.0003781351334398,1.0000363694567218,1.0001988578337893,1.0006321121814685,1.0007061231569065,1.0001028459032124
60554.08684308496,0.9999668590973492,0.9996529740239519,0.9993895596020194,1.0004411483528597,0.9997251672161468,0.9998995922604401,0.9996864728842032,0.9995767378500932
60554.0870208169,1.0010965305679613,1.0007914608192423,1.0007549422942863,1.0012604387265394,1.0008537496162537,1.0007629621850975,1.0001221492035186,1.000954376784958
60554.08719854884,0.9996866427423398,1.0003164590905946,1.0005448606124487,0.9997326068013049,1.0001653720475623,1.000174433694627,0.999915959320349,0.9994705408891118
60554.08737628078,1.0001048510794819,1.0001596102878476,1.00016641191683,0.9999764684490061,1.00017527463222,0.9998406345772379,1.000558387061798,0.9998316134637999
60554.08755401272,1.0002454672169774,1.0007141206018457,1.0001569275188418,1.0004324506498907,1.0007934114172146,0.9999769974063792,0.9999079786605247,1.000503478611752
60554.087731744665,0.9996958704737705,1.0004035338790163,1.000086744648071,1.00025392688622,0.9997423823270511,1.000547320765797,0.9998164203444058,1.0004648154619196
60554.087909476606,1.001083519635932,1.000890040384388,1.0006506271150633,0.999854194830901,1.0003591326835108,1.000545523692775,0.999999329795335,0.9998121639429188
60554.08808720855,0.9993094953861689,0.9999106809425612,0.9993918881453026,1.0006016900334316,1.0003230775686183,1.0001105806176702,1.000887373664708,1.0010089203513044
60554.08826494049,1.000516527018438,0.9989333213538757,0.9990131983292306,0.9998084186589631,0.9995587259196428,0.9994472297964101,1.000194959103886,0.9997362949532016
60554.08844267244,0.9999712246099691,0.9999907094753254,0.9998689367790702,1.0003611441303275,0.9999429945061076,0.9998999139006755,1.0002148553757337,1.0001474770527936
60554.08862040438,1.0003553760620718,0.9997549218849399,1.0005871295483226,1.0000044972677606,1.0005109295024448,0.999759845306047,0.9998347964905728,1.0003613200251822
60554.08879813632,0.9996636517094328,0.9995044659042721,1.0007888190014822,1.0000350348916658,0.9993592530067782,1.0005428280832411,1.0004306466497412,1.0001346156565238
60554.08897586826,0.9997172172976101,1.0004816148094335,1.0007796003865648,1.0005296796193786,1.000630132494037,1.0006027806481577,0.9999012900478226,1.0003521483222917
60554.0891536002,1.0005678351135292,0.9997728716731126,1.0004168576301657,1.0002609797082318,1.0003615045722278,1.0001349139498452,0.9998189605544251,1.0005677023371236
60554.08933133214,0.9995430621422576,1.0008945461952248,1.000234054160891,1.0005309099584467,1.000736643663054,0.9998517292560755,1.000273206468737,0.9999533700414862
60554.089509064084,1.0001653366967413,1.0001979235628289,0.9998338261867893,0.9995138769032587,0.999642489020381,0.9998494569192168,0.9997480815599695,0.9999861828071539
60554.089686796025,1.0007640806130258,1.0002002278788682,1.000132825881585,0.9998135242560758,0.9996450167445934,0.9995900398232906,0.9995881077366531,1.000311245190268
60554.08986452797,0.9997600331019241,0.9997038690981553,0.9993190434465181,0.9995407813804793,0.9999010105392014,0.9994740522421501,0.9997888425419426,0.9995831766425587
60554.090042259915,1.000024683238951,1.0001460593284108,0.9993746286874411,0.9997157378399448,0.9999602277374184,1.000022175963155,1.0001096114505055,1.0006262986854075
60554.09021999186,1.0012041965402918,1.0007716858540139,1.0007692453302988,1.0000222115520754,1.0006882769641947,1.0008911248037835,1.0000959792786497,1.0007479967856825
60554.0903977238,1.0004188157537948,1.0003157308601525,0.999817695401929,0.9995079699765969,0.9994870327491318,0.9990217911168242,0.9991218578448027,0.9994441127334495
60554.09057545574,1.0011248737928269,1.0014666639866792,1.0009458781674154,1.0002309375268408,1.0003105769525713,1.0003852534477515,1.0011553182058623,1.000116993472147
60554.09075318768,0.9997349669452068,1.0000642947570053,1.0003998816792747,0.9994707379735953,1.0004279550017934,0.9996572068227448,0.9998599314044958,1.0004923890480029
60554.09093091962,0.9990147954864697,1.0000082767844836,0.9988897340227818,0.9995521431941788,0.9985039464852059,0.9988034100276842,0.9988813588563712,0.9994403969399832
60554.09110865157,0.999157281293782,0.9997970450669944,0.998981983148365,0.9996872543242464,0.9991878968762034,0.9995205006169504,0.9989239982025989,0.9990985723538552
60554.09128638351,1.000004169965818,1.0002021886839427,0.9993983571423384,0.998790296397914,0.9996628985414905,0.9989434236937976,0.999013089747606,0.9993940646593846
60554.09146411545,1.0010291658969945,1.0000118628853212,1.0002858430933936,0.9999167082792396,1.000265895074596,1.0007009443667618,1.0001041077118857,0.9998884746518379
60554.0916418474,1.0004797193968298,1.001410720829613,1.0015632293400532,1.000684534930832,1.0004329858064656,1.0010474196342456,1.0005576873024506,1.0008070982862922
60554.09181957934,1.0010468262836798,1.0006479431705233,1.0005101854247271,1.0004965032769102,1.000778946549113,1.0006934761448603,1.0011379391570585,1.0004461618285159
60554.09199731128,1.0003202409283112,1.0003416526152211,1.000827488100247,1.000335249139374,1.0001911307126437,1.0005573738589961,0.9998987271493603,1.000896892498629
60554.092175043224,0.9987136859223369,0.999176186726431,0.998109374185981,0.9987565032619936,0.9993584170037082,0.9991331626465514,0.999969724064013,1.0000035849578823
60554.092352775166,0.9994588277362102,0.9996474606449656,0.9999028423724512,1.0005895265949252,1.0002980869188423,0.9999476961278123,1.0003149979836734,0.9996531456909833
60554.092530507114,1.0013821914538028,1.0002906652819583,0.9991127497013863,1.0003042594758444,1.0000853405908383,1.0007719663492733,1.0005841942701106,1.0004480588753804
60554.092708239055,0.9999815711807511,0.9998836145510269,1.000584995062883,1.000299815256105,1.0003902219372676,1.000968736445691,1.0006189260968894,1.0007328095082002
60554.092885971,1.001417052841278,1.000433884308986,1.0006025078593752,1.0009246775118417,1.0011313107534587,1.0008130766711094,1.0010811917787368,1.0009386351284024
60554.093063702945,1.0001728921326976,1.0006603817401563,0.9999542232781626,1.0004728965335639,1.000499038746796,1.0004268560700755,1.0000615140410762,1.0000610632973557
60554.093241434886,1.0005764403270538,1.0005529130586444,1.0004332910788918,1.000092141579981,0.9995907429382079,1.0003202078051736,1.000573730419907,1.0002637678096293
60554.09341916683,1.0001339270517835,0.999891403520118,1.0003360064803444,0.9999731157971893,1.000231554730003,1.0010606015966557,1.0005333626047683,1.0000824072220542
60554.09359689877,1.0006311622672497,1.0006917037308367,1.0012234606792225,1.0009291243889014,1.0013443690423793,1.0008931092799749,1.0003565494787658,1.000530536803703
60554.09377463071,1.0002214004361936,0.9996662323629375,1.0002342249136922,1.000269399573653,0.9994535634887155,1.0004285303617115,0.9997381413351474,1.0000747602268052
60554.09395236265,1.0001521603242303,0.9999221864394342,1.0004502629570573,1.0001826696747018,1.0001903960388863,1.0004516646660868,1.0001173726892032,0.999916307256511
60554.09413009459,0.9999149442589094,1.0000086074127865,0.9993944651248614,0.9995399310381426,0.9988763083700644,0.9999003389357627,1.0004606479361553,1.0003266092215075
60554.09430782653,1.0001638244553144,0.9997028922563536,0.9999982059265611,1.000097842711987,1.0004214244073237,1.0003423498714534,0.9999040022123572,1.0001302873369544
60554.09448555848,1.0007309536573923,0.9999949408294635,1.0002786991551829,1.000166702725786,1.000851210294981,1.0008839162439533,1.0001829327364367,1.0005445148872592
60554.09466329042,0.998977886676846,0.9992916063304909,0.9996721415356253,0.999568551258182,0.9996429101386259,1.0000789617669965,1.0000848852270883,1.0009288142271333
60554.094841022365,0.9998396086270555,1.000664455701779,1.001408521192816,1.0005899060011412,1.0008991170254442,1.0012553020336235,0.9997399489472835,1.0006915928447466
60554.095018754306,1.0009166334736552,1.0004019117038974,0.9996989556082851,0.9990698612039574,0.9996627048705868,0.9999027848702278,0.9990873952940185,0.9998995404281653
60554.09519648625,0.9993914419042514,0.999718255830251,0.999521770690556,0.9998460268203456,0.99942073453098,0.999891224327086,0.999452355318897,0.9989213715916143
60554.09537421819,1.000974635175216,1.0008472153773464,1.0004797209075686,1.0003756424671666,1.000333706129238,1.0002716201556394,1.000383985179928,1.0006290150767898
60554.09555195013,0.9995845230659751,0.998821660846392,0.9996025406121233,0.9995839873336532,0.999542947684485,0.9995052536948562,0.9997450708632902,1.000315597958021
60554.09572968207,1.0004042113990783,1.0001735217217536,1.0006236752485127,1.0005545341220008,1.000894402820513,1.0004778544058297,1.000279016202805,0.9998741813849469
60554.09590741402,1.0003660889103856,1.0002730817294445,1.0001736835425379,1.0001829965250375,1.0004170533304084,1.0007941980048425,1.0002994808798562,1.0004841949420595
60554.09608514596,1.0017333263721748,1.0002942328989775,1.0006842144324626,1.001210390765391,1.0009443744075273,1.000611878513918,1.0009238426500366,1.000248281537474
60554.0962628779,1.0000124952771323,1.0000263446770548,1.0005766265917724,1.0001107735254007,0.9990616478008199,0.9999527627692903,1.0000353912842863,0.9998236711080672
60554.09644060984,0.9990635958116534,0.9997887420717128,1.0000444653795406,1.0001141503883533,1.0000383323426065,1.000388094750031,1.000096099885636,0.9999911424845358
60554.096618341784,1.0002825864822835,0.9994382359020891,1.000243135736126,0.9994314793213581,0.9998086115426954,1.000236533171397,1.0002437007456833,1.0007005567380802
60554.096796073725,1.000465061562516,0.9999491400076607,1.0007520542037265,0.9996554196330203,1.0008898922889498,1.0002896522765563,1.0001050459984167,1.0000810952796826
60554.09697380567,0.9996649654222819,1.0000524099817787,0.9992660899406902,0.9993315844695934,1.0003503742937954,0.9994980125303993,0.9995181288166138,0.9984975160824591
60554.097151537615,1.000576493614279,0.9996599122572929,1.0003676237297547,1.0009177091335477,1.0003876079599208,0.9999565319816184,0.9997893772130138,0.9995819017028427
60554.097329269556,1.0008285927822904,0.9996432616975225,1.0003741600021876,1.0001119208970395,1.0001240792654382,0.9999116213115046,0.9998288685377755,1.0010742620854864
60554.0975070015,1.000298769062247,1.0001851834108937,1.0006454666697524,1.0003462805596446,0.9998238125341867,1.000098112138485,1.001087336764403,1.0004578853931239
60554.09768473344,1.0007365230380765,1.0004554046747898,1.0004820373835162,1.000585070860133,1.0013745651775452,1.000628954232455,1.0010401259954438,1.0006172181676325
60554.09786246538,1.0005336708845494,1.0004647878132136,1.000507496897733,0.9996200557258393,0.9999606142094463,1.0003359349846053,1.0004720969424368,1.0004786848501748
60554.09804019732,1.0006542602593518,1.0007844964204957,1.0004044990190537,1.0004997328062426,1.0006002486097143,1.000122400822883,1.0001916964460764,1.0002722566152946
60554.09821792926,0.9997866370856314,1.0001928639575859,0.9994371788174803,0.9992730788500314,0.9993669157642404,0.9995340691351136,0.9996591392810346,1.0002134336257449
60554.09839566121,0.9991014707167415,0.9998289406961809,0.9989742353908392,0.9996512464599003,1.0000641285531697,0.9995151252595935,1.000055792672523,0.9997627125366767
60554.09857339315,1.0003729094828064,1.0000103493726507,0.9997791403394872,1.0000567289552704,1.000164916138137,1.0010550708532855,1.0003344180967508,1.0004979083905519
60554.0987511251,0.9990893295014774,0.9995159410748803,0.9994269350069662,1.0002856541036231,1.000624490814224,0.9989314251912121,0.9992556286061822,1.0009084151916776
60554.09892885704,1.0001938349739652,1.0004515507586251,1.0002062343512135,1.0004674894782826,1.0004230084207706,1.000086046664234,1.0003692979954733,0.9998612264908957
60554.09910658898,0.9995204398877272,1.0001052182512211,0.9995062122745166,1.0004375465034974,1.0003160429369238,0.9997515766552494,1.000039815829203,0.999731712901136
60554.099284320924,1.0004343565785867,0.9999339546305762,1.0004054757190448,0.9999905625779775,1.0004833656099956,1.0008948884351396,1.0006165032100032,1.0012779570795607
60554.099462052865,0.9981348854713867,0.998774262494562,0.998574854166606,0.998986537398477,0.99912455735801,0.9985834786032364,0.9986472941312546,0.9995172646710224
60554.099639784814,0.9993589070716445,0.9991228254627478,0.9991379484857292,0.9986890339122245,0.9990918840908065,0.9993218406271318,1.000099691525869,0.9998644057458548
60554.099817516755,0.9984005763444678,0.9990986535891799,0.9993929318944279,0.9987628232542557,0.9990842019082687,0.9988492165906906,0.999215331543162,0.9987756795818098
60554.099995248696,1.000472913829476,1.0001853474447806,0.999585757210659,0.9998648140713449,1.0001004930196407,1.0008548346794464,1.0002894507968587,1.0002904708421623
60554.100172980645,0.9999115744671425,1.0004053651373281,1.0003304447206978,1.0007966543394586,0.9998155793463308,0.9993720890564745,0.9998300065423111,1.0002365163448785
60554.100350712586,0.9999184437098445,1.0008807399030397,0.9997703574308128,0.999826506444339,0.9996868592273662,0.9998963511843157,1.0000877326266846,0.9996455872378032
60554.10052844453,0.9995100332966773,0.999647871129766,0.9999702781142283,0.9993089612298315,0.9999393351987558,1.0000961435240039,0.999278380039462,0.9996629081148413
60554.100706176476,1.0008273573651112,1.0002820560634151,1.0005371837505206,0.9998950629331647,1.0005470323102468,0.9999432530865346,1.0005311012237723,1.0005451498792608
60554.10088390842,1.000265752143771,1.000420155712852,0.9999849728107084,1.0003057753291626,1.0005165797350895,0.9998696538698454,1.000677084039595,1.000216597022423
60554.10106164036,1.0006810187182997,1.0004076581710364,1.0000231797305124,0.9991200440978999,1.0000921047211058,0.9997337325249721,0.9990593747683847,0.9999078234065586
60554.1012393723,1.0002278905123958,1.000797709550142,1.0003576653871529,1.0004501032253346,1.0011286438645253,1.000331907578883,1.000098139457249,1.000328992258608
60554.10141710424,1.0002516695036905,1.0004519483607641,1.0002344280220379,1.000633140003802,1.0005440118559434,1.0004359545233068,1.0001006202593714,1.000134167329705
60554.10159483618,1.0005214588761489,1.0020617415613002,1.001808545078101,1.0018506628186585,1.0005866282975147,0.999732420115318,0.9996517195631102,0.9993036278562866
60554.10177256812,0.9988550975207536,0.9986153002952171,0.9988270407439719,0.9991972442575259,0.9983516689681307,0.9994139763083765,0.9989675964340752,0.9994772370482627
60554.10195030007,0.9990458665555579,0.9993725326487252,0.9985564964303456,0.9993751789819739,0.9998458589803295,0.9996518837502846,1.0001055887298556,1.0000791374427411
60554.10212803201,0.999305380535116,0.9997865540997087,1.000075087978798,1.000440775737572,1.0010572877335735,1.0003217275920022,0.9998050361195997,0.9995696951214261
60554.102305763954,0.999444719895312,0.9993242582759216,0.9998263528103112,0.9997279248990718,0.9994318433548512,0.9998510527835075,1.0001098923692535,1.0000399853292448
60554.102483495895,0.9997189907811004,1.0003589983586065,1.0003018905382162,0.9995898691634058,1.0004950425448482,1.0004203392570525,0.9995436589870965,1.000014212649197
60554.10266122784,1.0004535782617259,1.0007892838895194,1.0000907019045822,1.0000090879353472,1.0004995021943106,0.9996015298699424,0.9992279675132507,0.9998587344281132
60554.10283895978,0.9999763396064463,0.999235704381938,0.9992382208811985,0.9995579255220676,0.9999530787297186,0.9999198370899348,1.000164084909481,0.9997019911787391
60554.103016691726,0.9993824350166267,1.000074201203537,1.0004681366423107,0.9999255199517028,0.9991841460970401,1.0004314409855393,0.9993185923193532,0.9996958378353314
60554.10319442367,0.9996435031748504,0.9995331607122141,0.9996715492557002,0.9995607334233249,0.999493305743904,0.9993136941702501,0.9996978756180024,0.9993469153469339
60554.10337215561,0.9997518949692012,1.000619318617095,0.999981281865214,0.9993441411914304,0.9990444995179742,0.999674917597162,1.0002198769849397,1.0002797387504976
60554.10354988755,1.0000259432798297,0.9999997561442396,0.999327414406517,1.0005107042891892,1.0004221154471424,1.0010840810400965,0.9993764075471566,1.0006039104268292
60554.10372761949,0.9994716378311895,0.9999043161876926,1.0001559033037162,1.0000250067572491,0.9997887773807301,1.0004363487161796,1.0002219544701347,1.00004160816
60554.10390535143,0.9999351835933844,0.9997058184608661,0.9996927653667061,0.9997122387402815,0.9998078310605506,1.00059925464872,1.000051387830728,0.9993078692856916
60554.10408308338,0.9999710739821817,0.9997720934323391,0.9997162855092193,0.9997130043436421,0.9994439627175472,0.9993104971544319,1.0001937867681536,1.0000816605613239
60554.10426081532,0.999653036586427,0.9997304826761446,0.9998358895503685,1.0000396184730662,0.9995361592003912,0.9993842408889254,0.9992952426276555,0.9998818287105767
60554.10443854726,1.0002072860546252,0.9994622951923987,1.0000079211123465,1.0003272630075961,1.0009772833849775,1.0002812734749933,0.9997485114462579,1.0006940479048732
60554.104616279204,0.9985902542415829,0.9990760124318367,0.9988315352231883,0.9998033062709222,0.9992367216589368,0.9999425005365047,0.999162796751934,0.9994282263700798
60554.104794011146,0.9992956035797603,0.9990501838160096,0.9990743802496533,1.0000133877740442,0.9996391360203791,1.0000806542702254,1.0005438613832334,1.0005157459832457
60554.10497174309,1.0005038496605891,1.0008394642560743,1.0006588427081136,1.0009457716116865,1.001013028133549,1.0004992215981912,1.0008157787901695,1.0007694616297735
60554.105149475035,1.0001472036504468,1.0006146522930983,1.0002662532067281,1.0001005729604544,0.9999713001755135,1.0002715572962693,1.000176005298019,0.9998837696980946
60554.10532720698,1.0002171824733985,0.9997212086002516,0.9999589996050908,0.9999710734992927,0.9998221163191835,1.0006142228159434,1.0000779225618774,0.9996391365516267
60554.10550493892,0.9996913127808699,1.0001739870978936,0.9994092099007849,0.9998526786823252,1.0000261412231013,0.9997767474269776,0.999275433527194,0.9996820956437051
60554.10568267086,1.0002322475606193,1.0000235495396188,0.998974726531406,1.000504367171977,1.001360782941394,1.0006563518120588,1.0007888076050242,1.000522176185809
60554.1058604028,1.0005990843196946,1.0000889848976395,1.0002388921820735,0.9997929010923513,1.0003822389559835,1.0008679200029182,1.0007510513490874,0.9995529398564104
60554.10603813474,1.0009792501951673,1.001030386978012,1.0005477327892094,1.0007303308850395,1.0008791596447155,1.000720375255533,1.001017162007277,1.0009609583019525
60554.10621586669,1.001151800770219,1.000013886183306,0.999658006311001,0.9993521187607334,0.9996459018902056,0.9993908907640732,0.9994882191795685,0.998706569523606
60554.10639359864,1.0013658745977274,1.000693173554482,1.0003973246108198,1.0004088545358234,1.0004519683093294,1.000783634105827,1.000776366277894,1.0006788748337678
60554.10657133058,0.9993838441463117,0.9996058792548378,0.9996510126111207,0.9986242286731855,0.9989656174748696,0.9993807313386687,0.9991717252513178,0.99975618057681
60554.10674906252,1.0000773344799074,1.0001915544070514,1.000256802672701,0.9999813824238353,1.000535188087802,1.0003130997028413,1.0001311159150166,1.0002801322340948
60554.10692679446,0.999489217228988,1.0002012688139106,1.0006721775666914,1.001002698783286,1.0011032903717312,1.0002861474260656,0.9999904227902657,0.9996631615169563
60554.1071045264,0.9994618504877106,0.9994439365197563,0.9992994913456976,0.9992909289529137,0.999379637304282,1.0001382375656094,0.9999883590375496,0.9997531704768483
60554.10728225835,0.9998898186590421,1.0003359593590746,0.99987751755987,1.0003576786900483,0.9995346628897116,1.0000462922248878,1.0001009146120658,0.999403710789182
60554.10745999029,0.9994859765192716,0.9993248069492698,1.0006566692300953,1.000178821875629,1.0002965681388585,1.0000898006023227,0.9998540494256488,1.0000662767072335
60554.107637722234,0.9995537549838156,0.9997854758769631,1.0001030254449996,1.0006121796557206,1.000022814606411,1.0003999064369182,1.0008099759223406,0.9998856974703784
60554.10781545418,0.9996575171378937,1.0004087688804935,1.0004555252959346,1.0005297785307268,1.0000156176158754,1.0005110553152317,0.9996769165717193,1.0001453774824658
60554.107993186124,0.9987458369715005,0.9990999118491188,0.9997476792112339,1.000796176317152,1.000370132495017,0.9997652905724229,0.999578887571364,0.9992939979151513
60554.10817091807,1.0002765390555564,1.0009745616852948,1.000621848480136,1.0001170199984815,1.000049214733879,0.9996044713359846,0.9994942865468774,0.999652079882348
60554.108348650014,0.9999312124447034,0.9993601444895065,1.000165669473995,1.0000693001447376,1.000568890884016,0.9999678219944802,1.0001347335275463,1.0000160584870288
60554.108526381955,1.0008490335309332,0.9996051592660984,1.0003066966563798,1.0001858924131062,1.0002919174278315,1.0001556866218078,1.0009017196269214,1.000093995000131
60554.108704113896,1.00012346294131,0.9996913484315625,1.000901601302286,1.0009830381598455,1.000960231502694,1.0005818893071032,0.9997974268337635,0.9997172901249501
60554.10888184584,0.9995740514529684,0.9998722864508014,0.9995076319965729,1.000053897138135,1.0013039628555,1.0002535237066752,1.0006053419887093,1.0004203395913402
60554.10905957778,0.9999376925175278,0.9998039988235422,1.0002661808027133,0.9998157953787331,0.9997689584399064,0.99997071470045,1.0004452021815202,1.000353066450685
60554.10923730973,0.9989862656601306,0.9994006967870382,0.9990439093971435,0.9992215853069109,1.0001591570380908,0.9997471741494535,0.9992575872755837,0.9997692699358689
60554.10941504167,1.000427857845615,1.0008007597802762,1.0007628903695862,1.0000032022672438,1.0006636506070692,1.001288225363096,1.0004200595057615,1.0000627707056098
60554.10959277361,0.9996560347142278,1.0002765188395029,1.0004822775234985,1.000873175406246,0.9994124566944428,0.999788975630626,1.0000475863223974,0.9993043494080719
60554.10977050555,1.0009515950872825,1.0005835358648838,0.9996318147620264,1.0005676228983138,1.0000444222487923,1.0000435654794047,1.0002601931540174,0.9999227662022088
60554.10994823749,1.0000279125986808,1.000653770534374,1.0005385634995267,1.0005921567510134,1.0006743425166296,1.0000103081728111,1.0010487855173653,1.0001773378655299
60554.11012596944,1.000929156356263,1.0005056105666177,0.99991958263319,1.0003199789987616,1.0001625646892383,0.9996401775143969,1.0002360308578218,1.0001393381204526
60554.11030370138,0.9985510144525198,0.9981041812652452,0.9986843442719426,0.9984694480619444,0.9986522973826941,0.9993301586254724,0.9988119999875966,0.9986871920257511
60554.11048143332,0.9995047561300536,0.9993964994399257,0.9995565454337977,1.0000568278666184,0.9996706298665704,0.9996750406722839,0.9993322006086373,1.0005338795971848
60554.110659165264,1.0000169244651005,1.0005203720961413,1.0005769627424952,1.0004670020077278,1.0005601280004401,0.9995443942272694,1.0012525160927268,1.0000966618343854
60554.110836897205,1.0001265587944188,1.000246147925301,1.0004351170176393,0.9993755262050946,0.9999801248134347,1.0001047432145689,0.99983239778479,0.9997344679470784
60554.111014629154,1.001129694074399,1.00034981822212,1.000649861895132,1.0007279009137096,1.001345480040737,1.001192432382701,1.0014330104186056,0.9997513857594744
60554.111192361095,1.0002625808805825,1.0009631514080928,1.000963486069598,1.0005925166702176,1.0006764123019314,1.0014476038275213,1.0017378075588947,1.0015843314696629
60554.11137009304,0.9987703496720947,0.9984226136888861,0.9994310176883489,0.9990133081239342,0.9994615138532682,0.9992592312257513,0.9993577442130663,0.9995168665620933
60554.11154782498,0.9999921401343201,1.000116395520287,0.9995632993707999,0.9999089305994374,1.0007933115375343,0.999610231192947,0.9995623712804584,0.9997629461159404
60554.11172555692,1.000277918944598,1.0007280750846448,1.0014202854876402,1.0009673573156948,1.0005752222989783,1.000774908109051,1.0007401394021345,1.0007987750014349
60554.11190328887,1.0002567814222052,0.9999999090558288,0.9996869771182508,0.9997678514243525,1.0005774802465803,1.000642711622464,0.9999083207783624,1.0006674737208736
60554.11208102081,1.0010142104621862,0.9996807600841595,0.9997981841792083,0.9993834010246986,0.9996126526840048,0.9990432787406891,0.9997558266779316,1.000591473900338
60554.11225875275,1.0000002328670967,0.998839590470399,0.9988005539977954,0.9989743618544026,0.9990216154741656,0.9991941620843431,0.998919948614056,0.9989288325824425
60554.11243648469,0.999632943839914,0.9999884377260142,1.0002396958666373,0.9993490117633694,0.9994493192546449,0.9998832124010059,1.000481683406667,0.9995429270038649
60554.11261421663,0.999264910330563,0.9986149845499885,0.998757635160468,0.9986968487945039,0.9986799418747112,0.9992114545795868,0.99927505021192,0.9996257762802676
60554.11279194857,0.9975947157576792,0.9970912618504021,0.9979531550574607,0.9983601141149855,0.9983611166581057,0.9982558949263759,0.9976967794252819,1.0001009782602441
60554.11296968052,0.9998316113111149,0.9993617777069062,0.9999592908804084,0.998971026032278,0.9991079699379836,0.9994167829498816,0.9998023385831403,0.9996878333679983
60554.11314741246,1.0006823114625296,1.0002520094562108,0.9996965009613429,1.0007088068899022,1.0005565405948609,0.9998020597791564,1.0010932826291292,1.0002539967958692
60554.113325144404,1.00080228947704,1.0004522672266374,1.0007908929239802,1.000450861742509,1.000253277763132,1.0005569188629007,1.0001464768865223,1.0003713153675422
60554.113502876346,1.0001625090111115,1.0007572818383477,1.0008886053095816,1.0011498248372093,1.000221189277684,1.0007240772024604,0.999612726488498,1.0000680650587968
60554.113680608294,1.000206985953286,0.9998161178871696,0.9991637176025302,0.9998767472088016,1.0001684755658087,1.0000840466200678,0.9999016047007032,0.9997921154415493
60554.113858340235,0.999105467643358,0.9998737565144957,1.0006914067908586,0.9993703857675669,1.0000905863760121,1.0001153270875898,1.0004814392073729,0.9997261119545164
60554.114036072184,0.9999333800997602,0.9997416108150609,0.9996444501676531,0.9997239716929798,0.999202523958183,0.9994150948526832,0.9994811994947179,0.9998813215759658
60554.114213804125,0.9988760494035362,0.998760709534712,0.9988323816713734,0.9991311437227124,0.9992761303536841,0.9995677385524379,0.9993841702785152,0.9996866988401453
60554.114391536066,0.9987237010350375,0.9997355647660326,0.9994307126110159,0.9991540899744591,0.9995059898834268,0.9997119247295488,1.0003540904694899,1.000337462232565
60554.114569268015,1.00070343936629,0.9998111815073831,1.0000168654216373,0.9994618321139083,0.999946560167199,1.0002517654067224,0.9994241276119548,0.9990966399562395
60554.114746999956,1.000926577216101,1.0010787059200226,1.0012608062175135,1.000726656402269,1.0008639308202798,1.0010803235771832,1.000976935397843,1.0010524939517715
60554.1149247319,1.0008154546919374,1.0006646334184928,1.0007803027809288,1.0003762589653604,1.0010814568766044,1.0010642042610263,1.0005940126938178,0.9995455664165084
60554.11510246384,1.0012474996245366,1.0017331104707592,1.0002395720256037,1.0003035948506365,1.0000194743631754,1.0006918271144665,1.0001406558082329,0.9997279217808352
60554.11528019578,1.000220372204362,1.0004707508050834,0.9995085003922249,0.999372927936844,0.9998689491618815,0.999314797146582,0.9994366456618464,1.000384864286369
60554.115457927735,1.0003057046735142,1.000600763583887,1.0001567851242792,0.9996048505419332,0.999898801299252,1.0002314089577855,0.9998702606167025,1.0002112785514334
60554.11563565968,1.0002311162170456,0.9998721499426008,0.999970341090637,1.001235878005384,1.001191626628157,1.0010441421349348,1.0004717333302844,1.0000109759079694
60554.11581339162,0.9990285328176376,0.9992441173199321,0.9999754946726505,0.9996419236962621,0.999642362757389,0.9994564498560862,1.0002395642842865,1.0002529458543723
60554.11599112356,0.999848713239988,0.9993935127429162,0.9991129139679947,0.9999886871007128,0.9997949874614513,0.9999955749938872,1.0009198632165475,0.9999517402727328
60554.1161688555,1.000079351314804,1.0000838112688408,1.000362888507189,0.9994567572236022,0.9996277845280253,0.9992962950490656,1.0002167346355846,1.0000663338631213
60554.11634658745,0.9997214306434614,1.000075395050169,0.9997977977982002,0.9995379962140691,1.0002056800943206,0.9999886187527438,1.0003103925282772,1.0007415275981784
60554.11652431939,1.0005360734266158,1.0000702517476354,0.9990349534730422,0.9988061357954795,0.9996467422421733,0.999616397579668,0.9999233697837768,1.0005269194637312
60554.11670205133,1.0007874829386654,1.000999995099479,1.0010511641638031,1.0009464545428755,1.0012337957131352,0.999959748971442,1.000664626890261,1.0005291700181096
60554.11687978327,1.0001849323523186,1.0005352378071872,0.9994873650569481,0.9996005755048876,0.9991469204038936,0.9995428679782625,0.9996742659048066,1.000099909808562
60554.117057515214,0.9999362826183524,0.9997928858877667,0.9999433029426357,1.0007043771377924,1.0005435097032411,1.0004372942503508,1.0003491581213952,1.0010384722579422
60554.11723524716,1.0011445596711783,1.0003166685738711,1.000382259899656,1.0009320444881058,1.0005743020722595,1.0004182308245333,1.0011820899715347,1.0010809886396763
60554.1174129791,0.9992302795978991,0.9997607398068403,0.998709002967588,0.9995548982442978,0.9997730968508037,0.9993381852383213,0.9999886369709763,1.001116509537205
60554.117590711045,1.0000209627518375,0.999295065125029,0.9992305842940038,0.9990370565910034,0.9990539689524369,0.9996743242517051,0.9996725421802031,1.0000402232034598
60554.117768442986,0.9995865751050671,1.0000343826575882,0.999459074922858,1.00027349155089,1.0003066630897506,1.0005826183583033,1.0008910151598087,1.0003618938967258
60554.117946174934,1.000167205981813,1.0005547644811221,0.9994871290651125,0.9998738034889767,1.0003058385387773,1.0001949091063904,1.00042351829919,1.000654564749761
60554.118123906876,1.0005010450596774,1.0006695015441787,1.001052385981552,0.9997500686402384,0.9998931648381161,0.9998442780708255,1.0001852066557828,1.0002255728094673
60554.11830163882,0.9986199633122862,0.9997505074529807,1.0004358527480186,0.999704922843609,0.9999032761698555,1.0002620311643324,1.0003529420163293,1.0001242119634282
60554.11847937076,0.9991023058064292,0.9996673848410232,0.9995923369255009,1.00029488622313,0.9996866061215296,0.9996305315384274,0.9989946249373921,0.999530467681095
60554.1186571027,0.9997409780135026,0.9995020617276033,0.9994068270544906,1.0003751803887788,1.0002235601516585,0.9997584612249614,0.9992441106389753,1.0007570155222378
60554.11883483465,1.0003252655096413,0.9995482199032303,0.999084713509294,0.998981777843454,0.999355255935051,0.9988940693949355,0.9992931314083281,1.0003724033116947
60554.11901256659,1.0000024799720593,0.999803102638403,0.9989679731977704,0.9995095717499219,0.9989085316713361,0.9994464895832659,0.9996661512040493,0.9999877835023923
60554.11919029853,1.0003310549646405,1.0012749399792074,1.0000797226653724,1.001014876098907,1.0012392498105012,1.0020528432171933,1.0011055382692657,1.0011428336228982
60554.11936803047,0.9990478266405218,0.9997918390315009,0.9998107833828277,0.9994768814017194,0.9993599626018933,0.9993993095136472,0.9997634186489035,0.9993884105214476
60554.11954576242,1.0003218435848853,0.9998702386677583,1.000129216466028,0.9999691419230544,0.9998368318287464,0.9990462005264613,0.999992443255821,0.9992970701267134
60554.11972349436,1.0011359284873453,1.0005829851111057,1.0006594520331507,1.0009347517064682,1.0011248984490022,1.00036551266816,1.0006506281209318,1.0005349391285838
60554.1199012263,1.0000811819329722,0.9998567429997439,0.9994823074102542,0.9985715626615169,0.9994519757062243,0.9991678337015033,0.999720600183389,0.9997661144683313
60554.12007895824,1.0014464922055213,1.0006627242240802,1.0000476056774186,1.0012123748975097,1.0008879016535834,1.0000103915936576,1.0007716249903718,1.000376365238897
60554.120256690185,1.0018306923279054,1.0015491959966265,1.0008205004340347,1.0013713124426942,0.9998536335044583,1.0000253327372266,0.9997174652973376,1.0001652049590437
60554.12043442213,1.0006107461423066,0.999760198174947,1.0004909314625214,1.0000401142108382,0.9999179519594874,1.0009508597107872,1.0001303925716303,0.9999622434104657
60554.120612154074,1.000175057671655,0.9995500140338723,0.9995443269546226,0.9993069552486387,1.0001740560711296,0.9995040584856165,1.0001816815882183,0.9998121969810042
60554.120789886016,0.9993255885128485,0.9993978271542127,1.000164752733579,0.9996488498526968,0.9990320515235879,0.9990031518448876,0.9986474977301772,1.000051553614851
60554.12096761796,1.000406556614094,1.0009224391575169,1.0005515218572276,1.001142343300936,0.9994008960201173,0.9988365601208659,0.9987351578135507,0.9995690624420905
60554.121145349905,0.9996830767304666,0.9997878010773167,1.0001913866258314,1.0001491974839622,1.0002574048668957,1.0002594674419825,1.0002830920621766,1.0010234561177425
60554.12132308185,0.999952450577994,1.0012816058362792,1.0008601810018016,1.0002960477671414,0.9993612189983919,1.00026599982298,1.0002518447025908,1.0005348667751768
60554.12150081379,0.9995673768913916,0.9992069710060284,1.0001538720694183,1.0001286348480776,1.0001878658502985,1.0005942044564227,1.0003161753944523,0.9999250147743018
60554.121678545736,1.000270512597448,0.9997866773251654,1.0007722574881548,1.0007773991049167,1.0007793176550361,1.0007612047663508,0.9998108398830249,1.0005851887349695
60554.121856277685,1.0002882249247502,1.0007802397011176,1.0007313178447392,1.000775992792226,1.000383025671548,1.000731882632572,1.0005052423693983,0.9997057654496163
60554.122034009626,1.0007239988088596,1.0003917051153604,1.0003732837627672,1.0005592724184653,1.0002003838619353,0.9994704757202278,1.0003323319541235,0.9990377842589853
60554.12221174157,1.0009390412326773,1.000182564709907,1.0006388409481932,0.9999269776392429,1.0004708277383931,0.9997848868342104,1.000511152708799,1.0010906433593754
60554.12238947351,1.0005419607992956,1.001395475760197,1.000836584759652,1.0012237302155387,1.0008797326844476,1.0008517677883992,1.0001926559283896,1.0002589974404767
60554.12256720545,0.9996943070612175,1.0002369863526497,1.0005196413136348,1.0017277797885458,1.001284097671399,1.000506913352713,1.00002672549319,0.9999874613810593
60554.1227449374,1.0013555484184469,1.0009001352698488,1.000404573157748,1.0005673669098394,1.000474512994167,1.0008965251286472,1.0000479994908857,1.000420917757835
60554.12292266934,1.0002509750384123,1.000236526897733,1.0003839332620263,1.0011636641587371,1.0009067273062093,0.9997670200863092,1.0008350747138741,0.9996074933341824
60554.12310040129,0.9997482929836421,1.0001744463927773,1.0006516732776558,1.0002409615276489,1.0002488421775697,1.0008643790229763,1.0004767450879295,1.0003112180990383
60554.12327813323,0.9997659579872713,0.9996217656567441,1.0001244401390998,0.9999633911877457,1.0001596978959812,1.0005734858317687,1.0011563078399222,1.0006291868748338
60554.12345586518,1.0004001094369934,1.001305514295429,0.9998748016551079,1.0009302590644564,1.000553605813839,1.0002785708158108,1.000395212376826,0.9997060043149739
60554.12363359712,1.0002260904814797,0.9995638508123553,0.9998438390586644,1.0002637403682482,1.0007281153300185,1.0000409823705194,0.999655385239315,0.999934008732293
60554.12381132906,1.000827912360216,1.000496547894398,1.0008895237092563,1.0010137307940725,1.001008648068912,1.0012036166508276,1.0008402921601671,1.0009205590007317
60554.123989061,1.001026715261765,1.0004013848750621,0.9996977344693236,0.999952233987671,0.9999817652175861,0.9999732378873187,1.0007598792431385,1.00009712007263
60554.12416679295,0.9999951446104184,0.9998351968686175,0.9995308277540155,0.9994172768327905,0.9999028741867597,0.999807980603104,0.9990477367912558,0.9993362334731589
60554.12434452489,1.0001225778347327,1.0012797512131404,1.0001414845721217,1.0009625968748985,1.000508864790857,1.001523083244344,1.0006435057410235,1.0005162121506306
60554.12452225683,0.9993800665245199,0.999888726086998,0.9998381238175906,0.9994352361810425,1.0001485161555945,1.0006067968919359,0.9996994339557976,1.0006020854029911
60554.12469998877,1.0004957836676114,1.0000773802602854,1.0008124018941413,1.0008160610412293,1.0006877475584008,1.0010217929852159,1.0001025248944544,1.0004696595060025
60554.12487772072,1.000551935321366,0.9997294074140106,1.0002787321140938,1.0006373804956905,1.0003715896656187,1.0005333662793514,1.0005181753789711,1.0008431755451794
60554.12505545266,0.9998001856992267,0.9997847012369335,1.000720869266621,1.000603192009635,0.9999855186060879,1.0004608782635849,0.9998707800626343,1.0007157159331896
60554.125233184604,1.0003068221662568,1.0000523537301578,0.9996321895282237,0.9998597716593919,1.000617781625029,1.0000172573643056,0.9996188902816896,1.0003572788065749
60554.125410916546,1.000281300073264,0.9997425063050703,1.000692472391996,1.0003492179873088,1.0006349391941898,0.9999093344523315,1.0000699943983848,0.9997895057695882
60554.125588648494,1.0006891890413214,1.0011541453361723,1.0013797805658746,1.0024538434045789,1.0000975711789288,1.0010653851279512,1.0002629891447776,1.000773243960325
60554.125766380435,1.0003803445862667,1.0010282195288762,0.9995151432817876,0.9999321754537068,0.9998453894943747,1.0005286497697514,1.0009442842224858,1.000397116321063
60554.12594411238,0.9990637048117676,0.9995252773403043,0.9995530998365258,0.999624008139378,0.9993926669918317,0.9994008773341934,1.000320728738677,1.000038461527976
60554.12612184432,0.9997695389493338,0.9993494775813224,1.0005930755576888,1.000593965318777,1.0005709685307687,1.0000909393761355,1.0000799088076104,1.000146402340801
60554.126299576266,0.998812388757369,0.9999780437312265,0.9998434160775105,0.999781042892443,1.0002068812155371,1.0004087005411513,1.000472518755999,1.0002630222469833
60554.12647730821,1.000961769314537,1.0002142970851253,1.0001978906629914,1.0001183212074327,1.0007773780014488,1.0002055008601698,1.0005700007916984,0.9996340794184949
60554.12665504015,1.0008368534539664,1.0009097011125934,1.0005610790071295,1.0006281608711356,1.0005334475509355,1.001256472740751,1.000465536087927,1.000860267517124
60554.12683277209,0.9998833521356809,0.999534034469211,0.9999063043870607,1.00007600508279,1.0006605830835742,1.0005147078017413,1.0003673905434844,0.9996614747688355
60554.12701050404,1.0006948791137558,1.000326678291869,1.0006922149443227,1.000902379283932,1.000943217321788,1.0010911127321078,1.0006961319524474,1.000875790822036
60554.12718823598,0.9995461494879688,0.9993816828845167,0.9996063037523457,0.999914984629611,1.0006348487109105,1.0002811558179352,1.000025383140176,0.9996573645410783
60554.12736596792,0.9997000571825523,0.9993393968064669,1.0000038763761228,1.000785465020073,0.9998257756485309,1.0003423061458132,0.9998200418159192,1.0001914079964969
60554.12754369986,0.9998315074575759,1.0000273080438267,1.000233884594216,1.0004785667020897,1.0003995443330227,1.000536692455687,1.0002255791362789,1.0001029652397448
60554.12772143181,1.0005260184067999,1.0013121827237572,1.0002594078297755,1.000957759631426,1.0007282091844754,1.0006170194168524,1.0003734215453255,1.0002291339329454
60554.12789916375,1.0004184552371156,1.001273138849949,1.0009766654981247,1.0009957530157245,1.0009890269470176,1.0010625533080169,1.0004662781307838,1.0005269541170065
60554.12807689569,1.0007392688367927,1.0000246685955196,1.000160251692443,0.9993621633271204,1.0006093331511772,1.000644043640782,0.9997165257922908,1.0000756065672145
60554.128254627634,1.0005086424330094,0.9999355516388656,1.0001438288397728,1.000855970527919,1.0005880170886416,0.9994710558142926,0.9998538314913822,0.9992918923013249
60554.12843235958,1.0002232013376613,1.0007713128001143,1.0006109595692667,1.0007241626896335,0.9999276927372042,1.0009386222549987,1.0008890624979492,1.000185999506431
60554.128610091524,1.0005558457314796,1.001223566236212,1.0009838000129958,1.0015283013926606,1.001010771210072,1.000834501307334,1.0008585497554072,1.0007436059766708
60554.128787823465,1.0001617356247008,1.0003380158020425,1.0008180530581048,1.001034144881417,1.001003869974958,1.0018672226696346,1.001721299842609,1.0006597938760637
60554.12896555541,1.001453745934811,1.0002579677170071,1.0015447594786009,1.0010865920041185,1.0007566081737098,1.0002611823496552,1.0002448289522756,1.0003247893315084
60554.129143287355,1.0000120758094266,1.0004358471480375,0.9998388301587877,0.9997786192157637,0.9998717495647149,1.0000378599407418,0.9993489458303517,0.9985426231252402
60554.1293210193,1.0006687982200488,1.0003523953448215,1.0009325016023165,1.0014613420442944,1.0007585989508596,1.000351070449279,1.0004835221915014,1.000380492681845
60554.129498751245,1.0004808876716584,0.9994932092199106,1.000822322599895,1.0002011882048185,1.0010949498058679,0.999844578974984,0.9996910048929816,0.9996831668849058
60554.129676483186,1.000743291199045,1.000924481078681,1.0008471392879716,1.0004824357230702,1.0006562820826974,1.0007549130051556,1.0004619596503843,1.000742056587013
60554.129854215134,1.002285952365204,1.001650349052171,1.001293552119689,1.0011052913860206,1.0008855558370235,1.0009851686424336,1.0001141950695,1.0001067579235776
60554.130031947076,0.999728489457178,0.9988208780749266,1.0004004291690816,1.0004668698405237,1.0004767921126325,0.9996228746229676,0.999682649818886,1.0003158756323383
60554.13020967902,1.0006559666458619,1.0004396699380642,1.0001419209955709,0.9998489126334383,1.0002831196135649,1.0002416002472345,1.0002637822497384,1.000252998961447
60554.130387410965,1.0008887152575137,1.000252921646978,0.9992061413347565,0.9998643042357603,1.0006460373164072,1.0006087184647077,1.0000680408996454,0.9997202924287317
60554.13056514291,1.0008142430599527,0.9998273026437983,1.000576005086795,0.99920255602071,0.9995523401086955,1.000935288887376,1.000075747992655,1.000586195058658
60554.130742874855,1.0003099611360982,1.000724805509645,1.000030399824565,0.999878070896533,0.9996923489178868,0.99973408775465,1.0000538313015066,0.9995838866613173
60554.130920606796,1.0003243924959608,1.000759248237105,1.0007687161391348,1.001139452673115,0.9992254575168356,1.0000626755331665,0.9994508496650935,0.9995175351809482
60554.131098338745,0.9994456672075174,1.0000998526938811,1.0003426351091376,1.0003433860983775,0.9991779066685003,0.9992264806526011,1.0001511323802759,0.9989513596507821
60554.131276070686,0.9988204840885172,0.9981570820372104,0.9984831411194949,0.999249947835344,1.0004566817687945,0.9994335352285332,0.9986826630112243,0.9995312011347692
60554.13145380263,0.9997456735875333,1.0004442317864226,0.9998400220238071,0.9999163729636017,1.0008102189366683,0.9998315205183395,0.9996321219260045,0.9999277840879071
60554.13163153457,0.9992343663840277,0.999761950246269,0.9995805228427523,0.9996175931501708,0.9995752374535399,0.9996498045312511,0.9985999447915882,0.9987847895235726
60554.13180926652,1.0003386331669126,1.0003213883501982,0.9999282103771766,1.000139043421498,1.00032003969162,0.9997626107452826,0.9998223802213961,0.9994879338751043
60554.13198699846,0.9988206326372953,1.0001180937644205,1.0002993095027926,0.9997114826332714,1.0002277754577849,1.000264337369623,0.9998901372445554,1.0001323038531644
60554.1321647304,0.9986379824859225,0.9989916894702964,0.9988189542949875,0.9991472072799683,0.998564236162889,0.9991126860341022,0.9993661310651367,0.9991780219091845
60554.13234246234,1.0002947364257015,0.9991883029175305,0.9997963386165049,0.9999016072931363,1.000007956916134,0.999798353143219,1.0001640842381683,0.9992817576606352
60554.13252019429,1.0000200247084243,0.9991230728960235,0.9991533873487359,0.9996970918129836,0.9996905770986727,0.9989489637681767,0.9995947856738783,1.0005150067333732
60554.13269792623,0.9992972131003314,0.9987628518312212,0.9998618808554247,0.9995858924635321,0.9990882707999224,1.0002080124182517,0.9999286491195093,0.9995447068296897
60554.13287565817,0.9991736158987982,0.9993246500555846,0.999357618958091,1.0003801323452062,0.9994221488803127,0.9985388928538279,0.9988809255153771,0.9990848407758717
60554.13305339012,0.998981969117732,0.9992251392207401,0.9997702295592178,0.9992315116461198,0.9984754564053382,0.9996960876575675,0.9990422289103121,0.9987102202311351
60554.13323112206,0.9992831606168214,0.9996451227640751,0.9986058835230964,0.9993104983976973,0.9992439047954007,0.999858409292073,0.9994158816793237,0.9993826067692941
60554.133408854,0.9989884633162595,0.9992169794052763,0.9996820209842842,0.9991705880059306,0.9995664849363317,1.0004750117859351,1.0003351378074914,0.999968192460961
60554.133586585944,0.9990712294231281,0.9996589887917732,1.0001671399267733,0.9995364506408352,0.99889661213384,0.9990868162219301,0.9989406508577661,0.9987390843460371
60554.13376431789,0.9996212711053827,0.9991080928383362,0.9994543005947075,0.9998565531966299,0.9997733806096327,0.9994784080274286,0.9992817624346882,0.9996816994420673
60554.13394204983,0.9986063429431173,0.998650775404002,0.9993072993314728,1.00021974609481,0.9990058853391132,1.0002732532832868,0.9990950719171844,0.999210240887212
60554.134119781775,0.9990838343257337,0.9995182117857798,1.0000526856480882,0.999596200400327,0.9993600734355779,0.9989369527734604,0.9986322226107199,0.9995335465320375
60554.13429751372,0.998574966631826,0.998348032652069,0.9991565093167684,0.9993632556801199,0.9990706871726576,0.9991846632692993,0.9987081152305106,0.9985392540535936
60554.134475245664,0.9981203330962402,0.9982029712847473,0.99969497697053,0.9987613674051097,0.9984958193483308,0.9985264702197958,0.9984909298869922,0.9997705040204605
60554.134652977606,0.999815272153678,0.9986869866210548,0.9999622363276827,0.9993567804313097,0.9999925869390961,1.0000114885808806,1.000012888750958,0.9990760552838222
60554.13483070955,0.9994471109400078,1.000338093197473,0.999834552468009,0.9990114651394656,0.9988697496202903,0.9992028926326688,0.9993239812392284,0.9988127409888191
60554.135008441495,0.999281710534448,0.999271590165415,0.9996612104294905,0.9998852284967299,0.999702615144955,0.9992489865400562,0.9997808019327221,0.9989756020311686
60554.13518617344,1.0002841246166767,0.9998270547703247,0.9999673583442127,0.9989476029574597,0.9985925437988128,0.9987984506876388,0.9984453218726242,0.9991576720027089
60554.13536390538,0.998514284455944,0.9982412423247619,0.9997318962646693,0.9997969877606298,0.9999239823427323,0.9998110131823671,0.998979632742964,0.9994594302601204
60554.135541637326,0.9999781580055678,0.9998641936920695,1.0000524485728863,0.9998442380833531,0.9988116410843241,0.9997464651406776,1.000109104386756,0.9993283087408201
60554.13571936927,0.999035207691367,0.9999739171221151,0.999642646279189,0.9993975374864201,0.9997777284472069,0.9994625350861247,0.9986897707963817,0.9990003925961238
60554.13589710121,1.0008768438626052,1.0001463623854496,1.0000477321948944,1.000406740504611,1.0002361969279954,1.0000027377930523,1.0002428727660568,1.0004542910794072
60554.13607483315,0.99877362387615,0.9997841193550163,0.9998080540701612,0.9999769539511465,1.000282676767515,0.9998612214261867,1.000080812696434,0.9996341759042658
60554.1362525651,0.999412205825552,0.9985685655293257,0.9989630705899383,0.9993998941095216,0.9986610850278801,0.9983108526058734,0.9983093661838969,0.9991422835135316
60554.13643029704,1.0000120280890938,1.0003665378190734,1.0003547292643977,1.0006615358294888,1.0002099366212707,1.0002200240006045,1.0000457834958614,0.9999465274402098
60554.13660802898,0.9994492146754892,0.999541067688933,0.9991928903249463,0.9993046975247383,0.9990131859187005,0.9992764588367602,0.9997294456990421,0.9992969141874452
60554.13678576093,0.9997527465875176,1.0001944618447949,0.9997458148124528,0.999880511115064,0.9999899413182136,1.0005002454816767,1.0000588777901491,0.9999105967338765
60554.13696349288,0.9994339866939406,0.9994498333629732,0.9996553818654778,0.9995134932090451,0.9998232498019892,0.9997886095436501,0.9989035633467664,0.9993372409441106
60554.13714122482,0.9999474607469165,0.9997867303903163,0.9992682416823925,0.9987850535645498,0.9988858755097239,0.999433828165291,0.9992042089527776,0.9992228778797632
60554.13731895676,0.9988867797533959,0.9995826147886877,1.0004111825139217,0.9992956464732903,0.9997301432326263,0.9995252714447149,0.9997996429532777,0.9989471714413745
60554.13749668871,0.99974779810445,0.9995376501244136,0.9989709849931886,0.9987004889596226,0.9987500121107703,0.9994365124884822,0.9988461683474168,0.9994939794356031
60554.13767442065,0.9986299269858586,0.9995896364030968,0.9991552084213012,0.9995562949551943,0.9993947062007366,0.9994222420317105,0.9990663105152274,0.9994137062480338
60554.13785215259,0.9994593966166767,0.9988263747512378,0.9998566722936191,0.999370396738465,0.9987459455833914,1.0000848147354922,1.000495646305813,1.0000863059140088
60554.13802988454,0.9992494011751964,0.9981466756733042,0.9985189549429837,0.9980933202892048,0.9987996891711636,0.9982746650733448,0.9991817765642395,0.9994697509333068
60554.13820761648,0.9989958628541669,0.9991905936461982,0.9996078288959033,0.999678808340498,0.9999075254063008,0.9996159575546048,0.9986928599043702,1.0000223371695796
60554.13838534843,0.9993015421811751,0.9989078321214266,0.9984185718547092,0.9989683505750833,0.9987673490840959,0.9990522987521224,0.9987347463573211,0.999499752060325
60554.13856308037,0.9973544992990047,0.998158705500412,0.9988281436376675,0.9990019639133364,0.9988766001035652,0.9983999570923243,0.9990318068661344,0.9994022284064572
60554.13874081232,0.9995731403391525,0.9994044312984628,0.9999110320830924,1.000218768057822,0.9998425008446844,0.9994805957978402,0.9999421975977749,0.9995558582057125
60554.13891854426,1.0004045312906313,0.9998403436538134,1.000048205288948,0.9998112633787354,0.9993286094702628,0.999783571148939,0.9994096512068074,0.9998553100566809
60554.1390962762,0.9983801953234801,0.9986318160046206,0.9995314307707048,0.9994278409773617,0.9995094143479828,0.9994129453296429,0.9989812099946213,0.9994287114375731
60554.13927400815,0.9995894191301279,1.0001118815605494,0.9992933161199564,0.999715043266872,0.9993278384773204,0.9986287107308992,0.9987370501241777,0.998836649634176
60554.13945174009,0.9994109633651107,0.999320163521704,1.0008785653338834,1.0002312456357147,0.99958217610001,0.9997577847811394,1.000066485745039,0.9996003298853607
60554.13962947203,0.9999226194273403,0.9991022319152773,0.9988707331187194,0.9991931203712076,0.9992000069194564,0.9990144267597805,0.9999420029048403,0.9999505342431508
60554.13980720398,0.9995709378918533,0.9994007098348222,0.9995588152201432,0.9995253188607426,0.9981519141545384,0.9984528628811545,0.9993532487830936,0.9988970824394438
60554.13998493592,0.999187545810324,1.0000287435009616,0.999371219091695,0.9997066789976641,0.9990178517527993,0.9992146403662665,0.9994152656493788,0.9987415860370371
60554.14016266786,0.9990519369391945,0.9994349335019989,0.9994061724423626,1.0003371699067822,0.9999367022037248,0.998783944001024,0.9985715354494009,0.999926240976433
60554.140340399805,1.0001156098821344,0.9995771219541352,1.000047149693125,0.9995015195668518,0.9990818856385116,0.9994628045174259,0.9996236489014345,0.9995560743074049
60554.14051813175,0.9984196427209119,0.998987297859871,0.9991062000272929,0.9986302711618419,0.998749982964714,0.9990666270910821,1.0008410533702572,0.9998273255483621
60554.140695863694,0.9983584342744233,0.9978735508801108,0.9986520712352854,0.9982905053658874,0.9981047571404766,0.9990555921604684,0.9986183976207098,0.9990556944731326
60554.140873595636,0.9994302473825337,1.0007233091446275,0.999772889751236,1.0005659129966316,1.0006685738881764,1.0004859535761754,0.9998306239144111,0.9995395293106989
60554.141051327584,0.9998202587360435,0.998691495885341,0.9993861782200357,0.9992297227630036,1.0004781511018845,0.9993312791450643,1.0003900328540059,0.9993327054520137
60554.141229059525,0.9997844571335599,0.9988932982680061,0.9989660416507765,0.9991469895773829,0.9988779219714722,0.9987753662721228,0.9992063051865214,0.999307761897634
60554.14140679147,0.9994357929470243,1.0000994549117816,0.9998796362186194,1.0001717277575386,0.9995166944818289,0.9991685828923375,0.9997303501850835,0.9998004965562799
60554.141584523415,0.9983075039794708,0.9985289827688217,0.9989892824150246,0.9991857459545959,0.9994129110305151,0.9995256484134818,0.9999115543631892,0.9999745763825195
60554.141762255356,0.9996515146360302,0.998972638108816,0.9995243264372726,1.0000050606250908,0.999615394628914,1.0002111218963967,1.000390483156069,0.9998681443163734
60554.1419399873,0.9987888085630418,0.9987743355683357,0.9988849669116316,0.9990114994047301,0.9984322145331687,0.999401099166944,0.9991553195263566,0.9996049301418792
60554.142117719246,0.9986982319076567,0.9987189301244004,0.9989280951313666,0.9979072336135212,0.9981760514393204,0.9983980875270371,0.9987109194657083,0.9981279048123287
60554.14229545119,0.9995464150285308,1.000294680843828,0.9987074282194978,0.9977823869409425,0.998698839321169,0.9987411452648918,0.9983237325516532,0.9979723763581422
60554.14247318313,1.000166462439125,0.9991007450746198,0.999959075274687,0.9996959793734499,1.0002238104340848,0.9993135099010159,0.9996398502202386,0.9996913625581157
60554.14265091507,0.999232685781659,0.9996275692883083,0.9989843279054801,0.9992755729361278,0.9999265606811764,0.9993759850552149,0.9991793288679435,0.9991324317215404
60554.14282864702,1.0004468775058648,1.0005100299079985,0.9997747337616949,0.99999126856076,0.9998358717844344,1.000339196080032,0.9993874368026897,0.999809174327914
60554.14300637896,0.9976190269584667,0.998049532962558,0.9977019977959495,0.998769820586771,0.9986906792954338,0.99880664204559,0.9987872331239004,0.9986780194267972
60554.1431841109,0.9995459008804282,0.9991575445167103,0.9994454321561759,0.9997083054161644,0.9995315791262773,0.9995037527864545,0.9991794993735655,0.9988485900787641
60554.14336184285,0.9980953058982704,0.9988691465716547,0.9996291736621641,0.9991147184922474,0.9994263293818221,0.9999079902340086,0.9992256929597815,0.9988943358992783
60554.14353957479,0.9995333050215954,0.9989323763974964,0.9998848770745647,0.9986529792842943,0.9986045644444643,0.9992557229102185,0.9991613146951422,0.9987961530361191
60554.14371730673,0.9995585829437332,0.9996526267593124,0.9992908767806168,0.9990327149204474,0.9997164193552465,0.9996521703554996,0.9987009384667214,0.9996619892494705
60554.14389503868,0.9985251275546468,0.9990576625519673,0.9991304570005863,0.9999221475468318,0.9994124797848858,0.99797606350016,0.9968022105523552,0.998292502268125
60554.14407277062,0.9992402956353884,0.9999103736326821,0.9999511291054723,0.9995809878044727,1.0000370048038858,0.9999313038277303,0.999288719123795,0.999220565525567
60554.14425050256,0.9995788521551253,0.9989485030600855,0.9989733998101092,0.9991000240108228,0.9996119627895373,0.9998307518898951,1.0000228981177806,0.9991891937719121
60554.14442823451,0.9989088500225131,0.9986681138213177,0.998217419053929,0.9988909982175418,0.9987793774150261,0.9986921319797433,0.9993582083765766,0.9989623342463683
60554.14460596646,1.0000797538245936,0.9995305293446077,0.999998606772357,0.999865360551154,0.9989585575088606,0.9993839419462326,0.999635958451808,0.9989406242870391
60554.1447836984,0.9991671388257127,0.9981727327219027,0.9985711128455872,0.998369392866354,0.9984134343225374,0.9987301194426427,0.9988204169221176,0.9994208521428385
60554.14496143035,0.9994274276496383,0.9987480667427883,0.9995764873580202,0.9994525976309258,0.9993272997827971,0.9991970718000573,0.9993177519611471,0.9992525300719383
60554.14513916229,1.0010045507853875,1.000610521751937,1.0009670086449574,1.0011722560514102,1.0013046922223405,1.0011478834057077,1.0006814209901413,0.998930518724253
60554.14531689423,0.998713682519952,0.9984288220364621,0.9978952762593393,0.9987527024286672,0.9989332872980191,0.9986687687307436,0.9989630014274944,0.9992712288160935
60554.14549462618,0.9999938306713474,0.9998656337913293,1.0000312564492524,0.9995604933362598,0.9994326034692074,0.9998988330955921,0.9999251120983275,0.9993138937005513
60554.14567235812,0.9987801094157461,0.9989054324628923,0.9989628566789907,0.9994063285944825,0.9992516353155698,0.9999845668995072,0.9999335039013052,0.9995306033855922
60554.14585009006,0.9981283616574064,0.9992564774870154,0.9994020513177979,0.9988518105706212,0.9987519882423892,0.9988639742057943,0.9994476315581053,0.9997333992937701
60554.14602782202,0.998314474804065,0.9997263409047477,0.998381333995483,0.9988197403508291,0.9992328553949489,0.99874263492323,0.999034463887196,0.9982084968655452
60554.14620555396,1.0004702375709147,0.9997201980926432,0.9998900372706147,1.0011597964923202,1.0000978559692502,1.000044697090551,1.0004324448584365,1.0004648846883701
60554.1463832859,0.9988706568231851,0.9995358596247448,0.9988989035682785,0.9986471999748207,0.9986263991907979,0.9991833766393461,0.9997139117708957,0.9990042731745288
60554.14656101785,1.0000662368478836,0.9994021687426923,1.0000224587107411,0.9988701764569755,0.9997194530101919,0.9994452938334046,1.000450427677314,0.9999740331544118
60554.14673874979,1.0005271363710502,0.9999515227902636,0.9996234220608202,0.9999754648890941,0.9995196185128015,1.0000126670857317,1.0002496063943933,1.0004377176656587
60554.14691648173,0.9988558883422611,0.9974884693144748,0.9980352358910811,0.9983054104605321,0.9981471679875281,0.9978242132529361,0.9979827732652168,0.9982052877223684
60554.14709421367,1.000197135260348,0.9998460546682459,0.9996287893769943,0.9998724324881899,0.9994830977792191,0.9993534562499393,0.9998938367089218,0.9990396117490074
60554.14727194562,0.9993706964479301,0.9996373566488425,0.9995142856762033,0.9988206844179426,0.999019947658759,0.9996684681579389,1.0001328004877164,0.9993095164847704
60554.14744967756,0.9989494657984176,0.9992382248111634,0.9991974222188934,0.9996799473651509,0.9994047755106681,0.9992543692897126,0.9998030100660549,1.000233757980476
60554.147627409504,1.0001565441142926,0.999131538771598,0.9997239467000427,1.000286862886158,0.9992360611711325,0.999710853785664,1.0004206250264875,1.0004115809259402
60554.14780514145,0.9986003984905216,0.9983528629433173,0.9980016456096444,0.9986268266165942,0.9981605100660709,0.9985211509348734,0.99912934683194,0.9994125622968725
60554.14798287339,0.9987511079606983,0.9995326223827751,0.9989151779282698,0.9986047518107537,0.9991482088671944,0.9998236570615134,0.9995661520764856,0.9985788280890731
60554.148160605335,1.000138874698939,0.9994641124597693,1.000250932579938,0.9995906825111899,0.9989769740463118,0.9995360134385706,0.9991912367894871,0.9986595149759069
60554.14833833728,0.9990479786530343,0.9998166019051308,0.9996246444845465,0.999481808768868,0.9990275118579002,0.9995193889102788,1.0001031492315489,1.0000031517009702
60554.148516069225,1.0004004585141562,0.9996490237498987,0.9997775058513976,0.9989467820680639,0.9994385130133806,0.9994303073416485,0.9992740419042827,0.999774810193636
60554.148693801166,1.0002638948515272,0.9997205814681479,0.9999890702676768,0.9992373364456858,0.9993277313184369,0.9996649323495674,0.999341816545361,0.9992513197042018
60554.148871533114,0.9997037129833767,1.000047849527467,1.000676464081388,0.9999464330530096,0.9995194442164846,0.9998691656830212,1.0002250503001024,0.9999381047610935
60554.149049265056,0.9990380595585189,0.9991334522075457,0.9996855449690818,0.9995131003400647,0.9983962700504708,0.9998191469519488,0.9993824819869475,0.9995073014110418
60554.149226997,0.9989701489067292,0.9982697874723816,0.9987506549816305,0.9989513532315756,0.9990692475604832,0.9990534825457014,0.9983552453350512,0.999159779489857
60554.149404728945,1.0006271522237318,0.9995542722938398,1.0001676713464573,1.0016431154321206,1.0000684428132605,0.9995221475694777,0.998615151145886,0.9997402815048583
60554.14958246089,1.0001532069621426,0.9999841165913076,0.999612439714313,0.9986037061294075,0.9991709406160371,0.9988660873463798,0.9987742018360684,0.9982577323649198
60554.14976019283,0.9999266056145015,0.9996181125591331,0.9999738867403384,1.0001849151581077,1.0004267808151257,1.000113883934182,0.9997558842231796,0.999212866489733
60554.149937924776,0.9975060642716007,0.9980713299809667,0.9977240275299644,0.9975180316072836,0.9985245949162131,0.9983497747045075,0.9987106127944755,0.998918126911298
60554.15011565672,0.9984943533277166,0.9982652622007675,0.9990463724174543,0.9995072909007896,0.9998502449953475,0.9994200116576578,0.9998595895647842,0.9999672368553114
60554.150293388666,1.0003576052703855,1.0004609496796695,1.0011195803454493,1.000676936293517,1.000792324273131,1.0006363124021518,1.0002590940916503,1.0001998581013634
60554.15047112061,0.9997176236528328,0.998906724654442,0.9994991219931609,0.9994405306454259,0.9991126032617781,0.9995519883347942,0.9992336673076632,0.9987494512795247
60554.15064885255,0.9995914949646084,0.9992157352357106,1.0001258014663608,1.0000884737989766,0.9997393414959892,0.999203812871311,0.998715701685567,0.9989592153107787
60554.1508265845,0.999339844675459,0.9994718808160279,0.9996404314897542,0.9993007387051337,0.9996428315082798,0.9989757579324459,0.9995287357972021,0.9995286426096849
60554.15100431644,0.9988024627357086,0.9985996099810965,0.9990996516359639,0.9990651818492927,0.998557750802847,0.9994336327761797,0.9987367171753708,0.9978144863155819
60554.15118204838,0.9987511116166915,0.9992625225743827,0.9985954384062004,0.9994749784610246,0.9992782246392186,0.9980463739046367,0.9992310697097518,0.9999515658478666
60554.15135978033,0.9987380470210406,0.9997039738653903,0.9989701278403259,0.9992381015063317,0.9992501165305261,0.9996234657852116,0.9991110710778341,0.9988251024021477
60554.15153751227,1.0000965971778943,1.000226355885497,1.0004774418638285,0.9998348558994788,1.0001818572236192,1.0003147656832838,0.9999797118207432,1.000343572335498
60554.15171524421,0.9992085579580279,0.9991432657400608,0.9988396612519923,0.9995151748655149,0.9996285596560402,0.99965574906133,0.9987315918540063,0.9994591827675093
60554.15189297616,0.999816154594995,1.0003867715618335,0.9998589319024904,0.9991361750463768,0.9997030010039393,0.999912288500642,0.9995744856507481,0.999722758102783
60554.1520707081,0.9994142331700168,0.9989936942280501,0.9994908091194644,0.9988724562786221,0.9993238809938936,0.9992305156581159,0.9995097380070289,0.9987367508442749
60554.15224844005,1.0001614929822016,0.9998513804663312,1.000056236796181,0.9992976952997922,1.0005784387665044,1.0000342353992702,0.9996954980595264,0.9989372621544376
60554.152426172,0.9997133496043085,0.9991785086738454,0.9999340897214604,0.999314241582448,0.9991109032201653,0.9990502029468115,0.9994963074792375,0.9990768013963935
60554.15260390394,1.0005347352567997,0.9999780252427626,1.0000432003764006,1.0007867623738786,0.9996752746940838,0.9996142390118788,0.9995297265811854,0.9999554312264581
60554.15278163588,0.9993649228649132,0.9984488997077747,0.9984637012547457,0.9989528623801621,0.9989424236441381,0.9985160655292482,0.9988953244314921,0.9992143934101017
60554.15295936783,0.9987308753092387,0.9999257565948141,0.999339845486033,0.9999103685667875,1.0004078252931408,1.000032705781655,0.9992939877773815,0.998881849252706
60554.15313709977,0.9999557055889462,1.0001841279940844,1.0002234437781752,0.9999444459630619,0.9995773014583436,0.9994188725244474,0.9998494180533859,0.9988991506053357
60554.15331483171,1.0001111024273044,0.9996052641172735,1.000462314851234,0.9998463693237237,1.0003726291825652,1.0001694067618327,1.0004063007625712,0.9998933066158914
60554.15349256366,0.9983358281136647,0.9986225877000156,0.9989944533254854,0.9997670018141647,0.9994256108807823,0.9988484744136207,0.9999542088379618,0.9997645615543472
60554.15367029561,1.0019964671640647,1.0011938122952215,1.0010879293723647,1.0018770928365048,1.000959760391341,1.0012943620683674,1.001281238866367,1.00063290474559
60554.15384802755,0.9982192146289124,0.9987065520578727,0.9984247542960923,0.998522207674868,0.99929126481682,0.9988141041467377,0.9983773767259236,0.9988223436360456
60554.1540257595,1.0005620949784595,0.9999854452795648,1.0001846101508245,1.00049405430623,0.9998779017026803,1.0002256617844694,1.0006725439478712,0.9995299065071984
60554.15420349144,0.9990741967426983,0.9993064566068459,0.9993512551262606,0.9994056831668721,0.9984677318303846,0.9998608036166882,0.9995994341169966,0.9993422301175896
60554.15438122339,0.9991546031945582,0.9999552760284502,0.9997462539523878,1.000584852530775,1.0004251221000107,1.0007238905029878,0.9999911643638738,0.9998665268579868
60554.15455895533,0.9995522521103777,0.9999054386535089,1.0001415945833099,0.9995746372103316,0.9989516074069755,0.999079375275694,0.9987673759376139,0.9993538209664733
60554.15473668727,1.0004998661250142,1.0000632344905152,1.0001914005218393,0.9994279635642993,1.0001769160245404,1.0001217838244665,0.999904263829449,0.9997379846809062
60554.15491441922,0.9995177822515388,0.9991362642148482,0.9986743580397057,0.9991069175321713,0.9984861008061119,0.9997719324218982,0.9988858011997886,0.998884378369456
60554.15509215116,1.000022414958324,0.9995817676008554,1.000258228188239,0.9993397618197067,0.9995293664910871,0.9992060126882693,0.9998205918533203,0.9997364594126912
60554.1552698831,0.9999765845815275,0.999295614443436,0.9988402614099035,0.999315396558172,0.9990522501894655,0.9990568978886055,0.999061892896708,0.9989682803472196
60554.15544761505,0.9979007654947613,0.9981724421088636,0.999117025279411,0.9990982809131891,0.9989356777096522,0.9989265798152799,0.998277164211399,0.9983653645554501
60554.15562534699,1.0009982751767719,0.9993267906355159,0.9997792044627749,0.9996650000297058,0.9993849643126717,0.9994663132945216,0.9997938147068088,0.9996005360741317
60554.15580307893,0.9998781440770931,1.0003622095176299,1.0001206058825736,1.0003281696624504,0.9996852339450265,0.9998015263799159,0.9995895301590788,0.9994226344861556
60554.15598081088,1.0000919781190603,0.9998544566745818,1.0003101604845874,0.9996942915137855,1.0000605981739554,0.9998762140881252,0.998858571660952,0.9995315897212989
60554.15615854282,0.9993350293475138,0.9994489375128639,0.9993398555213616,0.9989513750904511,0.999987749418775,0.9994606631702918,0.9995298773786271,0.9996725590674217
60554.15633627477,0.9991630993380183,0.9988054963133441,0.999119895609697,0.9993251884482687,0.9999441643191663,0.9990551755262427,0.9983172345256561,0.9989980303468887
60554.15651400671,0.9986214408482748,0.9982237874541353,0.9987092852834288,0.9989827224903975,0.9996624059126943,0.9994786330921794,0.9999177570650876,0.9996284168272036
60554.15669173865,0.9982484816245221,0.9992004062983104,0.9991841783017212,0.9992035423286235,0.9990246226281889,0.9987662896398967,0.9987888557640948,0.9996840032050645
60554.1568694706,0.9986165672168583,0.9995418642936088,0.9993360578663674,0.9991531833193222,0.9987517646442855,0.999215511243449,0.9988908043901559,0.9991992405180294
60554.15704720254,0.9999448544085741,0.9993465191870056,0.9995357167613792,0.9988198942491289,0.999909173391027,1.0003307382289617,0.9995514049825152,1.00043618611926
60554.15722493448,1.000041494240125,1.000276053356392,1.000076106067351,1.0001820882737908,1.000026164936028,0.9998345635935681,1.000644350201234,1.0003859441279046
60554.15740266643,0.9999215626528718,1.0004061204195043,1.000518484998862,0.999709683706888,0.9997228259774348,0.9993273337541043,0.9993574926112941,0.9989043033420224
60554.15758039837,0.9996444485631909,0.999483091147981,0.9997526657727062,0.9996141403339973,1.000176443307408,0.9998266980800147,0.9996724708422676,0.9998692403550798
60554.15775813031,0.9995345971265766,0.998483451445138,0.9985863143308819,0.9989604181663634,0.9992798505831458,0.9989646942076472,0.998927841436269,1.0000183792703856
60554.15793586226,1.000276014469135,0.9993020729200477,0.999532966855034,1.000273703843049,0.9995059655429914,0.9997943930613485,0.9995282783285276,0.9996896360575909
60554.1581135942,0.9998559144836388,0.9978247157239729,0.9987198087966123,0.9984798918456155,0.9991859290842484,0.999973640387814,0.9995047210806571,0.9996721929501812
60554.15829132615,0.999018163643279,0.9995340750477872,0.9992993760246981,0.9987336261288561,0.9990019149502186,0.9994511972289338,0.9996988633806507,0.9998210913119208
60554.15846905809,1.0005606560564868,1.0001072590444182,1.0008736763935149,1.0005852900036774,1.0000998988032865,0.9998129488567522,0.9994998352435466,1.0000504264244374
60554.158646790034,0.9995669220719047,0.999841573816967,1.0005607538021262,0.9999258620787321,0.9997535441807222,1.0007783320796155,1.0002390144418114,0.9997530632260658
60554.15882452198,0.9999515371793848,1.0001035921657657,0.9994673782876053,1.000648609553866,1.0003325060834263,0.9993567396684662,1.0006706794345523,1.0001329650450401
60554.159002253924,0.9983216782652821,0.9982517564980219,0.9989568922985029,0.9993725563362958,0.9989436293628358,0.9992483286810779,0.9986923158391451,0.9993287168227624
60554.159179985865,0.999800703213017,0.9997986460851758,1.0012897023262592,1.0009833076353647,1.0013400249278666,0.9998919289552306,1.0006628609604622,1.0007369943883446
60554.159357717814,1.000513154505936,1.0002171034098264,1.0001913702649468,1.0010061167812692,1.0005754655787504,1.0010868347389315,1.0001046040536001,0.9997067028044078
60554.159535449755,0.9992765732866766,0.9986761350133213,0.99826556705057,0.9993069427857303,0.999337722760546,0.999913652110967,0.998909961637426,0.998522688239752
60554.1597131817,0.9989578570725978,0.9984977973725283,0.998574310418124,0.998854530523682,0.9985697147514437,0.9988529022540859,0.998819401950822,0.9991437734256594
60554.15989091365,0.9996293527746613,0.999553580537162,1.0006126362991008,1.0001471826033654,0.9993289115162094,0.9991516116585547,0.9990635618212655,0.998830441171331
60554.16006864559,0.9989656753179421,0.9986210420324279,0.9983466401297356,0.999255258065163,0.9997152714936456,1.0005056790618838,1.0002387582354648,0.9990755120557143
60554.16024637754,1.0003700889479519,1.000285632941809,0.999869065320577,1.0006858464438344,0.9994426929348691,1.0000221104030873,0.9993085416714613,0.9998428035842651
60554.16042410948,0.9989633002692777,0.9988288262735148,0.9986269006698387,0.9994373947829485,0.9991326799643968,0.9992803287164395,0.9986843125262103,0.99906493166398
60554.160601841424,0.9991388071871116,0.9981871634881312,0.9988747879195724,0.9991395091156856,0.9999049896994021,0.9997125805552999,0.999496675962491,1.0002999577931435
60554.16077957337,0.9989052987061272,0.99827398179249,0.9983168196609159,0.9987244462872762,0.9990895414809743,0.9998815900799627,0.9989524115651737,1.0001750420932423
60554.160957305314,0.9997803445260006,0.9996132872301566,0.9983098334123632,0.9986455546513467,0.9986443820175306,0.9994696548890545,0.9997313636633351,0.9992519908089992
60554.16113503726,0.999721783980725,1.0003416752372873,0.9999906824092317,0.9992805159959147,0.9993734130490314,0.9990440777185315,1.0000212259085262,0.9996901670597619
60554.16131276921,0.9998406087641285,0.9995739757138248,0.9995691335749961,0.9995551163482533,0.9998039145112407,1.0000741882121942,1.000189369535138,1.000088558460244
60554.16149050115,0.9992679486061907,0.9985995542755952,0.9989855654199256,0.9997349841738299,0.9988084035519896,0.9986736120301614,0.9995428426739154,0.9989915007053815
60554.1616682331,0.9993837870203751,0.9990965906927946,0.9989943831536401,0.9994490175015713,1.0001059262367324,0.9999327024024227,0.999285362163717,0.9992170523861256
60554.16184596504,0.9987307319558193,0.9997450204960363,0.9996427722866962,1.0000146262462857,0.9995462822241462,0.999121955704894,0.9996243745208073,0.9995164464117177
60554.16202369698,0.9981929894196826,0.9983203773518103,0.9980410094494216,0.9986939460664542,0.9984402623248363,0.999233658631537,0.9987712841295283,0.999661982640856
60554.16220142893,0.9984521289147842,0.998683074350065,0.9996059745483018,0.9995354472002892,0.9996583106742749,0.9998231819574636,0.9999513735474493,0.9995638942808834
60554.16237916087,0.9996748360245199,0.9989524788001308,0.9997144774999712,0.9993321218472956,0.9991326411029884,0.998657439688099,0.9993641494971705,0.9987283086697458
60554.16255689282,0.9996556376343072,0.9987887511276025,0.9984899591819798,0.9986493501201648,0.9990282744405379,0.9988510497302548,0.998885057663888,0.9997795591439798
60554.16273462476,0.9980839892522322,0.9976655410957729,0.9973013113531285,0.9986846876510783,0.9979470997416662,0.9991453318818951,0.99888853018557,0.9986110963012784
60554.1629123567,0.999896448480747,1.0001623315359316,0.9999998014291592,0.99950171334283,0.9998946315390022,0.9999487607430186,0.9997498753183895,0.9996021637758706
60554.16309008865,0.9992458646752042,0.999128892840323,0.9988473638569956,0.9983801140540536,0.9989402829315545,0.9988308938008649,1.0001171369633526,0.9993786161574586
60554.16326782059,0.9987519907868567,0.9987101582687521,0.9988775948688371,0.9990247576989499,0.999577868138881,0.9992844471663267,0.9988947263180747,0.9998334903943518
60554.16344555254,1.0002181466383688,0.9995841097130458,0.9993941303500845,0.9984674872291047,0.9989071460406093,0.9991729813509813,0.9997221160475499,0.9994934173729441
60554.16362328448,1.0001640646848184,0.9997836897183339,1.0009100504599617,1.000425859931393,1.0002554407204278,1.0000116701605362,1.0007600279638822,0.9999916289208153
60554.163801016424,0.9989965519126832,0.9998638749861697,0.9993958059481148,0.9995357396365979,0.9998527192200182,0.9996644925037032,1.0006925343136803,1.0006120862883499
60554.16397874837,1.0003632911095646,1.0001292824864807,0.9994049739374268,0.999738826018911,0.9993507509027112,0.9995602751836646,0.9993874809967915,0.9990348475988505
60554.164156480314,0.9984097559530737,0.9980842480547031,0.9983501466847523,0.9985340383481992,0.9977273432622644,0.997675367296937,0.9985533961595146,0.998645202369162
60554.16433421226,0.9995237336312797,0.9990223682346601,1.000118695548403,1.0006729139650175,0.9998280117745724,0.9999079482180042,0.9996321929948978,1.0002598649814298
60554.164511944204,0.9989282285184983,0.9980741028503525,0.9992117574968936,0.9992956104356846,0.9995533735611499,0.9993192090928873,0.9988583611417513,0.9989421647550673
60554.164689676145,0.9984348959095718,0.9987704588336139,0.9988936470934385,0.9984832560447259,0.998873062265347,0.9997116782395689,0.998885949309751,0.9992973840599326
60554.16486740809,0.9994157738825384,0.9997342482046129,1.0000567514651666,1.000593962364875,1.00025430010909,1.0000294887660441,0.9991486112797676,0.9997706219842285
60554.165045140035,0.9997769831288429,0.9993141564517408,0.9997701651218458,1.0001643796306554,0.9998854886676467,0.9991033135269357,0.9993111822690393,0.9994475839882883
60554.16522287198,0.9996114376380775,0.9996903175336884,0.9990220264089164,0.9997237052894123,0.9995590470367678,1.0001570946034484,0.9987860592927257,0.99863100078714
60554.165400603924,0.9985863227241073,0.9997776532749236,0.9991139242120249,0.9988652434404558,0.999420215380239,1.0000788093850432,0.9988320898385392,0.999002240364724
60554.165578335866,0.9995470269263477,0.9987968225025794,0.9997645943073205,0.9989276883402304,0.9994534352141902,0.9991810084645518,0.9998740416332649,0.9995327303681529
60554.165756067814,0.9998122648106029,0.9992669642077081,0.9989016841087841,0.9995271969517028,0.9991537833042229,0.9987441369219333,0.9996060733849539,0.9992347486034687
60554.165933799755,0.9982137085106646,0.9982967578991135,0.9989781397296236,0.9986258276069013,0.9983343493263435,0.999275957289071,0.9984778388774012,0.9996640537806246
60554.166111531704,0.9996450210147648,0.9990878999942989,1.000022462106153,0.999110998347933,0.9995897275386888,0.9995087785469825,0.9998961763088339,0.9999265885895532
60554.166289263645,0.9994479945358488,0.9996277953918158,0.9990382646266347,0.9996999969757063,0.9999051547153824,0.999350807478752,0.9990366305926155,0.9997189485669833
60554.166466995586,1.0001516654799383,0.9993596651250555,0.9996275068922048,0.9988129573054193,0.9991293989304857,0.9989762709390452,0.9990453120461247,0.998903626289472
60554.166644727535,0.999314870970443,0.9999419903464274,0.9997692829938425,1.000028503087607,0.9999655454890614,0.9994432588484635,1.0000696291998281,0.9997994791600853
60554.166822459476,0.9995928016935625,1.0000366538422192,0.9991844097179035,0.9994444129589659,0.9989701589443192,0.9993007634793134,1.0001241924919708,0.9996493839782687
60554.167000191424,0.9992340862194926,0.9994353631386814,0.9995681670898713,0.9992895280558548,0.9998332187682839,0.9995948255611121,0.9996161367999682,0.9996641043365251
60554.167177923366,0.9995161393636268,0.9995002394782769,0.9994022186738761,0.9999805503269625,0.9997483772084611,0.9992400074554766,0.9996275914333604,0.9990542250477097
60554.16735565531,0.9992218165137414,0.9994592842494736,0.9989549465765952,0.9992260241821744,0.9987951384712374,0.9997248659762268,0.9994609056148879,0.9996773969036296
60554.16753338726,0.9991943438411323,0.9991256953765631,0.9997789848928075,0.9997409023167025,0.9997557998824731,0.9998886358407028,0.9995675143298104,0.9993630479139681
60554.167711119204,0.9990506473356824,1.0001208900845417,0.9998413295591906,1.0005300437633387,0.999282296096776,1.0002313412905204,1.0002268126892129,0.9997945253426938
60554.16788885115,0.9993637329353223,0.9995037435624039,0.9999864869628738,0.999888831961911,0.9993987891137094,0.9989078051253077,0.9992045227906216,0.9993335569719854
60554.16806658309,0.9998220736480586,1.0003863161533533,1.0003341193407187,1.0010822539034832,0.9997901353868586,1.000526513417527,1.001080850267591,1.000398416565956
60554.168244315035,1.000641279558893,1.0001507099757236,0.9990018706404381,0.9992005943343203,1.0005367773066123,1.0004439587266731,1.000303610690871,1.0003483014599983
60554.16842204698,0.999112972591897,0.9989570264019673,0.9998039727850957,0.9990103772173193,0.9995879214982344,1.0001987806500092,0.999392778615431,0.9998102013065995
60554.168599778925,1.0011787915750345,0.9995520187822097,0.9992541509495004,0.999523553313453,0.9990392005865225,0.9992925212908111,0.9985303620742535,1.000549770027964
60554.16877751087,1.0010353948610307,0.9999581308553551,1.000949974618151,1.0010270044138525,1.0006242366463087,0.9993777876299499,1.0003060751092596,1.0004923851156806
60554.16895524282,1.0001388441040484,1.0004809561183727,1.0009484355156777,1.000793438192642,1.0000787141155123,1.0004373201979757,1.0009307542579655,1.0008579462412985
60554.16913297476,1.001407809919052,1.001151875657141,1.001407984064109,1.0013887888915072,1.0007055622637069,1.0002705660219138,0.9999086175456863,1.0001612680885752
60554.16931070671,1.0011674670397477,1.0013085464991383,1.0010990530434594,1.0021961396676862,1.0013209039548854,1.0013128890695866,1.0016420699709208,1.0010256996409252
60554.16948843865,1.0009506250774431,1.0001867736052126,1.0007087499210385,1.000583617799694,0.9998035274922146,0.9996335557964533,0.9999268930011833,0.9998565095202036
60554.1696661706,1.0009958377838017,1.0010033976857395,0.9999938317669198,1.0005871999967801,1.0006843490098976,0.9996550024692517,0.9999744061396661,0.9997026259501535
60554.16984390254,1.0009596361386888,1.000413195658462,1.0003477521457302,1.0004580149281757,1.0002237991236747,0.9998924140490996,0.9996339016344251,1.0000640527265716
60554.17002163448,1.0000154046874867,1.0006981917261801,0.999313083453317,0.998275169296925,0.998531443659425,0.9993592521080027,0.9998865551334456,0.998873691579029
60554.17019936643,0.9996213601961654,0.9996493779120299,0.9991342870251736,1.000293986811871,1.0000392578955424,1.0000374588788814,0.9998074611287594,0.9999540503564689
60554.17037709837,1.000359560457089,0.9987133807839802,0.9993866801373635,0.9997614109636455,0.9992605856199462,0.9992156267140065,0.9997217048632385,1.0001314510114698
60554.17055483032,1.001656988564347,1.001031070113839,1.0016078716589736,1.0021170480525838,1.0013913917344992,1.0021017701095454,1.0014123573912175,1.002038494587675
60554.17073256226,0.999345642888325,0.999433429213354,0.9999317279484184,0.9996415708597491,0.9997669222205683,0.9998308447364502,0.9995476069772462,0.9992543791622615
60554.17091029421,1.0005636674403966,1.000000090944171,1.000232715138915,0.9994631728958612,0.9996044709480186,0.9995457173726808,1.000423766689624,0.9997831819864211
60554.17108802615,1.0006682609814623,1.0004204171243611,0.9999596063171032,1.000162368909491,1.0005257200758768,1.0015949889304923,1.001638778406169,1.0001489929176655
60554.171265758094,1.0003761694419806,1.0011096941069424,1.0017887882577412,1.001533806284628,0.9999126047953879,1.0004610134048284,0.999677044931796,0.999999682178384
60554.17144349004,1.000276458383683,1.0002529519008279,1.0002649147351041,1.0001519546322202,1.0003324128450473,1.00040574502375,0.9992083279625015,1.0003934287142
60554.17162122198,0.9992646276173793,0.9992020773833127,1.0000630138873625,1.0001611725791373,1.0003669182955919,1.000686164832116,1.0002649163659432,1.0001900030050648
60554.17179895393,1.0000720344834875,1.0003392861435891,1.0003745823130445,1.00023471440296,0.9992717942361682,1.000364017548821,1.00055364927267,1.0001136067611627
60554.17197668587,1.0009376403363817,1.0009697509226623,1.0009753693562342,1.001037415441831,1.0010087021300846,1.0009972096066078,1.0005034964324355,1.0001608177115007
60554.17215441782,0.9995767740115966,1.0005217022114365,1.000171770589479,1.000484704615279,1.000081052035243,1.0000166189406923,1.0004843696432628,1.0004321105867289
60554.17233214976,0.9999743413410407,1.0007734057582451,1.0005553316311873,0.9996541364639246,1.000905635584753,1.0007211726845202,1.0003203527902038,1.000756776284408
60554.172509881704,1.0008200254943214,1.0000136660386836,0.999680841267294,0.99985642706501,0.9997603861086869,0.9998603323322751,0.9998900981268033,1.000363603706757
60554.17268761365,0.9995333444678383,0.9996665488126584,0.9996250558575577,0.9993623231332245,1.0005793522996127,0.9988176240889255,0.9994298968831365,0.9998529752331957
60554.172865345594,0.999848708905794,0.9990793297509464,0.9990172809058359,0.9993184934291418,0.9993743328173655,0.9996913054723379,0.9999358497720019,0.9999757242988494
60554.17304307754,1.0018698262519445,1.0018055428980175,1.0006091145024574,1.0017254926725374,1.001818719176676,1.001676036040097,1.0016755783568987,1.0010088936039485
60554.17322080948,0.9999959861679965,0.9999376809336308,0.999791939219074,0.998809349409385,0.9995939985234775,0.998749415072306,0.9992542250301837,1.0001801624477182
60554.17339854143,1.0001721754096222,1.0003248639412812,1.0002851085321953,0.9996116643732507,0.9995353797140181,1.0004100127332891,0.9998702597528708,0.9988866659413478
60554.17357627337,0.9996227798760687,1.000186031985708,1.0003704605848507,0.9998562654865647,1.0001415627282682,0.9994416384410206,0.9998463985212466,0.9996037888341638
60554.173754005315,1.0013318418429915,1.0010612424863827,1.0014646560536111,1.0015054609353935,1.0007931059964619,1.0013213901119338,1.0010564787135352,1.0003803007015954
60554.17393173726,1.0004688146198597,1.0002959912837315,1.001238195060023,1.0010331739337948,1.0007864285044568,1.000192853749023,0.9998593984551551,1.0001409525468947
60554.174109469204,1.0009385298972642,1.0000104039853555,0.999657655357811,1.0011098096746844,1.0001143711977942,1.0008190693871677,1.001222654508185,1.000484297162886
60554.17428720115,0.998796701082775,0.9994058589120067,1.0000715303348637,1.0002260913719272,1.0002870179348475,1.0003889580139864,0.9997056976401514,0.9998553576387049
60554.174464933094,1.0001969713179142,1.00097792922659,1.0005806151506689,1.0006477854151778,1.0006253885680565,1.0002885544543485,1.0003013445487228,1.0005750611954638
60554.17464266504,1.0004991189554475,1.0004622476338574,0.9998192069417976,0.9998933121452377,1.0003635821596837,1.0005661882784218,1.0003874236103514,0.9997844356405824
60554.174820396984,0.9997819310346483,0.9984481540864385,0.9988175204502824,0.9997212163314966,1.0000597813593524,1.0000165875021436,0.99968065570935,0.999719414474302
60554.174998128925,1.0008825516377438,1.0008457526377628,1.0012461648462139,1.0007776410195606,1.0005734662462908,1.0000125927497239,1.0003308802432862,1.0013681520939655
60554.17517586088,1.0000410701449085,1.0001646530787058,1.000197419379824,1.0002697355709576,1.000014157050839,0.9996706709130795,0.9992533572730241,0.9997088674560707
60554.17535359282,0.9994194148669692,1.0003091849236185,1.00031286293062,0.9996165356532162,0.9999044926213869,0.9997325684206724,0.9997324261134293,0.9997647366826301
60554.17553132477,0.999807097352782,1.0002005772043316,1.0004676535704946,1.0005309671531377,1.0003478329939033,1.0004183266134352,1.0007411099022572,1.0006879558256805
60554.17570905671,1.00076559545173,1.0002863046092902,1.000038157887962,1.0005323418991785,0.9999454123793984,0.9999148723380044,1.0006253921260306,1.0003540155984822
60554.17588678866,0.9996512946991735,0.9997770281087304,1.0001309238601586,1.0009560209646455,1.0000910034559019,1.0006561007649575,1.0003652333935464,1.0000238528553036
60554.1760645206,0.999499657568816,0.99963051303592,0.9994017320736287,0.9994387432392606,0.9999598612830547,0.9999585921942331,0.999623683241446,1.0000706434977626
60554.17624225254,1.0000715378456684,1.0000186012579666,0.9993889979964119,0.9998556354192452,0.9991850043857354,0.9995082728858384,1.0003071515939672,1.000132392408598
60554.17641998449,0.9997380060075949,0.9999375121363575,1.000270070102124,1.0005257668084773,1.0006659791641388,1.0006155606094265,0.9994556208364266,0.9996560775134143
60554.17659771644,1.0004530805718774,1.000045949777785,0.9998406291234492,1.0011746752972364,1.000376067982194,0.9997324168104745,1.0001467968791753,0.9997395925568019
60554.17677544839,1.0000081259897773,0.9996321221725631,1.0000217502769182,0.9999869599991459,1.0002928019044697,1.0004293110073161,1.0001130107870175,1.0005843572029798
60554.17695318033,0.9992749938975947,1.0000367337988223,1.0005736807387373,1.0009690367435022,1.0005879935977902,0.9999694611175568,1.0002350665349269,1.0000059246755932
60554.17713091228,1.0004756338169445,1.0005271917644867,1.000759836533471,1.0002691462674869,1.0002417145229636,1.0006801154089346,0.9999168582526133,1.0008269280485165
60554.17730864422,0.9991532110308146,0.9989097102612161,0.9997626107831608,0.9985753796851465,0.9994195876524887,0.9993127815256666,1.0001723963125977,1.0005787630108478
60554.17748637617,1.000392835190978,1.000377800254879,0.9999354689377611,1.0002004946286038,0.9998504300220533,1.0000885867737066,1.000672101708245,1.0003695851636956
60554.17766410811,1.000761156113827,1.0001274253963275,1.0012240686375797,1.000734205661409,1.001185895651922,1.0016824136582214,1.0005950803472077,1.000129197804373
60554.17784184005,0.999564110035837,1.000326630429958,0.999898714585185,0.9999987416377021,1.0006021943974548,0.9996807973577795,0.9991864754722442,1.0000525339115856
60554.178019572,0.9999520642196741,0.9998841178531069,1.0004524738158362,1.001368832033478,1.000958585123747,1.000801358025307,1.0000786606228456,0.999784634890308
60554.17819730394,1.0018695793761903,1.0006816480726979,1.0009586972048792,1.0011439145422485,1.001251059708594,1.0007280838765191,1.0002056974640712,1.0002467802552497
60554.17837503589,1.000546583176383,1.0008646801025247,1.0001329233050273,0.9997520473893545,1.000430138846827,1.000407910170159,1.0000704721724576,1.0006702245826806
60554.17855276783,1.0004073702655965,1.0005742840427565,1.0004895484689318,1.00044530901365,1.001039711213914,1.0000792933036395,1.0007729433915016,0.9999386004071772
60554.17873049978,0.9992343736960141,0.9992815830600401,0.9995282499488667,1.000104752162711,1.00008044823336,1.0003749652154255,1.000078949078942,1.000226536417036
60554.17890823172,1.0003328351464673,0.999647180986304,1.0005047437670314,1.0001028882504812,1.000234991354303,1.000602737207352,1.0006036381766759,1.0000587255224636
60554.17908596367,0.9993435079806905,1.0003341313037668,0.9997261546986538,1.0005060117019617,0.9995351404553469,0.999873203626718,1.0000214892814836,1.0000975190805765
60554.17926369561,1.0001456656101815,1.000370058390748,1.0000631890151614,0.9998653200826951,0.9994277054816948,0.9993961456856963,0.999778649261916,0.9998082441654302
60554.17944142755,1.001252635326599,0.9999784872142475,1.0000228023264222,0.999819492359227,1.0002189962596097,0.9995411000194685,0.9994230402279762,0.9994104135058841
60554.1796191595,1.0007943338676848,1.000032886997804,1.000200518032695,1.0003767291545882,1.0000850051685122,0.9998583807917064,0.9997756628753528,0.9996627313968731
60554.17979689144,1.0007382959577482,0.999921468231654,1.000739535215004,1.0002115788508725,1.0002867063185539,1.0000611206471852,0.9996223409949105,0.9998438619538694
60554.17997462339,1.000937447530843,1.0001586065506791,1.0005513359105007,0.9997383061321402,1.0003296660104966,1.0005536901331087,1.0005861331318708,0.9989236084265535
60554.18015235533,1.000186765708981,0.9995969010087448,0.9998853980061989,1.0002518653493773,1.000414031808077,1.000816365084338,1.0004944909883837,1.0008121819166638
60554.18033008728,1.0004328415705348,1.0006117307854179,1.0000350073230164,1.0001316855467381,0.9996405389751939,0.9999039975383164,0.9991824036427097,0.9993117240924274
60554.18050781922,1.0017839132969955,1.0016307492796346,1.0017417583325017,1.0017603942074997,1.0014562756410184,1.0010818824329566,1.001106127502123,1.000076419426792
60554.18068555117,1.000717261874085,1.0004322063613298,1.0013538798359691,1.0005852297440743,1.000182676938327,1.00073185650237,1.0001154510180938,1.0007467642335164
60554.18086328311,0.9996940625081545,1.0003504370083187,1.0016572195187152,1.001589042186309,1.0015960930432726,1.0006260646105296,0.9997981702146986,1.0001179644815308
60554.18104101506,1.000123677697123,1.0008225882733994,1.0009828745746276,1.0006322783152835,0.9999742120181532,1.0003424139770973,0.9998478207949393,1.0000078966861452
60554.181218747,1.0003137905003916,1.001285362125615,1.0010917688286516,1.001004232782505,0.9999971991212505,1.000624182117241,1.000063755863431,1.0003861850119016
60554.18139647894,1.000719465091067,1.0006911564255054,1.0007737710019633,1.000431317560927,1.0006244092025625,1.0002775853390145,0.9996159146350244,0.9995043642123496
60554.18157421089,0.9997068073006069,1.000225720634687,0.9992964512169148,0.999096495279365,1.0002034503911972,1.0001251039702699,1.0009366568580245,0.9994202372112639
60554.18175194283,1.0005945449972409,1.0005984373398409,1.0011068626416635,1.0008885745178222,1.0002107258848754,1.0006812395574165,1.0002174966920134,1.0001893124048549
60554.18192967478,1.0005363319637441,0.9999957002941852,1.001371355341772,1.0006667722117553,0.9992009829498296,0.9997544793262466,0.999778525040657,1.0007259038115746
60554.18210740672,1.0012953290536115,1.001611535523812,1.001706247304298,1.0007791336262954,1.0002389366572884,1.0011479216020758,1.0009537286214674,1.0004083311397844
60554.18228513867,0.9998072972778862,1.0007250186472167,1.0010657893251909,1.000879915744574,1.000408294675152,1.0003509341176284,1.0003066573964108,1.0006702387912019
60554.18246287061,1.0002519992116115,0.9997578851052972,0.9997899383405869,1.0003287102265364,0.9999589700807558,0.9999726296531624,0.9995902853407226,1.0001290590234693
60554.18264060256,1.0003327720324786,1.000389703624096,1.0001728122263867,1.0008095709290026,0.9999517425838174,1.0013609151255405,0.9999872203389041,1.0002608572648894
60554.182818334506,0.9992791330592103,1.0000277383208023,0.9999207285493983,1.0000291892790665,0.9989189777444131,0.99986546709936,0.9992689183745709,1.0004778521116438
60554.182996066455,0.999683824572544,0.9993765032333358,0.9988109198450643,0.999184316561366,0.9991256898410611,1.0001575914500462,0.9996028782708428,1.0003552467833543
60554.183173798396,1.0001223630789202,1.0007046212295283,0.9996436741080883,1.000000019495754,0.9997888239593299,1.0000170020796415,0.9991159924493913,0.9991934926756117
60554.183351530344,1.0001939766746049,1.0004970003432232,0.9994097337012372,0.9999741707845806,1.000144689041572,1.0006520213928927,0.9999238573441692,0.9996082869875892
60554.183529262285,0.9999256950797628,0.999954870802943,1.0003706718549226,1.0006303284445022,0.9998732033874043,1.0003533736902486,1.000759409246458,1.0006262660619445
60554.18370699423,0.999853629872702,1.0001030334299834,1.0008389763405725,1.0007457270611897,1.0000156101485018,1.0000220199070777,1.0003085989507985,1.0002475058811162
60554.183884726175,1.0000278991406122,1.0001043315442444,1.000205320578695,1.0006522263116067,1.0002125864473057,0.9996553685667448,0.9996692166036152,1.0005990448485944
60554.18406245812,1.0002380273523734,1.0004485993058192,0.9996509966533232,1.000313835261693,1.0002385142569798,0.9996405201695485,1.0005163730409117,0.9992671978917098
60554.18424019007,1.0005883757972711,1.0003841683701242,0.9990729759976166,1.0000941641959966,0.9995380739116609,0.9994004750970602,0.9993064173684907,1.0004053113334117
60554.18441792201,0.9999827355015314,1.0007694128103224,1.0004541697863374,1.0007188397580355,1.000824089269356,1.0008103033207922,1.0008284016142042,1.0007666379893208
60554.18459565396,1.0003131959204374,1.000757160881539,1.0011556311686864,1.0009294792680377,1.0000178322090336,1.0006889320120427,1.0002275828012963,1.0005778430917163
60554.1847733859,1.0009410484917685,1.0004629053749632,1.0010353210872402,1.0010686972651506,1.0006115947981435,1.0010894655872078,1.0003950133501045,1.0004452366167491
60554.18495111785,1.0004145900825727,1.0003796604664612,1.0003543040833782,1.0011196709814807,1.0011145885926158,1.001332580178564,1.0013554733115164,1.001224027134443
60554.18512884979,0.9992824040186404,0.9994736161704519,1.0003460299173772,0.9996255946802,0.9994357996750439,1.0002579491740429,1.0005224673478175,1.0001350612975435
60554.18530658174,1.0002623402847157,1.0008477862087064,1.000401521812621,1.0005834373162754,1.000599938405693,1.0000153637492877,0.9998738505236358,1.0008049253275673
60554.18548431368,0.999069579030809,0.9996455373538693,1.000277823713759,1.0005292063320914,1.0003755069568614,1.000285817831516,0.9991897210512415,1.0007397399372175
60554.18566204563,1.0000730431527818,0.9994815911012779,0.9999171222447263,0.9997018145116732,0.999634437154052,1.0003516016726077,1.001173947830347,1.0010878962853895
60554.18583977757,0.9995487071438748,1.000241794393057,1.0004434780870861,1.0001882128944208,1.000401973461059,1.0000021019704401,0.9998172098101034,0.9998388972322638
60554.18601750952,1.0006968085160857,1.000737515888301,1.0009027239156862,1.000572496358259,1.0003944623338412,0.999929069634041,1.000467145887943,1.0013145159182288
60554.18619524146,1.0000655616436573,1.0003214903168773,1.0006226244690128,1.000328026102808,1.000334461044278,1.000549402150113,1.0000804573519675,1.0009048954905042
60554.18637297341,1.000259783013651,0.9996223231266796,1.0005124444856948,1.0004679890740324,1.0003924412505931,1.0003093700056263,1.000176796313198,1.000262576165508
60554.18655070535,1.0002029248142827,1.0005517283570393,1.0004627299969253,1.0004175721682498,0.9998499932662244,0.9997095524648001,1.0005281271789257,1.000215749836531
60554.18672843729,1.0009480435613707,1.001289264872245,1.0000518813127437,1.0005019459511009,1.0003928508904396,1.0003956473732347,1.000905177220203,1.0000268171493152
60554.18690616924,1.001499369266937,1.0011651131571064,1.0007007043039828,1.0000772947564502,1.0003367718480258,1.0007049001504473,1.000288680549709,1.000317902824821
60554.18708390118,0.9989694000053762,0.9996780095792573,0.9996112000871668,0.9986513070803111,0.9992835337166298,0.999508179745465,0.9980261429080545,0.998520630647643
60554.18726163313,1.0012183998361692,1.0004694193970027,1.0015241317478731,1.000547595554272,0.9995485825875158,0.9998065497898982,1.0000358959614273,1.000334811956183
60554.18743936507,0.9997418954071455,1.000409991231515,1.000159395746838,0.9991766322804231,0.9993762590671765,0.999836476643951,0.9999765883727432,1.000526531826543
60554.18761709702,0.9997983156570072,0.9996500605445306,0.9996643249276169,0.9987342098199126,0.99810362870958,0.9978868200376946,0.9972308799016607,0.9984349149356436
60554.18779482896,1.0005628292558397,0.9995761894472448,1.0006912894305011,1.000508023604687,0.9993606093750014,0.9990889267181519,0.9994181860433979,1.0002999412716076
60554.18797256091,1.000669407423976,1.0007062237231301,1.0005779257581084,1.000277310262132,1.0008030017351028,1.0002737025313337,1.0001088117501364,1.000625147223518
60554.18815029285,0.9996097710824199,1.0003910522414765,1.0005654612765942,0.9997288252879356,0.9997475822896515,0.9998917779326691,0.9994504719249673,1.0000983127751721
60554.1883280248,0.9998884970802803,0.9998266842006825,0.9996788596294741,1.0000793707588513,0.9996590110496577,1.000615410762138,1.000952241549666,0.9994577050813184
60554.18850575674,0.9998930432116703,1.0002332207081288,1.0004860204850936,0.9996482410660984,1.0001824930716632,1.0008188026002307,1.000244541989223,1.0003269711655691
60554.18868348869,0.9998665992201078,1.000192781715652,0.9990666868648471,0.9989322597991321,0.999956003273233,0.9999985599918861,0.9998240288405555,0.9998187637579116
60554.18886122063,1.000562526770504,1.000405826524963,0.9993038276360181,1.0004668781114496,0.9999909367792912,1.000827645059341,1.0006823302539232,0.9996712472574533
60554.18903895258,0.999946546171343,1.000035293139306,0.999570653436802,0.9997298343408955,0.9998810915282859,1.000004548594697,1.0003161743573294,1.0000940128801803
60554.18921668452,0.9996987204359694,0.9993428714371103,0.9997382631900973,0.9997238775019053,0.9999826572692256,1.00001785062664,0.9997608569554497,1.0000893230769359
60554.18939441647,1.0004663279671908,1.0004076993022974,1.0009552542572449,0.9999222816539874,0.9998102260099817,1.0005291375079846,1.0003937144018442,1.000716086053948
60554.18957214841,0.9998782012260401,0.9997087614971096,1.0002267319704818,0.9998584596450503,0.9996657044922411,0.9997779988865354,1.0004910952091621,1.0000889784376925
60554.18974988036,0.9994758174141267,0.9996167741064059,0.9996162434810486,0.9996336334293956,0.999741432326765,0.9995644920626531,0.9995256920777505,0.9990447165732391
60554.1899276123,0.9996217340695799,0.9997536102683291,1.000589834448427,1.0005251181315742,1.0003956745777751,1.0003696612090505,0.9997094111391311,1.0002778404127335
60554.19010534425,0.9988683656699446,0.999743206545632,0.9993452589798086,0.9997764912246854,0.9998843397910091,0.9995172458002355,0.9996241147311554,0.9995642762587986
60554.19028307619,1.0007435409611098,1.000516615322721,1.0002561704177397,1.0002959804004035,1.0000997635133835,1.0000296459587878,1.0001268304020698,1.0008195072353507
60554.190460808146,0.9992201259054967,0.9996000490098611,0.999178647930324,0.999274576880337,1.0005411458799378,0.9999040721681425,1.0002366160159666,0.9997350008914822
60554.19063854009,0.9996216295851413,1.0002739698425847,1.000027116310381,0.9997616673623484,1.000241510210559,1.0006214848660484,1.0005315050416193,1.0001556848006574
60554.190816272036,0.9979635404381451,0.999809351546005,0.9992744828266743,0.998575635493069,0.9989403634094711,1.000164371305304,1.0002063320077617,0.9999678144482145
60554.19099400398,0.9997991967513793,1.0004596258736476,1.0005763185964909,1.0004832935362422,1.0000262364236188,1.0001883650881878,1.000345215257119,1.0000591567345565
60554.191171735925,0.9994534648638471,0.9998551442693543,0.9999805835488926,0.9998817910408473,0.9993307342322681,1.000386841053764,0.9994864259169796,0.999787265118859
60554.19134946787,1.0007920007667324,1.0000292494125618,0.9995113495503805,0.9993484631291453,0.9997957256294597,1.0000989250613381,0.9997471478256521,0.9994436343498623
60554.191527199815,1.0002096045063622,1.0002340605325901,0.9996806134728844,1.0001378512266075,1.0000384141099619,1.0001920904093065,1.0006779601142024,1.0005693761348833
60554.191704931756,1.0012768170280253,1.0004726375902526,1.0012112886845757,0.9999759369226507,0.9999814279146714,1.0001085449634395,1.0007100874345014,0.9996569898326391
60554.19188266371,1.0003401461708539,0.9995699148147948,0.9997606165445903,0.9997719017469807,0.9992872719521108,0.9994300540703492,0.9996705382461438,0.9998251351231027
60554.19206039565,0.9993203241729993,1.000138813409621,0.9996523479517931,0.9998584726422195,1.0005220997296682,0.9997287940319122,0.9994121711664318,0.9996624796086625
60554.1922381276,0.9997137669648006,0.9998115353457219,1.0000156478918016,0.999376266141953,0.9994182953656537,0.9992736020422783,0.9993656610548928,0.9994642694180514
60554.19241585954,0.9992184622361495,0.9998721348474333,1.00023156447156,0.9996131404381338,1.0002294572287356,1.0005261537840344,1.0007786975829893,0.999383933448645
60554.19259359149,0.9995727314451711,1.0000734843027541,1.0006538707844566,1.0001287886549413,1.0000512914466615,1.0001549544315875,0.9998574885532997,1.0000687835032256
60554.19277132343,0.9994116039336115,1.0003251049316038,1.0002785437674355,1.000522161866345,1.0001974803798324,1.000763159600931,1.000558334743279,1.0002533257574318
60554.19294905538,0.9998337412694487,0.9987628160548432,0.9989329015255,0.9989800208515298,0.9994877898592692,0.9996229257473366,0.9990595344844416,0.9993674687466044
60554.19312678732,1.0001760299810267,0.9992480673969791,0.9995100691028382,0.999325425941998,0.9996141815149484,0.9996818098553405,1.0003964415959732,0.9990474958260461
60554.19330451927,0.9989247743745645,0.9982067350877702,0.9982496765984805,0.9987850512014281,1.0001355872067035,0.9999983687162297,1.000025895552869,0.9993266321353342
60554.19348225121,0.999392201385039,0.999498157245056,0.9999741275127666,0.9994370911218118,0.9996250116674541,0.9996581495561278,0.9996841601821731,0.9997550818273495
60554.19365998316,1.00009359830133,0.9991726519126918,0.9998164824633147,0.9997902029428788,0.9990732209944881,0.9996209266082176,0.9997836757437691,0.9999737033845507
60554.1938377151,0.9996822761631944,0.9996145884658464,1.0002011368276442,0.9996898122166296,1.0003786447255802,0.9999276554869834,0.999453594477141,0.9989978406796539
60554.19401544705,0.9997595072887105,0.9996168695100806,0.9997235467205248,0.9996786446943213,1.0003033004299569,1.000049264494667,1.0007102875023943,1.0007651976418015
60554.19419317899,1.0004213665622628,1.0000550510642425,0.9997746245803399,1.0001016074385274,1.00022694892783,0.999395316236882,1.0008990936632138,0.999738493213788
60554.19437091094,1.0012994328098188,1.0001966541283953,1.0005372982969412,1.0000909961359863,1.0006018314493008,0.9998711801006873,1.0004657979678406,1.0006634068055835
60554.19454864288,0.9998250290375456,0.9997601282922008,1.0002442794590165,0.9994510409245151,1.0002202045884019,1.0002316013196388,0.9997905759958137,0.9998740329222789
60554.19472637483,1.0002426439097385,0.9992198848153375,0.9999934458972245,0.999314723659272,0.9994680679845102,0.999925966619897,0.9999481697736833,0.9996100184445751
60554.19490410677,1.0002502645390272,1.000398959061122,1.0007392026155482,1.0005168229836756,1.0002503820670925,1.000554471983373,1.0007341866573356,1.0005488491175403
60554.19508183872,1.0004362327929008,0.999506069026973,1.0006067035336703,1.0005572344322395,1.0004135714163913,0.9995586268634915,0.9999641581844164,0.9992387058418013
60554.19525957066,1.0009097106646168,0.9999704623405584,1.000220279254314,1.0004078818923856,1.0003830102537956,1.0002747106216219,0.9999524076297077,0.999785769589409
60554.19543730261,0.9999846512419919,1.0000634926086784,0.9998588722941488,0.999999980504246,0.9995311211996812,1.0000626661309837,1.000298036859096,1.0003872410684906
60554.19561503455,1.0005994840516945,0.9999068753111933,0.9996153996834726,0.9992479678347613,0.9991330465376822,0.9989522054645172,0.9989532545378031,0.9999022358453052
60554.1957927665,1.0014957992857436,1.0009742676303561,1.0007828801374699,1.0013111718643373,1.0014819327258808,1.0009831568691314,1.0005730457055853,0.9995927541001861
60554.19597049844,1.0002153103572935,0.9996870811721217,0.998862539159892,0.9996878590965559,0.9992436565464037,0.9994905438948852,0.9998542232661217,0.9992800876637636
60554.19614823039,0.9997982542748048,0.9996173797436594,0.9992839928471418,0.9993029993264166,0.9991169228233274,0.9999305592923794,1.0001699196512484,0.9998293788448717
60554.19632596233,1.0004287880361296,1.000455931062208,1.000507989478963,1.0006431061388492,1.0004569617739423,0.9992079645226561,0.9999256591496407,0.9998719059397181
60554.19650369428,1.0000775619604327,0.9995611211091437,0.9990037176690408,0.9994400016015584,1.000298104166634,0.9996374027583119,0.9995251507000046,0.9998738492027972
60554.19668142622,1.0005720252333754,1.0001857952373276,1.0009646990103511,1.0000635933769142,1.0007455551481268,0.9999716051090547,1.000585592649951,1.0001579112428653
60554.19685915817,1.00034454490799,1.0000332559667133,0.9996411306427847,0.9992045109131247,0.9991150280396567,0.9992515974086941,0.9990284081008249,0.9988667446035193
60554.19703689011,0.9993627600562778,0.9993593066409459,0.9996493122272222,1.0001014263643282,0.9998466906265303,0.9986151139992892,1.0002321613699563,0.9999301873105517
60554.19721462206,1.0000630024483859,0.9999294469242019,0.9997380289066785,0.9998016584706423,0.9997313229953831,0.9999094666705273,0.9999494442360221,0.9996681768951798
60554.197392354,1.00004287293442,0.9993921449539244,0.9999165960313404,1.0002019225448826,1.0006583492776167,1.0004162825201295,1.0004666675166527,0.9998715827784715
60554.19757008595,1.001368507029564,1.0003273600439666,1.0004451551187346,1.0003498273773135,1.000107001305695,1.000505610014604,1.0004829864873224,1.0009707817244158
60554.19774781789,1.0007812419482949,1.0009659238106574,1.0012797668229578,0.9996034117615423,1.0002713174908329,1.0007385414543448,1.000876136619022,1.000764982861832
60554.19792554984,1.000838892343673,0.9998606109319256,0.9993050071266474,0.9991020530461805,1.0003731791874988,0.9999235026603654,1.0002044857095795,0.9998813215631558
60554.198103281786,0.9992053537685796,1.0003717946255752,0.9995589158752417,0.9997372137791407,1.000377281241165,0.9997139579750811,0.9993908513942653,1.0003067798658403
60554.198281013734,1.0001146506649592,0.9999066436051209,0.9999281067793878,0.9994806402051943,1.000329385135317,0.9996460959577705,0.9995601231649062,0.9999739184949512
60554.198458745675,0.9999478592501803,1.0005829655370386,0.9998027215380955,0.9996556902164333,1.0010660844797326,1.0007553281702901,1.000098899132564,1.000244115992334
60554.198636477624,1.000691735536827,1.0007398586407845,1.0005239190914692,1.0006147215027168,1.0003109529372984,1.0001443011708318,1.0005785989333535,0.9996432088889267
60554.19881420957,0.9982303784929173,0.9985493884302842,0.9985876683456812,0.998698947908893,0.9985066972075656,0.9984045950128115,0.9989694221138135,0.9993062359685575
60554.198991941514,0.9999447175974585,1.0004779669099497,1.000041619849903,0.9999351281742536,0.9995321402966153,0.9995321694148941,0.9994259167265025,0.9998240024065861
60554.19916967346,1.0005093788270174,1.0006935043003338,1.0003182427720911,0.9997965638756774,1.0000152231294757,1.0009298605958967,0.9998430167766386,0.9998845260803024
60554.1993474054,0.9991011325615624,0.9994595733418165,0.9999069791685794,1.0003507156156772,0.9992373580981356,0.9993423607927737,0.9991407990764619,1.0005252801549664
60554.19952513736,1.0013516684867805,1.0004208666901666,1.0005835368648544,1.000407578526639,1.000584244486915,1.0006280138005526,1.0005526820787816,1.0007607084100056
60554.1997028693,1.000550788530718,0.9998849475129151,1.0005738984223647,1.0004430844299728,1.00100250779559,1.0004551864020343,1.0007151673673291,1.000325789875736
60554.19988060125,0.9991387030875145,0.998981186502166,0.9989715216191708,0.9993740241302531,0.9994619349872383,0.9999859422625607,1.000493455114472,1.001423318824809
60554.20005833319,1.0008431596574727,1.0006946222521185,1.000271536542783,0.999953690495098,1.0005890170448817,0.9997772396602739,1.0004041062865339,1.0000416650538306
60554.20023606514,1.0000859707448964,1.0000457133495508,1.0002784095354864,1.0006312243630116,1.0004509485510114,1.0010436425802123,1.000528939693458,1.0002261200743257
60554.20041379708,0.9995423418672144,1.0006937388076884,0.9994933156125055,0.9998886562047355,0.999896676983133,0.9998136437368252,1.0007111779538223,1.0005530227879962
60554.20059152903,0.9981459616088882,0.998385299952584,0.9987539947841978,0.9994094284193543,0.9993487592555301,0.9999027538058223,0.999451464799212,0.9996675913719396
60554.20076926097,1.0000682711194935,0.9997415375415823,1.0002778873211413,0.9998902129111463,1.0007376962983068,1.0003160249881433,1.00044759029654,1.000812793543931
60554.20094699292,1.000187685864754,1.0005666979299266,1.0005890815724352,1.0003348478443357,0.9997866725163573,1.0001618144992173,1.0000091346411821,1.0003084482105582
60554.20112472486,0.9997013935442937,1.0000564467431674,1.000224785720399,1.0007068120594338,1.0008472809748683,1.0009379782054766,1.000085803046623,0.999858175882337
60554.20130245681,0.9996913630381947,0.999535549402729,0.9995915297871321,0.9995845626168034,0.999643408774201,0.9989560030649162,0.9991994389758796,0.9993040723081867
60554.20148018875,0.9999645090282597,0.999944264827657,0.9998856479085123,1.0004105847128142,0.999951406171625,0.9993030843493753,0.9992968777133034,0.9992140487708581
60554.2016579207,0.9990478162499659,0.9990671367291297,0.9992581555737113,0.9997948364337248,0.9995483314384137,0.9990443377476498,0.9996539012571071,0.999554919121599
60554.201835652646,1.0008719450240777,1.0009808390386665,1.0009732946841292,1.0011788618626936,1.0006479084642212,1.000880362804515,1.0007960987119335,1.0000378383356332
60554.20201338459,1.0000881050752688,1.0001241068371318,1.0007721845146316,0.9999366500246195,1.0003750607756912,1.0002570630183134,0.999492478120045,1.0002596792793637
60554.202191116536,1.000627698506091,1.0003270610270802,1.000998182298587,1.000831317851709,1.000167799399136,1.0007868713183306,1.0005844501726997,1.0001530017031905
60554.20236884848,1.0011323000407228,1.0006899820478898,1.001235463337995,1.0006138028391613,1.0011701995580655,1.0010453805149406,1.0015646478768803,1.0003785249668926
60554.202546580425,0.9991884145897715,1.0002900283139569,1.0001004354760976,0.9994872767370594,0.999223917851035,0.9997099876095731,0.999328805562927,0.9994886096059318
60554.20272431237,0.9999152487525375,0.9999217907793123,1.0001823214168644,1.000051530231487,1.0009602389086834,0.9994490150410682,1.0005558801789807,1.0004488693721123
60554.202902044315,1.0014458666921058,1.000096410237967,1.000442620632409,1.000355228291927,1.0001185727250657,1.0001495049851967,1.0001042576673975,1.0008115835066251
60554.203079776256,1.0005833578503318,1.001442412181212,1.001597720660199,1.0018730090668408,1.0021360176461889,1.001659314551795,1.0019129066553207,1.0006061355614686
60554.203257508205,0.9994994876613403,0.999099005878437,0.9990918360014722,0.9999068513555479,0.9991392201364253,0.9988265015124034,0.9996933788329053,0.9997811954369176
60554.203435240146,1.0007153857722881,1.0008971001440237,1.0009799041928718,1.000602134335056,1.000300815329892,1.0007713433196086,1.0008343051100894,1.0005351250079124
60554.203612972095,1.0005988709993534,1.0005139233703784,1.0003070451564717,1.000662354651153,1.0000599676911055,0.9999963178651051,0.9999860241120696,1.0002552683596493
60554.203790704036,0.999721682382597,1.0000710886460515,0.9995473541960161,0.9994098782986454,0.9993853949782798,0.999790949511896,0.9995527340902636,0.9992559186389975
60554.203968435984,1.0002127109460963,0.9999763419921911,1.0004183294031828,1.0004847040244984,0.9998534481614365,1.0006552057946818,1.0000483165942728,1.0003648279525839
60554.20414616793,1.0010297380773772,1.0009663669735318,1.00076768001034,1.000218562170845,1.0006866746041816,1.0012513520769404,1.0014372616633638,0.999840123460675
60554.204323899874,0.9997070516748922,0.9998422668542309,1.000040068523947,1.000182590437149,0.9998767297702073,0.9998907160736485,0.9999216727222219,1.0005042201528682
60554.20450163182,1.0000754842017454,0.9998446197713677,1.0003397855285907,1.0001594575435737,1.0001618166273087,0.9998703139245964,1.0001023749389424,0.9998903224960364
60554.204679363764,1.0007831453738305,0.9991167078221707,0.9993914472956265,0.9998762563144682,0.9996820361441321,0.9993958421714826,0.9993495708185605,0.9992662951549761
60554.20485709571,0.9998389281617599,1.0003248621804752,1.0003389016651547,1.0008528405732458,1.0001852937031637,1.0000330918587863,1.0007344772036935,1.000762128601251
60554.20503482765,0.9993874761099801,0.9994940377592058,1.0004958266609296,1.000267425324119,1.0001444803790096,1.000636498095262,1.000292988877409,0.9997296142098439
60554.2052125596,1.0007609448359016,1.0002823709685176,1.0010734743495058,1.0003541137846619,1.0004664783238406,1.0002260325830539,0.9998320139383537,0.999606065171411
60554.20539029154,1.0003606233890197,1.0003856952291017,0.9995703241573043,1.00010775007796,0.9993774417300386,1.0001173627418203,1.0000836100636297,1.0005290295523743
60554.20556802349,1.0006834645255827,0.9996592733220278,0.9998121302243821,1.000481998250168,1.0002301993656322,0.9997275517685089,1.000194138018992,1.0004522338177286
60554.20574575544,1.0006490600897804,1.0007865100772422,1.0003578698694686,1.0004985708225527,1.0003390427753285,1.000322317105168,1.0007876450969353,0.9990627458647507
60554.20592348739,0.9991838076534413,0.9987304859745275,0.9994475681720554,0.9992450204312384,0.9998905451459033,0.9991124030871633,0.9988753785583935,0.9999606229539699
60554.20610121934,1.00020553807977,0.9994892237153954,0.9995908645127668,0.999859747250979,1.0001823222554724,1.0004894964361841,1.000511945568302,1.0002200718703813
60554.20627895128,0.9998681478218783,0.9998157339077722,1.0000395540058686,1.0000425096052308,1.0000724606188733,1.0009240432891038,1.0001855536133413,1.0001777116430497
60554.20645668323,0.9993078805189379,0.9999966177541872,0.9991577012572413,0.9989168590397136,0.9993070644444291,0.9984886625736424,0.9998466887689957,0.9994584726718866
60554.20663441517,1.0001110396981574,0.9991466285595186,0.9991934737321587,0.9994384041312986,0.9992403405662261,0.9996414183718246,1.00002392951256,0.99961524817162
60554.20681214712,0.9996693783962878,0.9991913531138732,0.999215365612452,1.000168972653043,0.9999863095165901,0.99961512487379,1.0001368108038389,1.0001632668640157
60554.20698987906,0.9998687497138188,1.0001933594201182,1.0002357919856963,0.9998232925542883,1.0003488692014573,0.9991825906756271,0.998729033672456,1.0000709491461808
60554.20716761101,1.0003106292207586,1.0007273943747959,0.999599369566775,1.0002449434705685,1.0004216029674704,1.0006716034953134,1.0002423036176926,1.000131288769985
60554.207345342955,1.0007406267496521,1.0002577419336465,1.000635861444454,1.0001629348771348,1.000809943426683,1.0009308219690884,1.000512795110325,1.0011282213899015
60554.2075230749,0.9997404156919848,0.999952050872013,0.9996917527628735,0.9996707840654228,1.0003565910213112,1.0001795070567119,0.9999906146250815,1.0001692770684272
60554.20770080685,1.0002457380345482,1.0004706250689448,1.0005957552167353,1.001088769325362,1.0004986690554951,1.0007303462767567,1.0006434155557045,1.0000538979296079
60554.20787853879,1.000457426970584,1.0010445752563282,0.9997058230478407,1.000296982068608,1.0000795222297998,1.0000915220176514,1.0006345119372515,1.0010162605569064
60554.20805627074,1.0005929819639183,1.0003538722609358,0.9998372585358144,1.0005701146269894,1.0007096113904552,1.000555942249709,1.0011047960055044,1.0011396103456136
60554.20823400268,0.9998447962233391,0.999372022141947,0.9987390658372957,0.9993796462921346,0.9995875733406164,1.0004887422048319,0.9996272089154935,1.0005789933210614
60554.20841173463,1.0005376342670225,1.0007802758632953,1.0008301539287352,1.0007401497986204,1.000103478838034,1.0006294582108861,1.0005276592589434,1.0004971647960814
60554.20858946657,0.9999719485896721,1.0005941043962723,1.0005621878731923,1.000949724722303,1.0000934939211612,1.0001793263585113,1.0003201661597068,1.000046866694264
60554.20876719852,1.0002063248880004,1.000346282786567,1.0006264437037358,1.000579269065011,1.0003806067916894,1.0005718486862893,1.0002717658544924,1.000616058065634
60554.20894493046,1.0006112332594599,1.0003479009673504,1.0006213313452663,1.0008200185853673,1.0002116647939032,1.0011204448980981,1.0007814674781756,1.000958866062132
60554.20912266241,1.0005952009593975,1.0004618035905797,1.0000569398727983,1.0002382626301716,1.0002769078784393,1.0004145351832188,1.0000211936587762,0.9997313222062486
60554.20930039436,1.0009562041231352,1.0009541897189334,1.000055099710473,1.000495038251022,1.000776768544361,1.0012346690788243,1.0004929462850847,1.000249622289894
60554.2094781263,1.0001406928821062,0.9994796791059897,0.9991534700458784,0.9994083986890796,0.9999946887902713,0.9997421122238567,0.9997881082927282,0.9992494326143456
60554.20965585825,0.9987571022502547,0.9993672074578434,0.9990788032034646,0.9989430329755089,0.9991051705824032,0.9989235837509651,0.9990421023001829,0.9995856600830049
60554.20983359019,0.9996548250417033,1.000282652137233,1.0000702312502832,0.9999848237371416,0.9997412297544234,1.0005868898282329,1.0001043000698466,0.999835875112876
60554.21001132214,1.0011543645372192,1.0005699464570625,1.0010770483600384,1.0021194469164854,1.0005347324425025,1.000298415581203,1.002004737220958,1.001211113901808
60554.21018905408,0.9990345346037686,0.9992053140650261,0.9994839404276159,0.9988618748104922,0.9998473782414509,1.0002212650887348,1.0001288481017003,0.9996212772105826
60554.21036678603,1.001063951247006,0.9995630131753085,0.9997923990332945,0.9997944231828199,0.9995270166809255,0.9991082858125491,0.9994015571167987,0.9997269198777328
60554.21054451798,1.000528603386445,1.0000244119980524,1.0002140094376655,1.0011428378449303,1.0006351562670568,1.0014320141380997,1.0011772149091775,1.0007025430203558
60554.21072224992,1.0004740346085308,1.0006526207043231,1.0002311218607594,0.9999805358528422,1.0002369888016944,0.9999410471334811,0.9999829472470415,1.0006265803015615
60554.21089998187,0.9997420191336538,0.9998710516315504,0.999881751409306,0.9996672405644546,1.0001255828591267,1.0000670836878114,1.0001656325247723,1.0001327083003688
60554.21107771381,0.9994488321431434,1.000104078068206,0.9999749704048994,0.9991043886965769,1.0001608729331075,0.9996474789600976,0.9996409661213073,0.9990578465684283
60554.211255445756,1.0003622364517237,1.000473965958363,0.9999790872286092,0.9996984928487531,0.9995513030311101,1.0001689513436032,1.0004395320395871,1.000182850171215
60554.2114331777,0.9993293246511065,0.998865881076751,0.9989760014501361,0.9991741084664624,1.0012695583190199,1.0004690922304043,1.0002135655072217,0.9997098528004853
60554.211610909646,1.0005179871517438,0.9993342976721454,0.9993421229774071,0.9994746493963297,0.999922664389967,0.9994451589708448,0.9993010498753931,0.999297907462197
60554.21178864159,1.000218408138096,0.9986576515918368,0.9997998846337528,1.0001450312764606,1.0000167907812902,1.000406304747445,0.9996191178115729,0.9997657656439
60554.211966373536,1.0006101206829894,1.0001312903656634,1.0002029544293443,1.0001723138117167,0.9997666063991223,1.0001264496576838,0.9996426995453646,1.000040636753422
60554.212144105484,0.9993812520701113,0.9991574260624835,0.9993551033351648,0.9996502969819652,0.9989594482761438,0.9997004294092963,0.9997809160012819,0.9991726732270794
60554.212321837425,0.9994401851418566,0.9997572060744452,0.9993721805968824,1.000154664542014,0.998635112411582,0.9994393469527799,0.9991894902266426,0.9998105122419095
60554.212499569374,1.0010286820725915,1.0005794680959526,1.0011196573081185,1.001586911536719,1.0007268348246658,1.0002148281193313,1.0000337432906212,1.0001088918451835
60554.212677301315,1.0004264024043268,1.000150084889567,1.0000832998887492,1.0005188735825186,1.000355650227215,1.0009515940352702,1.0001972967028296,1.0005202453820476
60554.21285503326,0.9998875646095823,1.0003047847492725,1.000322598859157,1.000691370240776,1.00029840012236,0.9993987885805194,0.9999799426453421,1.0007527727857741
60554.21303276521,0.9989617528220316,0.9987662993294437,0.9982926261440978,0.9991997187977354,0.9996759740544301,0.9995878726469273,0.9996179589108378,1.000166841133141
60554.21321049715,1.0004433660205632,1.0010423203840755,1.0005330917589044,1.0011793179451791,0.9999825315496692,1.0001039073367706,1.000440962375717,1.000172366926113
60554.21338822911,1.0004131729041381,1.0003885539778017,0.9999317514144871,1.000163626090228,0.9999134204499488,1.0000409238770636,1.0001609058461498,1.000951526534924
60554.21356596105,1.001612077381221,1.001198261211881,1.001712728315565,1.0012596377927776,1.000125132037788,1.0000075143957359,1.001467353964722,1.0013712799511847
60554.213743693,0.9995670203988809,0.999891961203697,0.9994114702657738,1.0003553036164308,0.9990868641039409,1.0002649987544197,0.9996433606652375,0.9999034647171622
60554.21392142494,0.9999961222094292,0.9999358721856081,0.9998744312785863,1.0000424579119438,0.9992660247670714,1.0007231788752764,1.0001526305006025,1.000182996552025
60554.21409915689,0.9999289833570557,0.9995310055626145,1.0002159980172163,1.0003108828365364,1.0006115689872082,0.9995039934235707,0.9997430568851549,0.9996065261222691
60554.21427688884,1.0008014657484023,0.9996952969331968,1.0001924493268386,1.000260556320158,1.0003931520663545,1.0001680610744186,0.9998783801204535,1.0002408536498109
60554.21445462078,0.9999433979763177,1.0000647425408822,0.9997647686805834,1.0006347291678621,1.0003673710019987,1.000369055355896,1.0011076736984656,1.0006066150164468
60554.21463235273,1.000080374188921,1.0003004201912313,0.9997430944839176,1.0005740569047423,1.0003946920221656,1.0004368386299252,1.0008737695471008,1.0005698800417349
60554.214810084675,1.00142956577275,1.0007133096069614,1.0009173308266357,1.0011951124597485,1.0004876827323297,1.0009634963172482,1.0004913968040454,1.0002371277129845
60554.214987816624,1.0011147027831309,1.0001959712557846,1.0002598883182818,1.0000827260962555,1.0002117040903273,0.9999088058733671,1.0004621970443768,1.000592501659428
60554.215165548565,0.9990604675259595,0.9999968797141092,1.0004791747311388,0.9998899124993019,0.9998529062767976,1.0001851721656707,1.0001347587641969,0.9994792171126449
60554.21534328051,1.0005834627196117,1.0003595245284747,1.0007413238425225,1.0011167767481957,1.0011128728904355,1.0015129269727812,1.00140649898526,1.0009195847882726
60554.21552101246,0.9995436763047488,0.9994530674835141,0.9996320295053596,0.998914010296521,0.9992699620947679,0.9990336847807125,0.9998654294569962,0.9993345670987042
60554.2156987444,1.0004462226982327,1.0003130234808633,1.0003771565634156,1.000313310944069,0.9999962491918233,1.0003973638592332,0.9998631125513524,1.000411692941955
60554.21587647635,0.9999502516167074,1.0007839420216176,0.9994557047861491,0.9990840862320011,0.9994122983833115,0.9990266034679687,0.9998896027348116,1.0003509531665462
60554.21605420829,1.00050406320526,1.0001436814781632,0.999754795148669,0.9998992435806697,1.0000335789097248,0.9993012844190045,0.9995194935563753,0.9997198638600846
60554.21623194024,0.9993954913941182,0.9995893727624054,0.9996543429448997,0.9994664780169296,0.9994326684315616,1.0004236779245428,0.9998540993434716,0.9992962556390153
60554.21640967219,0.9994679060371651,1.0004110449939143,0.999418853777515,0.9997109205057003,1.0001383266459862,1.0001540844358596,1.000390478676937,0.9994540488653739
60554.21658740413,0.9999988355336793,0.9998793631164465,0.9989752359733938,0.9989737526712575,0.998826744686708,0.9998428574940759,0.9997492482399191,0.999222602961402
60554.21676513608,1.000480201114611,1.0006227552722933,1.0003541025468206,0.9998233835344733,1.000134350166871,0.9999835811394037,1.0000200207234278,0.9995742119801934
60554.21694286802,0.9996341121081836,0.9997063869700801,0.9995837834944962,0.9998414806157356,0.9994075063946406,0.9998907871776561,0.9998423013099647,1.0003072467644512
