t_bmjd,bin00,bin01,bin02,bin03,bin04,bin05,bin06,bin07
60091.50558913555,1.0009417705382773,1.0006579991422082,1.0005407367625503,1.0011146699204958,0.99984463267208,1.0004040945705488,0.9936623030762863,1.0066907781038539
60091.50567288784,1.0001496283939066,1.000327089630383,1.0008082459732073,1.0000952996224417,0.9999568791010991,1.00170219630924,1.0149281132870587,1.0160101829404562
60091.505756640145,1.0010829146368654,1.0010862258007631,1.0013172871361626,1.002471275380304,1.0032770975172915,1.0028837713467837,1.0134150353746751,1.0112648438549143
60091.50584039244,1.0003471795530932,1.0008653809350931,1.000637835428704,1.0009583934968302,1.0002300752866027,1.002568186801042,0.9757169067724017,1.0033579212954038
60091.50592414474,1.000005809267175,1.0002022160128443,1.0005742785198903,0.9999394816477866,1.0000613526774738,1.0011679644530673,1.002212094382796,1.0091449954061007
60091.50600789703,1.0004850442715516,1.0001803308089239,1.0007377666005357,1.0008141883506771,1.0023064600172489,1.00186890458514,0.985168412522986,1.0007119973871472
60091.50609164933,1.0001344988522989,0.9995031268303367,1.00000194258572,1.0002800015298963,1.0001295719651007,0.9995075604268819,1.003398920130907,1.006643206932387
60091.50617540163,0.9998020809995009,1.0006656723670115,1.0000304291989996,1.0007566686537572,1.0004135683740463,1.001194614759202,1.015669211428228,1.0120396404722338
60091.50625915392,0.9995510488116381,0.9998649303886242,1.0006008131651667,1.0006075498874052,1.0007869579524307,1.0003610846258897,1.0017382124415637,1.002624449121518
60091.506342906214,1.0003464758498197,1.0012032011001475,1.0011651706094629,0.9999641252762125,1.0013916981131554,0.9993576703346642,1.0025654215769515,0.9914503185012646
60091.50642665851,1.0002015638064237,1.0002826913238416,1.0002181506792391,1.0014133608171958,1.0002941199248927,0.999859540067944,0.9966378617099327,1.0003047819117603
60091.50651041081,1.0001942268819375,1.0005298371183442,0.9997340415845026,0.9996199800275873,0.9992658925849428,1.0011234465683958,0.991676868016813,1.0157763939655955
60091.506594163104,1.0010375343088198,1.0005402392408367,1.001320565649539,1.0002650898227614,1.0001716135424494,0.998271562895536,0.9848293031297063,1.002085710742125
60091.5066779154,1.000318472702454,1.0001435790991215,1.0008285877828977,1.0007800002984293,1.0009497747029628,0.9999771819487587,0.9768226351941552,1.012203707744483
60091.5067616677,0.9999129210127315,0.9996691600921255,1.0000770232038187,0.9999658054250321,1.0010992715708629,1.0011516848930737,0.9883709202048406,0.9794079457848457
60091.506845419986,1.0009310484234908,1.001257047580367,1.0008715937533792,0.9996561249631541,1.000493561768289,1.000408181899557,0.9953846179422341,1.0019348209714378
60091.50692917229,1.000101689455161,1.0008098435408497,1.0005659086925238,1.0008775987384952,1.000895392739675,1.0014032463133633,1.0179140757145984,1.003319048546495
60091.50701292459,0.999425197564648,0.9992761402686383,0.9993702093978778,0.9991604776215309,0.999563336053912,1.001378047925308,0.9883588143236718,0.993556445828938
60091.507096676876,1.0010801079630163,1.0008455038831452,1.001254016490819,1.0018638450984951,1.0006779295043655,1.0018331951972113,0.984910871494971,1.007714297571495
60091.50718042917,1.0006505895082505,1.000124655038144,1.0012608588371503,1.000498221015399,1.0006280021178955,0.9992981358613121,1.0020927943162006,1.007213597502979
60091.50726418147,1.000939511556775,1.000319236969462,1.0008926288326343,0.9993747583141451,1.0003199628199484,1.0006535601003266,1.004513611815883,0.9970277828533992
60091.50734793377,1.00209211671031,1.001785366195999,1.0033418297251853,1.0022176089523394,1.0040091199800538,1.001839875905528,1.0198378450400183,1.0014798556071007
60091.50743168606,1.0002573392616962,1.0008713578819455,1.0004419155695834,1.0008052999935118,1.0010223460271266,1.0002465582631004,1.0008278128472932,0.9946362555603716
60091.50751543836,1.0000676654727902,1.0002214262137668,1.0002244138536331,1.0009797621262533,1.0002002088082442,1.0003529686395387,0.9990541560998107,1.0016578480968117
60091.507599190656,1.00014828436844,1.0002618334395899,1.0007553815071502,1.000619320052257,1.0008329745249571,1.0023339391586394,1.000151417184165,1.0145545785770158
60091.507682942945,1.0006190931024301,1.0011913643826977,1.0010926669289295,1.001176311271436,1.001339218072478,1.0021202369620898,0.997720304256726,1.0057365123856379
60091.50776669525,1.0011030761216013,1.0008647373277497,1.0018084312066458,1.0019289639018347,1.003611525344341,1.0038685414723545,1.0242956875830427,1.0043966198784764
60091.507850447546,1.001086180836671,1.0022570511329474,1.0024160762031906,1.0020701798567466,1.002822112758203,1.0027009141231056,0.9826194657482175,1.0195692909736709
60091.50793419984,1.0008805741365296,1.0004545905502862,1.0002016309512685,1.0007069716045103,1.00156150562839,0.9999934183848765,0.9905618971034303,1.006362610180581
60091.50801795213,1.000588439554698,1.0000361127645838,1.0010042586357584,1.001191370842834,1.002126134763323,1.0012640435394198,1.0208120264358682,0.9989951588604576
60091.50810170443,1.0008802470964593,1.0002142697138987,1.00006641068981,0.9998484399358936,0.9994247108882625,0.9998385449295981,0.9934571859878082,0.9930508770194806
60091.50818545673,1.0011486532093041,1.0015096932515304,1.0013006680352754,1.0024593839727385,1.0009158719796971,1.001307133016481,1.0083338212347719,1.0046615208882013
60091.50826920902,1.0012670454956607,1.001029039318352,1.0010520722996563,1.0006213819760352,1.001361035887292,1.0014845644056305,0.9994964395527999,0.9940708033011769
60091.50835296132,1.0013509658786768,1.000706096770171,1.0007054662117831,1.001151566092267,1.0001733016523582,1.0033293387196702,1.0079035042753097,0.9883710234939125
60091.508436713615,1.0005490633105685,1.0006408050114357,1.0003802951867053,1.0000706385952876,0.9999014558300366,1.0007675248953136,1.0145767261743823,1.0088167024299526
60091.50852046591,1.0005960241222436,1.0010599399420104,1.001141445136862,1.0009514270261153,1.0011055907715753,1.0008824788829835,0.9785193730378156,0.9998194153159217
60091.50860421821,0.9993126546640619,0.9993913369793405,0.9992951053335095,0.9992844242170033,1.0005363925440371,1.0004930487847938,0.9912288181364717,1.0069054416126615
60091.508687970505,0.9992607688221657,0.9991861310888487,1.0002603502641767,0.9997009290812341,1.0001357437173808,1.000396804653199,1.0074708858512555,0.994584733650463
60091.5087717228,1.0004104775076126,1.0002891749701948,0.9999751757430894,1.0008167450663679,1.000628885623414,1.001232216736479,1.0041025624530122,1.0001713685781133
60091.50885547509,1.0006368496768978,0.9994055059193317,0.9993180362003349,0.9996367471171509,1.0003228256522667,1.0000748036576164,0.9804766463213225,1.00918140879747
60091.50893922739,0.9998429349102306,1.0001933210898875,1.0004339174090067,1.0011469700362474,1.0014306585546693,1.000333391707674,1.0072086898197539,0.9932216586281923
60091.50902297969,0.9999483515089577,1.0003712436866925,0.9997780528373836,0.9999851749954224,0.9998208920398904,0.9984664642214377,0.9752308182172462,0.9929445133279038
60091.50910673198,1.0006930603979292,1.0001054769569253,1.0017197303825636,1.0011465679710811,1.003183372831846,1.0036130770850442,0.9999050388789796,1.0078945739529503
60091.50919048428,1.000546449090454,1.000999998827833,0.9999091393063322,1.00061399045788,0.9999966402175399,0.9996775207527804,1.022410982123488,1.0037938577962502
60091.509274236574,0.9998807247369593,0.9998618655430993,1.0002986596939263,1.0000562207827097,0.9994537859851867,1.0004689413107974,1.0082017482723524,0.9923752473634591
60091.50935798887,0.9999201437252472,0.9998667302414446,0.9991452554683007,0.9988018078747165,0.999066097775946,0.9978998592321644,0.979722588615033,1.0049932398273331
60091.50944174116,1.0004676743374243,1.0006380554881709,1.00112668674853,1.0016086210606046,1.0017969467196544,1.0016668464892169,1.0191009109957228,1.007179459165031
60091.509525493464,0.9996820640675526,1.0000848414202048,1.0001092433240226,0.9987182996625776,0.999886498234422,0.9995753842653342,0.9811456863846177,0.9925046040006426
60091.50960924576,1.0004789656216593,0.9998340415145199,0.9992287554114461,0.9988284680107563,0.9992292288211699,1.0001364977431433,0.9952073243210325,1.0094958973857544
60091.50969299805,0.9996641946989182,0.9990975456484503,0.9991532116445755,0.9996040154232041,0.9993765402213778,0.9995775623986611,0.9925537615965145,0.996619339963671
60091.50977675035,1.0001407222231986,1.0002974504873348,1.0008003654592899,1.000416306805941,1.000825481100814,1.0019394524960248,1.006689823488589,0.9990874426012283
60091.50986050264,1.0005447708308755,1.0002772487901113,1.0004838719325118,1.0010408554421815,1.0010008849826313,1.0022726744779655,1.0203557864423356,0.9968549845085084
60091.50994425495,1.0004223138061206,1.0008318577344346,1.0009735718864736,1.00199459723891,1.0007361024641521,1.00019639791317,1.0080384859570082,0.9961893682969175
60091.51002800724,0.9991912493871514,0.9990425842377603,0.9988498138220498,0.998233247498342,0.9984247794264268,0.9992253966021543,1.0083686445653792,1.0120862441371867
60091.51011175953,1.0005236857782587,1.000829037905417,1.0007667111145495,1.0013264232110357,1.0002690739624183,1.0019347418125972,0.9902365149006858,1.0044704480714752
60091.51019551183,1.00035280251035,1.0002551151853016,1.0006932655056264,1.0020452788368197,1.0013408691955334,1.0029147316065785,1.022320282700025,1.010415919309466
60091.51027926412,1.0007098637881704,1.0002782465443267,1.0003027299436478,0.9997523067778314,0.9984832628761869,1.0000958819422479,0.9903923358016498,0.9960117175713862
60091.510363016416,0.999518078572539,0.9992407499106514,0.9986884487048253,0.9999029555853511,0.9999005333417472,1.0004964748945158,0.9897437696532488,1.0044605550727086
60091.51044676872,1.0010098761078614,1.000406430598604,1.0006559489366618,0.9999698579328177,1.0005847059190496,1.0017321851828183,1.0078839728564977,0.9995149865811015
60091.51053052101,0.9995196639397148,0.9997252027810319,0.9994989285109707,0.9994497721580845,0.9983762925936776,0.9993150655494769,1.0033067609887525,1.0128951367578245
60091.510614273306,1.001215694323321,1.0001842148026778,1.0009627652705788,0.9997885653784422,0.9995235292808501,0.999664925890693,1.0048881886542802,0.9947312832793388
60091.5106980256,1.0001946349468682,1.0003820165586874,1.000332710963998,1.0022302490536017,1.0022803826642164,1.0007526385682488,0.9988153092933667,1.0021876797027058
60091.5107817779,1.0004848908336765,1.0002381186896838,1.0007907024248044,1.0011389916973765,1.0009641026488627,1.0001291551547926,1.0027499357324419,1.0137920897326154
60091.51086553019,0.9991133089328762,0.9989514862447144,0.9993394208215584,0.9995558831128747,0.9982306311938216,0.9978467901578938,0.9802058704384662,1.0006795164855888
60091.51094928249,1.0005769374377909,1.0003042082047977,0.9996564069087728,0.9981932781827267,0.9989446762372362,1.0004224086120073,0.9483184242593583,1.0001120460955153
60091.51103303479,1.0006145396943313,1.0006027754099618,0.9998498380275668,0.9981384536933802,0.998140536272135,0.9989614641850157,0.980467336976606,1.0022831647030546
60091.51111678708,1.0001215089866313,1.000305854419433,1.0004885164081787,1.0008708326771998,1.0014230352087476,0.9997493597234822,0.9941217997527959,1.0072830773505095
60091.511200539375,1.0011105263128557,1.0002139756557764,1.0001968111382824,0.9997937748767268,1.0010530697522093,1.0006366927111952,1.002527208327743,1.0011153495592453
60091.51128429167,1.0008531686197104,1.000705494158553,1.0003373246687954,1.0007537205913148,1.000666648202345,1.0009185399098508,0.9668609279766284,1.00041688235697
60091.51136804397,1.0001968259263005,1.0005761697590099,0.9999368173064836,1.0013789848686536,0.999774316298499,1.0006346820098917,1.021653227769103,0.9993719896056813
60091.511451796265,0.9996008386144439,0.9999545110928437,0.9997834243739369,1.0000513251594758,1.0013349872879513,1.000133669973835,1.0073976478756423,1.0093329648743223
60091.51153554856,1.0007152267097128,1.0010409843998915,1.0012915344107576,1.001610747195162,1.0009655788172427,1.0015483475247302,1.0064461614822087,1.010101391677417
60091.51161930086,1.0012239099185687,1.0007753210534251,1.0004003166773139,1.001815865887003,1.000574101357931,1.0002777206441529,1.0151292736347728,1.0022992609669286
60091.51170305315,1.000431115426928,0.9999812051208729,0.9997008959218687,0.9997786281621287,1.0003754417895936,1.001301442451514,1.020728108975801,0.998551774128882
60091.511786805444,1.001207457250972,1.000767156007632,1.0004231312566834,1.0013127978631673,1.0027649496704847,1.0040610004536497,1.0045743670513172,0.9993878601945609
60091.51187055774,1.0004452935171808,1.0007157803819158,1.000456807499711,1.0016826014001474,1.0010102222606487,1.0028560593882574,1.0141908033771383,0.9908031449403882
60091.511954310045,1.0010947338167056,1.0010571148129221,1.000875858407032,1.0009505960748208,1.001911262229405,1.0029789142553125,0.9943945156997033,1.0060347129388005
60091.512038062334,0.9992550696710836,0.9986695097924296,0.9990878179225441,0.9988895182536154,0.997741743212488,0.9980003190665332,0.993020186054924,0.9999556909813792
60091.51212181463,0.9999643604039729,0.9997950481303661,0.999593355812635,0.9994330561180844,1.0001358055908347,0.9997226438752586,0.972666348315898,0.986284796027706
60091.51220556693,0.999950735467237,1.0000327661851967,0.9989814178834425,0.9987149510804145,0.9987765345649515,1.0013142212980195,1.006053909461274,0.9903793818511387
60091.51228931922,1.0010245433929272,1.001229450177689,1.001101844236754,1.0002133133513018,1.0004065504149626,1.0003984465428764,0.9903692270629721,0.9911393004515153
60091.51237307151,1.0000444832258353,1.0008388081701203,1.0004023429107147,1.000739445657691,1.0003493006295618,1.0018925609574993,0.9814278925246485,1.0071186041265396
60091.51245682381,0.9996618596286133,1.0000846876543072,0.999326772937277,1.0003453464169962,1.0006842471457673,1.0025865374937504,1.0030759102368108,0.9954191062723621
60091.512540576114,1.0008710282737634,1.0005671934193092,1.0012591395573254,1.0017977531628501,1.0012839663879796,1.0012881757981833,1.009019546162606,1.0071609874685137
60091.5126243284,0.999910100213356,1.0006723671860487,1.0008205713863336,1.0019476506344593,1.000979391816333,1.0037729516289415,1.012163202946062,1.0091425644596967
60091.5127080807,1.0004572698631948,1.0007462081498963,1.0003077881459175,1.0004866930867087,1.001772893788691,1.0029850194729373,1.0201658448304398,1.0191202428669195
60091.512791832996,0.9996424060480508,1.0008483775429984,0.9999272522479549,1.000311003820171,1.0006334025102923,1.0011164682406057,1.0250298800582056,0.9980951992807618
60091.512875585286,1.000014482235418,1.000133085470594,1.0010196938699392,1.0012505852955285,1.0013944975750815,1.0018298112539568,1.0233915609380575,1.0051481491077077
60091.51295933758,1.0008076011415665,1.000810462116535,1.001243114088796,1.0004543539858408,1.000126968602105,1.0047583010209036,1.0121231700241289,0.995717708467779
60091.51304308988,1.000231172327752,1.0003991920434294,0.9993786182646046,0.9989758389776467,0.9991753681666802,1.0021116042780736,1.0123425038329583,0.9965816193623165
60091.513126842176,1.001020602896149,1.0004707214103103,1.0004926724765322,1.000532779874926,1.0001574398435775,1.0020766018021317,1.005298706242318,1.0163672084365856
60091.51321059447,1.0006937513409682,1.0015455071042987,1.0021759508005246,1.0008629329566507,1.001987165987938,1.0028735241300524,1.0013634428515639,1.010632001996027
60091.51329434677,1.0013888667667012,1.0014386313764003,1.0011455954285984,1.0027507817114285,1.0022481800887388,1.0041210707526278,1.0325004313352593,1.0023937874636297
60091.513378099065,1.0003085933407332,1.0004411209003052,1.0003476335517274,1.0011970138137314,1.000739269299711,1.0012827684038985,0.995899539766959,1.0041339331586987
60091.513461851355,1.000246316835066,1.0004808131913316,1.0001891538736263,1.0002380638647514,0.999327292507314,1.0003021491739257,1.0061189639811206,0.9892206454833787
60091.51354560365,0.9999272024451261,1.00112497621181,1.0001188586353447,1.00034344008471,1.0005852617821756,1.001839946929123,1.0149204855170832,0.9964980474974744
60091.51362935595,0.999577248460092,1.0006185920971387,1.0009956736765988,1.0014491486550827,1.0005488716462678,1.002732932846175,1.0185434375990774,1.0179094337219337
60091.513713108245,0.9999422269117209,0.9997758356944743,1.0001629732254873,0.9999133178989581,0.9992534624450725,0.9999383898711588,0.9847227860147828,0.9975579940684225
60091.51379686054,0.9999675980901693,1.0013429510574343,1.0014024525950629,1.0016164457024008,1.0012385198371214,1.0008031419943715,0.9898260216767294,1.0008680500551068
60091.51388061284,1.0005705734942723,1.0010857596499936,1.000667247244613,1.0009977925429556,1.0012577175731279,1.0026007709080667,1.022005481654018,1.018762971872251
60091.513964365135,0.9995033162946201,0.9999508306090217,0.9994926390208765,0.9994773569692267,0.998644641193661,0.9991999400574224,0.9917251969258961,1.009349416222544
60091.514048117424,1.0002917911057396,1.0011807793119925,0.9998520542097306,0.9998694227522573,0.9988524760588067,0.9985472736596271,0.9830755479329107,0.989468266802786
60091.51413186972,1.0002998832995473,1.0000476470587398,1.0007970300481224,1.000254100706261,0.9995518114370292,1.0002763610149448,1.0036579948761044,1.0052841321525714
60091.51421562202,1.0006935547913562,1.0005129779137067,1.0009173910381053,1.0006491569268605,1.0003595036369544,0.9999080778112314,1.013029523246397,1.0027151727258117
60091.514299374314,1.0001695549958172,1.0007131131055267,1.001817064039991,1.0014450410596334,1.0024486702879951,0.9998717188547442,0.9989169368438796,0.9938479832264262
60091.51438312661,1.0003851704979128,1.0006580894988302,1.0002643941226868,1.0007946005733144,1.0003081881519802,1.000300326077666,0.9974869132443099,1.0003857012296085
60091.51446687891,0.9996006495214294,1.0002749331701997,1.0004498002743802,0.9997273479781742,1.0003409723503986,0.9981986505070944,0.9817739120105987,0.99270082634746
60091.5145506312,1.0008893832139347,1.0016001001281682,1.0017704366214064,1.0020837566975591,1.0033529244953592,1.0022146143004516,1.0135919699480909,1.0136192678658744
60091.51463438349,0.9998163160644609,1.0000715551015746,0.9998494750823363,1.0003129123958463,1.0002872030715237,1.0002651768821063,1.0088814743206753,1.0016808390208867
60091.51471813579,1.0008541198610204,1.0014867052498309,1.0013861076003208,1.0025561733470165,1.0023961730325261,1.0029580361636359,1.0090528232802898,1.0139985482840916
60091.51480188809,1.0009830157103372,1.0011014953035642,1.0013219859422346,1.0012435570568354,1.0017303429404238,1.0002604220499696,1.0003134691379538,1.0011326568771597
60091.514885640376,1.0007064734517674,1.0011381307949558,1.0009291237250095,1.0025508716703695,1.0026852086974793,1.002776085984218,1.001812236150089,1.0187298063767198
60091.51496939268,0.9998300101060029,0.9991241170085855,0.9993283374566216,0.9990291960413064,0.9988306327960398,0.9999350992753192,0.997085680567196,0.9990251896502405
60091.515053144976,1.0007811409322855,1.000819446565982,1.000366094864893,1.0008659156669906,1.0028473352346639,1.0031343216888213,1.0215710874230428,1.001584255263353
60091.515136897266,1.0007520714914593,1.0009403443005946,1.0012331490467272,1.0011320243293056,1.0017875835570769,1.0023979999062347,1.0066255891041551,1.0072075637801092
60091.51522064956,1.0005694068518114,1.0003744299868422,1.0009597091003273,1.0000696110234084,0.999730077465068,0.9991080778807192,1.0128010711365283,0.9893619876237599
60091.51530440186,1.0013382031241693,1.0015291195420697,1.0020046981158606,1.0023796768592552,1.0028394771812756,1.0026655268832088,1.0263597112875946,1.0096647850467335
60091.515388154156,0.9993620077307941,0.999790382280445,0.9996056019766155,1.0005128431757904,0.9991176078629124,1.0021717938823975,0.9776698960905431,0.9998548642174031
60091.515471906445,1.001072247606381,0.9999177578504904,0.9998963781550486,0.9999500673530871,1.0006047322104603,0.999572153433416,0.9852805360605185,1.0013314393603436
60091.51555565874,0.9999791828072742,0.9997396975795679,0.9994898633752336,1.0009074318741171,1.002459863894374,1.0028014371599785,1.014471672647125,1.0203321660794487
60091.515639411045,1.0000195981965476,0.9996582674896247,0.9996747139145258,0.9987769201157116,0.999643365561794,0.9989453133089344,0.9865172098129604,0.9923929180477318
60091.515723163335,1.0009712590188857,1.0012194456243322,1.0021537149777802,1.001777050620555,1.0017710269193885,1.0014604035931436,1.0167287857227236,1.000432248487566
60091.51580691563,1.0005505348858637,0.9996626952195157,0.9998239874017164,1.0009668826304554,1.0006810441341973,1.0012099158130898,1.0112669192173938,1.0009948738309271
60091.51589066793,1.0004633912572451,1.0008698574511743,1.000697957968746,1.0013616607705222,1.0011748874182436,1.0027372110030555,1.0081666037471666,1.0032028580730592
60091.515974420225,1.0007476360236298,1.0011176921909715,1.0010371031214333,1.0013554071989856,1.0019891011550552,1.0046701351254124,1.0037480136737904,1.016419507257069
60091.516058172514,1.000528483363674,0.9997794247361179,1.0003886472311525,1.0009028806360252,1.001247120309584,1.0004335948686767,1.00879359250389,0.9926957568637454
60091.51614192481,1.0001243641283648,1.000696709004524,1.0000655318511407,1.0013481880728134,1.000525388050876,1.0010667230422643,1.0293132612783513,1.003762145860178
60091.51622567711,1.000335665936222,1.001096872045775,1.0019815982546683,1.0012552617147281,1.002231974545478,1.0017377478594662,1.001712440768042,1.0010387790413178
60091.516309429404,1.0006378505938511,1.0005767005961808,1.000285732681996,1.0003678854972522,1.0000601254998476,1.0003044750988987,1.0145900507824563,1.0129298440941898
60091.5163931817,1.0005681756205116,1.000674540534191,0.9999875209401854,1.0022937555083233,1.0013261801756173,1.0000573798720422,0.9820961010547415,0.9995126436261629
60091.516476934,0.9998149907329996,1.0001943526240697,1.0001855715403942,1.0007427208062534,1.0009358728855275,1.0044176749606575,1.018629560723053,1.0013114562713306
60091.516560686294,1.001219568603412,1.0011644188886781,1.001220462689421,0.9995560640795893,0.9994697783394707,1.0015934349398838,1.0083384778416171,0.9875681065593871
60091.51664443858,1.0006137254023637,1.0009570430344263,1.0012975523998477,1.000360836968352,1.0011142519324157,1.0011552220150879,0.9997364906036371,1.003485425661311
60091.51672819088,1.0000440659714358,0.9994216215815638,0.9988751720384864,0.9985554085814492,0.9978222279143885,1.0000984316178405,1.0160051975658606,0.9777859017253039
60091.51681194318,0.9997423347484582,0.9998355944990011,1.0013137857133256,0.9999384531286988,1.0006725565558392,1.0004422569424642,0.989070156967735,1.003276280745284
60091.516895695466,1.0009821651856066,1.0013618026415456,1.0006194129661203,1.0003236826572839,1.0012933389064222,1.0015486964262867,1.001307537392845,0.9987727765726299
60091.51697944776,0.9997457164205044,1.0005286100562638,0.9999631310055944,1.0009641127928075,1.0006850079023368,1.0008574868031666,0.9987261150054743,1.0006402097185811
60091.51706320006,1.0007259542331584,1.0006997109516231,1.0010187666662598,1.0000242942161568,1.001536119673781,1.0027765740607362,1.0051838685670293,0.9981336695882062
60091.517146952356,1.0012529935374328,1.0005680829371473,1.0004462988137877,1.0000725030011255,1.0018451823786145,1.004471064160264,1.0159328272861596,0.9898532730599334
60091.51723070465,0.9999426770906747,0.9995662876414929,1.0003536686441346,0.9996273364491679,1.0002527129246808,1.0030660358059467,1.0003353093933223,1.004022940716438
60091.51731445695,0.9995241637338264,0.9995817031835832,0.999026750886727,0.9984772800660423,0.9991933112811896,1.0009455962856697,1.0047761961564676,0.9912813712521203
60091.517398209246,0.9999974332500563,0.9998450715995696,0.9998659609812292,0.9994946418828301,0.9994215505394369,1.0012411305212852,0.9970177771577493,0.9947665651067316
60091.517481961535,1.0004872996822889,1.0004501413646882,0.999996384649437,1.0012133686680986,0.999994575003899,1.0015581713676136,1.0057074649458402,0.9930100067937893
60091.51756571383,1.000503495254801,1.0003173116390713,0.9999714001763518,0.9999652070383998,1.0002151261736392,1.0008281679004059,1.012230282141988,0.9956714992678601
60091.51764946613,1.000572606309817,1.0017220648371927,1.0011835945067622,1.0013620389560582,1.0011603627496888,1.0023826982387958,1.0128564081174418,1.0060567338098587
60091.51773321842,1.0001254720107362,0.9998826403503441,0.9983755439297429,0.9992607770022756,0.9982045316985753,0.9993398702062924,0.9826941898630862,0.9967796382707649
60091.517816970714,0.9999924365944887,1.0006551601563098,1.0014188849186638,1.0013091728954766,1.0023865810254906,1.002052662488329,0.9889723923092177,0.997712899039331
60091.51790072302,0.9999909557772134,1.000754358891885,0.9992644465989301,0.9998341904771986,0.9999193617082032,0.9989622012014595,0.9978004299302713,0.9989315332582809
60091.517984475315,1.0001949676056427,0.9997382197539162,1.0000749585351485,0.999960369444162,0.9998565625226623,1.0010021247227823,0.9623534152626684,0.9944261190910089
60091.518068227604,1.0007676076276826,1.0006572166474783,1.0010851299160737,0.9998733664307489,1.0007196453728675,1.000318926303624,1.0012961149433304,1.0045153414424761
60091.5181519799,1.0011972643445721,1.0021964399749315,1.000365250685926,1.001558558937184,1.0007781404239,1.0002787159925735,0.9805695518269613,0.9917208988860383
60091.5182357322,1.0000149962155418,1.0004857286554114,1.001330720602615,1.0015215507953739,1.001268255021508,0.9995378616114479,1.015923243401118,1.007511790753555
60091.51831948449,1.0000316343528763,0.9996933975055997,0.9994825858193243,0.9999838332992268,0.9993126135293591,1.000683453300389,0.9679583594701301,1.0007639815695824
60091.51840323678,1.0011271971646998,1.001650857178199,1.0006561920454038,1.0005841464542846,0.9998270840008391,0.9981986451536927,0.988943047916773,0.9955159434891943
60091.51848698908,0.999650597750679,1.0000873014191423,0.9997698452461197,0.9991919316306489,0.9989597452300166,0.9992772845096751,0.9737465048042853,0.996797286302916
60091.51857074138,1.0003342090640772,1.0006978922612033,1.0004826231638133,1.0011553370298036,1.0012776436320383,0.999911805457714,0.9925006425835449,1.0062666631427675
60091.518654493666,0.999916472453652,0.9994097096414284,0.9988752392058186,0.998061468458873,0.9987228034580059,0.9994363196617471,0.9919465329986381,0.9982410557124032
60091.51873824596,1.0003598772461606,0.9996729855296798,1.0005200432588182,1.0001093568476238,1.0004074455841263,0.9996841079451235,1.0170528622337807,0.9909924773909238
60091.51882199827,1.0000318869845044,1.0008072459316508,1.0003047912520637,1.000626151520806,1.000181421857084,1.002563187162022,1.0134016974343252,1.007660253213461
60091.518905750556,1.0007104083823535,1.000455884278312,1.0013336693579926,1.0013392930851872,1.0020321311483555,1.0019403079817668,1.0230491331324898,1.002666550162111
60091.51898950285,0.9998336338024045,0.9999901461480566,0.9986797857424572,0.9999043634864493,0.9996682643876984,0.9986357806625534,0.9908138893426115,0.992573626073162
60091.51907325515,1.0002894936334905,1.0003462127952096,0.9999935538050084,1.000781381877096,1.0001170899313656,0.9999801303651346,1.0046111485534726,1.0015218683741542
60091.51915700744,0.9995435968350014,1.0005480335371273,1.0005330232041938,1.0010047476970196,0.9988837248350332,0.9988683448151667,0.981628104171979,1.0071811812669205
60091.519240759735,1.0002736830734698,1.0002099378322686,0.9998518837428924,1.000523558150152,0.9988716877038656,0.9965949288182095,0.9864488651313094,0.998076277613285
60091.51932451203,1.0002174661561107,1.000343293797405,1.0007383899088484,1.0016113282827726,1.0007686784010157,1.001042015865906,1.0229009817236843,1.012848525484705
60091.51940826433,1.0013555028507541,1.0009162628879875,1.0003497804522412,1.000588053989286,1.0005031369347677,1.0000020740602025,1.00078870204833,1.0001957284237304
60091.51949201662,1.0012722572898236,1.0004465131152953,1.0009109926606667,1.0020337864035291,1.0019327142298975,1.0030182837114545,1.0048563409657507,0.9896121420160856
60091.519575768914,1.000781031288794,0.9999526045361965,0.9997225291264062,0.9999439231592289,1.0001993943490093,1.0005814595006535,1.0243003270757765,1.0009907554150717
60091.51965952121,1.0000327562032405,0.999965004274377,0.9998403826870076,1.0002372544998448,0.9989531656867673,1.0009237827780517,0.9946722650776108,0.99510027343652
60091.5197432735,1.0007089648480663,0.9999134072589734,0.998972616584309,1.000850435485077,1.001720839689361,1.0014013605742123,1.0095031642905306,1.0068411610186274
60091.519827025804,0.999691292867386,0.9996128863073788,0.9995188823811789,0.9989985255731947,0.9986598268852644,0.998807935964093,0.9871252335547672,0.9930218637808681
60091.5199107781,1.0004516596661717,0.9998952370851171,1.0002050504065514,0.9998739630725231,0.9994326627497906,1.0027687431396592,1.0140776994206042,1.01544118109928
60091.5199945304,1.0004306522251838,1.0013559141356267,1.0013785432901174,0.9999435710967113,1.0003804991336074,1.0010254022172318,0.9890081935143663,1.0027050383655938
60091.52007828269,1.0000586997543237,1.0004408744789601,0.9991627445730313,0.9987773484036029,0.9991010275860719,0.9992179170233533,0.9921146064706658,1.01106683140283
60091.52016203498,0.999858960608846,0.9994876027325879,1.0005713039773918,0.9998517980898497,0.9996168493563203,1.0002787157970463,1.0179696315539772,0.9930104743787125
60091.52024578728,1.0015068840177042,1.0018363469983989,1.0008640879267048,1.001301901772532,1.00209852535621,1.0001884781687742,1.0107523277194208,0.9978815930485678
60091.52032953957,0.9994735717691522,1.0002253592491357,0.9994847342678206,0.9999821467193588,1.000689258022318,1.0003740144194473,1.0052262664953577,1.0075420743914758
60091.520413291866,1.0011070504356252,1.001318587974821,1.0013228343120806,1.0021988680294065,1.0014065618382577,0.9996005138480178,1.0139565247139648,0.9968418566676688
60091.52049704416,1.0002945761974644,1.0006376793747418,1.001925814935722,1.00130897801975,1.0017067586759247,0.9997889624503988,0.9992111018092,1.010352638589955
60091.52058079646,1.0010671313826953,1.0002975419933693,1.0003766599577832,1.0001126183364395,1.0009887990138482,0.9994358988735789,1.0137993936075096,1.0084600172954676
60091.52066454875,1.0003010389671572,0.9996872930377766,0.9999686254746006,0.9994917222366483,0.9985474117388131,0.9984426233926983,0.9960452002708547,0.9945053116605798
60091.520748301045,1.0010276192919598,1.001382774253814,1.0017456607483834,1.0022639886274571,1.0028179395434322,0.999973533949298,1.0095600115830745,0.9965808434703426
60091.52083205334,1.0003343336732755,1.0001552131367708,1.0008032356828793,1.0007642545989615,1.001182951487779,0.9983019767847169,1.0056382764269518,1.002533485252728
60091.52091580563,1.0007055524569382,1.0000827050448426,0.9999451027499336,1.0004242936198373,0.999022339958721,0.9990229334681213,1.0051371837628909,1.0010108983931183
60091.52099955793,1.0004676544881717,1.000433305148308,1.000837724276846,1.0016680568111629,1.0018639789351296,1.0013887901597756,1.0039846160742998,1.0109091617291097
60091.52108331023,1.0005920631460772,1.0007838359038643,1.0001075409964921,0.9994545050608343,1.000802974694336,1.000460081309475,1.0051134841690974,0.9959684922145554
60091.52116706252,1.0006552321854758,1.0001640329647543,0.9998034136967169,1.000113987850659,0.9998018451204281,1.0010180527382306,1.0039395474557509,1.0060447555779062
60091.52125081482,1.000218453840229,1.001243251880273,1.0010279061806615,1.0016318618230944,1.0018233724850998,1.0008254252798523,1.0012088748534447,1.0078741193613172
60091.521334567115,0.9989528761915644,0.9995638047181548,0.9992543071634337,0.9995959408180175,1.000934525765712,0.999045326963559,0.9769091832779031,0.9955951397884124
60091.52141831941,1.0011241331857212,1.0015240229177527,1.0014846967469557,1.0008172391603372,1.0002351675591787,0.9997799135832187,0.9987830544911449,0.9940998496991734
60091.5215020717,1.000796476317997,0.9996043885065639,0.9988850487700492,0.998963897218461,0.9998430101155988,1.0007689540378373,0.9789696725001521,1.0139290005507147
60091.521585824,1.001018107929085,1.001189645818909,1.000424646995706,1.0025380671037651,1.0017729146210839,1.0020961265956383,1.0145648675241568,1.0130771970780927
60091.521669576294,0.9999658689471885,1.0002453214214913,1.000298640778337,0.9995947426488664,0.9992264697765807,0.9988343423398456,0.9859334513717302,1.0061244396303493
60091.52175332858,0.9997425759326334,1.0001107756224799,0.99916958476729,0.9984474989271928,0.9992831552162043,0.9998441947979237,0.9875223106746357,0.9995377266785703
60091.52183708088,1.0004616997123204,1.0002377909154512,1.0011339160149408,1.0004545806179854,1.0004222042116782,0.9999416733605934,1.0045752691845866,1.0008654199016667
60091.52192083318,0.9998012374062553,0.9999987041653338,1.0010473981480352,1.0013462295941955,1.0009751831116473,1.0017669749655453,1.0199382760318032,0.9936923786802733
60091.52200458547,1.0004391741185579,1.0011523763624708,1.0000005398871656,1.000897872245103,1.0011552624310687,1.0022106717694996,1.0050525355720872,0.992868748570469
60091.52208833776,0.999841636937131,0.9991548807244011,0.9995758383156425,1.000001571377413,0.9992313617712733,0.9987047526978124,0.9715531997416953,1.0100649959313532
60091.52217209006,1.0001355812667134,1.0004903512746377,1.0002147846104699,1.0000465928549627,1.0002535335587865,1.0008892552108775,1.021218689967811,0.998875014052135
60091.522255842356,1.0013800118994853,1.000678628612583,1.0013211280579604,1.0020342604067032,1.0022066649970998,1.0042774364383142,1.0114336628079306,0.9995408787632205
60091.522339594645,1.0008389729381886,1.0002920129982493,1.000227739108526,0.9995112478472086,1.0012742568712798,1.0028326894026671,0.9956529363641518,1.0041423864588168
60091.52242334694,1.0012319507563732,1.000513765069944,1.0005059567703425,1.0009514528998684,1.0009910926353398,1.0001951363577433,1.0042808184728576,1.002066257529411
60091.522507099246,1.0000226197989466,1.00095891849307,1.0008039900411134,0.9998909669642613,1.000430440865737,1.0000392823669206,1.0044048425396481,0.9987383388991564
60091.52259085154,0.9992086824398021,1.0011422575063909,1.0001779612060326,1.000446145425403,1.0004169103513976,1.0009174302251735,0.9936439268774319,1.0157028015552483
60091.52267460383,1.0005423683886356,1.000744613786552,1.0008490804642352,1.0021186120334087,1.0007362880221415,1.0026776572197,1.0065873387511344,1.0032676618754728
60091.52275835613,0.9984755585304917,0.9985138079003866,0.9983862295764793,0.9977675654030276,0.9982360042047203,0.9971135024056577,0.9790298207771719,1.0133842989669906
60091.522842108425,1.0005385435216319,1.0005909328177354,0.9992819837288698,0.9994892603415336,1.0004269739564016,1.001007632651795,0.9996759470464094,0.9986727244234587
60091.522925860714,1.0009077011336742,1.0007902871112324,0.9999107201738808,1.0004881867351205,1.0003905241924476,1.0012179870102118,1.0020838422939173,0.9998089085237951
60091.52300961301,1.0013378582302734,1.0013608546313642,1.0008782543061725,1.000964719654465,1.001900674259354,1.0015537076553545,0.9973440700856744,0.9997734982978143
60091.52309336531,0.9999140850821415,0.9999870314946413,0.9994907494629912,1.0002434491948826,1.0011076935334209,1.0008246640315117,1.006080318156186,1.0128878558519168
60091.5231771176,1.000275192981978,1.0001717805182555,0.9997567697411497,0.9986089021927206,0.9998235148007129,0.9995590809454059,0.9980678407814423,1.0043508095157412
60091.52326086989,1.0004013125614601,1.0000809666217538,1.000247392783423,1.0003331203456414,0.9997989821633648,1.0004499432744967,0.9974391133738931,0.9974998499349336
60091.52334462219,1.0005469029977068,1.0012264739008105,1.000674736723083,1.0011522123877181,1.0018114010944768,1.0021787653127945,1.0121360127009131,1.0097398230714512
60091.52342837449,0.9993598330823608,1.0000364953274963,1.0003995170500346,0.9994700883389367,0.9998930176506456,1.0014518673714945,1.0107335857456445,1.0027562444934863
60091.523512126776,1.0004343669235833,1.000606465408368,1.0012673347269745,1.0004712597168461,1.0013170498493331,1.0013553704029134,1.004519002761022,0.9923039082398107
60091.52359587907,1.000141845176299,1.000151498872982,0.9995535228284398,0.9995723637465865,1.0001797578853069,1.0004884663402855,1.003919215159258,1.0013483783364245
60091.52367963137,1.0006905668486692,1.0008947963257722,1.0005960959720848,0.9998195887565738,0.9994655927749582,1.0024123174512152,1.0034041887676601,0.9970499919619431
60091.52376338366,1.0008491695728872,1.0007490920906088,1.0012656189206708,1.0006320529799717,1.0010144629623927,1.0037280964192763,1.0056595843672254,0.9927052926312664
60091.523847135955,1.0004086972711848,0.9995958302977177,0.9991050569714898,0.9993762109334645,0.9986666305950394,0.9989721160589158,0.979102205068834,0.9947511386827849
60091.52393088825,1.0004865970292407,1.000297034208312,1.0006309589890048,1.0001523132107977,1.00012677187945,1.0004378687239577,1.0000441822873694,0.9931809930551354
60091.52401464055,0.9996672459701739,0.9992280396394309,0.9981841876358938,0.9985638073812764,0.9994053316484751,1.0007170546009496,1.0093700628954871,0.9998512099702395
60091.52409839284,1.0002140429476651,1.001010718890693,1.0010018560538647,1.0022742056193086,1.0028208967452423,1.001894399837529,0.9904012629718731,1.0107819464265277
60091.524182145135,1.0006782791109374,1.0017746547537354,1.0015289254724806,1.0010455778259295,1.0007430152009404,1.0006447398786897,0.9904673535925813,0.9979073203113313
60091.52426589743,1.0004874867273645,1.0004781061324866,1.0001133836482627,0.9999684414071348,1.0004707850396848,0.9983502011449877,0.9961247957032147,1.0085072736330014
60091.52434964972,1.0001520907514836,1.0007106145374025,1.0009046971674214,1.0011394202843862,1.0013437998890595,1.0010380530473142,1.0042128729926723,1.0033809102919722
60091.52443340202,1.0009624813432088,1.000802883846005,1.001010435651719,1.0010862557533577,1.000130092338312,0.9996806454538452,0.9688527949444619,1.0006698229445907
60091.524517154314,1.0006351254699746,1.0003334417328205,1.0007586166770206,1.000273417581936,0.9998702247052086,0.999442694194587,1.0023190520553835,0.9973826225804125
60091.52460090662,1.00129339480118,1.002233119654862,1.0018299710414176,1.0019990935388978,1.0015465359948958,1.0011568653880756,1.000634024638406,1.0086594844509784
60091.52468465891,1.001379516613367,1.0005901224816718,1.0022057434578502,1.0022199266723193,1.0020289014413841,1.0027944786748353,1.0155705181461672,1.0093132961882956
60091.524768411204,1.0008117559367598,1.0008086243330905,1.0003775515956241,1.0006999722806091,1.000744812213118,1.0012060922638526,1.014135632884114,0.9996445514046816
60091.5248521635,0.9994495135295097,1.000268684706488,1.0000418719978896,0.9996069771952464,1.000198538786341,1.0004405886970598,0.9949391979361774,1.0105696714746468
60091.52493591579,1.0012144396720033,1.0010893295347563,1.0010999560758285,1.0020999050604298,1.0016974490288952,1.0007351644580007,1.003807893841348,1.0021683125852918
60091.525019668086,1.0007144951754767,1.000307537734561,0.9997087745480029,0.9994347927504542,0.9992866481348445,0.9988610068520476,0.9828537284475148,1.0009204719382756
60091.52510342038,0.9999655004757412,1.0007163498521299,1.0011184486506868,1.0019584355028521,1.0011195407405291,0.9998670166396701,1.0029336286894226,1.0156399503249791
60091.52518717267,1.0010279996834612,0.9997895686238554,1.0004620553864536,0.9992828741847471,1.000678328126587,1.0006797884720984,1.0048778294755865,0.9897071660602534
60091.52527092497,1.0008790361870137,1.0008619641776655,1.0003632097655701,1.000495791275527,1.0018725777235364,1.0012690793509849,1.009348264989702,1.001314198533576
60091.525354677266,1.000603397069448,1.000223210677226,1.0007541611307134,1.0007027560771224,1.000038171027032,1.0025525289503414,1.0093723628090037,0.998789411245546
60091.52543842956,0.9993149049812079,1.0005963105373519,1.0005592252597961,1.000306302125455,0.9992656019294034,1.0013190135095762,1.0030625160569104,0.9969728111295704
60091.52552218185,1.0003112886907304,1.0001534940621317,1.0008545234345114,1.0000681382135879,0.9987079243269125,1.000703289953148,0.9739288085555022,0.9961176812818121
60091.52560593415,1.0005557958830682,1.0001174442604466,1.0001615941997364,0.999987459563098,1.0004906574583026,1.0005498007904832,1.0176578302527124,1.0009748615394036
60091.525689686445,1.0004264323160397,1.0012967978528866,1.0013214472821281,1.001107975747355,1.0007144201846359,0.9995984252054994,0.9910173147656457,1.0104824573899693
60091.525773438734,1.0003058565593592,0.9995958097359989,1.000328885144467,1.0005182664939758,1.00082563709427,1.0022969046756638,1.0152823514503846,1.0004304127724757
60091.52585719103,1.0003306856641647,0.9999554620404133,1.0002071355387934,0.9999775875546255,0.9993171876741315,1.0010849458466538,0.9977795301493587,0.9961015821031719
60091.52594094333,1.0007046927427385,1.0000625888511643,1.0004087915031916,0.9995120785990907,0.9995246667669172,1.0016330763070342,1.0139209786694143,1.0008140680197901
60091.526024695624,1.000525424268242,1.0009495201911385,1.000176775791344,1.0007952506077473,0.9994917718574295,1.0032193088098444,1.0077557817475336,0.9922293530006792
60091.52610844791,0.9999962785276492,1.0000565294658676,0.9996899176309545,0.9993314551230282,0.9993138970292926,1.0021758028521668,1.010994469184045,0.9947253234207205
60091.52619220021,1.0002129948230971,1.000380021177969,0.999803596887215,1.0000096385046362,0.9999693184720895,0.9989793552301965,0.9935624454072386,0.987484348744994
60091.52627595251,1.0011446396168644,1.001209242861114,1.0017585936879534,1.002028975480694,1.0008891153908652,1.0047241518933878,1.039788005119305,0.9997412252378953
60091.526359704796,1.0007401230289195,1.000079053040917,1.0008614210173843,1.0006418247837348,1.0013464127950376,1.0009007384802113,0.9913764050061578,0.995938486545043
60091.52644345709,0.99950528761949,1.000369759986264,1.0003910406761745,1.0018004989214562,1.002194011563918,1.0025685497873043,1.0189125332162685,1.0066932119336824
60091.52652720939,1.0010892217632104,1.001406648580538,1.0009852486194786,1.0019213073148028,1.0018627677872187,1.0023291043423652,1.0006143434624042,1.0093588333935541
60091.526610961686,0.9990851739297594,0.9998597215688412,0.9995387505837778,0.9995315841188559,1.0007897711986646,1.0001501607639607,1.004614040350346,1.0085470022732486
60091.526694713975,1.0005043165832763,1.000143281912042,0.999723078999946,1.0000025828467443,0.9992463902843445,1.000071455516079,0.991056190707412,0.9996346138930463
60091.52677846627,1.0004247206593053,1.000503896275017,1.0007956411303867,1.0010381967270698,0.9995411523624039,0.9994629850504506,1.0154783727894119,0.9981178975685726
60091.52686221857,1.0008924484531831,1.0014347242028208,1.0010809110222898,1.0020230810508137,1.0025054068730141,1.0033061651041397,1.00781482081402,1.0055658197634862
60091.52694597086,1.0004119374779212,1.0003093991448255,1.0004377947650234,1.0005580669571772,1.0016758044223284,1.000578677794873,0.982634813516151,1.0028647915643842
60091.527029723155,1.0008425722168586,1.0005052130551562,1.0002547865890323,0.9991638653383691,0.9997838123143596,0.9988438874754623,0.9803769340699395,1.0014172875009286
60091.52711347545,0.9999082306552904,1.0004991633760125,1.000033021238832,0.9993501124423302,1.0006715883485562,0.9992752009441234,1.00267106846893,1.0057268811360156
60091.52719722774,1.0000807414569093,0.9999020527202169,1.0001122900176016,0.9989097547193777,1.0001664062551063,1.0012263978247153,1.0244644063023884,1.0013648650692821
60091.52728098004,1.0001205079121442,1.0006235504726317,1.000044959165544,1.0010603707830055,0.9999101398191873,0.9995328720387108,1.0043959245887373,1.0024203341988243
60091.527364732334,1.0010626612574403,1.0009852023722787,1.0002073339070698,1.0016025065293346,1.001164894543579,1.0014575012740072,0.9730962187225288,1.0118697098655751
60091.52744848463,1.0002545599462092,1.0007739464195056,0.9996161817942163,1.0012564382476383,1.000633486089353,1.0018872181681213,1.0157385830262835,1.0066354382889244
60091.52753223692,1.0004694416560846,1.0013752122027766,1.000840463828071,1.0010594926706884,1.0012704458532293,1.0012589559738094,1.0094489987548676,1.0023117243507562
60091.52761598922,1.0012416853970865,1.0005458172775719,1.0005148066232643,1.0002499813953358,1.0008108900679904,0.9996406058650702,1.005707826381237,0.9945514635054207
60091.52769974151,1.0008619871491407,1.0009392500595555,1.0010681527781926,1.0013799893086992,1.0013489129940283,1.0010878304537165,0.9944778184459797,0.9954122943695837
60091.5277834938,0.9996190677901694,1.0001712312266227,0.9994484795392454,0.9984778488399396,0.9986769679526535,0.9989485850195364,0.9880846768598369,1.000196280113764
60091.5278672461,1.000691354254876,1.0005120535942014,1.002031060331004,1.0021619491744795,1.0010193523998157,1.001815245160105,1.0083153530344968,0.9973059883920801
60091.527950998396,1.0003582269750788,1.0004536638680988,1.0003302831990741,0.999779829272612,1.0012832023880436,0.9994500268784698,1.0050089501649209,1.0057710847886971
60091.52803475069,1.0001827246600077,1.0002314075234415,1.0001503111828307,0.9989838466301343,0.9985834460399888,0.9997923998467636,0.9935775617338264,0.9899324855940862
60091.52811850298,0.9994626306824494,0.9998227950844281,1.0001999601874756,0.9990449591893553,1.000253399208565,0.9993634991171836,0.9805554769167176,1.0024718498482534
60091.52820225528,1.0001498674251206,0.9998482805686953,0.9989725042989542,0.9991306738992317,0.9994723489569387,1.000051137697679,0.9910224912789837,1.008578004589102
60091.528286007575,1.000205323454454,1.000873579377715,1.000917330138214,1.001835374447807,1.0023960400544982,1.001628786580333,0.9866083409233307,1.0018071649123186
60091.528369759864,1.0001881501749614,0.9999727547014101,1.0001994952641875,1.0020708164308452,1.0011228835287225,1.0019380839197587,1.0127768614481003,1.007776745545419
60091.52845351216,1.001018437542207,1.000042798069037,1.0000014230299814,1.001228051150728,1.0008168244307891,1.0009127807957199,1.0219416092103875,0.9990726020531355
60091.52853726446,0.9997732571537948,0.9996574026841629,1.0001735954804583,0.9996133673143948,0.999423194801525,1.0003948056228509,1.0116384359411077,1.0039721046228234
60091.528621016754,0.9997796177891044,0.9999117143654049,0.9999992742416839,1.0007451087692365,1.0001305024994338,1.0004099048588853,1.0193373964033285,1.007201705225289
60091.52870476904,1.0010019137218655,1.00127282308025,1.0005195122253565,0.9994601040114537,1.0003589613086465,1.0009971990739779,0.9785702263480638,1.0062850034319055
60091.52878852134,0.999363767697879,0.9999207712278618,1.0014261803707594,1.0003741243122746,1.0012572371182737,1.0024798471694585,1.0131758768543826,1.013947459201302
60091.52887227364,0.9997022001368432,0.9997023454292605,1.0001313978588153,0.9999874856362638,1.0001106738662642,1.0007687583420097,0.996343792998419,0.9932706181137994
60091.528956025926,1.0002894039442738,1.000045861509724,0.9996063273384971,0.9981563627676631,0.9984342881662639,0.9987788711321631,0.9840510980917009,0.9961826182624035
60091.52903977822,1.0003572593502585,1.0003656113721282,1.0005450543874042,0.9996308226258577,0.9998372760306834,1.001189365728521,0.9938616221407887,0.9958452997908797
60091.52912353052,1.0008241841420877,1.0016293493648332,1.0010956905537955,1.0018931302988112,1.002251834489609,1.00045835559928,1.0138404348329437,0.9925829621635233
60091.52920728281,1.000806575859393,1.00085871172242,1.0008470452072296,0.9995845137919799,0.9997958707768995,1.0013989381261907,1.00411329894384,0.9986514154762243
60091.529291035105,1.0002980230359733,1.0004868352207106,1.000978232521566,1.0012232533392558,1.0016861154587755,1.0009197443038915,1.0095631340196145,1.0039925517081498
60091.5293747874,0.9998720197893648,1.0010135271617258,1.0005238319267722,1.0011745686068423,1.0010854659940922,1.0016485054245414,1.0063739554770652,1.0023491782196559
60091.5294585397,0.9998915528194501,1.0000774220879303,1.0006326190679435,1.0002620552652088,1.0010930471138766,0.9998938975533629,0.998256310632028,0.9932067113620446
60091.52954229199,1.0001500789404392,1.0009128912769427,0.9989595560305833,0.9989780999648112,0.999194830237059,0.9968844316915699,0.9888113069018921,0.9967224687661622
60091.529626044285,1.0001089925098905,0.9993032507034031,0.999017668383383,0.9986739747822463,0.9988021346441239,0.9984616454181724,0.9762318963390326,1.0002044039434346
60091.52970979658,0.9996892519651087,1.00027991932317,1.000878606453282,1.0001432052009203,1.000217655874791,1.001838987706051,0.9834260209742669,1.0161477323039225
60091.52979354887,1.0008637387669366,0.9993285015158788,0.9991052869412597,0.9989532147483139,0.9998434247675357,0.9989088425647878,1.0015720659278722,0.9964933453996748
60091.52987730117,0.9998103600808507,0.999771299025787,0.9990694229838418,0.9998129994743332,0.999685233993268,0.9980050010276792,0.9764594952006455,0.998940377474
60091.529961053464,1.0007786500610998,0.9999427509390613,1.0008624395142671,1.0005449712983836,1.0002844168949259,0.9997509277173362,0.9989497476630209,0.9973352984353862
60091.53004480576,1.0004162481790184,1.0003302337215387,1.0005032436858408,1.0008195314053885,1.0019914908924668,1.0013442160037043,1.009848342065436,0.9979560690170265
60091.53012855805,1.0003526152027182,1.0008833004730904,1.0012113562489837,1.001402116552584,1.0012563741956582,1.000696473724207,1.0168201504703442,0.9906655401571862
60091.53021231035,1.0002918941853252,0.9999749364147239,1.0004418421348105,1.0012816986086335,1.0000627034148906,0.9984800833564967,1.0145619058940398,0.9970289276670254
60091.53029606264,0.9993412071316234,0.999832609346101,1.0000858698852644,0.9997452515187641,1.0004237771197024,0.9987621900535503,1.0155703385874182,0.9952142787206588
60091.53037981493,1.000561636446949,1.0009439656535108,1.0011570483460073,1.0015374759659632,1.0013570132395753,0.9996546567917631,1.0112690176654018,1.0097731264855732
60091.53046356722,1.0006358400430768,1.0005492379302319,1.0010923222574422,1.0010823006086558,1.000678318521232,1.0019309012929414,0.9902902156888815,0.9999346552072925
60091.53054731952,1.000389572883654,1.0004847793681046,1.000972832215194,1.000236574304293,1.0007689714267076,1.0007669054109858,1.0079291748152375,1.000057865479994
60091.530631071815,1.0005175311970975,1.0005267835753788,1.0016338198155676,1.0004316390737382,1.0009579898385321,1.0014826310252487,1.006936486215669,1.0082792943122716
60091.530714824105,0.9997595542903627,1.000051501870178,1.0002174771936445,1.0009442984331534,1.001485274851189,1.000673661719505,1.0072275436800846,0.9976476651756923
60091.5307985764,1.000495841950028,1.0013237298093771,1.0000766410409538,1.000498783059129,0.999865627482636,1.00063514131019,0.9964703255199264,1.001076908007694
60091.5308823287,1.0010631728220467,1.0009769425637811,1.0001778804844157,1.0008752801211598,1.001140224624505,1.0003489886482593,0.9923089976295707,0.9922320078826201
60091.53096608099,1.0014626507979343,1.0005217442939922,1.0001421480677428,1.000244144047243,1.001620689021597,1.0006132415683036,1.0087113922235837,1.0009838015036272
60091.531049833284,1.0001307795854204,0.999974447211841,0.9992948155210069,1.0004569420092717,1.0000744090989473,1.003072602467927,0.9998499702689457,1.0043179295105957
60091.53113358558,1.0008073080762752,1.0006593864196696,0.9998123211270311,0.9992550158795562,0.9981330407273294,1.0024782158989347,0.9808260086010698,0.9999763919177737
60091.53121733787,1.000178682764004,1.0000449472156532,1.0002958094808403,1.000555045211868,1.0003861480177787,1.0002003286180932,0.9939551187281052,1.0040305058982457
60091.53130109017,1.0018821231152464,1.0018446062960464,1.0021702027644566,1.0020988867113723,1.0017364608029216,1.0019921000337295,1.0220986406646126,1.0103429525395928
60091.53138484246,1.0001084267011622,1.0004053945944829,1.0005952439021835,1.0013225934468537,0.9994501721887709,1.003371134284913,1.0084483927176573,1.0004077951422023
60091.53146859476,1.0002722564478055,0.9994798895976162,1.0001117532075228,1.000255306951613,1.0007132810768855,0.9995676386211161,1.015812795146886,1.0086597470463452
60091.53155234705,1.0001724384936264,1.0001514437650212,1.0019311174171597,1.0012922431352822,1.0018201571861605,1.0026443923406623,1.0204275473237288,1.0055864465535556
60091.531636099346,0.9997715460221732,0.9996829071337423,0.9991649764615527,0.9994344453741272,0.9992194036659786,0.997949421828263,1.0058902524408397,0.9971511558985584
60091.53171985164,0.9997754323273407,1.00026461744524,0.9996663085213204,1.0000785411076094,0.9991623290223707,0.9968035846244946,1.0097059088612264,0.989683554181269
60091.53180360393,0.9999162603607097,0.9999932071622052,0.999511989328986,1.0003323280304912,1.0002734111543161,1.0030611781871475,0.9847046673989921,1.0141652041821971
60091.53188735623,0.9998694722060276,1.0005276159418557,1.0001835181229126,1.0004621445281239,0.9998629975489836,1.0003342735626282,0.9997072534968041,1.010014570631732
60091.531971108525,1.0003026618273658,1.0001652652630486,1.000206728117387,0.9997929500075095,1.0007055773328972,1.0021091763687737,1.0123667876592994,1.006515474376324
60091.53205486082,1.0002052305620512,1.0000033685465606,1.0003473449096503,1.0005522866410184,0.9988075972218369,1.000715611758033,1.0041030102606463,1.005398149659924
60091.53213861311,1.0008360613993712,1.0013085961927182,1.000573231215433,1.0008013091041448,1.000877406338697,1.0030389170367018,1.0152840558555591,1.007207279582563
60091.53222236541,1.0005511175507036,1.0002010487202326,1.0007169238486504,1.0008376631734217,1.0010711086707764,1.002036636324934,1.0126932111215377,1.0034970631163438
60091.532306117704,1.0000799750026912,1.000836589611739,1.0007415716922055,1.0015804097955407,1.001044986035357,1.0029871099965628,1.007733724655326,0.9857879817500576
60091.53238986999,1.0002591973197978,1.0014590859444523,1.0018064521678287,1.0015475963923803,1.0015782539989384,1.0009487951657352,0.9967531146551298,1.0031912742512927
60091.53247362229,1.000574235471376,1.0007393303187895,1.0009976177914235,1.001790252566135,1.0012194605679174,1.00211053549905,1.0035325723145263,0.9954762673460815
60091.53255737458,1.000141251851675,1.0011021545556933,1.0007900853839324,1.0005225599915957,1.0006471833875794,1.0014263310920906,1.009304706212233,1.0066072762247433
60091.532641126876,1.0004764877207522,1.0005303323875725,1.001193315949265,1.0017272784925555,1.0022675392446025,1.0035738011988145,1.032604637940556,1.023457600504708
60091.532724879165,1.001809772483629,1.0019245930427236,1.0019293883586167,1.0017910840658135,1.0022431011638635,1.0041244978197588,1.0104644016494408,1.0069492500794526
60091.53280863146,1.0007838512479894,1.0007207819881034,1.0016084930873577,1.001259003887032,1.0009650394828116,1.0029410552473266,0.9986098757855307,1.008665325360493
60091.53289238376,1.000682443410667,1.000303223413405,0.9993171267795747,0.9995521604829818,0.9995957967888911,0.9997260888027946,0.9803064319122806,1.0088085907921538
60091.53297613605,1.0002672301758924,1.0009131018110642,1.0009195795831207,1.0011613761333493,1.0020506789012338,1.002551847477127,0.9912526312550336,0.9895309273039143
60091.533059888345,1.001192655642126,1.0018890551767534,1.0014804668285169,1.0007550061529316,1.0012561131046522,1.002711871767943,1.0072198087987752,1.0082077656347916
60091.53314364064,1.000697957072075,1.0010988934159954,1.0009751112605438,1.00191398748539,1.0011517011522417,1.0035798429374994,1.0117119485964687,0.9962863260847798
60091.53322739293,0.999611306994866,0.9995080533415511,0.9991917291080524,0.9984227163582066,0.9993499872161685,0.9985633910668339,0.9920041240579224,0.9942373792312594
60091.53331114523,1.0007933717478217,1.0012141183511685,0.9999987097944566,0.9991579131786114,0.9992592394422221,0.9975769327925311,1.0110377720689476,1.0018235414011942
60091.533394897524,1.0009135521472938,1.0008942662548765,1.0004144154741368,1.0009251832132253,1.001880359121204,0.9997399887891779,0.9914693708468822,1.0216051910121526
60091.53347864982,1.0009798330034205,1.0006938402616037,1.0002929590412206,1.0009666803764716,1.001308617907186,1.0006509149939418,0.9919808783017854,1.0052312369019594
60091.53356240211,1.000869054743421,1.001274894386073,1.0020698320033892,1.001719036181576,1.0015987034249372,1.0030115226481726,1.0110709735324988,1.0139921493065338
60091.53364615441,0.9995070665431366,0.9994791879449239,0.9979319125349776,0.9976200540498372,0.9975558338169765,0.997244907983607,1.0011339594509097,1.0005711937106558
60091.5337299067,1.0001300284644878,1.0002120816149582,1.0000488660842484,1.0005084158226254,1.0004825905196348,0.9988009318536728,1.0036295828716109,1.005276135021209
60091.53381365899,1.001502006930255,1.0007202761825906,1.0014910202171505,1.0013230469604082,1.0005834320244709,0.998141055374335,0.9956641633956085,0.99307703764217
60091.53389741129,0.9999445308953651,1.0004193240096062,0.9994315353243062,1.0001771178148493,0.9988018805388305,0.9970271520819972,0.9938807129845091,1.0026947396815096
60091.53398116358,1.0003798752108615,1.0012193237865694,1.001033059187412,1.0005462755549088,1.0009330317588159,0.9992614797842836,0.9962440838143309,1.0107628549739163
60091.534064915875,0.9998317830958782,1.0002931034079123,0.9999006207593918,1.0003772804615123,1.0007297901244074,1.0002365754363198,1.001685575185606,0.9971942267649421
60091.534148668165,0.9997815466323724,1.001094707318229,1.0012895683221346,1.0016216659689532,1.0012858415528159,1.000800772702798,1.0202191570481354,1.00638289211149
60091.53423242046,1.0004081534646703,0.9996788567944057,0.9994756804587839,0.9995556533399855,0.9985152838855109,0.9991170589538754,0.9861564060699556,0.9977523378953967
60091.53431617276,1.0010231094156878,1.0009279489046408,0.9996787893745293,1.0007779735709321,1.0005896816799202,1.0000592464967173,0.9961133473211157,1.0056427668425747
60091.53439992505,1.0001823093485245,1.000068038792222,1.0006004427820698,1.0005378951508719,1.000729066417063,0.9993436378684423,1.0059132878258559,0.9953304124423417
60091.534483677344,1.0000654911394244,1.0002990688606361,1.000606510344351,1.0006937378028062,0.9999368179434979,1.0001800519008737,1.0037406674326927,1.002540972080604
60091.53456742964,1.0010624207559111,1.0008919301371026,1.0004147529342915,1.0012593079410246,1.002182016534143,1.001670603161386,1.0094248618101276,1.0108866386093487
60091.53465118194,1.0000098541563203,1.0003902412462364,0.9995335737154457,0.9992170476170972,0.9994424338280822,1.0005934941636294,1.0122844711006302,0.9962954573579635
60091.53473493423,0.9995365990281733,1.0001626219327606,0.9992424282865855,1.0000708497231212,0.9994049062061072,0.9995352824988877,0.9888420627728446,0.995023157089433
60091.53481868652,0.9997003741631159,0.999851450202359,1.0001928748834243,1.0010154879967506,1.0007755333185584,1.0020157368263922,0.9869385025641408,0.9968524526657465
60091.53490243882,1.0008101443664699,0.9999675829182636,0.9993530705147178,0.998834744016183,0.9992121705843725,0.9996250198200737,0.9973418973429032,0.9978093839455443
60091.53498619111,0.9995146525284857,1.0004347044307478,0.999604105757273,0.9996678723949973,0.9998271263517213,1.0006832270079153,0.9921311764684946,1.0058540490031278
60091.535069943406,1.0004081200675148,0.9998621290779248,1.0004740510793366,1.0012902463196387,0.9997091941764228,1.0014258872586739,0.9761845411915269,0.9978247179196869
60091.535153695695,1.0009746644785287,1.0007170932029668,1.0006869681245976,1.0000265286814776,1.0003385304696328,1.0006729105172207,1.0044680986661292,0.9992176765673857
60091.535237447984,0.9998113391531235,0.9998548490161748,0.9990204771785017,0.9999395848436816,0.9992064027559707,1.0028181295656882,1.0156233994786346,0.987913035140863
60091.53532120028,0.9999214697393548,1.0004269295467632,1.0013323985022289,1.0003269964918435,1.0000576626619442,1.0032779876963196,1.0175391217209178,0.9881677436674234
60091.53540495258,1.0005217993115703,0.9995680014799179,1.0003086102755747,0.999877466697794,0.9999140445830048,1.0031651850547407,1.007720694437855,0.9943911358939562
60091.535488704874,0.9998319348533932,1.0001250131441048,1.0001862664334522,1.001100205844251,1.0002729933837577,1.0019746895844635,1.025817762411754,1.0180886539237306
60091.535572457164,0.9996152062178012,0.9996415252058171,1.0001028722061756,0.9990732062987906,1.0002800004900374,1.002938746292772,1.0061827196758373,1.0079831854329884
60091.53565620946,1.0007949743386877,1.000881446789435,1.0012028513318392,1.000937308880458,1.0001356182240448,1.0021306801881664,0.9882239130887542,1.0001632047095836
60091.53573996176,1.0006500646057865,1.00122217369189,1.0009111355658675,1.0008987588324454,1.001414332258377,0.999961167881085,1.0011721140206749,0.9918565427367316
60091.535823714046,1.000552769869724,1.0014726102554,1.0004789437607606,0.9999602074714745,1.0001241910952752,0.9996920076243763,0.9884445820074184,1.0043227158075303
60091.53590746634,1.0002587208327076,1.0001433391911159,1.0002750756162997,0.9994183564859921,0.9998330635212798,1.0012911704870986,1.0238173406711875,0.9931748606611595
60091.53599121864,1.0006149604669847,1.0013678353349216,1.0006368512894783,0.9997571097740252,0.9993814922807237,1.0006666596250384,1.0083571633144264,0.9868800712820565
60091.536074970936,1.0007293202043404,1.0000527128404786,1.0002822372245546,1.0002550396892005,0.9999388263358518,1.0020694784537885,1.0116169297071869,1.0096744398808892
60091.53615872322,1.0002308353105436,1.000373450942514,1.0007168334615828,1.002343649228008,1.001316061745244,1.001873083852419,1.0028589653104794,1.0042775918095663
60091.536242475515,1.0015051881143453,1.0006884610094366,1.001126686182195,1.0022409091397118,1.0022793585088607,1.0023011302289668,0.9925938539124315,1.0060361040971884
60091.53632622781,0.9994937877080552,0.9996875820512536,0.998928847458523,1.0000551768091641,0.9998302203986502,1.000853222252287,0.998858054244291,0.9963601618781098
60091.5364099801,1.000055939185353,1.0013336740824155,1.0010386088929595,1.001617010587757,1.0012214216195945,1.0015191763057387,0.9829807961945618,1.0028843555695581
60091.5364937324,1.000546344645576,1.0008161240604085,1.0019827840846691,1.0028972260589457,1.0022149201757713,1.002609961215628,0.980808417490298,0.9974859113659618
60091.536577484694,1.0006566619618151,0.9998271920994533,0.9994752117221732,0.9997463625447148,0.99937563033232,0.999895314937281,1.0067897882341146,1.0015761859210066
60091.53666123699,1.0005574086611169,1.0009796620107427,0.9997856095964534,0.9999950123061446,1.000568484907425,1.0002607810919746,1.0190947397202934,0.9969401253324804
60091.53674498928,1.0003021405481782,1.001365847744668,1.0009965481733667,1.0012164429087105,1.0011282373289114,1.0010497339744908,0.9983474611395533,1.0003361100232622
60091.53682874158,1.0008017512306833,1.0015470554911285,1.0012166110072578,1.0026989808119549,1.0029298452318478,1.0029485666195357,1.0010968040176165,1.005514002514103
60091.53691249387,1.0008877670226546,1.0003185884451857,1.000504551277869,1.001191034085215,0.9998654718634149,1.0003468109801523,0.9792715900360113,0.996650947892734
60091.53699624616,1.000490404777577,1.0000706303350753,1.0002250257597343,0.9996836168979908,1.0008407726384367,1.0009367138054535,0.9760159320582642,1.012516365836049
60091.53707999845,0.9998914850799364,1.0002874269048094,1.0002223720271415,0.9996581807550025,1.000071913453144,0.999012192440529,0.9966697092241842,1.0039965997543392
60091.53716375075,1.0001996585407076,0.9998163403011088,1.0004934233612448,1.0000425440363059,0.9993173113586667,0.999760680651244,0.9834783139089397,0.9915263095291835
60091.53724750304,1.0009361677978517,1.000200562199313,0.9996588650292529,0.9999722626962918,0.9995946391565281,1.0003293392094892,1.0047936015216172,0.9828313237623713
60091.537331255335,1.0000523335528215,1.0006652556409947,0.9999040969991985,1.0010529615171502,1.002162767340879,1.0015980565100728,0.989053704729633,1.0066285276288502
60091.53741500763,1.000375168942511,1.000507434550926,1.0010211728726972,1.0017172661974894,1.0005606437569663,1.001556505124678,0.995467681822917,1.0030849988019137
60091.53749875993,1.000920397829028,1.000142182307076,1.0007256421230712,0.9995485785385071,1.0013298927075949,1.0010812570022205,0.9809657876366249,0.9878497127370606
60091.53758251222,1.0005421279921292,1.0015070066905476,1.001683127999803,1.0028771299794834,1.001781687740442,1.0018146412909892,0.9769762611493154,1.0048303125421079
60091.537666264514,1.000623634117874,1.0001431322329455,1.0001221360915626,1.00024859757328,1.000394145286438,0.9997689280184354,0.9861567870767852,0.9966698314410227
60091.53775001681,0.9998433891325509,1.000245047094956,1.0002574896305267,0.9997894421945788,0.9987616650392127,0.9996398067923165,1.0417677789282722,1.000848090096174
60091.5378337691,0.9997166311737914,0.9999003320491711,1.0001715416099086,0.9998408266213432,0.9986107344785596,0.9999892665992925,1.0093553328040725,0.9952031634318981
60091.53791752139,1.0001586594363692,1.0002244081099974,0.9991161982913758,1.0001279649120733,1.000015787993227,0.9992607412373331,1.012262250762106,0.9947421676355563
60091.538001273686,1.000859049774788,1.0011070670185283,1.0014697647958208,1.001046283296998,1.0010326809522159,0.9987159009547684,1.0087752029204757,0.9835711246303382
60091.53808502598,1.001247320431931,1.0000023513161829,0.9995954809281289,0.9990853423853189,0.9991240430763512,0.9997898288924102,0.9846969655956703,0.9994371435483097
60091.53816877827,1.0005352696551835,1.0012655191362552,1.001792518287761,1.0011805315847206,1.002330567898326,1.005081276996359,1.0126589674225355,1.0144652482153245
60091.53825253057,1.0004658044117802,1.0004243404943045,1.0007151929778353,1.0012181973884864,1.0016251416648694,1.0020815516154096,1.0061613443073587,0.9997221383376474
60091.538336282865,0.9998106362375191,1.0002393856619327,1.000161319225211,1.0000366389378643,1.0010945052566236,0.9990390510978248,0.9818372730873646,1.0097351426150079
60091.538420035155,1.000720086573472,1.000294093180094,1.0008160968111703,1.0017783904223332,1.001157959290342,1.0017541131682812,1.0097316638040486,1.0068570621655404
60091.53850378745,1.0008611685512503,1.0002859101906894,0.9994396454681926,0.9994273157342504,0.9990775554048356,1.0007105192435597,0.9850923451769221,1.000423275136732
60091.53858753975,1.0008732781708192,1.001165329095948,1.0001330928239909,0.9998428438269003,1.001326930328873,1.0007028550667896,1.011173523083987,1.0000571432604632
60091.53867129204,1.0000308141271375,0.9998743939516636,0.9996831133045799,0.9997208419007397,1.0003415756165739,1.0013963890304376,0.9987755609153229,0.9947992717459675
60091.53875504433,0.999939299724551,0.9994937231644786,1.0000259771639697,1.0008540633442473,1.0015092577379097,1.0004106451386117,0.9973306325802331,0.9994102890075297
60091.53883879662,1.0010818955510192,1.000514575214439,1.0007663073554423,1.001029031485846,1.0000376202784456,0.9982780606779788,1.0095667259788423,1.0005246329209745
60091.53892254892,1.001039922205443,1.0003495258500554,1.0005779770273109,1.0013367330293397,1.001012829989715,1.0004506667793318,0.9992162066245188,1.0019072504951125
60091.53900630121,1.0001406533809485,1.0005050855341855,0.9992502164501404,0.9993118039823887,0.998891177654722,0.9988669971131221,1.015625653103882,1.0064601003363973
60091.539090053506,1.0006747378046883,1.0006813155567034,1.000100815503951,0.9995212523153396,0.9993646184168393,1.0018788888278078,1.0067339051701345,1.0052729115874683
60091.5391738058,1.000331511403585,1.0008763610206834,1.0000589355207377,0.9999245924742483,1.0006589402170316,0.9993276096553819,0.9761869083415429,1.000653802229578
60091.53925755809,0.999909363900596,1.0000336852046314,1.000081563549355,0.9996101683912062,0.9994024705625849,1.000306929545969,0.9814519494234473,1.0006477843968855
60091.53934131039,1.001142370185623,1.0007938783239891,1.0011140567604349,1.001313191353602,1.0011713557039499,1.0012221849132616,1.0051090644933582,0.9994665635300174
60091.53942506268,1.0010690373310578,1.0005360135521835,1.0011687906606068,1.0011274603786757,0.9995037520425656,1.0000250665905126,1.0102605997159524,1.0040354902895905
60091.539508814974,1.0009909956876022,1.0003740190717463,1.0005187680611523,1.0017034631233572,1.00080677273892,1.001349801260381,1.0004945391394915,1.0093613232229375
60091.539592567264,0.9999417708515067,0.9997186175393536,0.9995778755359428,1.0001005335487403,1.000388262692759,1.0011746392214005,1.0070863824098903,1.007981079467352
60091.53967631956,1.0004244992193605,1.0005752021449537,1.0002612750137378,1.001132599334839,1.0008891508807798,1.0020952737731126,0.9923586506341113,1.012322720988829
60091.53976007186,1.0000902374864984,1.0005248515400802,1.0002413985426477,1.0003636456914098,1.0004859087330893,0.9984339797524128,0.9913268284400013,0.9999119967389498
60091.53984382415,1.00130456079357,1.0010538317705233,1.0006919783771697,1.0003243313955366,1.0011126400416206,0.9996986808756874,1.0005588543889736,1.004747021450745
60091.53992757644,0.9997767451086129,1.0008089211370326,1.000418299588418,1.0002051691013492,1.0009957720647795,1.0022478135632347,0.9774006205157533,1.00812229071749
60091.54001132874,1.0000377623633445,1.0007150289851894,1.0011482762697603,1.0014374422024792,1.0011568813075764,1.0031360762291752,1.007807656327575,1.0080095152688286
60091.54009508103,1.000810230589944,0.9998715673538812,1.000155545024465,1.0009496655669068,1.0000976994645403,1.0005197457342956,0.9857437931883437,1.0012347381502662
60091.54017883332,0.9999671670253106,1.0003657030058752,1.0000373990084643,1.0000900817986909,1.0005619922489752,1.0010209325177926,0.986116207653518,0.9988987816438881
60091.540262585615,1.0005555235072097,1.0004003540359707,1.0000777034854338,1.0015736103825283,0.9996903809040957,1.002332836802864,0.9736533675784559,1.001393267491984
60091.54034633791,0.9999872390833864,0.9999887447583596,0.9986050922332159,0.9988220008187317,0.9987541954413394,0.9990657499756299,1.013490720650813,0.9969182448873386
60091.5404300902,1.0002361017689183,1.0005072641823982,1.0006228571513653,1.000408881487391,1.0018241039889981,1.0022646331695466,1.0033444685002795,0.9998305881634806
60091.5405138425,0.9993311790580403,0.9998252808174422,0.9995227946611882,0.9994516254965365,1.0001924946480596,1.0009848974825675,0.9850182057825796,0.9996781652727519
60091.540597594794,1.000126266243406,1.0011100262457828,1.0018565710039986,1.0030381660271548,1.0036555030867662,1.0027072176525773,1.0180615523882284,1.0022611288350536
60091.54068134709,1.000248411456353,0.9995629317390904,0.9997398197118379,0.9986172162422958,0.9992467726897334,0.9997607247527568,0.9902968881010495,0.9865924064022797
60091.54076509937,1.0005351673107556,1.0003318095027083,1.0012746697470096,1.0001447076733292,0.9997199329630179,0.9996658523932878,1.0164373765476309,0.9953624774255596
60091.54084885167,0.9999618649643078,1.0001431098193947,0.9991721361820243,1.0001264144311395,0.9996091048207608,1.0014255972715065,1.002818008069672,0.9962244633363723
60091.540932603966,1.0004121371782084,1.0004130512166558,0.9998384837279612,0.9999290226191861,0.9990698222210588,0.9992848257941851,0.9919188084864791,0.9947535240663775
60091.541016356256,1.000275838870364,1.0004935219300017,1.001268713110879,1.001639478078977,1.0022934334721707,1.0013587621335474,1.0091076614249352,0.9983562492887651
60091.54110010855,0.9999853594431607,0.9999704116233027,0.9999548986466127,1.0006961639034024,1.0016114536601355,1.0043950705452347,1.0004439260193505,1.0142572907061211
60091.54118386085,1.0003389708893309,1.000110674857286,1.0017265199842278,1.0012223578780635,1.001114555810911,1.0029695278945812,0.9984432438724147,0.9896293217581281
60091.54126761314,0.9998913310119263,0.9996524148070732,0.9995241055002038,0.9996364908224181,0.9996079879175968,0.9993666219169144,0.9767991326914895,0.9923802159899927
60091.54135136543,1.0001046313979924,1.0009639278897227,1.000121903931964,0.9997344925241247,0.999557590055862,1.0015804549497567,1.0210931978866902,1.0108920950204492
60091.541435117724,1.0004939629924487,1.000919197658291,1.0020485618195938,1.0014065287504097,1.0012294339823826,1.002238603527646,1.0134358586126369,1.00415318234561
60091.54151887002,0.9998574975403737,0.9990853818591867,0.9985578306326862,0.9988685027834779,0.999848382627518,0.9986187357481462,0.985798021882398,0.998556364039522
60091.54160262231,0.9998266735936323,1.0002365195371195,0.9989671549627335,0.9992954703654378,1.0002193736116054,0.9999685674285518,0.9930650110675142,0.9889078672438937
60091.54168637461,1.001175520748358,1.0013449413296511,1.0012540757294612,0.9997864398919748,1.0010627188923937,1.001643939876286,1.000310791790309,0.9925887159669717
60091.5417701269,1.0013844395431382,0.9999544743116322,1.0010733905086608,1.0018689261253686,1.0010031108676603,1.001982341874524,1.0186236471701104,1.0136101927254477
60091.54185387919,1.000055188852089,1.000337705607523,0.9997319606431395,1.000290664806604,0.9998368097343716,0.9988823344069782,0.9950803343368834,0.9941974339737326
60091.54193763148,1.00060278006225,1.0008765120407614,1.0006589671624673,1.001683956008293,1.0002338379036446,0.9995492338280351,0.9999783503651052,0.9980954935154462
60091.54202138378,1.0001869737128966,1.00021410004779,1.0002652349791548,0.9998093994331871,1.0006664660124673,1.0007291046498992,1.0144091642522113,1.0078512819325942
60091.542105136075,1.000337682735835,1.0002594514091578,1.0005286818310248,1.0034711575573212,1.0017872820487341,1.0024192301222967,0.9999385119027,1.001438363909364
60091.542188888365,1.0013917515247803,1.0015295540839855,1.0015341874043318,1.00127418270702,1.001458962229338,1.001982564033956,1.0078914414582647,1.0017304664894329
60091.54227264066,1.000692780933052,1.0005231909577843,1.0015510844246864,1.0009085191201443,1.0005254410050721,1.0008784271669076,1.0201059221564486,0.9989723812314555
60091.54235639296,1.0011144141408495,1.0015520774674662,1.0016276828583695,1.0021359633513274,1.0018794754285683,0.9998373812052294,0.9959992985506005,1.0085922714453768
60091.54244014525,0.9995864713786654,0.9989402485629315,0.9985848814734468,0.998630397050166,0.9986631478431058,0.9987799445296757,0.9949853077967922,1.0043185495565996
60091.54252389754,1.00054084262173,1.0008249163663399,1.0012053613286063,1.0014964135216564,1.002145295200614,1.003092720781089,1.0080197369423958,1.0140854689959775
60091.54260764983,1.0001699316065085,1.000050788659501,1.000026863176216,0.9996235825115348,0.9997978573389018,1.0012446808649886,1.0206528080003492,0.9922466055335243
60091.54269140213,1.0008560623572136,0.9993928909216658,0.9993215700175343,1.0000877286331642,0.9991027417676577,0.9985237386422793,0.9614890582925136,0.9926235283446179
60091.54277515442,1.0012137624344006,1.0002520440818623,1.0002622405394197,1.0003862793429767,0.999953256946777,0.9982908857633123,0.990935147441332,0.9958762293472723
60091.542858906716,1.0009522553022097,1.001298652175105,1.0011986296818918,1.0012757273551423,1.0020654550554398,0.9997295853023331,1.0027150304736892,0.9883751774119345
60091.54294265901,1.000227104228634,0.999911321713202,0.9994604716830957,0.9997044123664448,0.9992664510053386,0.9990861768915038,1.0068125479808534,0.9978941070020229
60091.543026411295,1.000527769788286,1.0006150007566696,1.0009995947914343,1.001159664377671,1.0011802897441857,0.9997596236375681,1.0044957050525771,1.0098297168605952
60091.54311016359,1.0004653413675697,1.000241274913531,0.9999920565662629,0.9999205256586259,1.0006436480556846,1.0001097062326088,1.0050855990596492,1.0006157017840331
60091.54319391589,1.0000631524983545,0.9995228951989135,0.9992353263700405,1.00016799524787,0.998804230981609,0.9966838645247874,0.9962829610283276,0.999848730624612
60091.54327766818,1.0004189834375663,1.0006643849607562,1.0010801227972221,1.0003189847015497,0.9997439743550809,1.002314401574952,1.0129641632344306,1.0045214563086777
60091.543361420474,0.9994170253436939,0.9995537393097728,0.9997585514310933,0.9997686743945895,1.0010543913616996,1.0009383122880768,1.0082110772233577,1.0144937364512525
60091.54344517277,1.0005660807366683,1.0011024034674332,1.001481664325019,1.002689505534368,1.0009442255523122,1.0014313629391718,1.0107353652821174,1.0062554078512016
60091.54352892506,1.0001572222034323,0.9998215353917939,1.0002569325456545,1.0006252172739103,1.0002005080088068,1.0003877713472926,1.0006805457779604,1.0028643843903424
60091.54361267735,1.000863471537181,1.0003951687152948,1.0005941643921419,1.0001921691106346,1.000588940009315,0.9982520811517399,0.9960298893801718,0.9973094068644276
60091.543696429646,1.0001322719026597,0.9998193759643184,0.9995772097525043,0.9984579761521708,0.9992649480791845,1.0009590548726137,0.9780819575561778,1.0130647345875
60091.54378018194,1.0008216657550062,1.000659358642192,1.0011871439925635,1.001326553227893,1.0016215414032714,1.0018288588608546,0.9713194818532344,1.0032442532779287
60091.54386393423,1.000557116068427,1.0001702952852762,1.0007939786728406,1.0005518340746729,1.0012566299850076,1.0009378466365138,1.027935829814134,0.9995739266495001
60091.54394768653,0.9997730393371261,1.0003211216234085,1.0004073917495793,0.9994328620898605,1.0009689241627056,1.0000085176613647,1.0004629171237016,0.996238433732711
60091.544031438825,1.0000290665001963,1.0004171318877204,1.0006794409659714,1.0007433676999418,1.0006967478288595,1.001963023631979,1.0130672100188278,0.9980338777229608
60091.544115191115,1.0003745145473024,1.0006558932262868,1.0009126698051671,1.0023692806954005,1.0009645898399395,1.003313349153586,1.0039747887401498,0.9976786385946158
60091.544198943404,1.000705665251105,0.9999176249017367,0.9999661160819242,1.000572958274398,0.9999474790764133,1.00130780357388,1.0023097768866067,0.9919159885797599
60091.5442826957,0.9995881682272268,0.9994246787643364,0.9989053992635433,0.9986837467854214,0.9995699407332521,1.000198494693668,1.000293162547484,1.0050275732352294
60091.544366448,1.0001470255162221,1.0004777065838064,1.0001818923638754,1.0001314187839612,1.0000793546715603,1.0021309861950853,1.0083852635179325,1.0052515235341044
60091.54445020029,1.000544996524232,1.0005853682546733,1.00146557916478,1.0009717036734673,1.00084643642962,1.0007074155111086,1.0163512560029713,1.0011738084091366
60091.544533952576,1.0005267062779213,0.9995386470719766,0.9996613534675342,0.9989654280074246,1.0009957816701345,1.0007932344388475,1.0087517397698098,1.0006649658470437
60091.54461770487,1.0001586852719047,1.0005696048874815,1.001325149829405,1.00150854178125,1.0008424800837998,1.0028537694133324,1.0345735349996639,1.0076294323496424
60091.54470145717,0.9998587394839686,1.0002117219125903,0.9999517434054901,1.0004501868658027,1.000324544511785,1.0027165146303776,1.0157334800583129,0.9884358825280126
60091.54478520946,0.9997653151946758,1.0000682654819801,1.0000948039333242,1.0007391482341597,1.0010690493825167,1.00044703339722,1.0155175525502278,0.9982810356337093
60091.544868961755,0.9999172693643956,1.0000838358755244,1.0002199131137923,1.0003950062259854,1.000406354877384,1.0000521214021136,0.9626486942834541,1.005380573196254
60091.54495271405,1.0007170478524052,1.0008807611008097,1.0003859467570435,1.000199943251251,1.0007653213919077,0.9993365810735363,1.00661353576784,0.9928575026657042
60091.545036466334,1.0005361024836226,1.0005700129929016,1.0021529917302159,1.003046950739747,1.0021428065405233,1.000868886501449,1.0074913148372502,0.998972370857395
60091.54512021863,1.0011912987514031,1.0001574115804273,1.0002188509713577,0.9999235703862089,1.0005049680022935,0.9970839786847111,0.9949503805615685,0.995370568252554
60091.54520397093,1.0002401144686668,0.9998354591237091,0.9995491909319435,0.9996406174617478,0.999061981507207,0.9985471992379029,1.0035647274122348,0.9935164951414838
60091.54528772322,1.0011435678622338,1.0004441172280527,1.000060923356625,1.001126366103363,1.0008760419417173,1.0008080428449244,0.9885681743001622,1.0060941703782105
60091.54537147551,0.9999893683095877,1.000434230872651,1.0005780617510287,1.0011404487037678,1.0003448400026183,0.9991856153183867,1.0202499541532912,0.9916481450194689
60091.54545522781,1.0004649832933499,1.0002248166624113,1.0007343995501192,1.0010419515122053,1.0009465719408828,1.0015464825316964,1.0030498075568524,1.008507078625736
60091.5455389801,0.9999422489664462,1.0005405772320726,1.001036094403268,1.0005591801268108,1.0005414095954588,1.0008905520690894,0.9755692702508787,0.9974503057409458
60091.54562273239,1.0001685620605743,1.0009928238096466,0.999049320582838,1.0002561264366967,1.0012519622815852,0.9998730994727932,1.0154549365124326,1.0046159680434983
60091.545706484685,1.001572761587424,1.0022653854617116,1.0022011674332085,1.002183527286584,1.0019469523594933,0.9999317274682398,1.0073772896117092,1.0163905562784907
60091.54579023698,1.0003055365557962,0.999484111582606,0.9987489778734051,0.9989935961495661,0.9984901525351749,0.996809357189553,0.9818223434823564,1.00377480183797
60091.54587398927,1.0006477462340597,1.0004282584595938,1.0000525937012885,1.0008573931317954,1.0009757293694188,1.0010570285979794,1.0012660179656727,0.9948104276377355
60091.54595774156,1.0008405908098288,1.0010848853299477,1.0015200302750027,1.0009010805406724,1.001222516567662,0.9994388330097215,1.0126114164212763,0.9855361656197115
60091.54604149386,1.0007441698084698,1.0016554315859418,1.00114395434076,1.0024865123289943,1.0017292428154443,1.0014528268777438,0.9986939496427846,1.0042502063582155
60091.546125246154,1.0003255785774363,1.00074336124582,1.000595352827284,1.0006401807285519,0.9995624997643257,0.9985337957087411,0.9875388280927552,0.9910265945106269
60091.54620899844,1.0002179863850735,1.0002565414789435,1.0006347402190925,1.0007835574160653,0.999766715469026,0.9989206881596365,0.9925209028160341,0.9964529136739274
60091.54629275074,1.000257786867599,1.0002501276913494,1.0008404877274084,0.9996818104712958,0.9993160672781111,0.9983567619209228,0.9926522531516496,1.002015219956496
60091.54637650303,0.9995777119243924,0.999747778845935,1.000568488839321,1.001906706690946,1.0003245691488964,0.9982115391253059,0.9898638596877142,0.9929193493828973
60091.54646025532,1.0005239156725152,1.0000050177624407,1.0001993348026013,1.0001931868614546,1.00022694755856,0.9990132817836275,1.007069337190479,1.0021771772513874
60091.546544007615,1.0005164728328357,1.0006740778955165,1.0011493625003107,1.0015072385716393,0.9999023064652827,0.9998436752280305,0.9801787267430034,0.9968364854586336
60091.54662775991,1.0005923526406035,1.0009339467324934,1.0005812361342745,1.0001363237795757,1.000905175668729,1.0003500958719893,0.9958001865633624,0.9978684372980576
60091.54671151221,1.0005761079700717,1.0003875990653612,1.0003655656814587,0.9998833215443214,1.0010979731639178,0.9987303104717311,0.9742661475793382,1.0051964435094711
60091.5467952645,1.0005788215939841,0.9998624361627261,1.0008719368391286,1.000824552309436,1.000446795354369,1.0004942386221665,0.9940407591016837,1.0067603556900788
60091.54687901679,1.0007592415877014,1.0008235279394657,1.0007936070815624,0.9989062068744162,0.9999627721109745,0.9987010160435906,0.9745542249053001,0.9971988341720148
60091.54696276908,0.9997287086564748,0.9996696691543082,0.9999229658847932,1.0017439013571312,1.000675520743362,0.9993614480765818,0.993809758888825,1.0047953130474376
60091.54704652137,1.0001555397429533,1.000345181133315,0.9998692895963763,1.0011778821422834,1.0005306346328526,0.997976268403322,1.0055299228563206,0.9950595163225645
60091.54713027367,1.000271687225846,1.0002739631934616,1.0008710868080335,0.9999330484057157,1.0007932180864487,1.0009842684106611,0.9890244172912784,0.995323343475984
60091.547214025966,0.9999255684000208,1.0002118708254113,1.000221586256192,0.9990344337065867,0.9989797845572661,0.9977811933480704,0.9787162234875794,1.000320114177787
60091.54729777825,1.0013078004226825,1.0017455595383933,1.001416324593592,1.0026473600316936,1.0016374791193037,0.9994803101756619,0.995508711458856,0.9966831853329555
60091.547381530545,1.000742923086351,1.0011861744005142,1.0016025341481312,1.0029348781032588,1.003548535735761,1.0009294863691802,1.017029164313057,1.0127553145975305
60091.54746528284,1.0000985613074342,0.9998477873428675,1.0002571614582658,1.0013359941567015,1.0011132617076637,0.9999787313877492,0.9908554885543079,1.0064292825127112
60091.54754903514,1.0011396075162025,0.9998496285106944,1.001226124453789,0.9995750664819762,1.0003979382164827,1.0012885084102952,0.9997657360235366,1.0005238632659734
60091.54763278743,1.0002406946654776,0.9994848014218886,1.0009935079360066,1.000767416531158,1.0027855895818947,1.0014926832776945,1.0155258650937995,1.004622592163244
60091.54771653972,1.001147778949488,1.0013238741884032,1.0014760419398117,1.0024041225709164,1.0011672123655748,1.0014422348351883,1.0029504309128485,1.0029106975345872
60091.54780029201,1.0008755198236086,1.0007846480917595,0.9999754067700182,1.0008353381748905,1.0011537852647296,1.0010568759720897,1.0116974612221943,1.0086394064753537
60091.5478840443,1.000151247420794,1.000754625874949,1.0008539401849617,1.0008913318188901,0.999764898061063,1.0013269894174943,0.983690224759442,0.9987306932948732
60091.5479677966,1.0001009207429592,1.0003873018782816,1.0001106852884711,0.9988545704901378,1.0012256744215902,0.9992051717333728,0.9900437412693119,0.998573269997256
60091.548051548896,1.0010262035361241,1.001131299068076,1.0015572595528643,1.0010414401192143,1.0011954058281536,0.9996736763900023,0.995647376438946,1.003368659435349
60091.548135301186,0.9994371022853159,0.9995416534890145,1.0009375373489504,0.999902373450826,0.9997166854175304,1.000005587051455,1.0014513253828896,0.9981563882010268
60091.548219053475,0.9994895572441495,0.9994233637721727,0.9993030498055276,0.9982170914580955,0.9987763282369421,1.0000254131794535,0.9805354854908032,1.0103672836763296
60091.54830280577,1.0007521379181918,1.000317168154033,0.9998806875037778,1.000801012079438,1.0001975695810992,1.001067609212303,1.000594391353634,1.012578926075486
60091.54838655807,1.0005277706284659,1.0006921374064572,1.0004553419757263,1.000072810494981,0.9997939775240574,0.9991569420331847,0.9850813577430272,1.0048054435526423
60091.54847031035,1.0008613636830586,1.0005415814996275,1.0002112611005678,0.9998181667470513,0.9986824445017913,0.9992481006892882,1.004066920642634,0.9945182935907279
60091.54855406265,1.0003670470798465,1.0001685631839583,1.0008462775590008,1.0002230847063869,0.9996788052665624,0.9989697077697659,0.9942057631177206,1.0048347917229714
60091.54863781494,1.0001787297090623,1.0007358237794466,1.0001771229924612,1.000880335972223,1.000118029135467,1.0009538377533314,1.0182737870649086,1.0088887407527465
60091.54872156724,1.0005100651999568,1.0009896834860113,1.00004076571908,1.0005522013423827,1.000244327013389,0.9988501841412528,0.9991031301167892,1.0100237821080003
60091.54880531953,0.9999711837684254,0.9997591062457768,0.999302455304789,0.9986788741444618,0.9986527845385597,0.9975870804757688,0.984671688262041,1.0020814404685146
60091.54888907182,1.0009521667157295,0.9998748976499195,0.9995641629040858,1.0005250127137417,0.9986519933442425,1.0006747687005115,0.9949280283119339,0.9867547952236148
60091.548972824115,1.0003567361281547,1.0001683301085735,1.000039783845194,1.0015165857267865,1.0008990578062313,1.0028891128820903,1.0123810017131953,0.9982814621533369
60091.549056576405,1.0002889630073002,1.0006938526497202,0.9999645691944761,1.0007830942808644,0.9999647697128975,1.0015735880050871,1.0065778062955664,1.0063535721329053
60091.5491403287,0.999655141759264,0.9996465204263778,0.9993836044668165,1.0000557986766014,1.0005275578007151,0.999271239568388,0.9971180781729108,0.9928318825049299
60091.549224081,1.0000551226879129,1.0006030203626128,0.9989625672338348,0.999242947244258,0.9986624669856234,0.9993995431803744,1.005605767562084,0.9878272054604647
60091.54930783328,0.9998357169237276,1.000137189832335,1.0003311040827942,1.0012979865601546,1.0012678918268285,1.000982757409635,1.0053065094057956,1.0148397101488122
60091.54939158558,1.0012667055903337,1.000723459736921,1.0004210890148795,1.0016208253960126,1.0011150467443337,1.0008436729229475,0.9980842118756507,1.0079571027411196
60091.54947533787,0.999933633865602,1.0011007018894118,1.000398220822462,1.0014928998759143,1.0008331963213302,1.0011160094122702,0.9974603270122752,0.9958937515351735
60091.54955909017,1.00077074417721,1.0009078207698399,1.0008276227480397,1.0005418520902851,0.9994170150655733,1.000590382131383,0.9867516346083387,0.9901653935651735
60091.54964284245,1.0004527749001182,1.0001922645240477,0.9990493943196564,0.9990810291458757,0.9987913364789723,0.9989969639002887,0.9877829726403988,1.0122683515873445
60091.54972659475,0.9998749507048336,1.0001916247480804,0.9998924120354579,1.0012018087337244,1.0004434202572554,1.0020360034571016,1.0016699738430055,0.9976178434341993
60091.549810347045,1.0000801025000083,0.9994975501345835,0.9993936936495199,1.0008219605968764,1.0010267280648042,0.9998815701658378,0.9929832609650241,0.9952024536314656
60091.549894099335,1.0008592506828338,1.0016370570081656,1.0015621973900664,1.0025794643115675,1.0024993621733809,1.0041578653843248,0.9923756729533773,1.0039740341354055
60091.54997785163,1.0004157213861495,0.9999598943679557,1.0002562720102537,1.0018750214133458,1.0032378626994434,1.0014513048193137,1.005890680049639,1.008868808719155
60091.55006160392,1.0003493857607881,0.9996283273281206,1.0000387369182935,0.9997464710250374,0.9995931957336754,0.9995588658788943,0.971518618744816,0.9966241933785833
60091.55014535622,1.0009580092750379,1.001208466815867,1.0006504294734035,0.9998864652801399,1.000779305977562,1.0015304105946932,1.0121169204106841,0.9934711923006706
60091.55022910851,1.001076995883732,1.000857410395498,1.0013026404668504,1.001200764161942,1.0011072261144054,1.0018793622060693,1.016624676608608,1.0020550608465857
60091.5503128608,1.0004955699942597,1.0006722400482155,1.00154476907196,0.999933608305763,1.0008985073071346,0.9995781398109146,1.0172837552133112,1.001131640893068
60091.55039661309,1.0009130444685204,1.0007241288229158,1.0008434757109246,1.0011585672607324,1.0008153922973468,1.003273561592719,1.0064856095790486,1.0006322984004443
60091.55048036538,1.0001079653373117,0.9999982813091153,1.0009030148881501,1.0007440473471096,1.000555717145573,0.99856542886552,0.9786622159873174,0.9912046679556201
60091.55056411768,1.000489382173477,1.0011994134655051,0.9998107656690467,1.0008481857148581,1.0002932132168292,0.9995599197506493,0.9774582488008443,0.9879861912451767
60091.550647869975,1.0014635832927279,1.000495356520633,1.0014792053739143,1.0010554321365557,1.001231759912795,1.0018884807348958,0.9973918200079815,1.0044418584298884
60091.550731622265,1.000744574670214,1.001111993593599,1.0016150638194181,1.0022802309634016,1.0011450729584943,1.0022802487054492,1.0071575760508529,1.0093182238827352
60091.550815374554,1.0013570768754996,1.0002540107272593,1.0003105237327974,1.0005687436942188,1.00153272131175,1.0013512639526867,1.0208638210571075,1.009587946088236
60091.55089912685,1.000935165095516,1.0009326118171733,1.0008978448535937,1.0005478763874633,1.0005680121243803,1.0005954848469858,0.9942842277464878,1.0064079570249622
60091.55098287915,1.001133010632775,1.0010809690249212,1.000422807615103,1.000956102448253,1.0003255663593609,0.9994396526532924,0.9900865471652953,1.002239030675677
60091.55106663144,1.0003288275535518,1.0011692283513498,1.0018603935765422,1.0025040155991292,1.0025469925702477,1.0024386155183451,1.0286877281796396,1.0185841181161222
60091.551150383726,1.000307465346553,1.0008725618280563,1.0014021399781372,1.002317927875495,1.0010024960002122,1.0019597367916113,1.012087052922457,1.0156280682646421
60091.55123413602,1.0001289440021341,1.0002853421891695,1.0003530817700408,1.0001078825920635,1.0003068991632726,0.9992083021249555,0.9908741199834716,1.0062437996065148
60091.55131788831,0.9998722537794987,0.9998496707835449,0.9997492833963997,1.0007348926747408,1.0012854842835177,1.002207871286359,1.0089528672312422,0.9940983408061678
60091.55140164061,1.0009084573481986,1.0005178617689328,1.0010113360866304,1.0017222723948753,1.0022781834122163,1.000967812458101,1.0297902371616507,1.0073089091217473
60091.5514853929,1.0008668451224947,1.0008282642867083,1.0008280565229022,0.9999179374856357,1.0004654070389913,1.0015543708568828,1.0037131669376314,1.0039514356469978
60091.551569145195,1.0007706301227732,1.0007144061311337,1.0013683646642384,1.001246752590014,1.0025887583366961,1.0018836945037768,1.025218373244632,1.006596017673654
60091.551652897484,1.0016666804276777,1.0019007079242896,1.0014718352033525,1.002041320351961,1.0026940702609477,1.0026468169462257,1.010095045817586,1.0058974693045406
60091.55173664978,1.000337895984025,1.0010545901275834,1.000481444205344,1.0012456312444735,1.0002374043593836,0.9983462469902769,1.0002845920374368,1.000420783089932
60091.55182040207,1.0011574764122355,1.0009989904096206,1.0010664613242943,1.0008323581566174,1.0022814371325746,1.0007279681779861,0.9779738209618082,1.0030134963886719
60091.55190415436,1.000478319418206,1.000800794341145,1.0003070816996253,0.9997241669522448,0.999938293113919,0.9970420630454981,0.9979008945751613,1.0043037790882634
60091.551987906656,1.0000575615729606,1.0006980082241892,0.9996826812664783,1.000863512399109,1.0020263455438103,0.9991478012412186,0.9800626285663437,1.0053155625042016
60091.55207165895,1.0008499054130462,1.002385850889378,1.0019141953647974,1.0023439434110886,1.0013001403707895,1.0003226297923755,0.9937432994956114,1.0004900885216106
60091.55215541124,1.000561892229252,1.0004994187372354,1.0003056770000205,1.000533953516357,0.9997520723552203,0.9994976563234256,1.0100551532941078,0.9943516577042167
60091.55223916353,1.00065385628568,1.0012002963422912,1.0011130175356904,1.0004587423040368,1.0005040281120954,1.0012375198203365,0.9669415316079226,1.00002089279826
60091.55232291583,1.0006249999355095,1.000203620212217,0.9996713900565928,1.0000063731771325,1.000056100107744,1.0001450853142988,1.0079434082140049,0.9832952119157502
60091.552406668125,1.0003241087350125,1.0004284869373272,1.0003860579097283,0.9998196467855699,0.9993560088380016,1.0000756535539754,0.998561353671722,1.002583644047121
60091.55249042041,1.000360599170838,1.000400499947547,1.0006258042454936,1.0012838136259519,1.001441344324696,1.0038039785163386,1.0076768084183567,1.028214762861632
60091.5525741727,0.9998824834437743,0.999230757553842,0.9988979436896622,0.9995041885500411,0.9984461657487471,0.9983970684920705,0.9737069197248415,0.9975769357866702
60091.552657925,1.000376772951181,1.000577287882294,1.000300985631815,1.0013509729660945,1.0008614943201073,1.0013356841173668,1.0048791915288189,1.0054115034264903
60091.5527416773,1.000681141604246,1.0019922388628448,1.0017417833168554,1.002096520883161,1.0017211007179947,1.0018613711554325,1.0172435324850755,1.0150629548235193
60091.55282542958,0.9991680425649311,0.9992947988152461,0.9994830742643931,1.0000446589040652,0.9995316395683588,1.0000322757685844,1.0016805316639024,1.002233239254506
60091.552909181875,1.0011276439829335,1.000475369252763,1.0005875841834087,1.0010215746601436,1.001217949969954,1.0010842501471449,1.0146425488773338,0.9973629374243893
60091.55299293417,1.000164405427487,1.0010776119731057,1.000298051072568,1.0012724105293973,1.0006226523095418,1.0008631506887748,1.0262505922525975,1.0054026977295643
60091.55307668646,1.0005510783247993,1.001415341973107,1.0012818455891512,1.0012271938770023,1.0017087371295108,1.0020154671066375,1.010704490640625,1.002031667778791
60091.55316043875,1.0002699579253314,1.0002960871559747,0.9996936779444026,1.0003277586458748,1.0001246920082874,1.0023442072664484,0.9998295897496968,0.9940609295931483
60091.55324419105,0.999826956891831,1.000069966804576,0.9999923735628462,1.0008229219638527,1.00109267194369,1.002456974342291,0.98063150118123,0.9880506685545919
60091.55332794334,0.9994573423793944,0.9996483584652474,0.99970982891277,0.9999616107860885,0.9994282269470754,0.9981457890086186,1.0033027176666174,1.0015984802942992
60091.55341169563,0.999815146113791,0.9995043179413371,0.9990718434619217,0.998981976441338,0.9997369869584898,1.0001365784352247,1.0076593635617848,1.006080762406394
60091.55349544792,1.0012523905507387,1.0005139006368051,0.9996150046480188,1.0000981782893839,1.0007927376315946,1.0005695796952747,1.0068142376769549,0.9969119106457989
60091.55357920022,1.0002030474593064,0.9990439757935916,0.9999470372748186,0.9986606195882692,0.9995676301464586,1.001156470288145,1.0037815573498614,0.9922571341707271
60091.55366295251,1.0001376227991259,1.000137281019088,0.99885310668258,0.9990968062029364,0.9984583149631775,1.0005917624055738,1.0012097789909125,0.999760439815875
60091.5537467048,1.0001066184237264,1.0011885815264605,0.9998467302453181,0.9995709048457778,1.000619331414073,0.9996763972261211,0.9925885182657405,0.9985003574012915
60091.553830457095,0.9998794535971091,0.9998699835268215,1.0003310764456457,1.0009107103628365,0.9991245762982839,0.9989659173118334,0.99413498814509,0.9971813458408475
60091.553914209384,1.0008217318141597,1.0002004274625838,1.000545117061812,1.0011497682901564,1.000570584987256,1.0013362669571872,1.014368331228135,0.9933093735982139
60091.55399796168,1.0005713925122526,1.0001837799414806,1.0001693928971225,1.000778652071479,1.0007980820135465,0.999729305364593,1.0062318222229307,1.0072840503731402
60091.55408171397,1.0005937089011916,1.0004803256487118,0.9991717365760407,1.000012880500894,1.000921341168888,1.0004558256651994,1.0192761759847317,0.9920788530408025
60091.55416546627,1.0006607729626253,1.0016658435422998,1.001403044075348,1.0021383731998166,1.002634755636141,1.0034127429732824,1.008092964740167,1.0015562015156472
60091.554249218556,1.0011583569734017,1.0010689167287048,1.0005881748330692,1.0006106617670996,1.0007605063024256,0.9994320294698258,0.9809798033794461,1.0054106046755515
60091.55433297085,0.9996252268872982,1.0002800541237555,0.9994604723626977,0.999570401030456,0.9990251128499905,1.0004295907736045,0.9857840250661806,1.0029437411427418
60091.55441672314,0.999198628058082,0.9992213884342258,0.9996891923068285,0.9999594375902146,0.9997408918470523,0.9995124625652179,0.9916624641391868,1.0042984190289925
60091.55450047543,1.0000716553301445,0.999791381311786,1.0000173883159766,0.9993341901632199,1.0003392180633381,0.9996993938153078,0.9986366902870495,0.9965027691054027
60091.55458422773,1.0001114238858293,1.0009379199334558,1.0004688566546192,0.9995585901854831,1.0001744136904724,1.0007295760863726,0.9932428532813874,1.0032130301293538
60091.55466798002,1.0018957209036656,1.0015337658519723,1.0011026111676256,1.0011068739442257,1.0016705659487686,1.0014924289506555,1.0207180241108704,0.9955958856394889
60091.554751732314,0.9995540353365217,1.000087245736475,1.0006362957525883,1.0002978039684207,1.0004141748835882,0.9993815411599836,1.018372452741315,0.9992760407813984
60091.5548354846,1.0006132027053722,1.0010489720529674,1.0004046733415282,1.000898764864669,1.0003112649841175,0.9979777191077838,1.0144117586870396,0.9981850569565783
60091.5549192369,0.9995278334825952,0.9994789673853679,1.0010172710132523,1.0006263317895774,1.0002752014302707,1.0008605488680824,0.9904305885422806,1.006573503642949
60091.55500298919,1.0010179387903462,1.001525928324987,1.0015215691960049,1.0026614172568757,1.0024896423652292,1.0014149394980767,1.022700894563216,0.9985213117343015
60091.55508674148,1.0001217236526248,1.0001788966609608,1.000214593566793,1.0010218288610464,1.0005024015637785,1.0019240495050064,1.0029392658198364,1.0094134568028144
60091.555170493775,1.001336101098796,1.000465065660495,1.0010438050166823,1.0026850252372221,1.0024357028719841,1.0030200588833065,1.0109676759793125,1.003985503129485
60091.55525424607,0.9999572945425638,0.9993213930359258,0.9985126042514064,0.9982614241653618,0.9984762357483558,0.9990411236868801,0.9710670301820689,1.0010501910094056
60091.555337998354,1.0007871511600182,1.001469119871693,1.000024458480005,1.0024748672953963,1.0012470329881775,1.0005575081518103,0.9870287723223224,1.0071917886890016
60091.55542175065,1.000541693724084,1.0001030355401623,0.9994658252857069,0.9995665901107419,0.999560875274299,0.9976763138759855,0.9910391551604367,0.9894704892493773
60091.55550550295,0.9999819794514743,0.9993260097165191,1.0002650867881604,0.9997197448835072,0.9990599787283722,0.9984386978389073,0.9819392767126363,1.0019576036307623
60091.55558925524,0.9998013260452467,1.0000558016321046,0.9999208442428208,1.0005354090271559,1.0012994342524715,1.000248286710677,1.0046738216499251,1.0016830975259576
60091.555673007526,1.0009480939956212,1.0012627717202474,1.0022032284018236,1.0024249417694409,1.0022515215671108,1.000758822697982,0.9918816990451821,1.0072793740302781
60091.55575675982,1.000230066650853,1.0003923653611946,1.0002141711941421,1.0009354489115447,1.00086699687855,0.9995572408113045,0.9738884209601636,1.0060928118777417
60091.55584051212,1.0009148715974954,1.0010101012728514,1.0011235060978432,1.0018058634129958,1.0011377216187545,0.999866799981971,1.0018993302646202,1.0085993097910182
60091.5559242644,1.000774176417591,1.0001887613052305,1.0000683789682618,0.9998245998395628,1.0002625780606018,1.0005544236080015,0.9896262400083808,1.0017039468960405
60091.5560080167,1.0004725771553866,0.9999439313860646,0.9999017576958035,0.9989000726511759,1.0001921744279867,0.9977500389566665,1.0092655693586903,0.9925630984702313
60091.556091768995,1.0004020072853097,1.0004678133319276,1.000604509331736,1.000830854737,1.0014516346534952,0.9979476086769249,1.0166276459941013,1.010203676028244
60091.556175521284,1.0006102660136662,1.000720057091729,1.0008208545915946,1.0019623500172863,1.0006405989169078,0.999706992605062,0.9866593818962605,0.9950122874559191
60091.55625927357,0.9997507748818144,0.9996918198087421,1.000677311697354,1.0002940822857365,1.0008545766558965,0.998596627344952,1.0082920234331556,1.00367125755592
60091.55634302587,0.9993032616090359,1.0004299327709876,0.9999577786111645,0.9997689611994129,1.0000081092605846,0.9985015939384362,0.9858766197990726,1.0041714080656292
60091.55642677817,1.0001522985385032,1.0015139586587833,0.9999094176788678,1.0005906951561103,1.0018023376938137,1.0014539441542725,0.9849682360101248,1.0046812253976458
60091.55651053045,0.9998328477089788,0.999201527729483,1.0003277597235338,0.9998515750969807,0.9998086507637485,0.9990785128360955,1.0014405040011891,1.000918997066547
60091.556594282745,1.0002452144663763,1.0006681206163952,1.0001136970580577,1.0014050000552757,1.000441337516961,0.9991984061797058,1.0039654428493112,1.0006244147725873
60091.55667803504,1.0004711331484986,1.0007117117796862,1.0001827677667792,1.0009971559688569,1.0013274372920113,1.0009634290738374,0.9956629594823436,1.01731709336297
60091.55676178733,1.0005960829348446,1.000452738526893,1.0009900265614293,1.0006770437480186,1.0006388937169521,0.999393524972385,0.9897202312667178,1.0009440641347522
60091.55684553962,1.0001693205855933,1.0007795448263905,1.0002342111850275,1.0010312536873067,1.0017147543852736,1.0001986138169714,0.9962651292568975,1.006215662897666
60091.55692929192,1.000363509869475,0.9991496505127676,0.9993894012832072,0.998099380885872,0.9991024231692681,0.9987999932216451,1.0008183231770043,0.9825150972133616
60091.55701304421,1.000655244788176,0.9999230653282103,0.9997573870840669,0.9997241786677207,1.000476945564927,1.0012228848941438,1.0020239886863456,0.9973257626521943
60091.557096796496,0.9997849351833926,1.0001340723692438,1.0006567825817974,1.0003042484274365,1.0003274352245812,0.9998341560503443,1.005213529274265,0.9990700404280444
60091.55718054879,1.000394763883361,1.0008324979573957,1.0010099515863078,1.0014066619578645,1.0014226083318136,1.0028661320497048,0.9718284507904446,1.0029096712234473
60091.55726430109,0.9997385415982497,0.9996864674400645,1.0002306004972894,1.000679602358127,1.0004932778489726,0.9992122661234528,0.9975817004656845,1.0006704721225863
60091.55734805337,1.0006303677405985,1.0010210521122702,1.0011272941994624,1.0003932283152575,1.0001645589707477,0.999351421809036,0.9822418264598097,0.9999890052083434
60091.55743180567,1.000436534115419,1.0010704583467698,1.0008803596376967,0.9998030279092411,1.0003363756891779,0.9980081538442169,0.997378613281629,0.9929943924222665
60091.557515557965,0.9996740723802789,0.9996160513433909,0.9998469222706424,0.9999071752505456,1.0006953698970622,0.9999774342935557,1.0271442376022086,1.0042720939649068
60091.557599310254,1.000641600317255,0.9996431136943844,0.9999156369434206,1.0001113231033234,1.0003973193571989,0.9993954886190396,1.0146168555244,0.9833099384118599
60091.55768306254,1.0003849086243046,1.000059755356905,1.0015091907739215,1.001385437902401,1.0005627484523572,1.0025703760254847,1.0090715252398093,1.0107235189652215
60091.55776681484,0.9999849633507951,1.0011832269228134,1.00054734592988,1.000251912105783,1.0004447159198133,1.0009747300106218,1.0118766619340265,1.0049981965283985
60091.55785056713,0.9994900751101057,0.999890188033721,0.9995169698300923,1.0002875010796963,1.0001530868090813,0.9996484985727642,1.0024525330456038,1.0023002366614286
60091.55793431942,1.0003526253373896,1.000607725547996,0.9996735120006106,0.9999697909801185,1.000274550074949,0.9992171251851086,0.9922011377365749,1.0001420165527706
60091.558018071715,1.0004390079204488,1.0000239594477485,1.000786517284587,1.0014740837246698,1.0011125266485366,1.0006516084010622,0.9982812737944875,1.0015090831437166
60091.55810182401,1.0003946454704904,1.000607312781068,1.0000403372677666,1.0004320858571254,0.9996359850941279,1.0001884571462214,0.9823188138723618,1.002078227158102
60091.5581855763,1.0004782809799702,0.9996924860850611,1.0007774712532176,0.9999539276273599,0.9993519868140093,0.9994176925069644,0.9997328948451465,0.9964456761996038
60091.55826932859,1.0000182351620082,1.0003622093654987,1.0004513550905183,1.0006205050601924,1.0000415574759285,0.9991651148505478,1.006193631333605,1.0061356891864077
60091.55835308089,1.0003104207847755,0.9996828804418215,0.9992429408952814,1.0000987784208741,0.999690576691164,0.9984170682482841,0.9663760237458768,1.00766857849109
60091.55843683318,1.0003879432494938,1.0011822754643935,0.9996010083578328,0.9991464737391546,0.9998340200025452,1.0005491542424843,1.0104983635232925,1.002148031751338
60091.558520585466,1.0006941447027486,0.9997784540569608,1.0001758497203346,1.000718838633915,0.9994472136147673,0.9995529184113223,0.9887054758850781,1.001077530514011
60091.55860433776,1.0001314253162727,0.9999515897962131,1.0002780174246346,0.9999811734374942,1.0016144519030068,1.0007407518722193,1.0046627842853484,0.9923760848886356
60091.55868809005,1.0007693675947678,1.0015509952314057,1.0011809639561489,1.0020550395731969,1.0018566885956295,1.0030784901580931,1.007171350366192,1.003042908566328
60091.55877184235,0.9999073266741062,1.0004146932167772,1.000778973966535,1.0004610113175485,1.000268222453958,1.0000859490086327,0.9816363192243692,0.9967404802665321
60091.55885559464,1.000624663916015,0.9996975681501487,0.9995175883434353,1.0001687040590954,0.9989538192874964,0.9990221252258131,0.9931355967915325,0.995573981578472
60091.55893934693,1.00149681939629,1.0007542120863204,1.0009069525399676,1.0015415261805067,1.0016637197009943,1.0012502576465694,0.9959824726079222,0.9950543547259677
60091.559023099224,1.0006379085137607,1.0007946113301098,0.9997930262442414,1.0008754033579967,1.0001519432105157,0.9993569851599161,1.009110081607784,0.9972322283983436
60091.55910685151,1.0004747154660345,1.0006444990327867,1.0004005578982729,1.001062520398368,1.0008106392684357,1.0012202690966225,1.0403155819755605,1.0119458864826167
60091.5591906038,1.001579858220426,1.0008803282191567,1.0014574919008277,1.0007094148047166,1.0014296289729119,1.0029711654826583,1.0098007893213958,1.0181589575374874
60091.5592743561,0.9996740505881099,0.9988150323565055,0.9992676793901936,0.999270708635043,0.9998096086795799,0.9984401254913781,1.0006220617524362,0.9787419797542908
60091.55935810839,1.0004056923673639,1.0000037453624087,1.0001134393378721,1.0005988224061593,1.0004171070740524,0.9988979069403661,1.017482221691814,0.9869650680288187
60091.559441860685,1.0006943689257903,0.9996554481076008,1.0000622230954743,0.9996804654847964,1.000308699231699,1.0005496383140648,1.0123842390861564,1.0049284918834374
60091.559525612975,0.9996921158237102,1.000632551524709,0.9999360934925843,1.000908186600038,1.0013621360122715,1.0009818933881163,1.0121156309442896,0.992576277570213
60091.55960936527,1.0001457072737798,1.000223568080768,0.9996037994832991,1.000700606112788,0.9998144298191882,1.000260673646369,0.976908740890319,1.0028629493694237
60091.55969311756,0.9998452981790771,1.0006134132898026,1.0006374301971261,1.0012503941089306,1.000749357666571,1.00080422834388,0.9949394864013243,1.0067470494530073
60091.55977686985,1.0001444925310128,1.0000637136155004,0.9997766168383306,1.000503118333638,1.0008594914788997,1.0007435938408529,0.9910572646440536,0.9854826165760573
60091.55986062215,0.9999287942186744,1.000665135463495,0.9996312893847158,1.0008014034261898,1.0017239386637122,1.0002226542723107,0.9961212509907859,1.0083179871135406
60091.559944374436,1.0008487967955173,1.0015937392774217,1.0011021110938112,1.0010480961048884,1.0018109603708625,1.0013566812042427,1.0033411756545922,1.0109698123735344
60091.560028126725,0.9999384693116293,0.9989368146281674,0.9991377737674979,0.9996172633831858,0.9992663770940051,0.9995855792054904,0.9960645335354424,0.9953687006552487
60091.56011187902,1.000326989974838,1.0002756387181246,1.0002073569002712,1.000652232513506,1.000817301392787,1.0006433974558813,0.9924175707383518,1.002467708976161
60091.56019563132,1.0003020801602398,0.9999765425276216,1.0002280004155,1.0007039775276663,1.0000777205138063,1.0008185543167603,1.0157092957970628,1.0007305046798556
60091.5602793836,1.000114818580666,0.9995730496373262,1.0000682313436025,1.0000998930362475,1.0007023615349786,1.0003362804005826,1.0010476831538926,1.0074362480511627
60091.5603631359,1.0002501324600899,1.0009582855497239,1.0005761697390247,0.9995382718110949,1.0008302789131325,1.0002063748876167,0.999330490060525,0.9996656683847832
60091.560446888194,0.9998985014232359,1.000384024966085,0.9996941932715065,1.000903329413536,0.9998189608022366,0.9980103080490514,0.9917206689188767,0.9993561391694329
60091.560530640476,1.000358126153477,1.0010436903731803,1.0004139719960679,1.0014222097904202,0.9992567862096734,0.9968992850284649,1.0118706004015305,0.9911905575721468
60091.56061439277,0.9998152125930345,0.999874577730008,0.9989164386431274,0.9994843134194709,0.9996796294558966,0.9991749120140726,0.9789944495335776,0.9914036797337502
60091.56069814507,1.0002879695994558,1.0002292129111612,1.0000627998510494,1.0012566249474582,1.0002767495140665,1.0010834004597975,0.9961067763562423,0.9978811847462293
60091.56078189736,1.0011212182861842,1.0008563670479056,1.0006237429748333,1.0005987975294677,1.0009399258462466,0.9996529032762422,1.0036793130639314,1.007749117306575
60091.56086564965,0.9999443232133678,0.999796109868564,1.0013360858717275,1.0002225750084006,0.9996897239352552,0.9972520320938322,0.9912277241927016,1.0028360571247317
60091.560949401945,1.000715221721144,1.0008923654452937,1.0015773036213618,1.001457687342679,1.0008609104517587,0.9983114194505599,0.9954050576637611,1.011916825056336
60091.561033154234,1.0009490679217916,1.0003716434269414,1.0012324668018178,1.0006840870423446,1.0009942460608252,0.9998367465102284,0.9914638243410916,0.9914940471097284
60091.56111690652,0.9997059473922182,0.9999989420299388,1.0007405526289872,1.0012949341053428,1.0011226397772526,1.0005650504881225,0.9773414621733204,1.005987890588024
60091.56120065882,1.0005991241239403,1.0008347766683832,1.0012902147746716,1.0003566010510505,0.9998390323760342,0.9986143637179491,0.9848313633236666,0.9979696580726148
60091.56128441111,1.0006706843562092,0.9991989275021772,0.9996072496716955,0.9997987161653906,0.9986624765909781,0.9993277011082055,1.0013693567182071,0.9870128899407028
60091.5613681634,0.9998563403499378,1.0004527505957281,1.0003681880768478,0.9991247812142096,1.000571617251028,0.9973782105603816,1.001394591876531,0.9998786526748082
60091.561451915695,1.0000917974382288,1.0001073418792843,1.0010752654551027,1.000704288461385,1.0003573806664405,0.99873417928216,0.980365745344814,1.000447873319339
60091.561535667985,1.0005129928072167,1.0002477335282263,1.0010125614468153,1.0001088995950875,0.9999731990354029,0.9981925379066301,1.0149185518490393,1.0034440983031108
60091.56161942028,0.9998599965508037,0.9995839278721664,1.0010701090125866,1.0007572774596853,1.0012039646358306,0.9984325815571364,0.9880657511794926,1.000896832118279
60091.56170317256,1.0010311435845634,1.0006836458635566,1.0016144941241532,1.001945086889483,1.0012868323389197,0.9981453135200111,0.9758418974379386,1.012300379681531
60091.56178692486,0.9996840900041234,0.999781807532825,1.0005542777193877,1.0011441708849826,0.9993801562632014,0.9984103486637524,0.9972879257265064,0.9996239011632808
60091.56187067716,0.9998974276731776,0.999935597440438,0.9996000900267351,0.9988581266605653,1.000159574415364,0.998616047113346,0.9894945563658575,0.9971496159773957
60091.56195442944,1.0008889402290222,1.0004266824229993,1.0009875464293951,1.0007681708084006,1.0012995575003998,0.9989771023076891,1.0112391856776282,1.0076761006409183
60091.562038181735,1.0002013471450024,1.0002490191465059,1.000639849995604,1.000095774373412,0.9993079429568048,0.9983005703166143,0.9766946489665511,1.006730498814683
60091.56212193403,1.0000127635946874,0.9995656074445072,1.0002645427289936,1.000265257927379,0.999382029743982,0.9981895982552698,0.9896093243298975,0.9997620981298285
60091.56220568632,1.0012541818145295,1.0012967615186692,1.0019015536724454,1.0021115268624878,1.0003961310999712,1.0012524956786637,0.9999891594776258,1.0021565339678158
60091.56228943861,1.0004760798133552,1.0012426598049393,1.001625931599494,1.000014309888674,1.001015361000688,1.0011446959326453,0.9889649212327014,1.0097667003427069
60091.56237319091,1.0008323842465163,1.0002271353474237,1.0006502160783715,1.0011564791142291,1.0005207387473218,0.999693588442122,1.0001214121904998,1.0061673383609802
60091.5624569432,0.9992192534272084,0.9992706195748337,1.0006266790443068,0.9991825182207461,1.001023861365395,1.0027593351091122,1.0075337658855499,1.0036045338236101
60091.562540695486,1.0008808747109297,1.0002777683247221,1.0005654876035655,1.001139872950438,1.00071951906869,1.0034038972926467,1.0322761801472309,1.0002338129947688
60091.56262444778,0.9997733830757745,1.000320800554084,0.9996259317422481,0.9990808032116743,0.9991030185141445,0.9980257463361132,0.9861644161015635,0.9979559618053419
60091.56270820007,1.0006274296835997,1.0002310810901902,1.0017952360917213,1.0016279578276621,1.0014844899564876,1.001611139286863,1.028074327190954,0.9951767610403168
60091.56279195237,1.000677034751825,1.0002783591229303,1.0009553758068712,0.999878668157249,0.9998604795114769,1.00094391392859,0.9936573537344799,0.9883695224519708
60091.56287570466,0.9996225686627553,0.9997056703613721,1.0007965710524742,1.0001077001297562,1.0002919761219862,0.9992290671850147,1.0072089207034096,0.9920808479632468
60091.56295945695,1.0000017065631428,0.9996254510501603,0.99976922069187,0.9985104168163407,1.0001683557055105,1.0002599336228508,1.0098929354972586,0.9988880384266078
60091.563043209244,1.0010987510849327,1.000133386297481,1.0015272194826503,1.0006172738322021,0.9994711833409043,1.001544004075226,1.0109260766630492,1.0078557345514751
60091.56312696153,1.0010898252750169,1.0008269679405757,1.0022937225445947,1.0022334046046024,1.0021897251431808,1.000608930043683,1.0075470966804974,1.010030050485225
60091.56321071382,1.0008147826852614,1.000563856546075,1.0006916738022011,1.0004162673721475,1.0002052397687182,0.9990798443633153,0.988910342466184,1.0093936722313226
60091.56329446612,1.0003717266199699,1.0004285912146156,1.0006663133581801,0.9993931587404772,0.9998117139986952,1.0021498702726996,1.012697172044977,0.9910871849322197
60091.5633782184,1.0007325732763335,1.0007189959282374,1.000766026037965,1.0013468169134423,1.0015920002595249,1.0035418557917286,1.0195447011876408,1.010419888656966
60091.5634619707,1.000819280746502,1.0004074862704562,1.001410466386486,1.0018153081804921,1.0007305646652849,1.0005180236919227,1.0186589538785162,0.9991993000473895
60091.563545722995,1.0004707384739366,1.0009288859315435,1.0010701278904202,0.9997909258225198,0.9994338986595573,1.0009078696968412,0.9878942533340789,0.9975763237170968
60091.563629475284,0.9993718256543513,0.9997179957069983,1.0004895228232482,0.9996141110227826,0.9992528598649939,1.0002201995960014,0.9817290579807011,1.008635277708944
60091.56371322757,0.9999376956108587,1.0004528496368028,1.00134158691022,1.001172602450849,1.0010330460804406,1.0045567203418913,1.003988555178118,1.0056924828197222
60091.56379697987,1.0005172240062798,1.0007358536003246,1.000909227432194,1.0018202660203814,1.0023146933031963,1.0036324216293782,1.0221560181809144,1.0016838448344172
60091.56388073216,1.0006818982388601,1.000509089705439,1.0003296912279653,1.0008005673898803,1.0009083159960033,1.000701041483943,0.9996371075113427,1.0052702509073363
60091.56396448445,0.9998608608334822,1.0001995967563702,1.001843175821793,1.0017851730348544,1.0024598371989726,1.0049757088907159,1.0176850576191014,1.0058612574708257
60091.564048236745,1.0002596862520552,0.9996476087287837,1.0006830317187172,1.0028110780758692,1.0014955107912265,1.0031439174390315,1.029945182785604,0.9961226614577153
60091.564131989035,0.9998860947475208,1.0006146268143536,1.0011411930800267,1.0005228933592043,0.9994657359820651,1.0014692889995265,0.9939050865815106,0.9952096734839899
60091.56421574133,1.0005813697024337,1.0012496357831324,1.0011905506486751,1.000997793789283,1.0004252534752,0.9997451332734507,0.9927957865736418,0.9970476457631519
60091.56429949361,1.000990872443696,1.001085756201755,1.0010986186190676,1.0003946349700283,0.9999645232794133,1.0007436603201245,1.014162978097369,0.9960587563984055
60091.56438324591,1.0004883410329055,1.001151456193623,1.0016299252807221,1.0014675091989436,1.0023098376716322,1.0025732412214092,1.0415833002383799,1.0017618943611606
60091.56446699821,1.0006336782073888,1.0008940209829444,1.0012004017818956,1.0002590120830714,1.0003673310031056,1.0005443539536287,0.9974775695493757,1.0154084068092595
60091.56455075049,0.9990764064937763,1.0007275230390804,1.0003210744407784,1.0002442335833917,1.0007298637238786,0.9999159369691426,0.9948144654288221,1.005045389689157
60091.564634502785,1.0000380783760525,1.0002509704025417,1.0003122036712173,1.0000899286500002,0.9996918000640718,0.9990614607815719,1.0000552074176219,1.0022398966433308
60091.56471825508,1.000359486352409,1.0017407705097277,1.0028918179246786,1.0024420256753876,1.0025181891676431,1.0012749002247634,0.9870775437584122,1.0106218996042131
60091.56480200737,0.9994552467603937,0.9996831626226778,1.000469177917593,0.9988349060885766,0.9998340261150437,0.9986663211253007,0.9905868218549918,1.0085802435370315
60091.56488575966,1.0003289570988076,0.9996705157607332,0.999663794824498,0.9991007814882865,0.9987847836934969,0.9961844532165465,0.9687939798253619,0.9967864013747146
60091.56496951195,1.000147433161063,0.999578602770116,1.000280748065522,0.9991573300470243,0.9987008808575036,0.9963765210017144,0.9667554677016628,0.9910582292210639
60091.56505326425,1.0002026992046904,1.0010034572834048,1.0014732457928412,1.0018018672392013,1.0017058894536939,1.00079802268592,1.002436993711159,1.014494874769338
60091.565137016536,1.0003137653313676,1.0005150146732877,1.0012336328856046,1.0014873574586984,1.0016971374785908,1.0003538440353508,0.9863885279193778,1.0105058997423872
60091.565220768825,1.0004308443113397,1.0003129432955113,1.0015046005909045,0.9993684155554318,1.0004916368926235,0.9982577753103633,0.9871725780538798,0.9885068243345435
60091.56530452112,1.0008007262635767,1.0014677433859416,1.0017554223629168,1.000651315914604,1.0023946931841723,1.0005626758026935,1.0072120370402153,0.999316330796225
60091.56538827341,1.000565315700254,1.000328080615834,1.0003491120636616,1.0009221664532253,1.0010774705342333,1.0003095625431477,0.9950767017882811,0.995248607082562
60091.5654720257,1.0001931559149757,0.9998959827347794,1.0007205090135576,1.001045182191812,1.0017054898335132,1.0024291096162865,1.0193794760998065,1.001131117649429
60091.565555778,1.001201942729448,1.0019965569515206,1.0022912564576687,1.0023425294777664,1.0026952178513493,1.0008470842332777,1.0087543547433149,1.0068621631005235
60091.56563953029,1.0009738089127178,1.0009937298024028,1.0021436521485327,1.0016077951943254,1.000988948645316,0.9994769423937471,0.9909296717273146,1.0048424787294723
60091.565723282576,1.0001137296548563,0.9994475518886066,0.999203736656215,0.9995556650056084,1.0003891774468665,0.9992973149029889,0.984969990955955,0.9995258990272036
60091.56580703487,1.0000582693196003,0.9998995181371562,0.9997822457552684,1.0005615510400372,1.0004979922693475,0.998877444944203,0.9972014454718034,1.002708017695495
60091.56589078716,1.0005974887660534,1.0003598477690732,1.0010212097599844,1.0005940376561966,1.0003041843407385,1.000024235882795,0.9780566789154626,0.998256059698962
60091.56597453945,0.9988095027278193,1.0000948369059712,0.9986143593617733,0.998719836433912,1.0004568883991614,0.9976071611802719,0.9844025126706095,0.9995132575448892
60091.56605829174,1.000025204507738,1.0005904216482957,1.0005750326138347,1.0004489438787243,0.9984469084796834,0.9997258833710575,1.0069890417351877,0.9971076669120887
60091.56614204404,1.000369933780842,1.0006514643469828,1.0010955022285266,1.0001357102874575,1.000034692641169,0.9987285284024865,0.9921872105967507,1.005441635308516
60091.566225796334,1.0009453871981715,1.0016024682379334,1.0015117002798652,1.001540318090591,1.000853576389183,1.0002403427478692,1.0097537323811843,1.0061204242734205
60091.566309548616,1.0002255369778397,1.0000908585965071,1.0010874984045999,1.0006324760332888,1.0010135661715458,0.9994441755159219,0.9925650328423307,0.9990169781268496
60091.56639330091,0.9991898349440972,0.9994100664064076,1.0000039969848489,0.9993386746978783,0.9989575636917878,0.9983571909347211,1.0056187464023645,1.0000977386519034
60091.5664770532,1.0003343849242565,1.000093153782412,1.000141423309952,0.9996428575604677,0.9984771832479908,0.9994489618886297,0.9947224784734516,1.0018090517690201
60091.56656080549,1.0004010312586893,0.99926539638739,0.9994590170704986,0.9984045629539324,0.9988999398589041,1.000202492201494,0.9951655735570816,1.0075033906479212
60091.56664455779,1.000118847768947,1.0000470619437398,1.0009517420504201,0.9993032206264246,0.9998344662773058,1.0004560138096288,0.9939982309701707,0.9953507510466497
60091.56672831008,1.00119323804441,1.0015986630428166,1.0019004570213308,1.0017648995780997,1.001441641841203,1.0018396772161107,1.0183226416839457,1.0089291943078995
60091.566812062374,1.0010977931221827,1.0006931041265257,1.0016215662137204,1.0019407463803998,1.0016049542030907,1.0027882119921403,1.006812894933738,1.0036328321766201
60091.566895814656,0.9998112380689655,1.0005036336341795,0.9989844972356737,0.9989155862346591,0.9986242462811691,0.9997395684392603,0.9826577136439167,0.9876014790033228
60091.56697956695,1.0006840776658172,0.9997783833042139,0.9998461188300407,0.999382990903772,1.0006673705374955,1.0009920212961305,1.007231431441568,0.9965426942102982
60091.56706331925,1.00051355966617,1.000156750221041,1.0004059047426197,0.9999027569207898,1.000364604891161,1.0003687018761152,1.0002416575939108,0.9999229351045326
60091.56714707153,0.999808857418895,1.0005552346086717,1.0004017775573517,0.9997322820879929,1.000145271044203,0.9997870204735594,1.01481132359224,0.9948721118958865
60091.56723082383,1.000425998783152,0.9996312616514299,1.0011096320605082,1.0008303663761362,1.0007408494429373,1.0002830568260577,1.000849834491331,1.0010118301545687
60091.56731457612,1.0008233649140625,1.0008784163624396,1.0007710422181768,1.0008822096008825,1.0007373432389688,1.0014322079945452,0.9927060102665342,0.9980986176120722
60091.56739832841,1.000415311063235,1.0001510313173747,1.0001302715317462,0.9998201701433026,0.9998633154612765,0.9991193912166292,1.001994306264056,1.0033455457463336
60091.5674820807,1.000838320485896,1.0009175006779214,1.0013237942121678,1.0015105391452772,1.000316579676791,1.0003123238668958,1.0079271901011315,1.0119382148804987
60091.56756583299,0.9994787956934136,0.9997260029639488,1.0009470982921116,0.9997472058097223,0.9998027440319377,0.9994646944105202,0.9860961997757489,0.9945974864502083
60091.56764958529,1.000730153715426,1.001362435137898,1.0009602631647463,1.0015979791210192,1.0018118333978123,1.000886102677517,1.026274808093043,0.9978290747273797
60091.56773333757,0.9999093161153577,0.9997349975026864,1.0003277613092718,1.000075663986113,0.9996990473665927,1.0004080939122855,0.9925562051500592,0.9952679553715263
60091.56781708987,0.9999891460294626,0.9993263053710482,0.9995699585878064,0.9998131210161653,1.0001255753266887,1.0005035608971502,0.992190670557729,1.0135720093187597
60091.567900842165,1.0012146712466201,1.0014641679456833,1.0018169305737072,0.999810380043456,0.999954609181132,0.999766047382599,0.9940665843308721,1.0024124913933654
60091.56798459445,1.000973585582368,1.0024163079035298,1.0023809604120772,1.0025598264318498,1.0019013584225753,1.001249017781185,1.0168901317455528,0.9908217809686066
60091.56806834674,1.0009165573136714,1.0013565886494047,1.002010328996093,1.0007810647615942,1.0010500353333267,0.9998982572451152,1.01275632257975,1.0088928044305452
60091.56815209903,1.0009936508664923,1.0004328262901407,1.0010747420105304,1.0013965384904089,1.0002162354673663,1.0008896097894668,0.9780039468522064,1.0010562397135472
60091.56823585133,1.0008528291344732,1.000332357581072,1.0013943939876624,1.0008585853185756,0.9996339718367242,0.9989295978923086,1.0074219896494585,1.0015339706560518
60091.56831960362,1.0007247903737932,0.9996621590822745,1.0000115447958255,0.9993217868641321,0.9998664826710697,0.9980870040452285,1.0099871109327145,0.9968249305573034
60091.56840335591,0.9998268490862329,0.9994903652825317,1.0003248956918738,0.9994083900557682,0.9996548514453957,0.9997138700744926,1.006193537327986,1.0038481454275716
60091.568487108205,0.9990386726965522,0.9997786341954978,1.0006524392075782,0.9988546297654611,0.997872638687217,0.9969694736411363,1.0101181635664422,1.0031269059948797
60091.56857086049,1.0004516742117882,0.9994753829413758,0.9994616805440537,0.9992946667336363,0.9988156254272234,0.9956591489669355,0.9872678035498749,0.9848852566448336
60091.56865461278,1.0008246992774592,1.0004803039375803,1.0003661715088976,1.0009446585220183,0.9995645120861428,0.9986668943977699,1.0008973373046892,1.0050573219038454
60091.56873836508,0.9998406724629859,1.000282063488997,1.0000235955364716,1.0004709873195656,1.0012833268210481,1.0000463264323272,0.989342800850639,0.9926779806915744
60091.56882211737,1.0006773454608964,1.0002419920832968,0.9997377129833539,0.999253073802605,1.0003246883426162,0.9997284931746566,1.0105794494692886,0.9939227088696885
60091.56890586966,0.9995280938858884,1.000851230960414,1.000639730914229,1.0007055049266196,1.001231585207609,0.9998318228234389,0.99482609336967,1.003650557450077
60091.56898962195,1.0014436807934812,1.001308253923112,1.0018386609613323,1.0023047551936783,1.0019539287785362,1.001028754336738,1.0103416427721028,1.0011649439781032
60091.569073374245,1.0006548021708424,1.0008895012361683,1.0008513797466227,1.0001810146314367,1.000307363401294,1.002157223426265,1.0009029342465683,1.0081930532423897
60091.56915712653,1.0011530929305446,1.0010872688929302,1.0018116747582742,1.0029606268749711,1.0020191620482886,1.0007283037904309,1.019173091503977,1.0048423436629645
60091.56924087882,0.9995098296851584,1.0003896971269615,1.0001752379275004,0.9999454189513237,0.9997183421541052,1.0007284611494287,1.005704228775398,0.9983215609375576
60091.56932463112,1.0010053772064407,1.0006912611068668,1.0014209660865607,1.0012011340220124,1.001399859608432,1.0013855191301477,0.9758640127390389,0.9955202489907325
60091.5694083834,0.9998090739227825,0.9996554184144355,1.0010232509446295,1.0006108168102077,1.0013512538314522,1.0018276264389911,1.0267948703032515,1.0000566296347697
60091.5694921357,1.0005833656550804,1.0006151463489645,1.0010779494677409,1.000244754697735,1.0010747409294325,1.0019798860924747,1.0080825171850376,1.002934469286934
60091.56957588799,0.9994440901675175,0.9992812803152189,0.9994754935304746,0.9995912991962742,0.9990725240077544,0.9995072742154135,1.0140818947306893,0.9937325174876822
60091.569659640285,1.0004983374422045,1.0015248981317864,1.0015813700200054,1.0007173869618045,1.0021405022533454,1.0019081510883412,0.9929981429398217,1.0024849450860223
60091.56974339257,1.0000359608073488,0.9995994112934713,1.000591828713291,1.0001479009631187,0.9998218439679684,0.9995783027255839,0.969273536297093,0.9831866035877486
60091.569827144864,0.999795788523795,1.0001442320933362,0.9999502323481704,0.9995130235644006,1.0002303466690603,0.999547240643278,0.9906087913375878,0.9879265164519598
60091.56991089716,1.0000048542450553,1.0002235044799235,1.0010409607689918,0.9989603453852525,0.9987050503299284,0.998607254225073,1.0228630372984782,1.0150476733308402
60091.56999464944,0.9996021952426108,0.9998620376996027,1.0003205084078133,0.9982919113236638,0.9992827161766459,0.9999358704753236,0.99532262864342,1.0085629583227615
60091.57007840174,1.0006780717440074,1.000423256534125,1.0004694795098639,1.000999099591254,1.0006915068604023,1.0000613247762904,1.005265163141365,0.9981993563532413
60091.57016215403,1.000541418460107,1.0013211972697176,1.001979247964374,1.0013833741839113,1.0016436637826773,1.003273917573711,1.0105020811544738,1.0118924983230904
60091.570245906325,1.0009409022647435,1.0015361257242787,1.0015326139368939,1.0026770017813051,1.00332077262867,1.0036116666996542,0.9976359214217901,1.002627986770196
60091.57032965861,1.0002710636547416,1.0003983871990048,1.0004793590731016,0.999599745755361,0.9994272328552326,1.0006128935567333,0.9860097485557813,0.9907612560195593
60091.570413410904,1.001151693820776,1.0017511430029111,1.0019609311421476,1.003725308058784,1.002342895248426,1.0015000961277578,0.9826713381323547,1.00188146247671
60091.5704971632,1.0009139798514326,1.0004656505200702,1.0000314373508299,1.000123007670421,1.0013995343985644,1.0004291697696819,0.9939233507195329,1.0022781521042943
60091.57058091548,0.9996608673235052,1.0004580122885027,1.000611011877061,1.000451032324346,1.0018079230204755,1.0012385611581194,1.0023471957935643,1.0035212360878336
60091.57066466778,1.0003732391015296,0.9993433142547821,1.0011054782952504,1.0006132956055196,1.0002380992506636,0.9996582663667444,0.9944371188230919,1.0024798939998107
60091.57074842007,1.0000838389380657,0.9991662986724336,1.000111267027794,0.9997332357775937,0.999163855587677,0.9990879659862455,0.9859937144806045,1.0000932820996555
60091.570832172365,1.0003682553112183,1.0002719311592443,1.0004913601272896,1.000943656026243,1.000131475072787,0.9986628054371203,1.0170276242870064,0.9915475548608605
60091.57091592465,1.0005434076913133,1.0000734097430743,1.0000058522228326,0.9998490130470095,0.9999321708229786,1.0002577174358718,0.9871967813811564,1.0098260151231133
60091.570999676944,0.9997796151110306,0.9988743384200796,0.9995348233147688,0.9989616259615602,0.9979099622889624,0.9975931714401296,0.9805115553619103,0.9957964705608487
60091.57108342924,1.0004380880808668,1.0002954174952734,1.0008245062064762,1.0002661565791688,1.0001409072192757,1.000725924783175,0.9778992748197575,1.0110288426116378
60091.57116718152,0.9997803313119816,0.9993238746821387,1.0003793659064641,1.00062621129466,1.0015328647059742,1.000927960831713,1.0156873504868422,1.0067135049438374
60091.57125093382,1.0001943058063478,1.0001389208480964,0.9996892501862666,0.9983187013270015,0.9994284907200961,1.0007192795664286,0.9975897144708336,1.0090375017411324
60091.57133468611,1.0004288429500343,1.000917541290509,1.000813041056231,0.9993329247422511,0.999903775024226,1.0001982776786262,1.036167573552074,1.012973958329364
60091.5714184384,1.0009860347921962,1.0012753590042922,1.00220891466962,1.0029655529085892,1.0026391813968945,1.0015677547389252,0.9940771172299979,1.0054809251040622
60091.57150219069,1.0009857846811083,1.0000401088899473,1.0012816057651521,1.0003526691378881,1.001101432401444,1.0004712577021309,1.0090880937911297,1.0036253929879344
60091.571585942984,1.0001917534444866,1.0001281714752088,1.0001132191845756,0.999896507038382,1.0007406253387843,1.0005337537056702,0.9973373487013543,0.9984854637762454
60091.57166969527,1.0004323706558693,1.0008051741788335,1.0008998818851154,1.001347530959242,0.9996442932893677,1.0003487646818854,1.0134909135941217,0.9937913346736098
60091.57175344756,1.0009829819981144,1.001818930967089,1.0022320323137317,1.0019039048974676,1.0010866178881916,0.9997309836661675,1.0070329547155117,0.9876269850572662
60091.57183719986,0.9993894580922217,1.000784115849751,1.0006122492435479,1.00063293627701,0.9997587242504924,0.9999186252803117,0.9898946637639953,1.0007601249890608
60091.57192095215,1.000866088802948,1.0009412137675644,0.9998473065100693,1.0004396584417017,1.000773172833818,0.9980003389698607,1.0123020853381086,0.9986143634376281
60091.57200470444,0.9998779220014541,1.000491415950224,1.001075774514766,1.0008118150943552,1.00145351823861,1.0005432481255587,0.9974727979015422,1.0032730847197486
60091.57208845673,1.0006119302002296,0.9992909944502608,0.999405216112868,0.9992940302592438,0.9998259593634933,1.001001928177423,0.9973375791144589,1.0152401520364933
60091.572172209024,1.0012685912168422,1.0010766628135117,0.9998982108151432,0.9988433804656873,0.9996084572701578,1.0011425570328765,0.9939239302639987,0.9834492044707941
60091.57225596131,1.0001455986805128,1.0004964472495772,1.0013578492578064,1.0012719690802905,1.0014268464762877,0.9991178289604892,0.9776166003944136,1.003550597688027
60091.5723397136,1.000556608547187,1.0002313474985478,1.0001998590400427,0.9992078506693085,0.999908416219364,1.0000861975709885,0.989631101130602,1.0029371489130463
60091.57242346589,1.000966634878132,1.0012763909854683,1.0029358641770634,1.001933834149846,1.0010828061840444,1.0022115102983078,1.0029158611220526,1.004072026226509
60091.57250721819,1.0002705044099194,1.0004182561412065,1.0010605587920351,1.0001879357358403,1.0006339172699847,0.9989588326441782,0.9917492761148666,1.0051253016496815
60091.57259097048,0.999234104764209,0.9998079718730964,1.0004594179265534,1.0017407830962415,1.0018230921210116,0.9999315025040029,0.9953260094995587,1.0028699935289267
60091.57267472277,0.9997793602739301,1.0004948611236917,1.000567285981514,1.0003827655975286,1.0008180796136383,1.0000481584149639,0.9789308319019888,1.0092891735670424
60091.572758475064,1.0004197532525043,1.0001125559991377,0.9993841565679406,1.0009798012110753,0.9996860366017404,1.000572664805439,0.9888712011336939,1.0000767974666833
60091.57284222735,1.0003878704163887,1.0000083391186012,0.9999347178270879,0.9997583477757948,1.0001384761913135,1.0004585451730812,0.9928642399177018,0.9937074452951299
60091.57292597964,1.000989077294073,1.0009404029206503,1.0012563123751965,0.9996558394046579,1.0014567510642032,1.0019809676953901,1.0339426688510052,0.9956827665319068
60091.57300973193,1.0003852185457074,1.0013492472217793,1.0022047492001054,1.0016544422315619,1.0004365785002962,1.0007050273545253,1.025178906029482,0.9935095936096426
60091.57309348423,1.0006928878459587,1.0013479961497416,1.0015751279132739,1.0017351481516916,1.0010842568420995,1.0034579429447197,1.0092388531500323,1.0018273969161022
60091.57317723651,1.0006374808096221,1.000018540540838,1.0011529027737291,1.0000084598778962,1.0002438710085289,1.0005505271675468,0.9979498499443809,1.0082192572418158
60091.57326098881,1.0011584042335275,1.000504988408799,1.0008185935556981,1.0001012315916982,0.9996975675806113,1.0017484593961528,1.0110158214432448,1.002434838937636
60091.5733447411,1.0003188310917415,0.9998115066369108,1.0011838936826702,1.0003313082356944,0.999272421856011,0.9983872272337755,0.9918423931244337,1.0161534997331196
60091.573428493386,1.0005140508038994,1.000133104116625,1.0014509026684904,1.0008108753137668,0.9999498619528572,0.9992986713902761,0.9766250073594017,1.0135903999894762
60091.573512245675,0.999285544312984,0.9993243264652474,0.9991253965158403,0.9982758184472815,0.9979490443567213,0.9996714012886344,1.0115845780063295,0.9924858593268624
60091.57359599797,0.9999871151568344,0.999771168120434,1.0019040305197369,1.0010070167603844,1.000606736049627,1.0025602824830737,1.0015795468511024,1.0042900064259068
60091.57367975027,1.0007670113624287,1.0012483080197148,1.0018270913033998,1.0034962016556144,1.0022555983540995,1.0019278426598666,0.9958809133744331,1.0039506660938569
60091.57376350255,1.0000529113866263,1.0002099945366363,1.0008319219858837,1.0012404236904595,1.0008640983691997,1.0014977541965178,1.01215313458527,1.0099975139993873
60091.57384725485,1.001308927996773,1.0007752856770518,1.0009119747233306,1.0006807117389256,0.9995192382445528,0.9996794021566201,0.9940179701459319,0.9914007933002702
60091.57393100714,1.0000674105306673,0.9996860093990413,0.9999274947148508,1.0000606676284325,0.9997853643899911,0.9996253416309897,0.9971128698189599,0.995686143586366
60091.574014759426,1.0002641926625844,1.0011585885558212,1.0004446870621029,1.001338253648273,0.999380313815968,0.9995187746237238,0.9928786360922349,0.996939623804634
60091.574098511715,1.0008786679781223,1.0002039682927437,1.0004397408431427,0.9997698152326877,1.0007409929619067,0.9987822800624544,0.9746323921110248,1.007910971534704
60091.57418226401,1.0000838936022778,1.0002549688905873,1.0011231343177864,1.0016344640048027,1.0010156476643917,1.000498987379473,0.9974358975765635,0.9974233367564131
60091.5742660163,0.9996697618367155,1.0001483142330951,0.9998934807473785,0.9993715349629427,0.998914697114263,0.998090116185352,0.9902397257833725,1.0046984442853126
60091.57434976859,0.9994573010005287,0.9994842152213318,0.9995487707868769,0.9991429858674596,0.999522398281516,0.9987880619049445,1.0064826327344516,0.9903652662649644
60091.57443352088,1.000642065829494,1.0006113864917994,1.0006339525981154,1.0006288402973305,1.0012351051958852,1.000694068367966,0.9890030032156287,1.0049872576300087
60091.57451727318,0.9997330515469688,1.0002097364295939,0.9998764209245862,0.9992912077767333,0.9995455304082459,0.999081407394822,0.990580536619099,0.9900032547085515
60091.57460102546,1.0006862680676256,1.000928172210016,1.0013630515357026,1.0004894781295488,1.0010760551166031,0.9996458157633281,0.9906834206451582,1.0056251871350521
60091.574684777755,1.0000825901680084,0.9990793438657405,0.999655553404156,0.999571846171812,0.9999805846176085,0.9979312102026395,0.9985077907898041,1.0032639867939985
60091.574768530045,1.0000653423750505,0.9998257133159575,1.0006293507108415,0.9994949394559208,0.9988997930341961,0.9986938122593745,1.0073043141338027,0.9960665551219423
60091.57485228234,1.0012384947084596,1.0010010683564956,1.0013336294124968,1.000030856478023,1.00012381698542,0.999946766185213,1.0056665844396901,1.013607857997672
60091.57493603462,1.0000556071042024,1.000193210682397,1.0011636444876317,1.0000170330638303,1.0013077950276725,0.9987901308396626,1.0119038622175953,1.0043404847241273
60091.57501978692,1.0004772095404069,1.001433287372894,1.0015525968412105,1.0015153224993536,1.0016796660867946,0.9988755463204789,1.009818853597268,0.9906442867628895
60091.57510353922,0.9994444921936543,1.0001492027930892,0.9996803422273729,0.9997135234173603,0.9997327150705295,0.9998669144126199,1.0197153690160718,1.0034320529531802
60091.5751872915,0.9996836361493818,0.9987830822550533,0.9999391878338155,0.9989363374335696,0.9984945686905736,0.9969792111688437,0.995119113484581,1.0007022310710174
60091.575271043796,0.9999815022292261,1.0000831197274587,1.000439156158878,1.0002716290026472,1.0011176658875551,1.0008033101478229,1.027002497397522,1.0109243267565047
60091.575354796085,1.0002968219986428,1.0007141610507702,1.0016019885032266,1.000714212217364,0.9998322722022177,1.0007469374920057,1.0026099786369296,1.0048208063296902
60091.575438548374,1.0003755626718704,1.0011373984273977,1.0004401809232015,0.999452373990821,0.9989027357656016,0.9997267191085455,0.9840780096835612,0.9952051522740774
60091.57552230066,0.9992149388927899,0.999429452212072,0.9998526928845999,0.9990819439999195,0.9992091368515867,0.999710569311235,1.007458386084104,1.0048505867943318
60091.57560605296,1.000191027633977,0.9998279791279784,1.0005096824995994,0.9993604429995191,0.9992730404658049,0.9985365247098091,0.9838517728577529,1.0029022297624977
60091.57568980525,0.9990165743343269,0.9999405180768756,0.9997233090452272,0.9992877986729197,0.9995509757087946,1.001895366504122,1.0030921210648585,1.011108575180836
60091.57577355754,1.0000642395862707,1.0005381687651451,1.0013380219068393,1.0011460667979735,0.9999394715786749,0.9989327298076557,0.9734637757253225,0.9969329461378114
60091.57585730983,0.9997392697192545,1.0000737909011488,0.9997575635163006,0.9998438191527417,1.0000331754317275,1.0008279916292013,1.0271732794652617,0.9960403896726506
60091.575941062125,0.9987353997432483,0.9982903978645029,0.9988411513505053,0.9981903349560337,0.9977779347545679,0.9991662446273374,0.9870856624001454,0.9877373274047904
60091.57602481441,0.9997332730919363,1.0002239515376683,0.9996872726199207,1.0004940459687195,1.0008458297953333,0.9993604319550745,1.0097972926051617,1.0056909444499675
60091.5761085667,0.9996964112440333,0.9994724251189591,0.9998512934707886,1.000531407219962,0.9999393104706795,0.9995174403254108,0.9974714345063682,1.0060477085182034
60091.57619231899,1.0005982436677963,1.0000320321573755,0.9994756582584513,1.0001134332350392,0.9986927060768989,0.997753081320524,0.998521198075419,0.9995539770176158
60091.57627607129,0.9997204527325866,1.0000420355613195,0.999683953481446,0.9997330367142075,0.9996157611444756,0.9985308887576312,1.0032931569605659,1.0013971473749652
60091.57635982357,0.9988144574794088,0.9992908424084825,0.9994040109519654,1.0001123038132984,1.0003332097892057,1.000254590981804,1.0084265783077342,1.0079984675211575
60091.57644357587,0.9994511889009695,0.9994919636049645,0.9998867077959638,1.0001945143495197,1.0006174836931074,1.0008763808459293,1.0023319699506048,1.0004092924858383
60091.57652732816,0.9995865488327604,0.9998473828772547,1.0000794357532086,0.9985963895658079,1.0001747048449912,0.9978169731258161,0.9952773075481561,0.9974600829012599
60091.57661108045,0.9999450367362449,1.0000940927888593,0.9996264791239138,0.9990930561538443,0.9994708696075645,0.9983079264435428,0.9907143167402875,1.0038710969239482
60091.57669483274,0.9976195347165365,0.9991605219788432,0.999173846664779,0.999531833384303,0.9990207779658725,0.9977720805637,1.0090055563697968,0.9976349194278007
60091.57677858503,0.9991070304776741,0.9996417229686846,0.9995288340577415,0.9998768919415263,0.9998963711668973,0.998929875176946,0.9945974783620407,1.0009294237026014
60091.57686233732,0.9999997990919541,1.000893508217098,1.0013372014761872,1.001172302036132,1.0001686396871998,0.9993669898857507,1.0102251741672954,0.9990925449465818
60091.57694608961,0.9996515406427002,0.9990576398859139,1.000315496342969,1.000274594413965,1.0009908669718761,0.9981726455690529,0.9751622820213672,0.9982991104518915
60091.5770298419,0.9993557714421266,0.9992767819602937,0.9984315501203936,0.9986056735072377,0.9970635230236178,0.9984145362375689,0.9818822018477208,0.9984382194895464
60091.5771135942,0.9999078152387846,1.000839979996527,1.0012989946663415,1.0019156962000297,1.0021454832535006,1.0006622102536928,1.0012028794769239,0.9989434624876847
60091.57719734648,0.9992146307042584,0.9997494214207628,0.9994036588048557,0.9992151507568979,0.999529946967635,0.9998357946767388,1.0154584725806663,1.0078961448709283
60091.57728109878,0.9990082940977297,0.9983927615083779,0.999251963631404,0.9990714643819932,0.9992638460206598,0.9979211906437018,1.0029490103021672,0.993737909773925
60091.577364851066,1.0001522892965231,0.9997617576858111,0.9992578579329278,1.0011123410334237,0.9995649636001879,0.9990119572684201,1.0075226143513758,1.0016944590967967
60091.577448603355,0.9999983335029415,1.000529396637795,1.001966363050013,1.0011949481011184,1.0011736682242889,1.0010557276674061,1.0182250887384907,1.0049195027912985
60091.577532355645,1.0001898495965742,1.0009959016818508,1.0014038363025166,1.0020262298217946,1.0014045873141353,1.0008706874289612,1.0155864322308572,1.0072017361594214
60091.57761610794,0.9994973382562845,0.9990809964660025,0.9998672108070864,0.9987552803851885,0.9997224496907036,0.9998625110104093,1.0120329630757825,1.0050182303907593
60091.57769986023,0.9990694771091082,0.9999814561398694,0.9988243789993643,0.9991547280647284,0.9981697716662131,0.9974548372118013,1.0047003252392745,0.9935452980389664
60091.57778361252,0.9998223267647944,0.9995195629871869,0.9993939039108315,0.9987789015766035,0.999840135869125,0.9997566106162856,0.9938223789078807,0.9919669487076485
60091.57786736481,0.9991563741448922,0.998687134633742,0.9984238427162112,0.9990258833035147,0.998741667688611,0.9980617494329699,0.9808076394779071,0.9870464215214739
60091.577951117106,0.9988807800294687,0.998628665278871,0.9992925650944529,0.9993940377002968,0.9998940475442651,1.000251256419298,0.9953662421093638,0.9961217676900864
60091.57803486939,0.9999756810419971,0.9996157268258279,1.0006327293522481,0.999704817273237,0.999589395630801,0.9989754915810134,1.0092627398313896,1.0055537995103199
60091.578118621685,0.9994180705276317,0.9989309021122912,1.000248830594748,0.9988748406067355,0.9986183583234607,0.9980874026916193,0.9781011298052088,0.9955463320743712
60091.578202373974,0.9998434601277619,0.9994587036198502,0.9991578757909448,0.9983543561568462,0.9993579229856087,0.9971361272772782,1.0075612174433148,1.0013539678551844
60091.57828612627,0.9985611035590991,0.9994596776833896,0.9986619345608765,0.9985411112139353,0.998951064983212,0.9969541062765347,0.9953307946539468,0.9999683642910606
60091.57836987855,0.9988148303618014,0.9985580342419933,0.9991191354180079,0.9982306275689339,0.9982557851853509,0.9970327607749768,0.9728910443314043,0.9969335425679399
60091.57845363085,1.0006269774041958,0.9999238627653074,1.000662475230302,1.000194336673109,1.0002715634333506,1.0015246016683053,0.9941729580497572,1.0040814907546352
60091.57853738314,0.9998631597235351,0.9995582206789304,1.0003092590689628,0.9995809308504435,1.0001903472275515,1.0010599827857807,0.9888594321147065,0.9983716587490855
60091.57862113543,0.9989098771962356,0.9990420234519989,0.9999166677108956,1.0001664254239373,1.0007370368032038,1.001013463389587,1.0129180980412986,1.009271100261091
60091.57870488772,0.9991056565733059,0.9992002396208088,0.9994604344937633,0.9997040526764046,0.9973034637245966,0.998794902817518,0.9856542910555772,1.0033859306007593
60091.578788640014,0.9988349748328922,0.9984237590658533,0.9993160789465382,0.998826256128885,0.9997389362217769,0.9994878532334018,0.9889519084517566,0.987002521208204
60091.5788723923,0.9992595037736204,1.0000228464968224,1.0004833962111033,0.9998458622819052,0.9988462242826945,0.9984063880498993,0.9832586013240405,0.9976063155963171
60091.57895614459,1.0000009112277368,1.0001888100914207,1.0009800076797788,1.000240125439558,1.0016171238756792,0.9984500004612714,0.9934745360370821,0.9955980965837232
60091.57903989688,1.0000235287161883,0.9990166647224272,0.9999746914888996,0.999481452699641,0.9989354073817778,0.9985321209165442,1.011204362294737,1.0023333720063667
60091.57912364917,0.9993297538501796,0.9994672887121859,0.9992354620261535,0.9997146805075657,0.998919723334432,0.9980117301391085,0.9732008660423402,1.0084161172956134
60091.57920740146,0.9994656669879988,0.9993183280626885,0.9990829319616289,0.9986963398253673,0.9980938354740148,0.9971391223909597,0.9998701248191821,1.000667234882883
60091.57929115375,0.9998156676555349,1.0004785648759287,1.0009262820447047,1.0016790016082666,1.0030150011923997,1.0009746096467316,1.0174126994128947,1.0110683392615638
60091.57937490605,1.000000200908046,0.9997589437315703,1.000053257559188,0.9995435047403318,0.9988651052291116,0.9991372966128372,1.0176454986116648,1.0076190180151554
60091.57945865833,0.9994477480487434,0.9994435874998092,1.0000323620626352,1.0002378691884373,0.9995232600190552,0.9985236383367901,0.9682931580940692,0.9892954643051367
60091.579542410625,0.9983489958085633,0.9982455722956605,0.9974581214600442,0.997333772085624,0.9976684503640151,0.9964817651186719,1.0106284525907132,1.000147357141089
60091.579626162915,0.9991472534132132,0.9986943832782073,0.9988550777549511,0.9985301738947951,0.9997776821644925,1.0017065869617239,0.991922043663536,1.0024716098423252
60091.57970991521,0.9996525645595812,0.9989902747140984,0.999556301381269,0.998898613102277,0.9992337036066559,0.9987675817517148,0.9782549112687368,0.9927073225935891
60091.57979366749,0.9996462448305361,0.9997862823247868,1.0006778905294904,0.9998042074831899,0.999581931833564,1.0009057305206372,0.9972988611906655,0.990435024315965
60091.57987741979,0.9980036511561102,0.9983093565355787,0.9982562106112701,0.9973354097097583,0.9971136636614375,0.997864495226301,1.0193523148893926,0.9941008950503187
60091.57996117208,0.9993765980343664,0.9996198170753331,0.999243100979311,0.9987139284938444,0.9994165924923373,0.9977012776380599,0.9811362626960256,1.0051133699442936
60091.58004492437,0.9992890923931845,0.9997375767212794,0.999115367024847,0.9990331827928671,0.9985858927858042,0.9995412669817944,0.9898159292655564,1.0044781949717216
60091.58012867666,0.9995648605308934,0.9989218610223329,0.9995922614268604,0.9995850521554924,0.9997201293114379,1.0005925544258611,0.9742293443098454,0.9919465495279158
60091.580212428955,0.9991904903895309,0.9995239232848571,1.0002201365140762,1.000604616731036,0.9995461880008106,1.0008771080185868,1.0049617076185093,1.0027708198448615
60091.580296181244,0.9998913866738522,0.9996449129724982,0.9999205467281619,1.0006134850472594,0.9994896734616543,0.9988604887924339,1.0121617900036182,1.0058297799697173
60091.58037993353,0.9991271437570818,0.9989501761056271,0.9995439117457525,0.9992442275713003,1.000768558833061,0.9994687132982419,0.9730811057595089,1.000032529485424
60091.58046368582,0.9989774637971269,0.9991479643879637,0.9984177962971035,0.9976134537002109,0.9983816409674651,0.9976395661573485,1.0112202824617336,0.9930549256611598
60091.58054743812,0.9997786335182176,0.9997903587174815,1.0008482051368426,1.000262489784736,0.9995985273916509,1.0011343793677854,1.0242514693371607,1.0036318082160982
60091.5806311904,0.9990740896973869,0.9992548908815965,0.9986941828468081,1.0005703391924925,0.9996035779370691,0.9986722124428349,1.0090568766408445,1.0041957055885289
60091.58071494269,0.9994123454885028,1.000462430886947,1.0002298069109168,0.9993799294255511,1.0005712486923193,0.9989395479716427,0.992224002956433,0.9928754502135948
60091.58079869499,0.9997522374251743,0.9998921467609405,1.0011153893089593,1.0002498691760315,1.000417242734095,0.9997645679423711,1.0261163956066979,1.0072742615772674
60091.58088244728,1.0000425081726667,0.9997014051456877,1.0006787448647316,1.0014320827959544,1.0005224805598953,1.0012819395435766,1.0054966821453364,0.9999887317844632
60091.580966199566,0.999263217841885,0.9990210141006752,0.9999942106403538,0.999260056974105,0.999739419545763,0.9992732717776912,1.0002522429158955,1.0083132249026048
60091.581049951856,0.9977918944957979,0.9983759982797137,0.9988604105919453,0.9992621701967124,0.9995706038769635,0.9991187224594292,0.9767874062312196,0.9998174475509499
60091.58113370415,0.999666763339267,0.9996537829276535,1.00014764880419,1.0002878914792395,1.0000968924899976,1.000707028609839,1.005712970426561,0.9976559789823057
60091.581217456434,0.9995448304293073,0.9993727374997824,1.000406870532591,1.0001982498913629,1.001745663169366,1.001555216033618,1.016177661504614,0.9960238431087308
60091.58130120873,0.9998674217467027,0.9998036035933926,1.000644823474156,1.0014275410299494,0.999974081355845,1.0014704897661992,1.0090493581432511,0.9985157388892584
60091.58138496102,0.9993381567005478,0.999596537825187,1.0008041258482492,1.0010984380537002,1.0007757893573972,1.001871788329186,0.9979955557585982,1.0001451446924594
60091.58146871331,0.9991776454024047,0.9989251118811716,0.9992647527596369,0.9987400840169133,0.9993486439010714,0.9980517634777532,1.0004225592950662,1.0113102000469194
60091.5815524656,0.9992384638806794,0.9991349684237922,0.9987962303370633,0.9994729188976474,0.9993255989710035,0.9999226765379099,0.9990810598665832,1.010440635994559
60091.58163621789,0.9996112441388988,0.9993200820028508,0.9993131207522434,1.0001133661327808,0.9998471175274523,0.9984482344016646,0.9974503877915711,1.001187841230053
60091.581719970185,0.9986703499083764,0.9991403347131366,0.9990189069580512,0.9977627592660893,0.9975420389682644,0.9977725575221333,1.0034959257733485,1.0148987873522621
60091.58180372247,1.0006489145568807,1.000065330520108,1.0005643050960635,1.0000611856020316,0.9993890930478244,0.9982732398317905,1.002380163950994,1.0070395849698905
60091.581887474764,0.9993202971515173,0.9999401738915814,0.9996941568372876,0.9989323887697693,0.9996435768172258,0.9974703740648337,1.0099706353413442,0.9970744226551854
60091.58197122705,0.9989445020123392,0.9994395318604021,0.9988174125123983,0.9986233662191124,0.9987234526302922,0.997158138280923,1.0082978612622546,1.0018690160643442
60091.58205497934,0.9998687498612604,0.9996553449797252,0.9998115603503336,1.0003658878839596,0.999602898576525,0.9988277980758514,0.9961527789835289,1.005833446111008
60091.58213873163,0.998979145522448,0.9999311446150331,1.0003194236497337,0.9999289013266195,1.0001456642400226,0.9985716478058496,0.9960350928717632,1.0030956621765375
60091.58222248393,0.9989351761192028,0.9988883668762771,0.998804884049293,0.9980890112438608,0.9985869248000864,0.9962412542658688,0.9809730964776379,1.0030946654361717
60091.58230623622,0.9993630319102315,0.9992598262688324,1.0003011099989834,0.9998001734709004,0.9997056241030826,0.9976844762697226,0.9960291849480039,0.9975907704896699
60091.58238998851,0.9991738790329342,0.9981593356804337,0.9971974816287767,0.997924878272422,0.9980777011600726,0.9969416000152698,0.9846630938758909,0.9986403125360434
60091.5824737408,0.9985680360944421,0.9988131250335831,0.999342343374503,0.9986185778298738,0.9994119497378885,0.9983180407522984,0.9926443694891078,1.0115313340390835
60091.582557493086,0.9986823210557766,0.9980744334696768,0.999541727580395,1.0006367959530458,0.9993275316432235,1.0007377414736993,0.9932693943056776,1.0007514594829892
60091.582641245375,0.9991528021720727,0.9990803692058645,0.9993360612090083,0.9987437685091928,0.9990637821369855,0.9972698765934093,0.9937275394553531,0.9923550114106371
60091.582724997665,0.9995182663527722,0.9992701540626269,1.0003453907895736,0.9998183828103409,0.9997755958065969,0.9996450536519705,1.0030538371458717,1.014792244857013
60091.58280874996,0.998860750032905,0.9996125456341795,0.9993080540927043,0.9977878379624265,0.9986598915031053,0.9975898466944412,1.0012464554382159,1.0016654900341309
60091.58289250225,0.9991349896206116,0.9997320652866338,1.0005311931492404,0.9995075420178068,1.0010517931756158,0.9996953704641703,0.9888594720418242,1.0224648246439088
60091.58297625454,1.0001206548386243,1.0004802576417846,1.000695583401558,1.0025008779952405,1.0012010160414162,1.0019099868062233,0.9953425073462453,1.008559756318821
60091.58306000683,0.9993567507769557,0.9990706942147158,0.998838806874584,0.999255234834325,0.9978529593112805,0.9982859386739312,0.9709074266441843,1.0061333249191995
60091.583143759126,0.999183059364883,0.9984410206927031,0.9993209368549923,0.9990462869765389,0.9989574139979476,0.9990676682262466,0.9981103926670633,1.0004008725566595
60091.58322751141,0.9993178365793228,0.9992682580422643,0.9985039181070585,0.9985340114360591,0.9988441145351364,0.9994609618421442,1.0081520977774168,1.0017275418035632
60091.5833112637,0.9997400207876761,0.9995895636988256,0.9996605377185848,0.9991814238955803,0.9988021312136401,0.9966455030656576,1.0083931552495513,0.9783026063992645
60091.583395015994,0.9987817792028646,0.998454673801747,0.9990831545690438,0.9982902470779799,0.9990725737185838,0.9960368123419315,1.0044971630284876,1.0024260229136617
60091.583478768276,0.9986539940190153,0.9988274854785275,0.9994236618706986,0.9995072189697873,1.0006258775256982,0.9983572256441826,1.0082191243762055,0.9993618202525973
60091.58356252057,0.9993841153875107,0.999096893037373,0.9996770242970795,0.9993087555158241,0.9998985498983667,0.9979479908922826,1.0047880426943636,1.0010540161856716
60091.58364627286,0.9988832522591609,0.9989949471412152,0.9995747867447948,0.998538301593522,0.998301378997524,0.9958642205965573,1.0056868285340252,0.9978155984701116
60091.58373002516,0.9988792381416086,0.9989085696590573,0.9988954333530939,0.9986450488232924,0.9984878070198188,0.9979665776942821,1.0063512239110988,0.9992975476820058
60091.58381377744,0.9996543869625436,1.0001740033550068,1.000045368134933,0.9999801990588615,0.9994669118895511,0.9991135016183866,1.0221090935875083,1.006742164367436
60091.58389752973,0.9994174966846818,0.99992698808272,0.9998926341898047,0.999405960714721,0.999290515038595,0.9975299023554786,1.0182676712622056,0.9984736380523854
60091.58398128203,0.9984198991775949,0.997727997752846,0.9985579065215776,0.998820159395168,0.9986282173468835,0.9966842023217434,0.9779452381298999,0.992118991001989
60091.58406503431,0.9994283123745173,0.9991147547854463,0.9994341879619848,0.999213067795116,0.9996003419304818,0.9981771667258758,0.993432192936651,1.0161657697081021
60091.584148786606,0.9990946992081153,0.9996276229934647,0.9992993699494067,1.0013438005024138,1.0004269874912197,0.9992101962245831,1.005344930411953,0.9978242781190679
60091.584232538895,0.9994336428441069,0.9992066621567117,0.9989355533936283,0.9988322903966811,0.9999461580906475,0.9990115063724235,0.9801025041674163,1.0100622631029212
60091.58431629119,0.9981898938073717,0.9991685825557789,0.9990323213956473,0.998489299197223,0.9992492431994461,0.9996708194601617,0.9915828551654168,0.9922980298536108
60091.58440004347,0.9992560836633384,0.9995561513526516,0.9996880322261927,1.0006097627663382,1.0008846196482415,1.0006836340282668,1.0021915808719124,1.0125401296589778
60091.58448379576,0.9991920665147266,0.9990562959668599,0.9990094619247891,0.9970467287650293,0.99634685135229,0.9961955127917723,1.0021193247269533,0.993501706205126
60091.58456754806,0.9988362339476661,0.9977721124098369,0.9987005188518845,0.9977582946726665,0.9977425065263272,0.996793702514485,1.0080865185758567,0.9864927667943947
60091.58465130034,0.9993669420555068,0.9998816542818262,0.9992911074236468,1.000071803013897,0.9996953871027139,0.9983707294316373,0.9973193558795119,1.0120144200967256
60091.58473505264,0.9991348146006125,0.9982095675126454,0.9983202879819585,0.9978323549765645,0.9980986007902952,0.9990885395081806,1.006826199604395,0.9821413343223117
60091.58481880493,0.9983201951203189,0.9986176416433045,0.9979449469617816,0.9992888984819254,0.999461308100649,1.0012238826697992,0.9993379977877304,1.0099991882818722
60091.584902557224,0.9990913810221714,0.9992757833120903,0.9999748632016748,0.9997732576882181,0.9996089142106045,0.9982983220024825,0.9909831245700265,1.003838627305356
60091.584986309506,0.9983573251956914,0.9985851935268044,0.998393132747191,0.9990751075959146,0.9988754283034385,1.0014540647743708,1.0097440842397991,0.9954045884249375
60091.585070061796,0.99910972157426,0.9990581225754572,0.999681632791595,0.9983395065666609,0.9982000181174358,0.9999176467472363,1.0006046942056388,1.0033112152375325
60091.58515381409,0.9992659049476157,0.999237737235699,1.0003395422856745,0.999444894581669,0.9997611313274403,0.9997296511343421,0.989589878882483,1.0063862031135846
60091.585237566374,0.9990807815211559,0.9999211906996982,0.999469472407664,0.9995643032996772,0.999318702201558,0.9998030945546204,1.0045308593547655,1.0050908748125569
60091.58532131867,0.9988513470007411,0.9988956538983608,1.0002551170266332,1.0007958444078953,1.0006564470037531,1.0011862232142477,1.0079932491949277,1.0128237573367493
60091.58540507096,0.9994440062545386,0.9985554998505016,0.9993904038849544,0.9989205109222441,0.9990284147218673,0.9989537322546759,0.9885317542159758,0.9892373101736862
60091.58548882325,0.9989476199203724,0.9990390191422178,1.0002022297183972,0.9997882694006502,0.9991344198533431,0.9999228041835052,1.0092710125524103,1.0022915526011458
60091.58557257554,1.0003119059079735,1.0000490694571493,1.0008869843226058,1.0007033302850066,1.0004167436298832,0.999626671122029,1.009997308782151,1.003394783498094
60091.58565632783,0.9985679696151986,0.9984075475553603,0.9999807395315009,0.9990361493009527,0.9989809380730486,0.9990457202295787,1.0120195890250052,0.9957988046304515
60091.585740080125,0.9991720226551927,0.9991065179013499,0.9996406967378219,0.9984332600872058,0.9994832295784474,1.0002609455506353,1.0082621349444147,0.9938398557297916
60091.58582383241,0.9985381574552394,0.9982734041785611,0.9984434615803828,0.9983932566222243,0.9977015060696358,0.9988812449425177,1.0031006434567165,0.9928933520811432
60091.585907584704,0.998473863887403,0.9980332212078605,0.9990474187166054,0.9980495167789224,0.9982765844583282,0.9995528588698976,1.0128306297342122,0.9900760905333338
60091.58599133699,0.9990002123011495,0.9984900607753517,0.998555551285291,0.9979602008812789,0.9983571160019262,0.9995559997053335,0.9723681495614558,0.9945778908448939
60091.586075089275,0.9993615737778168,0.9993902922269104,0.9994830552355367,0.9987675994824082,0.998780410263215,1.0003932241915539,1.016319655841658,0.9990191378119418
60091.58615884157,0.9994096158486588,0.9990126019311181,0.9993686346089916,0.999559564763528,1.0001973964975965,1.001823901341105,0.9941556798379253,1.0008401734813115
60091.58624259386,0.9991630200738281,0.9996517691563295,1.0001924201919223,0.9992227819687073,0.9993054400134269,0.9999906796816106,0.9819581015033761,0.9963141633719136
60091.58632634616,0.9997749573630764,0.9992237018191678,1.0004281411316989,0.9999047194375077,0.9993245344606836,0.999735641759502,0.9807792441866854,1.0037334002785965
60091.58641009844,0.9991576718554357,1.0003023705490657,1.000056228288364,1.0003952157086669,1.000013231222439,1.0006735230974133,1.0085477478034577,1.0089656498066715
60091.58649385073,0.9986627718522261,0.998681470901893,0.9990428697250215,0.9993543531455281,0.9982129143041281,0.9980807816932852,0.976053226704921,1.0010693854034127
60091.586577603026,0.9992853841536687,0.9986045530875419,0.9977492730053227,0.9962419208295447,0.9961945123597193,0.995669624063957,1.0022630264144718,0.9919826733231532
60091.58666135531,0.999079881163248,0.9985246121896664,0.9989407601266935,0.9988984561148985,0.9990783265776015,0.9979543206021815,0.9908465307459907,0.9929571162600838
60091.586745107605,0.9992356080037883,0.998772211044403,0.9996515517942379,1.000058498021981,1.000076304472452,0.9989537928816139,0.9951410610429892,0.9945252877447516
60091.586828859894,0.9998642638250964,0.999761166185184,1.000068643069155,1.0012177206932453,1.0006197181231598,1.0018954065400156,0.9979388349919703,1.0084993720150814
60091.58691261218,0.9991678738462819,0.9999777741873533,0.9993739899861191,0.9992475571095831,0.9999508934681599,0.9968488796289273,0.9944037092191801,0.9988217437604284
60091.58699636447,0.9997376641352472,0.9996126880975174,1.0001407091992593,1.0008659474234085,1.0003083937315205,0.999010760965163,0.9729843856020587,1.0047880169330314
60091.58708011676,0.9997454537592274,0.9982129991485841,0.9998730090204366,0.9989613808837727,0.996996874585725,0.997738978019492,0.9934540099956015,1.0009113964217498
60091.58716386906,0.9989813724720874,0.9988832399202321,0.9992529754832896,0.9993984312530669,0.9987305212981639,0.9990253096436029,1.004793059394664,1.0021877225544713
60091.58724762134,0.9985764479242343,0.998782779193197,0.9988210344513254,0.9974887421589345,0.9980726891608181,0.995930866767524,0.9716554336406493,0.9924716612496686
60091.58733137363,0.9994547230131773,0.9998952766121479,1.0006548430354087,0.999901334761708,0.9997117167047449,0.9978403953711259,0.9959671871269895,1.0074405208320991
60091.58741512593,0.9985363074838703,0.9981071824769203,0.9980897151784512,0.9976936923473334,0.9984457363769159,0.9963616301033567,0.9791994967191011,1.011970251295873
60091.58749887821,0.9986750611127841,0.9987883671915101,0.998062761785068,0.9975025850656851,0.9974187601656065,0.99687743420885,1.0121877718391268,1.0041549173680626
60091.587582630505,0.9994889423899127,0.9999307775053381,0.9998399033032989,0.9985350932979525,0.998526835010678,0.9979248923052846,1.0022787468761687,1.0008269248187092
60091.587666382795,0.9989219607177127,0.9984014959605284,1.000680306590157,0.9990777462700844,0.9993573041886974,0.9976529668277668,0.9836814189216468,1.0028487202954144
60091.587750135084,0.9989830555627008,0.9990527674609601,0.9996341747483279,0.9989864864010721,0.9981853285985397,0.9974813605196032,0.9913517163665956,1.0087095054129698
60091.58783388737,0.999360975884714,0.9994484893625033,0.9997696522391482,0.9999573397722119,0.9999407301296349,0.999164780788837,0.9857369891439105,1.0001108696269005
60091.58791763966,0.9992258020527962,0.9983133064928591,0.9992193002219095,0.9981486029348828,0.999595446006326,0.9990153781326172,0.9966127255764374,1.005037633033846
60091.58800139196,0.9988222247335962,0.9994295955693978,1.0005864694095739,0.999617958185693,1.000473037869605,0.99996440518563,0.9999898620624458,0.9867116421404505
60091.58808514424,0.9998708859664355,0.9997935422718119,0.9987398189525902,0.9992823809382805,0.9998369477021942,0.9992502062752556,0.973407825877966,0.9998209734935504
60091.58816889653,1.0003186015650638,1.000101501520993,0.9999994601128344,0.9998763205752684,1.0001511838885122,0.9973699491961345,0.9953095304574816,1.009477479910158
60091.58825264883,0.9993417563993079,0.9999047634827256,1.0001179182549373,1.001219863279322,1.000591168763476,0.9995222534516429,0.999004388141421,1.0002932841617878
60091.58833640112,0.9990065025188717,0.9989721196741779,0.9987704923363686,0.998262975294386,0.9986415399739024,0.9983006749237036,0.959369111840853,1.0011501523228639
60091.588420153406,0.9991547010839276,0.9992184498325463,0.9992627788555908,0.9984983733568523,0.9986974113908986,0.9977969101333869,0.995495182439973,1.000067680845685
60091.588503905696,0.9985680118342443,0.9989031785934802,0.998677499259241,0.9986349732646559,0.9981008664065643,1.0001915230003207,1.0044988668759727,1.0114480628574547
60091.588587657985,0.9998368913378539,1.000951432750275,1.0013462895296144,1.0009550949173158,1.0017422230178046,1.0023940248368484,1.0141559207745414,1.014536251325972
60091.588671410274,0.9990458433179068,0.999573663806929,0.9999027352655432,0.9995652127197343,0.999953512860871,0.9983471116253466,1.0005491605692927,0.9989048341403599
60091.588755162564,0.9993755694964951,0.9995533310127837,1.0004682740846715,1.0006200249250883,0.9988960524969955,1.0012514972557456,1.0204278229968615,1.0019683534454438
60091.58883891485,0.9993488486213649,0.9990114291468671,0.9992780535149185,0.9994300868680788,1.0002542422343743,0.9998126762066402,1.0201816428459007,1.0038596402157653
60091.58892266715,0.9989335906995158,0.9991011583169137,0.9989358747321133,0.9986105466965813,1.0007979394925361,0.9982817704573144,0.9975452159683043,1.0118649920656475
60091.58900641943,0.9991550951283543,0.998515841147873,0.9981790605295312,0.9978800939460184,0.997591540538132,0.998718361867723,0.9840581419951132,0.9984452615805056
60091.58909017173,0.999070136755442,0.9984364374727952,0.9991516375352915,0.9982611549586791,0.9996262926051023,1.0009633576389612,0.9807375845179086,0.9992170412266946
60091.58917392402,0.9987426114809124,0.9989589464450016,0.9996485931846311,1.0000250700797875,0.99911482617713,0.9973064209299746,0.9955761788941536,0.9920477184791827
60091.5892576763,0.9996755430103715,1.0002947736325052,1.000764132138178,1.0011934784320422,1.0020440946176794,1.0009060501807532,1.0022880097931937,0.9990702898599507
60091.5893414286,0.9988297319520691,0.998090122635883,0.9976989528181788,0.998798268903605,0.9973223371239495,0.998335799496312,0.9951232270756548,0.9937470816853753
60091.589425180886,0.9985792385821517,0.9994324694208196,1.0006453039527792,0.9996936932044237,0.9999851562674834,1.0002066486392787,0.9879547939285785,1.002089751423045
60091.58950893317,1.000793308786832,0.9998025486239595,1.000349590012655,0.999316600547534,0.9991588051670036,0.9974855515252604,0.9896770600140801,0.9966278988927245
60091.589592685465,0.9990741442565764,0.9988356866669692,1.0004050042699526,0.9990833285199187,1.0005639694551125,0.9986948437129166,0.9969599474942886,0.9996208305667197
60091.589676437754,0.9991735303582282,0.9987947346194522,0.9998967039487026,0.9992711684300867,0.9999517500287872,1.0001719445986303,1.0076921156491991,0.9985539901504511
60091.58976019005,0.9983656788430174,0.9987365639842113,0.9990071446707038,0.9981763364079379,0.998349023927168,0.9996147607739425,0.9857495733488122,0.9895183996855337
60091.58984394233,0.9986321661947547,0.9982804657880123,0.9988190824455663,0.9971662470601282,0.9979538676169925,0.9969329675267808,1.0026046688182562,1.0064039478971707
60091.58992769462,0.999569890636128,0.9994217434831829,0.9990741587527121,0.9992673795454378,0.9993552054810599,0.997591867131654,1.0017051327287083,0.9915035510655531
60091.59001144692,0.9991583787618952,0.9998540035591628,0.99998627885424,0.9991684092979101,0.9979197089796327,0.9965606467186662,0.9710390071140594,0.9958433277947957
60091.5900951992,0.9987934280362069,0.9995243182358857,1.0005129437208804,1.0007719314762007,0.9998567068524732,1.0020735855715048,0.9693075041138288,0.9953030174631529
60091.59017895149,0.9994681679413451,0.9999467841010613,1.0002031793111876,0.9994140641349932,0.9987183363443292,0.9995847479010777,0.9966805173607474,0.9963458589633555
60091.59026270379,0.9997925387074996,0.999194103991126,0.9998989604916747,0.9987364083486305,0.9992175774011299,0.9998010288022771,0.9797762283710305,0.9945201465515187
60091.590346456076,0.998202470724562,0.9982621648365153,0.9995699267975343,0.9985336251244693,0.9986165206444568,0.9995018502754764,1.0009710578215663,1.0024961925970428
60091.590430208365,0.9991432164007557,0.9994453224108032,0.9992459457933365,1.000095703432466,1.0004508191871617,0.9993456095451996,1.007811172179547,1.0075679180568402
60091.590513960655,0.9982216029887805,0.9986046266499646,0.9988209145770814,0.9987747911893812,0.9980414174939084,0.9988558217587835,1.0007317619875418,1.0024872914258507
60091.590597712944,0.9993130514390739,0.9997841854764558,1.0007216434580952,0.9994166806245381,0.998299719641307,0.998554739254857,0.9933909396670261,0.9910587867719716
60091.59068146523,0.9995952637574927,0.9994514670442198,0.9997130689908772,1.0002436964662063,0.9978107144621713,0.9984191696405289,0.982163805577996,0.9864894675688959
60091.59076521752,1.0000558180944084,0.999726090127757,1.000016862492797,0.9994621590555057,0.9990295892571598,0.9969444736997747,0.9887788319515469,1.004236995603245
60091.59084896981,0.9995107344540115,0.9989511535535488,0.9991563127440712,0.9977977269209496,0.9993898012244327,0.9965318757237681,0.9820301068098347,0.9877615098100936
60091.59093272211,0.9986443123096428,0.9990352271014926,1.0001285883463387,0.999469401114099,0.9992914861150097,0.998360841084982,0.9966737260734725,1.000663950098014
60091.59101647439,0.998949383615756,0.9989717754250276,0.9989671194724061,0.9991896688986266,0.9991191165273303,0.9970351780246695,0.9949743002686298,1.0053780308383946
60091.59110022668,0.9993964512255483,0.9993060106352397,0.9998129449261676,0.9992061302890457,0.9987173835430372,0.9983040920256862,0.9998157514394312,1.0088352470191326
60091.59118397898,0.9990717567800432,0.998233934937485,0.9985185724785268,0.9984227856540009,0.9988393745420638,0.9972780923458638,0.9939457660752754,0.9996230591249177
60091.59126773126,1.0002392471403356,1.0005226541819805,1.0013576775072754,1.0019207323591226,0.9998400817298528,0.9995139002772295,1.0076654856210723,0.9965945437023247
60091.591351483556,1.000068027905444,1.0000973227028418,1.0002839832731483,0.9996978692481648,1.0001590060777512,1.0002950044254602,0.9701801877440831,1.0050947556827974
60091.591435235845,0.998721557462445,0.9984619373247232,0.9989146864403602,0.9991206654428536,0.9986271812783929,0.997230370949153,0.988686159647463,1.000081760671125
60091.59151898813,0.9995389554705572,1.0003617769308397,1.0000535274366984,0.9992855515449143,1.0005621555400057,0.9976208209715183,0.9834006667665578,0.9976484424310246
60091.591602740424,0.9991047211378823,0.9992759140897307,0.9986393741149038,0.9980409732057236,0.9988750939871958,0.9985130294856317,1.0066726541134439,0.9956797236726374
60091.59168649271,0.9997781462138096,0.9996287426492992,0.9995843510104545,1.0001585878701909,1.0002261849308172,0.9985835876178729,0.9767721343614081,1.005821342865357
60091.591770245,0.9987514290126289,0.9990763743576264,0.9990123739061468,0.9979156988230677,0.9970170595526063,0.9962230722188016,0.9986980355236369,0.9896896506342966
60091.59185399729,0.9986911636878709,0.9990689243743425,0.9988708207355769,0.9982874726538475,0.9982841396311802,0.9963061005678671,0.9993764052001943,0.9877994299789122
60091.59193774958,0.9984401661049226,0.997928513975028,0.998119184987065,0.9977665480510319,0.9970245809195994,0.994219347955383,0.9832018233767609,0.9982743494498143
60091.59202150187,0.9994692101321415,0.999698781483131,1.000173597443753,1.00006284346652,1.001125076418734,0.9979253706458934,1.0066143528011022,1.0101658861776848
60091.59210525416,0.9999256270025768,1.0011694100862938,1.0013164314794727,1.0005247459997135,1.0027197908436614,1.0003163904025902,1.0050849516861384,1.0045537703320322
60091.59218900645,0.9996869447257671,0.9990927250747875,0.9991792548998409,0.9994567629571072,1.0000572422717435,0.9993966868371157,1.0112621735195728,0.993764488587219
60091.59227275874,1.0001313487023578,0.9994502223578092,0.9996191087645738,0.999168876371505,0.9997935028698398,0.9981890716463948,0.951063168704613,0.99918389279665
60091.592356511035,0.9995903106862634,1.0000779843423857,1.0010805679742962,1.0009405785950336,1.0006506010850649,1.0001630215701038,0.9958223276227691,0.9926555432596732
60091.59244026332,0.9992772011679081,1.0002413172502378,1.0004043586857962,1.0001976703491984,1.0005560360558248,0.9996094309702722,0.9799264023994336,1.0109091948101399
60091.59252401561,0.9993548659381162,0.9993623397195162,0.9997180748637919,0.9994282434503914,1.0001945224382403,0.9983821780184792,1.0181973504235045,0.994493867191281
60091.5926077679,1.000013844696321,1.0008588087200936,1.0002614194669213,0.999714728067413,1.0000757635163378,0.9989191966236872,1.0029486686996207,1.0056627078085143
60091.592691520185,0.9992267682598126,0.9990694312015558,1.0005604649671345,0.9998582200152691,0.9993641333464252,0.9998822858360977,0.9951887116964782,1.0152352761183319
60091.592775272475,0.9995659707762712,0.999304403628354,0.9997307631088816,1.0005920188054873,0.9990061888665943,0.9994377995334834,1.0093882954543136,0.9931604110521739
60091.59285902477,0.9996179432617315,0.9989292011089765,0.9991981507807381,0.9982275348826788,0.9991779009240813,0.9969385530666349,1.0015326044639004,0.995768404495905
60091.59294277706,0.999892106393057,0.9999603634561136,1.0010932846116478,1.0007878234944858,1.0008548843391103,1.0025757706970122,1.0054441635727795,1.0083717955008735
60091.59302652934,0.9982656699579301,0.998906289543232,0.998901998799361,0.9980503999264014,0.9996892517759348,0.9998574659281548,1.0235027858627388,0.9953539878240648
60091.59311028164,0.9987812293575565,0.9995441086348754,0.99997245601359,0.9996270198820502,1.000133624114978,0.9999854970088393,1.003392558282352,0.9988757603028166
60091.59319403393,0.9987043480552118,0.9988309470630565,0.9993922374889405,0.9994622158381744,0.9987007972160705,0.9992235218192723,0.9869528468735052,1.0043449792780323
60091.59327778621,0.9989192488266715,0.998688721845184,0.9990583407515752,0.9993720699364451,0.9991066303146424,0.9995817563709389,0.9938337021234327,1.0012687510905818
60091.59336153851,0.9990222890287394,0.9990336619843201,0.9998527656020153,0.9995992225970407,0.9995105785182785,1.000238772367234,0.988488409730885,1.0135757389659117
60091.5934452908,0.9989424011947247,0.9984998612440705,0.9991213613788895,0.9995192269837291,0.9982851451995507,1.000283847470912,1.0032931281698203,1.001819664260601
60091.593529043086,0.9992925370262206,0.9988853626942087,1.0001973965399051,0.9997785413180469,1.0004705190836292,1.0014172706416054,1.0038217189239043,1.0129616274890476
60091.593612795376,0.9993453502168078,1.000217175812737,1.0019769800191904,1.0015566581884436,1.0011952232640409,1.0035151690298718,1.0067759364172948,0.9926156959288903
60091.593696547665,0.9987855622709129,0.9982637301452568,0.9982887767999211,0.9989601542983607,0.9983467447760809,0.9995175174238358,0.9815590483135967,0.9921046607417123
60091.59378029996,0.9994789618915226,0.9992963978400979,1.000176717421082,0.9997345100724122,0.9995473940341819,1.0009217748680685,1.0115190180973577,0.9994883728376246
60091.59386405224,0.9991584417753963,0.9992161667793324,0.9992916107444486,1.0000058423912894,1.0006182670908703,1.0025895918454522,1.0290708558520842,1.0096396896614175
60091.59394780453,0.999061677455479,0.9983210027059193,0.9995016665897244,0.9996946964978483,0.998165978798541,1.0025410468204594,0.9980077699710475,1.0038576671540678
60091.59403155682,0.99893134374309,0.9986504168954748,0.9991752263701319,1.0000778606627918,1.00022552241083,1.002241543300368,1.0252169489566823,1.0010644782063616
60091.59411530911,0.9991291953716542,0.99780951085594,0.9990056117528527,0.9985618707881648,0.9983075232435612,0.9987725207233428,0.9792124078697592,1.0066312295231505
60091.5941990614,0.9987962220023332,0.9995209153991249,0.9996530375175049,0.9986374990714312,1.0004339468825882,1.00189450119482,0.9968036014236327,1.0125073277256902
60091.59428281369,0.9993137629665235,0.9993830627393262,0.9995585321371203,0.9992232893235984,0.9992883589483188,1.000291794036255,1.0121842756457269,1.0070399639051753
60091.59436656599,0.9997301217342363,0.999553525135844,1.0002703324473186,0.9998398700901167,1.0000264655300926,0.9985334293176077,1.0035418519273953,0.9982941988983617
60091.59445031827,0.9996911855343893,0.9999530275201276,1.0001073838574044,0.9998504842615312,0.9989569381586536,0.9995269156173384,1.0109695840981838,1.0012821151371842
60091.59453407056,0.9992819317489674,0.9982467055528805,0.9988986298611611,0.9973966870832929,0.9972763323398128,0.9967435606654796,0.9886005991629752,0.9948708664836473
60091.594617822855,0.9990154692875631,0.9984186300664076,0.9992784499116703,0.9983892354221789,0.9988210633678252,0.9983521876346214,1.0074350958173348,1.002514448788906
60091.59470157514,0.9999342759206666,0.9997137175284911,0.9997956816003278,1.0006838316948203,0.9999379494418112,1.0003594402011005,1.0013966599478625,1.0089527561343923
60091.59478532743,0.9994767309510284,1.0003163175885197,0.9995522820261872,0.9997862496525856,0.9985656213083579,0.9995561679801468,0.9999680393743118,0.9912392968048517
60091.59486907972,0.9980843929280868,0.9980153151435359,0.9988107596240056,0.9984413100151133,0.9986209883194854,0.996693834426541,0.9914884828479665,0.9878008788528062
60091.59495283201,0.9999891331116949,1.0000557551447402,1.0008147082332353,1.00050068914215,0.9994935761671815,0.9995201666093239,0.9984470825048957,0.9986637117389507
60091.595036584295,1.0004965485414203,0.9996205680250656,0.9994003103679832,0.999210360971773,1.0008227304141308,0.998953183207361,1.001865855062423,1.008909310305268
60091.59512033659,0.9990479775326769,0.9991269160204592,0.9995947540560207,0.9991175643812794,0.998947952349298,0.9995326612737991,0.9905530329696036,0.9948518569814132
60091.59520408888,0.999133918496116,0.9999918277390651,0.9998773701020639,0.9996302340602841,0.9999216938758587,1.0017136968052007,0.99423435884621,0.995820208103869
60091.59528784116,0.9991587432424875,1.0000175435528975,0.9994773984926721,0.9998500369796129,1.0004053688939576,0.9995667264864045,1.009043404000934,1.0053808084617697
60091.59537159346,0.9989404816984595,0.9991144856312691,0.9993976150286448,0.999003652315351,0.9991252221024588,0.999539782363465,1.0196528644988465,0.9957458415410051
60091.59545534575,0.9987769276883945,0.9988790983941422,0.9992127797426423,0.9999825798429998,1.0002155780619189,0.9994469894567326,1.0058834255485445,1.0069052165174863
60091.59553909803,0.9995388356923939,0.9990083789882843,0.9989830679193737,0.998161970492426,0.9984315897476799,0.9974370256889095,0.9883569218026925,1.004843195683619
60091.59562285033,0.9991570798961042,0.9990493471914376,0.9989331128672891,0.9995329765654963,0.998619962043467,0.9957113317093516,1.010404384290146,0.997698987110696
60091.59570660262,0.9996529374419739,1.00061027188061,1.0003107571005774,1.000337213583401,1.0010856759397029,0.9998637586159769,1.0269968455057514,0.9971776748337778
60091.595790354906,0.9999807981583742,0.9999438930723029,1.000995917464943,1.0005748244749475,1.000803066693675,0.9995113656032981,1.005148014363904,1.002176377273415
60091.595874107195,0.9998920481580797,1.0004319490327063,1.0009875130156294,1.0000974294959808,1.0004422074252888,1.0007820011140447,1.0073732260036008,1.0097454959117822
60091.595957859485,0.9989053281465706,0.9987609338355891,0.9997357150667033,1.0004337127129925,0.9988654184634721,0.9980700388048125,0.9843618875690465,0.9980723250100201
60091.596041611774,0.998797851321426,0.9987334023325816,0.9982206798098612,0.9972056513906811,0.9964540205404893,0.9968439578704414,0.991647178762821,0.9947337034520771
60091.596125364056,0.9997562635678028,1.0000336490619828,1.0002838132971337,0.9998167245968808,1.0004648291583966,0.9989428162706311,1.0093272024330238,0.99987457455638
60091.59620911635,0.998535803218328,0.9973884367381645,0.9983489449488093,0.9977951590381667,0.9967547658813353,0.9976436045438586,0.9813632088512169,0.9939105663608824
60091.59629286864,0.9990881931691521,0.9992235008634868,1.0004380122376675,0.9996821221528109,0.9994989448120097,0.9995754290680482,1.000068477633494,0.9954475582931029
60091.59637662093,0.9992501303052908,0.9999364358094042,1.0016173394667578,1.0013713515630145,1.001044439091489,1.000170160196543,0.9917239779027182,1.012189998251066
60091.59646037322,0.9990874606372021,0.9993439315533422,0.9997450349021725,0.9991648506846814,0.9981916451796101,0.9985500819031776,0.95661421328997,0.9947181901414555
60091.59654412551,0.9984999053194578,0.9996819202350927,1.0001879467116732,0.999485512186859,0.9996587847757878,0.9997966127851866,1.0109101051885738,0.9997819256079333
60091.5966278778,0.9995456278126522,0.9990315189040497,0.999153643720433,0.9988472958774771,0.9975115818853344,0.9971136262822964,0.9829452594913187,0.990042843800446
60091.59671163009,0.9988894412351911,0.9987534690376505,0.9986970341548083,0.9986138125226158,0.9993023621209582,0.9981274544300541,1.0082868700290963,1.0040593304762613
60091.59679538238,0.9994091899824141,0.9997212235137237,1.0002826471000796,0.9992943473747455,0.9993487695191521,0.9974670804686621,0.9982614492398747,0.9969140218141365
60091.59687913467,0.9992331831392445,0.9989333653678983,0.9996106208374798,0.9991231334200452,1.0000941200353353,0.9985061925712538,0.9830039342642471,1.0066994590143084
60091.596962886964,0.998774187073699,0.9984975958790434,0.9988895661223838,0.9988578866677927,0.9993382683715283,0.9983930002033731,0.9804654804789144,0.9991230661849653
60091.59704663925,0.9997517039108652,0.9999528993605941,0.999757672214867,1.000641106350863,0.9994291052133095,0.9979895618438889,1.0024057092720913,0.9875550700949025
60091.597130391536,0.999788453962315,0.9992965555650843,0.9990974458820148,0.9979231404435779,0.9972996954316632,0.9978086751710006,0.9905396959529273,1.0086614969873866
60091.597214143825,0.9981653629139601,0.9985827563245552,0.9996381907809112,0.9989205140629888,0.9990503902765653,0.9986321145060258,0.9888190502182626,0.9968008787836752
60091.597297896114,0.9984915508319517,0.998757142050289,0.9979064442985264,0.9972444450208885,0.9966424353742761,0.9990824305283418,0.9909672919777863,0.9902834420688994
60091.597381648404,0.9987504363924532,0.9982807780451716,0.9978129271727355,0.9973294103391247,0.9985893189659407,0.99886789060532,1.0044373164094689,1.0013632208825427
60091.59746540069,0.9978595898474898,0.9982927892818066,0.9993138726186035,1.0003155136801989,1.0008373250021834,0.9976873147256073,0.983527848073229,1.00702644544648
60091.59754915298,1.000098625161115,0.9999673784504878,0.9991201958991932,0.9996849470282696,0.9995854187020781,0.9982322706659232,1.0003496868503852,0.9954519796644354
60091.59763290527,0.9983611329965387,0.9979202346903684,0.9984633580619766,0.9983762705778921,0.9982356478710086,0.9990086917068134,0.9868631814421385,0.9980339468938118
60091.59771665756,0.9982725697262527,0.9987093395660052,0.9987366787004676,0.9983348417133779,0.9989974274732537,0.9981747897480582,1.0133084872033906,1.0018985344977673
60091.59780040985,0.9991779906638792,0.9991956633612342,0.999834694380405,0.9995239605844223,1.0001362576662316,0.9992729752235044,1.0075756687071622,0.9998755236262138
60091.59788416214,0.9993521725310353,0.9985551653075042,0.9986325833805695,0.9991863238560329,1.0003816233967184,0.9972086304204026,0.9961868431760659,0.9973779919884114
60091.59796791443,0.9997289658565816,0.9996730615824972,1.0003287124122886,1.0010682854096282,1.0005517470778176,0.9982273571870056,0.9982240841848566,1.0005819124658388
60091.59805166672,0.9992750990900235,0.9992342730330628,0.9986234146810369,0.9990644659055946,0.9974518586587167,0.9976254518798201,0.9875969825234957,1.0095845059902033
60091.59813541901,0.9990241092262291,0.9987555526677339,0.9981995900981555,0.9981119496972165,0.9977967000624938,0.9973822580827346,0.9923055305406172,1.0002270991597713
60091.5982191713,0.9978201785783559,0.9980922148227064,0.9980471733383888,0.9988917446925889,0.9982464447887115,0.9967190201188085,1.0064688757772133,0.9988365433450855
60091.59830292359,1.0003554210363872,1.0003962335824497,1.0011444478073326,1.0009810116440863,1.000453244601605,1.0015255239502079,0.9926309514679607,1.0082302733423343
60091.598386675876,0.9994782904826688,0.9987279474107345,0.99898872107545,0.9994247271624356,0.9982130125407105,0.9988377211656798,0.9882363855639521,0.9895259580818908
60091.598470428165,0.9981586865284987,0.9996954381604135,0.9987867775638893,0.9988051189673562,0.9985859035762351,0.9961754372855978,0.9926808293609894,0.9962425047836148
60091.598554180455,0.9986070226525788,0.9988113414641114,0.9996189040533454,0.9979004580855428,0.9984879366921078,0.9990397893346284,1.0034288467865564,0.9940092412908302
60091.598637932744,0.9989409070921029,0.9996049902241941,0.9994546186862721,0.9990914110018935,0.997355255485472,0.9985793886765054,0.9799599854449321,0.9971262844644501
60091.59872168503,0.9990547519041324,1.0001346726820362,1.00043198760358,0.9994047679795566,0.9981781820898711,0.9979111238885265,0.9844549762409912,1.0034922540654274
60091.59880543732,0.9991888704174409,0.9990884029631668,0.999245879683163,0.9989461429380208,0.9992790962053592,0.9978098193224154,0.9698100847993484,1.0057333838855211
60091.59888918961,0.9991597900542742,0.9984605413628094,0.9989116573786779,0.9991532718559866,0.9987760759404489,1.0002961849988856,0.9965695003150098,0.9957278339269904
60091.5989729419,0.9990726031563852,0.999556149564676,1.000726453077051,0.9999367719329644,1.000203704284154,1.0006617246853173,0.9827179793321071,0.9907423846474716
60091.59905669419,0.9991939112349705,0.9991660183434091,0.999777535773519,0.9998816324717988,0.9990522191610561,0.9994584254961175,1.0134593171449324,0.9963369590066493
60091.59914044648,0.9994229187338929,1.0003826067183328,0.9991700497283337,1.0000841259498043,1.0005887439727574,1.0014963422738785,1.0208442885926265,0.9971534463563626
60091.59922419877,0.9994929894320191,0.9986557197755433,1.0000790242919455,1.0003238855593577,0.9995565183103398,0.9984160384533526,0.9779426027658544,1.0024532832494542
60091.59930795106,0.9996366695089579,0.9995811513376995,0.9996154184123776,0.9999293453182339,0.9993262929266971,0.9989735757239202,1.012914084834423,0.9945409755809208
60091.59939170335,0.9978712979660344,0.9987352911371856,0.9987003986755951,0.999308369154381,0.9995280028812599,1.000175880191735,1.002723757206645,1.0063119677152026
60091.59947545564,0.9992236318678194,0.9995235155625745,0.9992588581183122,0.9989809912944381,0.9989530448089914,1.0024140236086834,0.9932794486022253,1.0036134839425033
60091.59955920792,0.999602870064696,0.9989333080249682,0.9997460601573201,1.000482895926447,1.00076547139761,1.0031243951873792,1.0436113801259965,0.992124734893665
60091.59964296022,0.9990553655506103,0.9995453057483652,1.0001522332483455,1.001201049670585,1.0000914080195606,1.0007178865627386,0.9921801160829719,1.0055943037408783
60091.599726712506,0.9997667710165956,0.999700365884897,0.9993795643461177,0.9997366402450699,1.000155589565342,1.000037211436476,0.9888933728137665,0.9939120639709218
60091.599810464795,0.9995292508662794,1.0000614976752262,1.00069815845134,1.0013514377963002,1.0010954723412024,1.0015437196032762,1.0090852993460147,0.9961957766612766
60091.59989421708,0.9986251009634806,0.9993033296936089,0.9992457247716597,0.998564869301934,0.9988192404087156,0.9997829424084984,1.0057475893812151,0.991377471127113
60091.599977969374,0.9992856862508951,0.9985907661996127,0.9990219721896628,0.9981101312559268,0.9982375678816244,0.9994093668951538,0.988479172903295,0.9939188097743235
60091.60006172166,0.9996568642858271,0.9989759053292763,0.9990396050679748,0.9989454157808586,0.9989360356592991,0.9994197415788091,1.0067616888148605,0.9894051290321882
60091.600145473945,0.9990275265534148,0.9997610622910332,1.0004963043451995,0.9997554205519432,1.0004348093685966,1.0019741426205253,0.9840377080944754,1.0059067223083928
60091.60022922624,0.9991943723887758,0.9995087478423413,0.999839840628891,0.9996588839826818,1.0003123721571818,1.0012481073657649,1.0167225834432168,1.0056559641520102
60091.60031297853,0.9991399840181956,1.0002531324481245,1.0004011296700994,0.9999532617894976,1.0000795110392506,0.9980189307948883,0.9859281672939354,0.9978404159888796
60091.60039673082,0.9989657086810129,0.9994654603794694,0.9985055821125868,0.9984020501588136,0.9971906653619149,0.998643546459565,0.9966606116448133,0.9878328030183378
60091.6004804831,0.9990362034074901,0.9996893281370949,1.0008170939383454,1.000355909389288,0.9992786143159391,0.999820897723778,1.0114543227821475,0.9963439558403776
60091.6005642354,0.999282376204195,0.999145065951878,0.9980685554299825,0.9978144335387156,0.9986767426010517,0.9987496198616105,0.9827484757029364,1.0025769397007844
60091.60064798769,0.9996001453083984,0.9995830112792699,1.0004871922036567,1.0010953128632307,1.0018726684130543,1.0012352689710926,0.9958454367274306,0.9907000131134353
60091.60073173997,0.9992240161976645,0.9991878214920227,0.999027420143687,0.9988979614725453,0.9991044320606015,0.9973922852335243,1.0214362764467644,1.0026823580051623
60091.60081549226,0.9990247897195293,0.9988433940548768,0.9982109904219197,0.9973794365184682,0.9960933847525317,0.9945182896649488,0.9894436124484137,0.9958855408188281
60091.60089924456,0.9994503795975708,0.9992792049225945,1.0004919652373707,0.999329067010486,0.9998541075436856,0.9981721875228263,1.00368495183256,1.0099450184478518
60091.600982996846,0.9994069167178516,0.9987551376658365,0.9999066319902173,0.9993705107312206,0.9999740595878658,0.9986403852555816,1.0085161057108283,0.9986213080876379
60091.60106674913,0.9990657534312848,0.9986164382080441,0.9985854821283592,0.9994710777732023,0.9986933309239361,0.9986612045407466,1.0245218148576236,0.9995918140215712
60091.60115050142,0.9988119642452163,0.9990656683431459,0.9996969379197463,0.9998274867322647,0.9988958253365933,0.9959306330113024,0.991168409296232,1.0035227399661875
60091.601234253714,0.9992765467726994,0.998595167237583,0.9985504679377468,0.9977703301058074,0.9975753868263632,0.9967400759515155,0.9905741374401701,0.9884060657541589
60091.601318005996,0.9995322722061222,0.9990209665277542,0.9987992830337934,0.9978547764035297,0.9982538897494737,0.9983196735600708,1.0078065418538422,0.9953442202229306
60091.601401758286,0.9989016818178197,0.9994591219422737,0.9997681721792313,0.998538049636008,0.9987258437398971,0.9978562694615016,0.9871752745198346,1.0036924882119056
60091.601485510575,0.9989001679709677,0.9981107339710773,0.998982810236944,0.9990878765175601,0.9981809542326715,0.9981602081940677,0.9978767218511229,0.9906943307452662
60091.601569262864,0.9992207383403613,1.000193646437582,0.9998574402822157,1.0003420159813576,0.9994858447922053,0.9986405231225335,0.9752784188180585,1.009612507272116
60091.601653015154,1.0000588659524328,0.9992637347195374,1.0003946495893963,0.9989311360114853,0.9987262421126291,0.9963722016155491,0.977245208645541,0.9929241770507077
60091.60173676744,0.9995401472659076,0.9997604978016081,1.0001571768999205,0.9987109990266042,0.9995880326683874,0.9977240529106045,0.9713038480949032,0.998130219978006
60091.60182051973,0.9991134766013002,0.9999175244558244,1.0000250703861064,0.9997415266454822,1.000326660122352,0.9971148816617582,1.0018275092398472,0.9968755886151142
60091.60190427202,0.9994374137820561,0.998596047496262,0.9997876320165319,0.9976051456828596,0.9979290215581667,0.99617276266808,0.993354466096884,0.9858499693319493
60091.60198802431,0.9991016606771577,0.9995135345721811,0.9987956921300248,0.9995240625339901,0.9996685251044697,0.99890589347418,0.983307242609229,0.9891426009007683
60091.6020717766,1.0001993529252273,0.9996500673228832,1.0002932826450455,0.9988299118060789,1.0001151013734455,1.000527139328294,1.0328058127010709,0.9987853272819144
60091.60215552888,0.9987587266586995,0.9987243536437269,0.9991795987029481,0.9999605221441749,1.0000100872151911,1.0005639407360225,1.010158684501972,0.9977239151633556
60091.60223928118,0.9996320568681683,0.9991496091339047,0.9984786552991934,0.9980315044588914,0.9980996083545837,0.9990830398452517,0.9809378860578943,0.9907277529439485
60091.60232303347,0.9987217437198519,0.9982768501821604,0.9994719453283659,0.9993240371328823,0.997258243648044,0.9974878430711459,1.0205029856477679,1.008631500359918
60091.60240678576,0.9991397209368286,0.9997166711363941,1.000439321717479,0.9982187237479492,0.9983167066487856,0.99716740987389,0.9921300259366186,0.9979760737865727
60091.60249053804,0.9996718502616749,0.9992939462063319,1.000088528186293,0.9992616461908895,1.0002516278314575,0.9984585759501899,0.99593293870505,0.9995391731078215
60091.60257429034,0.999282831634274,0.998234026315807,0.9990469096191865,0.9988617440505864,0.9967330431844821,0.9978581287572754,0.9929788335339088,0.9897451341033245
60091.602658042626,0.9991569474102183,0.998905849828958,1.0004481624712849,0.9996266710101303,0.9996864904235655,1.0007567906504948,1.0040742236627578,0.9886751788518648
60091.60274179491,0.9988801967344938,0.9987058487353045,0.9987470720050716,0.9990586886803277,0.9989111746934617,0.9981819538874349,1.0139155267617885,1.0013413703294258
60091.6028255472,0.9987699685823584,0.9986721267500783,0.9986474679105862,0.9986849247142181,0.9984069847583089,0.9985115374035545,1.0236968435056022,0.9784995244193007
60091.602909299494,0.9998844950972848,1.000496713274797,1.0012734758372959,1.0009548297487334,1.000258298625577,1.0011955849587701,1.0182335508824019,1.0076619765925192
60091.60299305178,0.9988016628505721,1.0000024636393616,0.9997037771701133,1.0000616944525151,0.9996566628656052,0.9982618180187001,1.0038612304928363,1.0029152287424612
60091.603076804065,0.9982531496478679,0.9983696185275114,0.9987903318824161,0.9973987481595686,0.9975318554210711,1.0001010950903038,1.0021572258091902,0.99201867554443
60091.603160556355,0.9987249473787578,0.999909638398074,1.0016587307406126,1.0009298197499532,1.0017800523352394,1.0002136945116267,1.0139332388738602,1.001772449090223
60091.60324430865,0.9993352380202005,1.0003138792368573,1.0003614107457754,0.9997149698548968,1.0005306026357943,1.0015347039959588,1.035179164177506,1.0060784321604632
60091.60332806093,0.999052328614926,0.9995814940542996,0.999180669227141,0.9997330530660209,0.998943702541179,0.9999188987353114,0.9905487007117705,0.9977256854607484
60091.60341181322,0.9982086620635989,0.9987722044672072,0.9988700747968565,0.9994690565793981,0.9993240897452338,0.9982278516552429,1.0079280534749466,0.9908081575391485
60091.60349556551,0.9991852991797787,0.9990121211572629,0.9988057913934911,0.9992541009258064,0.99925523588047,0.9997342221573607,0.9869360842809239,0.9930837295380667
60091.6035793178,0.9988410518024244,0.9993550903087756,0.999629528271611,0.9995920286466786,0.9997797993343702,0.998867067435516,1.0007183172495584,1.0086523746152096
60091.60366307009,0.999480725691929,0.9994820139041434,0.9996906454091988,0.9986931775441995,0.9994928249535942,0.9993856518983257,1.0175692117797341,0.9987813752349622
60091.60374682238,0.9994200780327533,0.9996417200312961,1.000958529348989,1.0005255672296556,1.0008078009484838,1.0006645971562047,1.0121325226595308,1.0125443354473025
60091.60383057467,0.9996590962240351,0.9996380149628104,1.00014006119874,0.9988830623782422,0.9981109320074861,0.9980762271080418,0.990000443577897,0.9955000335352993
60091.60391432696,0.9990554962511138,0.9993323339137666,0.9989059174600781,0.9990420445783357,0.9989401062090444,0.9961489829921797,0.9956748325453696,0.997357054329118
60091.60399807925,0.9995287459180908,0.9987297075449552,0.9991028982534519,0.9984779403702118,1.000037865464481,0.998323756351498,1.0042453216270213,0.9980619981498624
60091.60408183154,0.9995860833730327,0.9993376478409698,0.9994379506917955,1.0001824265706352,0.9993721820099698,0.9984766601864263,0.9852263114097167,1.01022605098072
60091.60416558382,0.9993393241306777,0.9988889540346779,0.9993863845298724,0.9997766628037845,0.9994001443203107,0.9986867199324442,0.9823274280739343,0.9994325295986836
60091.60424933611,0.9997382193367029,0.9996461160246212,1.001070582053343,1.0010261708158692,1.0011130216361677,1.0002160395982724,1.0230899605186685,1.0018541638728573
60091.604333088406,0.9999080892950031,0.9995520975650765,1.0000732260785952,1.0000296112475555,0.9988632097308622,0.9976598555636134,0.9924583172071987,0.9928651753491062
60091.604416840695,0.9989931663415045,0.9996579828822303,0.999077680601365,0.9984408138273143,0.998180708485284,0.9963412154247929,0.9915670322978957,0.9939067581404074
60091.60450059298,0.9993361129626629,0.9995500132325742,1.0005064424970034,1.0006221006581721,1.0004991785930297,0.9994238494988613,1.0109378740719428,1.0079372143506682
60091.60458434527,0.9986694422514047,0.9988736806366445,0.9994754085424673,0.9992340357054061,0.9997249430287268,1.0000281440279168,1.017930807459952,1.0116204776676847
60091.60466809756,0.9995625797572222,0.99916269404986,1.000060002118341,1.0004367486664316,0.9992484402167391,0.9988243709952355,1.0146164496655101,0.9957374611178789
60091.604751849845,0.9996314390207902,0.9993112633881364,0.9994831867762819,0.9989191858271274,0.9995220538609392,0.9984905580017828,1.0196077122790828,0.9941854805016223
60091.604835602135,0.9994001447619137,0.9987818535965663,0.9996817038477612,1.0004555050936754,1.000034096235961,0.9998542245579911,1.0230861627544072,0.9938804557284431
60091.604919354424,0.9985868339145038,0.9983026836192417,0.9982386597760233,0.9996085825644317,0.9988797839575768,0.9986272506573229,0.9977121788704293,1.0012905168569093
60091.60500310671,0.9996930143437242,0.9988709968214815,0.9996260283212453,0.9993209249540692,1.0002370079201972,0.9995995777039058,1.015236549957478,0.9996267562551883
60091.605086859,1.0004514076646787,0.9997704840920719,1.0002931706617362,1.0000099047201338,1.0000563848379023,0.9995692949663265,0.966016259659007,0.9997235111690506
60091.60517061129,0.9999851082818476,0.9997943891336619,1.0002189687312841,1.0006571857170583,1.00073507275765,1.0021310411854443,1.0038686802202827,1.0038718712958559
60091.60525436358,0.9983822335399746,0.9985181994237726,0.9984889169497853,0.998206915595043,0.9985077550961984,0.9982499022497885,0.9897639741515948,0.9880762636499433
60091.60533811586,0.9999900254878926,0.9995724848924762,0.9996820966954801,0.9998862197536746,1.0007984903034954,1.000642474337931,0.9967703234345583,0.9953204897317641
60091.60542186816,0.9991447866446911,0.9998117117432493,0.9992586781370457,0.9996817794626742,1.000649223714619,0.9988983476588312,1.0018650433097878,0.9937881669103377
60091.60550562045,0.998687692116563,1.0002600382482774,1.0001191776329783,1.000609953554111,1.000493303359298,1.0005565679892763,0.9833063250697737,0.9969352189268039
60091.60558937273,0.9997523133039318,1.0006552196703529,0.9999490858218192,1.0005571516544554,1.001507913799088,1.0001922471321916,1.0265123742689932,1.0110127646512426
60091.60567312502,0.9993408665961614,0.9992568282169657,0.9994587948028848,0.9985897233103972,0.9998241964690371,0.9961676570060836,0.9866955137941449,1.001930298319813
60091.60575687731,0.9993030479932672,0.9987276678479855,0.9990853165718249,0.9983906113175937,0.9980014251628572,0.9964093932485107,0.9877587425614305,0.9931981721938525
60091.60584062961,0.999253160151956,0.9993491780483245,0.99906264285885,0.9981735682652949,0.9987901413607768,0.9967326545319639,0.991797454778781,0.9963079169651314
60091.60592438189,0.9994237290350055,0.9995213130321169,0.9998664450466406,0.9994024390426314,0.9985971068503415,0.9993377224201463,0.9933043689445502,0.9956329006793585
60091.60600813418,0.9987921012344305,0.9991163006818816,0.9999406643824552,0.9993225220974948,1.0002812096420306,0.9991955350033438,0.9969540069979482,1.0129838135928773
60091.60609188647,0.9992713314602831,0.998288494883807,0.9979771364998947,0.9978181682330561,0.9986884830889263,0.9986159960537594,0.9971309649246317,1.002294632098714
60091.60617563875,0.9989100555769548,0.9984126247673714,0.9976169962512044,0.9985131259827789,0.997945148137927,0.9965653298057796,0.9929363211048545,0.9841512535995541
60091.60625939105,0.9991521488796002,0.999154523767853,0.9999363555924272,0.999118789122127,0.9986780179301964,0.9984254692594554,0.9886620823058405,0.998885382886494
60091.606343143336,0.9999440648580133,1.000814444895938,1.0001769595859327,0.9991453072267151,0.998723875328273,0.9991286538490532,0.9947430349090367,0.9974581616315112
60091.606426895625,0.9982282042306417,0.9978308147762364,0.9977624955308614,0.9973988251825918,0.9970201423101247,0.9976171180221525,0.9886568967997512,0.9902702673724084
60091.60651064791,0.9989011416345818,0.9994528218826961,1.0005133015690957,0.9996625265485131,0.9982948391231422,0.9986014943558026,1.0004952932234963,0.987585128457434
60091.6065944002,0.9988837528489156,0.9984622984957852,0.9990770541970875,0.9986054628280817,0.9989874649115918,0.9991056928390875,1.0307915230752418,0.9939397976428163
60091.60667815249,0.9993335152310812,0.999565586563507,1.0000189932338854,0.9998288664663675,0.9994621145138398,0.9997200937277035,1.0246151879863183,0.995454860644482
60091.606761904775,0.99889912782811,0.9991498088124604,0.9981238774501848,0.9984679385442943,1.001257480121274,0.9990199977610181,1.0020240565153906,1.0060904958765557
60091.606845657065,0.9991986157179381,0.999491896492025,1.0003199723150922,0.9997526449313369,0.9992438574021985,0.999200076211825,1.006993675250182,1.0092255704524438
60091.606929409354,0.9990667810764647,0.9995371025165228,1.0001150070664486,0.9988259123419804,0.9984312769499265,0.9987681229914234,1.0165172898981403,1.0016709860139668
60091.60701316164,0.9992830123779995,0.999001736275963,0.9984538279274402,0.9996148320480149,0.9995022391368222,1.0003670575524606,0.9822863832060873,1.0017464163098082
60091.60709691393,0.9995723586124088,0.9997241073905799,1.0007749164404733,0.9999539361522382,1.0003128604709626,0.9994065862883714,0.9981786140469431,0.9976093922496374
60091.60718066622,0.9998235587312517,0.9993396718931533,1.0007390779681307,1.0002780889659737,1.0003388837470955,0.9993762004674671,0.9998447446266051,1.0030178039900954
60091.60726441851,1.000124120738717,0.999645742976293,1.00025098587702,0.9991812116211255,0.9990430667549309,0.9989151311263099,1.0059001361365343,0.9953429197200417
60091.60734817079,0.9978966857218325,0.9977899426086296,0.9977772107043137,0.9987022156180573,0.9981394589388637,0.9988898628253885,0.985677407635045,0.9981849607686982
60091.60743192308,0.9978372408286048,0.9987932160692029,0.9991433780784277,0.998094750508137,0.997830212434158,0.9991230211608301,1.0231210020023136,0.9901082997972521
60091.60751567538,0.9987548215208665,0.9988364619426005,0.9972379195098425,0.9990234983906283,0.9980889059547888,0.9985256480949471,1.0055705267267165,0.9829200130877246
60091.60759942766,0.9983486398388242,0.997623461365248,0.9978001304547988,0.9984712158266289,0.9970050525577799,1.0003702595020858,1.0064456382913523,1.0025199250957
60091.60768317995,0.9984832017132655,0.9987705810768267,0.9994879446555281,0.9992851959186635,0.9997096668250914,1.000935775387974,1.0055065977585889,0.9962240210181847
60091.60776693224,0.9978899659999356,0.9991018685316286,0.9989610717456265,0.999519516647188,1.0006605585969877,1.0028277143795399,1.015440745282661,1.007303929960033
60091.60785068453,0.9987418586594238,0.9988939087769375,0.999824797695051,0.9998385700122308,0.9993942235251095,1.00074547520488,0.9956129586189808,0.9842099185739455
60091.60793443682,0.9979128483583377,0.9978532697099353,0.9976024545547983,0.9982940063352072,0.9986951490428702,0.9978939240543337,0.9966946170905404,0.9917033730727235
60091.60801818911,0.9991691988757234,0.999236297428962,1.0001510604784876,1.0007086863805,0.9997164829444637,0.999905472267905,1.0346474301959026,0.9957845661739835
60091.6081019414,1.0003385693074138,0.9999109398095152,0.9995487597715599,1.0000412503376443,0.9998809211617811,1.002040221693512,1.0004374361397328,0.9977723117451887
60091.60818569368,0.9980693278755123,0.9980957124683073,0.9974162324735925,0.9976019687149901,0.9982168261246223,0.999206458515879,1.0037569345330954,0.9948790661362292
60091.60826944597,0.9989148604156731,0.9991816478909765,0.9995837321179014,0.9998487163731218,0.9999499464285998,0.9989374799701434,0.9895567269694364,1.0053523449221862
60091.608353198266,0.9988505385996415,0.9988584723338009,0.9990847772828365,0.9992034013715496,0.9991998618272727,1.0005344548501023,0.9735303268434494,0.9978961096790768
60091.608436950555,0.9998294235231069,0.9991820846392941,0.9995804488815403,0.9990287738843,0.9990872939983976,0.9980882180562325,0.9978700386616505,0.9871766448242071
60091.60852070284,0.9992815960217702,0.9983622185903807,0.998186671952961,0.999383288255126,0.9979987123001175,0.9980902283534077,0.9829015896019524,0.9955639148651892
60091.60860445513,0.9988641675317803,0.9991169914529423,0.9985190792199671,0.9996919667068809,1.000416923032593,1.0016697193837643,0.98024488789789,0.9985884539713547
60091.608688207416,0.9983319741577552,0.9983334144003143,0.9983379667432711,0.9979815031941476,0.9972987382639708,0.997574645501382,0.9608888589389875,0.9975746910317009
60091.6087719597,0.9993065971423413,0.9989317820713598,1.0003751715103109,0.9991546202363857,0.9995121445290743,1.0005282700902398,1.0135171324929229,1.0072125726747339
60091.608855711995,0.999224055830312,0.9992273184837619,0.9997514132794634,0.9991647208967648,0.9992585888667687,0.9994993261764521,1.0051239485320111,0.9987897600510685
60091.608939464284,0.999224885557193,0.9980560974803384,0.9979725360232248,0.9987364591063834,0.9987310204541403,0.9994168396095631,0.9805002268849633,0.9976711131748406
60091.60902321657,1.0000745325514007,0.9989207212925124,0.9991989182734443,0.9988084658198507,0.9995802780988963,0.9997478712376876,1.0133537777576802,0.9962547409744414
60091.609106968855,0.9990933677297921,0.9977257473104126,0.998509852362798,0.9988522294175589,0.9991806934596634,1.0006145787077734,0.9805761275511853,0.9940807336655936
60091.609190721145,0.9983124605335437,0.9985116372774133,0.9983103143597183,0.9978916271817954,0.9981015376845602,1.0003277920366482,0.994336712261394,0.9975033805738531
60091.60927447344,0.9985539174089476,0.9983190968454524,0.9986051479132872,0.9972986086167109,0.9969432126227752,0.9982733291250936,0.9927365260354182,0.9905729184952179
60091.60935822572,0.998733236598455,0.9984738104673149,0.9990391521537144,0.9991509307548118,0.9977035057205175,0.9990908812796336,0.9953069072871071,0.9895879410123524
60091.60944197801,0.9995589824390699,1.0000834795310576,1.000128509246832,1.0002331250087393,0.999569321637063,1.000789032650848,1.0165669718024113,0.9825893300790699
60091.6095257303,0.9986202039392669,0.9991181501768779,0.9986796995064205,0.9974882570200074,0.9984825583770922,0.9963517157809935,0.9831482936235052,0.9849152184770382
60091.609609482584,1.0002561092196762,0.9992378179388578,0.9993798309816903,0.9992429846432536,0.9989387082829903,0.9994044748649229,1.0161612219346985,0.9989423225259143
60091.609693234874,0.9994469438980091,1.0003299850704166,1.000236265156281,1.0008976583464473,1.000409201497809,1.0009404643525501,0.9730527315501528,1.0017165193368243
60091.60977698717,0.9989392018185789,1.0005934376576884,0.9997955812762289,0.9994863890587135,0.9991596919376265,0.9981769875150214,1.01173408860277,0.9954453766962428
60091.60986073946,0.9982387769746915,0.9983546052498983,0.9972134021400456,0.9977576574017328,0.9978537990044954,0.9985549844686041,0.9801410963684382,0.9996967885227152
60091.60994449174,0.9984546145428325,0.9999326634409649,1.0001267444997408,1.0015657772556228,1.001092844072281,1.0020711929536585,1.0139186963080302,1.008071538528766
60091.61002824403,0.9992285396527452,0.9991099828556347,0.9984176757887411,0.9993383208451307,0.9992595298253477,0.9981320362164301,0.9820424799699281,0.9925410739650803
60091.61011199632,0.9994363192670871,0.9993179730039221,0.9986726825924461,0.9992402117136056,0.9990116110599035,0.9998640622679082,0.9983209759144052,0.99580918045004
60091.6101957486,0.9990151677432804,0.998555299721867,0.998094067804989,0.9981280467449568,0.9968811790710447,0.9970260414412959,0.9848935087719427,0.9954582760523023
60091.6102795009,0.9984340619617443,0.9995485778396203,0.997797238491399,0.9985811142948126,0.9982701132512298,0.9975659686598793,0.9837894779015894,0.9944324605391085
60091.61036325319,0.9985660827812048,0.998338204328939,0.9986514827600157,0.9985351010059247,0.9993156690105037,0.9992683532111362,1.0112948799698016,1.0066442631410515
60091.61044700548,0.998303180540059,0.9984573472267126,0.998219162363099,0.9982143638984634,0.9968927675153298,0.9966434470725719,1.0176658204675253,0.9962562591809065
60091.61053075776,0.9993967083273565,0.999357776994087,0.9991367359095378,0.9989407505617334,0.9988023221672713,0.9994215703561303,1.0018392834917975,0.9987815232454031
60091.61061451005,0.9996192930246861,0.9996638632408863,0.9996434552620017,0.9999170624107906,0.9990851434497243,0.9996607785215688,0.9932658285201188,1.0017064304527201
60091.61069826234,0.9985817193237184,0.9996153187930896,0.9993801801425266,1.0003991262627063,0.9998449137511297,0.9989890362900075,0.9811777956967629,1.006178490040812
60091.61078201463,0.9985174734290352,0.9985843302037517,0.9989734472388432,0.9994315856725479,1.0014309030529334,0.9991328982886689,0.9902956180353318,1.0087772039080662
60091.61086576692,0.9991677106912827,0.9992629549116546,0.9987637802508396,0.9992239103359941,0.9990327209574215,1.000218236593638,1.017223255372223,1.0008062782967313
60091.61094951921,0.9990949552525393,0.9992078087320881,0.998873795234296,1.0002259614410254,0.9995891890826467,0.9991009099287339,0.9918084317059743,1.0021761472222714
60091.611033271496,0.9991622915556396,0.9997739478891602,0.9995286319493102,0.9995850411143148,0.9999695880815381,1.0003990728893108,1.0036595384759477,0.992450294697393
60091.61111702378,0.9995635065848748,0.999323311038915,0.9999651837091604,0.9998849455661368,0.9999038606594096,1.0003591176242674,0.9938609975120221,0.9966128273074221
60091.61120077607,0.9998642645439814,1.0001447767104676,1.000088242696952,1.0005163217620403,1.0027312871069607,1.0015988818248769,1.0102698725008716,1.0065265331654245
60091.61128452836,0.9991841925019768,0.9996407955228744,0.9998564063542689,1.0003611005461837,0.9992480482599895,0.9989580929654552,0.9715897857278836,0.9932345078025866
60091.611368280646,0.999286451522783,0.9994096558620434,0.9995436668081317,1.0009038816896692,0.9995627213333067,0.9995107507824501,1.0003721757697714,1.0043062437410382
60091.611452032936,0.999833158842951,0.9991371042237844,0.9995169196465936,0.9990895158451758,0.9990542205202914,0.9999096367757547,1.0076727567797636,1.0079321178757885
60091.611535785225,0.9986843821557909,0.9990905195244326,0.9993581934246623,0.9990480002441899,0.9998333379652005,0.9986695510999858,1.006367384664025,0.9947346324579184
60091.61161953751,0.9993531440170486,0.999243166445594,0.9992530182035951,0.9994108169079191,1.0012537692528567,1.0011731650554734,0.9999671328648175,0.9964702779133974
60091.6117032898,0.9983712228696967,0.998726208213984,0.9982340226981048,0.9976421873583706,0.9976523660871177,0.9988840241512563,0.9873078297969341,0.9974351521187269
60091.611787042086,0.9985182027150175,0.9983939136201155,0.9966542813043393,0.9972826263951289,0.9973476071254941,0.9967404904717185,0.9967716499106559,0.9842190899117357
60091.61187079438,0.9992168682417923,0.99916745312369,0.9991749630401415,0.9990630859483127,0.9986488677862614,0.9983290253017697,1.0025102816839602,0.9952472953266265
60091.611954546664,0.9976435218900037,0.9976271746198768,0.996754567066181,0.9973643521173712,0.9977324845634281,0.9986881218360795,0.9820646267738022,0.997229831918433
60091.612038298954,0.9996577968043371,0.9990499048042402,0.9982278501020504,0.9988895599081902,0.9999328506017655,0.9991009907274837,0.9963551501272293,0.9931934172743513
60091.61212205124,0.9983977758100293,0.9981404203630831,0.9973311200953136,0.9975699023053617,0.9975526360760261,0.9971950708341811,0.9731180081671279,0.9892826546271392
60091.612205803525,0.9992351502705189,0.999545312315869,0.9982359607237608,0.9982273799724204,0.998803907143094,1.0006757259066832,0.9981804681544393,1.0000438728631529
60091.612289555815,1.0001044155826926,0.9999698208895702,1.0000815978488855,1.0002424192070845,0.9997731004658197,1.003865986178513,1.0374744344363156,1.0023067754835544
60091.612373308104,0.9989038286132038,1.0001010100593979,0.9993166167575146,0.9991771431630877,0.9993800362517519,1.0021101957444247,1.0178770363795437,0.9970325406781094
60091.6124570604,0.9990173231535138,0.9988620629285587,1.000123988004557,0.9998866343919274,0.99969357150723,1.0018508208112942,1.0058520857292752,0.9926788450801777
60091.61254081268,0.9989318950975976,0.9986234712176328,0.9985169541047806,0.9982973945023913,0.9985666142256733,0.9985348254098412,0.993636809343601,0.9920107612137316
60091.61262456497,0.9996062585997594,0.9993025740500097,0.9992493833158955,0.9999474398949544,0.9992547692234444,1.0007949613569092,0.98882314468921,0.9940805213507709
60091.61270831726,0.9981834848112112,0.9996812470371165,0.999606790355393,0.999640581639273,1.0005754868373946,1.0039910013562043,1.005991898629027,0.9986768567412718
60091.61279206954,0.9987955933326682,0.9994885349707292,0.9991899143162059,1.0002177685901332,0.9997194462468889,0.999095972605797,1.0117776891439187,1.0027751498427513
60091.61287582183,0.9996742703718418,1.0006007121989642,0.9994529724601263,0.9998791223640391,0.9999222142155044,1.0016261974271967,0.9801478302766558,0.9898751881695121
60091.61295957412,0.999447362305496,1.000714689653953,0.9995812476911959,0.9997899020568518,1.000011280902356,1.001610875299936,1.0119024451021434,1.0012367123393053
60091.61304332642,0.9994202378023698,0.9991069069087481,0.9991467185586005,0.9984953648343617,0.9983204269113136,0.998561614262315,0.98661066454445,1.002600586836237
60091.6131270787,0.998688706207364,0.9984794420942323,0.9984352504690708,0.9982885602495479,0.9982240446924152,0.9986765977491499,0.9605712615529111,0.9843101433744769
60091.61321083099,0.9988038765303018,0.9990949387278041,0.9985550370126764,0.9981737736705493,0.9988191173737405,0.9982374364117479,0.9803630613603113,0.992944805422252
60091.61329458328,0.9989328362912994,0.9994107052711955,0.9997338310144229,0.9987181091796493,0.998993130359041,1.001020734281951,0.9949951990167875,0.9998509322093522
60091.61337833556,0.9991341510925597,0.9990531438293728,0.9990539555845224,0.9994458137320569,0.998772202451056,0.9983508532661287,1.0085893002836415,0.9894623323628972
60091.61346208785,1.0001226022634462,0.9996103312422363,0.999433983401058,1.0003832293620363,1.0004512194450699,0.9990531007149643,0.9997875491218768,0.9961925543738076
60091.61354584014,0.9990526169197463,0.9997436694819656,0.9984605837424235,0.9983258513191269,0.9979162999800502,1.002035443620999,0.9922083620780373,1.003168232837266
60091.61362959243,0.9991633504641846,0.9991278728712598,0.9990395712372817,0.9989320312828064,0.9998359621733413,1.0007461181417099,0.9951298679518592,0.9903907550649592
60091.61371334472,0.998843322133707,0.9989945346315308,0.9982759737329879,0.9986404294229093,0.9976835176775918,0.9979417911356554,0.9866507237068272,0.9886283330959537
60091.61379709701,0.9985872044048759,0.9991884872802372,0.9982777628568111,0.9976332654921138,0.9982905614846337,0.9996814855550249,0.9999565602034984,0.9965616752489573
60091.6138808493,0.9985577737514115,0.9990403500408634,0.9987341270885267,0.9997939258947344,0.9974509495071255,0.9989301359842778,0.976444538539587,0.9885813471709191
60091.61396460158,0.9990147753254669,0.9996042538638562,0.99958232173906,0.9987219021227968,0.9971374358893298,0.9986753975167695,1.0103881331364435,0.9935136738703693
60091.61404835387,0.9990695716374844,0.9996278772227832,0.9992243341484475,0.9987924060519255,0.9996870935467959,0.9998666716898363,0.998008974048536,1.004580753766789
60091.61413210616,0.9994591455508003,0.9998198609921954,0.9987231390690798,0.9983171804817458,0.9993128055407281,0.9996844447991194,1.0260275944760147,0.9849764071808159
60091.61421585844,0.9992103246196207,0.9997615499197766,0.9989936078527031,0.9991444777129423,0.9992948861101223,0.9969474729663029,0.9941962738603294,0.992793108333061
60091.61429961074,0.9988730292227868,0.998659743676226,0.998666582636034,0.9984011499147302,0.9987456138549482,0.9978930597235339,0.9990628772750235,0.9889633421187413
60091.61438336303,0.9980505476326256,0.9985450925178018,0.9978018503728536,0.9979762527186405,0.9974025002420422,0.9989990288022378,0.97525923706031,0.9996282793563592
60091.614467115316,0.9987526496242545,0.9994015146563064,0.9980510137795896,0.9976169254410049,0.9986120932667671,0.997790896165615,0.9812535553465699,0.9873790087511577
60091.6145508676,0.9993889232388744,0.9998418811527662,0.999356567579661,0.999490488050764,1.0011555998362227,0.9999184011267547,0.9790923581075935,0.992270948567792
60091.61463461989,0.998095103278328,0.9995864571999913,0.9988988004783448,1.0003576587544076,0.9994653182772381,0.9992442590239459,1.0130339271215378,1.0003471080749724
60091.61471837218,0.9995652279413131,0.9993978069568096,0.9988173517417435,0.9995489265961938,0.9988599923899348,1.0012053923450004,0.9965334965547391,1.0068384803246373
60091.61480212446,0.9980370960603173,0.9982042838219719,0.9976415767567346,0.9974242228779739,0.9954393353324559,0.9944347189995846,0.9640552053907238,0.9871340240103604
60091.61488587675,0.9982529289555673,0.9981316034744956,0.997992841388081,0.9982575830271493,0.9977632564655797,0.9980764712399277,0.9820481042402098,1.0036968241618456
60091.614969629045,0.9988833178781148,0.9989091047450459,0.9986359981769048,0.9994856828686863,0.9994409365376627,1.0002286261325803,0.9905486646959206,0.9947813165605637
60091.615053381334,0.9992316669717487,0.9990762754633301,0.9981330345392233,0.9980679223639553,0.9975344077940058,0.9996359962905339,0.9952162448943845,0.9916005104867096
60091.61513713362,0.9985931936856941,0.9990935350033868,0.9995910140816666,0.9992777282955256,0.9995136967677695,0.9997961776065694,0.9861423711104316,1.0066067479619294
60091.615220885906,0.9993534061714696,0.9996790934337165,0.9999751831502446,1.0002684458729305,0.9994440331581425,1.0008590637329986,1.0134195715103038,1.0009340878353616
60091.615304638195,0.9988991964658679,0.9999759860007265,1.0000224218605323,1.0001027238057338,0.9999387409775283,1.0006046150618741,0.9741202523860123,1.0026571633376267
60091.61538839048,1.0006941916242278,0.9997676182950118,0.9998039800414761,0.9993167734275037,0.9997778136768338,1.000913179120578,1.0095566010423391,1.0006694404011476
60091.61547214277,0.9994681997754062,0.9991721414636344,0.9994304718686781,0.9991872795565825,1.0005510274640597,1.001304824689353,0.9993282834027276,0.9934518769276747
60091.615555895056,0.9990028296315788,0.9999609127563414,1.000736912325204,1.0005425647702229,1.0001102134370217,1.0014302899187781,1.0143221245593586,0.998736440465624
60091.61563964734,0.9990142675030032,0.9991550702872527,0.9980191873146494,0.9991169116325761,0.9993801790479843,0.9984639661270164,0.9886062702366821,0.9928896090531556
60091.615723399635,0.9987320399183895,0.9996183926967092,0.9988542016624644,0.9991322217027895,0.9995952087856522,1.0012846208135873,1.0034816084804645,1.010939757701827
60091.615807151924,0.9985251531412057,0.9992211829999769,0.9993780321977381,0.9998089062434784,0.9986266500019921,1.000105197193517,1.0040722894482073,1.0007147715612983
60091.61589090421,0.9990902039727416,0.9990095361700151,0.9985152780723902,0.9984000359086839,0.9989752731601557,1.000237569394134,0.9896570643803356,0.9939920462153612
60091.615974656495,0.9983004252671657,0.9985037988583021,0.9972961220892544,0.9978997827546252,0.9974463395583649,0.9982971422297549,0.9791497599555908,1.00356970475968
60091.616058408785,0.9991636883299365,0.9988490871615836,0.9996328987031626,1.0000980197927283,0.9987738063208781,0.9994559356021592,0.976722535562927,1.0100683147539935
60091.616142161074,0.9993785456936136,1.0001981539316436,1.000345324843538,1.0005272994536192,1.0003571906203224,1.0028569997380266,1.0142058985095992,1.0082973384993597
60091.616225913356,0.9986892835456407,0.9992916071337392,0.9992331723363618,1.0001170550277945,1.0007519444443078,1.000828709612084,0.9948385788514841,1.009165734158344
60091.616309665646,0.9990310375102959,0.9987422712296659,0.9992611110521775,1.0009567191564275,0.9999210878712491,1.0016961839756124,1.0020974985833622,0.9900492155213704
60091.616393417935,0.9993224437549205,0.9995411845973029,0.9997515643699193,1.000262830590719,1.0001958307530499,0.9994418500464826,0.9988142130939558,1.0041835180852938
60091.61647717023,0.9992427287542248,0.9990019038016088,0.9990345680073959,0.9995317656303264,0.9997236226313684,1.0016417480975661,1.0075917243733024,1.0066661170743898
60091.61656092251,0.9991688388531187,0.999046690042903,0.9986425530272846,1.0001907039196376,0.9997488004131719,0.9999174454893208,0.9779250876440007,1.015004874545659
60091.6166446748,0.9990149619260701,0.9992223746715926,0.9979453534389167,0.9984675759826884,0.9987326139727943,0.9988200679413195,0.9944099075473695,0.9899541271394163
60091.61672842709,0.9994515328867362,1.0009150671641311,1.0005284038734585,1.0030644963917776,1.000960636960012,1.002323669548519,1.0415229405220738,1.0013119513401862
60091.616812179374,0.9989525525299533,0.998573198549081,0.998945301773625,0.9989385649110747,0.9992022586838576,0.9989721606617755,1.0146582468146055,0.9918692154201704
60091.616895931664,0.9990627527347941,0.998970019641974,0.9994147116700104,1.000226601646889,0.999337814586023,0.9998590555443757,1.0159172564491417,1.0001055511708188
60091.61697968395,0.999166201505086,0.998955744484902,0.9987907088416763,0.9994783105836939,0.9991619400741177,0.9988729199817693,0.9854524672978123,0.999848708333859
60091.61706343624,0.9988403562131996,0.9984198505957882,0.9974110153624118,0.9965697210340377,0.9966402341867491,0.9980058930733542,1.0095269521233872,1.0007967377089768
60091.617147188525,0.9986959848384966,0.9993475126423983,0.999192167239428,0.9988520882792274,0.9992942657883233,0.9995082219232153,0.973310088492923,0.9876276850696439
60091.617230940814,0.9984200486974679,0.9977438521883314,0.9973323711574954,0.9965509466955698,0.9969460421706507,0.9978928386398095,1.0160752644541893,1.0008516393656604
60091.61731469311,0.9986946123737324,0.998915829328243,0.9991279769648694,0.9981310974161024,0.9981988376654446,0.996593450627203,0.9761815858850584,1.0034238723225015
60091.61739844539,0.9999577674601101,0.9994262447635653,0.9990768153742847,1.0009168386071292,0.9996314804628681,0.9964639896095879,0.9910759087554073,1.0001691020117776
60091.61748219768,0.9990211033646117,0.9992683197006744,0.9995540073725229,1.000263782626576,0.99831812146926,0.9984669978471848,1.0021517861418192,0.9859859913219065
60091.61756594997,0.9996877812216066,0.9989033940053849,0.9988178852751991,0.9996629511677461,0.998620025566296,0.9996390287391053,0.9885865995438372,0.9951371650793729
60091.61764970225,0.9988100258445017,0.9982077497135916,0.9976218940173838,0.9984157747264485,0.9994177299050736,0.9991396461240925,1.0037611559355804,1.0018896857252768
60091.61773345454,0.9984554320361905,0.99877886888697,0.9984561373661489,0.9980312727461647,0.9995985387439057,1.0013625723112154,1.009675339806796,1.0032175945334463
60091.61781720683,1.0002360855678167,1.0003821545292495,1.0012423889926292,1.0009799846043161,1.001779575472679,1.000728064665993,0.9925129809561807,1.0060637518727822
60091.61790095912,0.9986835875018427,0.9977384916135497,0.9987705678499535,0.9983690422400813,0.9994917082057493,0.9990925328789197,1.009330364061085,1.0007715460638007
60091.6179847114,0.9993959438109283,0.999621881255822,1.001400770959259,0.9998500971066928,1.0009843506127605,1.0007094373842635,0.9933791870503574,1.00253211539182
60091.61806846369,0.9989628263265389,0.9990749712843261,0.9982955914174073,0.9999679575310336,0.9997842153129936,0.9986299093853496,0.9896517128265367,0.9941285381832647
60091.61815221598,0.9981880619864505,0.998695114543263,0.9980546221396691,0.99896795786567,0.9991014391811626,0.9994304177922555,0.9816961033938271,1.0072194676013395
60091.61823596827,0.9983367467018309,0.9979418981393257,0.9980473122520934,0.9983268612157191,0.9986396876721447,0.9981740621416547,1.0024271605698019,1.0032485750351656
60091.61831972056,0.998838773783378,0.9999065106452172,0.9993110702585744,1.0004649643041201,0.9993815122285291,1.0010863194837105,0.982851673970294,1.0056950557991673
60091.61840347285,0.9989040436711868,0.9998556649041287,0.9994510123973009,0.9985219805234915,0.9999574286393931,1.000744229757573,1.020806369239058,1.0028503415271324
60091.61848722514,0.9989527649102125,0.9991457506911352,0.9988910402249869,0.9989516440786502,0.999534536786644,1.0001666413244603,1.004636394150301,1.0064652388433435
60091.61857097742,0.9986271542604465,0.9988584008194564,0.998450199028224,0.9996342008610266,0.9996335485763364,0.9996936033778763,1.0042468628072185,0.9956191481202163
60091.61865472971,0.9998705984111136,0.9997172382272391,0.9988039681234966,0.999101407846016,1.0007765567156175,1.0013709822875314,1.014432855479085,0.9919881182840085
60091.618738482,0.9980642519085645,0.9978001643071202,0.9978139077987743,0.9980729358646155,0.9962675389510582,0.9976401714259955,0.9806251796183781,0.9914472450305629
60091.61882223428,0.9982106270608214,0.9991158612070403,0.9987354110177883,0.9992142390212104,0.9978213870657906,0.9987131160188264,0.9690939447293025,1.0048751926022028
60091.61890598657,0.9983306768792779,0.9986671334705302,0.9984414566114326,0.9994355204019075,1.0007800002872924,1.0009024987466038,0.9839262745162939,1.0069757662580956
60091.61898973886,0.9991333091321557,0.9994866048496553,0.9992036519253538,0.9990798836524225,0.9989039516800353,0.9986061855639813,0.9919963802055306,0.9988048717972755
60091.61907349115,0.9990117925510499,0.9990533256801343,0.9981040750571931,0.9984048683017533,0.9979746035570073,0.9967731115978226,0.9705034174334378,0.9974864959277758
60091.61915724343,0.9991055111552142,0.9990339154738738,0.9986774037541106,0.9988665105534531,0.9996328662098862,0.9996027854684457,0.9888267507774161,0.994732190454611
60091.61924099572,1.000100492192122,1.0002081930769995,1.000618130925573,1.0001985372963824,1.0005280751210057,1.000540017311213,1.0071928162396462,1.0087669102566523
60091.61932474802,0.9989738389649057,0.9988259217498692,0.9992452701386032,0.9996549059339932,0.9996976713180092,0.9993075445030924,1.031533186453703,1.0016499796025775
60091.6194085003,0.9996838181377172,0.9992913602815469,0.9993667269788975,0.999744449733027,0.9990189397491579,0.9994078596108813,0.9978753985218003,1.0017635174191364
60091.61949225259,0.9997277117555617,0.9998843615034182,0.9998911114999314,0.9998754646286224,0.999842122365391,0.9999303427840512,1.02617960625343,0.9942937457504886
60091.61957600488,0.9994774715782059,0.9999208827936186,0.9998396802181657,0.9999794477959664,0.9998077322935515,0.9993878069528761,0.9964953069133934,1.0021467720359434
60091.61965975716,0.9993225705530233,0.9997192272837949,0.9987964339020645,0.9991110010164129,0.9984175966296085,0.9999856730192777,0.9862366601743935,0.9956847190069377
60091.61974350945,0.9980118314727153,0.9991970929461004,0.9984015976737168,0.9988992247940033,0.9989829869003857,0.9984536212094873,1.0013767085363598,0.991088577507827
60091.61982726174,1.00021530506517,1.0001973608886459,0.9989454828255749,0.9997252301011297,0.9990136716282434,0.9995000602850264,1.0144091990786404,0.9942425911058679
60091.61991101403,0.999175159961684,0.9993078675162413,1.0005219475111133,1.0001929615348975,1.0009515824941082,0.9983349402558569,1.0065421639056096,1.0067229481207345
60091.61999476631,0.9981786918429276,0.9981336331409828,0.9980478859731953,0.9985663439591085,0.9978228169611637,0.9984503201017008,0.9909490726918702,1.0011714429311942
60091.6200785186,0.9987305362976583,0.9990884212169454,0.9982537015507631,0.9992844842964053,0.9990946451983242,0.9987941793811591,0.9829123303232151,0.9976811416475879
60091.62016227089,0.9977187298613256,0.9980089843410631,0.9978619025650997,0.9971635244817432,0.9965877142313406,0.9971540382884441,0.9735304559488707,0.980930171417453
60091.62024602317,0.9992804616644164,0.9994565968560756,0.9994667312008063,1.0011885024848781,0.9995623056029656,1.000153363945127,0.9658136116339548,0.9970234049683312
60091.62032977546,0.9992427795784747,1.0004490884437447,0.9996752301056272,1.0007855838461421,1.00041418995012,1.0009608010943736,1.0267388933067987,1.0069483651527071
60091.62041352775,0.9987568170552312,0.9986044221588115,0.9970249942659675,0.9971938404670718,0.998047508391683,0.9979123165812984,0.9883494110480746,0.9889021524461317
60091.62049728005,0.9994921213532069,0.9995034852998347,0.9989055814738551,0.9978346338091538,0.9976932040012343,0.9984744994378237,1.0021835769848375,0.991476605231249
60091.62058103233,0.9989097297391506,0.9985588751198266,0.9986462451587959,0.9990059245752065,0.9986380551807198,0.997981130630594,0.9933627040111128,0.995236687179877
60091.62066478462,0.9982974762530717,0.9983205593137954,0.9987590295427647,0.9983962327987922,0.9980888606216618,0.9976375746971597,0.9794437593817128,1.010459006358854
60091.62074853691,0.9994946153117493,0.9986825485790222,0.9983844834343821,0.9991740685701911,1.000386806621269,0.9994967499103381,0.9920262980273574,1.008795935804049
60091.62083228919,0.999753608968563,0.9992355094941318,0.9991583979565024,0.9998369296778232,0.9999765146965105,1.0005026327076287,1.0071240872629055,1.009785486173479
60091.62091604148,0.997796913676485,0.9980234611430454,0.9973009694363546,0.9968622722884315,0.9967143780437552,0.9973698608676814,1.0156594355522657,0.9849743112067598
60091.62099979377,0.9986533759505802,0.998605812985106,0.9976573379365092,0.9994411243212871,0.9994386390148762,1.0023743683157755,0.9853460514142165,0.9912341899576592
60091.62108354606,0.9994222861561513,0.9983883828795053,0.9987605228251356,0.9975978896078951,0.9981027123550517,0.9997248216609786,0.9680657956312704,0.9951511741073624
60091.62116729834,0.9990553981298087,0.9986923854409469,0.9992392042945218,0.9999001290504171,0.999279881281567,0.9990240968234416,0.9835797644290969,0.9962225368302203
60091.62125105063,0.9991721513551071,0.9995251066402311,0.9986870360725558,0.9993240382141271,0.9993075722770598,1.0019836919273302,1.0090569032805343,1.003693907212139
60091.62133480292,0.9987313313716416,0.9990785342949797,0.9986738175066701,0.9996171125574781,0.9994268184175897,1.00110646993653,1.004063093499257,1.0015357298820882
60091.6214185552,0.9980234649229939,0.9976970890862312,0.996982119368039,0.9970754586980682,0.9984361406222508,1.0009558610466707,0.9827738439494518,0.9907956777947091
60091.62150230749,0.9992473432600856,0.9991469587088867,0.9987043223829394,0.9981217464534354,0.9974327594495987,0.9995974423105194,0.9930941991443325,1.0117002169865148
60091.62158605978,0.998677361846259,1.000468926075917,1.0003297004904348,0.9996535502185867,0.9999829549313024,1.0006026255511555,1.0128788491687282,0.9983916802279021
60091.62166981206,0.9991992885642957,0.9997095546494541,1.0001627837997888,1.0000295990992614,0.999408861323698,0.9999318711888496,0.9717570371343058,1.0151599576242067
60091.62175356435,0.9993446660806313,0.9997589602704321,0.9990396421788544,1.0008410411433415,0.9994982503933099,1.0009221074498758,0.9713834338025356,0.9957738939983841
60091.62183731664,0.9992529513065252,0.9995066922073644,0.9998175092786215,1.000925349517637,0.9997660382879615,1.0003372214733173,1.0166126946945906,0.9990421472144976
60091.62192106893,0.9997858057633296,1.0005863687840046,1.0000731138028114,1.0006216778883867,0.9998195636785009,1.002245546889733,0.9984216310562886,1.002959675347686
60091.62200482122,0.9989438740792691,0.9996376621729561,0.9989886765832318,0.9984269114976718,0.9980477785197522,0.9986359904557311,1.0176006696996034,0.999991193238057
60091.62208857351,0.9986518661343308,0.9990396841912355,0.9989377896648322,0.9986586017804783,0.9972824799463926,0.9991372366453477,0.9891749258091014,1.0083214894471866
60091.6221723258,0.999406705058274,0.999550822432253,0.9988467216660538,0.9985870694154004,0.9984945782655398,1.003235281679186,0.9943583961037453,0.9956284672283107
60091.62225607808,1.0000318207548793,1.0008262762311633,1.000976844723934,1.0010326499341404,1.0000861203453761,1.001371328966775,1.0164385096095983,1.005263956434726
60091.62233983037,0.9991235531338681,0.9998778117472524,0.9992860589769448,0.9998673732458244,0.9994478440092097,1.000126543676912,1.0001827121709048,1.0098487969316425
60091.62242358266,0.9993547095404561,1.000498877304986,0.9995739159551252,1.0007369878553645,1.0001687330166638,0.9999184065223307,1.0017732626118458,1.002832298064346
60091.62250733495,0.9983249590461579,0.998543966486138,0.9986479747747146,0.9982929422658162,0.997660128901861,0.9988301875598303,1.0095236149206426,0.9923648018453377
60091.62259108723,0.9992596539644955,1.0005969334959397,0.9998671075886345,1.00052696559568,1.0004277742991234,1.0029197750587227,0.9702106640121998,1.0088556215057718
60091.62267483952,0.999399371087514,0.9988766468105014,0.9990402544650027,0.9986712811059516,0.9996937053241359,1.0001365158478213,1.0107260137782736,0.9932647572034404
60091.62275859181,0.9996847356519389,1.0008600141447683,0.9999493435502839,1.0002165058705343,0.9999537095769957,1.001386916853129,1.016527160437464,1.0126609281055468
60091.62284234409,0.9990978739715999,0.9988340425229364,0.9983531952574923,0.9976128846585487,0.9978830269613573,0.9990975690555526,0.9652430858265412,0.9921956319197223
60091.62292609638,0.9991090126730079,0.9990771692010788,0.9977488283395244,0.9975915569721728,0.9971912650180561,0.9980090544222348,1.0060547700959372,0.9965183400544088
60091.62300984867,0.9987049212432507,0.9995257068499074,0.9992224929882261,1.0002756102878732,0.9995280827087237,0.9997977870731519,0.984874382484653,0.9986540866914277
60091.62309360096,0.9994227214175474,0.999107473276815,0.9985613381714639,0.9992583135020089,0.999448754038998,0.999475773017151,0.9936423343033596,1.0001940218214744
60091.62317735324,0.9990485851601144,0.9993808685289297,0.9988665237608272,0.9990339452186805,0.9990414258531597,1.0003841982846078,1.0163892489781174,0.9935264897975012
60091.62326110553,0.9987566427931596,1.0000359722328107,0.999246141059613,0.9993668071155225,0.9992326799557844,0.9993818679142867,0.9825402908143817,0.9978853552855895
60091.62334485782,0.9997399812965295,1.0001181524947158,1.0002030914052171,1.0012180843714702,0.9993990278388728,1.0018210983774338,0.9667002734669169,1.0013654673641113
60091.6234286101,0.9992812389394116,0.998911207075215,0.9987101262714899,1.0002433784693034,0.999215331024187,0.9995157830338014,1.008863402133383,0.9840270635852265
60091.62351236239,0.9993205400507347,1.0000786245371498,1.0007091045494187,1.0009884122870647,1.0004529487760359,1.0000592718046224,0.9872924241976319,1.0121622488251778
60091.62359611468,0.9980392750450219,0.9977908751684511,0.9978414257706878,0.9974530558642457,0.9980534061878614,0.9995522496273493,0.9863802335699278,1.0024843176325329
60091.62367986696,0.9997131020414107,0.9997233411464567,0.9988947720913258,0.9985551751427061,0.9982488785161324,0.9968447188760855,0.9854065268210311,0.9928820022538724
60091.62376361925,0.9983480749965926,0.9989637010942376,0.99935931622599,0.9991818031700385,0.9979329927348995,0.997187320547958,0.984309203929846,0.9939941938969133
60091.62384737154,0.9989275746163229,0.9990340626529487,0.9986722077367274,0.9991822681989125,0.9991947038278195,0.9979916213028627,1.0038419789941357,0.9938247656057071
60091.62393112383,0.9995635781483589,1.0001569856776553,0.9996879441939142,0.9996407568660999,0.9991122343269028,0.9995052744482207,0.987464876198196,0.9925515477098431
60091.62401487611,0.9987941652132502,0.9996252744837597,0.9989509543075755,0.9987953073118008,0.9988938077225284,0.9970969302648992,0.994771854334797,0.9927611335050999
60091.6240986284,0.998601058528345,0.998203000969567,0.9988994028402199,0.9987345297174833,0.9992778841920764,0.9975642119480294,0.983442204605274,1.0031356862578473
60091.62418238069,0.999571403192682,0.9994603527000505,0.999549157421716,0.9996547248264026,0.9987747022581124,0.9999273124060322,0.9881454804153225,0.9973513300641608
60091.62426613298,0.9990900274004768,0.9992037875826657,0.9983920176180792,0.9973639538700524,0.998277252563996,0.9980097413060306,0.9967141525483296,1.00535232695973
60091.62434988527,0.9988508774104724,1.000231414423148,0.9986887836502769,0.999239409637226,0.9995613860949996,1.0005067523040534,1.0270330215074812,0.9968197203437991
60091.62443363756,0.9988887621108565,0.9998469679297721,0.9987432438353187,0.9993715958513963,0.9992459907471148,1.0010769407047553,0.9994011595472067,0.9871750615263021
60091.62451738985,0.998979590190818,0.9984901425557177,0.9985944387545971,0.9991464417385444,0.9976094973486801,0.9970137253647509,0.9993609493381038,0.9872219625066558
60091.62460114213,0.9994692110624691,0.9991079934798183,0.9995966879735587,0.9994033526238589,1.0001540270624938,1.0008467125649767,1.0041953480375714,1.012275901690525
60091.62468489442,0.9999298917241665,0.9993811478818375,0.9994481751117408,0.9995914949535759,1.0000509326723976,0.9983699505598512,1.0033261415396724,1.0001116880958478
60091.62476864671,0.998125094206142,0.9990150815327546,0.9985208385709706,0.9991050162926581,0.9984249758899303,0.9991848688875986,0.9961837471125667,0.9973772368791682
60091.62485239899,0.9991242297054423,1.0001931068706398,0.999312409997722,1.001709845901933,1.0005864785306127,1.0001457931022706,0.9878463142821842,1.0075793999966254
60091.62493615128,0.9986639132667011,0.9990445504869635,0.9990894309368024,0.9995217230300307,1.0000563190211096,1.0017996440027532,1.0163815037324906,0.993173830360778
60091.62501990357,0.9983439034177689,0.9988944348543336,0.9988730329142684,0.9983470787833331,0.9975778512716896,0.99779582797832,0.9941207115429521,0.9915582291624988
60091.62510365586,0.9982037178505796,0.9979059305744776,0.9982289545642269,0.9965497994482567,0.9980945244565023,0.9975581560277761,0.9777675848461934,0.9903544151805024
60091.62518740814,0.9986955018506097,0.9982073432950183,0.9986456520042312,0.9979678726800463,0.9978724019239673,1.0006894346353354,0.991658442655619,0.9959637483444119
60091.62527116043,0.9994932717769042,0.9986018075432984,0.9987677117346889,0.9991003583290237,0.9992590480595438,0.9998055724306187,0.9854631872270768,0.9965117329646349
60091.62535491272,0.9989370068725396,0.998761732581453,0.9983253344642021,0.9979071019632325,0.9975357435311644,0.999435180460399,0.9670130005973789,0.9910034503585611
60091.625438665,0.9988153488446061,1.0006451574062287,0.99913352493547,0.9989377681174153,0.9992934289026315,0.9998851915389044,1.002392192817457,0.9942638712719535
60091.62552241729,0.9996274632328715,0.998965881770925,0.9994052772710059,0.9992013867614113,0.9997470284304056,1.000161026135084,1.0152203259860282,0.9988106916486259
60091.62560616958,0.999502880132846,0.9996816138673921,0.9996989679105566,0.9984783054362625,0.9990105645318827,1.0006059697561052,0.9918296613807382,0.995196033149478
60091.625689921864,0.9991214966419061,0.9986514771288298,0.9994424172220079,0.9982356649220542,0.9977509821628842,1.0002230202775502,0.997464761089222,0.9984398368769027
60091.62577367415,0.9987498712494293,0.9992029850895582,0.9996147570940093,0.9990688548281008,0.9983333871347758,1.0000816323527941,0.9973507895259037,0.9955834726356739
60091.62585742644,0.9987007584851646,0.9987617134896771,0.9980798875279745,1.0003457901271116,0.998338640664285,0.9980530753279432,0.9868385559174698,1.003638845979466
60091.62594117873,0.9995494042731524,0.999178330072361,0.9989984178045381,0.9992778545325997,0.9994612170322607,0.9990146892995553,0.9804183996460432,1.0024308830217399
60091.626024931014,1.0000727248777448,1.0000779901666037,0.9993957186865146,1.0019086546414422,1.0014713767431227,1.000259722212632,0.9923176750496737,0.9983349874041793
60091.626108683304,0.9997917914738493,0.9995175501919638,0.9990334880351559,0.9982526484184308,0.9983389018753842,0.9994139440197756,1.002408261444668,0.9809998064914863
60091.62619243559,0.9989958305863249,0.9983881466267603,0.9979917095303821,0.9978584569827018,0.9976745333003194,0.9979369898689104,0.9647710257322786,0.9883601265327472
60091.626276187875,0.998281596615231,0.9992516125450761,0.9987996098581645,0.9989346443852548,0.9977660803390199,0.9986260917995443,1.0029588047140945,0.9927456771672635
60091.626359940165,0.998203818238974,0.9985645071298567,0.9983952961753154,0.9980563076062428,0.9980480294420401,0.9977590008658761,0.9795152303423681,0.9979475894527444
60091.626443692454,0.9985953770282632,0.9987002075777742,0.99906103857227,0.9990968783621197,0.9990052207102582,0.9989053845080259,0.9782137756549798,0.9955018168423557
60091.62652744474,0.9999719677975294,0.9993187317583457,0.9981674924082229,0.9991097812064549,0.9980912433233363,0.9976463512219281,0.9858338812811932,0.9884382496524342
60091.626611197025,0.9989550783061564,0.9982561412356251,0.9986281736233129,0.9982282826198284,0.9980255975257787,0.9979887385511736,1.0106716683713937,1.021484726173002
60091.626694949315,0.9994028110701624,0.9988535520192019,0.9991593025747592,0.9985749176642128,0.9994368793163273,0.9970064733734553,0.9789784297999897,1.0065573676157349
60091.626778701604,0.99978343083224,0.9989034334021264,0.999326121305659,1.0001164955080037,0.999724653009073,0.9987828053991523,1.0172419265689971,0.9939400976364384
60091.626862453886,0.9994639826752761,0.9982176718819128,0.9980537371435495,0.999101445722122,0.9999855495201372,0.999350627253033,0.9969450754782412,0.9961651046627479
60091.626946206175,0.9987253791064186,0.9991716969253613,0.9982555951624663,0.9989891258245203,0.998771682834897,0.9982211552680735,0.9776162255091366,0.9993018290570751
60091.627029958465,0.9991213100413027,0.9993780514384291,0.9990455779130726,1.0001137326952627,0.9996599287148875,0.9973834711135842,1.0078362520438366,1.0007501378790806
60091.627113710754,0.9985534929109515,0.999633840497473,0.9984761207770164,0.996959397338921,0.9982591720667228,0.9983498057892478,1.0006929367262545,0.9946055332165143
60091.627197463036,0.9987917214489048,0.9998234098915364,0.9987027395557003,0.999236231034549,0.9995053155019203,0.999883861549667,0.9785073956880866,1.0043044390884834
60091.627281215326,0.9988128321516626,0.9990386176058703,0.9984350734547529,0.9990655864690201,0.9983240695247237,0.9990922485995121,0.9805459055114315,1.002312763005329
60091.627364967615,1.0001959610301394,0.9998096415923805,0.9993649544584213,0.9988076302530197,1.0006443342636655,1.000511592459412,1.0244809763949174,0.9925577394598192
60091.6274487199,0.997921342046072,0.9984903908765083,0.9982848203357804,0.9979234302528137,0.9985794011606073,0.9988150729801425,0.9875538403165439,0.9871639710106511
60091.62753247219,0.9991985343912324,0.9985153839266869,0.9990110085375051,0.9978031187460513,0.9990628048186875,1.0017016049849552,0.9924254127401362,1.0045766029393406
60091.627616224476,0.9993236282014629,0.9999187354477238,0.9991020468389338,1.0001360630020313,1.00004492593953,1.0004974945748442,1.0052275137003392,1.008010621355754
60091.62769997676,0.9989649325926628,0.998585657880326,0.9988445501369658,0.9990055345011527,0.9995190373468595,0.9993681125408802,1.0038529129730143,0.9988210122710698
60091.62778372905,0.9991043793705754,0.9993157730439024,0.9988799363971961,0.9996554731286792,1.0000432140683655,1.0009667042658716,1.00734592833865,1.0089252981614452
60091.62786748134,0.9987254202698607,0.9990923323492111,0.9989763362589223,0.9984559063046222,0.9992583493557082,1.0004699869304872,1.024105520189645,1.00374365505815
60091.627951233626,0.9988581686951631,0.9986261166098547,0.9995434468515214,0.9985176134583178,0.9988656624604186,0.9991307403483025,1.008404959491769,0.9924388812325668
60091.62803498591,0.9987365680020238,0.9980968956475946,0.9969474779188526,0.9964841599573767,0.9967447601558418,0.9971750694813587,0.9789143004868565,0.9905923003211418
60091.6281187382,0.9992478108641862,1.0000951122331037,0.9995261064670562,0.9989144608064623,0.9994425306798811,1.0004485127338096,0.9843068528668381,1.0022727727029126
60091.62820249049,0.9978574572765858,0.9991951874719347,0.9981577217914458,0.9983448643767362,0.9993635926732102,0.9980986169430097,1.0031950812526256,0.9834864495099405
60091.62828624277,0.9986249012445514,0.9983065045741493,0.9982377325650091,0.9982645774481482,0.9978219497078887,0.9983984970582842,1.0038503402331767,1.0073083198623791
60091.62836999506,0.9982603321796183,0.9994867270625619,0.9993235894084757,0.9991175393791946,0.9999423784777107,1.0011471871917865,0.9981364784163432,1.0021094797741033
60091.62845374735,0.9992001477461397,1.000518026867002,1.0001442135224088,0.9999539535884302,0.9996443172205922,1.0007375703488945,0.9643681225746749,1.0037593244139935
60091.62853749964,0.999428105900293,0.9998009236106853,1.0002146917108126,0.9987939074408287,1.0005979304143091,0.9985015809530814,0.9575760554819066,1.0039385275315051
60091.62862125192,0.9990967692792265,0.9989478338490735,0.9975986369548141,0.9984980737733254,0.9991110542937582,0.9988790042557739,0.9930728564196097,0.9994932632554041
60091.62870500421,0.9988962277626275,0.9988386652867811,0.999440894317757,0.9986589066332939,0.9983557089295758,1.0008913606928997,1.0094703053697085,0.992962101900018
60091.6287887565,0.9990877655113397,1.0001918466857278,0.9999513811205509,0.9995176049005795,0.9997936096214588,1.000756090204707,1.0078488260307372,0.9976236112296223
60091.62887250878,0.9989483421503852,0.999318905883004,0.9996203241961935,0.9994926325859129,0.9999239071926697,0.9992370582771328,0.989322444407891,1.0045029288676244
60091.62895626107,1.000082210478422,1.000342559016169,0.9997002390476941,1.0009564292048696,1.0006604193550719,0.9990058345794027,1.0054625740985395,1.01058031219145
60091.62904001336,0.9994768337548718,0.9985232558042949,0.9979576656130064,0.9988393052429957,0.9994924627809492,0.9993795912105493,1.0044716673695702,0.9985003006287723
60091.62912376565,0.9988049408993032,0.9984101029352379,0.9980120311967061,0.9988997967232025,0.9991347816649222,1.0003585540968265,0.9940406914316557,1.0041382196622857
60091.62920751793,0.9983066027237189,0.9984422139613599,0.9986503381479277,0.9975656991540199,0.9980867895774412,0.9977289576313032,0.9976682736704704,1.0004946762213773
60091.62929127022,0.9996264465378564,0.9983759942963796,0.998135157163908,0.9991282202915487,0.9995978835025041,0.9987778422448955,0.9813891048244976,0.9864655044664596
60091.6293750225,0.999470788714391,0.9991372549147243,0.9985375737634448,0.9987718167004299,0.9993574052937555,1.001089938283009,0.9769519597276105,0.9896881639533516
60091.62945877478,0.9991190354986075,0.9989808437849638,0.9991300574396941,0.9995129365210158,0.9984048971807505,0.9976507637273093,1.004049002932879,0.9959481888572308
60091.62954252707,0.9992649681963667,0.9996453165703345,0.9999300889131365,1.000074546574464,1.000398290431459,1.0000636132064296,0.9885490931303312,1.0027734165087259
60091.62962627936,0.9990229087280744,0.9998746293589265,0.9993579232806625,1.0001604090153517,1.0000356161863886,0.9997419149265109,0.9952234003194389,0.9952752545651334
60091.629710031644,0.9996690628288918,0.9990869368473344,0.9991295416416315,0.9992706323565953,0.9992544661711783,1.0012801459859317,0.9865127893484206,0.994018317561184
60091.62979378393,0.99913918894132,0.9995048503298835,0.998234977428281,0.9985807029403677,0.9995563943377976,0.9978822311263438,0.9938671972191324,0.9953216640976933
60091.62987753622,0.998860643752125,0.9996618387464189,0.9991334953890596,0.9995103144479106,0.9990642280419221,0.9990199290782464,0.9993112075651622,0.9970485671344529
60091.62996128851,0.9988392846510965,0.9985023797455305,0.9981633786649075,0.9980249243121193,0.9994982377973104,0.9991735006451357,0.9922358301009866,1.0019397859135726
60091.630045040794,0.9992269843676936,0.9996002150912561,0.9993714764039864,1.0010664807224232,1.0001041401074835,1.0016004989464327,0.9991296939103618,1.0051963068254068
60091.630128793084,0.9980419202162087,0.9999525920623702,0.9996565672268539,1.0012153896858833,1.0017445239237943,1.001960859657442,1.0300848298749024,1.001320849139228
60091.63021254537,0.9989896431539376,0.9995539252608708,0.9984712675055403,0.9992914511077166,1.0013101414640042,1.0019122008562842,1.0329330427194616,1.0084628889315046
60091.630296297655,0.9986409146110744,0.9988549780279996,0.9982134955276292,0.9971992684120699,0.9985413620526449,0.9986242947625085,0.9949798884616434,1.0007686558507292
60091.630380049945,0.9993345318932197,0.9997734141495129,1.0000493683754366,1.0003345694304113,1.0002559386134058,0.9997758559993365,1.011991981784054,0.999082000364695
60091.630463802234,0.9990799336414459,0.9991845604403565,0.9992068187873477,0.9999135907168254,0.997570458355309,0.9986450414804258,1.0072621845093765,0.987639563339387
60091.63054755452,0.9992155409308039,0.9991236796404462,0.998983703654454,0.9998856041618468,1.000088620401858,1.0006662993903697,1.0031523506667825,0.996957589779708
60091.630631306805,0.9989632725613525,0.9998068111567924,0.9997523938580319,0.9996466126615835,0.9997349098940806,1.00121504246747,1.0042540252500076,1.0061685390746167
60091.630715059095,0.9980352242262962,0.9984214627972898,0.9981917655201473,0.9981751591386337,0.9974980940885539,0.9993301562827692,1.0061103254264456,0.9903614196163655
60091.630798811384,0.9978073691382613,0.9984279266723903,0.9968508642135665,0.996587954541583,0.9968104667509218,0.9999055434153183,1.01253865850806,0.9976598544262183
60091.630882563666,0.9995164269481185,0.9994998602249465,0.9993696535451815,0.9992907978445636,1.0009919831649146,1.0022456947487473,0.996394778334526,1.0001488688326354
60091.630966315955,0.9980978144475334,0.9991875340323376,0.9989012096994362,1.0004409529959672,0.9997654300633106,1.002610403491378,1.0186705546065298,1.002448200438776
60091.631050068245,0.9985793800956143,0.998273788549444,0.9981749361414148,0.996847852157196,0.9969629809216297,0.9996385127264551,1.005003937485346,0.9912648152027845
60091.631133820534,0.9987327826980001,0.9985205605435882,0.9975587894885015,0.9981435796363142,0.9977151724221265,0.9980199663271175,1.0072194879151415,0.9932091595738612
60091.631217572816,0.9992700925723624,0.9992511783508422,0.9982607198231931,0.9998953050797975,0.9998427072687358,1.0004145919550937,0.9919940563253606,1.0097850721228525
60091.631301325106,0.9989080207737485,0.9984540981129494,0.9983146892661321,0.9983942128062598,0.9977843051290801,0.9987455793715455,0.9866165209746287,0.9900201405010417
60091.631385077395,0.9999401674634144,0.9996956508561563,0.9989902252226702,0.999227933276811,0.9987440997160337,0.9991824042694397,0.9756013748550202,0.9881729995500868
60091.63146882968,0.9995662148663389,0.9997064771701174,0.9991046646207019,0.9984247876448704,0.9992259978403873,1.0000532776097582,0.9886467239420226,0.9958364985874772
60091.63155258197,0.9996185391666492,0.9997194220965313,0.9992966129698121,0.9980679185265078,0.9986993508687745,0.9997674689946848,1.0018526667645555,0.9972916500191661
60091.63163633425,1.0001198575964396,1.000581511810682,1.000095671072048,0.9987327208842416,0.9988306974622636,0.9992925047802764,1.0052533880183845,0.9869220767811071
60091.63172008653,0.9998238083360702,1.0001157515283066,0.9990346059686843,0.9990632796148227,1.0000545905631337,0.997702359984552,0.9905501188297492,0.995234345528803
60091.63180383882,0.9985330681255495,0.9993788449283915,0.9988678970840174,0.9988766088714941,0.9994193998727149,1.0003995397684975,1.0214482532706157,1.0033416002974032
60091.63188759111,0.9988737153501601,0.9985378840634422,0.9985980120967088,0.9989560996044662,0.9986562898230964,0.9981978596463569,0.9841483932540215,0.9968238673193596
60091.6319713434,0.9989122425992736,0.99932706962853,0.9999190721019768,1.0002676528170447,1.000965275343306,1.0015952688932672,0.98949929630171,1.0016040714405252
60091.63205509568,1.0000938704959221,0.9999344523850605,1.0004381394389306,1.001537089793337,1.0010821422741216,0.9989105209479487,0.9887281451971562,0.9893625575847831
60091.63213884797,0.9980434827993705,0.9979076032439115,0.9971031994633004,0.9973561424215794,0.9962700767955387,0.9978248650661237,1.0049123240241464,0.9899211216774566
60091.63222260026,0.9998947828258923,0.9995195386099986,0.9997581248427958,0.9998341476778446,0.9990982405455578,0.9991095158858576,1.0091534241582563,1.0081653619365991
60091.63230635254,0.9990693563169796,0.9996813827866667,0.9996708735760996,0.9991657663271247,0.9992610769508155,1.0008420076969402,0.9887485007373181,0.9995781607133785
60091.63239010483,0.9991847726754904,0.9994097970390216,0.9988856436467213,0.9984341496215102,0.9992132481946004,0.9982442820824523,0.9873843558251593,0.9880876511868081
60091.63247385712,0.9998113033654159,0.9986599642852081,0.9988056828341381,0.9994807726302517,0.99899868145345,0.9992802558516741,0.9975467149259857,1.0082418340573456
60091.63255760941,0.9991504534957517,1.0000652316244498,0.9997627497050489,0.9995697987725592,0.9995205347118934,1.0002427013995678,0.9988512762582854,0.9887536820359545
60091.63264136169,0.9988525646915614,0.999002802009004,0.998817894029691,0.9990420684971465,0.9988574730029586,0.9982545908900892,0.9930407565176461,0.9880269999659661
60091.63272511398,0.9990562565765911,0.9996316568197371,0.9982735478330801,0.998899870631446,0.9988687840858281,0.9971779296829123,0.9816212259063531,0.9977021750975051
60091.63280886627,0.9985954203968896,0.9991185834771824,0.997844556709077,0.9982260712034506,0.9981429816408526,0.9972361560845784,0.9672170665870828,0.9957295757832367
60091.63289261855,0.9984336209773697,0.9982592177571804,0.9970204558165877,0.9976518969977931,0.9972906177103695,0.9966831633068566,0.9782977774338898,1.0070941691343551
60091.63297637084,0.9989675935151668,0.9984340452992227,0.998428936555894,0.9985894799305194,0.9988670154703093,0.9995728981592733,1.0009299406712677,0.9890096361259101
60091.63306012313,0.999075665979588,0.9988558330075278,0.9991563120101202,0.999049488775152,0.9992203939924357,0.9989859226380181,1.013710698523646,1.0043336668560994
60091.63314387541,1.0000788446319728,0.9991181904675487,0.9999769106530099,1.000383987880894,0.9997830751879664,0.9978044496837809,1.0014872503255252,1.002826341185787
60091.633227627695,0.9985189523201987,0.9991778843208983,0.9990682861595606,0.9994602976546285,0.9998211931144606,0.9984222129616448,0.9921018068497449,0.9986088399290367
60091.633311379985,0.999346615883672,0.99955405488062,0.9986220509127687,1.0000978081350682,0.9988929687167177,0.9976422488576243,0.9760452106652946,0.9984669069464948
60091.633395132274,0.9997153683409165,1.0001178057778495,0.9991633139433476,0.9993029625533666,0.9983028317341609,0.996993522962652,0.9879036982114496,0.998023523481129
60091.633478884556,0.9987493360721782,0.9983949357005716,0.9979316463950211,0.9979136948476718,0.99824115467416,0.9980654387439225,0.9788095796560945,0.9944448634625777
60091.633562636845,0.9991377979950102,0.9998173250424613,0.9991594621932978,0.9990078915411904,0.9990983879561663,1.0009123559580229,0.9845106557176128,0.9964301888838852
60091.633646389135,0.9997328569232958,1.0003869791295608,1.0005122718730268,1.0000696978847015,0.99926390774582,0.9990113850623347,1.0007263311651777,0.9995539043191376
60091.63373014142,0.9983253180711792,0.9981241297785409,0.9976882304631915,0.9979449815577253,0.9998848567880713,0.9978960632113514,1.0088971892868277,0.9994044580920958
60091.633813893706,0.9985949809876467,0.9988448013452349,0.9988119734648943,0.9984492396614504,0.9984768275714425,0.9990412707798121,0.9779505454081231,0.9864788285771755
60091.633897645996,0.9997644707618163,0.9999225774920246,0.9995833416373724,0.9995763967403708,0.9997773213727926,0.9976308046926634,0.9914117267927274,0.979930740353393
60091.633981398285,0.9999969856670009,0.9991523520397924,0.9990931943117654,0.9988262743674552,0.9996743939732248,0.9983475037667703,0.995899012088782,0.9902945617458503
60091.63406515057,1.000193009653348,0.9991196632799308,0.9985899397759007,0.9995310673643794,0.9989712611472343,0.9996705345861723,1.0162613279867325,1.01301407072374
60091.63414890286,0.9988981786682606,0.9993726243297663,0.9990699767576141,0.9982270620623158,0.9979713048393271,0.9990801617405223,1.0069791784255513,0.9962150125847906
60091.634232655146,0.9988513092065788,0.9991698966155932,0.9981541933161053,0.9981664042262649,0.9983383048125349,0.9988198418869207,0.987718674714149,1.0082979280804492
60091.63431640742,0.9993087426817493,0.99887700489304,0.9978697236848175,0.9990597210051618,0.99979967590472,0.9972888190539303,1.0186368722141068,0.9930530563700161
60091.63440015971,0.9988496310612538,0.9987562172291972,0.9990339391179007,0.9983403084294026,0.9988756739105047,1.0004197232422416,1.0111923607225581,0.9922825340471594
60091.634483912,0.9993324768188763,0.9998511517104761,0.9999499207807294,1.0001735125532114,0.9996118010842874,0.9976046176964529,0.9961215628264138,0.9996414830818983
60091.63456766429,0.9993728832001211,0.999820344288689,0.9991576344289586,0.9997971279706297,0.9996587695087916,0.9988974654077202,0.9841220571934147,1.002570573642851
60091.63465141657,0.9990033188674882,0.9994967853635457,0.9990994577356737,0.9985460510878156,0.9986166264547582,0.9981935281251982,0.985695707031192,1.0041367961669518
60091.63473516886,0.999710853803415,0.9986310630399599,0.9984854498202382,0.9988999861535691,0.9974110747504784,0.9987215535125802,0.9642464207415408,0.9882500150058261
60091.63481892115,0.9988670092269002,0.9987989628852965,0.9979885505172429,0.9990123932658882,0.9994637998980862,0.9986216765862583,0.9656390292372155,0.9875086789001979
60091.63490267343,1.0003473704083536,0.9997501644530353,1.0002253347579944,1.0011010306583483,1.0008817003251824,1.0015991871470304,0.9988294824307924,1.0033079920266734
60091.63498642572,0.9985538733052597,0.9992056077504349,0.9982269939353784,0.9986379145989881,0.9992266073745233,0.9990765459357686,0.991308631586243,0.9990099732759548
60091.63507017801,0.9993962782113907,1.0001083068850543,1.000336220285112,1.0016959817022255,0.9998103365476335,1.000916216769136,0.9947358755062484,1.0153841866885678
60091.6351539303,0.9993709603318326,0.9986467503499253,0.9993290998328714,0.9980715807472529,0.9985835587134441,0.9997689786768347,1.0042180223382653,0.9864064769297491
60091.63523768258,1.000142033193243,1.000759377626876,1.0010369342359755,1.001020653724172,1.0010151452126537,1.0012624204330876,0.9891103422761395,1.002620662158285
60091.63532143487,0.9996693718697336,0.9991514733072854,0.9994136936584417,0.9997685483555717,0.9995719013227106,0.9981068701306335,0.9898361573171933,1.0009760596021542
60091.63540518715,0.999803591993098,0.9996464749111577,0.9996108408173162,0.9996280572569751,0.9988017938835679,1.0002266823696009,1.0237916664602706,0.9941782881935209
60091.635488939435,0.9994354534171855,0.9995149438133708,0.9998352744446207,1.0003327043810544,1.0012299162334797,1.0009066437427019,0.9977368137604419,1.0129385192433193
60091.635572691725,0.9990032845296168,0.9984563714390241,0.998408466402821,0.9977073618702137,0.998294040225337,0.9989450204021847,1.0016184046467336,1.0060579804005214
60091.635656444014,1.0001021467104714,0.9994739972538499,0.9986977095340503,0.99984495916309,1.0000862021570165,0.9985714098427678,1.011109544279084,1.010698627302478
60091.635740196296,1.000398185207441,0.9998047744665751,0.9992498651525668,1.000142018920011,1.000514219770943,0.9979409463435849,0.9894297002255158,0.9955003819710603
60091.635823948585,0.9990444151039181,0.998870034415432,0.9987377844284794,0.9986346547620313,0.9994251970879664,0.997533868705945,1.003476319877313,0.9959128965925833
60091.635907700875,0.999132466121664,1.000240857189953,1.0003855412060287,0.9996980054040865,0.9986538577974832,0.9954290814935934,0.9726173121456277,0.9967465793640223
60091.635991453164,0.9989826261521823,0.999159312109509,0.9992452269699015,1.000566928027139,1.0000266453404623,0.9993594128760913,0.9870786309485503,1.0060039195492898
60091.636075205446,0.9993092661505213,1.0005047815803416,1.0000871903089086,0.9989575611736212,0.9994670645691539,0.9997633000961852,1.0085921296844995,0.996132545801041
60091.636158957735,0.9990525554371052,0.9992459255583939,0.9988848237055333,0.9988207072776051,0.99817078812046,0.9960880820320902,0.9921652017734889,0.9979285717669779
60091.636242710025,0.9996634355133408,1.0000143340354617,1.0002653544462952,1.0014029187715434,1.000597080433766,0.9994258976350173,1.0001149691945914,1.0161596220673699
60091.6363264623,0.9996951576684185,0.9999543040008415,0.9986652042186352,0.9985844272579917,0.9998045119579079,0.9965013240950159,1.0110407470405074,0.9978767810451495
60091.63641021459,1.0000930522675024,1.0012039389504515,1.000129547974849,1.0005688353880933,1.000810676846457,1.0000276710223965,1.0078548486401762,0.9971371733981349
60091.63649396688,0.9994572700939762,0.9993012469481041,0.999329346581246,0.9998252423076287,1.0006127834673053,0.9961510467982024,0.9901908170491538,1.0008231050160368
60091.63657771917,0.9996867862109048,1.000994044541188,0.999659460058156,0.9999509835036836,0.9993427336356236,0.9985615775454207,1.0111007976915307,1.0040685968080352
60091.63666147145,0.998675028026107,0.9983900151944163,0.9988491031142741,0.9987780148759762,1.00057025351137,0.998496640251165,0.9951449062432774,0.9966832077413387
60091.63674522374,0.9986042730046366,0.9989397518342267,0.9987870528601793,0.9981620703525207,0.9980760132633438,0.9954003535992694,0.986735786016944,0.9998057037766355
60091.63682897603,0.9980373118008573,0.998189586027895,0.9971959140989984,0.9962837944600778,0.9979323717895362,0.9961262363685388,0.9612774949201266,1.0066556318130284
60091.63691272831,0.998600765448838,0.9990597513078309,0.9973287424583158,0.9978940850918837,0.9984431655109619,0.997709975961401,0.9769600316548808,0.999840207521501
60091.6369964806,0.9986568890193399,0.9991090787738468,0.9984375868241107,0.9998551167871389,1.0002734842795502,0.9985387862279543,0.9897919692714983,1.002568063368147
60091.63708023289,0.9998568183188349,1.0001086117787994,0.9998414336447933,1.0006897861039799,1.000002720049979,0.9979398129691351,0.9820297928982413,0.9990291198163641
60091.63716398517,0.9993460029474188,0.9996423696046763,0.9988045901829786,1.0004406376773856,1.0007189862008907,0.9997766282950996,0.9714665833707341,0.9940073781051776
60091.63724773745,0.9989549334990477,0.9995760840443358,0.998894043845894,1.0011035472265637,0.9990674582298821,1.0013138234444052,0.99387541577004,1.0038674431474557
60091.63733148974,0.9997471520311396,1.0006685053710775,0.9999786467970627,1.0003007873826966,1.0001777939676364,0.9999193979661554,0.9866798051121991,1.010788365575916
60091.63741524203,0.9985124586822067,0.9987573422392275,0.9982033040537454,0.9987859485247276,0.9976986669236465,0.9987640624969746,1.0007538388914397,0.9867864307206491
60091.637498994314,0.9990194082603686,0.9994356130788298,0.9988818287259136,0.9995698790599363,0.9990501341785016,0.999393921698396,1.0060111716270226,1.0018924877902715
60091.6375827466,0.9991266592410979,0.9989372529187067,0.998501797173625,0.9989398477648143,0.9980845137546935,0.9982798812292554,1.000504497559925,0.9964810658565957
60091.63766649889,0.9992585329957611,1.0000033263815558,0.9996993222410713,0.9992040799518892,0.9998264907923246,0.9995675653743419,1.0205705426539908,1.0034657642544205
60091.637750251175,1.0004487421049626,1.0009886944381496,0.9990874782700132,1.0009020515261995,1.0017818403206946,1.000141711389534,1.005700951586622,1.007923342087061
60091.637834003464,0.998928224515667,0.9992879476425728,0.9989386631518138,1.0001649234983168,0.9999778965150733,1.0023591395319784,0.9829229102808885,1.0096064422100464
60091.63791775575,0.9996085517815132,0.9993821946092015,0.9990857924265543,0.9992159091082958,1.0005898705958736,1.0002633828546217,1.016028766163278,1.005129829393302
60091.638001508036,0.9988101891331557,0.9990558009703799,0.9994407935656298,0.9991917361289749,0.9997584400318459,1.0008322507420668,0.9992197421206983,0.9985232327235646
60091.63808526032,0.9986016408020343,0.9985748744749716,0.99886394156305,0.9990947990635796,0.998957837428403,0.9982577081706034,0.9892011863115178,0.9945197959922387
60091.63816901261,0.9997835624082423,0.9999373170453706,0.9990225311847193,0.999449886808877,0.9998999062638327,0.999907637350665,0.9909770689256021,0.9896709562487148
60091.6382527649,0.9996713854656085,0.9997614497358424,0.9999332956231628,0.9994942712757002,0.9989072856291004,0.9985632603446248,1.0081407159397509,0.9952207418632052
60091.63833651718,0.998965660251009,0.9982029383306635,0.9974975143088235,0.9979731740391113,0.9980336916402524,0.9991848944558841,0.9892538025694737,0.9922848413047011
60091.63842026947,0.9986545326223001,0.9984566542399449,0.9986644756713243,0.9994397491694578,0.9986784803576041,0.9997336651448444,1.0059139691757657,0.9997855421504169
60091.63850402176,0.999523898060346,0.9978207589058576,0.9981442934196323,0.9987522989437094,0.9977337064377395,0.9983640608334539,0.9874769808849744,0.9925768212369411
60091.63858777405,0.9986235519342233,0.9991008046280515,0.9980051134499939,0.9982474095051034,0.9976839218096363,0.9982502685009428,0.9973419115691439,0.9959258324986077
60091.63867152632,0.9993382811267273,0.9989829178925078,0.9984843164908791,0.9988114190596976,0.9984601277703161,0.9985128340134868,0.9976007982910018,1.0030758981412171
60091.63875527861,0.9997985501014997,0.9992049609287306,0.9988860118636717,0.9983798874151262,0.9983463385036246,0.9968662982730052,0.9826431568038898,1.0014823462912332
60091.6388390309,0.9988601053721062,0.9984358761302914,0.9988586661137464,0.9993488852884591,0.9991681083101476,0.9996701673497844,0.9939529500534436,0.9939015069210848
60091.63892278318,0.9998469816738035,0.9994395179535904,0.9998172720017018,0.9997826570555101,0.9996696205258961,0.9991228044070555,0.9928500279329259,0.9918122296966875
60091.63900653547,0.9988197350088732,0.9989767948598809,0.9983878380273996,0.9983834940177998,0.9980627809787629,0.9983646830108052,0.9944236875049802,0.9936093239248038
60091.63909028776,0.9985772545603789,0.9989663877987639,0.9986798413140962,0.9988795206469724,0.9983613906607127,0.9975350422706911,0.999317718438279,0.9995974325143764
60091.63917404005,1.0000176348036627,0.9995948515154259,0.9993906022897264,1.0002461551865622,1.0008289570713864,1.0016298178316791,0.9988797131291338,1.0002818239312405
60091.63925779233,0.9978074942037191,0.9989381727081094,0.9997466815520326,0.9992474063297591,1.0002739664818494,0.9996604992330689,0.9728973284306945,1.0013481349145548
60091.639341544615,0.9984901333428822,0.9983291721310931,0.9981584344146377,0.9988082645282826,0.9984111862011916,0.9959683221790935,0.9722708792883394,0.9982420762687767
60091.639425296904,0.9996880955128875,0.9992769779806625,0.9991445746137092,0.999335659849343,0.9992405624948796,0.997365396102775,0.9837040177398997,0.9936125798562908
60091.639509049186,0.9989695784436448,1.0005101696753755,0.9997723111951261,1.0003038142317648,0.9997171996693085,1.0004465922257628,1.0061088990849358,0.9912537061699432
60091.639592801475,0.9986858195159816,0.9990992525113697,0.9997471713884984,0.9993386731925896,1.0000377672339131,1.0019914086058597,0.9943050947720938,1.0098805398024953
60091.639676553765,0.9989623365130811,0.9986799851090359,0.9984009036160855,0.9985868333874562,0.9995450033763368,0.9996956421502032,1.0105844032936242,1.0004166011838798
60091.63976030605,0.9984911844807773,0.9980696324639456,0.9986300269719003,0.9982843974661612,0.9981313834689637,0.9975016459487019,0.9865450656863336,0.9857531539986043
60091.639844058336,0.9992179218473939,0.998685526065981,0.9985958407940302,0.9986115448055248,0.9993508553116406,0.9974877770658662,0.9889682799573429,1.0006096130468252
60091.63992781062,0.9992688410777136,1.0002329927191878,1.0004770351183876,1.0000371764634324,1.0002119619258605,0.9983648241253495,1.00304682622704,1.0014762124758418
60091.64001156291,0.998865022513273,0.9994272730376744,0.9986528880446485,0.998554326020216,0.9992082215801523,0.9996523709462838,0.9928037038315922,1.0137353289446038
60091.64009531519,0.9987967248547851,0.9984436199206005,0.99824578526368,0.9975650098587295,0.9987136883587799,0.9976327674548144,1.0085428947731032,0.9895399478146691
60091.64017906748,0.9982736245586147,0.9979037531542467,0.9976437553422448,0.997777481954911,0.9965011648737033,0.9969949110453812,0.9843432268478307,0.9996193003785802
60091.64026281977,0.9987252353493977,0.9986908932813805,0.9992200608243282,0.9985582258138517,0.9982090967329273,0.9999925243890594,0.9983455379857233,0.998081443221068
60091.64034657205,0.9989268634968597,0.9990346661829338,0.9985722804562372,0.9991409571787355,1.0001495296670952,0.9998013866776889,0.9831377322636993,1.00068455777283
60091.64043032434,0.9993086232342613,0.9996399202383807,0.9980325168588146,0.9983377258770237,0.9989870161860389,0.9974990249397744,0.9904727833241154,0.993941163226517
60091.64051407663,0.9992041964121855,0.9989851902608011,0.9993509272718113,0.9987633369380357,0.9978755728733156,0.9993183962607923,0.9901592185582371,0.9887929956561683
60091.64059782891,0.9991522810685717,0.9999922691784259,1.000278831760247,0.9998224148064859,0.9996557849428226,0.9993324093606284,1.0144127604657922,1.0017977474533641
60091.64068158119,0.99951051563632,0.9991899779712056,0.9989079371868879,0.9997016814296755,0.999217462554148,0.9999188094909203,0.9975828081975919,1.002142249106727
60091.64076533348,0.999433835861927,0.999463990289949,0.9990151076774225,0.9995408334691017,0.9989067117628443,0.9975091724736461,0.9979852519112469,0.9938322451129802
60091.64084908577,0.9989915120477127,0.9988852867010863,0.9990443205491659,0.9994302529818267,0.9994612747119617,1.0006852361623355,0.9975727757973594,1.004588181668137
60091.640932838054,0.9992514375524466,0.9987530846455042,0.9992084633488489,0.9993079078271991,1.0001116276185733,1.0006884493761898,1.0127874547200564,0.995986531348476
60091.64101659034,0.9987402708741546,0.9997134062077169,1.0000223758239797,0.9995919877416486,0.999711860773842,1.001603879706409,0.9858894320318893,1.005579759927743
60091.64110034263,0.9992909322999614,0.9988082527901906,0.997946122475753,0.998114830974215,0.998067816073686,0.997433645525281,1.0101043625897108,0.985629064618204
60091.641184094915,0.9986655234188406,0.9991692443026089,0.9983068375434272,0.9975298736405546,0.9979450491018604,0.9992457993327337,0.980404171337032,0.9970294428224852
60091.6412678472,0.9997380425194107,0.9991774028122633,0.9983406073546413,0.9976157382742696,0.998428665644804,0.9975690001102692,0.9758891771164371,0.9931253053681398
60091.64135159949,0.9991790994711022,0.9989727470202835,0.9995992097200596,0.9985003118524887,0.9997759265217352,1.000358344060544,0.9996264248072952,0.99661179125109
60091.641435351776,0.9986918042289178,0.999147791212478,0.9991245372796993,1.0006932225631988,0.999508321456146,1.0020651108041618,1.0278582990586282,1.017535973251819
60091.64151910406,0.9992163229311941,0.9989920452299724,0.9986123824443094,0.999448204711079,0.9987903992430774,0.9991501160031604,0.9959507181657071,0.9908306699714888
60091.64160285635,1.000109431957157,0.9997428986594961,0.9998195885081951,0.9990362307924869,1.0004998215457714,1.0006206513745455,1.0026948919881886,0.9985780903921544
60091.64168660864,0.999886431582569,1.0000559797115511,0.9991859570594341,1.0002229753586074,0.9999553004143231,0.9976245684320286,1.0029082895275865,0.9997933028533355
60091.64177036091,0.9988074703508136,0.9998743408113173,0.9994685849267423,0.9986268403731765,0.9986619738614212,0.9994438733942068,1.001557511136174,0.9967643267861584
60091.6418541132,0.9987478009488127,0.9986816976860281,0.9982247096167368,0.9986071782885577,0.9983072996349663,1.0003981332227818,0.9898707654062836,0.9920931194101767
60091.64193786549,0.9988296021589553,0.9989268648855134,0.9982154023088053,0.9986966826665394,0.9996249103396254,0.9976880176938829,0.9983834036967958,1.0027871606080698
60091.64202161778,0.9984364203539509,0.9994023337509581,0.9991102125158327,0.9990391759089059,0.9986572342736358,0.9977509380544052,0.9951748270428529,0.9922201091763834
60091.64210537006,0.9995854958435967,0.9998468195375076,0.9989555452839072,0.9981014782514483,0.9992885569944944,0.9998481754531575,1.0132548647553667,0.985236824616826
60091.64218912235,0.9992369649272589,0.9988563589572196,0.9989060487071282,0.999399874949456,0.9977581771599453,0.9969540597235512,1.0029794006160222,0.9987111070115852
60091.64227287463,0.9999717261198205,0.9997140560304696,1.0006126763487981,1.0004997767812636,1.0004686659021291,0.999616860340882,0.9871730084046242,1.001993859375245
60091.642356626915,0.9996470905290882,0.9997357101269898,0.9990700571706415,0.9996597129600393,0.9992292038964076,0.9986453900683542,0.9835523234496762,1.0029086300638723
60091.642440379204,0.9995808628561904,0.9989270863884246,0.9989027916210381,0.9983999818355589,0.9974725632446247,0.9964913442758778,0.9742994981980377,1.002370136433461
60091.642524131494,1.000290257235102,1.0007829603120195,1.0010524464787527,1.0017333291374306,1.0012601392119485,0.9990931064286429,1.0201335848157524,0.990438521555978
60091.64260788378,0.9988711707773852,0.9988862628718876,0.9983687762532193,0.9979814067595886,0.9978550115876982,0.9971121930340803,0.9827939640559347,0.9910493146106512
60091.642691636065,0.9983809899989151,0.9985640145109574,0.9985929252840658,0.9983101299941427,0.9986459145232218,0.9968105488352501,0.9986291046524625,0.99352617706794
60091.642775388354,0.9993092370105846,0.9991251003495202,0.9983169125297392,0.9984375830406734,0.9980386911296519,0.9972320219504491,0.9890761353298175,0.9936401101991666
60091.64285914064,0.9996818978946482,0.999583419755917,0.997716948894814,0.9989192456052145,0.9987614695370363,0.9988298979320579,1.021900948283059,0.9925566215450049
60091.64294289292,0.9993611662678619,0.9991497019225154,0.9990333217375437,0.9990577177080184,0.9987397844637773,0.997418465740058,0.990382396033557,1.0006809169025526
60091.64302664521,0.9993194258550666,0.9993478909021984,0.9991108050289045,0.9990533993335756,1.0012039230165977,1.0008363499904254,0.9878752940087655,1.0165226354731058
60091.6431103975,0.9984205727962926,0.9982393155066897,0.9977083530025583,0.9977820674057376,0.998356173173222,0.9967573950067488,1.0006057890344637,1.0091174518268438
60091.64319414979,0.9994409918428037,0.9998427658235176,0.999768325297581,0.9983101320872959,0.9979117465262182,0.999362867778026,0.9826502761128606,1.00575842551544
60091.64327790207,0.99889846292703,0.9985867593927862,0.9990444097166853,0.9982120617289423,0.9984309288715522,0.9986125283063073,0.984495956959173,0.9927231282923661
60091.64336165435,0.9987751736926964,0.9990317658931557,0.9993481947760107,0.9989123772219417,0.9984887915885257,0.9981492670017044,0.9649353308220353,1.0036982946924053
60091.64344540664,0.9986951706529152,0.9998568936738106,0.9994512236371541,0.9993052776306659,0.9998162910258098,0.9999731656695655,1.0329335887793216,1.0051222129056996
60091.64352915892,0.99883105511295,0.9994275711630977,0.9985250754054618,0.9984856592317346,0.9987408586156981,0.9970075445841259,1.0145739080625356,0.9983696789149175
60091.64361291121,0.999427285204167,1.0000171215624432,0.99950042622149,0.9995111751824172,0.9996893645057418,1.0005478710980718,1.0076977178432545,0.996266363566321
60091.6436966635,0.9999607305453806,0.9998147034032181,0.9989174494329477,0.999998836375231,0.9999933466932753,0.9998899050331177,1.0333290279230967,0.9953577185361453
60091.64378041578,0.9985941111474114,0.9986782888143276,0.9982559042111262,0.9973783900986329,0.997040241166105,0.9971975005564525,0.9712080612228041,0.9965785610982613
60091.643864168065,0.9992728913188911,0.9998703257916959,0.9990286021230093,0.999555944689759,1.000859040870296,0.9995797206897015,0.9992358801938792,0.9903258877377127
60091.643947920355,0.9996890343438917,0.9993032174875529,1.0000021364951621,0.9986477480833095,0.999235810373451,1.0018052593607416,1.0079831593509203,1.0018797718559673
60091.644031672644,0.998784554809637,0.9991744387342442,0.9999958561282929,1.0005742981193042,1.0000586901244874,1.0001806636844537,0.9920485452388199,1.0038051951666331
60091.644115424926,0.999074700161327,0.99864059960549,0.9989603157650586,0.9985077024774902,0.998968743630951,0.9995140474388867,0.9975467595051438,0.9973033313816387
60091.644199177215,0.999442530693981,0.9999327787578453,0.9993254280404601,0.9999639848258941,1.0006736752103846,1.0014333528523536,0.9952577019616445,1.0054075903735566
60091.6442829295,0.9991244936450128,0.9995128312668666,0.9999072193123055,0.9989539994242308,0.9993429564975164,1.0003803512187246,0.9648222768928257,1.0020493366430872
60091.64436668178,0.998429921885555,0.9985175679875353,0.9989643741135714,0.9982808729449959,0.9983436529991098,0.9986548919136524,0.9920163945061677,0.9968918631923247
60091.64445043407,0.9992627851163196,0.9985193196420086,0.9982538458866757,0.9984685702304684,0.9980775880127114,1.0005456540087039,0.9928354627900646,0.9935555877885217
60091.64453418636,0.998224579420005,0.998170412521344,0.9976819880198758,0.9979255052155365,0.998456952518374,0.999194419819149,1.0108988009409694,1.0018415444682023
60091.64461793865,0.9984193292823111,0.9993552711186886,0.9989507173702696,0.9990261494688567,0.9990590603148652,0.9987873652813184,0.9918866762607463,0.9953141976071458
60091.64470169093,0.9989853134318901,0.9979396153631411,0.9978609082887702,0.9975290736074913,0.9973694644895783,0.9974221444707163,1.0096997129739314,0.9949709854065355
60091.64478544321,0.9992103352780118,0.9996556825745557,0.9998067080845611,1.0008858527130957,0.9996103678840236,1.00287509740351,1.0323578526086614,1.0007219135087857
60091.6448691955,0.9992155296948643,1.0001829989565794,0.9990306603342552,1.0002885275849331,1.0005497788388384,1.0033234118026924,1.0073004607318061,1.00943470011387
60091.64495294778,0.9984133918233262,0.9986862541714,0.998054001325438,0.9980904237610813,0.9978988901262175,0.9987456647430458,0.9786413590186708,0.9897584659743895
60091.64503670007,0.9988211167669145,0.9988699858239891,0.9995710282935018,0.9997418833278301,0.9995297564801074,1.000472070661451,1.00928718521091,1.0038300048576463
60091.64512045236,0.9992906836391686,0.9988890889655333,0.9988735930508138,0.9983922770382263,0.9992941844755342,1.001506178923778,1.0060948606204487,0.9842045640822462
60091.645204204644,0.99945509252689,0.9995956548386107,0.9987979536743206,0.9976510005301706,0.9990429921220524,1.0001558727597972,1.0197072840780275,0.9953818817271947
60091.645287956926,0.9993031775313965,0.9990798541815985,0.9988725431155375,0.9988845923572268,0.9984579713601383,1.0002658009898937,0.9666832269540787,0.9916525115935101
60091.645371709215,0.9988600089740455,0.9995775044341494,0.9994831557220207,0.9997449354940853,1.0003494503162518,1.0002076355750968,1.008663305360473,1.0016068102657993
60091.645455461505,0.9977533845966231,0.9996243671455151,0.9986068396811222,0.9985608499801101,0.9982789565782499,0.9996348921263833,1.0003164975679586,0.9926375765603335
60091.64553921379,0.9992302924068088,0.9995794348106315,1.0004320108417453,1.0014285273051151,1.000449219113045,1.0017209731264733,1.0046920906539478,0.9951369217775555
60091.645622966076,0.9989579089753544,0.9986483717461284,0.9985248832971922,0.998300864103203,0.998456097362247,0.9985609883755053,1.011472698534803,0.9956530930053393
60091.64570671836,0.9990861171885085,0.9996508360729763,0.9990810266999975,0.9978426974825899,0.9980993039524051,0.9964047047004604,0.995545159100274,0.9960402491394573
60091.64579047064,0.9995471678486446,0.9990782786311984,0.9988852976556148,0.9981727573449866,0.9987672508513973,0.9977154231190536,0.9895357797976735,1.0020408466128905
60091.64587422293,0.9988456938095245,0.9986139045777668,0.9976960257345172,0.9983814103336054,0.9994542985859814,0.9968743495109657,1.0068516396133789,0.9992868791214217
60091.64595797522,0.9998834169379872,0.9999782298271341,1.0005738393470784,1.000292729839209,0.9982766058654259,0.9967674549569339,1.0207438501390482,0.9965641100172782
60091.64604172751,0.9993214579849915,0.9986507028583474,0.998200379525145,0.9958690346542224,0.9962501451851853,0.9943924334797124,0.9916171943964391,0.9829289654773188
60091.64612547978,0.9987503100286196,0.9989938294490133,0.999964293958446,0.9996403413751854,0.9998973238345024,0.9996944342358717,1.0204123798060234,0.9992848482934976
60091.64620923207,0.999100409566124,0.9989302288053403,0.9992865301346454,0.9988995647818909,0.9993048572779523,0.9994922239258779,0.991167662797679,1.00555839027753
60091.64629298436,0.9990252165585531,0.9988497132313576,0.9984246027804986,0.9989226070099395,0.9981896689001987,0.9981615987928641,0.9896857588351322,0.9931850396520946
60091.646376736644,0.9993326027244043,1.0005794025206347,1.0009604043163354,1.0010760480772636,1.0005138662099657,1.0006270501769055,1.0172865015652677,0.9982228839588734
60091.64646048893,0.9993259692672207,0.9994704709581499,0.9990773317761052,1.0006603474488724,0.9989713172056679,0.9988798301430952,0.998970571879117,0.9942363855422239
60091.646544241215,0.9986851059288121,0.9993056567013658,0.9990307472376818,0.9991491969760641,0.9989677335190873,0.9996470569919124,0.9811540037478155,1.0064311283348448
60091.646627993505,0.9988173550898665,0.9984745643689794,0.9982813208408271,0.9985334296230777,1.0008335181327033,0.9997930457512557,1.0081626545798528,1.0058782555045267
60091.64671174579,0.9995789618822327,0.9991317651033059,0.9983486495252809,0.9979290251516997,0.9987570258305271,0.9977960006232613,0.987955747129963,0.9958049833452418
60091.646795498076,0.9990318561587505,0.9984507261477586,0.9989057872798857,0.9982153975174588,0.997918664598359,0.9985752636666101,1.0086321817769006,0.9985942406011468
60091.646879250366,0.9992588001380994,0.9990665826517278,0.9987906824649958,0.9988918287866078,0.9988652874488285,1.0000018389943834,0.9987664002228773,1.001495831524944
60091.64696300264,0.9990317433268155,0.9996051521351035,0.9997779158435148,1.0002888143967612,0.9996481268245309,1.0018198537327188,1.0315019495067241,1.011003070374215
60091.64704675493,0.9996096157829839,0.9996905794036527,0.9994688714099446,0.9989596073305688,0.9981478875332458,0.9997669721835407,1.001504103197645,1.0048064153897502
60091.64713050722,0.9990250245499976,0.9989193795046257,0.999223735937409,0.9990169140283127,0.9994570317931677,0.9977593937447387,0.9715715336448509,1.0009649761652264
60091.64721425951,0.9984354967492198,0.9985148964798073,0.9979805791749713,0.9977950078769936,0.996892718316104,0.9990774789994615,1.0126657551158802,0.9955519268127284
60091.64729801179,0.9991084902543238,1.000179175110125,0.9991957486945389,0.998683393735109,1.0004744591889252,0.9982839866690374,1.0061386189474384,1.002974892165275
60091.64738176407,0.9988452077238784,0.9985241062503244,0.9981747101094891,0.9972798781347866,0.9960045143396368,0.9973093037357016,0.9892638526272319,1.0002540510522373
60091.64746551636,0.9991108807792173,0.9998415698738118,0.9996118223392567,0.9993807017157885,0.9993431279153516,1.0003891948442243,1.0065318750533216,1.0054850644696292
60091.647549268644,0.9997256324766942,0.9992027854240627,0.998887052138819,0.999694776864754,0.9980169758135228,0.9995392345539406,1.0102068377105533,1.0019692139637442
60091.64763302093,0.9997338081978406,0.9993122464289421,0.9996973569330978,0.9994545441246308,1.0007292402175025,0.9993575980403993,0.9980180984618683,0.9976499506671386
60091.64771677322,0.999187123139534,0.9995951737769403,0.9999149379440918,0.9994184637448422,0.9995910802909136,0.9999927375547759,1.0101312427598395,0.9872839182596503
60091.6478005255,0.9989696727415299,1.0000713707478042,1.000403895677635,1.0001856387380275,1.0003882065231975,1.001938407910548,1.0083973301345395,1.0031912903020312
60091.64788427779,0.9983883949556108,0.9986849151930053,0.9979145413629967,0.9979737555868479,0.9981332570303599,0.9983936728839471,1.003217973242404,0.9995340178099259
60091.647968030076,0.9995470110180307,0.9990544275118548,0.9991955223229991,0.9976651688351389,0.9987513107386984,0.9982062144596537,0.9766216497064863,0.9957679359009721
60091.648051782366,0.9992281007685461,0.9992577513491699,0.998414540774985,0.9983985862505673,0.9982530395609294,0.9982316496160784,0.9933547669183823,0.9982997328770971
60091.64813553464,0.9995095933967032,0.9992546075275085,0.9979766079562943,0.9973580996195152,0.9967889957472983,0.9975210449259367,0.9949599370768258,0.9989741709681915
60091.64821928693,0.999199608316033,0.9993420092943361,0.9988974379473301,0.999328622419029,0.9994347946160478,0.9996077830801994,0.9869407778077977,0.9881097931523077
60091.64830303922,0.9993877490831927,0.9990483459830886,0.9999456767388765,0.9997165349931386,0.9994352660930403,1.0012843870300259,0.9933507410895401,0.9944223561849468
60091.6483867915,0.9996824809559034,0.9996663053918957,1.0000168141178831,1.0000861137876962,1.0015675998284033,1.0029338362601183,1.0123663995735612,1.003934942072162
60091.64847054379,0.99931666181394,1.0000376490526308,0.9995356481840566,0.999244609279012,0.9987046560917668,0.9992687201507673,1.0187925927162746,1.00016415906268
60091.64855429607,0.9979521086737494,0.9986989715289537,0.9975896997883118,0.9984249223043942,0.9983374952389609,0.9981123237494883,0.9861619888306987,1.002537012555797
60091.64863804836,0.9990518471528793,0.9993463389770728,0.9999197280473803,0.9997694120304602,0.9984744642626188,0.9977517686493662,0.9752107220152494,0.9962018880846987
60091.648721800644,0.9992137577241937,0.9987729586733697,0.999403734405004,0.9993228424255941,0.9990111844795431,0.9988195341097799,0.9891787135399632,1.0012117157418672
60091.64880555293,0.9984986657263523,0.9985881384064433,0.998401419376413,0.9962888272974867,0.9974090989245314,0.9999472273284725,1.0076957647798357,0.9818574296148247
60091.64888930522,0.9996493245908984,0.9986186786072202,0.9992728581087175,0.9977010181208443,0.9983705850544525,0.9982928683940476,0.9911432883593407,0.983036844284249
60091.6489730575,0.9992753477367945,0.9991070637294891,0.9982513995344632,0.9976948684366812,0.9983589738500692,0.9983801517291202,0.9855069032909349,0.9879287052035888
60091.64905680979,0.9987343581972421,0.9986830998779951,0.9983385940101666,0.9980416571284791,0.9994072354420551,1.0017770406873863,0.9864016857747939,1.0028434131680128
60091.649140562076,0.9998425127101129,1.0000442235834086,0.9997640234081582,0.9989257141962222,0.9994954528966408,1.0005564771900848,0.9978953084445181,0.9961092476518671
60091.649224314366,0.9992351182428408,0.998536739323115,0.9985536400674518,0.9983036236267031,0.9994961825916238,0.998733238158361,0.9886924377790602,0.9992687045069234
60091.64930806664,0.9981470167842881,0.9988432213890404,0.9991952045575822,1.0000319765724617,0.999571572018386,1.0000341097992302,0.9934953442113864,1.0034307087129093
60091.64939181893,0.9989114486278825,0.9991492100698414,0.9983700334661865,1.0003527608257075,1.0011947911663603,1.0014275388899592,1.0195919793889157,0.9967160768792743
60091.64947557122,0.999736405432519,0.9990945727276058,0.9987081685104922,0.9986421860269945,0.9996387708029159,0.9995136421501993,0.97571408761436,1.012163612409197
60091.6495593235,0.9989364523211686,0.9989675035502407,0.9987800705868239,0.9983442960856367,0.9987584095197829,0.9996388802258773,0.9941210989985259,1.0040251777626485
60091.64964307578,0.9981713714183004,0.9986807439911638,0.9986897022681738,0.9983749806154432,0.9997922728865972,0.9996214559012939,1.0116714557562518,1.002627606901602
60091.64972682807,0.9978427352030395,0.9979631450510476,0.9976589872903401,0.9979364064571856,0.9977464917514062,0.9995448249371567,1.0066139121973872,0.9886451389072416
60091.649810580355,0.9984967319896549,0.9992070338230848,0.9984947810143483,0.9981739917571802,0.9975924953682778,0.9958901441718151,0.9793300354068598,0.9929113553289559
60091.649894332644,0.9987982169245505,0.9985742800119838,0.9982358677072838,0.9986567664837993,0.9986489551476244,0.9992660474589666,0.9857005244709524,0.9905200525887498
60091.64997808493,0.9988094788012584,1.0000000356362277,0.9994160241645753,1.000343536598484,1.0005489050381382,0.9993747633098926,1.0065267651673182,0.9984526623204641
60091.650061837216,0.9992456393351049,0.9987613875885935,0.997995378039859,0.997943037267568,0.9980298948817389,0.9990149102079235,0.9990741982741327,0.9973600981256728
60091.6501455895,0.9999429203736101,0.9999426582729681,0.9989207621779843,0.997805362955163,0.9985800002812188,0.9981743447619228,0.9859433104372604,0.9878668352312832
60091.65022934179,0.9993561570339943,1.0001795515182146,0.9994474059239653,1.0000244681328359,1.0004397928157294,0.9990009051070288,1.0043760876693246,1.005436968106975
60091.65031309408,0.9995881451101258,0.9986418905671107,0.9977208632470282,0.9986481960180988,0.9978203451521459,0.9978141597376105,0.9767528847403502,0.9858948043322527
60091.65039684635,0.998287465503482,0.9978467394925099,0.9975186507089222,0.997880243219144,0.9970333963627734,0.9973695245884107,0.9841939023577926,0.9950139971284272
60091.65048059864,0.99962411481788,0.9997455473720269,0.9993170181056887,0.999911848067095,1.0004153910597389,0.9983444019715589,1.0066936872103824,0.991612133703642
60091.65056435093,0.9993516015955726,1.0001064786080693,0.9993128558730536,0.9998219908931218,1.0001467407756142,0.9982598727879951,0.9862544410243799,1.0017552047867486
60091.65064810322,0.9989658028004289,0.9987995863371348,0.9985144741307909,0.9983588917427207,0.9979239362735901,0.9966486578635311,0.9831437005422894,0.9976043867060583
60091.650731855494,0.9997014892253575,0.9998860127185487,0.9992828562290808,0.999358166977722,0.9989655174338028,0.998152481051873,0.9929261717645248,1.000924203999841
60091.65081560778,0.998939473108764,0.9992171202189898,0.9975798598902966,0.9990004126050579,0.9982408695805467,0.9968298954079535,1.0024792578636674,0.9935149891065514
60091.65089936007,0.9993595054489858,0.9995268233676093,0.9994762584653482,0.9991198378607793,0.9984929791971632,0.9974991426577525,1.0061346344587998,1.0091775384062043
60091.650983112355,0.9992824915891568,0.9994274649770666,0.9993918196546612,0.9991544905605602,0.999035778979269,0.9989742497680818,0.9805194627917061,0.9927272461326512
60091.65106686464,0.9986072174508486,0.9984100816724909,0.9965524684874099,0.9959840517292603,0.9963319523360672,0.9961048194593889,0.9756867844820547,0.9882644570079167
60091.651150616926,0.9989440232967466,0.9994607429640443,0.9988284144762508,0.9991955754703522,0.9980127440565304,0.9992843528743576,0.9994923060765522,1.010661781406496
60091.651234369216,0.9995708986254904,0.9995466163033166,0.9990827901641028,0.9995945826535988,0.9994614598482121,1.0006385610176962,1.006132592977149,1.0104250063284446
60091.6513181215,0.9997321287399058,1.0004873457446553,0.9995046938853773,0.9997960332514951,0.9989481197394745,0.9998892586498637,1.0008234861640106,1.0037160414894886
60091.65140187378,0.9992961853117134,0.9984113937053023,0.998880317859089,0.9985544234016778,0.9988159557155006,0.9979354178678584,0.9836608646968782,0.9862006978000352
60091.65148562607,0.9993356896675318,0.9993030532599692,0.9986448214218072,0.9978992947010659,0.9979725232840346,1.0008560768365773,0.9958869843010514,1.0135925234508052
60091.65156937835,0.999253566867998,0.999525436691701,1.0000315903041088,0.9999655352543871,1.0000639206444726,1.0018623251841383,1.0086503628815549,0.9997793640656585
60091.65165313064,0.9992720365474158,0.9987930934093319,0.9994332297223176,0.9988699258319552,0.998687584396872,1.0003123528456226,0.9760633305606753,0.9924568345939868
60091.65173688292,1.0000243888109268,0.9999729312527349,0.9997893384932994,1.0005392705457488,1.0008941481034759,1.0024450004515975,0.9994418268842316,0.9958558716157824
60091.651820635205,0.9991471216721477,0.9992758582703558,0.9988435471816142,1.0000338859767322,0.999999631909974,1.000953994919285,1.0143678145395811,1.0077616653417494
60091.651904387494,0.9988948901607785,0.9999615669848885,0.9995174292938709,0.9992568744591694,1.00041689266501,0.9985790947480995,0.9915406104327223,1.0017467917083696
60091.65198813978,0.9989205310998505,0.9988580136203632,0.9985797849425846,0.9984899395307238,0.9980500744212716,1.0008749368834529,0.9982833477614872,0.9957649633840682
60091.652071892066,0.999752722904471,0.9995669856957213,0.9992655939935501,1.0008112127132025,0.9995519992693064,1.0001702659307472,0.9921461675351954,0.9908745398362352
60091.65215564435,0.9988431583725136,0.9995898759687664,0.9983609458507211,0.9986593035350141,0.9982779644250391,0.9994954592076379,1.0063701943699501,1.0027625619270817
60091.65223939664,0.9989775655165165,0.99913777518158,0.9995316983610559,1.0006424640461218,0.999994267136588,1.0014192970465339,1.013039448302516,1.0081219921297497
60091.65232314893,0.9990610162570914,0.9996561065524547,1.0002060087641906,0.9997810927224993,1.0002545986360099,0.9995069817703175,0.9959917890485956,0.9963747211949779
60091.6524069012,0.998741987137667,0.9990992735825605,0.9992488661971122,1.0011451416696542,0.9997857066294533,0.9997461921884088,1.0090051181452582,1.0003214699389273
60091.65249065349,0.9987161739841947,0.9987431566027903,0.998665173049625,1.0003453257959551,0.999507703129753,1.000839582021351,0.9974332511123133,1.0037762170294944
60091.65257440578,1.0003497896531488,1.0002341804319739,0.9998791018086327,0.9999844030870324,0.9996626517579751,0.9999542488949529,1.0088184042271768,1.0009664733230372
60091.65265815807,0.9985564779430572,0.9983676550853013,0.9968587800478309,0.9986346302920733,0.998779228898678,0.9995855923173137,0.9979512599200531,0.9925237568918234
60091.652741910344,0.9987058947271525,0.9995307786216716,0.9989246815112027,0.9993921598857053,0.999793418561347,1.0000221933460176,0.9924627405932172,0.9880576384934643
60091.65282566263,0.9988665258189781,0.9994238277702807,0.9994243659501552,1.0000219441887472,1.0000955210141975,0.9992277925354935,0.9672033455227192,0.9985686655954384
60091.65290941492,0.9997061168048115,0.9994406588627921,0.998283179925116,0.9996326184870286,1.000664149579271,1.0010863015366762,1.0062530935761083,0.997792132608226
60091.652993167205,0.9998007186903349,1.0000461316755105,0.9990758650968242,1.0001375631450102,0.9999020911085441,1.0006415564930833,0.9898490191705247,1.0040461541296153
60091.65307691949,0.9988230241464079,0.9986529127154417,0.9987897236594526,0.9980219730657515,0.999043560750368,1.00199625160064,0.9884759900152481,1.0026128490603123
60091.653160671776,0.9988976237493588,0.9992127379859802,0.9983548518186851,0.9996544760401912,0.9986026416527397,0.9990066120549187,0.980164505493865,0.9960871943891785
60091.653244424066,0.9993507843647366,0.9994997760678878,0.9983947496987963,0.998874824707558,0.9986428930422442,0.9987084683708732,1.0021461645880796,1.000537348453633
60091.65332817635,0.9987146528269969,0.9992747424550269,0.9980066988432048,0.9992149757613071,0.9978798104918126,0.9993088160919646,1.007812179315848,0.9875568990701932
60091.65341192863,0.9995652908415728,0.9993614940798413,0.9988122536463716,0.9996011687103717,1.000204959984317,1.0003505469946772,1.0146733572337088,1.0025867188826731
60091.65349568092,0.9984927884899031,0.9992610148296543,0.9983760251234957,0.9994260800815328,0.9990471542892649,0.9994798075051092,0.9893510717153305,0.9868377459647835
60091.6535794332,0.9993935880439412,0.9993971512596644,0.997816663992079,0.9970403294072337,0.9986630224472043,0.998445715975812,0.9986345471930198,0.9879775918674255
60091.65366318548,0.99915174767647,0.998318642410105,0.9979695197988682,0.9971092656144369,0.9972353021289853,0.9970645545228447,0.9825069817201669,1.0011418982696025
60091.65374693777,0.9980936884950251,0.9990560682552422,0.9987030459629187,0.9987329257142353,0.9984775611325242,0.9977843135494713,0.9986903104783351,0.9957151583457227
60091.653830690055,0.9995571316068049,0.9992407202080508,1.0005710135706567,0.9998746885671471,1.0004815963815725,1.0002907827156047,0.988641306721034,0.9934986778526954
60091.653914442344,0.9982744111793913,0.9988717432251507,0.9988251772387073,0.9983512157013265,0.9996153885122541,0.9991620595286752,0.9846680694267586,1.0010066095284125
60091.653998194626,0.9990442700867919,0.9995365572361076,0.9994895960847773,0.9996925990385015,0.9985361971316274,0.9972333777575175,1.0061325397433651,0.9981753608478033
60091.654081946916,0.9987477805246048,0.9987680487666618,0.9992765858619546,0.9994378734549867,0.9998756525420149,0.9991252854682318,1.0111523298052567,0.9942248599976108
60091.6541656992,1.0004107772303743,0.999989651242604,0.9995835152178163,0.9983792625092158,0.9989559778348478,0.9991349632632618,0.9856817010955596,0.9998321612788198
60091.65424945149,0.9985919176189906,0.9985803082242523,0.998681305276466,0.9963551927138384,0.9975836219854568,0.9978382653431882,0.9893180907306852,0.9894860437735683
60091.65433320377,0.9987445298202838,0.9984354939755136,0.9978060815471129,0.9973860285131062,0.9978697192878485,0.9983830483777895,0.9902573783295018,0.9887908041740384
60091.65441695605,0.9987129519472708,0.9990757511737927,0.9987887981738076,0.9997644489149883,1.0001798159997004,0.999064984848677,1.006463337975926,0.9992053922642593
60091.65450070834,0.9988175131805859,0.9995166872947759,0.9985031828738555,0.9986082451488197,0.9993217709616448,0.9983215936040727,1.0070356985117312,1.0021992777400872
60091.65458446062,0.9987863186946314,0.9994816284090664,0.9998335574698868,0.9992149315559047,0.9996849276584401,0.9985842427143213,0.9948176806993816,0.9978830797026004
60091.65466821291,0.9993314951967939,0.9995315247972328,0.9984059733725631,0.9992436866469743,0.9991805668761037,0.9994228995832427,0.9929594661093071,0.9963827334035322
60091.654751965194,0.9994848404118811,0.9997996581899019,0.9993210369080484,0.9997097643900233,0.9994296850051869,0.9997416787554071,1.0063882182285897,1.0036904397315187
60091.65483571748,0.9983188775676302,0.9986358161897789,0.9984346378433084,0.9973773737730701,0.9978856095154006,0.9976677378214301,1.0135806659951594,0.9869052378732713
60091.654919469765,0.998924257073913,0.9978422756565254,0.9971984159214831,0.99682906441258,0.9967224075569638,0.9966909531763738,0.9830492937614879,0.9909738083840556
60091.65500322205,0.9987033755665026,0.9989117175727001,0.9995051808539922,0.9986485223506534,0.9996344097186808,0.9978668020722565,0.9994753889477551,0.9947383176756948
60091.65508697434,0.9984133426267124,0.9987863372193486,0.9975141338438932,0.9992524032845413,0.9992545978056091,0.9989539702665747,0.9926967294895582,1.0103284268204396
60091.65517072662,0.9991615632672407,0.9984353983250779,0.9979803318228389,0.998496868665277,0.9981906107317681,0.9991595580991995,0.9761375442714497,0.9971006229021242
60091.65525447891,0.9995312785499959,0.9994579104851893,0.9986219238594308,0.9980029735638013,0.9988196190312467,0.9949564676460231,0.976236244234146,0.9926366394811185
60091.65533823119,0.99899953482357,0.9992501873663555,0.9988568564621492,0.999319486752122,0.9990523522591921,1.0008010012792796,1.0041043549058055,0.9950249800021662
60091.65542198348,0.999579993278477,0.9994040884703319,0.9991736408099775,0.9995764623756753,0.9992031543093096,1.000605388800954,1.0173179901581113,0.9920032192011748
60091.65550573576,0.9990562369924536,0.9989915563783468,0.9983320320278947,0.998030548714498,0.9979690663057266,0.9983279885553404,0.9816913441159372,1.000973041847051
60091.655589488044,0.9994263664298401,0.9991106821637595,0.999240065706342,0.9987578058304861,0.9996223859017779,1.0003263334101358,1.0243216609667467,0.9992497557176058
60091.65567324033,0.9990253067610959,0.9997882199174796,0.9995932820233706,0.9989654335228855,0.9994936607103901,0.999226898744849,1.0037944225402848,0.9977793119697583
60091.655756992615,0.9995073933577378,0.9989682243765211,0.9983382697543502,0.9983604987361878,0.9969911223176405,0.996275282686115,1.0149742747705226,0.9964858469482606
60091.6558407449,0.9993910012051321,0.9998618379329446,0.999514772381033,0.9990155527810014,1.0004314281366915,1.0001566035973035,0.9980873215358875,0.9991800841404866
60091.65592449719,0.9993711554906515,0.9994317624144964,0.9990277453148443,0.998594621412548,0.999248118286264,0.9971240309007291,0.9910153102160821,0.9967338750557009
60091.656008249476,0.9989349704372547,0.9989721458528259,0.9996897300348028,0.997921967587245,0.9990683200581472,0.9990837255049461,1.005701657765763,0.9966996969321116
60091.65609200176,0.9986083573211635,1.0002390527297988,0.9989291699618678,0.9987122438653021,0.999282994613571,0.9994446908644297,0.9833108794901658,0.9963961530379479
60091.65617575404,0.9987757770731506,0.9993566500046417,0.999249006382188,0.9991377406999526,0.9986711757379332,0.9994382467189982,0.9979316632704037,0.9985102546577265
60091.65625950633,0.9975663441639725,0.9990613288376459,0.9989232023039418,0.9983207090397067,0.9983021914583033,0.9964172666736347,0.9951247248056246,1.0077760823417266
60091.65634325861,0.9999676130308877,1.0005734418000287,0.9998960692592878,0.99920226942419,0.9999039089232891,0.9990554963439401,0.9931277578121779,0.9961872993202017
60091.656427010894,0.9991903171391134,0.9992223309967608,0.9994556967674582,0.9987754219076681,0.9986611701493519,0.9973776495029608,0.9865805234611438,0.989062001224418
60091.65651076318,0.9996093057445589,0.9995585357012614,1.000342580310311,1.0008342055029655,1.0006957382883426,1.0004485082419927,1.016711402354157,1.0063548423860862
60091.656594515465,0.9991281797157385,0.9991726003686283,0.9989697489188117,0.9981344483550614,0.9990985644872291,0.9988906915791095,0.9740502366040097,0.9962002029109942
60091.656678267755,0.9991925034744327,0.9993057709966128,0.9986676235904091,0.9987473347318239,0.9986422064979131,0.9987737713570332,0.9944713608223973,0.998711776396296
60091.65676202004,0.9987834292205163,0.9990779534963398,0.9994187396042107,0.9985557409419564,0.9999973926904528,0.9978490852804789,0.9965097050411351,1.0006859653293163
60091.656845772326,0.9980900300941129,0.9977925582457763,0.9988239221766282,0.9989429379566863,0.9973681748961805,0.9975156065833063,1.0055333660628922,0.9873349035071387
60091.65692952461,0.9990688784220184,0.9986088889319924,0.9985490282237321,0.9983226782483549,0.9985531597027639,0.998656606465821,0.9865816071177891,0.9951219743264873
60091.65701327689,0.9997411491516844,0.9995496286535183,0.9997342108914509,1.0004892917780837,1.0010215957362572,1.0004050973263783,0.9940775203290263,1.003830285912655
60091.65709702918,0.9987669232578027,0.9992660275382322,0.9997487699511819,0.9984958506452569,0.9985311292372205,0.9994651070088976,0.988485417288236,1.0009842869226426
60091.65718078146,0.999394008184073,0.9992609874371063,0.9994505354661638,0.9997482274260582,0.9997352222998117,1.000504709012931,1.0150742388658,0.9984382527039237
60091.65726453375,0.9995275388197831,0.9989061862574211,0.9987881456245433,0.9990385728315934,0.9983405334314627,0.9987960788801823,1.0100813501143093,1.0058652992881918
60091.65734828603,0.9992544554523006,0.9998043561715124,0.9987540583497914,0.99787045683077,0.999258465151605,0.9986315758359585,0.9793973715461141,1.0019072733839074
60091.657432038315,0.9994858688678797,0.9993510789733607,0.9985908130364729,0.9983378368639814,0.9993398522695517,1.0009686383437921,0.9940363730172607,1.001383974131688
60091.657515790605,0.9989074309919315,0.998594119559719,0.9995444442975808,0.9989206223019901,0.9986210523896839,0.9996246620739219,0.9914266100148476,1.0042333042314173
60091.65759954289,0.9996008575256264,0.998962961623146,0.998959525936304,0.9985885938788261,0.99922326675332,0.9999532450480481,0.9833753879002809,0.9989141965389364
60091.657683295176,0.9994501732330432,0.9996236123499211,1.0001234759422475,1.0006584939616954,1.0013742697553998,1.0026342918103677,1.0089593810783,1.0047209063097609
60091.65776704746,0.9983718594329256,0.998805754896304,0.9986561693187961,0.9983012373323571,1.0006611163129273,1.0009893731779533,0.9869142638136604,0.9910752290356769
60091.65785079974,0.9995921518251638,0.9997104467270485,0.9997749289391594,1.0007939215731394,0.9999996252378356,1.0006736560963054,0.9961953956465922,0.9994507969155533
60091.65793455203,0.9990207115768507,0.9987182120802025,0.9983331598102265,0.9980996501312948,0.9969485318759649,0.9980294516012532,1.0086703802644232,0.9900238929745033
60091.65801830431,0.9989591971180677,0.9992915686947792,0.9993366126586272,0.9989077919206261,0.9997527890424306,1.0001717572072386,1.0172948954028183,0.9949620009595441
60091.6581020566,0.9984198535386488,0.9980625257898229,0.9983834804790302,0.997834552574874,0.9983573686084055,0.9964474894932084,0.9990650141839351,1.0005986328842529
60091.65818580888,0.9998150252966405,0.9998105687886261,0.999643117157485,0.9999593527276528,1.0005738523505638,1.0001797763145446,1.0236189025100815,0.9953954085034802
60091.658269561165,0.9981109718377426,0.9986064921159694,0.9986336578974375,0.9980746261356785,0.9984415116936369,0.9998289641812654,1.0136568134662287,0.9940841661745075
60091.658353313454,0.9995061551466999,0.9998831372033828,0.9989858112983915,0.9985135872282601,0.9989615559295926,0.9967519254911783,0.9790247477020342,1.0017388233160194
60091.65843706574,1.0000133204128976,0.9985119680951082,0.9980576030819139,0.9971945942015794,0.997625551448939,0.9963019703749121,0.9931289977048415,1.0081216543980747
60091.65852081802,0.9990326517577777,0.9991426555886207,0.9980453033980694,0.9979229832150901,0.9985035526034264,0.9986287505235477,0.9928577554339583,0.9990217198001858
60091.65860457031,0.9995206895170506,0.9993407631568849,0.998817095899263,1.0003944521518895,0.9990978644739085,0.9982622306142168,0.9819168331425033,0.9903370280544485
60091.6586883226,0.9980632435617476,0.9989645104195192,0.9989642133252515,0.9978661591386745,0.9980110046861786,0.9986451570469179,1.0016035088867252,1.0129116376584104
60091.65877207487,0.999337657164552,0.9990830621107617,0.9984487113306152,0.9984750243687514,0.9986699379627312,0.998239105722012,0.9955992524607732,0.9787411687472368
60091.65885582716,0.9991832057344642,0.9982314723625236,0.998174176991117,0.9985604906056369,0.9984636742924625,0.9978938242092008,0.9740631660922826,1.0020060990192865
60091.65893957945,0.9993489127932376,0.9990367923299337,0.9990295287407006,0.9977458661712689,0.9972337573107056,0.9961173145071879,0.9825113662545085,0.9852374417471196
60091.659023331726,0.9998604229552512,0.9997307844488149,1.0000531051473098,0.9987068780171832,0.9988083689329688,0.9975320717161203,0.9957542304761655,0.9992925150353481
60091.659107084015,0.9985118168685387,0.998634664234165,0.9985414752480652,0.9983299445300877,0.9980117191661919,0.9964608433480865,1.0082522495803574,1.005237882199316
60091.659190836304,0.9989443614250205,0.9992102106562787,0.9995132677781984,0.9982891513161479,0.9983009554290817,0.996594403168925,0.9954638194807238,0.985358463133795
60091.65927458859,0.9995033125590053,0.999724167456395,0.9998236828180478,0.9986207911603677,0.9993234557077608,0.9970828900388049,0.9991998176226855,0.9910153811874347
60091.65935834087,0.998230354272893,0.9984769978999561,0.997898846068321,0.997612505199772,0.9975741449300046,0.9971778010523819,0.9798545971244694,0.9874080879280877
60091.65944209316,0.9982527067569873,0.9978936546264442,0.9977793460456525,0.9998996742879616,0.9993277947178185,0.9996001157914232,1.0093849437523377,0.9906279313956801
60091.65952584544,0.9984330503071506,0.9984906881080021,0.9984232340986986,0.998798681275445,0.9996360948389355,0.998016786309544,0.9866876443919878,1.0054782588474476
60091.65960959772,0.9995367788049222,1.000220758147311,0.9994344958407163,0.9995422974802689,0.9994128442785212,0.9984760379863049,1.0178545797853478,0.9950277627061496
60091.65969335001,0.9992774196650472,0.9991549980066831,0.9986640482106138,0.9978568541257044,0.9987356496086824,0.9982781983086508,1.0036511755477742,0.9852497044556109
60091.65977710229,0.9993900620065973,1.000127093958737,1.0003485506851482,0.9992114651446596,1.000088678206272,1.0001653455296855,0.973227746573691,1.0047224797396443
60091.659860854576,0.9991912421614628,0.9994731231186939,0.999407792149759,1.00108784917545,0.9983643127455355,0.9997931806001875,1.0115505798216773,0.994415610442827
60091.659944606865,0.9992126168562954,0.9991371173773156,0.9981696114480941,0.9988314807870706,0.9976632119909947,0.9981594284022064,0.9869947284975771,0.9991865565470003
60091.66002835915,0.999355542207583,0.9984999480024124,0.9984130360212109,0.99771974247282,0.9986059492250334,0.9986109717635804,0.9944794712514327,0.9983451915011476
60091.660112111436,0.9985564783630922,0.9989610731336371,0.9996082634118686,1.0006889812367294,0.9998040496473111,1.0009926163507432,0.9881858249365529,0.9957916447176739
60091.66019586372,0.9980231485840421,0.9987929050456569,0.9974270394788243,0.9966430757880165,0.9975880188622847,0.9979039299003812,0.9904019821653112,0.9925143145467489
60091.660279616,0.9985110556073827,0.9990580848959022,0.9994739103370259,0.9992270295329893,0.9997936928672971,0.9993525155427471,0.9913343079972051,0.9860326922072203
60091.66036336829,0.998887519121919,0.9985242633903257,0.9981799318243249,0.9981334995586085,0.9988556196450468,0.9989815221411655,0.9819556559297911,0.9972593829790032
60091.66044712057,0.999735467179063,0.9994977921194994,0.9994448327070891,1.0006399477769283,1.0009875953297693,0.9999928822573785,0.9948240106438058,0.9987230508493711
60091.660530872854,0.9991247795314183,0.9998210660727508,0.9981398695710805,0.9985113777056874,0.9985591029567821,0.9991485550765279,1.0024811711976527,0.9904904754165973
60091.66061462514,0.9992569271489816,0.9989136770018847,0.9983129742913465,0.9988811138854324,0.9995823336787214,1.0008546398193463,1.0059603126934122,1.0075618436375156
60091.66069837743,0.9993257814590163,0.9987992085242992,0.9982677251148246,0.997847202895224,0.999353348633628,0.9997215015068088,0.997037658797337,1.0001170159837356
60091.66078212971,0.9986716656974522,0.9989748342175067,0.9982707885077803,0.999230066648476,0.9994052356088813,0.9997625177781398,1.002022151360423,1.0031415451437478
60091.660865882,0.9982467365352627,0.999041040154287,0.9983573736406558,0.9984537022142806,0.9993864410680898,1.000338586742877,1.000237464188466,0.9995281270307045
60091.660949634286,0.9987882468133589,0.9991832762470577,0.9985834494898991,0.9987527858011813,0.9995757547008652,0.9993018863919093,1.0388580096273126,0.9847614652296568
60091.66103338656,0.9990679472566553,0.9994706697935681,0.9987468070644828,0.9991581535786969,0.9998216152051579,1.0007579336639296,0.991704062319185,1.0123885833175195
60091.66111713885,0.9990400373928577,0.999669036090514,1.0000731753106644,1.0012140359639559,1.0006370098770052,1.0008341163433838,1.0089886437083984,1.0002468212379467
60091.66120089114,0.9997041584435551,0.9994681244575764,0.999789848065107,0.9988364229710104,0.999558135828268,1.0024622958488936,1.0031311271913081,0.995266290369854
60091.66128464342,0.9981197386533156,0.9979130364823753,0.9980545670090107,0.9967767252657992,0.9957575032344361,0.9965042630989563,0.9831183269561553,0.9902157075018584
60091.661368395704,0.9999951053272685,0.9993031147495349,0.9991942318656035,0.9990075148732848,0.9996519725952009,0.9987965292623955,0.9980907041536498,0.9902826825229017
60091.66145214799,0.9997184798035943,0.999221421423693,0.9999717058056652,1.000079267482206,1.0009824147572874,1.0007148922171227,1.0220604951049224,1.0049185067637236
60091.661535900275,0.9992576814795581,0.9996196538394022,0.9980883862529165,0.9988734482599673,0.9986848750098433,1.000330466212232,1.0136337277312495,0.9949608887405236
60091.66161965256,0.9987199369738524,0.9998097218544616,0.9988822696957107,0.9987352190626109,0.9978151332767344,0.9969630766212279,0.9804618764103734,0.998821564348989
60091.66170340485,0.9992738645402709,1.0003397788960302,0.9998022002381682,1.0001392489805818,1.0000709912404493,1.000985699444947,1.0524728763013775,1.0049046682814007
60091.66178715713,0.9992370624804162,0.998771674543923,0.9983300949078757,0.9973258383472893,0.9969432842079605,0.9976219837218383,1.0156806213444205,1.0032496789097307
60091.66187090941,0.9994221470720211,0.9997016145778106,0.9998472534197278,1.0014759702176528,0.9998205378107026,0.999123304725324,0.9911886181887241,0.9971845196192517
60091.6619546617,0.9995178920306274,0.9999051187334371,0.9999377432824236,1.000388795455147,0.9984456048946343,0.9979558904500506,1.010332040992768,0.9998084474304425
60091.66203841398,0.99896425245079,0.9999992351225352,0.999998059732028,1.0005681284006744,1.0004130611116069,0.9980274006484133,1.0133031557901575,1.0104929642607026
60091.66212216627,0.9992792714948956,0.9990924072477165,0.9989814220149889,0.9985046407425346,0.9988633563948008,0.9979385737806963,0.9739647725938848,0.9922254116089945
60091.66220591855,0.9990987577254986,0.9994405330103163,0.9995950295633569,1.00048318320943,0.9996419150013544,0.9985843476110623,1.0192102275442745,0.9978920855185858
60091.662289670836,1.0000572703154482,0.9989414208640913,0.9979889679027407,0.9988211890517048,0.9973578633869372,0.995624988570366,0.9987542745003087,1.0028447857293534
60091.662373423125,0.9993508623862606,0.9993045775371384,0.9992762138337815,0.9994373294843343,0.9995502181825008,0.9987442705531991,1.0042190348772224,0.9834549838656478
60091.6624571754,0.999806549775425,1.0003012255129633,1.0008565196281338,1.0015070869835998,1.0023275787744343,1.0040872846670783,0.9911140904038495,1.0083868536914395
60091.66254092769,0.9985844731789932,0.9998183559345063,0.9981768336398107,0.9968629897914535,0.9964956429621051,0.99698083636179,0.997597391781597,0.9843792708899791
60091.66262467998,0.9996504853579606,0.9996290531867841,0.9990483026354883,0.9976971275968872,0.9995118279454622,0.9994006696214978,1.0032992064988693,1.0030296356992165
60091.66270843226,0.9991393428316881,0.9999917143675879,0.9994260410391735,0.999323248547156,0.9987184480876934,0.9970584953854793,1.0198240413859732,1.000053815594277
60091.66279218454,0.9980101893979065,0.9987031408790845,0.998795921537876,0.9998214157743558,1.0004168458976852,0.9975565100533778,0.9835573813034434,1.0003136763582294
60091.66287593683,0.9992822004523123,0.999574612125883,0.9985277982788682,0.9992705304399683,0.9982604587293683,0.9994512991837483,0.9890895903993996,0.9903561028544181
60091.662959689114,0.9996456520138008,1.000680703866522,1.0010889747096294,1.0010280623403238,1.001925068932557,1.002373395243887,1.0215188076942276,1.0094915652021548
60091.6630434414,0.998258999933217,0.9993208337692544,1.0009859087928346,1.0024146756785492,1.0017146293143038,1.0014964231019756,0.9951126575409598,1.0087827088421706
60091.663127193686,0.9990839837251101,1.0002672367244838,1.0001022337712826,0.9996786032691631,0.999801144523438,0.9983433305315765,0.9882321549411422,0.9947618769797576
60091.66321094597,0.9990120076615373,0.9991757369750034,0.9991852191161383,1.0001868295926994,1.0000876197681723,0.9986401513485449,0.978167238949372,0.9926951141820329
60091.66329469826,0.9994506758050679,0.9989803223049185,0.9993682803351959,0.9986374628267513,0.9991901686444226,1.000260329646572,1.0146958403838484,0.9941971462173532
60091.66337845053,0.9993834856741902,0.9985010065424137,0.9999610487211079,0.9995095359942603,1.000184323247415,0.9996827957627319,1.0099131299296427,0.9954239149366814
60091.66346220282,0.9988245826867316,0.9981968129355093,0.9974121704270613,0.996613648545578,0.9965892241300177,0.9995435693933783,1.0261166306523926,1.0000250372396517
60091.66354595511,0.999799424142086,0.9995689867564707,0.9996344047021877,0.9995488764103535,0.9996793915919315,0.9987961930775471,0.9831748825837657,1.0067599596322792
60091.663629707386,0.9989967130801183,0.9999115294197439,0.9985985226873579,0.9990726433855939,0.9995176390661982,0.9983630304672932,1.002632594773973,0.9957366549441667
60091.663713459675,0.9982352871653769,0.998142701926078,0.9976563727160366,0.9972410029469152,0.9963307431824681,0.9946939494324468,0.9734804512459646,0.9915493469116464
60091.663797211964,1.0004573962986185,0.9999429558237226,1.0014813708874897,1.0019257905891452,0.9998968050913333,0.999537886320912,0.9956929770237315,1.0092623983297557
60091.66388096424,1.000115646061775,0.9999974121452738,0.999758847088382,1.000156615224976,0.9991637230316164,0.9973671254388216,0.9928217188092276,1.0099844048169984
60091.66396471653,0.9987139233835015,0.9982377257811249,0.9980441098061084,0.9982807253278567,0.9972893619765149,0.9972008022307746,0.9895570865630363,1.000908552348619
60091.66404846881,0.9990597043823936,1.0002968155042933,1.0002945285265832,1.0000082876099046,1.00024818808288,0.9990520256194791,1.0072837739170504,0.9985821544857088
60091.6641322211,0.9992321900729899,0.9995791763373582,1.0000833830482811,0.9988630360686173,0.999211858955622,0.9985479087440302,1.0010288196993873,0.9952422346800796
60091.66421597338,0.9992986983293497,0.9990497943401189,0.9988451087641161,0.9998610506273355,0.9978342270660495,0.9957076201163807,0.9900583607379075,0.9995288231989294
60091.664299725664,0.9994216982119879,0.9999839336707691,0.9997202636650497,0.9990435235376568,0.9988452928584775,0.9965140141052072,0.9978413767879495,0.9993395146490399
60091.66438347795,1.0003159920520241,0.9998325301414188,0.999288362766784,0.9994532450738722,0.99986492636249,0.9984613423258781,1.0065651875954558,0.9992506276350626
60091.664467230235,0.9994058440387764,1.0000829547945553,0.9991472337906399,0.9997809070299063,1.0007192270837928,1.0009420649029435,1.0010627434113313,1.0072982615121062
60091.66455098252,0.9987117486516522,0.9988483332599192,0.9990334807145893,0.9998118355117372,1.0004386456444252,0.9991887987216168,0.98274150385986,0.9947088601230291
60091.66463473481,0.9988088662325361,0.9992607419258079,0.9991577787271362,0.9988053823559714,0.9984727647380279,0.9981959877794273,0.9859512075654723,0.9919043642039386
60091.66471848709,0.998983021405233,0.9986301296500613,0.9995336296699034,0.9983747809186586,0.9996042479742296,0.9993724747561215,0.9867203896643343,0.9934450765403106
60091.66480223937,0.9999568328819616,1.0003306052657979,1.000751085545796,0.9995527441089732,1.001151932716734,1.0013474567805571,1.0016835117235978,1.0121902231430848
60091.66488599166,0.9989861862648756,0.9993198660907818,0.9981139178230589,0.9990776423338554,0.9990101886473026,0.9980283721353516,0.9893514079745274,1.0036211132773243
60091.66496974394,0.9989245870640066,0.9980975818021883,0.998258671989039,0.997784589256673,0.997015003584482,0.9970538318138324,0.9800775923650668,0.9889564886487647
60091.665053496225,0.998777076661821,0.9989510788763027,0.9988034557970429,0.9996988297575967,1.0005123087333303,0.9998723416712867,0.9990464194160378,0.9988256157227179
60091.665137248514,0.9985883034267751,0.9995499406986977,0.9986464496441056,0.9992425184182921,0.9997414644905713,0.9988342325152059,1.0072066444507128,1.0020247326882157
60091.665221000796,0.999237483303105,0.9995380113398264,0.9984065988659191,0.9983748340947177,0.9993036586625905,0.9980193341679507,0.985701690215938,0.9960889845248808
60091.665304753085,0.9983706738312866,0.9982808542943751,0.9986888330452336,0.9992972379288181,0.9992252490019794,0.9979135019556115,1.0203764596095157,0.9980063807976138
60091.66538850536,0.9992578273367545,0.9998413214253171,0.9993877842866896,1.0001661822807943,0.9992666960760933,0.9992509010791032,1.0024255743528037,1.0064260788767436
60091.66547225765,0.9987709721863703,0.998539687501963,0.998149718034913,0.9990442757770549,0.9986662530716593,0.9974638803567559,0.986566773455155,0.990562760964686
60091.66555600994,0.9993138142908327,0.9989030399455279,0.9983141854300263,0.9984114148378002,0.9996567981101514,0.9974111700850641,0.9936053221786835,0.9856393513784102
60091.665639762214,0.9980910253148325,0.9984652066531623,0.9988420240886887,0.9995931112665583,0.9999366097593494,0.9999279260044178,0.9994204275822882,0.9948095840048122
60091.6657235145,0.9990641243069837,0.9992249037891527,0.9990044162541254,0.9975093707562219,0.9986397242753711,0.9979568243702913,0.9912721144121186,0.9894272806810873
60091.665807266785,0.9984650201254377,0.9977204990514629,0.9979519923248722,0.9974703576694227,0.9962538167319804,0.997630294014889,0.9868701938156659,0.9994713642166903
60091.66589101907,0.9989299903958282,0.999281216993427,1.0005780060701641,0.9992605189877861,1.0000594706399637,1.0009991922426504,0.9916307618890858,1.0088083082718187
60091.66597477136,0.9990273742789797,0.9995445088011279,0.9998396471246768,1.000510723324729,1.0006798488090678,1.001887350060968,1.007211515054602,0.9962391754242478
60091.66605852364,0.9992932175535523,0.9997723184475933,0.9989626959302931,0.9982734483810098,0.9981732619248835,0.9957175360451551,0.9964851162745632,0.995888377113603
60091.66614227593,0.9990473290975835,0.9989392011099228,0.9999208365849237,1.0000875614024967,1.0004694372512095,1.0008250406002073,1.0350784369080785,0.9989421607466135
60091.6662260282,0.9990162230815269,0.998470443163327,0.9980407599299506,0.9984178138563816,0.9978010087963052,0.9973360201795463,0.9975411462577556,0.9851295986853985
60091.66630978049,0.9988971680112503,0.9995455591042092,0.9992725384942914,0.9981639703376016,0.9985970449757778,0.9982855263168671,1.006209326455183,1.0134323464260209
60091.66639353278,0.9987744194671289,0.9994502994433822,0.9988792664144176,0.9992924252213561,0.9997626967314114,1.0015760490154315,1.004109927735918,0.9980686387792819
60091.666477285056,0.9982084513838932,0.9991059117100233,0.9986731882020912,0.9983923573256034,0.9985002619920824,0.9979798016867495,0.9966509515961648,0.9916033865110816
60091.666561037346,1.000226761575653,0.9997461268297729,0.9988355786317235,0.9991351387609879,0.9988655166087211,1.0011855835535386,1.0098726667686446,1.0017667561304178
60091.66664478963,0.9988549250789348,0.9992246999732712,0.9990956027026894,0.9995143655964589,0.9980061110156464,0.99835690310287,0.9982654206013107,1.0174853429171453
60091.66672854192,0.999259646771394,0.9993680565425738,0.9986811126021733,0.998949199624547,0.9992255660220866,0.9982061116199762,0.9892984130897607,1.003464428266484
60091.6668122942,0.9983515173419385,0.9987351579787773,0.9976546299306451,0.9979148693059767,0.99773326445534,0.997753679654455,0.9796366075312658,0.9891968886582462
60091.66689604648,0.9991682959577222,0.9991282629436973,0.999083868211864,0.9995261437696337,1.0002170670470583,0.9997052757689552,0.9906361804095583,1.0005297081983964
60091.66697979877,0.9997895567819864,0.9993604086581088,0.9983044127000958,0.9986574440175622,0.9996054263861068,0.9985865408654733,0.9793837665791127,0.9852591539262877
60091.667063551045,0.9983087390748587,0.9985906310644582,0.9985612334949092,0.9993726542892084,0.9988191867140943,1.0001350657125965,1.0050898302912485,0.9956480280459279
60091.667147303335,0.9990731289674452,0.9999576811380516,1.000400264110605,0.9992584467660973,0.9993972275462857,0.9997901061605464,1.0033302471582422,0.9975386686975254
60091.667231055624,0.9989362017702177,0.9992409312392188,0.9987175842307313,0.9992495998546607,0.9982433817341768,0.9982650415743956,1.0006761433046212,1.0016406581270954
60091.667314807906,0.9986255654250895,0.9988746898076963,0.9986030088361952,0.9978966892735125,0.9968805922346505,0.9968075098243094,0.9920137476360662,1.0002209058128364
60091.66739856019,0.9998153929323818,0.9991467217537688,0.9988070760436095,0.9989349872138502,0.9986582562955781,0.9992725566345771,0.9748612897468218,0.9999185371430195
60091.66748231247,0.9998040134458395,0.9988660196512189,0.9994804966582949,1.0010346463537805,1.0024566561549577,1.0050093571805998,1.0084455581142007,0.9943375697676092
60091.66756606476,0.9991898815626907,0.9995406317658798,0.9981308217659125,0.9992039470864966,0.999375843841669,1.0019731504287361,1.010386851799094,0.99809753226864
60091.66764981704,0.9985397800242923,0.998600018024534,0.9979640296381023,0.9978843066774268,0.9976846296798676,0.996607331171227,0.975474385933729,0.991099644505865
60091.667733569324,0.9987798123505768,0.9989649716231883,0.9984261150057788,0.9975167504669245,0.9977104279705392,0.9971023669618789,0.9752927773740803,0.9984978494528145
60091.66781732161,0.9987691168912323,0.9992619556902478,0.9980157521953997,0.9975101801088007,0.9973671397793868,0.9986953625641103,1.0239783609097977,0.9954089498669361
60091.66790107389,0.9991726076182593,1.0001536165219567,0.9998215006477239,0.9999633003647909,0.9993998939697318,1.0012116989909232,0.9966101931504855,0.9947050715215133
60091.66798482618,0.9997404364045852,1.0001194873227244,0.9992066909038425,1.0002358392802604,1.0015439988537296,1.002247442382541,0.993735222571759,1.000222140339071
60091.66806857846,0.9989976660348034,0.999304405328043,1.000328476635101,0.9999137632524553,0.9994273014305224,1.0005279585901516,1.0074199334503091,1.0081262749449182
60091.66815233075,0.9989298069454883,0.9989838277848361,0.9993891099507274,0.999437526489922,0.9997094111637146,1.0015649541061014,1.0084116804964096,1.0016682520378448
60091.66823608303,0.9994436738720726,1.0002037706810234,0.9996664593122069,1.000117458757181,1.000069038798165,1.001053429792814,1.0064784499796788,0.9998821004691305
60091.66831983531,0.9991827754609851,0.9988513479726482,0.9989520906557249,0.9994574175256334,0.9982773054422516,0.9979022983524042,1.0139988390816665,0.9840857985815824
60091.6684035876,0.9990975366308918,0.9998651068408568,0.9993291601332084,1.0000813217625817,0.9990507981498038,0.99925670037902,1.0061792236820908,1.0055540997117063
60091.66848733988,0.9988088768384228,0.9990626978265243,0.9986362759810848,0.9995292488627631,1.0002144364785615,1.000208205476062,1.0160271714135503,0.9837612070175497
60091.66857109217,0.9985382164960516,0.9992949033703472,0.9977012246574859,0.998680464417013,0.9990450011839782,0.9980083844400807,1.0060029721441532,1.001169246214247
60091.668654844456,0.9993953976077553,0.9995840490182957,0.9990986896799444,0.9996129155360851,0.9990278758625509,0.9979552231926624,0.9993004984846537,1.0050561146618986
60091.66873859674,0.9999223616495084,0.9992057866001481,0.999114513876967,0.9987845279714083,0.9984507862153935,0.9986220594698163,0.9993416154268677,0.9830167287244247
60091.66882234902,0.9997031326127761,1.0007717958373727,0.9996634581818018,0.9997513544474594,1.0004905306242726,0.9994281671896167,0.9944912088567057,0.9868832522959919
60091.6689061013,0.9996633599595232,0.9993226492758208,0.9975249857158963,0.9988469631437288,0.9989019174884668,0.9980985143393886,1.0095897436438466,1.0036760718763211
60091.66898985359,0.9989779815613058,0.998577360556221,0.9988050464354018,0.9984443277285584,0.9983413372682448,0.9960198800636745,0.9584020420854603,1.0041857676817114
60091.669073605866,0.9991406133854308,0.9995475566530934,0.9989555176997104,0.9995562009016807,0.9997815808160414,0.9988955514350647,0.9775330299512673,0.9894885252177097
60091.669157358156,0.9984137058520849,0.999144549824818,0.9995510001290674,0.9989786813886432,0.9996298767177589,0.999964918585687,1.0154473407168685,0.9973295700997035
60091.669241110445,0.9981897313110378,0.9985408353071907,0.9978259459799066,0.997379287413484,0.9975677326308947,0.9982170827008382,0.9907681838070058,0.9923643767469024
60091.66932486273,0.9992124726267351,0.999787070132837,0.9991562401251756,0.9998199936262531,0.9992470138914732,0.999421241846489,0.9830798131755714,1.0050626801544058
60091.66940861501,0.9990184870708395,0.9989845362876624,0.9998599899225331,0.9989235820704816,0.9985551761227489,0.998599610488155,1.0258214046376994,0.9937270780665359
60091.66949236729,0.9990773426022855,0.9998135646649876,0.999566891494175,1.0008762782814038,0.9985735968367224,0.9989682542985125,1.0084660674350445,0.9979382740012094
60091.66957611958,0.9998087671933436,0.9996014643574599,0.9995304864676786,0.9990770508187227,1.0000737381036944,0.9995222397711583,1.020226206253511,0.9951634778349462
60091.669659871855,0.9998654372820447,0.9998997905316666,0.9997682879400507,1.0006963722105897,1.0000890217902194,0.9987059140984755,1.0015211215176485,1.0047192288710851
60091.669743624145,0.9998314281932357,1.0004795259065034,0.999956621438682,0.9995933707178838,1.0000657544224645,0.9997475592115307,1.0053561263303972,0.991844668001328
60091.669827376434,0.9999045598784405,0.9993129927960597,0.9995944266731935,0.9991462147809309,0.999504995426348,0.9994322004500814,0.9921147567991548,0.9988654348387884
60091.66991112871,0.9994132751951629,0.9997795424818636,0.9985995852638188,0.9990464727407082,1.0005381087076257,1.0005295695742398,0.9877551158947397,1.0021041108514965
60091.669994881,0.9989033993898125,1.000124060856605,0.9994509105508621,0.9985590963164068,0.9996880305145632,0.9996539125027984,1.0035243959569755,0.9885403434078307
60091.67007863328,0.999435257628314,0.9998647365625682,0.9990831345326097,0.9994398414675474,0.9988566773972255,0.9975590394724035,0.9941465774501639,0.9897045752469142
60091.67016238557,0.9978164836904119,0.9988649432964837,0.998866692058388,0.998922896213943,1.0009309219994056,0.9978767425643903,0.9892103323004661,0.9922104932775753
60091.670246137845,0.9982244756713295,0.9986966734921189,0.9987349042383618,0.9978505282179745,0.9985191167691886,0.9999833562736223,0.9795515886335869,1.015315942763384
60091.670329890134,0.9991714454335786,0.9987683134974403,0.9994167913901374,1.0004481310662428,0.9993471601941137,0.999481723116671,1.0074933269568147,1.0000843862254107
60091.67041364242,0.9985194295851071,0.9977904495942499,0.9981706697982483,0.9989855588920838,0.998725902861656,0.9984697722793145,0.9922361759725643,0.9973599484489576
60091.6704973947,0.9986313481011315,0.999625404167361,0.9995021482149631,0.9986979871495288,0.9989069887501212,0.998213669095293,0.9704642475033697,0.9896550536544045
60091.67058114699,0.9983383867289686,0.9999398657655233,0.999310621213513,1.0001279218819261,0.9993074355294017,1.0028036630669452,1.0175695256200663,1.0022953631907023
60091.67066489927,0.9986293555070127,0.9981473410999107,0.9982291437291758,0.997252638287301,0.9966089124255683,0.9966355205533493,0.9790449118130221,1.0111326188254677
60091.67074865156,0.9983151414077159,0.9982478342698541,0.9982086496144544,0.9971198309049939,0.996338344057554,0.9979739421047604,0.9922857828238976,0.9965236146252896
60091.67083240383,0.9997508976418443,0.9986171246388276,1.0002437554165788,0.9994671565190381,1.0005720788088868,1.0004188299304546,1.0162009990816594,0.9974061299934947
60091.67091615612,0.9986643207532747,0.9992687099008162,0.9992123747954775,1.0001883611828135,1.0003860883375133,0.9995794426421839,1.0068379732455528,0.9917567101049553
60091.670999908405,0.9996864603686582,0.9994444198149346,0.9986728946247319,0.9982630810927802,0.9982290160590636,0.9983003866705051,0.9839555207600688,1.0013477670318933
60091.67108366069,0.9988721414260502,0.9984905678106585,0.9978379911419916,0.9971564510192915,0.997979477273481,0.9984810949898608,0.993459197409963,0.9845317684218349
60091.67116741298,0.9996892699310913,0.9990118622379189,0.9986604341525673,0.9996399238409548,1.001017349637285,1.0007085138909735,0.9989480028792703,0.9973235672016291
60091.67125116526,0.9988331231558778,0.9983226964433555,0.9998159149799792,1.0000409049673629,0.9999440870439843,0.9981449467235772,1.0175743263078147,1.00577564254899
60091.67133491755,0.9984364981129531,0.9980323358177773,0.9975222008818183,0.9968600990970182,0.9970186396504667,0.9953990596322457,0.9971540327593499,0.9804974934664422
60091.67141866982,0.9991001203719417,0.9989282583297437,0.9985759903608765,0.9979011616940651,0.9973065833268496,0.9963865937719768,0.9776354709760194,0.9908853481874087
60091.67150242211,0.9999034870562321,1.0003225253580703,1.000079747405884,1.0006505569240292,1.0001387786073535,0.9998400923138543,1.0141574626273715,0.9895492138167115
60091.671586174394,0.9993482230430611,0.9987440032815464,0.9988525702327012,0.9990958732000407,0.9998600002666125,0.999667425830668,0.9764007157991966,0.9946933362169809
60091.671669926676,0.9992510984265892,0.9993072411910591,0.9978865663084926,0.9969612094614035,0.9978257214614723,0.9970759339813611,0.9846074221638066,0.9814818080495202
60091.67175367896,0.9991442124038773,0.9993733011619542,0.9994999711765828,0.9999462136560255,1.0007517182775243,0.9985909725892216,1.0005675899548743,0.9979308913693132
60091.67183743125,0.9996864952315734,0.9990502278319798,0.9994995694510599,0.9983834856950241,0.9984117112423604,0.9971737390402418,0.9763490785761743,0.9876926103236622
60091.67192118353,0.9994279947484985,1.0001681186732199,1.0000330505307253,0.9996988081781838,0.9989645570200164,0.9966204546889679,1.0024508789457247,1.005097210846862
60091.67200493581,0.997971453916381,0.998077594947674,0.9987929907830205,0.9988909621713373,0.998624720881014,0.9992952780253793,0.9753726900078126,1.015258727583004
60091.6720886881,0.9996692685410933,0.9994095289879344,0.9997918405421934,0.9991321818830413,0.9997854605709674,0.9972267561583376,0.9985808431861912,0.9978354269868244
60091.67217244038,0.9990016391470314,0.9993566616895748,0.9987051953793673,0.9987886152019312,0.9995664254925166,0.9972125431524126,0.9954341963515114,0.9920782437464271
60091.672256192665,0.9994321939971359,0.9991195262533387,0.9984824151812606,0.997969582487206,0.9984005577341978,0.9967264408235998,0.9798959678892654,1.0030056296386374
60091.67233994495,1.0002236422898212,0.9999137888899144,0.9986129692971492,0.9980757733331546,0.9989228060206463,0.9982285669886506,1.007605534874602,0.9907041283525408
60091.67242369724,0.9993147600524165,0.9994391233476544,0.9988104944463075,0.9990133017940601,0.9992206432934563,0.9985431992290542,1.013978041546117,1.0068312715668144
60091.67250744951,0.9991950086164104,0.99909990348346,0.9987181509331456,0.9975880090276263,0.9978977885374661,0.9993315050216329,0.9698790655140951,0.9985352242997609
60091.6725912018,0.9986966305374895,0.998373788908932,0.9982929400515965,0.9983611530957542,0.9992219831461395,0.997393382300996,0.9993133705946741,0.9972194756367249
60091.67267495408,0.9988649121490445,1.0000023251168824,0.9998001917237581,1.0002073122432176,1.0004638392647627,1.0011038018512024,1.0183763748960233,1.0018452176693378
60091.67275870637,0.9986933973696349,0.9992683759543687,0.9984566927103646,0.9981196396947185,0.9985671344030402,0.9984655436855115,1.0030071408156283,0.994761143527131
60091.67284245865,0.9989672968653611,0.9989372782679877,0.9981571492401252,0.997527792697394,0.9968242909851244,0.9976774758445766,1.0033017238282065,0.984038635157168
60091.67292621094,0.9993781786354204,0.9999494817630576,1.0002393085120156,1.0000881872553098,0.998877930839253,0.9992306610057674,1.029586266948706,0.9994316719238409
60091.673009963226,0.9990559552013905,0.9984262473623386,0.9976969039383585,0.9974371866729375,0.9979176979489293,0.9974983584310221,0.988227915585098,1.0005094446885654
60091.6730937155,0.9995005228957362,0.9985938681740281,0.9989815263896644,0.9995392996363237,0.9988925964488107,0.9991222035759514,1.003157419229996,1.0043609823370623
60091.67317746779,0.9993378846660755,0.9985003781101123,0.998211983981577,0.9992994860252142,0.9994957861917769,0.9980951975709428,0.9964192430630732,1.0025854691207756
60091.67326122007,0.9995303721142006,0.999093762572247,0.9984347948581404,0.9990802455685817,0.998699818604381,0.9984817877953014,1.002447513358594,0.9802167217316762
60091.67334497236,0.9992503004648644,0.9984913531275529,0.9975679171406735,0.9996784927805752,1.0006245930275033,1.0011326895489971,1.0142648311815081,1.010850878250989
60091.673428724636,0.9993834623097365,0.999578802930317,0.9994310803058688,0.9991105709730999,1.0005616548086378,0.9990574995122106,0.9760040295186445,0.9863492499202443
60091.673512476926,0.9983447726279515,0.9991200430083292,0.9988578931524827,0.9991419327874844,0.9989101214126195,0.997623457449219,0.9991193145937274,1.0011920683778712
60091.67359622921,0.9993523477354642,1.0002087103428066,0.9990425159917773,0.9982401627594674,0.9989660092389925,0.9994731086615151,0.9885814596713846,0.9883805320077041
60091.67367998149,0.999295791161255,0.999616010885928,0.998933453889488,0.9987516481225687,0.9993020196860966,0.9984917230604708,0.9776453206887721,0.9967889268657023
60091.67376373377,0.9990395641707874,0.9984689840791449,0.9982926096827301,0.998434684970365,0.9989129325653474,0.9968570312971278,0.9973594036645989,0.9939101555271863
60091.67384748606,0.9990347965621243,0.9992355600011376,0.9993036000732322,0.9989664796509631,0.9984318625967851,0.9975162037791411,0.9790491248220873,0.9911654062055915
60091.673931238336,0.9995628761646598,1.0003821866468525,0.9987812738389139,0.9984015979491935,0.9990969541946944,0.9988703020213421,1.0122936208066808,1.0019651355721062
60091.674014990625,0.9988991721563352,0.9987238342570103,0.9999030358726683,0.999284734926585,1.0003946375292374,1.000700771023667,1.007448133407311,1.0114285823132037
60091.67409874291,0.9993485401695791,1.0001156754804637,0.9993350949995243,0.9996952691544568,0.9987176876509888,0.9988611960764289,0.9917362554716923,0.9854769211084625
60091.6741824952,0.9992458998093855,0.998547282644599,0.9985616646536379,0.998087517467671,0.998902473832565,0.9991210311240427,0.9797431153593753,0.9904234765185355
60091.67426624747,0.9991749937852885,0.9991404169980846,0.9989737056095604,0.9984522543502955,0.9994775918316564,1.0002257320130872,0.9893089901915818,1.00750296337888
60091.67434999976,1.0001292271624143,1.0000383107518727,1.0005902265484974,0.9999298108601571,1.0012517659900793,1.0023891412071273,1.0001918499579845,1.0125345606263196
60091.67443375205,0.9993524447635775,0.9990680341375107,0.9992868634845673,0.9997935784312996,0.9989494660772268,0.9986930087171259,1.00262058022068,0.9953109030161408
60091.674517504325,0.9984399270171749,0.998421954011443,0.9991224795967418,1.0000051656220383,1.0006707411531266,0.9998878502291855,1.0019695403265871,0.9938612048423127
60091.674601256615,0.9988780115219021,0.9996733719669039,0.9999716501844534,0.9997584651879732,1.0000138305322024,1.0011152697566974,1.0048308457042074,0.9950387824814454
60091.6746850089,0.999694920873618,0.9988121440644554,0.9989330262023682,0.9983032910645259,0.9984625684011172,0.9996997860132304,0.9956521245613039,1.006475309007115
60091.674768761186,0.999048411738113,0.9995353259761942,0.9995306705761539,0.9992962940163892,0.9997516290257011,1.000319106015922,1.002027264798828,0.9989754312622292
60091.67485251346,0.9995265712688775,0.9999736259635091,0.9991927193007093,0.9978262620434983,0.9979844347346445,0.9991972618308673,1.0007045457659318,0.9888311853219947
60091.67493626575,0.9996260780620448,0.9996743033135356,0.9990520396337706,0.9992468008104344,0.9993352176276435,1.000467824215036,1.0108439949408343,0.9877871664106193
60091.67502001803,0.9991158244351013,0.9983149708508929,0.9973732435785944,0.9980906995090997,0.9974825251213464,0.9984112269822488,1.0242195658135724,0.9901229929924522
60091.675103770314,0.9983774520955788,0.9991143235209314,0.9986552831528951,0.9991910841615835,0.9992814296541633,0.9994368326329651,0.9957377139154836,1.0048100274841576
60091.6751875226,0.9994079214274857,0.9992744175117245,0.9993593759980385,0.9996256788867092,0.9993447630257468,1.001040633860722,1.0142988971114149,1.000975561872579
60091.675271274886,0.9985641747191545,0.9980660418053359,0.9974598035423055,0.9979175160982247,0.9975375900298686,0.9992235634358554,0.9892546105318877,0.9896922932399167
60091.67535502717,0.9992645172886623,0.9984581645973579,0.9981197405790492,0.9985850564498826,0.9981393837370052,1.0003473838180452,1.008653899924307,1.000551149995333
60091.67543877945,0.9989501533418353,0.9992323839341688,0.9984847105562216,0.9987750387111177,0.9986110932566455,1.0007731398200301,1.0300507010117623,0.9950169180081534
60091.67552253173,0.998688562135317,0.9994989551215252,0.9995748961940798,1.000825732119705,1.0010409843467891,1.0012240275582263,1.0026644138446539,0.9973956979085036
60091.67560628402,0.9991369203841254,0.999594098124578,0.9996796896513748,0.9986776277458658,0.998164828092561,0.9996912013483984,0.9877570486972792,1.0029119467973742
60091.675690036296,0.9984669067131925,0.999296908070666,0.9985466034181358,0.9981237282210029,0.9985384092261003,0.9980206138906537,0.9857805365022764,0.9915622096239834
60091.675773788586,0.9998796139399838,0.9993167234823099,0.9988012790605417,0.9982116427992761,0.9992995925242852,0.9980892477479462,1.01534608636841,0.9988328265041494
60091.67585754087,0.9984326932772961,0.9984836041013723,0.998179516061427,0.998068966000184,0.997744533697043,0.9983740461695683,0.9977098226822438,0.9919369658505122
60091.67594129315,0.9994605131326562,0.9988376450580356,0.9991124480055408,0.9986938834728021,0.9976043264414451,0.9989537492098282,0.9901682586716848,1.0017449679760775
60091.67602504543,0.9984894459554033,0.999372390631105,0.9992671192750985,0.998434112443122,0.9983262894761071,0.9981453543863178,0.9952369210736242,0.9957766256042977
60091.67610879772,0.9987408050538222,0.9994716291712689,0.9988824701811234,0.9996773791732247,0.9995416696766976,0.9997244550720599,0.9966653963578853,1.0016942759096226
60091.67619255,0.998892802271191,0.9996907798992254,1.0001225162310672,0.9996444086210788,0.9984504142592687,0.9984331816954313,0.9964998004751213,0.9964908114460546
60091.676276302285,0.9997597592803464,1.0004005423357933,1.0000920252034986,1.0016214263753636,0.9988311648237315,0.9985634445900544,0.9974893736255404,0.9941059954104458
60091.67636005457,0.9997286798315113,0.9994443300388914,0.9983951076141245,0.9974625413369257,0.9981411816600476,0.9971172262094239,1.0022431676346728,0.9931902169960063
60091.67644380686,0.9991430595124736,0.9987748804936712,1.0000075889587836,0.9981281952591615,0.9981989355026885,0.9975355450372023,0.9881166154278322,0.9935621989723917
60091.67652755913,0.9994073464519068,0.9998782136961791,0.9992403564535856,1.0004873141469857,1.0001647176988515,1.0006163330792923,1.004501162316289,0.9978510498231106
60091.67661131142,0.9985614494787725,0.99824849730999,0.9986493747009945,0.9970293393062467,0.9976343160197838,0.9961653879153337,1.0088286572942424,0.9891545541889181
60091.6766950637,0.9982002918866035,0.998597310121113,0.9984830855036531,0.9966306707154521,0.9973538318564523,0.9987555199715908,1.004151144598136,1.008268617180806
60091.67677881599,0.999193976957644,0.9985177928107555,0.9994179412851084,0.999412254306138,0.9993465434889879,0.9992592769014237,0.9903252994657245,0.996526660492144
60091.67686256827,0.9981915803581535,0.997981918971199,0.9978462396846851,0.9976165816156698,0.9969813240018438,0.9976841672085535,1.0020163220260139,1.0003294615988696
60091.67694632056,0.9992075568506823,0.9987718921518567,0.9973174452392698,0.9983771745390408,0.9980475264750488,0.9967341903814203,0.9789185916487583,0.9973339382970896
60091.67703007284,0.9996603733522856,1.0001008036255805,0.9987531324113279,0.9987546204998166,0.9999444066830617,0.9986115149901666,0.9664983043867783,1.0034458317569461
60091.67711382512,0.9996166869167658,0.9985262479772351,0.9996465002780711,0.9989243170662842,0.9987242943774578,1.0006844071590693,1.013902546358683,1.0001418318627717
60091.6771975774,0.9992128776981067,0.9994389753385023,0.9991756198534473,0.9990826484088055,0.9992870729737372,1.0007505720277863,0.974618970242197,0.9997076336895009
60091.67728132969,0.9988315056531238,0.9989583786391554,0.9989113201187997,0.9991117291347119,0.997234494114322,0.9964125752270936,0.9840462411056969,0.992227015916488
60091.677365081974,0.9987223930242252,0.9990622191273816,0.999054805940023,0.9987217952224715,0.9981636249875361,0.9981801210429636,0.999118166157993,0.9993773858035663
60091.677448834256,0.9987695249553542,0.9994129423292815,0.9990545875682778,0.9987649419878604,0.9989117631327964,0.9983139979752894,0.9816932564050983,0.9959740903592891
60091.67753258654,0.9996320992655324,0.9996983464999756,0.999073164600201,0.9985432651008784,0.9995720868330996,0.999936977541692,0.9995300956373672,0.9971910997223693
60091.67761633883,0.9990999806577591,0.9990985468818876,0.9985984648775231,0.9982413570030538,0.9989306128590316,0.9972973832965074,1.0063253437839308,0.9994285432062325
60091.6777000911,0.9992779426612797,1.0000647405380008,0.999455270438794,0.9993467183765057,0.9996481288822933,0.9988797135986549,0.9792295013600801,0.9951387232892196
60091.67778384339,0.9994236496951692,0.9989561924073359,0.9984356944576583,0.9996750776017472,0.9991877884370055,0.9976720805721311,1.013543719920775,0.9986638719873683
60091.677867595674,0.9989412229225819,0.999664420478104,0.9989129506806607,0.9999235997269955,1.0004186662066872,0.9995826864152317,1.0043525360473153,0.9992233914654918
60091.677951347956,0.9993281131789926,0.9994803797813836,0.998468081021409,0.998411772318468,0.9982185325084207,0.9979359062349263,0.9957232739773673,1.0007126705555667
60091.67803510024,0.9987145340095614,0.9991441070744038,0.9989141264240239,0.9992473433358144,0.998365350169517,0.9990078154167331,1.0066940279797363,0.9999996235210152
60091.67811885253,0.9990576964044883,0.9999215866990943,0.9995313464455735,0.9992634821950293,0.9989790554519764,0.999064645871618,1.0123727139501073,1.0043896464476547
60091.67820260481,0.99970449132139,0.9997681584198682,0.9988236565230793,0.9997504723827247,0.9995633642904909,0.9979004812910371,1.0154563112276227,0.9903073263092652
60091.67828635709,0.9995426255363206,0.9994651370096911,0.998867903725356,1.0004699015043619,0.9998043389811617,0.9996270428718081,1.0207737166774296,1.0001106327410094
60091.678370109374,1.0004189163559605,1.0006113583223182,0.9999719365544508,1.0008671760551113,1.0003035032901257,0.9991375048830337,1.0062259099542572,0.99861237972827
60091.67845386166,0.9985697188152468,0.9987224795710005,0.9985828750140996,0.9989502141061415,0.999048682894872,0.9983089221007068,1.0079001081180756,0.9991348533950746
60091.67853761394,0.9998295881243708,0.9996223906039695,0.9984339817847004,0.9986113465041755,0.9999677819274466,0.9981840025461104,0.9928419851214183,0.9936074247486337
60091.67862136622,0.99929910697102,0.9987205444694635,0.9993709809827586,1.00035493287087,1.0001504978130793,1.0003932074126551,0.9945224597520851,1.0029150101188293
60091.67870511851,1.000040748758931,0.9997933393229052,0.9999879757648147,0.9998064548121975,0.9997184857083896,0.9985076386336412,0.9844228775964226,0.998585113532724
60091.67878887079,0.9986878684998157,0.9986360332868959,0.9996735348661835,0.9987693162793964,0.9991653979254159,0.9978097686762714,0.9837218988233369,0.9990031421359911
60091.67887262307,0.9983478922288097,0.9991971718034356,0.9987682942857525,0.9971580772498333,0.9986122903130965,0.9968754778270632,0.9789923439478322,0.9946153513121025
60091.678956375355,0.9989974542320929,0.9986096145471798,1.0000086153852301,0.9991488728363367,0.9987778254424327,0.998921753039797,1.0098659647972148,1.0046863539748503
60091.679040127645,0.999108579196761,0.9995237239231526,0.9991590922782779,0.9992001858895063,1.00018519679869,1.0012198728905581,1.013689138754147,0.9994423021349553
60091.67912387992,0.999022937447976,0.9990545126905472,0.9987290850671852,0.9984052893744098,0.9986853708682012,0.9993648808202001,0.9665026765225416,0.9962921870930378
60091.67920763221,0.9987774241883808,0.9995859405727051,0.9988192830883258,0.9995289901589923,0.9991228281860761,1.0004709511199088,1.004111971324631,0.991077055721344
60091.67929138449,0.9994387506403964,0.9986391835576188,0.9976068996103524,0.9963176576423983,0.9966505782460503,0.9962630297378087,0.9867086303441355,0.9959966382028492
60091.67937513678,0.99901901626259,0.9983739927886656,0.9978914159574204,0.9983247182255166,0.9999404025270511,0.9980117487840173,0.9904256069598293,0.992488064952765
60091.679458889055,0.9991199373665208,1.000139120436642,0.9991586393842589,0.9993226037562899,0.9997599294776126,0.9997832429272423,1.000592121064574,0.9999467838433269
60091.679542641345,0.998886468141537,0.998866855283563,0.9987101581574629,0.9980198439800669,0.997689984850363,0.9978609382682294,0.9900333881378186,0.9981859827769677
60091.67962639363,0.9997344558920003,0.9990305588970376,0.9994224144908821,0.9997978324661994,0.9997465505307005,1.0033028677021407,0.987504754205502,1.0035196609042714
60091.67971014591,0.9991542839535511,0.9992819621473548,0.9987448969249024,0.9978983114672588,0.9983066551188713,0.9992256924154679,0.9888638586079723,0.9952626091680422
60091.67979389819,0.999986406662394,0.9996513591493239,0.9987339877336182,0.9991864714997651,0.9977257939051999,0.9994619407432982,1.0138876770501362,0.9956261356327739
60091.67987765048,0.9992352737608451,0.9999243485575342,0.9992530374483835,0.9998366826857432,1.0002420926791642,1.0001031496466346,0.9963186305151821,1.010464758220082
60091.679961402755,0.9989092308949378,0.9982203929388652,0.9987716245397732,0.9989588457218181,0.9996425227271536,0.9992622078322337,1.0324187577690087,0.9980704261960043
60091.680045155044,0.9994322533270971,0.9996896691920638,0.9996593345142132,1.000054853242058,1.0009887323369748,1.0012793779796514,1.0177896518435616,1.0025847494193116
60091.68012890733,0.9986497997715436,0.9990572536693525,0.9991343549896057,0.999120109920861,0.9981508714756504,0.9997274752861628,0.9705977585122222,0.9902385062885066
60091.68021265961,1.0000973712261498,0.9997672303935455,1.000124885075838,1.000542618594163,1.002092736153062,1.0022418165706244,1.0043411768250607,1.0086704279912428
60091.68029641189,1.0000858791701948,1.0003663237436304,0.9999851964777641,1.000680370403074,1.000522003163309,1.0005550248291848,1.0093194163950119,1.0030114591626804
60091.68038016417,0.9993521999881098,0.9995827419020955,0.9986504971627084,0.9989207884086493,0.9994283038725448,0.9983682151234315,1.0114888407872802,0.9990097984486761
60091.68046391646,0.9992027912896904,0.999586063104872,1.0000895336071662,0.9995506315691663,0.9993066928019241,0.9993041412975199,0.997217565686933,0.988327516783926
60091.68054766874,0.999807646067096,0.9992979089522271,0.9988364408359762,0.9986753522391295,0.9986988136681012,0.9992640117149064,1.005137505019178,0.9908477650728567
60091.680631421026,0.998663389377894,0.9988912293515501,0.9982566492485793,0.9981555887042239,0.9986627542521845,0.9975232589263372,0.9907144290217301,1.0017030399786095
60091.68071517331,0.9992432186201871,0.9990091131498975,0.99758153030019,0.9984065065430077,0.9985108628351764,0.9963139337730076,0.9587025390109518,0.9979493193177269
60091.6807989256,1.0003893836864657,1.0001339627838126,0.9995269655015789,0.9990503061514847,0.9988088014995469,0.9979571563196125,0.986939471812601,0.9981202259995324
60091.68088267787,0.999659892149548,0.999609789137965,0.9992824725030952,0.9995684604004222,1.0002484777285128,0.9987275941026532,1.0045241842473478,1.0020548126997502
60091.68096643016,0.9994695046670201,0.9998033346657251,0.9996750081113335,1.000618734466425,0.9995962775749198,0.9979243486010032,0.9888012360703846,0.9960510204718765
60091.681050182444,0.9999794488855911,0.9989237178712471,0.9980400272695379,0.9982449822447587,0.9988008504307314,0.9964723036930309,1.0026448217574027,0.9946014822490697
60091.68113393472,0.9988767272120093,0.9993789048855071,0.9970669816018044,0.9975528535225394,0.9974641733735881,0.9967485245922145,0.9900858768750027,1.0028966293462784
60091.68121768701,0.998527433616897,0.9990621320331264,0.9979271853021433,0.9991313912193306,0.9990180582162597,0.9980720926895802,1.0176928053812617,1.0092483272183932
60091.68130143929,1.0006449492791278,1.0002085212129066,1.0008903086464014,1.0012128407734666,0.9999723387485259,0.9985183269323679,1.007350729322432,1.0019145649221655
60091.68138519158,0.999612094462749,1.0000157466353201,0.9997989964714623,1.0004703157493517,0.9994228253610242,0.9995420279515196,0.9906598379941368,1.0051132346467309
60091.681468943854,0.9990927991072444,1.000213784285542,0.9990593226918474,0.9987818272057094,0.9991772728975123,0.9992842983925296,0.9845913476159259,0.9942461809171415
60091.68155269614,0.9995681459778166,1.0000930193530446,0.9982459026191541,0.9994431554274661,0.999182456587816,0.9980810919100013,0.975033618179532,0.997218035202459
60091.681636448426,0.9991453547944029,0.9987388995198836,0.9985686262860144,0.998444231991717,0.999313273338691,0.9977056826139422,1.0068581941775534,1.0039055974196651
60091.68172020071,0.999131729327554,0.9992696611693009,0.9993632759732637,0.9989456844727342,0.9991714599684397,0.9987164711363284,1.0088579712948547,1.0011673343651306
60091.68180395299,0.9995381908579969,1.0001193339499963,0.9999348863747265,0.99977096828988,1.0003221589007836,1.0001880327057915,0.9939428522646413,1.0138767654164238
60091.68188770528,0.9985366605809474,0.9993698955467105,0.9989109599393785,0.9988991062816616,0.9992040973256512,0.9996505801950938,1.005986363238442,1.00006047321176
60091.681971457554,0.9992141590677537,0.9994921337385549,0.9996207342233899,0.9997781945525167,1.0010962306501758,0.9990725271421919,0.9792822854864283,0.9987761837315325
60091.682055209836,0.9997418169550256,0.9995119215660946,0.9989674492043396,0.9997001359350436,0.99985914660704,0.9987346425188683,0.9977432390624716,0.9907810068982691
60091.682138962125,0.9985424904059321,0.9988846817663553,0.9979313495347271,0.9988673163177693,0.9988321439444477,0.99719131019868,0.9977407331043028,0.9900787145697313
60091.68222271441,0.9996079333322989,0.9986567363064877,0.9993625341055405,0.998522949553759,0.9986508914395926,0.9987059863991933,0.9549687459352553,0.9924316480742438
60091.68230646669,0.9987042102287963,0.999103326338769,0.9989047964751651,0.9986464338821086,0.998571520492205,0.9968061275047297,0.9999346717497769,0.9949124111893959
60091.68239021897,0.999977820881959,0.9993019073703043,1.0005436874051337,1.0009379503997013,1.0017818864020986,1.0029185091891608,1.0283846232376346,1.0005015622409803
60091.68247397126,0.9992822337926002,0.9990131977683006,0.9982153502346721,0.9993286409583861,0.9995552838944327,1.0000682887495103,0.9885168920023341,0.9951736013157247
60091.682557723536,0.998159567433762,0.9993152790202573,0.998767268161185,0.9981729832061865,0.9990847862097177,0.9983019579971103,0.9891132570913609,1.0047885712328744
60091.68264147582,0.999868160947295,0.9996804857924612,0.9995147215521509,0.9987576377801846,0.9986559422483369,0.9999393777771407,0.9957198741896638,0.9917766897548529
60091.68272522811,0.9986633787720071,0.9989856397795375,0.9994408554885663,0.9986185841296441,0.9988303553748702,0.9986708880360273,0.9905070792894437,0.990620229189894
60091.68280898039,1.0001738008171226,0.9991359156809213,0.998168601058971,0.998852188750582,0.9989528676206657,0.9991259635302611,0.9930527928381061,1.0012379916036966
60091.68289273267,0.9992406984619537,0.9998443385005736,0.9999941597945375,0.9996930068046839,0.9999738047482737,1.0010109823921745,1.0124582711759484,0.9988012086594906
60091.68297648495,0.9992598251813124,0.9991778493299512,0.9982513561770872,0.99855881608306,0.9991745600808798,0.9995549056265869,1.0110958265233299,1.0035089938619184
60091.68306023724,0.9988884345884694,0.998675244985044,0.9992952820606261,0.9990194673263837,0.9979815988264125,0.9963564590385526,0.9933736221783213,0.9948198948842449
60091.68314398952,0.9992085902420935,0.9982797563576323,0.9983288028656152,0.9992722282862524,0.9982420787341457,0.9995237237703667,0.9988787626527234,0.9931845081384136
60091.68322774181,0.998823842059801,0.9984835183480112,0.9980044879943728,0.9978449642678542,0.9983828254976047,0.9979807779352834,1.0041686971366603,0.9962140040776625
60091.68331149409,0.999440780985172,0.9995187647226288,0.9993957949109704,0.9998801786090239,0.9997452855057372,1.0014912398824094,1.0031694661031787,0.9935992636993725
60091.68339524637,0.9984124970435057,0.9981394520460896,0.9979980676688371,0.9974690293145192,0.9979096114419406,0.9992584707416771,0.9792388009207453,1.0059272922122973
60091.68347899865,0.9989920820353746,1.0000359036556625,0.9995859644001447,0.999646928827394,0.9994584707925799,0.9975469348147576,1.005463489660414,1.000800259866094
60091.683562750935,0.9993407730901029,1.0000197981783387,0.9995047740342605,1.0000091156015145,0.999844689455039,0.9998861791788481,1.0184190213561193,1.0046137513608964
60091.683646503225,0.9994078732284553,0.9987650700026612,0.9983126657709749,0.9991877033204358,0.9986813302336772,0.9979251081159958,0.9860117530625647,0.993634949466034
60091.6837302555,1.001671198728172,1.0006531753135737,1.0002261261716139,1.0014203582763,1.0008160071367358,1.0021496759492396,1.0092304356639619,1.0011374904673058
60091.68381400779,0.9986720364309526,0.9984891876476635,0.9968402033932563,0.997432888631983,0.9975120623037611,0.9989555465840875,0.9946453682873062,0.9883598959663814
60091.68389776007,0.9996338180492554,0.9987441309218807,0.9993192639347536,1.0006545303268863,1.0000187162834677,1.0005461142715657,0.9868678466881616,0.9987190379945232
60091.683981512346,0.9993793377223423,0.9994253921465647,0.9979953464557652,0.9971138797215277,0.9984374181808573,0.9988460235212776,0.9882508997805961,0.9905311446826592
60091.684065264635,0.9994130058476403,0.9992588158912682,1.0002669035762872,0.999753835681255,0.9998197295466136,1.001400593768117,0.996318265767117,0.9983165618153401
60091.68414901692,0.9990056993640432,0.9990290038431594,0.9988831154852911,0.9997716920723616,0.9994492429757917,0.9982256393289086,0.9961943617235701,0.993239940246188
60091.68423276921,0.9993599428105575,0.9992881111039316,0.9994894692201136,0.999166265693679,0.9990937031173293,1.0012960100987964,0.9925431843458258,1.0036532616980849
60091.68431652148,0.9995663198226152,0.9988477415425714,0.9992810525018595,1.0000731799447586,1.000437063038147,0.9993851511492281,1.0147751036942803,0.9989997089707718
60091.68440027377,0.9999337035954117,0.9996332619975085,0.9996845443945114,1.0003570362905092,0.9992795439332627,0.9999851743196818,1.0031702883448543,0.9906565516588162
60091.68448402605,0.9996079685627449,0.9998583225559525,0.9988239742130265,0.9988034935842112,0.9997248238033439,1.0001717443927458,1.0234557839747223,1.0025050552918207
60091.68456777833,0.9991362533158457,0.9986997554411021,0.9990122354116295,0.9992097824986549,0.9994589351609391,0.99927311950106,0.9933836160593749,1.0017947686859319
60091.68465153062,0.999197328942934,0.9997910313251439,1.0000357819699495,0.9994879852873925,0.9997089318298116,1.000026338692828,0.9902960461519738,0.9976936150613909
60091.6847352829,0.9992864496851293,1.0005232801064152,0.9992996610801418,0.9993514023052075,0.9993883613344546,0.999221339075949,1.0171225845753928,1.0089805451988876
60091.68481903519,0.9993461478070318,0.9985073829401464,0.9986693270937914,0.99852942502227,0.9990300080160761,0.9987124013073476,0.9946801550064766,0.9916898676185529
60091.68490278746,0.9989725589078684,0.998984921698897,0.998074391367363,0.9993754463064204,0.9991267344424865,1.0004850667694103,1.00396558205871,1.0001798632027143
60091.684986539745,0.9991374799234135,0.999270809229937,0.9991525092022087,0.9986837207155442,0.9992683927946445,0.9979632309018139,0.9720805469705422,0.9925075430368258
60091.685070292035,0.998684262603294,0.9989385188503067,0.9988371725530171,0.9985485674566831,1.000402655381793,1.0016853055840007,1.0116477408108346,0.9948704403445564
60091.68515404431,0.9989453498201694,0.9982412245565726,0.9982134198314617,0.9978824360463279,0.9994158643253009,0.9994185033219172,1.0092809054006249,0.9991374252687354
60091.6852377966,0.9988358664577702,0.9992015267716012,1.000048393494835,0.9995042006463738,1.0011276903437871,1.000648996007621,0.9853314612826475,1.007422369409697
60091.68532154888,1.0002635777066844,1.0002467879639272,0.9994143194914117,0.9999483126900104,0.9989578044418498,0.999302873647418,1.0077618680441611,0.9937398383639653
60091.68540530117,0.9987223406248436,0.9994980451653448,0.9988150092359184,0.9993235800129197,1.0004222606185744,0.9993955888369409,1.0234055422534873,1.0007673287697958
60091.685489053445,0.9988678880978906,0.9988251630592975,0.9988614684568083,0.9984708271978475,0.9989596117183573,0.9987236220280198,0.9913538434027532,0.9928511555056474
60091.68557280573,0.9990880069265267,0.9993354345720018,0.9997035397930393,0.9992386415995049,0.9982394711128162,0.9983014611387546,1.0066584361888318,0.9938225914219148
60091.68565655802,0.9989053094470297,0.9991671585739841,0.9990261514312857,0.9987326503649127,0.9999663240963913,0.9990677645280042,1.002868547626023,0.9942723123058206
60091.68574031029,0.9994879089259674,0.999732198261863,0.9995263892522401,1.0001234411884345,0.9988559938460033,0.9979659601190172,0.9927446358201453,1.0008928669914223
60091.68582406258,0.9993061700716301,0.9996747334850876,1.0002827465275448,0.9999498238967991,0.9999580013832333,1.0008930007254198,0.9884493463758638,1.0031783522708273
60091.68590781486,0.9986496501340308,0.9993074326834865,0.9987281550910896,0.9984667715639709,0.9997294301354313,1.000351606011346,0.9708357806556559,0.9978588536234223
60091.68599156714,0.9991504146425029,0.999547516043162,0.9996850756638743,0.9997995866282726,1.000185832273102,1.00055141139174,1.0222589656614876,0.9881342768157605
60091.68607531943,0.9990816590932265,0.9993142009415155,0.9987876907683106,0.9977259391532569,0.999345356908418,0.9997346260834314,1.007400707939565,0.9871147517718254
60091.68615907171,0.9990375845977574,0.998377398787022,0.997796885783484,0.9986567120119786,0.9971331982708327,0.9973113440120456,1.0007892259664912,0.9988068946088969
60091.686242824,0.9992591201523586,0.9987605059188902,0.9993932712399908,0.9988431807161845,0.9982096744029259,0.9985606753444224,1.007053093647517,0.9893192286720155
60091.68632657627,0.997841099901297,0.9983145282920348,0.9975817240687943,0.9983694890784569,0.9988456278372373,0.9983167530238126,0.99854381909828,1.006157227493403
60091.686410328555,0.9990297828653836,0.9985882691116782,0.9978494561303103,0.9985276278010449,0.9971863853777213,0.9991929972013616,0.9942743929143228,0.9828147856689895
60091.686494080845,0.9988617032907227,0.9989412896480397,0.9991322414967618,0.997635172902905,0.9980864653863443,0.9985251510814688,0.997809650671779,1.0003808721010563
60091.68657783312,0.9992764969528909,0.9996584025460225,0.9987932462104171,0.9984675265444029,0.9990980602107526,0.9997543540559097,1.0063818844183166,1.008327085482742
60091.68666158541,0.9980434166438387,0.998241097299351,0.9979983012477388,0.9979851064079067,0.9966340065250382,0.9989778473357889,0.9762749872839475,0.9958073989088142
60091.68674533769,0.9991241496887514,0.9989174380817314,0.9985297865673832,0.9988986697097039,0.9981547531012697,0.9979448180672504,1.0010761750420276,1.0062385307100414
60091.68682908997,1.0002191916501628,1.000138394885307,1.0000342606128285,1.0006717132708627,0.9995226490938351,0.9982571901076344,0.9854504327468272,0.9927586015723154
60091.686912842255,1.0000068195292995,0.9998939545780509,0.9991297310707246,0.9988776747350163,0.9989621361562047,0.9986965947787672,0.9923821596900422,0.986519301521954
60091.68699659454,0.9992535487539833,0.9983494521305675,0.997545702315465,0.9982736972170583,0.9987025932785953,0.9972728154856605,1.0128355703288945,0.9978402500195347
60091.68708034683,0.9991681929966127,0.9996747562802848,0.9981876649463046,0.9985859756930054,0.9979202682187552,1.0008535110783472,1.0108086748912433,1.010965703957669
60091.6871640991,0.9990714379585445,0.9986313120631234,0.9983709571028224,0.9980869945282246,0.9989839498084294,0.9961690188277001,0.9818676687567285,1.001377659160358
60091.68724785138,0.9989833722395695,0.9989932829389475,0.9982101225954603,0.9987583359962948,0.9983473966299421,0.9993709665982219,1.0120499112855947,0.9907469377213893
60091.68733160367,0.9991694229119571,0.9997244303993149,0.9992023434684207,0.9997805053438358,1.0008910370163036,0.998662160739145,1.0027110917059867,0.9977239494225516
60091.687415355955,0.9988852456293116,0.9996767081749224,0.9988178247107181,0.99830402685772,0.999994745161006,0.9997633500996853,0.9876965224249485,0.9950104501723387
60091.68749910824,0.9995361113691118,1.0003365676465583,1.0001340034829644,0.9999351332005914,1.0001620555156427,1.0002060814536349,1.0211040889700653,1.0034560820609455
60091.68758286052,1.0003747059266248,1.0006252404697562,1.0002661464636728,0.9995945992493136,0.9991555867018376,0.9984047053428577,1.0218745315272104,0.9801292173033243
60091.6876666128,0.9999459964483287,1.0009805170282755,1.0001998720162715,1.0013678593521569,1.0014423464561544,1.0001316631005372,1.0133797668496438,0.9979712758613021
60091.68775036508,0.9990495900941461,0.9996169573016536,0.9987629375555194,0.9979482178716269,0.9978782225852376,0.999089537336088,0.9855630312024193,0.9990075105365196
60091.687834117365,0.999619089780191,0.9997074162428523,0.9998477177851502,0.9998865728930924,1.0006617253482117,1.000326567969311,0.9930693728370198,0.9956404418421355
60091.68791786965,0.9993819558012637,0.9992882960195935,1.0003834770704068,0.9988820128449039,0.999709089155093,0.9983102203234907,0.9767369172869317,0.9993310400732748
60091.68800162193,0.9980958382872888,0.9981625148474903,0.9978362190365991,0.9980159917309116,0.9974040881486174,0.9969813917351666,1.0032876729999685,0.9994060909801304
60091.68808537421,0.9987418829689565,0.9982682073656802,0.9978125458337828,0.9978100389597848,0.9971098067514188,0.9977470303894596,0.9924276418025262,1.0027530869933148
60091.6881691265,0.9991484182680678,0.9997832383687231,0.9993647556333433,1.0002568555353388,0.998993344491033,0.9995895712308397,0.9810452469360046,1.0040496805214651
60091.68825287878,0.9996652030211383,0.9994480486570961,0.9985921519077186,0.9991432225685645,0.9985323029723653,0.99889318461172,1.0186583462035539,1.0061166463129123
60091.68833663106,0.9981175689618879,0.9985117476776825,0.9987360047006413,0.9985604091221721,0.9978993854233675,0.9970158492320552,1.035943666248521,1.005023042944338
60091.68842038335,0.9987553254580053,0.9997675227084282,0.9985489102645001,0.9987549726479275,0.9988574316606432,0.9988587586519728,0.9978839357788614,0.9995390339995897
60091.68850413563,1.000344396139648,0.9997286845450254,0.9989627919278254,0.9992824058949308,0.9983022501357072,0.9998856466085242,0.9970215562133451,0.9986768653123089
60091.688587887904,0.9991281326193003,0.9984692769048443,0.9988656716317872,0.9987545082669342,0.9990833268821083,0.9977918046457149,0.9980702425986772,1.0006490834146644
60091.68867164019,1.0001690214999805,1.0002107311338528,1.0003127774537326,1.000574204525453,0.9999311374834723,0.9991943537772994,0.9844639758711142,0.9971400163884644
60091.688755392475,0.9989066038377655,0.9992525004722844,0.9992536224522142,0.9999425102699339,0.9996956026433332,0.9987808514183012,1.0146576423316689,0.9868428885245046
60091.688839144765,0.9993178081947992,0.9994220503195619,1.0005007594519653,1.0005473002802006,1.000000368090026,1.0004168798546513,1.006490520500712,0.9924006099035871
60091.68892289704,0.9985430887459646,0.999725477829052,0.9989419741233111,0.9984502462688019,0.999820283334098,0.9981505024537067,1.0065884488086287,1.0001935805185442
60091.68900664932,0.9990723886030366,0.999622784826793,1.000217796951749,0.999679318330173,0.9990338022179757,0.9987380572574845,0.9844674629016235,0.9980985591366951
60091.68909040161,0.998968465770604,0.9996553626117166,0.9989824415736874,0.9992991074635033,0.9996680073026092,0.9995306723954047,0.990488092329437,0.9860490432769422
60091.689174153886,0.9991115428595798,0.9985714560254572,0.9995781405257808,0.9994275917866913,0.9988948500726682,0.9994769071065148,1.0023398489625366,0.9940379875677189
60091.68925790617,0.9992492241773662,0.9985499065825175,0.9987586740802035,0.9988684947131956,0.9997946941869038,0.9994383892161589,0.9710841248419539,0.9970968410824318
60091.68934165846,0.999211056478318,0.9993082709337664,0.9990245072093985,0.9986757373294852,0.9972377371477074,0.9988636049178212,0.9795044751154656,0.9876222171855467
60091.68942541074,0.998650742277855,0.9997352385792814,0.9992440148878496,0.9977049175656212,0.9983280898310506,0.9985768568587865,0.9693903290881445,0.9967527395878959
60091.68950916302,0.9997707515470098,0.9996620245560102,0.9989245529107348,0.9989570052420931,0.9988731106245993,1.000853801215327,0.9984675199013495,1.0032460187721994
60091.6895929153,0.998982092287541,0.9996677934010759,0.999146956250604,0.9990343760593852,1.0002290626164967,1.0006142855593876,1.0128122310499534,1.015065621618354
60091.689676667585,0.9980745941183706,0.9981452264462876,0.9986234737818552,0.9983556428200628,0.9990946573578288,0.9973759030528216,0.9909695866970084,0.9882355437512627
60091.68976041987,0.9994151625179791,0.9998052833039058,0.9997933646539605,1.0003981419823225,1.0004861467799395,1.0007619720029801,1.0066700913052486,1.0038095079218325
60091.68984417215,0.9992960331014857,1.0002362275300825,0.9996835775137041,0.9991967990679207,0.9997545466832172,1.0004110757122053,0.991843413493789,0.9874463829309437
60091.68992792443,0.9993814083904897,0.999345696561163,0.9998351349010379,0.9998987572875029,1.0000500937289434,1.0010359323311986,0.9907260843471116,0.9866718493002449
60091.690011676714,1.0001720126750997,1.0005934023474807,1.0009196200061794,1.0005134820508372,1.0003761506550881,1.000371702265605,0.9927117387348688,0.9972103858370773
60091.690095428996,1.000587434184768,0.9997544929864344,0.9991652130643434,1.0004898901208832,0.9998418831661127,0.9990499833063052,1.0148992097545513,0.993775136004067
60091.690179181285,0.9995316594168436,1.0002971666908058,1.0002145883927134,1.0003835411920294,0.9993009484025718,0.9996353460561878,1.0197621172087596,1.0086772913058013
60091.69026293357,0.9986261663903416,0.9980720653564014,0.9985022859912489,0.998403733065153,0.9988967924755667,0.9995558959710631,1.0082928588599944,0.9925232438015748
60091.69034668584,0.9999584925457412,1.0006597530369563,1.0005536983553558,1.000153744864029,1.0007968582243334,0.9993056510336255,1.0090091637561018,1.0111636255481533
60091.69043043813,0.9979950983235047,0.9979434844168774,0.9984510348557961,0.9987784739244123,0.9971433571315271,0.997118013187898,0.9982700181056149,0.9910870747870459
60091.69051419041,0.9991459704608845,0.9998687989604428,0.9993489874348811,0.9988470024651072,0.9997328660996214,0.9990948846216299,0.9907793344475586,0.9961972154865801
60091.69059794269,0.9992465672977003,0.9990445342685319,0.9989798249617005,0.9978749397669257,0.9977519510571454,0.9973557847542628,0.9889665407955218,0.9936129289873668
60091.69068169498,1.0000984871544627,1.0014130035379114,1.0004459628227411,1.0021493266945571,1.002275758832347,1.00268527984794,0.9895969639086203,1.005790247377345
60091.69076544726,1.0000608670237017,1.0000253163400865,1.0008936138821969,1.000784724806093,1.0004627794548218,0.9990343359000039,1.0057864176689815,0.9931238385722708
60091.69084919954,0.9996206685872093,1.0000131952972315,0.9993897689903911,0.9995130277725288,0.999460630258223,0.9987647744229874,0.9996151113135053,1.0055856285019622
60091.690932951824,0.9993288396297378,0.9995576630347034,1.00047195917339,1.0009929186466018,0.9996132163258986,0.9994437263715068,1.00282915650671,1.00852661049002
60091.691016704106,1.0000700487289675,0.9999769978648476,0.9999629630869948,1.000305123000735,1.0010416755678526,0.9964127751938828,0.9909589049734755,1.0138303099893593
60091.69110045639,0.999568518706484,0.999967654196491,1.0000019426888227,0.9992241083881586,0.9993686451655782,0.9998946752955344,1.0093413708641976,1.0018144848838717
60091.69118420867,0.9997798710870774,0.9994249323476413,0.9998901661280052,0.9983074865409725,0.9989143066517125,0.9994120571666336,0.9812652706796774,0.9902910113519712
60091.69126796095,0.9995808754047397,0.9999873599740909,1.000286641068948,0.9991258588160195,0.999871702573745,0.9986331805476897,0.9859792300939422,0.992543280292215
60091.69135171324,0.9994999944390471,0.9995053179187621,1.0001493232778582,0.9994811203428713,0.999886621350422,1.0003270138934297,1.0041911886802197,1.001249514968438
60091.691435465524,0.9991827640675324,1.0005601039278331,0.9997851490915514,1.0011732100569566,1.00117458693368,1.0006430624590303,1.0052637681534642,0.9965179241129977
60091.6915192178,1.0000586646745433,0.9999883893975378,0.9992865737939005,0.9982554327607476,0.9983258504868164,0.9969469275949753,1.0001635625143848,0.9919375929816512
60091.69160297009,0.9986808010938457,0.9995725398061975,0.9996012357434537,0.9989490190651632,0.9982022816736146,0.9980338404571506,0.9928629997539853,1.00132145850324
60091.69168672237,0.999514256731647,0.9995023396017262,0.9997382906733754,0.9998291002381999,1.0002448153481134,0.9992001811409555,0.9923802142277185,0.9974464141645029
60091.691770474645,0.9995330338767747,0.9996236101150978,0.9994403660671843,0.9976320658162964,0.9986894217291806,0.9964917474333126,0.9634387853574053,0.9923149054711462
60091.691854226934,0.9997748893655104,0.9996192416102884,1.0003327402613562,0.9994562181986747,1.0010650238119019,1.0013910237766945,0.9882067802231157,1.004504780946063
60091.691937979216,0.9995930253407064,1.0004428435813237,0.9996778944145014,1.0004352953024847,1.0002170220257132,1.0006051257059263,1.0060811967602001,1.0028021044885238
60091.69202173149,0.9993670501198643,1.0004860042121768,1.0009626059955916,1.0018430845734776,1.000084211552595,0.9994154694300292,0.9897973475727921,1.0041827983838296
60091.69210548378,1.0001413529463612,1.000450710733877,0.999946168839435,1.0005109874607305,1.0008656547677548,0.9989393874950857,0.9928548732520738,1.0044927085349082
60091.69218923606,1.0001078039010205,1.000293073899335,1.000393908802266,1.0007058476161992,1.0005552219942613,0.9992403046602905,0.9857373422931884,1.0092199137696147
60091.692272988344,0.9997366843358406,1.000334346743052,1.0005456111670052,0.9994663400896078,0.9996229723640335,0.9999973415862422,1.011998076312213,0.9908788067750618
60091.69235674063,1.000151987238091,1.000305690817546,1.0008288763009516,0.9999493686359736,1.0011546635543758,1.0024640909030553,1.002834133351788,0.9964110612044454
60091.69244049291,0.9996121450769813,0.9992107276666774,1.0004834868770776,0.9990964161241167,0.9998818780212506,0.9991414963682517,1.0022868659887638,0.9943091430677108
60091.69252424519,0.9992302019942486,0.9998099450813795,0.9994746105077078,0.9991822388449305,0.9997260048341914,1.000631317632344,0.9752791568392011,0.9889899121773152
60091.69260799747,1.0003735796549469,1.00111761813571,0.9998488590388339,0.9986104873146153,0.9984009211474913,0.9989437645886275,1.0078573401623598,1.000879945039703
60091.692691749755,0.9996888937371343,0.9995314962553473,0.9990083252102521,0.9996440931031493,0.9990286106707613,0.999822605130811,1.0034153083887076,0.990148224875405
60091.69277550204,0.9996007309375413,1.000436889118223,0.9990846131738472,0.9987182628270632,0.9982462443309622,0.9982494558732495,0.9916336675620969,0.9897187375691124
60091.692859254326,1.000930701483467,1.0015387892882028,0.9999278049341087,1.0010118225612215,1.0016127956465768,1.0020871487171252,1.002205288880714,0.9925959601048269
60091.6929430066,0.9996713968590613,0.9995540384067799,0.9989773500441845,0.9981461108566022,0.9991867288141337,0.9977930893188589,0.990195338594752,1.000965932777343
60091.69302675888,0.9995601891474738,0.9991480413849793,0.9983305606317536,0.9980258338370308,0.9998394179668769,0.9995223019416821,0.9972643753702296,1.0011527620707759
60091.69311051117,1.0002435439214774,0.999907234536398,1.0007975974823122,1.0015804753277038,1.0026524482470187,1.0002684482482982,1.022617237785426,1.0019671558522636
60091.69319426345,1.000990759207939,1.0002976534991646,0.999774333180888,1.00057369110487,1.0005037001782815,1.0012775574920936,0.9946423001267465,1.0005786842838547
60091.69327801573,1.000660185108134,1.000550718117095,1.0007364394694338,1.0004836930915872,1.0003514981015227,1.0010345608162599,0.9787789818279683,1.00697505053353
60091.69336176802,1.0002946653462044,1.000191806267353,1.000204329335661,1.0006985144034006,1.000530992217314,0.9996318800596,1.0148290071231865,1.0023025327655255
60091.6934455203,1.0001031289626066,1.0005760108889994,1.0005291647595609,1.0008907190451497,1.001338129151407,1.0011874198973454,1.0197923091924093,1.013061396732211
60091.693529272576,1.0018980077187332,1.0034512611325557,1.0034548270667305,1.0038255030119316,1.0038654960052202,1.003098272480134,1.0149966442438092,0.9903736610730602
60091.693613024865,1.000225872518811,1.0013101298980809,1.0012180478824528,1.0007284344837486,1.001874501419433,1.001172882475672,0.998521797951908,1.0107999473987241
60091.69369677715,0.9993086919100038,0.9999171173079775,0.998804462412678,0.9988514916807225,0.999514493870057,0.9984016372902297,0.9795303584538246,1.0000000262659985
60091.69378052942,1.0002958007011415,1.0004657698030972,1.000471609220121,1.0021887065317028,1.0025410225385767,1.002397599952706,1.0160628480615788,1.004855232039856
60091.69386428171,1.000161053433698,0.9998186115982876,0.9997601851294602,0.999688419210867,1.0006376865066635,0.9980251854744752,0.9893447179489187,1.0026396367935373
60091.69394803399,1.0007834736599104,1.0016979445893737,1.0018223917444096,1.0014520005732162,1.0020849639848537,0.9999780640701664,1.006248161710704,1.0019638941077853
60091.69403178627,1.000727745972512,1.0006166072197888,0.9996615726076279,1.0022176040568656,1.0008978475235966,0.999530784016382,0.9915191220247038,0.9921839032720025
60091.69411553856,1.0002511858304868,0.9996119541070375,0.9985052996118988,0.9994924827759467,0.9988816909321836,0.9991946236100526,1.0026619920644735,1.0009895999498994
60091.69419929084,1.0006026151991907,1.0006712982616348,0.9999695708039402,0.998749556962827,1.000096537174635,0.9994122621513084,0.9853698044957104,0.9872128303596787
60091.69428304312,1.0005494553965162,1.0006046827136765,1.0004541225375294,0.9997793120471519,0.9999156905478047,0.9977132537670441,0.9864477653698934,1.004093481411631
60091.694366795404,0.999920755540207,0.9999244728137077,1.0001952114945578,0.9997431069253988,1.0004131550203956,0.9998583802610681,1.0041773078100222,0.9977041519755562
60091.694450547686,0.9995781868649264,0.9993001230235594,0.9985407020981273,0.9985181401355379,0.9991639737668349,0.9977606090442649,1.0083732182604774,1.0004905697492408
60091.69453429997,1.0002632411535421,1.001067696270558,1.0008314846112656,1.0008436558904106,1.0004640972333274,0.9999423593858978,0.9980547341364503,0.9937597341395853
60091.69461805225,1.0003860711844774,1.0008568321395552,0.9997057078127835,0.9995256256643743,1.0006895204789485,1.0004866736393718,1.0173977936077339,1.0073691782257317
60091.69470180453,1.0006610400896268,1.0007740881275191,1.0011097708920582,1.000602685014755,1.0008921632982026,1.001816251261782,1.0173326410984385,0.9926849773173105
60091.694785556814,1.0003338632864005,1.0006533524392802,1.0009965147088957,1.0012692990962755,0.9999551866761887,0.9995257919013714,1.0094626570140959,0.996809417675998
60091.6948693091,1.0005726024820545,1.000666655448233,0.9997624005819477,0.9993693353954285,1.0011331332497844,1.001140552622991,0.9992502376257254,0.9868120731851848
60091.69495306138,1.0005456759204798,1.0010131948055772,1.000335430833706,1.0012852970663437,1.001560327135226,1.0011455627592254,1.0028726199669478,1.006926932184642
60091.69503681366,0.9995809449730569,0.9990749432532573,0.9993174961311373,0.9994712924402918,0.9998584286974229,0.9989791721520177,0.9789707066698046,0.9920501679668182
60091.69512056594,1.0002800119484008,1.0002121234925976,1.0002558096727696,1.0000246632446184,1.0008952478838904,1.0000474910636339,1.0074938228128802,1.0032142126772519
60091.695204318225,1.0008164890506273,1.0013720149637133,1.0012892670706772,1.0004872740282156,0.9995862748547345,1.0001041599614862,1.0126749014182757,0.9873024758283964
60091.69528807051,1.0003020917771959,1.0001889137675302,0.9994372379966459,1.0001650803851343,1.0006265648002817,1.0006072043785377,1.0051470981405652,0.987039989780018
60091.69537182279,0.9998740609706496,1.0007172425244917,0.9994099195290382,1.000672467254555,1.0000101952768514,1.000321933756342,0.9932282346026013,1.0113737957990665
60091.69545557508,1.0008624381103457,0.9998648328515248,1.0009172128605062,0.9999986550184553,0.9993389314521006,1.0016905587234868,1.0133764544092283,0.9904590519321186
60091.69553932735,1.0002359637051266,1.001016718291785,1.0013470234728785,1.002104569247765,1.0012081702379854,1.0006335826411707,1.0092751022738853,0.9991656727503587
60091.695623079635,1.0011468537104191,1.000314284032251,0.9999693289233652,1.0000103610276811,0.9987870726520717,0.9977800031654814,1.0045158170005686,0.994470578941098
60091.695706831924,1.000752841811003,1.0013719283164229,1.0018886026840095,1.0012131873896726,1.0001880027758339,1.000630050569011,0.9898002544995921,1.0028911418042694
60091.6957905842,1.000968364247793,1.0003564817096864,1.000845495043589,1.0005079430690444,1.0019391529436608,1.002751654516883,1.004899679354901,1.0055017168734177
60091.69587433648,1.0006804133170983,1.0008431402075026,0.9999465155852391,1.0012257395311692,1.000885300411505,0.998063212556265,0.9698277254912651,0.9967110911609365
60091.69595808877,1.0002952969740206,1.0005543947206226,0.999679875042836,0.999766360262901,1.0002788910811726,0.9980329666368817,1.0106290037313599,0.9905666782958338
60091.696041841045,1.0003335768224466,1.0003889860008504,1.0000826249922947,0.99983752129263,1.0005713617099032,1.0003816558352658,1.0252424593597194,1.0044649058252584
60091.69612559333,1.0004347823951645,0.9997410030185528,0.9995378506934803,1.0017324247457282,1.0013236781726926,1.0008933065938759,0.9983385448044254,1.0055941860222388
60091.69620934561,0.9999340027654279,0.9993644771857844,0.9995725430470187,1.0002260214447511,0.9979917687865519,1.0001541594958223,0.9887777393016365,0.9987620514431232
60091.6962930979,0.9999427954131612,0.9999190476206075,0.9988689683772352,0.9991162556782264,0.9994156485720416,0.9997962768919113,0.9958528633263324,0.983228640997598
60091.696376850174,0.9999506015559037,1.0001806673973956,0.9999415536750458,1.0007705652724332,1.0010382778281564,1.000682215880788,0.9936231624965702,0.9950339693558224
60091.696460602456,1.0012173545056315,1.001429404075758,1.0009037027172096,1.0017820646219195,1.0012393186482813,1.0011138036168454,1.01851877521539,0.9890098764743527
60091.696544354745,1.0005385283928103,1.0015370263319092,1.0007761855043915,1.002595249216056,1.0023095907517516,1.0034990869264708,1.013219272912221,1.0052912361939188
60091.69662810702,1.0004936334112329,1.0001642269519906,0.9999546994503496,0.9992931987909822,1.0003191043085398,1.0009605590488366,0.9891891184199586,0.9859182932397397
60091.6967118593,1.0010858379383358,1.0005215936449292,0.9999055935050393,0.9993116556180414,0.9981472919045944,1.000325779871255,0.9870859749295126,0.996809562516367
60091.69679561159,0.9994750814208432,1.0003598887296763,1.0002443945322261,0.9993459565185702,1.0006611548492035,1.0020077517851682,1.0011363462657428,1.0046205637336485
60091.69687936387,1.0001083579273478,0.9990064443239574,1.0004222139237575,0.9992466446711714,0.9993678809251311,1.0027830190538163,0.9967582014582927,1.0001481105497847
60091.69696311615,1.0007897254626803,1.0006489232111304,1.0002499710303954,0.9984064540646662,1.0005392406639602,1.0006777662369828,0.9923744623495966,0.999675921883774
60091.69704686843,1.0010604139999093,1.0013817808859622,1.0007272010276567,1.0012863057170114,0.9995145163183728,1.0008686311750112,1.0161372444772467,0.9964655352077899
60091.69713062072,1.0000480478667755,1.0001711259152541,1.00036364007087,0.9996590248608362,1.0004488046298323,1.0006046652542193,1.0210851974373192,1.0185666269161886
60091.697214372994,1.0009621646868911,1.0011710115114656,0.9997968459607022,1.0012253352037386,1.0005876829451228,1.0038449356694368,1.0098816028002062,1.0048882027957569
60091.69729812528,1.0007188794511015,1.0014645205560557,1.0013785050410238,1.000943752520756,0.9992817583349235,1.0005690761431876,1.0005480968995266,0.9995934782269794
60091.697381877566,1.0002821620031863,1.001460082580169,1.0012603463801029,1.0023956850974187,1.0042742754123317,1.0025026186335926,1.0316535532455327,1.013709479462568
60091.69746562985,1.0005461970265543,0.9999769711746727,0.9999342682396718,0.9997780432972782,1.0004314510215027,1.0029860681870244,1.0123073898284671,1.0138051670670518
60091.69754938212,1.0004723160511944,1.000926750373183,1.000607946696786,1.0004988694491792,1.0005054199063568,1.0010102280232125,1.0069912840526711,0.9960379819790551
60091.697633134405,1.000722657772041,1.0005290856664344,0.9997118095427349,0.999453089532653,1.000582834233579,0.9994257062269606,0.9861346249592905,0.9980706118366972
60091.697716886694,1.0011112823009705,1.001402337365,1.001830336596796,1.0016806286725342,0.9997713276724197,1.0022696213830713,1.0186485447964984,1.0052652406214084
60091.69780063897,1.0000855134771158,1.0003080515571363,1.0004390000583185,0.9995176162135743,0.9994716981510027,0.9989146495212624,0.9982182829477546,1.001302563343456
60091.69788439125,1.00112493958548,1.0013362194164044,1.0007105626628825,0.999425947913858,0.9996372784887531,0.9999994951359586,0.9973124795730721,0.9766944141330722
60091.69796814354,1.000720685444617,1.0000993497772699,0.9999908141069515,0.999718412701089,0.9995231108432241,0.9993114689954905,0.9740458231454564,0.991227223399998
60091.698051895815,1.000216654375498,0.9997652544905209,0.99923505353329,0.998640959588718,0.9994464676156566,0.9999671939000636,0.98249716981263,0.9902579547138103
60091.6981356481,1.0009619766161648,1.001145596782063,1.0011025873408574,1.0003524973874234,1.001348696384383,1.0016607931115298,1.0232917323418589,1.0037205673877059
60091.69821940038,1.0016100854554355,1.0010791415028588,1.0016707325106373,1.00116652532296,0.9991450618712359,1.000354147516462,0.9773113801479735,1.0008131583392665
60091.69830315267,1.0007578403339747,1.000761960827159,1.0005853145992842,1.0004455315194534,1.0006391370420156,1.0006240284385524,1.0078032693526457,0.9911750805390268
60091.69838690494,1.000579911355716,1.000435693232369,1.0007574013834517,0.9999426642662065,1.0011694713366017,1.0020528200868237,0.9995056460761822,0.9961334206718724
60091.698470657226,1.0000399902805075,0.9993689324017364,1.0001847650460958,1.0005258140623867,1.00051226782751,1.0010167480236973,1.0064158614162853,0.9958101042625085
60091.698554409515,1.0007129102269603,1.0006942073071952,0.9995000140056706,0.9998003154941264,0.999652146008442,0.9995116137508671,0.9977841286161518,1.0015436709283765
60091.69863816179,0.9998579632295712,0.9993747756983429,0.9996859756030061,0.9995734620897179,0.9991894938854573,1.0016143397722732,0.9919220808017728,0.9922957653687812
60091.69872191407,1.0007559931245131,0.9998646311427623,1.000385415662086,1.000877673168678,1.000419998077747,0.9992128530220119,0.9927633277392627,1.005619032857017
60091.698805666354,0.9999711357079507,1.000394502566296,1.0006596567638386,1.00052202754821,0.9990825882077989,0.9997026449670573,1.0005358376484481,1.0020662165700154
60091.69888941864,1.000417025095315,1.001110728494852,1.001192347524196,1.0005824911197072,1.0027933323193443,1.0019737765516021,1.0361098725000633,0.9993928690499275
60091.69897317092,0.999817536896658,0.9996601211251113,0.999918822674426,1.0000384374387372,1.0001603745732692,0.9997736252389283,1.0025472332784982,0.9926828236977564
60091.6990569232,0.9998341629369125,1.0002299207949832,1.0004354424139164,0.9993983026425283,0.9991520432351564,1.0014908440022576,1.0159252713290203,0.9933630639980849
60091.69914067549,1.000645107212334,1.0004513928019367,1.0012243101365799,1.001140090940769,1.0022183247534961,1.0037212591948381,1.0238669246990308,1.0062994760963757
60091.699224427764,1.0004083250653266,1.0002517706620215,1.0006189033208137,0.9999547918962954,1.000675268292544,1.0013588114733798,0.9971307387212888,1.0121420211308743
60091.69930818005,1.000666418744385,1.0014472988802903,1.0010780414057572,1.0004335627198244,1.00085467560818,1.0022585658614456,0.9997781495715528,0.9960424257765823
60091.69939193233,1.0006699646283885,1.0001653155024757,1.0006703063768894,1.0011396691205579,1.0008907653916799,1.0013689949417874,1.0040586522309711,0.9902181142756251
60091.69947568462,1.0002256492176385,0.9997642680395328,1.000163605250372,0.9996335327962904,0.9988996640516787,0.9999662128629562,0.9773776865783294,0.9986195448027128
60091.69955943689,1.0005147328255466,1.0001501576540672,1.0005223610099185,1.0003366927350061,1.0012880233253154,1.0006545724028064,1.00335059629015,1.0079994823516294
60091.699643189175,1.000361435179437,0.9996136625336437,0.9999421617726226,0.9999865981070436,0.9996451968204411,0.9994880775201855,0.983156377357287,0.9989263271425102
60091.69972694146,1.0008393235250252,1.0005448103298744,1.0002309369158815,0.9998823350053746,1.0012181066109256,1.0023972986637448,1.0122686481195229,1.000783351858667
60091.69981069374,1.0006306147404869,1.001449802393161,1.0006032591946337,1.0001493505878634,1.0000153742904228,0.9990487791553879,1.015963550685922,0.9972204215604374
60091.69989444602,1.0017935444586104,1.0016813881885673,1.0014368069009025,1.0027436696275869,1.0030124503942077,1.0013538960362478,1.011631861349012,1.0087678693064748
60091.6999781983,1.0005149696728517,1.0005124636256766,1.0008298399365596,1.00033557459249,1.000896548950872,0.9992192691239374,0.9948261388632643,0.9971455739520176
60091.70006195058,1.0010852200141658,1.0016387016595063,1.001121734018516,1.0018337064496556,1.0013561232850199,1.000051948672658,0.9933145760385237,0.9890869004229974
60091.70014570287,0.9999926159891124,1.0000048893530935,1.0005323616585187,0.9999057190154419,1.0002175592263867,1.000595455700759,0.9779747603540745,0.9932117784280562
60091.70022945515,1.0000515745866767,1.0000570056869849,0.9995235025717234,1.00023647410373,0.9985760879138781,1.0000117241683748,0.9931140088335992,0.9946770643414536
60091.70031320743,1.00167268281727,1.0021144802714552,1.0019684411223801,1.0004712887167406,1.0008232785204276,1.0012137045130134,1.0207392711803704,0.9993652792801532
60091.70039695971,1.0005330285054146,1.0005727559646955,1.0006351016968975,1.0009087412937308,1.000437417035619,1.000256754713306,1.003778826347668,0.9871540993324083
60091.700480711996,1.0008790549098274,1.0016082075599408,1.0011601518611988,1.0011905367307874,1.0016228796171947,0.9991901480337606,0.99439163719733,1.0047910966338567
60091.70056446428,1.0009991385936157,1.0012892036515713,1.0008312602774092,1.0010448039279924,1.0005541440385983,0.9991895651092244,1.0000454627642978,0.9963254565773163
60091.70064821655,0.999859134129981,1.0002563155263122,1.0007573305928184,0.9997226635962588,1.0012506325995467,0.9985053259683901,1.0005153211183186,1.002163516529548
60091.70073196884,1.000023920786791,1.0000009794340177,0.9991023774342096,0.999086091845202,0.9990583328647139,0.9974885356163997,1.024456248788647,1.0061744476053385
60091.700815721124,1.0009133897358742,1.0010480655191678,1.0009777308521,1.0014958387768857,1.0012894070145713,0.998612455263698,0.9958832605656605,0.9966172873719493
60091.700899473406,0.9998155267135683,0.9989975593690384,0.9987560737696844,0.9995384766782488,0.9992912150621784,0.9984652552380214,1.0195776832011707,1.006215169766497
60091.70098322568,1.0016460800502707,1.000950845599079,1.0011791859002428,1.0021977781580889,1.0025596756549775,1.0024767263572294,1.0092483405084387,0.9999695361729228
60091.70106697797,1.0006794809966386,1.000883011050809,1.0008946827981176,1.0014753859787193,1.0002940287289308,1.0000115023967144,0.9843535909796891,1.0064880558034028
60091.70115073025,0.9994379759381165,1.0005029861871846,1.00061439562536,1.0019188422175171,1.0009521936495116,1.0020554715133105,1.0089673869378646,1.0046039996927985
60091.70123448253,1.0000314622549016,1.0006800089003394,1.0003712370076712,1.0002253103208625,1.0001748146396077,0.9993852120383027,1.013464455304313,1.0002008644624105
60091.70131823481,1.0014426497421138,1.0010147987063063,1.0007376012508917,1.0017070660947813,1.0018768945346317,1.0010838964856759,1.026602685589739,1.0023951304369298
60091.7014019871,1.000745145612454,1.0004207957727969,0.9997115580775006,0.9988321487022961,0.9983872542385699,0.9987388695074875,0.9880766114844045,0.9873097996350073
60091.70148573938,0.9996011723419511,1.0000056399983015,0.9989266274611834,0.9994329502091001,0.9997549274939557,0.9996461486197239,0.9876220037300429,1.0115520387260344
60091.701569491655,0.9995890755404276,1.000669820149529,1.000391077705226,1.0000520041615022,0.9990311828736367,0.9990933273235222,0.9827396654223431,1.0057804041077538
60091.70165324394,1.0007789239444673,1.0007929413519707,1.0010543202796445,1.0019823356283017,1.0007203801166018,1.00134439514192,0.9987885570222346,1.0078794811136913
60091.70173699623,1.0006324501364607,1.0000744360313911,1.0006071042656102,0.9999342473980829,1.001317908269559,1.003591227021787,1.0100876914124877,1.0052307487916128
60091.7018207485,0.9996292688588563,1.000549748076095,0.9999196226161281,0.9996534326531474,1.0002907591940613,0.9978340209538367,1.0104860014192205,1.0015110309504376
60091.701904500784,0.999800671068853,0.999478045668116,1.0003189000510722,1.0011100022619126,1.0007830659166248,1.0002851625960207,0.9987418110732033,1.0020830784641692
60091.701988253066,1.0003495468728476,1.00097449896849,1.0009388535495292,1.0015878495563384,1.00138786744868,1.0010487832037425,1.0030257040298403,1.0031100290967565
60091.70207200535,1.0002066314448899,0.9998938934077455,1.000521765591261,0.9997513484171847,1.0004234397163723,0.9996148820529611,1.0087948524310304,0.9943154689149603
60091.70215575763,1.0003545049149345,1.0003035341492454,0.999915528759094,1.0007764612365244,1.0013801622512812,1.0028078218689733,1.0022328987385236,1.0020600277030955
60091.70223950991,1.0001632542077248,1.000902157037108,1.0007029085954744,1.0010458218981755,1.0000812374001504,0.9996437793683699,1.0019863366389001,1.0063817152202552
60091.702323262194,1.0010710907151865,1.0006161533591105,1.0009820531560925,1.0002017139554171,0.9996790829899429,0.9988350523662264,0.9891713593719669,0.9982242538559263
60091.70240701447,0.9991639996284671,0.9994189604529191,0.9995272073444192,0.998823439839298,0.9981987102088948,1.000207780230488,1.0030702569977377,0.9994291806819959
60091.70249076676,1.0001882690319415,0.9991736161277271,0.9985174584691746,0.9987664515001916,0.9998629178617721,0.9986205124637699,1.0009166338448003,0.993665964822262
60091.70257451904,1.0000867407672405,0.9998801570346361,0.9992821326627739,0.9995782209234028,0.9978196323557564,0.9963048574228284,0.9811291618726249,0.9956864313548144
60091.702658271315,1.0001899316359668,1.000124079884529,1.000922448235368,1.0015025518681244,1.0009545142441783,1.0006273868338666,1.0121584764070255,1.0050925188642925
60091.7027420236,1.00014041212019,0.9998991692507996,0.9999701732035504,0.9994486338573263,1.000279106148511,1.000166396216934,1.0011484938599609,0.9951543284833897
60091.70282577589,1.0001031547947665,1.0016964660941554,1.000539010015929,1.0000646999830165,0.999506246296401,0.9997485057034632,0.9891870545268322,0.9980133052110873
60091.70290952817,1.0002926807852575,1.0012097506402717,1.0000690268889951,1.0006919880513312,1.0010884792466601,0.9991915842483995,1.0013468410228097,0.987656933542135
60091.70299328044,1.0004519980597226,1.0011653196720243,1.000759873018033,1.0003700722992588,1.0012032122779702,0.9997739901349851,1.0155723571845485,0.994665867519941
60091.703077032726,1.0009952649772074,1.0016344700535846,1.0005380188715942,1.0009986213428783,1.000440195513576,0.9981393512280529,0.9856285797870867,1.0059965570362817
60091.703160785015,1.0002516320127963,1.0004468417439927,1.0005241731897527,1.000302188848452,0.9995370595408677,0.9986706505092853,0.9897478161055119,0.9909335375110465
60091.70324453729,1.0000140239717283,1.0006823715554924,1.0006505123951153,0.9995949688403681,0.9989290271349316,0.9988576388676299,1.0081912128592523,0.9991697591582994
60091.70332828957,1.0005060240798291,1.0027148777366923,1.0019246701342774,1.0025233778099933,1.001499714000691,1.0004727727472822,1.0081891855349667,1.0088391582390657
60091.703412041854,1.0000051940458778,1.000469656926976,1.000379509813892,0.9995047203464165,1.000070873199721,0.9988852315867306,0.999402111643094,1.0044160921519667
60091.70349579414,1.0001722936260926,0.9996171170595908,0.9998325097987032,1.0000060999159297,1.0004908084845396,1.0022644085013261,1.0037657220603367,1.0087135206184115
60091.70357954642,1.000389630404596,1.0005596819932012,1.000349694316129,1.0012023022453687,0.9996806308013313,1.0000560708454698,1.0019550770366539,0.9917802307260606
60091.7036632987,1.0005026012661165,1.0007216372086596,1.0004676843398754,1.00174424258914,1.0016363563389943,1.000380022621405,0.9987641123543086,1.01548461153726
60091.70374705098,1.000691585043768,1.0006325512151693,1.0001503220069037,1.0005376239318817,1.0009533364558656,0.9994546498499001,0.9993695050537224,0.9873656215569843
60091.70383080326,1.0012760053749636,1.001666281102573,1.001375388932442,1.0008753506158312,1.0003712930889306,1.0014803371095387,1.0018782299514217,0.9964863069558969
60091.703914555546,1.0008171229886365,1.000807270974878,1.000064476666333,1.0000240454155591,1.0006662460025597,1.0021469274158745,1.0137083257631256,1.0015993914824097
60091.70399830783,0.9999171470184657,1.0001271705173969,1.000249741111777,1.0011447467115764,1.0002385010109602,1.0010922753666136,0.9856272941485448,1.0075392882933214
60091.7040820601,1.000637922249034,1.0004498516678146,1.000157930716987,0.9993467463350522,0.9991838436443192,0.9980481067646215,1.0075717709859058,1.0021641537240376
60091.704165812385,1.000478603294428,1.0004354907573818,1.000289445827042,0.999526067568889,1.001261247846977,1.002374665139897,1.0300960422297272,1.003599519545669
60091.704249564675,1.0007781409989982,1.0010821159887693,1.0006840897961806,0.9992168781884001,1.0012069441234364,1.0013180489222633,0.9886706609473713,0.9951519850196621
60091.70433331696,0.9998431313693446,1.0003305605693327,1.0005581406562636,1.000864801522293,1.0007877680905504,0.9997649941923765,0.9789248251036844,1.0038668886318305
60091.70441706923,1.0007999404018442,0.9995788365165181,0.9997465851016817,0.9989232106354589,0.9998098600821264,1.0012671210925745,1.0090040609574882,1.0055281209999962
60091.704500821514,0.9996469503948702,1.0001149392019766,0.9996927232408831,0.9997664493215869,0.9998134545563698,0.9999807824422619,1.0004465219816454,0.9994931227435261
60091.704584573796,1.0004801134257038,1.0001701300780084,1.0010905681026345,1.0014168347020374,1.0012857571054583,0.9998711653817745,1.0242127817712157,0.9956315466526893
60091.70466832608,0.9997388758165903,1.0000527201260445,0.9996635260291146,0.9997121700709551,0.9988894535598575,0.9982826799279877,1.0022215032957031,0.9903766188699696
60091.70475207836,0.9998455707233211,1.0002736775489787,1.0002033824920746,0.9981340616699224,0.998291342623674,0.9993715009760635,1.0131997784637743,1.0061461896540798
60091.70483583064,0.9998916194888771,1.000748424821918,1.001624936895331,1.000875452681969,1.0016196166297506,1.0009074085048921,0.9956873363497126,1.0068010666384701
60091.704919582924,1.0002750681350034,1.0011691536071092,1.0012680907470766,1.0003728638181009,0.9995186192469739,1.0000005048640415,1.0053851540492287,1.0057772378713492
60091.705003335206,1.0013096812709112,1.001103489519192,1.0007844377073682,1.0003765093932941,1.0008824465446202,1.000430964290746,0.9852880117185694,1.0083403832474807
60091.70508708749,0.9993386364239368,0.9995816467748446,0.9998620799065472,1.0006668932373646,1.0016891001539985,1.0012491367206966,1.00798110224915,0.999686141091395
60091.70517083977,1.0002532931466988,0.9999032531668296,1.0002011931521237,1.0001367504533536,1.0002033507518417,0.9995926891588229,1.005575652215425,0.9963013896209645
60091.705254592045,0.9992665069425353,0.9998661676795335,0.9983343357045291,0.9984811587529615,0.998755039902838,0.9981262002535748,0.9964172147984458,0.9988237202187333
60091.70533834433,1.000813840991699,1.000328474393743,0.9996832162777064,0.9995876087155992,0.9991289128644852,1.0009772084203354,0.991003509329301,0.9938391806680206
60091.70542209662,1.000089556000148,0.9994584121072335,1.0000527569298454,1.000839992423741,0.9999953730279333,1.000061411231419,0.9850292547464409,0.9960212067172247
60091.7055058489,1.0005801750852685,1.0006289805422643,1.0011388174284546,1.000200002802659,1.0016711476744828,1.001158008316104,1.0018478020290948,0.99980718991789
60091.70558960117,1.0007399508280708,1.0012063761848493,1.0016316417041204,1.0010017708407584,1.0013061549548639,1.0021314904302907,1.018849023470001,1.0056476462445716
60091.705673353455,0.9999755704387789,1.0001621121068112,0.9993049687172972,0.99955946218391,0.9999543116907159,1.000863949238173,1.0063972521253342,1.001857738477772
60091.70575710574,0.9994366843826179,0.9994647933577253,0.9995354181522337,1.0012914479964317,1.000497191787908,1.0007608969884287,0.9972135877284448,0.9919269143914469
60091.70584085802,0.9998790599661611,1.000048613159409,0.9998320327166266,1.000640542033095,0.9991789018346205,1.0001514250314214,1.0188603158583456,0.9905391496406006
60091.7059246103,1.0005341239570151,1.0005167834113384,1.0008459502017006,1.000944349019587,1.0009891571713554,1.0028566032171502,0.979519650505209,0.9944378289147939
60091.706008362584,0.9995038436934183,0.9999330373588228,1.0001103130353084,0.9995487816204149,0.9991474240576437,0.998264255034312,0.9764534635134278,0.9991749419089181
60091.70609211486,1.0003524968320208,1.0004101851512068,0.9998667269946437,0.9982357505918252,0.9995727034758689,1.0014234782671798,1.010788648975646,0.994561292070382
60091.70617586714,1.0001593978652608,1.0003608288240446,1.00050382461846,1.000869119647551,0.9999908211953686,0.9996177614695098,0.9977572077501279,0.9995594583198897
60091.70625961943,1.0003288072711212,0.9989760166305688,0.999554249856856,0.9993519622735311,0.999050968258154,0.9988161818654222,0.9925691733333072,1.0072904671344662
60091.70634337171,1.0001434209367848,1.001371502359109,1.0010742127871886,1.0006826160076212,1.0018909134456193,1.004384233129885,1.0241343762613038,1.0010266394403715
60091.70642712399,0.9991873311619286,0.9992872466742935,0.9988245028409479,0.9985705456153408,0.9975462148599462,0.9998336542047233,1.0015266214190446,1.007089438765728
60091.70651087627,1.0006431878618398,1.0005275154796103,1.0005489845897275,1.0015974615152774,1.0011659364751082,1.002625678960396,0.9862950227729039,0.9897902504425088
60091.70659462855,1.0003875240334634,1.000814076330973,0.9996214010364386,0.9998276265088215,1.000695050683952,1.0008603676683485,1.0114102942957803,0.9968692545936287
60091.70667838083,1.0003828169623623,1.0005800412969754,1.0004682988146467,1.0012182078675103,1.0001461909165847,1.0000641858254158,1.009717666289536,1.002020192460662
60091.706762133115,1.000995680916988,1.0015094557004316,1.000191509589713,1.000246432280179,1.00008585470697,1.000931743017779,1.0327145938564468,0.996561574302924
60091.7068458854,0.9997217686786068,0.9998970438061727,0.9992738906482145,1.0006219892200099,0.9997927055778881,1.0013973971254253,1.0145613160872484,0.9924031317730211
60091.70692963768,1.0009430986101033,1.0014806395061715,1.000641431949277,1.0010668369571667,1.0010429463296078,1.0000060327327656,1.0028614383473626,0.9918503337302749
60091.707013389954,1.0005049220651796,1.000881125243088,1.0010374104124151,1.0005899057661336,0.9997332661784976,0.9995053626861208,1.003547608759969,1.0058458775331112
60091.70709714224,1.0005683782413273,1.00130112834924,1.000666941746394,1.0008919586403895,1.0024314930269163,1.0025118295561803,1.0051197739376425,1.002077973157597
60091.707180894526,1.0010241866531115,0.9994569371877323,0.9997832977806475,0.9998546435351631,1.0009942887940373,1.0003545224280566,0.9864372872303206,0.9986361345488609
60091.7072646468,1.0010404614914987,1.0032849885578143,1.0027410636022396,1.0033516795055513,1.0024676065058606,1.000682948606746,1.0050529897963312,0.9987573358257432
60091.70734839908,1.0004866631908893,1.0007722904356868,1.000462043956556,1.0011296609576164,1.0020949890286424,1.0029545318279753,1.0330156187141013,1.0069687724403174
60091.707432151365,0.9995879413405868,0.9990515930535849,0.999159715545276,0.9985380413379935,0.9990704182274164,1.0003612218988864,1.0018133262669664,1.0041021607859586
60091.707515903654,1.0003155453971753,1.0009712776942392,1.000711976098249,0.9996016524281137,1.000762654099378,1.0002099313117288,0.9895023812316953,1.0074841672274655
60091.70759965593,1.0013303772414897,1.001047193746539,1.0015070528311252,1.0016490691548445,1.002275686623597,1.0012144584098628,0.993829189307511,1.0048002383441426
60091.70768340821,1.0019090762742755,1.0016186321803835,1.0012907053733293,1.002418747708793,1.0029321759644576,1.001600409642906,1.040219971484166,1.0151803222832132
60091.70776716049,1.0001670463373191,1.00100178079695,1.000510701837912,1.0022811944005787,1.0012916488530628,1.0003307182800516,0.9867086736695049,1.001560072064831
60091.70785091277,1.000849462595345,1.0013650932691045,1.001898674349652,1.0005555126671892,1.0007898380123552,1.0017127601628684,1.0021861124941125,1.0049507444420294
60091.70793466505,1.0003005541336194,1.0003905229207344,1.000491939603202,1.001025054628656,1.001495824081666,1.0005080210872261,0.9887520769261436,1.001320135344513
60091.70801841734,1.0012573291957787,1.001825325684214,1.0010000395239531,1.0005344299295775,1.0017393369909562,1.0009703319881038,0.9893493514822378,1.0215382539947995
60091.708102169614,1.0005924456763244,1.0003864626299788,1.0004979048083609,1.0014666203513996,1.0006109799321836,1.000325503024253,1.012892406561409,0.9993513575876712
60091.708185921896,1.0006091686396834,1.001082873466151,1.0003412832115763,1.0001577795663734,0.9987430872969821,0.9999302534805249,0.9999628689728226,1.0044370180302908
60091.70826967418,1.0007066356372851,1.000031403551689,1.0004308326078801,1.00056105134996,1.0002662581042725,0.9994295735060204,0.9855791902069082,1.0055152786018766
60091.70835342646,1.0009968261952549,1.0002676986943784,1.0002231228903207,1.0012595374768813,1.0018262056758889,1.0016035293042183,1.0091843044545559,0.9947647011559966
60091.70843717874,1.0008410629954783,1.0010365518374233,1.0016760856560567,1.0005948670376374,1.0006005515046281,1.0023729533124943,0.9879133953624817,1.0044272029974615
60091.708520931024,1.000258969028811,1.0003201022349848,1.000983797526349,1.0002536424454707,1.0000202305470949,1.0018286540115102,0.9846864239547864,0.9960212620344009
60091.70860468331,1.0005337556912213,1.0010048641506792,1.000085570237344,1.0017683045815033,1.0013358240211354,1.0018812852717367,0.9979482049939308,1.0050554207282374
60091.70868843558,0.9996899349516997,0.9992682898178948,0.9993128355716886,0.9990714998760544,0.9997881221929682,1.0016845647984014,0.9883393743988913,0.9931803750468392
60091.70877218786,0.9996472810675208,0.9990941987458958,0.9992992695053012,0.9992602708494553,0.9996433189564509,1.0001089175442994,0.995958281786092,1.0010737425784397
60091.708855940145,1.0014226395838828,1.0009428918630876,1.0010893290401441,1.0013892819281454,1.001087317296881,1.0007320022359185,1.0397427952001284,1.005786564612901
60091.708939692435,0.9996686099785249,0.9996399312209406,0.9993645183186887,0.9992070916006783,0.9987134981716582,0.9998413770679317,0.9909025942526152,0.9968661099840523
60091.70902344471,1.0001376865647815,0.9999672071041343,1.000237062947095,0.9997089892754508,1.000357224105727,1.0001678217820549,1.0011937422801394,1.0008155135618004
60091.70910719699,1.000214350050436,0.9997395133714141,1.0001253761118356,0.9996222975456289,1.001522695101215,1.0019223823394257,0.9891111686754778,0.9987266548358696
60091.709190949274,0.9997469670006842,1.0000041150939551,1.0000293573872687,0.9992137463373166,0.9994101081065991,0.9999328536757172,0.982927428314765,0.9953414532008532
60091.70927470155,1.0006763651640234,1.000667577667164,1.001810078970412,1.0018982995095065,1.0013713917902407,1.0011134527967325,0.9987767497250936,1.009819143601947
60091.70935845383,1.0000235386103362,1.0001737553835373,1.0003152042041632,1.0001650784489102,0.9997543058843142,0.9995282315663012,0.976338231842278,0.9980523572049795
60091.70944220612,1.0007022944973984,1.0013130924776994,1.0005454611596536,1.0010935519880406,1.0007248341276032,1.0001698106447934,0.9925639841708891,1.0063944416934099
60091.7095259584,1.000555293049102,1.0016632619157424,1.001833431297054,1.0010626089434227,1.0009157697917517,0.9987043397312672,0.9924053016488192,1.003905636039292
60091.70960971068,1.0017338448078321,1.001827244840981,1.0010475974748496,1.002028018306597,1.000908341547789,1.0005357571647167,1.0225734493603027,0.994162884455137
60091.70969346296,1.0002886406402756,1.00072880950903,1.0017058941665893,1.0003789707798738,1.0001540946492347,0.9992316538065953,1.0131736354755967,0.9929748871838698
60091.70977721524,0.9999943430110168,0.9995084387762242,0.9986119174086856,1.0003974727392297,0.9989265695848817,0.9991556375078926,0.9831700447670014,1.0057205462949852
60091.709860967516,1.0001091741761796,1.0004453724651645,1.0003409426316274,0.9997881692774808,0.999728627769868,0.9998921511667562,1.011212843774414,1.004789181146012
60091.709944719805,0.9994035525638603,1.000198759943005,1.0012640598675213,1.0008372463996371,0.9998721604237666,1.000696235173311,1.0088795237225052,1.0115526934873322
60091.71002847209,1.0001640939564558,0.9996378645055053,1.0005448236659173,1.0015460973368122,1.0017018650391538,1.0008921737696779,1.008632639567849,0.9989301641254226
60091.71011222436,0.9992281493988693,0.9992649971005986,1.0004022607277012,1.0000693090810124,0.9986039225650084,0.998070254970619,1.00754770156217,0.9990912505746083
60091.710195976644,1.0002972073684,1.0008192786220804,1.0003816426306023,1.0011725442953383,1.0024732021566412,1.0027220248266346,1.0134190835599513,1.0015386541974192
60091.710279728926,1.0003347172328723,0.9987248371810263,0.9987968276921911,0.998263971330443,0.9983206714523875,0.9982328460341386,0.9946068545624899,0.9939091901432375
60091.71036348121,1.0004183103585762,1.0005162237291005,1.0002873095978377,1.001508575729135,1.0001588810107485,1.002193299465871,1.0109661038865123,1.004493231351936
60091.71044723349,1.0011163874867652,1.0013575892323412,1.0000014671589712,1.001141508829407,1.0017679267574022,1.000892708565264,0.9811693041772636,0.9980930151273546
60091.71053098577,1.0002756255124992,0.9998040033407775,1.0004104534902838,1.0000632455150353,1.000605936756229,1.0008533792909868,0.9893322118374408,1.0078053124193531
60091.710614738055,1.0005323744206722,1.0004673159975987,1.0002027480974427,1.000842481264472,1.0005133234894295,1.0004470308016347,0.9897764377633508,1.0039818241674217
60091.71069849033,1.000439208863165,1.00031891492713,0.9999861881804201,1.0010487997834412,1.0015257792516756,1.0007175459963522,0.9974333820531047,1.0059290050815481
60091.71078224261,1.0000443146640832,0.9995474208680252,0.9997672203479174,0.9994296558357313,0.9996991082044112,0.9985056333627792,0.9683005033596103,0.9886414887999733
60091.71086599489,1.0004235862465738,1.0000110422143496,1.0001692326313616,1.0002696140332372,1.0006157010809114,0.9988316066202062,0.9917674472236377,0.9968606805732357
60091.71094974718,1.0000052591990374,0.9998637437444371,0.9994023662764208,0.9991248272631038,0.9987685534176325,0.9994278055317061,0.9909581940328627,1.004098817426151
60091.71103349946,1.000424323577073,1.0001863558304118,0.9991919084625748,1.0001363593980812,1.0021502157174307,1.0036771038441605,1.0031581960092821,1.0073688939352123
60091.71111725174,1.0009060479728342,1.0005651345253326,1.0010098161109824,1.0000778356700115,1.0012020393165053,1.0007623488094874,1.00438994231499,1.0056890862416858
60091.71120100402,1.0005496230815292,1.0004312035787366,1.000407001981216,1.0004242600649655,1.0011805044007276,1.00074900543863,1.0289305848864727,1.0003299427367236
60091.7112847563,1.000840951697939,1.0005523549194355,0.9997872231433539,0.998987822386393,1.00131115209284,1.0008518394602746,1.0032148717082743,1.004064472304506
60091.71136850858,0.9998530586833186,0.9999475390881267,1.000183756664249,1.000377999458787,0.9995426815450286,1.0010515911953914,1.0088675781175678,0.9968290208826723
60091.71145226086,1.0008795425639063,1.0012787636679934,1.001210061306123,1.0013945326635827,1.0018700736410324,1.0005356743896558,0.9914757034385302,1.0067904232553178
60091.71153601315,1.0005415009990872,1.0006801421673073,1.0017963495496327,1.001693155100138,1.0019052848733465,1.0030378703019809,1.048111774102084,1.0089809069986568
60091.711619765425,1.0009122889225928,1.0008658705029387,1.0005409250318542,1.0018334637646362,1.0014552735226563,1.00061618832902,0.9666945969843969,1.0033499446191594
60091.71170351771,1.0000723228262913,1.0010666976790843,1.0015417286410657,1.0019803296066794,1.0015872102847543,1.0041247192878209,1.0132924067203934,1.002909380406493
60091.71178726999,1.0002236383563785,1.0002692820676817,1.0003450623561116,1.0007898174664216,0.9999409380580457,1.0009811725137914,1.0087098327534536,1.0008862124726436
60091.711871022264,0.9998760865303384,1.0001661611735249,1.000314378228767,1.0005669364398908,1.0013246289490603,1.00191463074209,1.0317731765657479,0.9977238644318698
60091.711954774546,1.000004014054604,0.9999791812786774,1.0003366911888825,0.9999837640327915,0.9999828890282471,1.0030038864936306,1.0286825861638003,1.0121604794345758
60091.71203852683,1.0006455131177634,1.0005510722021291,1.000982073716618,1.0027222109941283,1.002670454687838,1.003048403335699,0.9998625451458293,0.9934854925405562
60091.71212227911,1.000825448486671,0.999842835707736,0.9998485111593551,1.000789660888565,1.0000915570417568,1.0031638432291972,1.0019432861190465,1.0154855117503945
60091.71220603139,1.0007458203633413,1.0004431988052351,1.0001773468913706,1.000917604987066,1.0005167493669296,1.002085653296121,1.0158232213448424,1.001718178453192
60091.712289783674,1.0001466778445973,0.9999026040770591,1.000154830881329,0.9999733204243557,0.99959251918112,0.9994126836677795,0.9847692045159813,0.9946665200047943
60091.71237353596,1.0013087762953459,1.0004957927687417,1.0010396824151215,1.0004227938362187,1.001085219500832,1.0022171953445498,0.9963374745381564,1.007484526010858
60091.71245728823,1.0004950348951926,1.0004885975482989,1.001397758770667,1.0010180040446388,1.0013066149007954,1.0021387644729611,0.9812608433704328,1.015495231304069
60091.71254104051,0.999165077343512,0.9988326856769868,0.9986632535251058,0.9995330077393184,0.9981240901506849,0.9982068425055086,0.9991731176072693,1.0045245320287788
60091.712624792795,1.0002197650871176,0.9998316470160811,1.0012332461354467,1.0005900896738347,1.000460093780557,1.0005227596784967,1.0161957867832587,0.9996546027695664
60091.71270854508,1.0014132823655966,1.0004939485034656,1.0005023152771273,1.0007615795647395,1.0002981343739183,1.0019523586863552,1.0239467506036908,1.0001914045386893
60091.71279229736,1.0007812728226275,1.0004574418198267,1.0007188219784628,1.0016656159913224,1.001785095126359,1.0029655687458479,0.9926981522877034,1.0005867723834696
60091.71287604964,1.000421080047499,1.0001500687857738,1.000213221057856,1.0001012724489562,0.9998881317813453,1.001310492665115,0.9961432712756659,1.0004711286951826
60091.712959801924,0.999762176581974,1.000043871732478,0.9995534124367417,1.0006065969977964,0.999975868436763,1.0021105841768332,1.0105129581353,0.9941237040770129
60091.7130435542,1.0015991651593024,1.001686854783839,1.0011131736184524,1.002447430514747,1.0024566047256875,1.003980334331397,1.0157316893248691,1.0035834561921164
60091.71312730648,1.0011192940139788,1.0005147775595142,1.0017524609497284,1.0014585190196925,1.0017171370382194,1.0006320795887236,1.0105162057604138,1.0060172999201475
60091.71321105876,1.0001720127768008,0.9990882639397941,1.000078303364513,1.000961160550008,0.9996742515072145,1.0002060430440498,0.9984589469414821,0.9927070326020803
60091.713294811045,0.9999068607583528,1.0005189843487212,0.9996851811578584,1.0006943991898456,1.0008167465390017,1.0015626255411167,1.0044774102396041,0.993700830345832
60091.71337856333,1.0001536373266553,1.0002342242991165,1.000335237909988,1.0006908827433076,0.9998123957388013,1.0015121748196476,1.0063722775141222,1.0083883650452115
60091.71346231561,1.0011607851060873,1.000852006493322,1.0008473781704619,1.002009516845738,1.0012842120395018,1.002215657187288,1.0015718136417942,1.0021005682012074
60091.71354606789,1.0009076356330664,1.000854074930846,1.0012117853434133,1.0017936924407331,1.0017232250685257,1.0020695913782236,0.9887986687335582,1.006508350872548
60091.713629820166,1.000494052715518,1.0007500409386207,1.000967387206048,1.0010342421803085,1.001247281319553,1.0028619935206664,1.0245686064287027,1.0011588415558281
60091.71371357245,1.000441156839726,1.0003751326787622,1.0011552867769775,1.0002797530102556,1.0006495557585424,0.9998295640707179,0.9875615722011787,0.9942872962039248
60091.71379732473,1.0000796972864823,0.9998951467583312,1.0001926208880279,0.9992724392053632,0.9999980984075011,1.001302164024321,0.9857720772875291,0.9996169241313041
60091.713881077005,0.9992256474530185,0.9982057932528722,0.998741047763979,0.9997894955781655,0.9994691718737932,0.9984816258150301,0.9958556813468568,1.0086599939622924
60091.713964829294,1.0003419890380905,0.9998200308584048,0.9996812499150339,0.9995983664572206,0.9992454508713253,0.9998808957085825,1.00516300046749,1.008924639620774
60091.714048581576,1.0005221270389872,0.9997794471896544,1.0002677718546666,1.0003666335315031,1.000382813261525,0.9988598741314365,0.984295072577008,0.9972870670187983
60091.71413233385,1.000283682221314,1.0002584066169975,1.0002461870436634,1.0008558889351011,0.9995171589198157,0.9996481837836381,0.9921062512569767,0.9958533455887447
60091.71421608613,1.0009184186584215,1.001127925945431,1.0015159002375749,1.0018635879783495,1.0005502159763662,1.0004007137453819,1.0090333762753068,0.9995199610195352
60091.714299838415,1.0000487389096242,1.0001719577915489,1.000202319994225,1.0001608434191813,0.9989275378218886,1.0001410905192332,1.0043686176082385,0.9915782323339
60091.7143835907,0.9996956527991057,1.001040865131661,1.0007044817850157,1.000145772563705,1.0006763287841363,1.0026321176149255,0.9941889444564361,1.004327385065836
60091.71446734297,1.000674551820378,1.0009228739747886,1.000722361840668,1.0014869821422454,1.0022189947862277,1.0012793774205286,1.006876214098955,0.9990677188563938
60091.714551095254,0.9996853167823347,0.9999427115633469,0.9995839442011587,0.9996941153867481,1.0003027717327133,0.9980149058238841,1.0007402270288839,1.0046515882748703
60091.71463484754,1.0004666924610888,0.9994716600339268,0.9989004158387127,1.0000483252554535,0.9988520085369893,0.9989534519417156,0.9923503659646645,0.9919651102268489
60091.71471859982,1.0003739062806547,0.9993800025717224,1.0006031082413864,1.0013073416785052,1.0012858758304317,1.001014686392999,0.9906665533777156,1.007521271443509
60091.7148023521,1.0009744110387628,1.0013250575038357,1.0022319814282925,1.0025131076724287,1.0016814292757061,1.0019772205102506,0.9961033669796054,1.0047396531690902
60091.71488610438,1.0007197238415093,1.0006252607657606,1.0010953916910172,1.000064659900111,0.9996832743110404,1.0011976381511483,0.9945069804299957,0.9930171530970775
60091.714969856665,1.000064575237591,1.0001270489583856,1.0003411624388336,1.0013084928074016,1.0004569246817065,1.000071601479774,1.0117006345951187,0.9999856911870699
60091.71505360894,1.000506885322228,1.0001520139956028,0.9995303052419342,0.9996726328151041,0.9989471498603848,0.9998005525151336,0.9812707905858611,1.007285167231046
60091.71513736122,0.9993429581427158,1.0004305481734028,1.0000291610176097,1.000492781396351,1.0014998704917484,1.0009104637449762,1.0096399687963478,1.0054730660137647
60091.7152211135,1.0003668099603056,1.0013409118003551,1.0016715834090506,1.0016198516885946,1.0025956968615535,1.0025317215944716,1.0130801094642776,1.0063847792091367
60091.71530486578,1.000190110612194,0.9994182899274849,1.0005085427579719,0.9998973710913006,0.9981726813780966,1.000217573366439,0.9818049077897475,0.9940696073396397
60091.71538861807,0.9989450809634068,0.9995274270148182,0.9998646389469839,0.9991502243310106,1.0002000379442755,1.0016818530060123,1.0016050366383165,0.9996889888015126
60091.71547237035,1.0006816725573833,1.0008637892957055,1.0013013338707648,1.0021053932907567,1.0014720054864124,1.0022978057569756,1.001038605775732,1.0065099857978221
60091.71555612263,1.0005662261975092,1.0003130483949474,1.0006355123676676,1.0009880059007754,1.0015638464837826,1.0012417769891295,1.0045222319969778,1.0057958253192112
60091.71563987491,1.000853231228011,1.001688832173335,1.0018636582223905,1.0030426828959993,1.003834332077575,1.002465561250137,1.0087445191517246,0.9987596666948512
60091.71572362719,0.9998068522886289,0.9984009728973505,0.9992621227495808,0.9986477952511987,0.9979278924265137,0.999362527446576,1.006284734558928,0.9834980274104005
60091.71580737947,1.000465183406736,0.9993693663615434,0.9988605465328366,1.0010141230473635,0.9996835901543928,1.0005836742689023,0.9988147742424438,0.9980304294241287
60091.715891131746,1.000114139368794,0.9998375099088967,0.9999482748341009,1.0010699035971886,1.000527909165381,1.0009876709937378,0.9969547396051434,0.9938115475354593
60091.71597488403,0.9999023057130484,1.0004974306116659,0.9998854604714251,1.0008178504360536,1.0006453825597452,0.9997618742062843,1.0128814453466728,0.9988225430427643
60091.71605863631,1.0001757757772929,1.0005248880407582,0.9999438418541543,1.0005241011051789,1.000683148168935,0.9995787105474878,0.9842245803081484,0.9938881163453712
60091.716142388585,1.0010231880609937,1.0006507250347658,1.00076917768077,1.0025397462467078,1.00231671337641,1.001809346910634,1.006449652769747,0.999806783504633
60091.716226140874,1.0010502678126796,1.0010080053493213,1.0008981392177885,1.0025631440432001,1.003380308693021,1.0013853537230295,0.9837051694820117,1.0066370898717185
60091.716309893156,1.000890114293297,1.0015250669716411,1.001128205880021,1.0011482401817466,1.001944082150169,1.0019217524473263,1.003291371991093,1.0022665007604663
60091.71639364544,0.9992870506168173,0.9985356691326294,1.0001955034044032,1.0001630777817045,0.999732944295684,0.9988690490016452,0.9896555736034284,1.0012445290121887
60091.71647739771,1.00027871650361,1.0003830607528261,0.9997733310561839,0.9999633262606681,1.000912548301824,0.9996859335367396,0.9985745309311996,0.9900314915472459
60091.716561149995,1.0007444146990863,0.9999201791557653,1.0001476331388675,0.9991993630086782,0.9990807150494354,0.9975372059068105,0.9861016440947433,0.9996128841372843
60091.71664490228,0.9998964309081106,0.9994068578451692,1.0003650293724906,1.0002558938549408,1.0005520052564005,0.9994400140535772,1.0457149072150262,0.9862575417267433
60091.71672865455,1.0002509092931053,1.001422547083856,1.0008343046613302,1.0015901511971927,1.0021078168035176,1.0023484573667092,1.0015758685045004,1.0079095144321553
60091.716812406834,1.0000267515797088,1.0002883230451753,1.0006469677425005,0.9999957879759002,0.9995897459467556,0.9984798604733912,1.0216616392094577,1.0077803289644958
60091.716896159116,1.0002395080800295,1.0012356574070054,1.0008517795606708,1.0010105837696701,1.0015165920396591,1.0017570469995674,0.9832159092208098,0.9989659530411017
60091.7169799114,1.0001984930339478,0.9998515970691849,1.0008844216856199,0.9997612096213886,0.9995670699657857,0.9981275652594281,0.9866168893012387,0.9949568687419211
60091.71706366368,1.000567198242959,1.0009715167986695,1.0005223238847734,1.0000664512983448,1.000238765116847,0.9990631154693247,1.011934870555619,1.0072249759933798
60091.71714741596,1.0004465525006099,0.999521119353025,0.9989506485788155,1.0002974948117849,0.9999260527550278,0.9978836272629075,1.0116298801119206,0.994129327130683
60091.717231168244,1.000161908219426,1.0000367296978747,1.0002605064037353,1.000288705764201,1.0008623255289433,1.0013901982132616,1.0089995176742994,1.0031539631459514
60091.71731492052,1.0000935063493925,1.000145727978467,0.9998891445066259,1.0007478434843944,0.9997692994622256,0.9987923201673636,1.004662518762515,1.0018307185927162
60091.7173986728,0.9998580357954622,0.9998093877525829,1.0002499462601748,1.001253603420372,1.0022768824984742,1.0011043364601724,1.0159099321918748,1.009003344937543
60091.71748242508,1.0013580610264925,1.0013806397070322,1.0015467932270556,1.001749375673121,1.0030489002010057,1.0035216035742802,1.0222889634705203,0.9976375674370547
60091.717566177365,1.0005302699149687,1.0002369040864767,0.9989666234373921,0.999089612948037,0.9998627135640653,0.9998246278241251,0.974023801485134,0.9915136298498338
60091.71764992964,1.0010245915198734,0.9997975278850034,1.000740656865453,0.9997763599871101,0.9988822093111931,0.9995488788932809,1.0197017936196355,0.9832639086465579
60091.71773368192,0.999826883713134,0.9999010082464788,1.0001390220104058,1.000461902508276,1.000353385629935,1.0006831453976548,0.9880809088868393,1.0044938706888655
60091.717817434204,1.0002438711001498,1.000312602476696,1.0001143412541547,1.0001264814838562,1.0017686163237736,1.000563811439239,0.9921226688346098,1.0021863277435854
60091.71790118648,0.9997502468139341,0.9993199839160957,0.9994434288968993,0.9999391232920849,0.9985890857861073,1.0011323258884945,1.0001190732869523,0.9981411107742034
60091.71798493877,1.001240198257827,1.0015463568865008,1.002216920822766,1.00055873322579,1.0010881434219139,1.0016793382690274,1.0363178587281856,0.9958905309401673
60091.71806869105,1.0000246696528483,0.9982404997905812,0.9983697992049602,0.9987034700698447,0.9986953391322814,0.999192459224826,1.011210538927132,0.9936497764803892
60091.718152443325,1.0007539505321599,0.9998546111036881,1.0007274888890416,1.0005043922849803,1.0000743162608463,1.000496152169256,1.0055128668078648,0.9976726190204507
60091.71823619561,0.9996244367650794,1.0008266350601038,1.0006140101353331,1.0016765578473465,1.0015953078871016,1.0039155053989843,1.0141041772665567,1.0007317225122465
60091.71831994789,1.0003790966315933,1.0008000444388838,1.0001591285575608,1.001594816878339,1.0014830225191778,1.0014849962859713,1.0038805878206323,1.0060267328904289
60091.71840370017,1.0006798065472735,1.0009042335192297,0.9995278040669068,1.000977676797063,1.0010349768318159,1.0020415871452644,0.9798670794953088,0.9887116339334728
60091.71848745245,1.0006283567151095,1.0017736855512949,1.001024986431404,1.001601470664571,1.001507248278114,0.9998070348543818,1.0051068694950502,1.0070550115861652
60091.71857120473,0.9998151227613279,1.0000995421105177,1.0008186210171082,1.0000883659670474,0.9993314301179475,1.0002064852465498,1.0077673757258299,0.9893665747080047
60091.71865495701,1.0000352134999937,1.000369902269652,1.0001695854023018,1.0009229179165056,1.000262063616083,1.0022004292144648,0.9865376616507094,0.9998161561110914
60091.718738709285,1.0009857671991704,1.0004785675800723,1.0011923253857253,1.0009311516884625,1.000967536355047,1.0016215523761896,1.0022111762881076,1.012202003719449
60091.71882246157,0.999383445631503,0.9989735401046106,0.9989030387304709,0.9995769688294375,0.9997250197710036,0.9999925560268065,0.9974207548549452,1.002879746245377
60091.71890621385,1.0009077514677824,1.0008178346233445,1.000923795255292,1.0013002056962828,1.0009794374248733,1.003624091745026,1.0007250129773666,1.0044410233198662
60091.71898996613,1.0007825953127254,1.0011223314080582,1.001159058485966,1.0009885741871698,1.0007646166685324,1.0042029646695871,0.9955903685192514,1.0083700364397068
60091.719073718414,1.0010387872060902,1.0005078577178537,1.000440515711182,1.0014011660612943,0.9998677401137209,1.002228910070368,1.0047203654377204,1.0068148774898797
60091.719157470696,1.000785615364262,1.0010020931654278,1.0002562563951718,1.0007122663134798,0.9995612843692109,1.0012555608957845,0.9874352535152711,1.000642610500544
60091.71924122298,1.0005818499167887,1.001607283340767,1.0009032019544384,1.0021088497681254,1.0027723818407948,1.0031440909822107,1.0048904520844393,1.0055910829690635
60091.71932497525,1.0006823559612035,1.0010619140182562,1.0012549172615395,0.9997622934532115,0.999950600220127,0.9998886999993599,0.9971145585289716,0.9894227264602913
60091.719408727535,1.0013682107940622,0.9999377673872721,0.9995120646405677,1.0010031197266789,0.9996267231949709,1.000817297056906,0.9815974897029948,1.0067681664392019
60091.71949247982,1.0006977469083633,1.0002170280338387,1.000418410367729,1.000847441308001,1.002156702231777,1.0010654228831015,1.0064723415355943,0.9882289061537799
60091.7195762321,1.0005782410825368,1.0007655461112863,1.0010426610971497,1.0017488482136176,1.001883417274227,1.0023493155903087,1.0019244060932613,1.011244491989103
60091.719659984374,0.9999595309507316,1.00019456534887,1.0003428151444582,1.0004500725801364,1.0006662663292751,0.9989657085685356,1.0142047552099813,1.0113027849746858
60091.719743736656,0.9998114121647554,0.9992640393723957,0.9994867575243591,0.99884237337206,0.9991578939048292,1.00010062283314,1.0066631850372465,0.9899335127988941
60091.71982748894,1.001646566709917,1.002442411734859,1.0012607080718183,1.0015015316198794,1.0023204184858785,1.0013786175051727,0.9976689504652613,0.9969189675333915
60091.71991124121,1.0006294755755485,1.0010259395122554,1.0007850062150783,1.0002031433184406,1.00109569883898,1.0026088496512453,1.0273276930685964,0.9965631901087796
60091.719994993495,0.9996708066726004,0.9998441564149279,0.9995615388495528,0.9997195073201375,1.0011769723689254,0.998954696752583,0.9911980432023062,0.987668823965874
60091.72007874578,0.9992866238766828,1.0004958608312926,0.9999604582448207,1.0005794322102557,1.0014399269910461,1.0019290067802478,0.9835580761390793,1.0038119791497393
60091.72016249805,0.999702138965602,0.9994470060668301,0.9993596042261895,0.9993000709847408,0.999855789272371,0.9987613247971523,1.0130830841239855,0.995795749518133
60091.720246250334,1.0002819448055922,0.9998757892835909,1.0010778141344652,1.0014521220091812,1.0009676539231196,1.0010463212709013,1.0018566363227166,1.0056658511622847
60091.72033000262,1.000371556400687,1.0003002525715194,1.0006088039805199,1.0012504392615484,1.000139338764652,1.0039809260782764,1.0172458289368413,1.0060955665858315
60091.720413754905,0.9998866043855597,1.000287997864526,0.9995892002126547,1.001417479669385,1.0013300395128395,1.0034153627316729,1.013029950081321,1.001159656052703
60091.72049750718,1.0000371798021737,1.0012962778990349,1.0006526558955677,1.0011424642484446,1.0009812430459342,1.0028261479988325,1.0134750031063728,1.0121222165177008
60091.72058125946,1.0003255848259651,1.0009674963833708,1.000911306665817,1.0005853997158922,0.9999809127619628,1.002539001305807,1.0068358937400868,1.0069406382848192
60091.720665011744,1.000723183392852,1.0015322053030289,1.001712336774679,1.002538089193372,1.0000659006321855,1.0021189092615457,1.0075763592995461,1.0004555294437745
60091.72074876402,1.0005403249039064,1.0001511723440577,0.9995831566844753,0.9990737802896943,0.9990095280492987,1.0004760240639776,1.0280814832667895,0.9983427564774408
60091.7208325163,0.999723381666276,1.0005397923347492,1.0003676132394117,0.9994913695946104,0.9996851990594321,1.0009411601546372,0.9911392516025465,0.9952436572342203
60091.72091626858,0.9995008133459063,0.9999638952342248,0.999261292962281,0.9995776069552386,1.0000021179258045,1.0007796977996208,1.0270864102199162,1.0076490651314367
60091.721000020865,1.0006561176127315,1.0000622065450435,1.0009913203385101,1.000029930273519,1.000310106670662,1.0021543410700218,1.0238177370650696,1.0022032644050285
60091.72108377314,1.0007652084483452,1.0003331271667217,0.9999962812336669,1.0010534031524831,1.0011194575065128,1.0035240284037974,1.0131925623453173,0.9889656238434302
60091.72116752542,1.0002324760306198,1.0005454910729508,1.0005012294129225,1.000682099478287,0.9997210639951776,1.0013350018970764,1.0035761075813905,0.9958455207031984
60091.721251277704,1.000052291349277,1.000356170107284,1.0003909463933098,1.0008495745753656,0.9998517312715738,1.0010972244110146,0.9965538871142777,1.0040752483972404
60091.72133502998,0.9999985223023647,1.0004918882385554,1.0000876255073903,1.0005259369693305,0.9997752182194555,1.002696218792134,1.0112411183304928,0.9942950090634801
60091.72141878226,0.9995472965677143,1.0001040346858208,0.9999672179957598,0.9997423199311927,1.000109036701032,1.0006172984608754,1.016449992728787,1.0014714869238404
60091.72150253454,1.0003271917569774,1.0004416430076941,1.0001065590826772,1.001600848440819,1.0013897798110056,1.0032865081095064,0.9937598892287143,1.006900683952336
60091.721586286825,1.0006532012138374,1.0004742450972983,1.000505646994287,0.9999482466814974,1.0000360017927503,1.001174824178346,0.9927367055620827,1.0070561389044288
60091.7216700391,1.0005320897172132,1.0006375641253469,1.0000713476968146,1.0003377492289725,0.9999460161255942,1.0009128234786253,1.0295001095780612,0.9980432790932214
60091.72175379138,0.9998422971866278,1.0004554212687125,0.999263307119419,0.999506665122611,1.0002761437181373,1.0004966589412967,0.9781541018113711,0.9961827706597394
60091.721837543664,0.9998133727434612,1.000726980439708,1.0002442183651798,1.0008774531605271,1.0014609780378017,1.0021190456544946,0.9903124283755912,1.0135726589145617
60091.721921295946,1.000705990916558,1.0008698528645037,1.000180994015265,1.0014407639082976,1.0012986445962926,1.0032771039664818,1.0141609775452847,1.0012947710256843
60091.72200504823,1.000905123395464,1.000713746934491,1.0005184290248725,0.9999867069088691,1.0004659370696876,1.0023871656964471,1.0085709090347363,1.0047885950832471
60091.72208880051,1.0004774103753613,1.0013606870999863,1.000996653040982,0.9999670585064874,0.9998811405662867,0.9999210396360206,0.9934117627111938,0.9987335336589513
60091.722172552785,1.0000442108014047,1.0003281773719748,1.0004495984966932,0.9994444258982159,0.9990826637480338,0.9990956485244532,0.9858297493451585,0.986658264133732
60091.72225630507,1.000800943720768,1.0015370420858478,1.0008963662296146,1.00087000586703,1.0016330882156892,1.0022668706039846,1.0237590626275073,1.007381949204394
60091.72234005735,0.9996135696729154,0.9996111573606871,0.9992037760136606,0.9985526798114517,0.9982741085704858,0.9987640986017917,1.0111764351808503,0.9896701187076757
60091.72242380963,1.0009547962726761,1.0002364712571776,1.0011305384632232,1.000954605715398,1.0004127739723274,1.00180767300821,1.0154154569300862,0.9977506599752051
60091.722507561906,0.9994665820869783,1.0002364763012128,0.9990946440002924,0.9998994363636965,1.00010637348793,1.0008244953832242,0.9934139376904715,1.0073037795089583
60091.72259131419,1.0000399712823054,0.9998722169573939,1.0006467328386455,1.0009065923444906,1.000378385155188,1.0009488290039028,1.0113738924213573,1.004460437292577
60091.72267506647,1.0006611463411605,1.0012351452139625,1.001154720199749,1.0014891235849581,1.0019735694077947,1.0011678990832795,1.0241909949524932,0.9987645509685705
60091.722758818745,0.9992320367930342,0.9998434604019185,0.9993456362028762,0.9999967025181974,0.9999222055659467,0.9986900573051106,0.9926949126386252,1.0011229259888037
60091.72284257103,1.000334785547,0.9999952951833887,0.9988444935868441,0.99980080622215,1.000065898449224,1.0008854925462571,0.9937536345859734,0.9943594804436455
60091.72292632331,1.000071320325658,0.9997626061776915,1.0002459133414212,1.000639807255879,1.0007299121327815,1.0014848385430348,0.9854857691791331,1.00732820273996
60091.72301007559,1.0000947131623017,1.0004659484255736,1.0004011750522048,1.0006821200163565,1.0000428542338242,1.001096656753723,1.000279227308977,1.0067224070303769
60091.723093827866,1.000733365033347,1.0005082765643212,1.0002057897324963,1.0002552350913707,1.000622986184966,0.9996564218691769,1.0131347807873712,0.9956873117397104
60091.72317758015,1.0008988568738528,1.0005694983181166,1.0009269485300634,1.0006971202846806,1.0004494582671017,0.99932208235881,1.0000856069253647,1.0094495029531705
60091.72326133243,1.001042780405764,1.0006038563704565,1.0011862842352677,1.0010845333328136,1.0020022240215116,1.0011281047045255,1.0137570268097982,0.9993271870767445
60091.723345084705,1.0001782846543235,1.0001198308801627,0.9994096569764972,0.9997576918289087,1.0005983689274671,0.9992747468933241,0.9996068126534864,0.9995367465757897
60091.72342883699,1.0000177178370948,1.000246991582244,1.000501668800885,1.0004889084248747,0.999838730238603,1.0008068770620577,0.9871917743422564,0.9890818403228923
60091.72351258927,0.9997080702176475,0.9999150298981581,1.0002944057021113,0.9999286750974781,1.000185154262886,0.9987608250697976,0.9792262567284168,1.0051114193224506
60091.72359634155,1.0011429393661029,1.0012869738249375,1.001726590351104,1.002255689837882,1.0018207677743767,1.0008241417183923,1.0175607523368417,0.9984030920984234
60091.723680093826,1.0002268196103528,1.0004907017410092,0.9997152834981009,1.0000934722196984,0.9996672173813685,1.000638931915692,1.0034145199150355,1.0072317502400896
60091.72376384611,0.999413127516092,0.9993448816569444,0.9992286599708041,1.0004218127944433,1.0002538229361984,0.9985965451777568,0.9952460819478126,0.9979562957787966
60091.72384759839,1.0003064445831462,0.9997979185742616,1.0005053378149205,0.9982767528890447,0.9984366116592934,0.9976918680749816,0.9810618191967971,0.992596138390103
60091.723931350665,0.999789950921884,0.9999096166268093,0.9995150101099688,0.9993181789321968,0.9995794898943896,0.9988809143953484,0.9906756455342461,0.9909851400555144
60091.72401510295,1.0008789272641774,1.000345507974595,1.0009609376912414,1.0015470498147188,1.0012836699165915,0.9993142983113835,1.0215719059861306,1.0021105213145172
60091.72409885523,1.000290980123474,1.0018752325787714,1.0015269398884419,1.0022834357231858,1.0033731063543945,1.002122328910045,1.0089101179783957,1.0197081220011297
60091.724182607504,1.0002316667628761,1.0009003775777874,1.0021378977166826,1.002319612037449,1.002113073499692,1.0019125173835144,1.0007057183548285,1.0107618162863148
60091.724266359786,1.0005721963061687,1.001315393323934,1.002430968695174,1.0026773350626137,1.0025838694510871,1.0025232507103998,1.0226820095172944,0.9976891188306117
60091.72435011207,0.9998541803267311,1.0009880454635411,1.0004470038356679,1.000567935676801,1.0011743970979894,1.0005824639459566,0.9978012874798691,1.004918922095438
60091.72443386435,1.0007550156759557,1.000015792737782,1.0009860169612783,0.9998426633066688,0.9987798170626838,0.9993435021922948,0.9821122881642542,0.9952794240123243
60091.724517616625,1.0004195042017778,0.9997763488750696,1.0002008238785896,1.001037686743603,1.0001915051841344,0.9983684283044771,0.9988845831378722,1.0096304968575376
60091.72460136891,1.0001737879989576,0.999477574707914,0.9990550610401018,0.9990713168678746,0.998952603896284,0.9984590636357713,1.0073540330430983,0.984691688833445
60091.72468512119,1.0003514171228243,1.000374498215752,0.9993137044884767,1.0003260080831196,1.0006545967157447,1.0001167939841578,1.0105215669650418,0.9980027579871652
60091.72476887347,1.0003292788297136,1.0007330373682577,1.0010524683330937,1.0012556010467473,1.0018210033471138,1.003002468919261,1.01471788889642,1.0043282469053516
60091.72485262575,1.0008910247457634,1.000054680525279,1.0005414226928813,1.0011053935311565,1.0020856256271249,1.0029886127843306,0.9961070619259051,1.007080687033924
60091.724936378036,0.9995084142246354,1.000380483633929,0.9991713418450482,0.9990921791599044,0.9992240530455334,1.000266214008464,1.0076271987224052,1.0079536037178225
60091.72502013032,0.9992134957297002,0.9995650108234428,0.9994209616490335,0.9980532821407557,0.9988561193030859,1.0002378990130807,0.9902381348365668,0.998948719662593
60091.72510388259,1.0002991949892086,1.0006755257258233,1.0003754867456143,1.0002921223618229,1.0010483370555185,1.0024621360212207,1.0093436590888787,0.9866348860795563
60091.725187634875,1.0001725695815733,1.0000733284511183,0.9997681631713752,0.9998612283757243,1.0010571636422854,1.0011503289952703,0.9996387994867247,0.9994878353834854
60091.72527138716,1.0001086036140652,0.9998504629912955,1.0003986471561086,0.9996392206159528,1.000097758024731,0.9987988834530236,0.9729690104141593,1.0028079689489096
60091.72535513943,1.0001912505812256,1.0004351897073656,1.000149712438045,1.0016397014836984,0.9994892120846065,0.9988786927685853,0.988882573569522,0.9976533310026394
60091.72543889171,1.0000168441933939,1.0003534582679534,1.0008807453119686,1.0011614686926125,1.0012922133420588,1.0024197399198034,1.0069381877876964,1.0122943593515288
60091.725522643996,1.0004054895663772,1.0007825753487654,1.0005881550485156,1.000229549593194,1.0007614206880697,1.0025355534583205,1.0128743437781467,1.0031278165176274
60091.72560639628,1.0005107045072832,1.0004109773168188,0.9995120339943707,1.001019155273234,1.001242475124274,1.0007921184313204,0.9914127675990924,1.0005899128673175
60091.72569014855,0.9998939030753539,1.0005291922628476,0.9998232563530345,1.0012705482251583,1.0013190241640728,1.0002572785057555,1.019276844514172,0.9997346775328612
60091.725773900835,1.0005066455139109,1.000670847223552,1.0005022050715913,1.0009668736228587,1.002133707039457,1.0005978709442251,0.9856067359628782,0.9979311151281469
60091.72585765312,1.0010216338489546,1.0011895264488067,1.000863606841446,1.002273561747086,1.000966167887631,1.0001802218270361,0.98269549411236,1.00077654021726
60091.72594140539,1.0001824477204098,1.000344735151784,1.0008055168240382,1.0009270146632119,1.0007398237138132,1.0013923871132744,1.01351230105404,1.0068283367756794
60091.72602515767,1.0000211102820156,1.000296489274319,0.9999082347851271,1.0001644319982121,1.0016925720470573,1.0013946834245055,1.016062095099286,1.0027743616681881
60091.726108909956,0.9996470252698197,1.0003903562154874,0.999743445994459,0.9998616649094046,0.9997464305698243,0.9996168530823226,0.9940942420061057,0.9909024586299022
60091.72619266223,1.0003866886363117,1.0005587519053456,1.0013157790991458,1.0010498283319649,1.0007885147337534,0.9999405577281697,1.0202387445150978,1.0060864492696722
60091.72627641451,1.0010048754640464,1.0010151178220477,1.0000623268830466,1.0005410437165787,1.0007858578824254,1.0013101184600304,0.9886054037809237,1.0006644310835708
60091.726360166795,0.9992887901328967,0.9993733597050583,0.9997040044143843,0.9992879359765368,0.998211054848525,0.9987292552742674,0.9866131917020784,0.994211290215845
60091.72644391908,1.0007200922967232,1.0002338502104802,0.9997084695124511,1.0013871573530289,1.0003038139409317,1.0023613746825126,1.0041775204267798,0.9971000067614897
60091.72652767135,1.0003411411237688,0.9995164088626318,0.9994821140971286,0.9984615078306335,0.9982679428267481,0.9988541977744475,0.9905458442879741,0.9977110463532299
60091.72661142363,1.0010303509101668,1.0012660824527073,1.0018107791152406,1.0009192685208608,1.0008419239444362,1.0002193544978912,0.9892788714999493,0.997077942633834
60091.726695175916,0.999512525884472,0.9989303965560709,0.9993802526675525,1.0000008306702044,0.9985172591782339,0.9994506756865542,1.0049838354695884,0.9957848490511956
60091.72677892819,0.9997454074327337,1.0005723610954123,1.0000657123065346,0.9995155005304008,0.999872292337015,1.0025479237920414,1.0202624849133317,1.0057194364269841
60091.72686268047,1.0012603697236684,1.0013066100624335,1.0004756924124947,1.0004644594481023,1.0015170140996839,1.0008961864336396,0.9925538356696536,0.9932966891819964
60091.726946432755,0.999813942780486,1.0004137244643962,1.0007820142102575,0.999630415466921,1.0007864613777409,1.0012099531867829,1.0151456580975484,1.0037430699408685
60091.72703018504,1.001495466046402,1.00180445799694,1.0006434932865262,1.001017568059305,1.0021842707909332,1.0023981528155121,1.0026339691588488,1.0109588804583256
60091.72711393731,1.0003786608599214,0.9995990021935782,0.9991582291978546,0.9994726110589324,0.9989415800651525,0.9993339704486833,1.0037258783938179,0.9965990571124276
60091.72719768959,1.0005522571923753,1.0003799817843506,1.0004210719823914,0.9995504824960919,0.9998551814735027,1.0001722711228511,1.001499371049073,0.9946142004397232
60091.727281441876,0.9998138152887859,0.9998073989341967,1.0005381550232537,1.000801271727345,1.0013674292160486,1.003133214904672,1.004225032830687,1.0061728013462803
60091.72736519415,1.0004657208882193,1.0015159726400205,1.0004247859466984,1.0005859331075078,1.0014840915466385,1.0015737477980429,0.9977544801958699,0.9896765032031621
60091.72744894643,1.0002409370582528,1.0015012167300523,1.0018201297530425,1.001355059989135,1.0002168246068113,1.0029955942503808,1.0166653415426654,1.0096564435668893
60091.727532698715,1.0006856354594,1.0004989884523607,1.0015879298965964,1.0012966838659787,1.0008314720492333,1.0017298665562684,1.0186607939861632,0.9896990462974871
60091.727616451,1.0001249432401975,1.001193943235884,1.0012310727841474,1.00141762547971,1.001337120977766,1.002971485431896,1.0200079581636396,0.9978512945283178
60091.72770020327,1.0001394274630255,1.0003302987399443,1.0017518934289589,1.0015388344871448,1.0005880601098016,1.0028188654939143,0.9940615287428084,1.0104125749318917
60091.72778395555,1.0010564015916965,1.0009374082664508,1.00120715954152,1.0012775146187565,1.00148794079394,1.0028642508701955,1.0005403488609854,1.0054959373451813
60091.72786770783,1.0005707913245296,1.0000074477965557,0.9999666152997989,1.0009604658448157,1.0006135368928217,1.0010947860791828,0.9933426686221056,0.9925316736770335
60091.7279514601,0.9998569765326673,1.0004117694218913,1.0000216090322844,0.9999843539539486,0.9991605130844778,1.0013836073966447,0.9914552612268409,0.9960839127311628
60091.728035212385,1.0001442388569624,1.0000051158560788,1.0019075022871813,1.0025817883732528,1.0025458821153734,1.0038397827300831,1.023662868361894,1.0084347744098028
60091.72811896467,1.001275551842784,1.0008908637612137,1.000946929133426,1.0008854361885755,1.000576220724232,1.001940983913873,0.9976075067552608,1.0002209398045505
60091.72820271694,1.0009428647718415,1.0004746997628005,0.9998022138891385,1.0011100817942098,1.0009422499262748,1.003242037030906,0.990372289881061,1.0053120194654261
60091.728286469224,1.0010271186700141,1.0005295889538697,1.0007779756302604,1.0002771970674231,1.0004946640329873,1.0020100721889713,0.9784308268618318,1.0055396612552157
60091.728370221506,1.001195509528956,1.0009332478312887,1.000749161562541,1.001005375375017,1.0020138828449754,1.0020838500454343,1.0256849122609677,1.0013326518209347
60091.72845397379,1.000427620980817,1.0011167053933514,1.0010671875279085,1.0019646658889152,1.0004889542163637,1.0028711267671722,1.0126173437419699,0.9945908422538061
60091.72853772606,1.0004288576713114,1.0012675675699072,0.9997303887519664,1.0009197003188208,0.9997611058719402,0.9996796647918321,1.008227076783149,0.9871941008407327
60091.728621478345,1.000557798145489,0.9999509980193043,1.000965062888261,1.002122765755979,1.0029073493643508,1.0023698310453542,1.0007014726955867,1.0042696920093257
60091.72870523063,1.0003405184727887,0.9994737365802165,0.9999714657398258,1.0000616519701964,0.9982254158665469,0.9997752984965622,1.00877202135882,0.9959006275525426
60091.7287889829,1.000327918795725,0.9998756528392462,0.9999553904130515,0.999694142355427,1.000491454143941,1.000745210211872,0.9936966570019028,0.993418668176375
60091.728872735184,1.0003070214463328,1.000437592775124,1.000011604671849,1.0013367504495583,1.0003032025869547,1.002052788411988,1.005731383713394,0.9933675389696193
60091.728956487466,0.9999280489547495,1.0011119067919636,1.0004455976583178,1.0012733398074456,1.0017648909439476,1.0030616412049604,0.9961670927781352,0.9996704011261232
60091.72904023975,1.0004253283355908,0.9998525235754484,0.9996306824444862,0.9989918452558681,1.00010805430596,1.0024787459063773,1.0095308414507524,0.9986502195243789
60091.72912399202,1.000624809841404,1.000708393936171,1.0008457162181397,1.0012120538585518,1.0011028581420789,1.0033158308931116,0.9926669816105564,0.9966274180382186
60091.729207744305,0.9998050037114865,1.0003085913194367,0.9999370784422779,0.9999599497920417,0.9996303197800649,1.0005427419034418,0.9940848822073437,0.9966609185436787
60091.72929149659,0.9992118675850772,0.9990284240600986,1.0006098504424712,0.9993917455002205,1.0002426139899265,1.0018553031021695,1.0000731567707524,0.9961310618695091
60091.72937524886,1.0006233550812922,1.0005931672936808,0.9996982970130898,1.0022234758755781,1.0009925656309477,1.0024131056542085,1.012847317934081,1.0105954181571801
60091.729459001144,0.9999722272442401,1.0007005403733613,0.9993688190318941,1.000584375304892,1.0021779325308622,1.0008811049349542,0.9959633845251177,1.0075991029012092
60091.729542753426,1.0010328067006613,1.0014358115556183,1.0008970745266335,1.000961646733973,1.0022694671027996,1.0002520706541267,1.0080991318936194,0.9976856254758488
60091.72962650571,1.0001211078823895,0.9995066476329391,1.0003986298327043,1.0016300370258189,1.0012113193355732,1.0027441108215556,1.003910092832854,1.0087156265418793
60091.72971025798,1.0001500898753515,1.0002126975699963,1.0015911820544172,1.0015166978378007,1.0012390072715418,1.001940821272046,1.000108345048384,1.0135321593591886
60091.729794010265,1.0008959647340883,1.0004739975564823,1.0002333759142876,1.0007929108885438,1.0003863679961273,0.9986715127022,0.9892200815058684,0.9949807637073056
60091.72987776255,0.9997835997558657,1.0001576529077159,1.000635611967808,1.0003561110608676,1.0006539157564789,1.0013287644618845,1.0072982808886977,1.0006124006294421
60091.72996151482,1.0002975111851118,0.9994167366838854,0.9990813781221137,0.9991140437296747,0.9982838952237465,0.996689069150497,0.9949738479287571,0.9892962351723198
60091.730045267104,1.000822384485154,1.0008914845606347,1.000549575185153,1.0008842019602564,1.001204656999266,1.0025561125107958,1.0060383896854785,0.9999789208451497
60091.73012901939,1.0009799534621269,1.0007408973159218,1.0019420084708381,1.002440855341466,1.001449994934496,1.0017093405746802,1.0002542362963494,1.0143512883162156
60091.73021277166,0.9998682539821775,0.9998737600490745,1.0001329119060052,1.0008557705421024,1.0009537227614136,1.0013845009246478,1.0213780038931441,1.0059716423175629
60091.73029652394,1.0000366721982756,0.999333558181007,0.9995769051999589,0.9996464094388402,0.9999289835368463,1.0010717049278905,0.9992516643801509,1.00026459749749
60091.730380276225,1.0003348873618294,0.9996039805924742,1.0003949948993536,0.9989320234420347,0.9997292295188143,0.9988034614327961,0.9824767911051603,0.9988843773830698
60091.73046402851,1.0003581854198413,1.0007065323679385,1.0002455602685478,1.0017479540099914,1.0006784260488613,1.001608151892092,1.0249189234412455,1.0081885697975537
60091.73054778078,1.000434275228422,0.9999140287529432,1.0002940198317687,0.9999365267716097,1.000648385691147,1.0004968841958073,1.0221532047368143,1.00338675542378
60091.730631533064,0.9994909814674436,0.9997016493953658,0.9993266564695857,1.0004617402974052,1.0004214988330857,0.9990879769355875,0.9890661410072435,0.9962055246596595
60091.73071528534,1.0000610772497063,1.000528567057877,1.0001748508869452,1.0007215414453297,1.0008802657931073,1.000687370360383,1.0159487494433488,1.002178369265715
60091.730799037614,0.999986005851967,1.0008101632842876,1.0013158691506556,1.0018502228295008,1.0016479170111878,1.0019184503249732,1.0144320108481621,0.9938888832804991
60091.730882789896,0.9999102773573847,1.0001676058745947,0.9998153813749088,0.9992452387752985,0.9987008501122921,0.9996086393292912,0.9828142859691864,1.0012235171588422
60091.73096654218,1.0005634055224084,1.0002502953614527,1.000019084683901,0.9994387017088856,0.9994926652803113,0.9992802340492098,0.985560956470425,1.0070961936580864
60091.73105029446,1.000586960454142,1.0005566012947416,1.0000575204120095,1.0003551112257616,1.0018334887645646,1.001056864115897,1.0061017058264632,0.9971217814182428
60091.731134046735,0.9996439675693751,1.0006966389717538,1.0004829026474331,1.0014256931026715,0.9994443313305118,1.0021170882439445,0.978425042560825,1.0065701918173475
60091.73121779902,1.0000921093491124,1.0002538044775882,1.000311563118928,1.0004546415528963,0.9991942843729776,1.0009322101441938,1.023644469376551,1.0033939806932632
60091.7313015513,1.0004333316953256,1.000485684649894,1.0013324565180146,1.0014030575576929,1.0017356278452887,1.001105621204423,1.0122328000265417,1.0039406712210062
60091.731385303574,1.00058203663857,1.0007681144190839,1.0004453786436858,1.0013761922670519,1.0012688446762015,1.0028133050773425,1.013182700579929,1.0029101117681256
60091.731469055856,1.0007190036289235,1.0007017450038949,1.0022079742467684,1.0019273300211593,1.0013987164814053,1.0029583502639001,1.018595062502757,1.0016730590542666
60091.73155280814,1.0002785913223031,0.9997243032428835,1.0008233857081703,1.0008466738222708,0.999293308374172,1.0005599987323475,1.0023040663109748,0.9910546303033526
60091.73163656042,1.000195362608625,1.0010646409258444,1.0001611948358788,0.9996167107918765,1.0015298898306613,1.0003529275481977,0.9951479362064374,1.0032968640504847
60091.731720312695,1.00005382907351,1.0003616478018165,0.9995675108951004,0.9988045670229896,0.9989361266529567,0.9999970527092827,0.9888220266311633,1.0054529322920622
60091.73180406498,0.9998416805741756,1.0007931671203558,1.0002027804797542,1.0006594069551198,1.002050361816622,1.0003317992122147,1.0111138729060893,0.9966961943825118
60091.73188781726,1.0000254163824476,0.9995148444455366,0.9999293879074586,1.0017015179827757,1.000821079343474,1.001723862020826,0.9958968712331853,0.9974570547373725
60091.731971569534,0.9997585767792594,1.000019152576015,1.0004997716050334,0.9996302611323004,1.0000082310289835,1.0009674695602955,0.979970516838624,1.0033527956164536
60091.732055321816,1.0010941472738069,1.0005723224670413,0.9995241085205113,0.9998934729955837,0.9998910169704525,1.0013308773953498,0.9977526846978466,0.9910836489005872
60091.7321390741,1.0000064395999506,0.9997063913630926,0.9987167066068422,0.9997962778270324,0.9998048896566664,0.9994359991223601,0.9776340160765232,0.9951738904427592
60091.73222282637,0.999881950570944,1.0005200713063829,1.0005055259569058,1.0008903438899361,1.00118105444467,1.0029112514634269,0.9971217419522133,0.9975499721740047
60091.73230657865,1.0005467366127296,0.9998132061510794,1.0001518607289073,0.9997760046087151,1.0000581751312287,1.0000295583886534,0.9929146084440434,1.0055340282948049
60091.73239033093,1.0002078256049243,1.0000036673879444,0.9999450930644047,0.9995999205709598,0.9984745648784366,0.9997310398179452,0.979575921608454,0.9966108261016267
60091.73247408321,0.9999712528358882,0.9996316870308994,0.9995067825118692,1.0004782396454175,0.9999918460313746,1.0000527144538387,0.9959469341706922,1.010168330038907
60091.73255783549,1.0003342215485027,1.0007411315762405,1.0019876863255555,1.0023122453508901,1.0013988961079565,1.00214196589814,1.0042626206033878,1.0021613432870984
60091.73264158777,0.9999900664731164,0.9997014038338545,1.0009890636537093,1.0007995112359152,1.0008169582239024,1.0014129197819157,0.9946037513437554,0.9963225772023298
60091.73272534005,0.9997604473576465,0.9993723870362954,0.9992805900271288,0.9994758559742436,0.9983364683601526,0.9966617066857365,1.0054020137414643,0.9869221007416987
60091.732809092326,1.0010915717629347,1.000834071244963,1.0012059262585402,1.0010079512078733,1.001246610152429,1.0004290121682087,1.0132442588167194,1.001269339952029
60091.73289284461,1.0001929848464113,0.9995932837900242,0.9990239057086072,0.9979382096792349,0.9974681059610739,0.9982225556777085,1.010113804487572,0.9946408007122726
60091.73297659689,1.000240745663176,1.0002743248897614,1.0005186656648422,0.9992092429667402,0.998590382777125,0.9992109358573129,1.0048527403603116,1.000765677937444
60091.73306034917,1.0012432710808454,1.0009112491975587,1.0004548891549983,1.0017762295980341,1.000708728424333,1.0020889215985829,1.0288620631695384,0.9993511426720099
60091.73314410145,1.001123774444083,1.000067678557055,1.000157537182072,1.0011768098829235,1.0013192016700327,1.0004124871161868,1.0031059411456043,0.9966824218058098
60091.73322785373,1.0004807503638538,1.0001806687126458,1.0010652137165643,1.0016733271391953,1.0017229331130098,1.000973342777122,1.0082652962683094,1.0212293461530648
60091.73331160601,1.0007862292462495,1.000573487064536,1.0009397002163847,1.0022146073177487,1.0012773146917902,0.9999222729351693,1.0034415508204804,0.997158566055295
60091.733395358286,0.9997777986209673,1.0002035365166442,0.9997018195141486,0.999515612093993,0.9998234092788283,0.9963235932075036,0.9978041922750935,0.9938084807809273
60091.73347911057,1.0000812909327332,1.000447191637962,1.0000079556608734,1.0014745475872922,1.001686173163025,1.0001871900741783,1.002253065796639,1.0122652523448474
60091.73356286284,1.000064039173849,1.0002285205168797,1.0001035437535344,0.9997931460705033,1.0002038673578124,1.000271565540648,1.0087632075781348,0.9954122643631416
60091.733646615125,0.9998540863882421,0.9994602958864652,0.9994845841730597,1.0011040901114767,1.0006567301552611,1.0000822379435184,0.9940508870712743,1.0033248854630283
60091.7337303674,1.0002191032644703,1.0006348451349787,0.9999982918430926,1.0012248669720036,1.0006892575298942,1.0006774011174766,1.0146520946170081,0.990845453818008
60091.73381411968,1.0012167748609817,1.0008747138459222,1.0006350215378743,1.0013090004765806,1.0016194178867042,1.0006154057750654,1.0006936765313306,0.9977269681371371
60091.73389787196,0.9998059003541021,1.0008600517933177,1.00096061398135,1.0000318962951946,0.9991682461946149,1.0028941116748273,1.0207095795939571,1.0014419102781638
60091.73398162424,1.0001658933852327,1.0011860991226595,0.999880431173852,1.001192475295577,1.000647776457761,1.000996322893851,1.0077949345156523,0.9859026453604114
60091.73406537652,1.0002093456861543,1.0008956565523839,1.0002582796857824,1.0008961822350424,1.0018682120114148,1.0018985675353662,1.0177598410517863,0.9940220684265941
60091.7341491288,1.001864811811941,1.0021665016046373,1.0008851693471505,1.0018855584786979,1.0008582059686302,1.0005800409248455,0.9873766507398544,1.0044549760490096
60091.73423288108,1.0005464503340025,1.0006197303961772,1.000103732159711,1.0002159557339965,1.0001783664998447,1.000563745162509,0.9986893167065419,0.9997095062098854
60091.73431663336,1.001421678439674,1.0000818829432754,1.0014526156142898,1.0011316873450236,1.0015377759352186,1.0019421795941283,0.9831352136656502,0.990221152895308
60091.73440038564,0.9996116013228867,1.0004712483019027,0.9988758672913634,0.9988709517470816,1.0002358884101044,0.9988313886870406,1.0010831729981007,0.9974049380492106
60091.73448413792,1.0007043672877036,1.0006356609917104,0.9991799995089297,1.0001990922838944,1.0002119222364831,1.0003593296023172,1.0044494421762036,0.992876469612278
60091.7345678902,1.000499658727205,1.000245407244402,0.9999109704865934,0.9997035513835273,0.9998754540137964,1.0004111403935445,0.9895731887344864,0.993346289088431
60091.73465164247,1.0002947136664522,1.0003180642090919,0.9996918002457723,0.9995537297543381,1.0002161669116787,1.0011218570059548,0.9911718896258268,1.0000090646165347
60091.734735394755,1.0012446209806092,1.0007814225632519,0.9995198774582421,1.0005776894653131,1.0000259019156912,1.0006985329353157,0.9822601473461895,0.9998525491423407
60091.73481914703,1.0011512331527703,1.0006568576238435,0.9995188462816476,1.0009474202822892,1.0000741625179823,1.0004549824100224,0.9911855956831013,1.0085194016257704
60091.73490289931,1.0004194109984137,1.0004010804728125,1.0004218045850148,1.0013126019666791,1.0017031340882634,1.0013115785184454,1.0154100532971395,1.00142066463825
60091.734986651594,1.0008165109404308,1.0003203570742583,1.0007123081519325,1.0015261686795087,1.001262548516103,1.0008395964977164,0.9942490388202464,1.0083788032012193
60091.735070403876,1.0007893435513286,1.0008486485066967,1.0007847743305531,1.0007270272036228,1.0008507413003944,1.0007337469725732,1.0107757512862645,0.9815081496633085
60091.73515415615,0.9997291239386555,0.9997887562439384,1.0002750537232037,1.000476233444897,0.9993107763078249,1.000989212821794,1.0401693475115514,0.9927656581364561
60091.73523790843,1.0005244938793423,1.0007059036512977,1.0003076525962542,0.9998110760047387,0.9988814258774749,0.9992831104538983,1.010293091970846,0.9936181615814416
60091.735321660715,1.0001626105789734,1.0013651842723845,1.0001922846856592,1.0010963038401302,1.0011804278723322,1.0024553515769548,0.9975936231308482,1.002312550767027
60091.73540541299,0.9999169331802579,0.9994033820579752,0.9991523876628357,0.9990189322280527,0.9991733682956165,0.998176019979773,1.0156255579491325,1.0046922023994338
60091.73548916527,1.000480275945604,1.0001859771446804,1.0004954433580877,1.000287683546587,1.0003280610305205,1.0001606712982916,1.0073136786159138,1.001098033995233
60091.73557291755,0.9995511672115283,1.0000720729332928,0.999571207724711,0.9996566159123305,0.9999018653538448,0.9997862069432186,0.9968712599424692,1.0033975676221247
60091.73565666983,0.9998673047781155,1.000800296640644,1.0001244307219477,1.0012038353904478,1.000950515866143,1.0026032381404564,0.9996155155725183,1.0004134264205515
60091.735740422104,1.0004427980590744,1.0001417803505117,1.0010508360834283,1.0009466130165112,1.0002063563082113,1.0025603601460764,1.0075640850191274,1.005991010841339
60091.735824174386,0.9998579432222053,0.9995175929977819,0.9987870806918755,0.998917046453513,0.9984820548066559,1.0008568375840425,0.9899022695445978,0.9952211024333516
60091.73590792667,1.0001624137229668,1.000456353968285,0.999914484910945,1.000678045801707,0.9994145925333444,1.002055936691624,0.9974182038152072,1.0066406637246208
60091.73599167894,1.0010395330955464,1.000946064724737,1.0002587087702823,1.000851641492801,1.0006744702730355,1.0013857009032412,1.004211769486998,1.0105670492887806
60091.736075431225,1.0003054782086616,1.0001387841297529,0.9999185787446769,1.000523220560366,1.0009950393006157,1.000841397197741,0.973824223055591,0.9948952387183672
60091.73615918351,1.0003446013577277,1.0005439888443401,1.0014398086742342,1.0018295352606124,1.0013463253416233,1.0035345344733724,1.0189749971868372,1.008030412449282
60091.73624293578,0.9992087699253313,0.9988007027267414,0.9980040855302822,0.9990373993424796,0.998901947836719,1.0008721559029397,0.9903550146614817,0.9983645617621435
60091.736326688064,1.0000614421868215,0.9999488932519569,1.0001192296622532,1.0005341637623317,1.0010686318620199,1.0014701160736696,0.9980726408538833,0.99796534888112
60091.73641044034,0.9999181509675348,0.9991267450120478,0.9992443634293773,0.9989990668299976,0.99903891439173,1.000507776737938,1.0017284096365477,1.0111303729842516
60091.73649419262,0.9995691897491051,1.0009737012490034,1.0011874486775294,1.001550253454492,1.0011998040886099,1.0008581245584356,0.9838205619421666,1.002492029370409
60091.736577944896,1.0003863424973962,0.9999677854623364,1.0004598000571034,0.9999633904172112,0.9981700491006787,0.9987210381203531,0.9943515774546333,1.0050642703249586
60091.73666169718,1.000936260355218,1.0004132820578149,1.0011906718120431,1.0000322775455757,1.0005737306511666,1.00130246789051,0.9849351848135525,0.9923991152535976
60091.73674544946,0.9999980023063574,1.0000541895299537,0.999351175465245,0.9997233451475867,1.0002504795746452,0.9991832154226346,1.0078115223825093,1.0013373441261153
60091.736829201735,1.0004594792033359,1.0005255026468702,1.0004622890793287,1.0002676670541406,0.9999551232541066,1.001015057419878,1.0132903618709153,1.0021552817388484
60091.73691295402,1.0000563471921133,1.0001868814316497,1.0003675592688925,1.0000228315290103,0.9993824029564198,1.000561738924997,1.0289252775942581,1.008017858182616
60091.7369967063,1.0003043220143684,0.999946796337981,0.9998497776172209,0.9995407325958545,1.0003251480242463,1.0007807226529877,0.9926559741234913,0.9965957232984508
60091.73708045858,1.0008818513818851,1.0013728720843666,1.0010827482476676,1.001162918371264,1.002839237346236,1.003543089718234,1.0045655871063395,1.0132753289925214
60091.737164210856,1.000183125873337,1.0001165040516287,0.9996778288634549,1.0003382234988634,0.9997587701030723,0.9997207031717196,0.9974254896702882,1.0043269529253425
60091.73724796313,1.0005667412051675,1.0003326755659496,0.9996179153595831,0.9996978375629312,0.9993070899718258,1.000979955787199,0.9759643600270337,1.003784097261044
60091.73733171541,1.0007172508805922,0.9994371701981861,0.9994052541898483,0.9997986171729893,1.0004362888342393,1.0004832035774756,1.004451958798564,0.9898608396701127
60091.73741546769,1.0000088845210955,0.9997861118925216,0.9995547002563656,1.0001268580483669,1.0004511382743175,0.9982821584315126,1.0069471739519693,0.9871742793613517
60091.73749921997,1.0006257375168015,1.0008128552028719,0.9996835774031173,1.0004741827286086,0.9987650783923122,0.999594957752774,0.9913968818502217,1.000322666211985
60091.73758297225,1.0005698329314037,0.999749775492957,1.0008235936267653,1.0009614558096844,1.0004791886442748,0.9994946930576836,1.0032997362689633,1.009364858099135
60091.73766672453,1.0008966033477853,1.001214580490898,1.0012728636669628,1.0006059649536567,1.000263578466664,0.9997370221464317,1.0055800246402342,0.9986757673465514
60091.73775047681,1.0003577060132425,1.0009377191450255,1.0009706414773998,0.9999991693297956,1.0017176365621945,1.0021805663713061,0.9771168926097313,1.002764627113548
60091.73783422909,1.0004884319488196,1.0012615592939504,1.0002832348613664,1.0005236139740699,1.0007640113644776,0.9990480148609162,0.9968796300845579,0.9960593507118845
60091.73791798137,0.9996827950931235,0.9993915504753019,0.9988498264780242,0.9986726443215327,0.9982829228079275,0.9975336440892594,1.0033814963368464,0.9908031899550105
60091.73800173364,1.000268423386641,1.0009099018655228,1.0009198781278341,1.0007317492149117,0.9999834148101311,1.00122585798254,0.9927639645437374,0.9971959476634825
60091.73808548592,1.000299477224747,1.0002106351342355,1.0002356397322547,1.0006738446697634,0.9994888449104724,1.0016107224737338,0.9958425065947537,0.99223853037817
60091.738169238204,0.9998682170683945,1.000237083564742,1.0013488032447924,1.0007787883734505,1.000806191296161,1.0005535153471927,0.981931477170993,1.0059189336820638
60091.73825299048,1.0013855338075748,1.0013435403173325,1.0002130037038555,0.9991777132411948,0.9992486333797969,0.998976063109883,1.0156809572905101,0.998416269331638
60091.73833674276,1.000676132706957,1.000814412979718,1.0003496125992775,1.001202063234192,0.9997316596539918,1.0004370392100692,0.986986063511002,0.9926933586232745
60091.73842049504,1.0005429652633164,1.000499490174242,1.0013986432455775,1.0018414930531907,1.0009705396111894,1.001146489843815,0.973858288701906,1.0030393912324462
60091.738504247325,1.0012339596184618,1.0007761420968808,1.0010480897010832,1.000954889409948,1.001378784607856,1.0010941239461733,0.9942011151880213,0.9959415991570817
60091.7385879996,1.0009128479327407,1.0007088745880317,1.0017780638847695,1.000943295918858,1.0019139163657202,1.0026673398844788,0.9949476198801942,0.9925430026692084
60091.738671751875,1.0003534705898405,1.0016952281376685,1.0014460633667883,0.9997578191948505,1.0005484453450606,0.9984942568426208,0.985398582527568,0.9969729346693078
60091.73875550416,1.0002050249882377,0.9999150071680752,0.9984302170878677,0.9988523587123536,0.998874456741513,0.9983205607627621,0.9937205905877375,0.9751764890802375
60091.73883925643,1.000065192060079,1.0005827368673683,1.0007126354472777,1.0011927110347312,1.0008275036746008,1.0036191871657816,1.028161431343535,1.0048769137105449
60091.738923008714,1.0003613198883525,1.0001803662620792,1.0004201500300507,0.9992714641953996,0.9989828964796139,0.999780020750695,1.0242476842299437,0.9975658164490102
60091.739006760996,1.0000758708551936,0.9993958543781488,1.0000552357229253,1.000199867745574,1.000075750154739,0.9984274328132866,0.9933873535826219,1.002174717090087
60091.73909051328,1.0001609799139213,0.9999233164818124,0.9996730573411595,0.9991552524692073,0.9987535253489285,0.9985610430101415,0.9936656416916384,1.0062371820711575
60091.73917426555,1.001030563781399,1.000912122454134,1.000421868670289,1.001044104740831,1.00128725041014,1.0010623756312815,0.9942357318090739,1.0031654239384726
60091.739258017835,1.0000951605909576,1.0004554710067304,1.0000210020715206,1.0010105351662284,1.0014156316891918,1.0004821403359678,1.0022617026734013,0.9912464567986133
60091.73934177011,1.0006321258066386,0.9997221619541674,1.0007394485296852,1.0017893710713521,1.0000852693016529,1.0006722127332035,1.023671663537648,1.008286790674168
60091.739425522384,1.001315479796334,1.002251661774865,1.0022505104133925,1.002248205805168,1.00215819094919,1.00142263412055,0.9937138469634255,1.003399253833955
60091.73950927467,1.0008263891317761,1.0011197786154573,1.001442930925392,1.000993509405556,1.0007567157822073,0.9996311073702216,0.9996931257110349,1.0105301235628341
60091.73959302695,1.000403499792702,0.9999160297025533,0.9988308918837135,0.9992645914693568,1.0007658335136758,1.0013600339338118,0.9832447641425306,1.0136816981871024
60091.73967677923,0.999543167054839,0.9992497560055228,0.9999192934577716,0.9997239540116235,0.9989017355281149,0.9982596410642843,0.9789994336636106,1.0183660748603924
60091.739760531505,1.0004070741810909,1.000191477760841,0.9997799495779738,0.9997914463956876,0.9999270567926042,1.0001514597842442,0.9933773459098939,0.9972781213568807
60091.73984428379,1.000868389508069,1.001576980181941,1.000111062828165,1.0018244609616085,1.0025295291761143,1.0013023774567147,1.0077991648685856,1.0060947870051327
60091.73992803606,1.0001826885263971,1.0006029656193791,1.0006073402849378,1.000652091813134,1.0012948000891357,1.000691627550525,0.9965327774114154,0.9982069316465583
60091.74001178834,1.000417787054506,0.9998984437057455,1.0010519009255496,0.9996902755653116,1.0005607824458658,0.9986645825867826,1.0131427214103654,1.0030935445149305
60091.74009554062,0.9997484546838996,1.0002235253896643,1.0013301942097124,1.000087896532576,1.0005967650120542,1.0001675689838612,0.9919020734127055,0.993831656748542
60091.7401792929,1.0002617096989188,1.0005860819565868,1.000724339765849,1.0003837992202376,1.0003611235425873,0.9987897842558338,0.9922102915850621,1.0090630296950323
60091.740263045176,1.0003079291158252,1.0004637983257578,1.0004820722940087,1.0005317530814777,1.0008522910783606,0.9989457232396096,1.0280385476759355,1.0195423974677809
60091.74034679746,0.9995456682130557,1.000070785618891,0.9991688724484663,0.9995144959595748,0.9997924898113089,0.9982913682383704,0.9927885081828197,0.9974687694507774
60091.74043054974,1.0009436380709629,0.9999256267137835,0.9999031483467382,0.9984941847469501,0.9998745724715484,0.999047852850007,0.9708080244357794,0.9976899052505618
60091.74051430202,1.001395489187058,1.0017168286118603,1.001895265509808,1.001898827268108,1.0010523123532578,1.0005150724145295,1.014274955873598,1.0033682772859585
60091.74059805429,0.999125835734283,0.999404552018748,0.9982046820621813,0.9993362304996606,0.9994510699457331,0.9977887970032701,1.0156960132873782,0.9874569210921951
60091.74068180657,1.0013238600127123,1.0009253677074834,1.001975068433284,1.0023531760787368,1.0002457153545985,0.9985213941810787,0.9633346999777463,1.0099239612412325
60091.740765558854,1.0009848428843449,1.000718624197289,1.0013584722331752,1.001652434488708,1.0018268885491062,1.0002285706476657,1.005495459922619,1.0133554271845544
60091.74084931113,1.0005502986090093,0.9998467953392183,0.9999366641147522,1.0003940508575415,1.0008713979171817,0.9987199932395646,0.9849627791551988,0.9941814259147189
60091.74093306341,1.0004143700879113,1.0002217691715345,1.0002014006083144,1.000465437449047,0.999297574068169,0.9988495984311923,0.9880906532805936,1.007040632381994
60091.74101681569,1.000198056474642,0.9999395930087726,0.9992245839888595,0.9993196875331748,0.9994698255148541,0.9999212385809233,0.9809130738023036,1.0059288035818794
60091.74110056797,1.0004440192069235,1.0002270228215158,0.9998870275035681,1.0006767348048755,0.999051963075633,0.9987036958982467,0.9647037328729525,1.0005703888014477
60091.74118432024,1.0014525990100969,1.000983721895342,1.0005187934202322,1.0015920190648413,1.0015084059961838,1.0012829498995777,0.990664453743173,0.9931466054207257
60091.741268072525,1.0010264416722838,1.0010259748843502,1.0009243098245655,1.0015349526922745,1.000953102426109,1.0009569092250454,0.9940004720014125,0.9998930685894483
60091.74135182481,1.0007054945495726,1.0002324625261627,1.000244278827258,1.000938678093408,1.002315804079365,1.0024882710101697,1.0046323601691862,1.0100572271280495
60091.74143557708,1.0008041709200628,1.000418489545297,1.0001002483438146,1.001861193548492,1.0012019911666106,1.0001775542864921,1.0101101345340127,0.9950912397076982
60091.741519329364,1.0004616838435827,0.999206790019792,0.9995723153280901,0.9999485987199638,0.9997826076690728,0.9987724532755348,0.9981969147950309,0.994702968923835
60091.741603081646,1.0008115140324179,1.0005468965071642,1.0002013884177707,1.000861030082531,0.9996678246189039,1.0005386613432823,0.9934620960485111,0.9927030415000966
60091.74168683392,1.000831831158052,1.0005098463446944,0.999682273165888,0.9993154007594742,1.0000719169989822,0.9969882920278622,0.9829556386436897,0.988628581959751
60091.741770586195,1.0005571654653018,1.0001609790977644,1.0009263719513048,1.0017079598081526,1.001485308828374,1.0012243742663958,1.0129119413419982,1.0044265765996119
60091.74185433848,0.9996800463027579,0.9987005362963937,0.9986885249377402,1.0003425375901907,1.0008821287325016,0.9993735552412802,0.9966077187720467,0.9889025710522341
60091.74193809076,1.0005449973591949,1.000188824726022,1.0003386063120046,0.9993354494049665,1.0010405222402488,1.0017602945323516,1.0027718779489043,1.0051917427480745
60091.742021843034,1.0007109513833683,1.0000942479805577,0.9999274955802762,1.0001405069416154,0.9997001887703829,0.9983118707714105,0.982180888070768,0.9932457305026497
60091.74210559532,1.0002543378641748,1.0003293689135564,0.9998898871862624,0.9995657569875259,0.9990462758994394,0.997860930175212,0.9885231061771371,0.9918583427437391
60091.74218934759,1.000935598165008,0.9998407422415815,1.0000079651717622,1.000850010610549,0.9993392149330882,0.9999764622931097,0.9836809564906028,0.9951836738581346
60091.742273099866,1.000207972892494,1.0000102957609887,1.0003970594792986,1.000176093235022,0.9995319616445165,0.9990129117437251,1.001244835520506,1.0028340312447312
60091.74235685215,0.9996513913354582,0.999520990442809,1.0002151115734406,1.000321469269418,1.0000274787623806,0.9985518610513864,0.9866538403350076,1.0112527168377976
60091.74244060443,1.000176452354952,1.0000711686463235,0.9992943954972764,0.9996523459379734,1.0004202552934414,0.9991067174199071,0.9724357032403504,1.0004513824475618
60091.74252435671,1.000698808901623,1.000794918677542,0.9995252909655267,1.0004701524813802,0.9994793595059068,0.9998110336988826,0.9840728521382878,1.0026271509557096
60091.74260810899,1.0009064176357536,1.0013254349764447,1.000502471225509,1.0015694389527108,1.0010821481362888,1.002520536245769,0.9814130677997787,1.000659126344601
60091.74269186127,1.0001121874540628,0.9999230247578018,0.9999332216636735,1.0009719014619571,0.9999738689687157,1.000741546047314,1.015112115466215,0.989493492627508
60091.742775613544,1.000797098596298,1.0012064710231123,1.0009130334959873,1.0015056483064595,1.0016358561485754,1.0010354809431201,1.0174487857670593,0.9905547668587963
60091.74285936582,1.001034903382533,1.0024635957888282,1.0022679842559676,1.0026566916605448,1.003010404172878,1.0030580754332084,1.0147741701918165,1.0017796879447305
60091.7429431181,1.0006777855832898,1.000817627307113,1.0009040995256917,1.0012626535805993,1.0007172583778094,1.0005588438896782,0.9974017668908892,1.001992386245199
60091.74302687038,1.0003144730946616,1.0003609187791083,1.0002446389200732,1.000114600409941,0.9991283896824737,0.9997466510176397,1.0040301164897065,0.9942804164026894
60091.743110622665,1.0001032357304094,1.0003885787996398,1.0006685474206432,1.0004600918182147,1.0010983951707273,1.0013427008616997,1.0050049857332948,0.9912242366358742
60091.74319437493,1.000375665960166,1.0011026232770985,1.0006643266995783,1.0009651261421963,1.0010964695491509,1.0015165164852924,0.9922012393087075,1.0073051078573767
60091.743278127215,1.0010795574555056,1.0006302687903825,1.0008457465624037,1.000540330367605,1.0005197185065013,1.0004977537826747,1.006259223411069,0.9986571902234843
60091.7433618795,1.0006906880793953,1.0005786133366663,0.9996906205181539,1.000016794782163,0.9995284109639855,1.0019190282119048,0.9832395201001002,1.0059705223393651
60091.74344563177,1.0001281537941589,1.0007083489229454,1.0007715959374541,1.0008168140112799,0.9997010666327811,0.9988763895476236,0.9867194815687901,1.002016930955069
60091.74352938405,1.0010376271786445,1.000449716592596,1.001543707924945,1.0024303725013293,1.0029999291382827,1.0031471836398664,1.0163277772330288,1.0017976812626115
60091.743613136336,1.0003491926341987,0.9997631403984831,1.0008328008841456,1.0009370001032047,1.0017793411515417,1.0020455084577322,1.0118856253100703,1.0081780490890213
60091.74369688861,1.0009207762572034,1.0009523284587298,1.0010388221325908,1.0016429259606392,1.0013809730580037,1.0020804423135208,0.9872224476080182,1.0013696526534377
60091.743780640885,1.000953697838214,1.0008712779640696,1.0005332651054906,1.0016068301536154,1.0014384887312302,1.0016521172850446,1.0205207204321243,0.9999804077014242
60091.74386439317,1.0007083655282356,1.0009991459165046,1.001996027639162,1.0023846930926128,1.0015697725383412,1.0026570553851246,1.0101286073980364,1.0023283804010275
60091.74394814545,1.0009328110956273,1.0017749211483737,1.0000566562043502,1.0002191203913169,1.0009488306821899,1.002778040040337,0.9958292570389595,1.0063185524890608
60091.744031897724,1.0001497308192373,1.0011041693696607,1.0011729216630536,1.0017106011434938,1.0017546257855132,1.0024379671069756,1.0093087885262244,0.9951820120610213
60091.744115650006,1.000658217025068,1.0003775997227644,1.0012915164445826,1.0014442469056983,1.0011736084875333,1.00069381090386,0.9807906005601826,1.0068102595400332
60091.74419940228,1.0009391344319085,1.000584778488503,0.9993694955504673,1.0002450664039404,1.0010559580238019,1.001639425952512,1.006649746447673,1.0102924336927448
60091.744283154556,0.9995673287798537,1.000298024384931,1.0005466005037367,1.0014939870197996,1.0005188314756643,1.0005848466827998,1.0054978483350137,1.0115161330744162
60091.74436690684,1.0004493819972122,1.000599007839505,1.0007634503896408,1.0018506990933789,1.0010844139880166,1.0013325971894496,1.0068011691894903,1.0051577613352887
60091.74445065912,1.0007971390281798,1.0001320692419282,0.999970520614129,1.0005312815533194,1.0012964096802488,0.999053640656763,0.9863057325096833,0.9790437524661578
60091.7445344114,1.0008732999863708,0.9999033903719137,1.0000090668874482,1.000610184181036,0.9996044048454747,1.0005398694259637,1.0143257561667613,1.0019295791975216
60091.74461816367,0.999605858367891,1.0001130944115288,0.9996702246437249,1.0008596059767667,1.0002842728798715,1.0000508814251832,0.9860431390737535,1.0001821359138854
60091.74470191595,1.0001650283004884,1.0011662901748442,1.000991272519875,1.001046164679311,1.001027593681602,1.0004942537140908,0.9977950131501092,1.0032385185889106
60091.744785668234,1.0006792545733234,1.0008581473188618,1.0012481449048984,1.000389600477179,1.002068330895879,1.0028920409689912,1.0214054780357658,1.004365935559908
60091.74486942051,1.0012257397118693,1.0010210887466047,1.0007142851335729,1.0012544293299315,1.0008351925018033,0.999971506558918,0.9760493758531427,1.003205375766882
60091.74495317279,1.0009769558844155,1.000561982641817,1.0006377676560283,0.9993511861026678,0.9994700470542672,0.9991433391595268,1.0163975882228207,0.9911553448303145
60091.74503692507,1.0007034613510062,1.0010404859351412,1.0008879704925895,1.0001936322978875,1.001746188202496,1.0020742927682096,1.0041810137731175,1.0008998688055561
60091.74512067735,0.9995675662777775,1.0001368605645817,1.0006308826783876,1.0004197789771978,1.0000867017610278,1.0015613492248476,1.0004463744463925,1.0036489119548968
60091.74520442962,1.0002069336881132,1.0001183487638445,1.0004649897565698,1.002027941089437,1.0013726025230913,1.0010330025024627,1.0065674513396698,1.0100309482689913
60091.745288181904,1.000324717220792,1.0005566232586418,1.000050462917415,0.9999590303644754,0.9983206042795417,0.9972226090548295,1.0029216244667125,0.9980347292627311
60091.74537193419,1.000884806479866,0.9993945272861022,0.9995737781178731,1.0000342057313414,1.0002883136040872,0.9997188754940564,0.9733674271600105,1.0121596991339554
60091.74545568646,1.0008359453908262,1.0005780178851185,1.0002438983539672,1.0013067771308375,1.000954310165184,0.9996675226074213,1.0032239793805497,0.9873447169680408
60091.745539438736,1.000324529291305,1.0003540949656624,0.9991194152986943,0.9990214937042002,0.9995326633731021,1.0006059747488711,1.005879436030571,1.0002646037889749
60091.74562319102,1.0002799642209812,1.0011913434507531,1.000049397131753,1.000933830161818,1.0016201240435836,0.9995956733012379,1.010489705217677,0.9852818279718109
60091.7457069433,1.0009164786632194,1.0010480372389297,1.0011333109250296,1.0007949994905918,1.0004471736419047,1.0004325304220691,0.9853428081205526,1.001969631251475
60091.745790695575,0.9997864513587309,1.0000981863504737,1.000151761619408,1.000335215967746,1.0006444972752777,1.000069000688305,0.9882416672724234,0.9978060122550582
60091.74587444786,1.0009045438018127,1.0009044399415814,1.0002814595709537,1.001701724908813,1.0005258278674605,0.9997320867365641,1.0007057509396373,0.999586091786643
60091.74595820013,1.0004148591561548,1.000772499154191,1.0009018590697885,1.0010407627681857,1.0014270015509155,1.0005943086138425,1.0294153479204438,1.0000281766449266
60091.74604195241,1.0008705270944027,1.0009532081640085,1.000719763367739,1.00166757697818,1.0003097697461378,0.9993241298455229,1.0070263708677107,1.0068047498113422
60091.74612570469,0.9999287043187977,0.9999502273034953,1.0008899721572506,1.0004258797808885,1.0000732852792873,1.0005128151054872,1.0072891280305252,0.9985922555505855
60091.74620945697,0.9997688673757994,1.00012633519548,0.9996010429297534,1.0003501949502551,0.9996958499783589,1.00061893817228,0.9970006439740338,1.0017730881693456
60091.746293209246,1.0012387139351837,1.0001921034127517,1.000385950610297,1.0003117774440624,1.000427119023545,1.0005741176529606,0.9993815633808499,0.9958500702761864
60091.74637696152,1.0003991822978306,0.9993999451545463,0.999290276452141,0.9994088098943977,0.9991150962573947,0.9976402545349632,1.0079004329746706,0.9952708940579176
60091.7464607138,1.0006864457248132,1.0004407306758079,1.001668686022476,1.0012819006930274,1.0001592237357133,0.9992705505681895,1.0024735322057379,0.989792372727583
60091.746544466085,1.001082613055593,1.0016604400015168,1.0020944159337208,1.001110398688649,1.0013463371296156,1.0008899401453557,1.032597968975462,0.9977002424574541
60091.74662821836,0.9993439906259524,1.0004079898433111,1.0004755069124227,1.0006037235623282,1.0006110333477656,1.0011784068802871,0.9799192247190456,1.0075732778585316
60091.74671197064,1.0003932637529478,1.0005855578238658,1.0010746707857403,1.0016465548182145,1.0016465787310118,1.00273359093252,1.009558685440555,1.0066682431055802
60091.74679572292,1.0012485818872863,1.0005075541180135,1.0007134485905225,1.0009014350956131,1.0003413354950192,0.9994607443513034,0.9899253421898633,0.9924490469341275
60091.74687947519,0.9999148053080773,1.0007153281437544,1.0012943802788554,1.0012873099320558,1.000876287065,0.9997971590817735,1.0179750205887161,1.005355660553228
60091.74696322747,1.0002900002016837,0.9997892555395749,1.0000555404110394,1.000120168619611,1.0011630670909066,1.0002999410501543,0.9893747036675272,1.0050337458404903
60091.747046979755,1.0007857491045258,1.0011231793167603,1.001602270127785,1.002106005195624,1.00270546720828,1.0031355523976266,0.9872889687363617,1.0043332955558493
60091.74713073204,1.0000378300203459,0.999861187631712,1.000000986594899,0.9992203820281134,0.9999123357730361,1.0009490988815062,0.9932407389763314,1.0011544568760837
60091.747214484305,1.0002090173477685,1.0003682293100271,1.0013077580986847,1.0009363747887723,1.0007151168925201,1.000304495615118,1.0022989146997967,0.9983308099494268
60091.74729823659,1.0008356298121124,1.0005649559409469,0.9998362601156489,1.0005926327055994,1.0008911664428364,0.9996698681234903,1.0073277761795814,0.9880443193420757
60091.74738198887,1.0010321855199316,1.0014431585440569,1.0015539216758993,1.0022061368594934,1.0016745082272691,1.0005002951869004,1.0097557932888335,1.0022612421121002
60091.747465741144,1.0000515374784624,0.9999255885962011,0.9998519790105455,0.9998238244631503,1.000454565212113,1.0026844258932432,1.003382440842528,1.0070642005188284
60091.747549493426,1.001308182524281,1.001103576791297,1.0007814194400375,0.9996386450016551,0.9996474875253185,0.9996820536219239,0.9978852226841071,0.9925158067714633
60091.7476332457,1.0009157376045852,1.0010697135651951,1.0015849860500852,1.0008861969445983,1.0014247322064493,1.0021169970881365,1.0120289865317467,1.0020622079541235
60091.74771699798,1.0006649982917926,1.0004553754893046,0.9991779304377317,0.9992389439067891,1.0011629950531753,1.0000042933239606,0.9951827743239071,1.0033362294092174
60091.74780075026,1.0005577572935356,1.000043660266091,1.0010933768167884,1.0009426486705648,0.9996611312221723,1.0001198671474667,0.9926340688242081,1.0033007911968645
60091.74788450254,1.0000681230564576,1.0004243203861423,1.0003004739887948,0.9995516764957161,1.0010014494113073,1.0024781577560669,0.9923255477021384,0.996794248378274
60091.747968254815,1.000540598948051,0.9997093568088515,1.0006305603649364,1.0002372690161145,0.9987897530928853,0.998274910731662,0.9836761517933234,1.0064078292218517
60091.74805200709,0.9997005748818827,0.9995414696088206,0.9999801418593603,0.9990326453775433,0.999905232104272,1.0012149343331274,0.9862521234827787,1.000319636940304
60091.74813575937,1.0006380761719371,1.0015911182933694,1.0014084213072476,1.0011950919553245,1.0014406999465488,1.0008202179969656,1.000006732349654,1.003475975298451
60091.74821951165,1.0007621115762335,1.000602267052428,1.0003900167794197,1.000368728414611,1.000038576938946,0.998971743469004,1.007187318234715,0.9809306425822185
60091.74830326393,1.00027819367212,1.0003857892566277,0.9993686563277618,1.0002519953604267,1.0011873400641824,1.0001102642957123,1.0069506882070385,1.0015873127600028
60091.7483870162,1.0001552114920909,0.9993586712191557,0.9994699320451073,0.9987220950582201,0.9992834377704469,0.9982729690029609,0.9892681166629617,1.0110084783771516
60091.748470768485,1.0001641839042654,1.000247659438044,0.999619521718496,1.0005143225912232,1.0002765645307556,1.000098867066606,0.99639969773543,0.995858540923176
60091.74855452077,1.0011034632519593,1.0013088551688867,1.0010403462147681,1.0002981006848408,1.0010796866288352,1.0009803266521313,0.983874716289027,0.9999921062166032
60091.74863827304,1.0004476194822185,1.0000543797347747,0.9999539062237687,1.000531913148812,0.9998470177586057,0.9992689612627281,1.0172426159036352,1.0051272786844994
60091.74872202532,0.9990232566370182,0.9999107055637761,1.0007287375706038,1.000509048793785,1.0022966958060264,0.9991240032035518,0.9928232221045205,1.0059608653953547
60091.7488057776,1.0002547393475105,1.0001580118642461,0.9998566272687035,0.9988900307663762,0.9995670278034425,0.9978173677497718,0.9948201398172408,1.000273252264313
60091.748889529874,1.0014840459826178,1.0008900622065566,1.000360924254014,1.0012644798736114,1.0017758347539452,0.9986760832054283,1.0102960802090117,0.9982704577859082
60091.748973282156,1.0007593812165048,1.0009439336517885,1.0004062193709433,0.9996736622110726,1.0015369526468592,1.0014820884636026,0.9957881241193244,0.999752879361817
60091.74905703444,1.0010112660642767,1.000690471776764,1.0003805032865192,1.0006913984881352,1.0009164178818535,1.0006366384722687,1.0156164168892088,1.0004761374370081
60091.74914078671,1.0007767443468454,1.000017629532778,1.0007160705009985,1.0012917367833676,1.0012709698828341,1.00124218755802,0.989529986583489,0.9984650616587009
60091.74922453899,1.0005164448368322,1.0000298801534644,1.0006828146217934,1.0012297502470195,1.0010620158044976,1.001519128451091,1.0070359377117803,1.0084952221663293
60091.74930829127,1.0001806363195955,1.0000475577090884,1.0000475877606556,0.9998321892400763,0.9996129531981984,0.9969341999594652,1.005086271131092,1.0033740463897183
60091.74939204355,1.0002284038049951,1.000470126099843,1.0003474420785998,1.0007242942944128,1.0007331130405004,0.9994908355927438,1.00113851586147,0.9956101400740902
60091.74947579582,1.0004804419263553,0.9999247963634317,1.0007720472140278,1.0007873769256066,0.9996352188447656,0.9988762649430524,0.9815007334148751,0.9964248258186535
60091.7495595481,1.0001514106851637,1.000208133037381,0.998299237921482,0.9989218697593593,0.9994530749023693,0.9987190432798476,1.0074165669566844,0.998684400879613
60091.74964330038,1.0012725075321185,1.0016352471526846,1.0021133445271138,1.0018554582426822,1.003470981057513,1.0037371826810857,1.005172786783425,1.0145767872841875
60091.749727052666,0.9997715779396587,0.9995505744116032,0.9992854321639987,0.9985648850080103,0.9994919657346871,0.9975254790484775,0.9711595391102195,0.9935772140160085
60091.74981080493,1.0006369627724279,1.000669586406297,0.9998150040719144,1.000280477027062,1.0001024083565546,0.9990773425096736,0.99360387951618,1.001090957812029
60091.749894557215,0.9998072183809406,0.9995787712068682,1.0011009095161447,0.9994370358820052,1.0010562907695135,1.0010397140099363,0.993132129723963,0.9997973326928273
60091.7499783095,1.0000978108220475,1.0010234240710545,0.9998467902168781,1.0000246749204638,0.9996292240581031,1.000216075540679,0.9908188254189302,0.9895909646609258
60091.75006206177,1.0010114875469747,1.0006950152393586,1.0009883461099929,1.0010945426009552,1.0009145733417066,0.999754012113993,1.0104506580050656,0.9973846563367611
60091.750145814054,1.001048775928749,1.001751483432246,1.0015131794063077,1.0015392371728897,1.0021501710602745,1.000708120955442,1.0022423127747668,1.001008669979828
60091.75022956633,1.0007734215287758,1.0012933446329433,1.000858101810728,0.9999232795172628,1.0014970788581363,1.0007918992835538,1.0078663535753671,1.005725599484116
60091.750313318604,1.0012620783119837,1.0010780263267538,1.0006751613002134,1.0011287426245077,1.0009833603315352,1.001760298533787,0.9876217395535647,1.0026216185808032
60091.750397070886,1.000607888363736,0.9996205068949496,1.0001752607232177,0.9998916772604276,0.9993583218342796,0.9996989335331353,0.9901962893794858,0.9923865089178524
60091.75048082317,1.0005836667260237,1.001182324396569,1.001175981489569,1.000716596207157,1.0009271433956952,1.0026795390944085,0.9971458916065726,1.0133010851731765
60091.75056457544,0.9998704020177899,0.9998713661116584,0.9999159239235064,0.9990092976799833,1.0008134897474668,1.0019600694123658,1.0025721220045825,0.9966364500671981
60091.75064832772,1.0001749433005989,1.0004348214289474,1.0003086958879095,0.9991943307828072,1.0000404792963888,1.0011326756261163,1.0020301327157546,0.9929204633988399
60091.75073208,0.9998727623470364,0.9995485634377713,0.9994010840048154,0.9990293999637354,0.9990014296361374,0.9993580249340148,1.000427356018071,0.9917479235388645
60091.75081583228,0.9999733088233334,0.9997445754119064,1.0000765299234398,1.0004547769446375,1.0000037621324507,1.0008341754363703,0.9930114893468048,0.9985429786305132
60091.75089958455,1.0000448264161872,0.9996928853522778,0.9999991294806501,1.0001386024344494,1.0005054008982293,1.0001695282163128,0.987734162450297,0.987110813382369
60091.75098333683,1.0004039899636332,1.0007685809604159,1.0021300444399894,1.0027018050759526,1.0028098551826168,1.0029975198518792,1.0095011836896028,1.0052570885428997
60091.75106708911,0.999820941066649,1.0007053142653615,1.0000861159179961,0.9997576916793597,0.9999450454561445,1.0001064508060777,0.9873900074049003,0.9987189326486401
60091.751150841395,1.000366502310441,1.000045639634892,1.000835766469831,0.9997800393922646,1.0015243336945314,1.0010921869409208,1.015089648947265,0.9986815340597038
60091.75123459366,1.0000742589358322,0.9994932935816659,1.0005304549398042,1.0004034566454123,1.0017852830481642,1.0021322204792145,1.0204851247658415,1.0094693161534583
60091.751318345945,1.0007641576919983,1.0005369535006587,1.0014483393375577,1.0015795895447057,1.000355663394396,1.0025349149425538,1.0167302150350648,0.9939767052561085
60091.75140209823,0.9995107742913372,1.0002275405055339,0.9998726345095919,0.9986397119255871,0.9995676914237565,1.001597931955531,1.0006194296268052,1.0030601494074913
60091.7514858505,1.0001740118970668,1.0005454145185433,0.9993434122023201,0.9997740436218574,1.000784040660483,1.0037034883391545,1.008440309190122,0.999771293943122
60091.75156960278,1.0006401085828696,1.0005162178550342,1.0004830690502442,1.0000325176216525,1.0006329057494003,1.0009003748706151,0.9988088581361463,0.9930880386303504
60091.75165335506,1.000383596595022,0.999556019479528,0.9999698728924133,0.9999601832381106,0.9997204792733315,1.0011873120854478,1.0285425232682923,1.0015303796350392
60091.75173710734,1.0005943269854836,1.0007456201929332,1.0007931016797593,1.0006782149915336,1.000409929511046,0.9999361260943269,1.0049191705758163,1.0022800111763177
60091.751820859616,1.0008208558449674,1.001706346595922,1.0011261148809407,1.001077431397925,1.0011133309313425,1.0010913772473806,1.012959981420846,1.0031009229398125
60091.75190461189,1.0002173014202822,1.000548986142406,1.0002987903350402,0.9997861327683524,0.999778608857719,1.000634146137925,0.9985083332598809,1.004711354852963
60091.75198836417,1.0007457917984797,1.0007725692598954,1.0005250732864486,1.0008704274458051,1.0010460978359217,1.0017987682349079,0.9791448176915871,1.0075312561863978
60091.75207211645,0.9996773482885348,1.0006446521440795,1.0008706895097024,1.000434526557475,1.000155027834116,1.0012574859777035,1.0020737907922825,0.9940353977040249
60091.75215586873,1.0010299429157228,0.9997681878176581,1.0011345886676402,1.0008690982039892,1.0020664972705398,1.0008660250557369,0.9830979418451705,1.0053821142122707
60091.752239621004,1.0013612628114612,1.0000669321675422,1.0007705574012433,1.0015797367508217,1.0011695831687895,1.002037527206331,1.0101287031104587,1.009553010961987
60091.75232337328,1.0006603625927604,1.0004999284306675,1.000656106876253,1.001387677733877,1.0006231013829658,1.0018622232443628,1.0016780875215294,1.0028395689799205
60091.75240712556,1.0007791738303624,1.0009403104382997,1.000322850354835,1.001698198292939,1.00188709481601,1.0019382231122125,1.0017807263712206,1.0061490418591001
60091.752490877836,1.000471570593885,0.9996726869921753,1.0002041912238406,0.9999616133756863,1.0009030953922005,1.0005537857173843,0.9974969034242818,0.9863378633603895
60091.75257463012,1.0003841225245396,1.0008331997122983,0.999737974138627,1.0003721188909986,1.0007971310701371,1.0000918332107642,0.9928997126660007,0.9930801531149234
60091.75265838239,1.0002479421705779,1.000387075357907,1.0002046866203704,1.0003838684115987,0.9997534317641357,0.9995670939411905,1.0473345358613801,1.004176903313375
60091.752742134675,1.0020935079253086,1.0018738485976697,1.0027838889790384,1.0035090331675296,1.0038411195287649,1.002445340949892,1.010165627982134,1.017361950489459
60091.75282588695,1.0008957184671714,0.9998008815299273,1.000637544565301,1.0010421404140446,1.0010390773068076,1.0023698064631785,1.0105399191413558,0.9996602447133414
60091.752909639225,1.001239468068543,1.0019178766401289,1.000928490350803,1.0013750947265654,1.0022191224582937,0.9999274395848318,1.0026972442153985,1.0000505784938525
60091.75299339151,0.9999445968313276,0.999649031807897,0.9989000988468301,1.000532500378086,0.9990348926904652,0.9987211293301433,0.9999422256850615,1.0055624946968693
60091.75307714379,1.0002761120078045,1.0014257179303903,1.0020469845655067,1.002488947275475,1.0032954435676085,1.0020089636023584,1.0060040923501763,1.0139495884988916
60091.75316089606,0.9994860378034933,1.0011566462987804,1.0002452669029205,1.0008543506237118,1.0002570859647661,1.0014564333095421,1.0090995898114306,1.0043541198853874
60091.75324464834,0.9995078310603762,1.0000160086097187,1.000317421033811,1.000194707555565,0.9999163723808099,1.000326221048972,1.008232102592879,0.9921727158677269
60091.75332840062,1.0005895547632138,1.001398368277645,1.0016822622877535,1.0016654202316142,1.0023694638316647,1.0027417738549282,1.0085465210068785,1.0110599380433645
60091.7534121529,1.0003291643602301,1.000183516740927,1.0006377684108607,0.9995140234842725,1.0000603017723793,0.9982823399873769,0.9648446465164594,0.9944827750782694
60091.75349590517,0.9999093501020585,1.0003214568016292,1.0004626928014586,1.0002685435611292,1.0015222104213786,1.000860658489491,1.0234948925371106,1.0067673701438116
60091.75357965745,1.0006506550554615,1.0005874300548054,1.0003590470989636,1.0011937677483262,0.9997184574767061,0.998902701234033,0.9886039385640601,0.9993193050357196
60091.753663409734,1.0008584779210392,1.0008929454153872,1.0010399329817494,1.0012867154745775,1.0011497446012536,1.0033135644813092,1.0289619585423713,1.0062062788455644
60091.75374716201,1.0002104204915945,1.000950074285783,1.0011992040605147,1.0018159284903467,1.0018769811551076,1.0037017363986138,1.0202297863280336,1.0152426630349205
60091.753830914284,0.9994147531402862,0.9999049009008353,0.9998232299716409,1.0002838575335127,1.0010656240528435,1.0015794085811471,1.0061777136371044,1.002838464714784
60091.753914666566,1.00038873359688,1.0005485625072976,1.0006049312372092,1.0015369419439029,1.0015262983599345,1.0021453893793804,0.9757090466168725,0.9934345081005529
60091.75399841885,1.000436554588887,1.0013483641388965,1.0014339497025857,1.0008987968509526,1.0009122219802562,1.0009722786111683,1.0109951832367594,1.003291388455446
60091.754082171115,1.0002342129212523,1.0003431173573036,1.0008022590049739,1.0008010437647412,1.0001515997736543,0.9994048824607393,1.0062867491623033,0.9989064135433542
60091.7541659234,1.000102327168265,0.9994929290064632,0.9997904190661582,1.0000786023082973,0.9987252249363173,0.9987948931512167,1.005244150935904,1.000197982982498
60091.75424967568,1.0003653881232977,1.0009094147011102,1.0008915355284562,1.0006941805491332,0.9993571021201012,1.0004718680433544,0.9960831077454937,0.9967617824073272
60091.75433342795,0.9999354180590287,0.999914817282497,0.9997920419936431,1.0001646197321208,1.0015458941821447,0.9988903838839087,0.9969514035629745,0.990467317911894
60091.75441718023,1.000271581379156,0.9999715490787797,0.9990124903398938,1.000153598216302,0.9998008883504994,0.999604940815141,0.998890753430114,1.0029134126065835
60091.75450093251,1.0005236419743413,1.0012005294050386,1.0011024927771852,1.0012850211835278,1.0009860155612347,0.9992277781023965,0.9875317875913993,0.9972606784108913
60091.75458468479,1.0002064704542672,1.000406319182234,1.0001516462432698,1.0004488705547132,1.000043342780621,0.9988229855709593,1.0053860196965358,1.0167525033711207
60091.75466843706,1.0008881234694436,1.0005205348468331,1.000764554181116,1.0009561925305297,1.0008643471384577,1.000251324389752,1.0040116487045148,1.001657342878274
60091.75475218934,1.000720401469347,1.001082847338982,1.0012409033444138,1.0011604042024667,1.0019749540291263,1.0028049358688733,1.0018862004658076,1.0052115056947362
60091.754835941625,1.0007019039359217,1.0007027430205309,0.9996753235745904,1.000187107821735,0.9998750397500628,1.0008576715696038,1.0118708921244646,0.9935222241382006
60091.75491969389,0.9999913791965522,0.9991142595564062,0.9997194570421382,0.9995738045210648,0.9983903775314027,0.9990531468877012,0.9873976715893357,1.004312216515079
60091.755003446175,1.0011735320182116,1.0014756636477185,1.0010224142266442,1.0014854749869082,1.002137687950526,1.002177900956314,1.0089705595702587,1.0018318454258155
60091.75508719846,0.9999567212499986,1.0002487167061316,1.0005178685995284,1.001929865475772,1.0007557492915695,1.0020420647736281,1.0192771363812105,1.00658195581405
60091.75517095074,1.0004432284748346,1.0013273626279229,1.0021401771219394,1.0024874123040144,1.0034658597049555,1.0023511509739407,1.0362343457651284,1.0027268606136046
60091.755254703006,1.0000133602253953,1.000554781483459,1.000152580423896,1.0006879570155212,1.0011690329377358,1.001643074944679,0.9915756081138288,1.009228913393556
60091.75533845529,1.0000044449429446,0.9997880230072262,1.0000010461889202,1.0008137775174961,1.0009054279801817,1.0027048032818895,1.0275994518416163,1.012433382604261
60091.75542220757,1.0012638351035033,1.001349902186542,1.0016560868123072,1.0015155918228684,1.0004961229997527,1.0028785203473554,1.0239100250630835,1.0032415872527987
60091.75550595984,1.0004075964874917,1.0000056902376062,1.000842326076949,1.0015413221857603,1.0016690373513806,1.0037749327648287,1.0010862206812905,1.006594034040683
60091.75558971212,1.0003340000658048,1.0004773877227748,1.0012085144657477,1.0013947160107195,1.0012823129253159,1.0022215206535672,1.0033432954042578,0.9924169403916384
60091.7556734644,0.999939881791291,0.9994782885985165,1.000755442561006,1.0019782662784211,0.9994952203432603,1.0014151046130149,1.0402407318397346,1.0047580061971373
60091.755757216684,1.0005695393539347,1.0011873706026218,1.0009183738600083,1.0005858239367005,1.0020990691152185,1.00210267414154,0.9926767443823525,1.003587659796042
60091.75584096895,1.0002973701461058,1.0002627601301652,1.0002690388031734,1.0010723291830983,1.000661478159022,0.9991503680894867,0.9857569869780022,1.0133671142905485
60091.755924721234,1.0001368926990888,0.9996987230249175,1.002111940085878,1.001613800834287,1.0019068997659375,1.0022810414690357,0.9792916709680773,0.9849288824118064
60091.756008473516,1.0001163185422066,1.0010306475125552,1.0006090067285127,1.0013170495554593,1.0009118509391615,1.0008057527733525,1.0074522798026175,1.0049182295938965
60091.75609222578,0.9990599291414652,0.9990414776401103,0.9989592263436834,0.9987344555365435,0.9985698529592192,0.9979248119954727,0.971910141145776,0.9907166817259406
60091.756175978066,0.9997965132788484,0.9993023698897758,0.9994214422131056,0.9998933859081863,0.9997844940597113,1.0003407158751116,0.996908415508309,1.005243078345268
60091.75625973035,1.0006188248727153,1.0002032958076226,0.9995766267800139,1.000158161954845,1.0012833062975661,1.0007306288487823,0.9991634464987924,0.9944125314642521
60091.756343482615,1.0004531790234958,1.0011864317735886,1.0002926829102945,1.0012369451515681,1.0010863810858626,1.0005780278990632,0.9962112832244695,1.005625939015616
60091.7564272349,1.0012773608281873,1.0009136300460229,1.001258643152199,1.0023263561014584,1.002610754680905,1.002092095054199,0.993581916429911,1.0101029485845094
60091.75651098718,0.9998655194217339,1.0000888838725903,0.9996485181537323,0.9992606078315827,0.9998357077100287,0.9996159730836254,0.9697652845954863,0.997276524462224
60091.75659473946,0.999908403996024,0.9996541717436164,1.000124030396564,0.9988933064389423,0.9995428434584058,1.0002935023555701,1.0332136060935244,0.9940664873109427
60091.75667849173,1.0000639877675992,0.9995492641117245,0.9997891500418621,1.000381540481219,1.0012607120217285,1.000962952998849,1.0094883711402534,0.99270442686314
60091.75676224401,1.000201587805702,1.000164255869038,0.9997630468038802,0.99995428572143,1.0000437821172274,1.0006917388214762,0.9942733265804403,1.0046618215627101
60091.75684599629,1.0003433693930377,1.0007630082592456,1.0000130326638565,0.9999754611691728,1.0004884074156783,1.0006427452568751,0.9769048137259402,0.9964844799873194
60091.75692974856,1.0001974395996451,0.9995159530478558,1.0000525079471998,1.0002029114675617,0.9997072809006359,1.0026475458214776,0.9966305138094003,0.9998814300155299
60091.75701350084,1.0000727446305857,1.0000509733509513,0.9999750952383827,0.9990198626225493,0.9974060894577051,0.9975057534349929,0.9972755398421213,0.9839903128084614
60091.757097253125,0.9988867197998803,0.9989294852457613,0.9993150745848363,0.998785316819881,0.9992163152576217,0.9993402380734588,1.0055762279078575,1.003122187806316
60091.7571810054,0.9997007070468782,0.9997373392006964,0.9999887634799929,0.9994672530155289,1.000110864650671,1.0025116375589678,1.0182110723451152,1.001508992796678
60091.757264757674,1.0003791332303225,0.9999483781218809,0.9992828210476264,0.999960345797929,1.000080192481511,1.0014194170607567,1.025765210497875,0.9996026566244641
60091.75734850996,1.0002005906084712,1.0006435082335141,1.0003861652091595,1.0000760833040803,1.0010861158248479,1.0013452404777632,1.0105970769105188,0.9928241496559455
60091.75743226223,1.000524956693117,0.9998342842803092,1.0006356309518436,1.0004507636961513,1.0003706558496412,1.0038392273200185,1.0181448358582552,1.0043213926143655
60091.757516014506,1.0010515072336386,1.0014328497492262,1.0005241774135685,1.001089772235473,1.0011423997464226,1.0045220130276333,0.9968611726664666,1.0023907854744727
60091.75759976679,1.0007461445010122,1.0004814475326271,1.000134901417864,1.0003113071122967,1.0008892657070219,1.0011682912779556,0.9885993246807692,1.0060609190347036
60091.75768351907,1.0002004687352275,0.9998427263351752,0.9999956338893675,1.0009431418833354,1.00077690131589,0.9995312406863966,0.9966900702533402,0.9962342753053732
60091.757767271345,1.000262280261033,1.0004935193135336,1.0007857565940057,1.0003472989328803,1.0006029659326585,1.0017868230992724,1.0184683399013519,1.0134628207017031
60091.75785102362,1.0008038013621612,1.0006392141633433,1.001020139614573,1.001516331492475,1.0011906714506325,1.0018853985339833,0.9952256947655301,1.0030173835559988
60091.7579347759,0.9997286303546435,0.9997524746902756,1.000127039838014,0.9999479123895184,1.0005556686401182,0.9990667928561647,1.0026714658790867,0.9881390732662525
60091.75801852818,1.0000811383942698,0.9996828339309396,0.998816874079201,0.9980166499511353,0.9987161708849558,0.9993766545657462,0.993747242552972,0.9936156276155095
60091.75810228045,1.0014403373330636,1.001013097079388,1.0019155027562,1.0020773052372238,1.0007982563556352,1.0027322369492624,0.9835015981654759,1.0072003900836746
60091.758186032734,1.000208393279047,1.0005381168211824,1.000155558351092,1.0003717877893996,1.0004786289953016,1.0008870894227317,0.9982251220871283,0.9996646935286697
60091.75826978501,0.9999770970281154,0.999917336043822,1.000776549298884,0.999460601422683,0.9998277097130991,0.9996230665628828,0.9949336103845215,1.000448168093544
60091.75835353728,1.0003339188344786,0.9996191610952789,0.9998603258721703,0.9993851337871216,0.999594433825518,1.00026289258745,1.0059933312475506,0.9912258168314904
60091.758437289565,1.0001627755620546,1.0014372077956408,1.001265990087292,1.0021459806539816,1.0020208273446565,1.0004451605049702,1.0112223672302478,1.0053960868801002
60091.75852104184,1.0016804065672253,1.001779279386334,1.0018404923771025,1.0031058041108483,1.0030902583412176,1.0040732580722684,1.0169525765117289,1.007391274366484
60091.75860479412,0.999914667052045,0.999408006672073,1.0012554236031395,1.0019386917610698,1.0022821166165892,1.001507941624624,0.9863792465090755,1.0111886140885604
60091.7586885464,1.0004404978525614,1.0006308857588908,1.001270312899444,1.0009589821686795,1.0011059525212735,0.998511290583054,1.0039062282605455,1.000639674928165
60091.75877229867,1.0002311715510872,1.000688758847949,1.0011600994376408,1.0017662943566727,1.0018858786569402,1.0004903516530494,1.0262631942028735,1.003310936568247
60091.758856050954,1.0010503685248213,1.0004664943944974,1.0003132326195747,1.0010713693274385,1.0004738760642846,1.0005267295750062,0.9939860481184235,0.9991450411263877
60091.75893980323,1.0001485554591818,0.9995984292167187,0.9994320751979962,0.9984129231325012,0.9986667893630897,0.9979567481146766,0.9903296970502838,1.001457868081604
60091.7590235555,0.999770246523041,0.9995942802742951,0.9999511501795684,0.9990961755591975,0.999910196595449,1.000301000479164,0.9779948907242555,0.9942933144004017
60091.759107307786,1.000740539486995,1.0000828893879197,1.0001036704899007,1.0022826331432781,1.0023786996301682,1.0016417603077474,1.0096183946159698,1.0031596913707108
60091.75919106007,1.0009854389132935,1.0006948305893613,1.001342842861406,1.0017376166312315,1.001284988051151,1.000964607818541,1.0108573374346932,1.0130671371245483
60091.759274812335,1.0006380184646149,1.0002298722544651,1.0007551803322166,1.0005254239163859,1.0004750735746255,1.0005116382043133,1.005928711016085,0.9825473721777555
60091.75935856462,1.0001791517869163,1.0007575919870153,1.0000436300986957,1.0006788219114329,1.000822102778223,1.0000657141735754,1.0030866041122006,1.001918665114684
60091.7594423169,1.000019899951008,0.9995058228374107,1.0008186972929263,1.0007521337974223,0.9997343761313557,0.9997433565337777,0.9975294932073842,1.0077820632388879
60091.75952606917,1.0004895728105032,1.0003312927979704,1.0008562856461387,1.001467377956533,0.9996446244153083,1.0003927142344784,0.9889288346958203,1.0078834586234489
60091.75960982145,0.9995698094595847,1.0003015603813048,1.0006188866170793,1.0007029373439715,1.0005348428126248,0.999654217260324,1.020808016155189,0.9974649247588444
60091.75969357373,1.0002864788998305,0.9996764554611082,0.9995401594284562,0.9992381462620002,0.9989530264552715,0.9989511665349023,0.988634094923401,1.0062221089882049
60091.759777326006,1.0001185230249265,1.0005834892586447,1.0016600614957387,1.0022791870346435,1.0022586208399986,1.0027775859954768,1.0045040951212552,1.012146881689159
60091.75986107828,1.0006680775209014,1.0011218183211357,1.0012035609910932,1.0017887313503613,1.0009761356643305,1.0011686729056024,1.0049434753003565,0.9977312648847738
60091.75994483056,1.0010743155407906,1.000503301294004,0.9999579011744509,0.9997881618000283,1.0007228768842695,1.0015334428482456,1.0010441411179773,0.9928901648131073
60091.76002858284,1.0002854809674748,1.0003180423728886,1.0003938975994373,1.000706157783088,1.0004046144362426,0.9996119246631587,0.9854655743117999,1.0007765019988373
60091.76011233511,0.9988213584598687,1.0001688274888418,0.9993377446561784,0.9997054084337944,0.9998377149119969,1.0013769595072743,1.0102043925254542,0.9973389392937307
60091.760196087394,1.0005561117159454,1.000843801444262,1.0010409521565085,1.000657219052502,0.999376429874632,1.0007634248515407,0.9944105889625844,0.9889902051127738
60091.76027983967,1.000488680788674,1.000661467041987,1.0000716363824806,1.0016069374799845,1.0001736779350088,1.000797902044329,1.0245126750840323,1.0015949926675152
60091.760363591944,0.9999085148423908,1.000398323492559,0.9998678582318521,1.000601205704654,1.0009948539983644,1.000919125753269,0.9762173547322065,0.9950218110365939
60091.760447344226,0.9993930479408912,0.9996979261950525,0.9991784175311045,0.9997912129994685,0.9995754469872122,1.0009315900903628,1.0070230567814553,0.9949404869831777
60091.7605310965,1.0004966769021753,1.0000293198186172,0.9996635730980159,0.9996284224267168,1.0007625410463121,1.000676491732182,1.0002487249083891,0.9979987908460355
60091.76061484878,0.9998673831739591,0.9999738325582096,1.0002385872397033,1.0006828658174745,1.0016311543612293,1.0017529625796755,1.006661410116347,0.9916504372322276
60091.76069860106,1.000520147609573,1.0001371515862583,1.000295411516336,0.9997994980667502,0.9984583770334416,1.0004977818804455,0.9706431742394225,0.991993278252899
60091.76078235333,1.0008567289533512,1.0003996275991287,1.0006024698418514,0.9998790482917078,1.0004175848453811,1.0014147351111349,1.0032385065505767,0.9997905752625363
60091.760866105615,1.0002616694245638,1.0001708671306713,1.000302729126189,0.998364063513363,0.9985944926076666,0.9996976578174193,1.0100129254444552,0.9945615902769163
60091.76094985789,1.0000451434651514,0.9997845905731955,0.9988795492130333,0.9992777069709895,1.0001036174054068,0.9992985069863546,1.0289666090246683,0.9939323216791971
60091.761033610164,1.0001457424503857,1.000991901468832,1.0018479928073722,1.0014246231290602,1.0012798452431995,1.001499846511123,0.9932538279118807,0.9967155358622933
60091.76111736245,1.0000209935546478,0.9994052770828461,0.9985982960044282,0.9994349132326233,1.0003100881466738,1.0009957647441863,0.9990330824097217,1.0072534288186703
60091.76120111473,0.9998972332971836,1.0001530454688772,1.0002185939551556,1.0004417945915096,1.0012262507926357,1.0009700101817787,1.0093527821896333,0.9966425686144228
60091.761284866996,1.000630007071013,1.0008150717051763,0.9995800499073821,1.0006352082736094,1.0004268053631542,1.0003583382854346,1.028678281181706,0.9948051199438922
60091.76136861928,1.0002018544985953,0.9995153060066818,0.999759018112188,1.000644996558103,0.9997377874141985,1.001915358585016,1.0153487499793208,1.0085834521494235
60091.76145237156,1.0002637022030585,0.9995489100076835,1.0004372560427786,1.0003972565411514,1.0004698691447877,0.9994500723402352,1.0124472850375539,1.0046123704373708
60091.76153612383,1.0011428179129305,1.0006510850128731,1.0005024957953048,1.0009249954519235,1.0009027793617373,1.0007977157582684,0.9845602775623346,0.9928980402339879
60091.76161987611,1.0012044019700186,1.0007954963791938,1.0010623145938753,1.000874759881816,1.0021944959076154,1.000885076167525,0.9983888147635591,1.0020646101744857
60091.761703628385,1.0018394329822655,1.0009355952231143,1.0016326583230724,1.0025090434277162,1.001953958990927,0.9993971853180171,0.9864718634618186,1.0109334504958525
60091.76178738067,1.0001588809216564,1.000075456714731,1.0003664626860669,0.999083622162598,0.9993070372065265,0.9990387917035686,0.9969040911708034,1.0081047896940192
60091.76187113294,0.9991734072038193,0.9997337325239812,1.0004910911829539,1.0004344629991284,0.9997023528337315,0.9983576134698222,0.9824652157837297,0.9882293048335905
60091.761954885216,1.0005212970827224,1.0007712701335125,1.0010312053449009,1.0008866700180967,1.0012599774863495,1.000837467443796,1.011918129939834,1.010856124759282
60091.7620386375,1.0007293884264974,1.0017407495976391,1.0010962287247087,1.0021229285151962,1.0008705315932946,1.0012346235423195,0.9949559874392342,1.0139912968801226
60091.76212238977,1.0008670529455754,1.0008205410993976,1.0008710179372964,1.0015604004573098,1.001129326426239,1.000278659343799,0.9715325535627659,0.9924688170017483
60091.76220614205,1.0006022431278725,1.0011476018967234,1.0010283829886704,1.000358864209049,1.0011627929733051,1.000753700532934,1.03765340761679,1.0107826524789014
60091.76228989433,1.0002979413908364,0.9998795075037173,1.0009751688491428,1.0011996423341525,1.0014007591720917,1.00136823369194,1.011374399746064,1.0129473398199043
60091.762373646605,0.9993747706824588,0.9997275554324666,0.9994030052043386,0.9995081340930905,0.999975915651103,1.0001102014873429,1.0180636307793067,0.9928948025607852
60091.76245739888,1.0006886066251157,1.0007080488986237,1.0004779474366636,1.0002457942591725,0.9998723298839539,0.9990632835026309,0.9930008999296456,0.9984590362160611
60091.76254115116,1.0008348230647974,1.0001380926499905,1.0004270398763604,1.0009130059050968,1.0010836638600547,0.999858279682011,1.038720219916686,1.0040448766769094
60091.76262490344,1.0005631738004674,1.0009660621534626,1.0010261167929813,1.002516066749653,1.0025173337806994,1.0015486362386778,1.0154548815644941,0.9974351460657329
60091.76270865571,1.0007297464324327,1.0004123743230242,1.0015886900883453,1.0020266071617507,0.9998098472247368,1.0006074075597362,0.9894400004133828,1.0053366218315896
60091.76279240799,0.9987504991190546,0.9990356778296591,0.9987732235911893,0.9982661689038995,0.9998765356400635,0.999520639769976,1.0021448409123739,1.008907184475251
60091.76287616027,1.0003665539267266,0.9996035563188802,0.9998479263151816,0.9995367889375268,1.0000343136150216,0.9998002977997997,0.9880329376252927,1.0008640895540357
60091.76295991254,1.0007356724335845,1.0004994073626767,1.0003302885114285,1.00088139602126,1.0015772406369448,1.0013143047714537,1.0231405849413753,1.007549859856557
60091.763043664825,1.0010268927765653,1.0011064843902728,1.0020723551253814,1.001556960380487,1.0024983141979702,1.0037155104062705,1.0059481418769838,0.9968552088986372
60091.7631274171,1.0014196934443123,1.001061595350159,1.0011615869104447,1.0013924648987025,1.002000890231999,1.0018642798270876,1.0047439728264045,1.0191605429185369
60091.76321116938,0.9993366083419299,0.9999500811541715,0.9994958587655233,1.0007229590207851,1.0008222951906915,1.00056756803831,1.0053180819056613,0.9949117902063461
60091.76329492166,1.0002710927309844,1.0008967119688637,0.9992216289708282,1.0000292334746401,1.0000638796463743,0.9983489911452442,1.003416035553706,0.9984840663562398
60091.76337867393,1.0001838522294682,1.0003663518435064,1.0002891211579492,1.0000899585647423,0.999991002285547,1.0009557702801541,1.0146913407941736,1.0015127001088757
60091.763462426214,1.0004169489068466,1.0003910349893892,1.0002510816791295,1.0002748231756353,0.9989179681550071,1.000823347956369,0.9889287209718698,0.9947564024260268
60091.76354617848,0.9996993746850997,1.0007384565136723,0.9999410967927659,1.0010084089276692,0.9994106254684886,0.9986637505445832,1.0239060979914705,1.001567493463861
60091.76362993076,0.9997541759527042,0.9996718359548942,1.0002296785185525,1.0011065027364687,1.000787944856046,1.0000267808862287,1.0007669405858648,0.9962538267047708
60091.763713683045,1.000653210087848,1.0013454560291324,1.0022095828701787,1.0026860839313525,1.0018157318068008,1.002678096789412,1.0057644420056624,0.9950325958544594
60091.76379743532,1.0019192931425895,1.0023338280228813,1.001785101527271,1.0017141858342489,1.001983895377301,1.0030225253090954,1.0173851067775592,1.017928321705047
60091.763881187595,1.0015805921705343,1.001031937508596,1.0014176865735007,1.0009372439678574,1.0016872239783492,1.000879536007799,0.9957775504622524,0.99983524453859
60091.76396493988,0.9994778008314964,0.9995179980529633,0.9992149802934825,0.9997663319754874,0.9987990142137432,0.9990628473866316,0.9674616653089961,1.002966963972387
60091.76404869215,1.000309152784103,0.9999317867577362,0.9997291723394913,1.0001044107856436,1.0008495709211473,1.0008680126558707,1.0154649412647074,0.9991311211223551
60091.76413244443,1.0004412007897068,1.0011078465351715,1.0003666058777807,0.9998790522796825,0.9996438858882278,1.0010157826581592,1.0178917509034588,0.9911772536584587
60091.7642161967,1.000179088933718,0.9999761101635735,1.0006872929671695,1.001167575179167,1.0000737965912545,1.0007702601066166,1.0014077796189818,1.0141194651148522
60091.76429994898,1.0005926106783543,1.0005296709992522,1.0015220682753652,1.0014644181814125,1.001420434890695,1.003150085605159,1.0174576306315932,1.0072324524918672
60091.76438370126,1.0007076642713761,1.0013271157255923,1.0001750100811064,1.0001698846064655,1.001055163737646,1.0002839697617378,1.0074614828906137,1.0127620141499971
60091.76446745353,1.00037295177319,1.0006688683655391,1.0005722757517257,1.001375999448475,1.0026944106950955,1.0051189168935775,0.9979072409394072,0.9956466339725524
60091.764551205815,1.0015489752265831,1.0007540974921971,1.000335334566282,0.9999295005583906,1.0027569239781449,1.0033202574728646,0.9957533565470064,0.9940292557828388
60091.76463495809,0.9999798262326474,1.0004703406309605,1.0000846846047258,1.0003305822900965,0.9999078915751539,1.0001440019449181,0.9934699981177598,1.0118804243804127
60091.764718710365,0.9990575859826414,0.9998679768392453,0.9995237431061277,0.9998167540831117,0.9996000092964502,1.0006912901478517,1.0175058743698606,0.99882991614649
60091.76480246265,1.0000130358251798,1.0002481587975292,1.0011357916063561,1.0013815096331133,1.00051875132979,1.001104489391939,0.9983673180048271,1.0100133982503816
60091.76488621492,1.0007314050322391,0.9998886177336261,0.9999905353359182,0.9999075665480109,1.001606338578969,1.0022409082233388,1.0385179215718765,1.0063495978521289
60091.7649699672,1.000131889910075,1.0003253712283402,1.0007876218981868,1.0007653630560334,1.0005206854961015,1.0003994253775716,1.0104958002000897,1.0030150585863058
60091.76505371948,1.0003780605252397,1.0003761568733023,1.0005415381822444,1.0012247110421928,1.0010486829613703,1.0042539498222616,0.9882413398535608,0.997655978246599
60091.76513747175,0.9994823761977595,0.9997268168324764,0.9992916119394334,0.9991510829918125,0.9997205364669244,1.0001442098778686,1.0034856995889765,0.998629291001905
60091.765221224035,1.0002648009000654,0.9993894154437434,0.9998793005480836,0.9997120448224869,0.9990039856970119,0.9994096542638468,0.9971408467381326,1.012087491997612
60091.7653049763,1.0005477830633436,1.0003957179610588,1.000882327855918,1.0015863499095616,1.002233922625811,1.002028489306007,1.0137759617777256,1.015472609354903
60091.765388728585,1.0011943944491606,1.000711988928602,1.0012539491134536,1.0011920992794128,1.0004850291267402,1.0022623400611306,1.0060995251574976,1.0027908411875281
60091.76547248087,0.9996967072310783,0.9996320606087471,0.9995788242482097,1.0001172753938183,0.999637039497076,0.9991953417565018,0.9788352444658991,1.0108286101320996
60091.765556233135,1.0005498735491607,0.9984380092685344,0.9986387333217146,0.9981301405326429,0.998377806167637,0.9985497979435546,0.9875463828282474,0.99870287918959
60091.76563998542,1.0005418921906708,0.999325034400001,0.9994337006164282,1.0000757423820932,0.999679016475705,1.0018171450406848,1.0298198451975977,1.005645274360417
60091.76572373769,1.0006274326103195,1.0004468621156115,1.0007375153283262,1.0012532752100545,1.0020888696951125,1.0006661112793458,1.0050697908272652,0.9994696348691683
60091.765807489974,1.0008070733515795,1.0002974095872732,0.9997265042710115,0.999252952864303,0.9997482787274503,0.9984182755446716,1.0125521696211106,1.0075871606457705
60091.76589124225,1.0001381622601782,1.0002642737238172,1.0003694003052106,1.0006364963894363,1.000317873398407,1.000519098486337,1.0032424474449897,1.0023750878247115
60091.76597499452,1.0009823493399237,1.0010599488238325,1.001941612146066,1.002289788816126,1.0004030620387228,1.0009668360378885,1.0080779630947938,0.9920908369742131
60091.766058746805,1.0004664529678249,1.0006572896231116,1.0005155356011681,1.0001169767443632,0.9999531622061829,1.0000379374083999,0.9920838712701548,1.0053045369180358
60091.76614249907,1.0006564434831973,1.0004169880190206,1.0002119022523608,0.9999219749011906,1.001029467910026,1.0000452074569095,0.994124639653601,1.009144135956651
60091.766226251355,1.0005413995518202,1.0008253566206504,1.0005917139702396,1.0009150105104279,1.0009134660812335,1.0018139737915939,1.0173670487197246,1.0012482089595576
60091.76631000364,1.0010134934934023,1.0006395697359007,1.000378218408727,1.0006544154065908,1.0009483357112492,1.001871286232946,1.0168042898701568,0.9982037741350103
60091.766393755905,0.9998388395256068,0.9997710166275268,1.000514095569583,1.0013596329997196,0.99965189005982,1.0006178575012477,1.0089065569317501,1.002933684240137
60091.76647750819,1.00005660432838,0.9989493265009414,0.9999933374248974,1.0008183065108098,0.99988564732161,1.0006305374772604,0.9899136242422628,0.9981633830216725
60091.76656126046,0.9994426800711681,0.9993783747530202,0.9995681467659467,0.9992606298152932,0.9995520854315723,1.0018205135747236,0.9838703513906771,0.9971887613166927
60091.76664501274,1.0023310408202657,1.0024813567945026,1.0026773489847816,1.00168487262504,1.0027168073817267,1.0035444817792343,0.9987498566636881,1.010650290906948
60091.76672876502,0.9999996648443344,0.9998484753860317,1.0008236335196596,1.0009930065717965,1.0002048674036876,1.0003230949762922,0.9851688745639927,1.005310378467774
60091.76681251729,1.0007382801324354,1.0001222130694463,0.999992551304654,0.999799295876433,0.9997901859136797,1.000305953838136,1.0026116919354737,0.9952997463220664
60091.766896269575,0.999242221006467,0.9994074338229105,0.9985660237096324,0.999140450203827,0.9987784657471086,0.9994717277186005,0.9957457688243001,1.0045731668652658
60091.76698002184,1.0001472206819924,1.0000906738666016,1.0005427466312373,1.0008884696415283,1.0008362627766703,1.0026951689652202,1.0244947153216686,1.0093582512262664
60091.767063774125,1.0005018883617063,1.000273188002536,1.0009766142777798,1.000584475403057,1.0006680535510888,1.000776294163612,1.0122197676039069,1.0112748724110896
60091.76714752641,1.0007537779352824,1.0009982422041723,1.0012958859808625,1.0018799101107363,1.0022367667128702,1.0021713945679651,1.0059041986702875,1.0164548005299263
60091.76723127868,1.000424652650584,1.0001956652039383,1.000496778241514,1.0006878518326883,1.0009911783276917,1.001148112206668,0.9990539998674468,0.9980219267797743
60091.76731503096,1.0001014521068228,0.9991177048239948,0.9997995514441603,0.9996871627516623,1.0005826052007178,0.9988261442691728,1.0025140270076514,1.0034271295250683
60091.76739878323,0.9995545244754608,0.9990645952196239,0.9982749295618147,0.9996062859767716,0.9994437602677682,1.0008708750386646,1.0051080998813808,1.0000410071891574
60091.76748253551,1.0011254172912085,1.0013378120811023,1.0008338662169078,1.0002377177629673,1.0001890689990347,1.0009307484055807,1.006109364617912,1.0097573498276329
60091.76756628778,1.000943021195966,1.001168594085809,1.002046852432088,1.0015747736166127,1.0015879778764087,1.003206856212987,1.0159469191265285,0.9984578971599528
60091.76765004006,1.000110681760282,0.9992585891965869,0.9994019161320958,0.9987773440110181,0.9983475344159974,0.9985946701441485,1.0154830385918618,0.9973467658225751
60091.767733792345,1.00053586138168,1.000844577523349,1.001334943615417,1.0020852011280248,1.0029292461527846,1.0027657131960812,1.0122823039434639,1.0110590164034423
60091.76781754462,1.000586738026283,1.00006589137238,0.9994776128803298,1.0003486113753528,0.9990622058431188,0.9973059347888544,0.9866745123158509,0.9935958486740781
60091.767901296895,1.0016375210477746,1.0017752322823426,1.0014696555414375,1.0027521023599688,1.0028133307068998,1.0004119119418644,0.9993580558758626,1.007411005456635
60091.76798504917,0.9999248689609899,1.0003016626028283,0.9997744560584508,0.999762479841179,0.999687184307044,0.9990474889993959,0.9946617560561568,0.9866903969455177
60091.76806880145,1.000263138729651,1.0009670228825474,1.000716837561723,1.0007532883160972,1.0010407270020432,1.0008700616136004,0.988341472029119,1.0050969629928144
60091.76815255373,1.0003886176571464,1.0008980015818132,1.0000308365946573,1.0006766328622723,0.9995677725051858,1.0009937612597704,1.0023191175431652,1.0131092794147751
60091.768236306,0.9998986733022838,0.9998600397625363,1.0003488061740415,1.0000665916750542,0.9988829391064274,1.000726780533837,1.004218196635498,1.005516259122808
60091.76832005828,1.0005643820311179,1.0002766321846992,1.000782439558337,0.9992521923575284,1.0009278519850173,1.000844753120172,0.9884270561433725,0.9886593131867921
60091.76840381055,1.0002311626770768,1.0002964244680437,1.000246811592023,1.0014748726570792,1.0006898025842104,1.0003247876712933,1.0265404540840182,1.0034322729860508
60091.76848756283,1.0003394957562144,1.000557346215738,0.9997874618968544,0.9996977599469736,0.9989600233460302,0.9980589209412537,1.0160725194980367,0.9897860559046843
60091.76857131511,1.0000382339190925,1.0001766795192863,0.999244004280103,0.998886230924386,0.9978320711417777,0.9987325955755797,0.9867749411754843,0.9890105306934621
60091.76865506739,1.000324232248246,0.9999581378830571,1.0003707510023767,1.0000287374204375,1.001119328150448,1.0003583418752555,1.0001590838894252,0.9958664247092273
60091.768738819665,1.0005233282334403,1.0011764869793236,1.0009987612125002,1.0008751288691748,1.0018506855743918,1.0001318349624027,1.021127940354726,1.0119734461117083
60091.76882257194,1.000029752307956,1.0000817060828004,1.0005916168233047,1.0005225745583148,1.000515508446839,0.9996616338706925,0.9640799214358103,1.0032390774511764
60091.76890632422,0.9997216858376325,0.9996288185072344,0.9992870284458986,0.9985200633628014,0.9987365831347893,0.9983992673083002,1.0112848398313354,1.0037588011100016
60091.76899007649,0.9997312053929354,0.9998872723808953,1.0000992155820718,1.0000512466463176,1.0002584085276192,0.9985588743467316,0.9824748441846397,1.0042618175744238
60091.76907382877,1.0004084604170391,1.0008601178127154,1.001235430469558,1.0013553698547688,0.9995504238859744,0.9980246173149538,0.9931251709910431,1.0011759852728532
60091.769157581046,1.0005623173271891,1.0000946180467354,1.0001511167660555,0.9994399213810968,1.0000885937026256,0.9988903419329382,0.9731600614148979,1.0040435010641027
60091.76924133333,0.9997356278006638,0.9995839722456471,0.9990638775584701,0.9988811045324627,0.9970822597716297,0.9966207305406566,1.0079641483362878,0.9930770028338879
60091.7693250856,1.0002617593198646,1.0007557212884408,1.0000740066695635,0.9991830323021457,0.9993363566255934,1.0003172908297782,1.0197486190198808,1.0049804422371147
60091.76940883788,1.0008411334838805,1.0007373995648277,1.00069880786054,1.0014090117534638,1.0022296715264714,1.0026331423063453,1.0080909096310628,0.998902587162459
60091.76949259016,1.0009473513980005,1.0017331461295873,1.00111918080145,1.0009089156388493,1.0004518817910244,0.9984451068509017,1.0159886403180285,0.9983864930486972
60091.76957634243,1.0004101863858126,1.0001646684583478,1.000177853082004,1.000258920378788,1.0010804933266866,1.0012521840822153,0.9973181370710623,1.0064467380801503
60091.76966009471,0.9998823505840294,0.9996456644355355,1.000181900569024,1.0002813818486709,1.0003677561906175,0.9989446385064117,0.9713716851183681,1.0020970039029105
60091.769743846984,1.000024210829753,0.9998875522290762,1.0001610663633977,1.000083830742523,0.9996192538489606,0.9994206834688377,1.0078190184244435,1.0071692591125916
60091.769827599266,1.0000578611297974,0.9990678559010636,0.9990646777563386,0.9980606197150992,0.9991536200403189,1.0008716617897409,0.9791085804518826,0.9994390920267109
60091.76991135154,1.0001861085910186,1.0000426808293819,0.9996551233904712,1.0003288140719657,0.9990334008545357,1.0013343274965962,0.9876473740245414,0.9900892662835057
60091.769995103816,1.0003450800817104,1.0004274003123457,1.000534939286098,1.0005744985870595,1.0001862948291156,1.0010957266729763,1.024571144780087,1.0030899152046242
60091.7700788561,1.0008700826587564,1.0009182094553493,0.9996877146019726,0.9999937427929269,0.9997985447229698,1.0020263576137034,1.0162030830403463,0.9968034091088089
60091.770162608365,1.0001200844306901,1.00076144914158,1.000589450605172,0.9999322495690482,1.0003335948380723,0.9998492595688444,0.9953886721643893,0.9982498511386141
60091.77024636065,1.0004102651492188,1.0003597874467065,1.000259826073258,1.0021222177584062,1.0003651461794074,1.0021435829167484,1.0076985254206794,1.0055831143809966
60091.77033011292,1.0011275286755827,1.0011805697746528,1.0008629476462771,1.001058670170364,1.0008307121291296,1.0006021495383368,0.9901894483149013,1.0005879058836649
60091.7704138652,1.0009796157246413,1.0011482170774724,1.0016813219175011,1.000903340549923,1.0003364158481094,1.0012125102863532,0.9701982112196519,1.0058791767566544
60091.77049761747,1.000230032684743,1.000933557752135,1.0013219009034493,1.001146383380728,1.0005889608621112,1.0014226969963973,1.0004952925697803,1.0084847813064424
60091.770581369754,0.9998678143773533,0.9998010696915949,0.9988077019592708,0.9994181272489294,1.0007511145523285,0.9994729685145368,1.0089300311712606,0.99755070430251
60091.770665122036,1.0004683913877594,0.99992602583105,1.000085714196172,0.9997893630278565,1.000104104767167,0.9991821855421691,0.9873859028010555,0.9975745848538209
60091.7707488743,0.9997496571910757,0.9998653137163557,0.9991571487307017,0.9987458696186217,1.0001132505652843,0.9994741019667321,0.9833733775529617,0.9943934096621484
60091.770832626586,1.0005405290061464,0.9998434706815346,1.00019190168368,1.0005740843860373,1.0018689542807153,1.0003188179071796,0.9934011909390492,1.0076196484491087
60091.77091637886,1.0008715922381985,1.0008378997315297,1.0005522378565808,1.0011963434316338,1.0004702537202441,1.0006160427523374,1.000695066473271,1.0058927878675632
60091.771000131135,1.000384869831737,0.9999801483926167,0.9998954006711034,1.0004448373663535,1.0017100177145026,0.998464044249041,0.9998485782355525,0.9989695074483078
60091.77108388341,1.0009081377760352,1.0006353059299415,1.0007106598620774,1.000663634058749,1.0004731006139687,0.9998873476625615,0.9813284396054894,1.0074432717433661
60091.77116763569,1.0001371636977148,1.0002113731595887,0.9999058555910216,0.9993430443033772,1.001139625327022,1.0000243333099335,1.0223866025504038,0.9978254393428544
60091.77125138797,1.0000783230225716,0.9995937150869583,0.9999909590233661,0.9997655139421778,0.9998235386972635,0.9994832013258688,1.0093162633103665,0.9975326007584413
60091.77133514024,1.0001192570998718,1.0006738622157834,1.0003303856583634,1.0016718405717777,1.0019551581228965,1.000468113698043,1.0128671578940274,1.0057674819297602
60091.771418892524,1.0002669098165196,1.000359379071401,1.001382305463564,1.0014586498751124,1.0015779903283144,0.9990511083552972,0.9933835819826098,0.999150953291
60091.7715026448,1.0000828599522926,0.9997591588669494,0.9991466971697878,1.0004779144759308,0.9990141519984727,0.9966357844678984,0.9925790962094397,1.0092073916247564
60091.77158639707,1.000342581863994,0.9998655037934797,1.0007570191040376,1.0002085409923427,1.0001984824906094,0.9982948080087602,0.9848112372789918,0.9995541551611951
60091.77167014935,1.0011330402762004,1.000079503435631,1.0003594834675964,1.0000244341464917,1.000076455001841,0.9986538292986614,0.9886819909623838,1.0108336769371307
60091.77175390163,0.9993627168357998,0.9980594174583102,0.9976635001142664,0.9972909302299418,0.9989057443810918,0.9985236264490963,0.9680308955330444,0.9965446295086854
60091.771837653905,0.9999382700294565,1.0001544247251863,1.0002315486159197,0.9998748109190436,0.9995767576997026,1.0004625058445527,0.9640887615007603,0.9980313828344839
60091.77192140618,0.9999667299785625,0.999891038615129,1.0003465425447826,1.0001439907366108,0.99991238373582,0.999570775923271,0.9897752153181492,0.9946436496593568
60091.772005158455,1.0005619915617412,1.0015196189028346,1.0011349032063175,0.9988340511169144,0.9994368921093711,0.9980657020251233,0.9982555251625163,0.9937456431835523
60091.77208891074,1.000862060815876,1.0009089484790212,1.0005983654404653,0.9987529705066669,0.9988441463202687,0.9989550212399988,0.9861928966742364,0.9850192653034394
60091.772172663004,0.9995030221343594,0.9990166769490529,0.9988105609248742,1.0002270490832095,1.000504368544523,0.9998428499302162,1.004536949300325,1.0032943915595585
60091.77225641529,1.000334590686333,1.0008724423061703,1.0010296559003538,1.001860640067454,1.0009370889685574,1.0003950394127281,1.004728083202961,0.9954468715360835
60091.77234016757,1.0003013290574436,1.000580213381251,1.00225326615566,1.0032832415675161,1.0044587073580364,1.004507138227054,1.014006594891571,1.0127793016164945
60091.772423919836,1.0001192265921792,1.00052160884324,0.9990631575615484,0.9987736551842737,0.9993268181438769,0.9998187997499706,1.0055416199609617,0.9916537690429453
60091.77250767212,0.9995789902272232,0.9990689168085184,0.9994911664251509,0.9991393082472727,0.9983466287364319,1.0000592700402777,1.0070579958298034,1.0013315354266923
60091.77259142439,0.9993397353541719,1.0002229668425764,1.000074119592496,1.0001975209221643,0.9992741327408766,1.0006500321748435,0.9917341144300971,1.0008405300640806
60091.772675176675,1.0003480717259114,1.0008405549371997,1.0002292916291862,1.0009708462438527,1.000173486707576,1.0002328852816893,1.0013409410549095,0.9931101194883476
60091.77275892894,1.00094136700691,1.0006544485543218,1.0012988456788552,1.0015728148729908,1.00100684930976,1.0009577046672666,1.0131918916776925,0.9905748147220769
60091.772842681225,0.9997829243859125,1.001225851291784,1.0006858262145162,1.0009272469128883,1.0002230303299307,0.9996111268862043,1.0068697693577995,1.0011417523024029
60091.7729264335,1.0013039829644832,1.0006036860863818,1.000607480532805,1.0006055235845575,1.0017108495475973,1.0014413405420584,0.9991695060515521,1.0040656178555554
60091.773010185774,0.9999429941535394,0.9997398003706321,1.0001127527847704,0.999733669066932,0.9991328280175448,0.9981840531013864,1.0196904455541222,1.0043983111337997
60091.77309393805,1.001392940613271,1.0013221099995182,1.0011711451271674,1.00200879153284,1.0005481296264487,1.0022839674901762,1.004037048659113,0.9927737304166442
60091.77317769033,1.000010784924559,0.9995505516176719,1.0000826956212494,0.999075458529146,0.9994182540459521,1.0006715773011734,0.991719186486118,1.0058573744768398
60091.773261442606,1.0008375800990665,1.0003438376966092,0.9999176495836863,1.00019407635887,1.0011309212355834,0.9997361661496007,1.004796154945849,0.9928273048512254
60091.77334519488,1.0005054792904102,1.0010391932574612,1.000551609118901,1.0009516994289882,1.0005854366889708,0.9996853321675212,0.9988980891310517,0.9905229660010864
60091.773428947155,1.0004913189427085,1.000189738590273,1.000439960267732,0.9992829445277073,1.0004582258515364,1.00023345933588,0.996765379419148,0.9995564974715974
60091.77351269944,1.0004435889486902,1.0015109157074118,1.000959124621465,1.0009303966153036,1.001855425844232,1.0021357636661352,1.006097550277221,1.0089754599813576
60091.773596451705,1.0005298879649578,1.0002747941765806,0.9998946564818019,1.0014316518347635,1.0013623121046735,1.002964983321642,1.000482406089391,0.9972644937347366
60091.77368020399,0.9999758053607636,1.000108300343388,0.9997117860197374,0.9998897620355797,1.0001873101557215,1.0018020489802824,1.0273533839652225,1.0045252247181256
60091.77376395627,1.001036058999228,1.001488148592572,1.0012761440177753,1.0007741886932853,0.9995484125675644,1.001458102346814,1.0016769738087112,1.010137561595073
60091.773847708544,1.0005994612043674,1.0001708366749145,1.0013001479157786,1.0016688144467283,1.0017567604724364,1.004689896863638,0.9906272331298864,1.0113598383186555
60091.77393146082,1.0008370403596984,1.0006991973830268,1.0012249265610145,1.0010452218223933,1.0017012300468215,1.0029246674944179,1.0180399595299818,1.0067051857027223
60091.774015213094,1.0001140155002106,1.0000018046704382,1.0001709113032222,1.0012254037533976,0.9998289002379631,1.0020020622864811,1.0103029727600379,0.991765858590084
60091.774098965376,1.000796270215301,0.9997591854917933,0.9999418887252189,1.0010048929796278,1.0014349812733385,1.0040144779340099,1.0206942506491365,0.9955689335405005
60091.77418271764,1.000322593076746,1.000220779965998,0.9997950478496392,1.0002550674468846,0.9998225415827938,1.0005976311954752,1.0163488409122483,0.9875292810709281
60091.774266469925,0.9996811849590661,1.0009690781672707,1.0016497470878787,1.0011033230245439,1.0014841288440959,1.0010814485046713,1.031250145631909,1.0031319836716321
60091.7743502222,1.0001687511316433,0.9996031881043106,1.000409199600378,1.0005441475572852,1.0002276739257587,0.999429269058482,0.9695144288639881,1.0016127691404517
60091.774433974475,1.0008155927691507,1.0004930097382811,1.0009520487089592,0.9989368425605076,1.000630329854761,1.0023937083001504,0.9802318563091784,1.008471136656598
60091.77451772675,1.0007617689554167,0.9999773329270942,0.9999717574070801,0.9997167316398992,1.0005396768874415,1.0007332022375022,1.0102724454714278,1.0024611384617275
60091.77460147903,0.9994974108192698,0.9995133859531806,1.0002507233979123,0.9998200001449655,0.9997858547932064,0.9997073020600782,0.9850477419066404,1.00575596416174
60091.77468523131,1.0004087575651162,1.0000077377966554,1.0010449891513573,1.0003504463920596,1.0001569748487154,1.00024880187932,1.00051312436652,1.0027657977053326
60091.77476898358,1.000428661707957,1.0009738928584926,1.000930385470865,1.0006138573549799,1.0005522223051495,1.0006541161493823,1.001316107486075,0.9969447171408535
60091.774852735856,1.0008119510643043,1.0005030778879385,1.0006243163155195,1.0002788617976104,1.0006808817558746,1.0000907820680327,0.9892524743838743,0.9940998247933892
60091.77493648814,1.0005957920898556,0.9992369056554358,0.9988741297425726,0.9988603498659,1.0008218869145098,0.9997595459982799,0.9882283772255971,0.9892532991533786
60091.775020240406,1.0004516699691433,1.0007431352713378,1.0000826992821867,1.000326863354143,1.0001799962989446,1.0012649545595007,1.0024250690479637,1.0042901487408664
60091.77510399269,1.0000147805921527,1.0008100065361052,1.0008887377797635,1.0004334034939508,1.0008481023493512,1.0003121198817775,1.0127327735516112,0.9992537989410608
60091.77518774496,0.9997577893552336,1.0005028833414162,1.0002931221850324,1.0002777563808742,1.000395475561232,1.0005531859608863,0.998686839789827,1.0164431224855484
60091.775271497245,1.0003548385526784,1.0012810813702449,1.001375879839204,1.0006651266579785,1.0001289564747375,0.9991733232124254,1.0020787457776126,0.9923443210378368
60091.77535524951,1.0005203051888945,1.0000834378469372,0.9998579936663843,1.0012362940149993,1.0014359229405845,1.0017598122682605,0.9921525523158101,0.9964426355253412
60091.775439001794,1.0007114388238345,1.0000648674970825,1.0005871142855491,1.0005718566036725,1.000297723914775,1.0004697364792585,1.0046382114723793,1.004037929437843
60091.77552275407,1.000241654330338,1.0001697556551674,0.9997187033042063,0.999542234816073,0.9993599160822912,0.9992410983958344,1.0021369732779555,0.9960073450637343
60091.775606506344,1.0011533385511255,1.001179088679911,1.0014189199697057,1.0017683779737523,1.0017988268901192,1.0012273809370458,1.0172270261058123,0.9872252897811183
60091.77569025862,1.0000512216897128,0.999445847598796,1.0002957463977475,0.999842688979256,0.9990996925321917,0.9992786496628827,0.9900349081999413,0.9970302406899497
60091.7757740109,1.0009305384563063,1.0010916367299427,0.9998812050658098,1.0007487178976964,1.0006873502451952,0.9999757455232968,1.0059752666448294,0.9977229954244439
60091.775857763176,0.9995903983189697,0.9996141653934267,1.0003943639726596,0.9996473933220473,0.9996539558898988,0.999528436901355,0.9831139217007846,0.9964698172281193
60091.77594151545,1.0007611781248524,1.0009901833682846,1.0004867416119918,0.9994677781320972,1.000602012352679,0.9997161566501142,0.9994258669053724,1.0102668165820745
60091.776025267725,1.0010885213087237,1.0019718342808992,1.0023144305301077,1.002434082912987,1.0014213531690672,1.0001038056209408,0.9987770985064663,0.9888785646555766
60091.77610902001,0.9997694964853787,0.9996433867024748,0.9995081039592781,0.9994151597471083,0.9986408290852694,0.9967941243400553,1.0048054505523627,1.000182905196582
60091.776192772275,1.0004984254497917,1.0009008542071898,1.0004983001346772,1.0022022664303512,1.0010434870762677,1.0028233233091572,1.00257674646441,1.0086999751118382
60091.77627652456,1.0002339270625966,1.0006612765817715,0.9996650896696102,0.9991103758397973,0.999502239687338,0.9976250468257342,0.9932133032129251,0.9828362682079109
60091.77636027683,1.0009137993946868,1.0008633871137087,1.0026170359103586,1.003792099561637,1.003554437486647,1.0021443208813496,0.9741141550240913,1.0037510356336004
60091.77644402911,0.999883007995926,0.9999740981043161,1.0005864160655433,0.9995433847485767,0.9997197211619673,0.9992016064392437,0.9955144366991074,0.9971129715710146
60091.77652778138,1.0003819516475392,1.0006854543025574,1.0014754818288412,1.0018546096515166,1.0013583499047036,1.0004496744347813,1.0135718671669591,1.0137117343146258
60091.77661153366,0.9994676418748624,1.0003245280444304,0.9998930209863569,1.0005214523422352,1.000502589368482,1.0004338549175127,1.0297557849640866,0.9966644946893735
60091.77669528594,1.0012232371884202,1.001232613682928,1.0011415296161064,1.0006799864997435,1.000704898199982,1.000635676116873,0.9856655467086132,1.0068307791003446
60091.77677903821,1.0012441298120085,1.0014024001218338,1.0023666055673006,1.001743053337436,1.001745297678921,1.0031942871840316,0.9985965168809393,1.0089087801961232
60091.77686279049,1.0008520508270975,1.0005620004555613,1.0019697830210643,1.0022764146943337,1.0025287213555967,1.002501361750759,1.0129844259790712,1.0117987575271523
60091.77694654277,0.9997636679933238,0.9996593400919392,0.9998185352535461,1.0003013888198276,0.9995145498441605,1.000005806838317,0.9998187902049792,1.008423081074926
60091.77703029504,1.0000135293041739,0.9994949194849118,1.0002757812307081,1.0002543669092794,1.0000220123771562,1.0008850254916701,0.9747100618745067,0.9985700340497321
60091.77711404732,1.0005560990087827,1.0013076196356565,1.0016024199620241,1.0027232701503577,1.0007714949932933,1.0008195129480528,1.0208218437553718,1.0106199226140677
60091.777197799594,1.0002816925526568,1.0001971406800079,1.0005993315505037,1.000024898247047,0.9980313089829567,0.9981909214745841,0.9693927087725164,0.9949036069878745
60091.77728155188,1.001423389600927,1.0008816229610267,1.0007025412617823,0.9999257555510525,1.0001877154381278,0.9987483525881292,0.9849954213497536,1.012074347160849
60091.777365304144,1.000666811792965,1.0015942726669786,1.0008948211630957,1.0005400620766074,1.0013045546216763,0.9993465498962166,0.982038405504487,0.9940450791410049
60091.777449056426,1.0007726028094233,1.0005568547734727,1.0019973705992953,1.0019613682326385,1.0024768793865726,1.0019190365049306,1.0188107709537935,1.0093637697661664
60091.7775328087,0.9998053518982507,1.0002389397696965,1.001808047338903,1.001153542443354,1.0017780165928383,1.0015235869006254,0.9771827760392258,0.9951598851593716
60091.777616560976,1.000149328285723,1.0003278623432446,1.000919251805618,1.0008251715600014,0.9991674205985535,1.000556508636988,0.9842429563951149,0.9991774676425256
60091.77770031325,1.00038827697916,1.0011793597169927,1.0009533946506803,1.0014785849630252,1.0009239815941735,1.000694054566324,0.9856101774213547,0.9869270296818301
60091.77778406553,1.0000136949173626,0.9995725636595967,0.9999252985649799,1.0004375545768125,0.9992428410472263,0.9981725786843841,0.9847001617562574,1.0034251941579195
60091.77786781781,1.0009782712332982,1.0012947146312132,1.0008073869591467,1.001680707883365,1.002027400616132,1.0008310152468967,1.0150218554755046,0.9974648801863352
60091.77795157008,1.0010923113513186,1.0013992173356212,1.0020109120667977,1.002201003239366,1.0016266652567092,1.000831124351809,1.0060499881670815,1.0004998035926715
60091.77803532236,1.0007452527417278,1.0002853565778396,1.0019325610635175,1.001697382552715,1.0004843726166441,1.0019308938586498,0.9865676389768578,1.0004162079298047
60091.77811907464,1.0001238899634215,1.0003301129406728,1.0003967010848567,1.000930245271664,0.9997313778648398,0.9973617978467851,1.0075688618439167,1.0013841870945184
60091.77820282691,1.000946053954665,1.0019788326562722,1.0017718134570186,1.0019250712322911,1.0017560288684626,1.0008711663404808,0.9809229578377594,1.0046879475872041
60091.77828657919,1.0009892581508573,1.000781810060083,1.0012969067407698,1.0006082410403652,1.000667716314713,0.9990484610513563,0.9944425222324705,0.9949476790736863
60091.77837033146,1.00076019584016,1.0011794937350924,1.001289877401425,1.0014195475339647,1.0012443484795135,0.9996036677917904,1.0284352557874987,1.0113902792531444
60091.77845408374,1.0005914104815716,1.0007479960612105,1.0010909584091379,1.0011360737183923,1.000388549460798,1.0008222578181964,1.012932111426027,0.9971145516257768
60091.77853783601,0.9993723222957243,1.0004730384874596,1.000125289909971,1.0009625062422196,1.0005976145583226,1.000905476188237,0.9978754943820474,1.007251711994541
60091.77862158829,0.9998154838127817,1.0005222323243,1.0000498235365978,0.9993417299666166,0.9991743168859694,0.9991702354806516,0.9946083685256691,1.0013517264447278
60091.77870534057,1.0008231464423452,1.0002760200686804,1.0003568578584412,1.0005339663575843,1.0010449638809475,1.0000484486062904,1.0003630522449645,0.9953464045054916
60091.77878909284,0.9998372046073309,0.999919911055717,0.9994043463906158,0.9994124586918464,1.000603647079035,1.0009799972860678,1.0160734256419564,1.0051711302396833
60091.77887284512,1.0005412301579877,1.0005510820986538,1.000171833859429,1.0003477306809907,1.0022440201327973,1.0018230996695199,0.9983051582667742,0.9945119347096217
60091.778956597394,0.9999991721004655,0.9983517775919936,0.9984228666428037,0.9986423466309201,0.9973054299193406,0.999760902552443,0.9809212934643584,0.9834647562546023
60091.77904034967,1.0001426503040782,1.0002007453135695,0.999840831796056,0.9990055698209366,0.9993317970426003,0.9985453185084131,0.9981230102317098,1.0004938764662197
60091.779124101944,0.9998827823650219,1.0005975348535288,1.000430315169796,1.0002521999933782,1.0011340893365088,1.0018559300859744,0.994684856573913,0.9866343719932557
60091.779207854226,1.000166625727383,0.9997387858810711,1.000105405774194,0.9996184339957429,0.9989925369991907,0.9998964991415784,0.9751236250064736,0.9929718265486674
60091.7792916065,1.0002734225525383,1.0013080444200386,1.000578117626419,1.001051249297199,1.0016999399789108,1.0005817760836484,1.0249312045981582,0.9990213915706384
60091.779375358776,1.0002557179565774,1.000033346299528,1.0002485530659426,0.9996218876316799,1.0008315583697704,1.0018708164117682,1.0070725163851313,1.0132035958773018
60091.77945911105,1.000432882796419,1.00017565296235,1.0004258790572946,1.0002849135990621,1.0025490215883168,1.0017949449137529,1.0061231364556606,0.9956375658614381
60091.77954286333,0.9998841205027834,0.9991844182551541,1.000308154673051,0.9995295133263403,1.0001269855723014,0.9996394859108753,0.9994057901427005,1.0021464559751028
60091.7796266156,1.0002745448785668,1.0011064582123683,1.0016391585248772,1.0013523061929077,1.0014819767558505,1.0028595344528952,0.9970863534534092,1.0106425472159866
60091.77971036788,1.0011082036013037,1.0019516394324666,1.001858531928849,1.000080199492163,1.0016259605967182,1.0035967416422051,1.0105618737803577,1.0216078603777417
60091.77979412016,0.9998057257618852,1.0007024843700676,1.0000172904849356,1.0009685023615746,1.0003138746494233,1.0008306382482293,0.9908355808872445,1.0049505931951865
60091.77987787244,1.000284029620444,0.9991871775339553,1.000289874593948,0.9990521141216651,0.9980226936444981,0.9975226236395177,1.0124149498767214,0.9934044137376691
60091.77996162471,1.0007032257434039,1.0009398861647056,1.0019689157940754,1.0029420761147942,1.0012697557196153,1.0024011546817402,1.0074894236225675,1.0014865591929691
60091.78004537698,1.0005614213671896,1.0005975134004172,0.9995421850590472,0.9996413698850658,1.000218920312278,1.0005317338527526,1.0095142615773833,1.0017325708350502
60091.78012912926,0.9999783472659157,0.9999549435402577,0.9995936570453063,0.9983514811540974,1.0002337660725067,1.001846820497198,1.0294902019286545,0.99055277098697
60091.78021288153,1.0002336839462163,1.00071000387728,1.0009244897011358,1.0032517131380627,1.0023618194745074,1.003721578458599,1.011633171613954,0.9924084623028553
60091.78029663381,0.9995150679471511,1.0000262826070916,0.9996100482317146,0.9993254822598076,1.000341504456244,0.9997886193838049,1.000695328216378,1.0015796106601385
60091.78038038609,1.0006360952197637,1.000055518920548,1.000159827532399,1.0006288441638893,1.0003881905195477,1.0004006955601052,1.0038119749639693,1.0056925590160943
60091.78046413836,1.001203477970247,1.001571834819095,1.001051107974073,1.0016364667377227,1.0024698309155504,1.003923248979953,1.0191781882367323,1.0035914865916742
60091.78054789064,1.000504761440727,0.9998856973649414,0.9994943423071537,1.000357659790841,0.9997987047028669,0.9984951625166345,1.0073515869658896,1.0100670627064072
60091.78063164292,1.0000025415464715,0.9994243466006402,1.0002244656079886,1.0003143646924963,1.0009614047278799,1.001132950294646,1.0037052918281086,0.9936479637189416
60091.780715395194,0.9999897936366776,1.0010876356607536,1.0008935519123499,1.000259539761108,1.0006652673436958,0.9999320782744129,0.9916861850209189,0.9912590741679326
60091.78079914747,1.000748683360646,1.000260937445698,1.000194242985197,0.998791314683975,0.9981271425546476,0.9992677202036284,1.0016862396578072,0.9907930832324384
60091.780882899744,1.000813571122551,1.0013720564191806,1.0019581917009095,1.0026894475886101,1.0021518327306131,1.002281938168497,0.9981056446228825,0.9999126668932737
60091.78096665202,1.0003939868535252,1.0003926492721995,1.0007437772295305,1.0000086427138375,1.0007297558327337,1.0016840833779033,1.0215287859341913,1.0085214520081478
60091.78105040429,1.0008270995776998,1.0013649359653858,1.0011995574730628,1.0023689313205206,1.0029126173495548,1.0027167241929817,0.9992900666334523,1.0095903864351945
60091.78113415657,0.9994599366608747,1.0004735880319024,1.000093071057312,0.9996670889819294,1.0008376456516328,1.0014896513389275,1.0336542539909896,0.9958633357310425
60091.78121790885,1.0002898755979752,1.001300240339853,1.0011915197153214,1.001855961525089,1.0017656647102648,1.0019857413953985,1.006075461389504,1.0079840117315693
60091.781301661125,1.0005506528343011,1.000574550462084,1.0015182514273968,1.0021054607373787,1.0029711672475978,1.0029036981767023,1.0023371391067117,1.0025475064705036
60091.7813854134,1.001148000545055,1.0000067075365033,1.0003829623418967,0.9999095184622261,1.0006651380500011,0.9985275277611337,1.012872012594241,0.9898987717362693
60091.781469165675,1.0009803873434768,1.0003319291125883,1.000543351138796,1.000285163894324,0.9986246641301855,1.0000632885343241,1.015133103050219,0.9876298298438709
60091.78155291796,1.0004888711335722,1.000148769787088,0.9994487363879676,0.9999416359155424,0.9996071067905516,0.9998285569032918,0.9898540608171105,0.9996145754042133
60091.781636670225,1.0002064824788137,0.9994373799406626,0.9992653039154109,0.9985973700528944,0.9989243627978569,0.9968824913161853,0.9842917494500821,1.0031135519843746
60091.7817204225,1.0013259897752147,1.0016064208107474,1.0005527146087494,1.0022439215239516,1.001484642775617,1.0010023062210096,1.029079088818282,0.9977290447966364
60091.78180417478,1.0009637289355855,1.0001323474300468,1.0008806919830566,1.0019127831357086,1.0011074410515755,1.0004791788484768,1.0146962047793997,1.0049903190857343
60091.781887927056,1.0011119757383509,1.0006005463979386,1.000025856436676,1.000896156263357,1.0008781560543163,0.9993680911560664,1.0235668768306896,1.0036739863232744
60091.78197167933,1.0008768270116981,1.0001708944578493,1.0002633567265073,1.0004244332427668,1.0000815356889434,0.9997230528241802,0.9964113491171701,0.9959643802166465
60091.782055431606,1.0009998930485002,1.0009019455704014,1.0006663553872408,0.999555411283869,0.999302030927228,0.9981638247307922,0.9853622089447847,1.0142761419452861
60091.78213918389,1.000122976570455,1.0010571307405194,1.0009622924645025,1.0012280749985485,1.0014478624305343,0.9990857291814064,0.9970056478453038,1.0023433677742377
60091.782222936155,1.0005020749259612,1.001261254736382,1.001292063886809,1.001460209871114,1.0012748979662336,0.9988191978713536,1.0254037268266238,1.008097927671706
60091.78230668844,1.0009095347763157,0.9999505990935836,0.9997922011500628,0.998699822718037,0.998705846474708,0.998423633298312,0.9917641197683601,0.988760369112882
60091.78239044071,1.0006530771352184,1.0002698279089088,1.0005291495703261,1.0011432658812083,1.0011777066548235,0.9993479155261485,0.9979673675738718,1.0027054516924447
60091.78247419298,1.00065699682238,1.0010167321687067,0.9997804151963636,1.0009256848231998,1.0008215240439284,0.9985422074900383,1.0157053451612903,0.9959745406359458
60091.78255794526,1.0002291475415848,1.0005039720868374,1.0004131646974375,1.0003192668106926,1.0002202194862573,1.000370985318768,1.018175268551437,0.9957332668888348
60091.78264169754,1.000988425201583,1.000767664350677,1.0010077911974824,1.001408552787426,1.0016912585902726,0.9999248789831616,0.9978099679717561,1.0087278785668667
60091.78272544982,0.9999828410332902,1.000172918009845,0.9991418477865264,0.9991952356542659,0.9994445029736607,1.000003546526511,0.9857854799587649,0.9975460782535507
60091.782809202086,1.00121163260823,1.0009153673649829,1.0005281729303752,0.999371125876451,1.0009419357045508,1.0008633769420618,1.020020489771548,0.9981029622621891
60091.78289295437,1.0001694198854703,1.0004772588764073,1.000186479156148,1.0015193516854122,1.0017034828631501,1.0011990125869377,1.0004630452675063,1.0063749335049317
60091.78297670664,0.9997652060326102,1.001043807464246,1.0006807038083616,1.0011293826445968,1.0022234094829434,1.0040420670973071,1.0059769914231709,1.0091946811665027
60091.78306045891,1.0008071983753593,1.0009698912785152,1.0013263978177032,1.000126544095059,0.9999309593665384,0.9993259283592657,1.001438413912125,0.9826033446540261
60091.78314421119,0.9997833284946951,0.9993203699444099,0.9996620763407731,0.9992605171051583,0.9994504691323417,0.99905607565519,0.9853954191482353,0.9928601670918121
60091.78322796347,1.000421831187849,1.0006797917026335,1.0015836732455075,1.0027685986671504,1.0030413014365598,1.0007591804551959,1.0088488600384575,1.0084792595112466
60091.78331171575,1.0000341293479624,1.0005681015673054,0.9997259655471,1.0010398496216797,1.0018761216295864,0.9994472358621822,1.003472194555714,1.0151601673802648
60091.78339546802,0.9998034184666654,0.9997986808620625,1.0005654303650466,1.0006474132707692,1.0012287689947195,1.0001646084073206,0.9999932676503459,0.9907412351218157
60091.7834792203,0.9998322619935593,1.0009499649770706,1.000659316876682,1.0004958858352535,1.0018814098227775,1.0011165965958397,1.0066507036591614,1.0042486382909992
60091.783562972574,1.0006405329075927,1.0004846965936312,1.001020263520318,1.001202684660349,1.000501013145496,1.0010873459055538,1.01181613465321,0.9930859964331633
60091.78364672484,0.9999670160472537,0.9994013593360106,1.0003562909415382,1.000713861553208,1.001802293495445,1.0018986208293605,0.9950996090950405,0.9959567737332655
60091.783730477124,1.0010304307762605,1.0015210445131888,1.0002641534144048,1.00097607602402,1.0012050027180066,1.0030968610554334,1.0037239794691324,0.9985345230314407
60091.7838142294,0.9995662884727852,1.0002444677768836,1.000150466742101,0.9996925822597258,0.999424610954752,0.9981947734873149,1.0077925183703915,1.0111787291017014
60091.78389798168,1.0005721139196455,1.0012521703651343,1.0008189389525317,1.0005196215627516,0.99981882605748,1.0005743457550358,1.0076867562135268,0.9910585234491088
60091.78398173395,1.001470779967138,1.001256671687688,1.0010620603663098,1.001588931923779,1.0019995515776008,1.0005703434286788,1.0119009708876294,0.994667065517218
60091.78406548623,1.001030738373616,1.0006758382644603,1.0011509035027473,1.0022090565554682,1.001108386398671,1.0014655315215557,1.0038622055727457,1.0083601338930321
60091.784149238505,1.0005368303291025,0.9992946848871298,1.0001008713447679,0.999181212040945,0.9997823228237744,0.9964409659428718,0.9953425756027208,0.9837168065796118
60091.78423299077,1.000458528949095,0.9995406729066529,0.9989410837573091,0.998196265838981,0.9980603508540541,0.9967510587572925,0.9846056510100201,0.9934307614117986
60091.784316743055,1.0004076585530557,0.9997019854941165,0.999287469947392,1.0003195261785969,1.0003880156331415,1.0003369871038998,0.9816349945214392,1.0124404420571236
60091.78440049533,1.0009262455356174,1.0013134311942404,1.0018857383166984,1.0008066451244508,1.0007300055011656,1.000640329536866,0.9847525324731554,1.0093536185649878
60091.784484247604,1.0007862897365454,0.9999642335038259,0.9994186355196484,1.000152363788584,1.000034152075866,0.9993269133467272,1.0257235520674748,1.003951599279704
60091.78456799988,1.0016207993666135,1.001753167948458,1.0009006406570073,1.0001022382367284,1.000836085582562,0.9988953765824587,1.0124925771192088,1.0024065689787431
60091.784651752154,1.0000850564011452,1.0005164926591799,1.001912840197997,1.001351879828563,1.0002412034225376,1.0005298138924013,0.9952513629208568,1.012206390762413
60091.784735504436,1.0002595766283535,0.9992883979122661,1.0003577696205441,0.9996161585570805,0.999814966581444,1.0001801721566013,1.0123445259015726,1.0050502948791726
60091.7848192567,1.0010774262227533,1.0015807000621295,1.0012113875089763,1.0014829833003178,1.0002462715732037,1.0022114149299908,0.9927661894561369,0.9961683344252933
60091.784903008986,1.0003790998871473,0.9990898300808001,1.0000346963548499,1.0009959443133565,0.9997215168037753,0.9996704769894963,1.0012914617991198,0.9992136555118984
60091.78498676126,0.9998580866766225,0.9992569511621173,1.0012378907326673,1.001168282496329,1.0004070022843363,0.9994071844536044,1.0012526402716535,1.0039826261282785
60091.785070513535,1.0004534179916702,1.0011671191205282,1.0016659308463327,1.0014666858435244,1.001354705232085,1.000118843232042,1.0111351894273695,1.0014537970057713
60091.78515426581,1.0001168472021884,1.0006840615742048,1.0015939795766602,1.0004621449771374,1.0023117821286187,1.0012604683225936,1.0033945314472479,1.0066511215183052
60091.785238018085,1.0003331214862639,1.0000534946023698,1.0005564190244258,1.0001289386744656,1.0003371954148672,0.9999239790582596,0.9917215754570095,1.0057319592362257
60091.78532177037,1.0004742485496938,1.0008575023846902,0.9999458100419968,1.0005973266016668,1.0011122872262361,1.0020682682728235,0.992201749844772,1.0054871772585898
60091.785405522634,0.9995319128142791,0.9996575898755727,1.0004052588089232,1.0005868163442035,1.0002049204184682,1.0019550674018747,1.024204610550708,1.0020108177603018
60091.78548927492,1.0004215040046598,0.9993704310999109,0.9991001481629527,0.9983392237150703,0.9981644247314074,0.9987333914766504,1.0013187683402842,0.9942013697180929
60091.78557302719,0.9995280200642027,1.0005067607998186,0.9995728016288887,0.9995570537312478,0.9991867099329608,1.0004815406536953,0.9637100685998403,0.9921625420359835
60091.78565677946,1.000595983905004,1.0010330289995046,1.0017144740827295,1.001017011836534,1.0015702945780056,0.9992969682622787,1.0097054237713827,1.0032157630239447
60091.78574053174,1.0006330654540736,1.0012648488349334,1.000511634891316,1.000972950199603,1.0012423795105576,0.9996008004021409,1.0060396110485919,0.997593457633635
60091.785824284016,1.0007888499673168,1.0005312754493862,0.9999944563507631,1.0000472161996905,1.0002181130530938,1.0003878373143988,1.0037892803339032,0.9898144187476569
60091.7859080363,0.9996657004409799,0.9989057508254365,0.9990179230954055,0.9980687159019294,0.9997435061497794,0.9991318904448323,0.9759034473953152,0.9917609152202288
60091.785991788565,1.000703092160667,1.0006831073576719,0.9997806680274891,1.0006295441032982,1.0009699288809155,1.0016194356167307,0.9946383730087337,1.0046433653590074
60091.78607554084,1.0009969276062587,1.0012329824721347,1.0001508163804866,1.000680956973386,1.0020677038245787,1.0023649264256227,1.0124370074362476,1.0066035505531183
60091.78615929312,0.9998595204331591,0.9995989391750625,0.998910239831937,0.9991695467164611,0.9998528191972444,0.9985747134123292,1.011827983219295,0.9972484037866397
60091.78624304539,1.000776497449822,1.0009194795944918,1.0007615451548235,1.001909154676931,1.0022179767153268,1.0001371979253322,0.9908120188764412,1.014011062816022
60091.78632679767,1.0001469390240518,1.0000469606613265,0.9996637787521139,0.9984932201057206,0.9980920443997421,0.9996946276307437,0.9847029299117016,0.9867188689504469
60091.78641054995,1.0005585339007204,1.0009664555882083,1.000352692013695,1.0011212063991748,1.0017156275514867,1.0010513061352748,1.011213953804642,1.011148401656521
60091.786494302214,1.0009631534901402,1.001553054535218,1.0012066832045097,1.001680151959692,1.0006886131196422,1.0025498203645746,0.9904224057536113,1.0035554762219903
60091.786578054496,1.001039842320679,1.001360825268242,1.0008213176182543,1.0024099568126157,1.0028177853829974,1.0030749714513791,1.019684626696114,0.9979287599217657
60091.78666180677,1.0007449938201574,0.9996843986672777,0.9992477194521417,0.999882900774964,0.9991653739161661,1.0005940824146422,0.998685631115067,1.0139378926286402
60091.78674555905,1.0002277024431176,1.000426071943328,1.0011269941097654,1.0017864768984155,1.0013250145224417,0.9998960356228301,0.9924540116273585,1.0060772211169569
60091.78682931132,1.0007948178706005,0.9995720671732963,1.0006765128654365,0.9999076152511519,1.0018670856032506,1.0021553971656263,0.982165932079768,1.0145020553609068
60091.786913063595,1.000086215693466,1.0005631482608885,1.0006349507345917,1.0004999802888743,1.0008667387287713,0.9986795345617625,1.0135522311282275,0.9955977934890249
60091.78699681588,1.0000224194348437,0.9989223250781707,0.999032444750571,0.9992722646816206,0.9991612091373634,0.997033240424428,0.9972162149999035,0.9998511665337784
60091.787080568145,1.0003431913352308,1.0008647825237003,1.0001151695695314,0.9992345044933572,1.000651534893862,1.0000489212885284,0.9862693101980375,0.9989864968518001
60091.78716432043,0.9999204827844282,0.9998941862846409,0.9993171478453543,0.9992220353925729,0.9998328906916926,0.9982615924558115,0.9865008160681543,0.9955181161222031
60091.7872480727,1.0004750528815978,1.0009500191844871,0.9998939683765508,0.999806196966946,0.9996618251544667,1.0001183070194215,1.0023260721222635,1.0031299743404107
60091.78733182498,1.0003782272411161,1.0009631345060435,1.0021911875281624,1.001775285744123,1.0005037401634456,1.0017485810751168,1.0074786596052854,1.0093039191920565
60091.78741557725,1.0004899758691068,1.0019538242658916,1.0018586643642002,1.003179844300717,1.003719672894882,1.0044763512756334,1.0113398866563919,1.0037590787491568
60091.787499329526,0.9999500047267937,1.0006876913640939,1.0004577345713597,1.0001037497289882,1.0006960414883455,1.0003318526816516,1.007689507509343,1.0077888659772598
60091.7875830818,1.0011124006406729,1.00060442257937,1.000730719043497,1.001067797597601,1.0008779496708933,1.0014305205453489,1.0066642403347696,1.0032540126535792
60091.787666834076,0.9997220207921443,0.9990930922307564,0.9993091537169281,0.9982290505303139,0.9986668633966715,1.000466590595086,0.9785713367992773,1.0013939223534294
60091.78775058635,0.9997472086468143,1.0002519715773535,1.00185078066776,1.0001839111609176,0.9991840999217507,1.0026323769929777,1.023962680997415,0.990275050535358
60091.78783433863,1.0004897911951738,0.9999887262533419,1.0003537659138055,0.9992394103502796,1.000668734260873,1.0012834693304604,1.0079397969597954,1.0032170888995904
60091.78791809091,1.0002122422891786,1.000395139110133,1.0003539174086762,0.9995853135667905,0.9990377804991261,1.0009775636169542,1.002864927387757,1.0005146336709363
60091.788001843175,0.9999749926274301,0.9997831784987331,0.9991261291180795,0.9983946320373072,0.9983199542559599,0.9990573712566242,0.9945082109035915,1.0060576442699118
60091.78808559546,1.0006452488402813,0.9996390725200119,1.0005451556789655,1.0002559304944587,1.000441180913463,0.9997513659234363,1.005949892398546,0.9970988283131743
60091.78816934773,1.0002708583835966,1.0004981398413242,1.0009647866950717,1.0008664359816306,1.0001085016883389,1.0019503010374806,1.0125285110950453,1.002124471077899
60091.78825310001,0.9999657479564147,0.999820056206278,0.999860175962448,0.9999953822493246,0.9984882002800364,1.001147222322468,0.996519849183376,0.9917446900678104
60091.78833685228,1.0004496358779247,1.0011408844549565,1.0002508011833953,1.001519754371157,1.0016364440513081,1.0031830976112166,1.007959686294367,1.0039746722829441
60091.78842060456,0.9993953652128091,0.9995458536415939,0.9991250181934377,0.9993645131165085,0.9998644959209929,1.0010298750869737,0.9853485899257761,0.9967647281525046
60091.78850435683,1.000534098341597,1.000345903516343,1.0006796641021605,1.000352619888119,0.9996517355061417,0.9990507485229911,1.0165154764838704,1.0008420989757154
60091.788588109106,1.0009540618826773,1.0010649366723132,1.0000081683726547,1.0015381778671109,1.0018407222883563,1.000554107370731,1.0057562151878647,1.0022616838619758
60091.78867186138,1.0007969236365184,1.0016283525950487,1.0002146236874938,0.9993858765474086,1.000169280140652,1.0007039353187968,0.9825068364108647,1.0153623720866225
60091.78875561366,1.000157679307132,0.9992458795686971,0.9992999760867212,0.9993666340211516,0.9997973261314573,1.0005777254634043,1.012271574797338,1.0076905318226184
60091.78883936593,0.9996421622595973,0.9990393574214147,0.9987922259317114,0.998805334807818,0.9989778031313346,1.0000437294291467,1.0013691062852017,0.9895749932728864
60091.78892311821,0.9991854749653467,0.999041538423927,0.9991008433636288,0.9992602064419295,0.9989457469645464,0.9989611871891716,1.0077303831363944,1.00909508052971
60091.78900687049,1.0001658596744947,1.0006241292418134,1.00004883836704,1.000529538459429,1.001317530394663,1.0014296622137846,1.010295758933616,0.9998272101559901
60091.789090622755,0.9996964231577268,0.9998797160330714,0.9998585373344483,0.9991674952025777,0.9999405483682223,1.000297393579671,0.9897115294521546,0.9845250566673358
60091.78917437504,1.0003364118013012,0.9998101585322405,1.0000230654059918,1.0007913280115373,0.9993470827007681,1.0006181916244983,1.007613325430187,0.9980568172573379
60091.78925812731,1.0006233011546135,0.9998262204003863,1.0000154794154654,1.0007603205611277,0.9992042000080811,1.0001293867450678,1.0104336891734464,0.9954685397384095
60091.78934187959,1.000152243634438,1.0002840250163945,1.0005768456960185,1.0015457784982356,1.0007828075366836,1.0030502515806066,0.9951327222770914,1.008692907739843
60091.78942563186,1.0008407105243893,1.001302706553824,1.0008278241606516,1.0002654687827885,1.0010264397057516,1.0013603341157111,1.0146577780569486,0.9889771885315283
60091.789509384136,0.9996788238946944,0.9999432428471053,0.9989658578108496,1.0004491877981,0.9996930995091651,0.9998320115592921,0.9948006012187816,1.0050442360619274
60091.78959313641,0.999950012130554,1.000327837761554,0.9996276710404716,1.0004469307041215,0.999777541264776,1.0003659600824055,1.000323286264175,1.0061324334347488
60091.789676888686,1.000429539499864,1.000972188868474,1.0006295965193952,0.9994745523053152,1.000128927098312,0.9998005386821772,0.9958275854923627,0.9963363555540515
60091.78976064096,1.001070624477543,1.0004295813787063,1.0006884728457546,1.0007967894431846,1.0023687868641002,1.0019888966185033,1.0216576031262128,1.0060791313807684
60091.78984439324,1.0000006769541034,1.0008681156093922,1.0008095624617186,1.0013040960154491,1.0004732357081036,0.9994543716972769,1.021819420648987,1.009053706457949
60091.78992814552,1.0003490028668989,1.000072045989206,0.9996249104672765,1.0001639945672374,1.0005977558894912,0.9997164148068175,1.0115708550429643,1.001775012972434
60091.790011897785,0.9997629542918464,1.0001365001395348,1.0007891314498396,1.0007353907343064,1.0005011859736812,0.9989587630141894,0.9916819149448868,1.018069492169551
60091.79009565007,1.000535328573492,1.0004133457786648,1.0012353125647313,1.001599811068901,1.0015096339432459,1.0012039054722734,1.015184599946211,0.9951053347777731
60091.79017940234,1.0007639850951209,1.0007123038296353,1.000040249959035,1.0006320687405295,1.000344564905979,1.0022659078774612,0.99295923334868,0.9859804304614503
60091.79026315461,1.000393425848038,1.0011914850029815,1.0003914389969595,1.0020887076046263,1.0028699982683758,1.0032259417182279,1.0109908093675517,1.0081611881445025
60091.79034690689,0.9995768543736842,0.9995775082826113,0.9994933403048328,1.0002859214101176,1.0000498622265017,0.9978135756674809,0.9989940977138677,0.9915244098864837
60091.790430659166,1.0008794829137533,1.000893086903767,0.999542165018246,0.9998548037484883,0.9999271809719317,0.9991280896882655,0.9885906743302667,1.0078622048296457
60091.790514411434,1.0000675695072394,1.0001284940425466,1.0006280566612202,1.0005945913993715,1.0004731627348173,1.0002345077660024,1.0055538929847618,1.012395320060222
60091.790598163716,1.0006486511568824,1.0005688016027732,1.0018776163951404,1.0011490861308792,1.000286865988722,0.9978942532945785,1.0045337476988545,1.0011132020138742
60091.79068191599,0.9992353709530343,1.0001881416742675,0.999855342204218,0.9987122637534492,0.9998952153044928,0.9976359552926338,0.9981950737271436,0.9968002009680238
60091.790765668266,0.9997152139010582,1.0000138768344362,0.9994194751575117,0.9989788852852486,0.9993981086163916,0.9994631273108235,1.001801527120527,1.0095334812150007
60091.79084942054,1.001201667724629,1.0010101996323315,1.000895915443682,1.0013993361791047,1.000697770581011,0.9993523377670767,1.0020496059700656,0.9997216013077137
60091.790933172815,1.0004717520647728,1.0000901011451362,0.9999608351326574,1.0002493105561616,0.9990638272845943,0.9991180989469208,0.9868874719494014,0.9990714601457393
60091.7910169251,1.0001137825180553,1.0005213268880568,0.9995894601392051,1.00126444542748,1.001359063733133,0.9999791203800087,0.9968725674188379,1.0043801074893906
60091.791100677365,1.0002857849417135,0.9995691559988021,1.0007133730317954,0.9999145676369894,0.9991118530625919,0.9990784433700743,0.9947397976859604,1.000163271162757
60091.79118442964,0.9993986065895167,1.0003689214921234,0.9994239909803183,1.00067919907414,0.9999302129807963,1.0000403964559272,1.0021066607837985,0.9975436254430775
60091.79126818192,1.0005879309243237,1.0000973454651114,1.0002443585753054,1.0012076831878336,1.0013116269805344,1.0000986896741242,1.0252973736228626,1.0073084523762676
60091.7913519342,1.0000339083903538,1.0009176807255327,0.9999192736056782,1.0002339987273146,1.000628558038419,0.9993215649185235,0.996716636524192,1.0006548172917904
60091.791435686464,0.9995410627066623,0.9993161697954518,0.9985957179119753,0.9977425788327532,0.9987721904810709,1.0015044229658965,1.0184713103723322,1.0019997600531954
60091.791519438746,1.0003077944829097,1.0000424565294368,1.000433757356683,0.999931593497361,1.0000989996308955,0.9993054486134906,0.9943998564305705,0.9892903868694082
60091.79160319102,1.0006626399578857,1.0001750858595568,1.0004547057684572,0.9995027605464353,0.9995509821628004,0.9984009970756242,0.984822224066762,1.013665553470222
60091.79168694329,0.9997093052803647,0.9997255745313002,1.0000766086147215,1.0005781789892074,1.0006921490807752,1.0004697697863183,0.9890861826544171,1.0189087234378078
60091.79177069557,0.9996557348222538,0.9994018354546247,1.0000024317970864,0.9993638538544416,0.999089961949858,0.9999679653963324,0.9953885823161853,0.9993003313104403
60091.791854447845,1.0008345127894862,1.0008632756979945,1.0009889569958856,1.0011070338848487,0.9998752337841601,1.0007495271907503,1.0018722427183722,0.995957730242412
60091.79193820012,1.0002600344537789,0.9988436284878878,0.9990719059185474,0.9996361351199301,1.0004536729421685,0.9994064566646611,0.9794033059651753,1.0019783945933622
60091.792021952395,1.0002533250717898,1.0008262731665405,1.0004560714867887,1.0007705445318573,1.0009159855307244,1.0001996292589086,0.9894874321144742,1.0012622509510982
60091.79210570467,1.0009418919912667,1.0010465113225084,1.0012513144463093,1.0011470550553663,1.0019468653637862,1.0009051640492652,0.9978912297730554,1.010403408629793
60091.792189456944,1.0003646584591033,0.9998437726213127,0.9998209991021095,1.0003040231263631,0.9998094080752415,0.9995409438979361,0.9865826477283707,1.0038804682141937
60091.79227320922,1.0009224464089763,1.000635748975008,1.0016567643121628,1.0001255735715668,1.001222331191601,0.9989528084933188,1.0106734514442486,0.9968403451484084
60091.792356961494,0.9997635595623681,1.0000920010224965,1.0000931666190986,0.999573780343968,0.9991055177339263,0.9993856099609206,1.0038353568594922,1.0065092998225225
60091.79244071377,1.0007379548395676,0.9999226124238862,1.0000358332079857,1.0001499427389957,1.000529113099866,1.0019909001973888,0.984134107442818,0.9989310853975587
60091.792524466044,0.9995650581358723,0.9996844174387504,1.0000891216607672,0.9994691834943802,0.9986350979379928,1.0008415625319338,0.9881266626884307,0.9896561991183804
60091.79260821832,1.001137439632505,1.0009448601580522,1.0003898793999162,1.000768496956099,1.0016677921901076,1.0020807636564693,1.028339634330365,1.0061430016737276
60091.79269197059,1.0000032330891775,1.0006120964085203,1.00017189484989,1.0009139135182883,1.0006246143624373,1.0035174502898832,1.000478399501769,0.9937427011475338
60091.792775722875,0.9996594668949818,0.9996892343646713,0.9999293993431699,0.997912772432483,0.9986057824482566,0.9999101463718774,0.9999375051812038,1.0039539566458484
60091.79285947514,1.0001711008015757,1.0007821112975268,1.0005342813364029,1.0012708635742573,1.0008971132043447,1.0009810893271158,1.0029375375644827,0.9962078204881964
60091.79294322742,1.0005404491925614,1.001086759594842,1.0014157639775374,1.0021362635049864,1.0025812464668484,1.001890083951966,1.0063929254097828,1.0003557082294026
60091.7930269797,1.0002689397595317,1.0005224384912579,1.0001902232760107,0.9995476240155288,1.0008453541878595,1.0016904817612282,1.015057778490838,1.0011440228241464
60091.79311073197,1.0013719629777136,1.0007615981002396,1.0019867016088975,1.0010283447633272,1.001615043107,1.0001767435807845,1.0128533854803288,1.006392662783907
60091.79319448424,0.9999605730956129,1.000352321061485,1.0008307170559736,1.000274519391663,1.0019995611202615,1.0026900009660011,1.0116831791206344,1.0037114220038001
60091.793278236524,1.000002497491473,1.0001851052927728,1.0012552459155835,1.0014823716446986,1.0010167277721465,1.003618556740607,1.0231373417842375,1.0091088498198155
60091.7933619888,1.0003525901724866,1.000823614129958,1.000975717763292,1.0003795504818456,1.000464475982331,0.9999068732784892,1.0101934086697932,0.9943761474633181
60091.79344574107,1.0011718016911964,1.0014863724536953,1.0014884084475801,1.0018600996968825,1.0011735254102536,1.0016828481691316,1.0161702661933099,1.0046918276804768
60091.79352949335,1.0004905795118515,1.0003628820580759,0.9999666118275696,0.9990875795794386,0.9990370799555767,0.9989474851736179,0.9768166896895297,1.0024447400587202
60091.79361324562,1.0003097203532076,1.0010771867822112,1.0005565663299762,1.000981679975913,1.0002315163746944,0.999654943632233,1.000989638015924,1.0077962085938896
60091.79369699789,1.0006999626279962,1.0004873247913657,1.0000276112333881,0.9999773951873514,1.0007905297320128,1.0010302480707098,1.0035270011921569,0.9979690800133173
60091.79378075017,1.0003233430093905,1.00041450462979,1.001013925758454,1.0012295934697641,1.0008637180713067,1.002572540597168,0.9811154354318037,1.0072200601292074
60091.79386450245,1.0002370636839744,0.9995080412551713,0.9999236335555864,1.000039814518654,1.0006889415618012,1.0017420474189747,0.9941280532919459,0.993766625692287
60091.79394825472,1.000532150365036,1.0013392075549425,0.9997539096704335,0.9999242598611425,1.000908059197304,0.9996155376154136,1.0084885446381997,0.9956119735567466
60091.794032007,1.0005435995187715,1.0011625563756723,1.0003403637883717,1.0014051400282296,1.0015802779472875,1.0008334993759356,1.0003241994591192,1.0099773678559345
60091.79411575927,1.0003167323967124,1.0010953732107537,1.0007179298420037,1.000841571756993,1.0018072414584847,1.00047373997973,1.0109306101982898,1.0071165931558959
60091.79419951155,1.0007403068198932,1.0008390793972817,1.0015512700627667,1.0009142906311452,1.0015319908376061,1.000504073662286,1.007034980517745,1.0015633013630234
60091.79428326382,0.9999490001258029,1.0004815632261939,1.0012562328967387,1.0013973455316851,1.001987338406642,1.0007880489510212,0.9979517794166338,1.0001457301118608
60091.7943670161,1.0006792722688351,1.0016956259141154,1.002230352311182,1.0015559039659898,1.0027531662281175,1.0042619953800402,0.998255722242143,1.0116228878337024
60091.79445076837,1.0003854711640885,1.0001519978419202,1.0006266353494795,1.0006093157496962,1.00016552332618,1.0008380810669892,0.9830511089401217,1.0032706845405446
60091.794534520646,1.000641346796123,1.0010326017888775,1.0007378019004616,1.0013720289211678,1.0025001712745534,1.00252186431079,1.003381051808145,1.0006328039068375
60091.79461827292,1.0002075451021806,0.9999012638960604,1.0007777306116508,1.0015644760677502,1.000890627126591,1.0007983781949281,1.0053424281160566,1.0001960731021227
60091.794702025196,1.0010148141456876,1.0004284505570928,1.0010708237444743,1.0006294057205762,1.0015575328599917,1.0024407995026197,1.0111555035163577,1.0009192388709023
60091.79478577747,0.9998534354349449,0.9997332304828572,0.9994005272781501,0.9997067392209505,0.9993209874535534,0.9989222027603734,0.9922701043442163,0.9950484222566398
60091.794869529745,1.0002939244571225,1.000781583780833,1.0014108472632228,1.0019201661729638,1.001225669189306,1.0006462776270986,1.0009700696425936,0.9993948645318341
60091.79495328202,1.0004574243710873,1.0005892529946667,1.000118797407457,0.9993893711099358,0.9987919180917891,1.0002966990235616,1.0245179798804638,0.9955144853407535
60091.795037034295,1.000889494320273,1.0010759704035448,1.00138910167291,1.0007742592305877,1.0017496513774538,1.0031294432040612,0.998233768737588,1.011770734158301
60091.79512078657,1.0005229360966954,1.0014385458057886,1.0013156069218665,1.0017877386936096,1.0018268977799152,1.0022900406235862,0.9887974594479421,1.0036768217796623
60091.795204538845,1.0008150240448495,1.0004935184835024,1.0011038395114809,1.0010324417592822,1.0020059233305394,1.0023570796508003,1.0105433041392768,1.0039735130220924
60091.79528829112,0.9999438214318487,0.9992670102452811,0.9994197885639403,0.999964121712071,0.9990418073147582,0.9990814913034207,0.992250064023473,0.989024594173084
60091.7953720434,1.0008146163654592,1.00023704806495,1.001002360970659,1.0003417622282103,1.0005418223644318,1.0023431411389283,1.0145454157920462,0.9872419351718555
60091.79545579567,0.9996599470367056,0.9993570592987417,0.9995295296516035,0.9991810105485236,0.9995346426955327,1.0003292152699614,0.9714220056975197,0.9935462051185114
60091.795539547944,1.0008265566352865,1.00062738347455,1.0012898537751698,1.0024696901931103,1.0026312154548556,1.0028259276836993,1.0153852607429281,1.0150800648843554
60091.795623300226,1.0009227509083045,1.0004890150539467,1.0001292794636014,0.9997380426787816,1.0009860938983695,1.0023208787029632,0.9938388341052342,0.9968624971846964
60091.79570705249,0.9997696473960649,0.9999942891218357,0.9995348394826524,0.9992653431028875,0.9994232741090935,0.9991471849103145,0.9873607785694419,1.0182745962018225
60091.79579080477,1.000232276811711,0.9999900048843414,0.9998730097745386,0.9993137274551411,0.9993779146003439,0.999621851752661,1.0044899795984188,0.9919416339895141
60091.79587455704,1.0005483443313758,1.0007383641248253,1.0002999072228582,1.0005359728073537,0.9991206696701062,0.9988431077719269,0.9911610878750917,0.9955048642049948
60091.795958309325,1.0004085827103544,1.001232339198025,1.0019773170036357,1.0023212277653972,1.0016514356957393,0.9994030862614862,1.0278729334207848,1.0075577581584099
60091.79604206159,1.001083754862437,1.0012746473521776,1.0012261325190603,1.0011996860024754,1.0005932185727058,1.0005039884715186,1.0160646702242069,1.0142582991065752
60091.79612581387,1.000285630145366,1.0004630282484341,0.999293559142934,0.9980906616768344,0.9986050139210473,0.9974569600366436,0.9955065661500329,1.0003811493663037
60091.79620956615,1.0004179969852378,1.000251206416368,1.0005181594742085,1.0002976655469515,1.0002687613163672,0.9988095387025975,0.9896662919635809,1.012537324130812
60091.79629331842,0.9999003285940273,0.9998729123319178,1.0013787734138748,1.0000125687253771,0.99985846140443,0.9995488502961742,1.0005867624046039,0.9986911585603113
60091.79637707069,1.000507817775939,1.0010918713733525,1.0002293353339842,1.0006171428479336,1.0002530050116873,0.9998842972325351,1.0127054953192636,0.989316656518171
60091.796460822974,1.0009379056702636,1.0011446824857668,1.0017078349162725,1.0008811688562513,1.0024021658432225,1.0008168389363845,1.00138960514943,1.0069981436531916
60091.79654457524,0.9998130652511236,1.0000107723903908,1.000741770582975,0.9995711380614833,0.9992921086184993,0.9975877934868256,1.0082217006038203,0.9993858523711133
60091.79662832752,1.0009704000385593,0.9999740061624087,1.0010391552778877,1.0014173843069403,1.0000393360482351,1.0005390093534714,1.0008078518170995,0.9959855904395699
60091.79671207979,1.000277863023341,1.0011367267014335,1.0014752490762588,1.001013361543595,1.0010568257198362,1.000872583995824,1.0048868456075541,1.0101442865350094
60091.79679583207,1.000724518852658,1.0004357014534688,1.0008897594454693,1.0005891938750184,0.9993818058852483,0.9984537054772638,1.0068503032941372,1.0010207432922165
60091.79687958434,1.000914317027792,1.0013015764345448,1.0009547073797749,1.003087226379973,1.0026476239037085,0.9989975357177829,0.9780303459285443,1.0036430602480102
60091.796963336616,0.9998508142412971,0.9999164124745917,0.999443921576032,0.9997541147651551,0.9988829715389992,0.9974536972538687,0.9944466394199506,0.993614228527013
60091.7970470889,1.0002684616131474,0.9999956174908532,0.9998800913860297,1.000054416637554,1.0008501286990108,0.9996707022979894,0.9928527986218104,1.0051513393569511
60091.797130841165,0.9996714845104738,1.0002094645349773,1.0007056970275006,0.999930315949667,0.9991184342550995,0.9996742447224104,1.0060896993628063,1.0018241160080739
60091.79721459344,1.0007370863417426,0.9999590177160328,1.0004057652260065,1.0008503269067919,1.0015780360457667,0.9996807182220623,1.002291791978197,1.0033432424036899
60091.797298345715,0.9995395330688062,0.9996407641234124,0.9997259799643996,0.9994748411842324,0.9999586378845867,1.0001112104024448,0.9898542436201577,1.0116493781617724
60091.797382098,0.9998402472902195,0.9992872838189719,0.9999614172971757,0.999761557073684,0.9993740041053777,1.0007313419005663,0.9981822085918115,0.9965713206634543
60091.797465850264,1.0000102228163839,0.9996852915253569,1.000546126997348,1.0001475419283787,1.0001960902142222,0.9996994448396868,1.0152723317257484,0.9989270598802141
60091.79754960254,1.0003374552063966,0.9995854978428258,1.0005437684101681,0.9998009119034794,1.0001838301407748,0.9999906200539649,1.0207702604145168,0.9931701054154584
60091.79763335482,1.0006965599438327,1.0005727861990372,1.0001723853400086,1.00072345472604,1.000733264662773,1.0009673044150407,1.0268343559713222,0.9970573533428996
60091.79771710709,0.9999292251024392,1.0004965065316471,1.0005941282640534,1.0001218623124646,0.998642274517673,0.9996383505895439,0.9783209478665478,1.0025062528446804
60091.79780085936,0.9993800882625525,0.9998894037092381,0.999566877628426,0.9996230694181315,0.999507457027834,1.0001346395504307,0.9881093833150301,0.9928855071267436
60091.79788461164,1.0005503847236665,1.0011521955442761,1.0016616050903342,1.0004832143447533,1.0008301596527442,1.0010826668844706,1.0026539429486376,0.9953684233250666
60091.79796836392,1.0010315568829329,1.0009374686033274,1.001059651469548,1.0001292001859061,1.0018289651692518,1.0005780491545815,1.0280841010992774,1.0083298269030025
60091.79805211619,0.9998271830140774,1.0005469299638028,1.00056971411462,0.9999571389677762,0.9986772473705849,0.9983853723398758,0.9627428907150568,0.9957661294737316
60091.79813586846,1.0007178717462681,1.0006302062188066,1.0007450400642006,1.000381232709272,0.9995960567015112,0.9986039362545124,1.0181002410251914,0.9993504983425835
60091.798219620745,1.0008307847074376,1.000655232359083,1.0000201611127004,1.000126495541467,1.0004562435977002,0.9977907291231274,0.9857028140087578,1.006576866503658
60091.79830337301,1.0000195561749945,1.0002994116223087,1.0007780481319162,1.0012338787978237,1.001363658555363,1.0001851241997555,0.9924794669429714,0.9868616391423406
60091.79838712529,1.0013362775887809,1.0007178532899341,1.0008295603507442,1.0024999615630898,1.0014209921072252,1.0016967615185184,1.0312220457283117,1.0083489506066372
60091.79847087756,1.0007011703335569,1.0001290303064918,1.0004077150336792,1.0002396791486226,1.0016688085770091,1.0013940606985523,1.0356093373293038,0.9911625474692329
60091.79855462984,1.001121821741718,1.0009873996354899,1.0017394812662688,1.0014854848571457,1.001817595806491,1.0003598608958035,0.991140000389938,1.0124372746701356
60091.79863838211,1.0000904397224288,0.9999194180172382,0.9996481895374303,1.0008129783772166,1.0002103408991299,1.0004904459870636,1.0314640566999946,1.006131612505535
60091.79872213439,0.9998684937904946,0.9994320160242407,0.9997139459350194,0.9996919709032047,1.0001978195563692,0.9998382247294543,0.9849391393038769,1.0020678616513938
60091.79880588667,1.0006158805915757,0.9999537918401694,1.0001927346412762,1.0004415585532573,1.0006245578549178,1.000522168100312,1.0155421653421772,0.9891915126565283
60091.798889638936,1.0009079290004996,1.0008731816084944,1.000741471480621,1.000808980332884,1.0002506649392666,0.9986446923408748,0.9888719138690066,1.0054285029886822
60091.79897339121,1.0009038556721876,1.0000968110527744,1.000147855399279,1.0010944544168647,0.99806935288856,0.9991464493141854,1.0078299201112344,0.9952060742359173
60091.799057143486,1.0005208675596142,1.000051328029629,1.0006019347411355,1.0011155632155804,0.9997775403292212,0.9998871709516056,1.0148935918412687,0.9980883038851177
60091.79914089576,1.001144172853552,1.0005671494577746,0.9999886476886968,0.9999040299123507,0.9992599499772584,1.0004675819457074,0.9987986993201695,0.9834146840172938
60091.799224648035,1.0005965023257433,1.0002548966069824,1.0006632592910267,1.0006102087569302,1.0006178722544776,1.0000360787111753,1.0053247419823137,1.0066090943841615
60091.79930840031,1.001029973160871,1.0009390648808476,1.000272996502875,1.0011023924306484,1.0009705111703184,0.9990526786050179,1.0005572081050225,1.0124005877545539
60091.799392152585,1.0006323470793008,1.001856693323159,1.0022249892644457,1.00253860802888,1.002077367109326,1.0012831652348466,0.9860452154434057,1.0005633419941566
60091.79947590486,1.000725517152576,1.0007626206347175,1.0011846739134844,1.0014216329954824,1.0018685697676293,1.0013064923226063,0.9964273051668499,1.0047916021782266
60091.799559657135,1.000361776716108,1.0006081032565508,1.0008982525181376,1.0011133206278597,1.0007180600860346,0.9995031149798377,0.9951899281468081,0.9975925609874973
60091.79964340941,1.0010968685494892,1.0001653000481734,0.9996539852163785,0.999782205759819,0.9997125300500002,1.000202513305462,0.9737952108646073,1.0062643950435541
60091.79972716168,1.0003831467509552,1.0005989979429804,0.9999672970644577,1.0013516000222884,1.0019840487459428,1.0018997004612344,1.0134127134130508,1.0021107796879567
60091.79981091396,1.0009128634228772,1.001249221073058,1.0003660379418537,0.9997352368394846,0.9992194405725002,0.9987098230004297,0.9842842337560349,0.9992024662470278
60091.799894666234,1.0004202138075582,1.0007025399821519,1.0010425757633423,1.001084990504263,1.0008994860835592,1.0020147193875075,1.0103316600104892,1.0091159797310478
60091.79997841851,1.000389729061316,0.9995662024927214,0.9996656780614963,0.999623923393063,1.0006289856494033,1.0018699455968043,1.0042795268658906,1.0040996283234198
60091.80006217078,1.000100698288517,0.9999375254012797,0.9994550011197935,1.0003970724462694,1.0006256578804327,0.9991732856137754,0.9856426914408494,1.0069030714143148
60091.80014592306,1.000776284683607,1.0003321725670977,1.000719331414876,1.000730681733785,0.9999462773949076,0.9991965416878609,0.9975609712149551,1.0066964250605397
60091.80022967533,1.0003641577863849,0.9997238105874959,0.9997311708338562,1.0005457950394818,1.0005608281633178,1.0011369885057164,0.9933780378178573,1.0057765073933715
60091.8003134276,1.0000954848861552,0.9993893631517835,0.9995323532155655,0.9992406493641681,0.9985920728883341,0.9993788532837841,1.004672689882879,0.9903050670606804
60091.80039717988,1.0001298154919929,1.0003710917042312,0.9992275193057643,0.9998464969467444,1.000319156168989,0.9992481157196065,1.0150821825405778,0.9923044129759381
60091.80048093216,1.000327969991939,1.0000966982962407,1.0001045207709014,1.0002896445334446,0.9992452340720575,0.9983454294289098,0.9933931417756546,0.9985777638900364
60091.800564684425,1.0005236434445917,0.9995724751016623,1.000739694416352,1.0015171241522958,1.0012504935163016,1.0024162103634056,1.0068952847816512,1.0008922797489623
60091.8006484367,1.0005730761459242,0.9999569460860813,0.9999344486438029,0.9995920680493836,1.0012729013672215,1.0012208777403984,0.9781413413244131,0.9862741070106025
60091.80073218898,1.0006884356560153,1.0016324030830133,1.0027349802905166,1.0029817927535942,1.0026597105252675,0.9995461371473613,1.0118214893478574,1.0043252568224217
60091.80081594126,1.000650352603982,1.0008840876426326,0.9997741953770681,0.9997338539095592,0.9994130559778883,1.0022521196184855,1.0084440328641104,0.9952708274026097
60091.800899693524,1.0011802184012863,1.0014099811790453,1.0009656330132017,1.0014215008938205,1.0013575974690394,0.999316721447207,1.0100827245836395,1.0070522956914643
60091.8009834458,1.0001235204055199,0.9995454144912885,1.0002290372506544,1.000151946496882,0.9991826813085892,0.999264890095483,1.0078458595456286,0.9953914310424141
60091.80106719808,0.9998751827465073,0.9991703241353743,0.9991769356818023,0.9997706446710235,0.999306297369669,1.0017343864848591,0.9896351070447605,0.9998344978551571
60091.80115095035,1.0003960990255338,1.0008309269594242,1.0007808369358444,1.0012231275171404,1.001580406055946,1.0009801081521517,1.0248462671361587,1.006985314681832
60091.80123470262,1.0004385387441057,1.001273385641043,1.0007006640689902,1.0006462006772132,1.0014382774205515,1.0024197871745317,0.9903462523846911,1.004651075706664
60091.8013184549,1.0003787831532367,0.9996364032038133,0.9996066999837243,0.9994710567457944,1.0005377834489555,1.0005518399804998,1.0145717269344903,0.9912362335583687
60091.80140220718,1.0013627856231557,1.0012643882315164,1.000687226730623,1.0008323294760848,1.0012088197198477,1.0006835550893338,1.0159728535627501,0.9994400884758303
60091.80148595945,0.9997936807367277,1.0005156418772931,0.9999867612869492,1.001456458084219,1.0008797952089656,0.9984708777159544,0.9982688004615312,0.9939338573962069
60091.80156971172,1.0002559562421354,1.0000768920300642,1.000571166449974,1.0014943313814149,0.9999183027425312,1.0003724341488713,1.0113722955562805,0.9990487924815804
60091.801653464,1.0000964111963204,1.0005490975581202,1.0007880521149353,1.0014789695533346,1.000311986387675,0.9994858482924205,0.9910082967807335,0.9933718049406267
60091.80173721627,1.0013775038783181,1.0023484877769377,1.0014263211772514,1.0024530412960466,1.00102381428907,1.0010404300779798,1.0136368938795182,0.9977027221397666
60091.80182096855,1.0007748771290303,1.0002784235833784,0.9998811684941782,1.0009258725072587,1.000698332787168,0.9987391104189015,1.0033767003486291,0.9934341344301767
60091.80190472082,1.0006920754180313,1.0007150467632084,1.0009989052722712,1.0016235109544767,1.001496420788782,1.0001325377170693,1.0075373088406712,1.0029861465530512
60091.8019884731,1.0000858428800103,1.0003955887954485,1.0001875402995903,0.999732812649366,1.0004574714200214,1.0015335798822342,0.998215442321948,0.9911323780623947
60091.80207222537,0.9999470760408085,1.0001229766980668,0.9999143623638986,1.000006811435857,1.002834685933756,0.9997086478785177,1.0018867925424333,1.0074373427858105
60091.802155977646,0.9996382657813863,0.999069016348403,0.9999806387278133,1.000295201327537,0.9999091144702191,0.9979495560570493,0.9805649246656549,1.0039388739535133
60091.80223972992,1.000739706012631,1.0000174494160274,1.0006547435733852,0.9989485406362338,1.000022115662423,1.0005535488701813,1.0053915477870468,0.9908460401781316
60091.80232348219,1.0007382826528641,1.0011514335757177,1.0013137194256116,1.0007481080366658,1.0019313000994277,1.0021218059905581,0.9940354653635934,1.005243462157142
60091.80240723446,1.0010007381798482,1.0010939805462495,1.000740868331761,1.0019045639198592,1.0027870784111932,1.0013045121855213,0.9806344119889862,1.0026256587469777
60091.802490986745,1.0005830836667824,1.0000905967375568,1.0002792780297223,1.0010102565064964,1.0014073060609172,0.9996427831275896,0.9933450342408414,0.9958526344944573
60091.80257473901,1.000422714965775,1.0008342051992145,1.0009486188635819,1.0013169245324527,0.9996399581166802,1.001316490513504,0.9780312070960029,1.0012923446331872
60091.80265849129,0.9996400167969228,0.9996346257241171,1.0003575608338915,0.9991928803065604,0.9999692204456316,1.001709498621267,1.009622549484544,1.0003317037264505
60091.80274224356,1.0004527968109402,0.9993336518468253,0.9983295063248611,0.9992964801624744,0.9989466711057298,1.001322627426964,1.0116543951629382,0.9897680188124675
60091.802825995845,1.000946405029421,1.0003277036157572,0.9995621935912102,0.9999166132187601,1.0000553666576277,1.0008217056943023,1.008379038893438,1.0062259431317282
60091.80290974811,1.000326900017321,0.9994599721743327,0.9989454370646917,0.999144633688983,0.9986743375451974,0.9994022724180591,0.9878201261679758,0.9947399937015412
60091.80299350039,0.9998670822452387,1.0001654712261274,1.0001263622249337,1.0004967359219095,1.000702228313255,1.0002747570128463,1.0228933047948974,1.006071968853978
60091.80307725266,0.9992963195469617,1.0001419597010797,1.000124224652692,0.9995923687426757,0.9998720338743666,1.0003077553209034,0.9741917792995631,1.0049070821940058
60091.80316100494,1.0002303493661449,1.0006941597326793,1.0016078549820333,1.0008042006953606,1.0006917574574716,1.000241318695319,1.0258427690103258,1.0087647415657708
60091.80324475721,1.0008044375079381,1.0013578446265288,0.9998694285852577,1.0000411421652802,1.0000859726518672,1.0011191898432867,1.0054137253187085,1.0019301538511014
60091.803328509486,1.0006999012975573,1.0006530070456794,1.0014880902857075,1.0014052259690844,1.0009033942084526,1.0027997947055893,0.9946703277633011,0.9917331842645671
60091.80341226176,1.0010749560973184,0.9999176068893579,0.9999739695567668,1.0001810341362722,0.9996780507958817,0.9990845040673192,0.9920525882478469,0.9936424312501324
60091.80349601403,0.9997103063632569,0.9995942203205096,0.9991273961798113,0.9991831566272568,0.9995169454261752,0.999336661876381,1.0064501788390094,1.0064150146452646
60091.80357976631,1.0011851375435628,0.9997881726682201,1.0005082781137191,1.0013398132639748,1.0013321102078037,1.002274097331724,1.0206793516946417,1.0027511742287865
60091.803663518585,1.0004878199571539,1.0003665456238462,1.000666085044003,0.9999223205588974,1.0005524231999834,1.002279823156714,1.0094475647144703,1.0120018169990173
60091.80374727085,1.0008040702604297,1.00116122558041,1.001437762248009,1.0007602889564284,1.0016207193683857,1.0010907387451091,0.9982639129845254,1.0087830103004418
60091.80383102313,0.9993080038882282,0.9994599922866249,1.0002142873719009,0.999980490653311,0.9995721729814664,1.0007915864225692,1.0069815324601457,1.001959652369683
60091.80391477541,1.0005893903577305,0.9998938379908177,0.9992521933062648,1.0004715936357362,1.000201399114363,1.0006691350016446,1.0044113188223383,0.9999024112096258
60091.803998527685,1.0001364323532342,1.0011904933073514,1.0004348923227382,1.0002553183403426,0.999516725944983,1.0006891968099498,0.9731082344297294,1.0103438612129132
60091.80408227995,1.0011710813735926,1.0015275101362866,1.0004254097779675,1.00144469739729,1.00036248190601,1.0012577024938345,0.9997384663470221,1.0071797981165118
60091.80416603223,1.0013994008928613,1.0015464317808462,1.0017575462558683,1.0020707054880489,1.000038903884217,1.0019040656698956,1.0022446283033035,0.9950155119847922
60091.8042497845,1.0010907051029225,1.00091066255711,1.000347998541074,1.001418820576027,1.0007623848710052,0.9991218622128022,0.9840331299471532,1.0031902274521696
60091.80433353678,1.0007174133957533,1.000267259920354,0.9997559782887321,1.0010995654550856,1.0003615046876755,0.9980782156210368,0.9989578840357551,0.9890957883099468
60091.80441728905,1.0004731517955179,1.0005963429927045,1.0003956799852751,1.0004665541318116,0.9991820073971708,0.9996004757122917,1.0102909723700357,0.9984112175979997
60091.804501041326,1.0005535298514918,1.0008792508598137,1.0011650155858316,1.0011492629477072,1.0007644738404764,1.0028531139638313,1.0106909770973704,1.0028920435627948
60091.804584793594,1.0010821279780289,1.0008837861497941,1.0020069767101363,1.0024476318576194,1.0013202996996968,1.0016626206892452,0.9848129863519526,1.0009378228214825
60091.804668545876,0.9997409891732113,0.9994778953553163,1.0004065779540932,0.9996915691147542,0.9994151128266393,0.9983975420215047,0.9958430469929545,1.0044087520406382
60091.80475229815,1.000259505741288,1.0008463850757108,1.000998423613692,1.0009761524934346,1.0011742898833915,1.0015822362061084,1.0141746003166952,1.0073810361878754
60091.804836050425,1.0005950226238864,1.0007990894561687,1.0004705416246402,1.001744261245122,1.002256341266798,1.002105949414462,1.008899738032515,0.9987083704507388
60091.80491980269,1.0004380791858853,0.9995894904840067,1.0006205712898577,1.0013131746896953,1.002795678157069,1.0019598506964573,0.9915803029966369,1.0059687848409784
60091.80500355497,1.0007331572554816,1.0009883317604256,1.002205645777403,1.0016181312763104,1.0029030974541968,1.003551058378271,1.0342047379492827,0.9960406825931323
60091.80508730725,1.0004776664614494,0.999965971397423,1.0004753513037155,1.0003472149361632,1.0005211815897084,0.9995596880665455,0.9879527431641079,0.9969901058998409
60091.80517105952,1.0005097105130976,1.0017618555009868,1.002188375173462,1.0023129649809241,1.0019724421264455,1.0025737126601808,0.9877461237804155,1.0077692600125343
60091.80525481179,1.0012201749196983,1.0010883967354325,1.0013865326761877,1.0004274098172306,1.0002395552241905,1.0009495425280317,1.0182349271828737,0.9970405424720266
60091.80533856407,1.0009094483991134,1.000230207203942,1.0004201750904878,1.0013998867688612,1.000582839650789,1.0022593977710836,1.0106256062808512,1.0102967208779503
60091.80542231634,0.9996350921937168,0.9999590286341343,0.999538317486339,0.9998345844176789,0.9991536789802812,0.9988033766468957,0.9949223625866718,0.9878989395925295
60091.80550606862,1.0007267310541919,1.0009529162484523,0.9993728555361021,1.0000809105480517,1.000549297947475,1.00038213787999,0.9888051168606014,0.9995850033910726
60091.80558982089,1.0007505325678956,1.0011918905689512,1.0010477909384037,1.0014496535525435,1.0017655969137156,1.0002772739766002,1.0410699783153343,1.0121548676492367
60091.805673573166,1.0004706138810449,1.0007240040758476,1.001701501683403,1.0006041377135007,1.001312760374176,1.0020402378719595,0.9864372064369993,0.9942683714019827
60091.805757325434,1.000763566283836,1.0008887659533583,1.001307141627032,1.002411157691496,1.0023633961340859,1.0023148277292742,1.0022796134276537,1.013535502469538
60091.80584107771,1.0002248566162357,0.9993885762184435,0.999690924489177,0.998588322734099,0.9981256492842007,0.9991246692232845,0.9920401279355703,1.0102163881872541
60091.80592482999,0.9998800143563851,0.9991364964729129,0.9995450349666616,0.9980190714493709,0.9995033943492619,0.9988427279459382,0.9809560492209746,1.0010796387265954
60091.806008582265,1.000322198577099,0.999521665513495,0.9993406700847782,0.9990369828483724,0.9988912234455432,0.998795263105198,1.0074124717600232,1.0003981878809387
60091.80609233453,1.0007607781117673,0.999846273760439,0.9992083484866419,1.0008314286424507,1.000777776621105,0.9999939526155694,0.982953229305111,0.9935588556042034
60091.80617608681,1.000607872453528,1.0003008119486385,1.0009750613232617,1.0011684334411715,1.0015184446879493,1.0012166437761272,0.9953155378905939,1.001409338917021
60091.80625983908,1.000521083423856,1.0004167406059012,1.0016340825786596,1.0010957639680556,1.0013229457609578,0.9994576118749768,1.0204332387196162,1.0115294351043966
60091.80634359136,1.0007617994106004,1.000135945487208,0.9997450066482677,1.000117065327251,0.9997922460680583,1.0006863673563393,0.9856052400461331,1.0046866301941073
60091.80642734363,0.9999417538399282,0.9996793344559347,0.9992448715070918,0.9994623191430841,0.9997981681309157,0.9983558313801846,0.993882220176273,0.9960736326327979
60091.80651109591,1.0000890989592204,1.000846629743342,1.0001321125007108,0.9997897872486649,1.000750927129486,1.0016950920763796,1.0022841285442419,1.0006079703364328
60091.806594848174,1.0008729092673674,1.0012032854275639,1.001488366252447,1.0015420966005966,1.002568589219138,0.9996241377330359,1.0149412496987367,0.99652897997235
60091.80667860045,1.0011361822534894,1.0002099537425437,1.0004488127161244,0.9993832759392594,0.9995831819060889,0.9995212086823556,0.9837519461533946,0.9994350502172379
60091.80676235273,0.9998992378258701,0.9999666587270299,0.9987982806691525,0.9991352489875285,0.99962940287384,0.9980141606121634,0.9892036508210088,0.991259110680455
60091.806846105006,1.0006348160495386,0.9999406991209984,0.9998205797549482,1.0003920052259208,1.0011081473955656,0.9995510722063442,0.9789564496231422,1.0041559906369917
60091.806929857274,1.000811989763391,1.0003001386018633,1.0010805713863973,1.0000037813726825,0.9996308806140746,0.9988376486598295,0.9735105152068448,0.9982398643142136
60091.80701360955,1.0003691270746966,1.0007012342793686,1.0003969384041753,1.0009410256645628,1.0012692401664656,1.0000845209211295,1.0018429047665638,1.0022181690499083
60091.80709736182,1.000218978398217,1.0000837113102632,1.0004914328201155,1.0000071787283265,1.0008269752731627,1.0009090735126251,1.0147831779803949,1.0125446132854719
60091.8071811141,1.00037413086138,1.0001547266649646,1.0001406247838645,1.0003013659886724,0.999643763330529,0.9993091210811964,1.0098680049166247,1.003256159567992
60091.80726486637,0.9993778084295073,1.0002871641940496,0.9995324263210873,0.9999939286823973,0.999604459294773,0.9992760141405718,0.9897271441903588,1.0017457194748747
60091.80734861865,1.0009108280714445,1.0008107983219348,1.0014797457640632,1.0018642131930826,1.0029110171763618,1.0004984464561524,1.0121678198786697,1.0038264568579034
60091.80743237092,1.001511202187316,1.001441785991845,1.0013433289734965,1.0025886042208068,1.0027980729906398,1.0003284344029526,1.0338236541925439,0.9877079709928684
60091.80751612319,1.0005579470083266,1.0015885744395654,1.0016352357739176,1.0027338458604553,1.0017400407956354,1.0010167910131953,1.0016629738772997,0.9904524793667305
60091.807599875465,1.0002711675562201,1.0017587900045548,1.001544183129707,1.0024066063655241,1.0033628894082256,1.0046161399455473,1.0062317250959993,1.0027109539089154
60091.80768362775,0.9997725686257811,1.0003235191096926,0.9999927045733809,0.9997599068996041,0.9997624498278166,1.000646036198151,1.0140589139474971,0.9934456049651093
60091.807767380014,1.000115782583482,0.9993602704337089,0.9993590697293395,0.9998922563642033,0.9990634957862891,1.000928333407584,1.0031020812332554,0.9936088112142863
60091.80785113229,1.0006876829403972,1.0007630559541103,1.0014562917992333,1.0014874581568751,1.001329507992885,1.0010552742301262,1.016846667505061,1.008445079361098
60091.807934884564,1.000187626519382,0.9997504770607898,0.9996696942229701,0.9984689950038778,0.9989742145920132,0.999189185753562,1.0009207242690055,0.9998176939722142
60091.80801863684,1.0006975900641673,1.0006246804463184,0.9999524656260593,0.9999054845759708,0.9997912218848651,0.9998385358697542,0.9860790603437838,0.9970649096509067
60091.80810238911,1.000569744401335,1.0011033277181158,1.0008719514008317,1.0010921713512007,1.0019158784739397,1.0025637898285298,1.0122701793925988,0.9941815201930883
60091.80818614139,1.0004332363916038,1.0002558881110666,1.0000603982861656,1.0002057673060916,0.9988952015499474,0.9988239933929204,0.9998927365683097,0.9993099968387281
60091.80826989366,1.000161123630883,0.9999999643637723,1.0005906814726884,0.9997058103219443,0.9996354467459524,0.9993688871246149,0.9843476242294791,0.9958388580364411
60091.80835364593,1.000391154783985,1.0008045033021542,1.0013078035395975,1.0007824172310256,1.0007718699013486,1.001111373318778,0.9982856418685705,0.9980022135859241
60091.808437398206,1.0010755791158612,1.0010805450242306,1.001927053919269,1.0017648928328153,1.0016963636018037,0.9998426849671516,1.0176896659568602,1.0035338726404122
60091.80852115048,1.0011684142346247,1.001048334964704,0.9997638278290045,1.0006765576889491,1.0006923075014138,0.9992006835178954,0.9749528811309641,0.9954509717374217
60091.808604902755,1.0001683215035173,1.000409002800507,1.000159763749058,1.000150546468515,1.0000988979672571,1.001364827194871,1.0151098276879977,1.001568682218004
60091.80868865503,1.0010387998082353,1.0013474528924358,1.0009507259783348,1.002178641867648,1.0029290721395634,1.0016209797997637,1.0057862440353607,0.9877878257889521
60091.808772407305,1.0002120032684954,1.0006013036417045,1.0010192781997942,1.0012597877721325,1.0007931254604172,1.001575261103218,1.0031534124650765,0.9882271808158002
60091.80885615958,1.0001499162808045,1.0003114110628117,1.0006102597881028,1.0009353876154858,1.0015446498316856,1.000596661080129,1.0147384669799562,1.0064803928600168
60091.80893991185,1.0000582512186935,1.0001568047436193,1.000093930471785,0.9999167229877637,0.9996684611704945,0.9982470486205199,0.9995081811768037,0.987028978646627
60091.80902366412,1.0014684333427244,1.0010561009911558,1.001581301146827,1.0023611638425045,1.0026671858588294,1.0031133154412921,1.0091094498140627,1.0102643438563916
60091.809107416404,1.0005998449921911,0.99970380658237,0.9995841843133575,1.0001351951088686,1.0000545237226144,1.0003280496578295,0.9836217964922634,0.9965363378481785
60091.80919116867,0.9996002576070977,0.999996015458846,0.9997347871228456,1.001186718703952,1.0006661505699423,1.0029259994866486,0.9908330372126858,1.0038836791955372
60091.809274920946,0.9996349430683344,0.9992022995514911,0.9993078879006698,0.9990909645723609,0.9997965263567125,0.9989162611480128,1.0028869183465168,1.0041907589470667
60091.80935867322,1.0007918267514886,1.000621266847609,1.0004480820005823,1.0000506042832935,1.0002810160259663,1.000722197601191,0.9866074468449217,1.002362217485274
60091.809442425496,0.9993601038335465,1.0004821971784157,1.0003221579092973,1.0013123822292735,1.001003915409425,1.0013432505091575,0.9993748054275994,0.9999999737340016
60091.80952617777,1.000877407708037,1.0016195497958928,1.0011137789940683,1.0018607881210144,1.001801188729785,1.0040881647831161,1.012729993074327,1.003502379189032
60091.809609930046,1.0005224395196743,1.000761606655945,1.0005700518643947,0.9997200406120539,1.000581523262599,1.0018075631475458,1.0329661536158177,1.0032978724096038
60091.80969368232,1.0000220326015017,0.9996506205512886,1.0001575260105517,1.0003108625528172,1.000543290562006,1.0007098664181107,0.9909868806200989,1.0096362042202338
60091.80977743459,1.0012505664100675,1.0007238757402686,1.0007271877486403,1.0018038558939468,1.0010262004531647,1.0021500726110808,1.020659739688734,1.003759737195298
60091.80986118686,0.999624087265592,0.9990905672122736,0.9991281973212202,0.9992106689169427,0.9984921627294876,1.0002268498953806,1.000065698305194,0.9860207383925949
60091.80994493914,1.0010135011071983,1.0009070422806545,1.0002336704121633,1.001111182475226,1.000498243715722,1.000068903945332,0.9799024522689318,0.9886129128759915
60091.81002869141,0.9998579345057218,0.9998598789918953,0.9998228665575631,0.999027232300089,0.9992249624049485,1.0003897500276304,1.0039773401992729,1.0041694470978832
