t_bmjd,bin00,bin01,bin02,bin03,bin04,bin05,bin06,bin07
60554.03367172701,1.0003056379864268,0.9996521981237324,0.9994659055113108,0.9997730770413512,0.998717718053464,1.0020170417979801,0.8515151749772929,0.9975962832984147
60554.033849458225,0.9997103284428308,1.0004607713277953,0.9995959792660326,0.9992350218419855,1.0003982473305173,1.0033839981507247,0.9969705987943468,1.0000742454048424
60554.03402718944,0.9998572483053134,0.9998944095311078,1.0004549434637133,1.0003145914843097,0.9997289793452052,1.003010646119931,0.8405641267499177,0.9926686738632381
60554.03420492066,0.9994724120764655,0.9996415011876597,0.9993242678614592,0.9988037305129848,0.9988580453219197,1.0035069412925972,1.0104083581599792,1.0016975689266387
60554.03438265188,0.9996961322999107,0.9990977876369391,0.9990332179323749,0.999528849982201,0.9997457333267123,1.0018670844516646,1.1165255748151885,0.9990990351898994
60554.034560383094,1.0001941296859198,1.0004452959323122,1.0002210075086972,0.9992791923712792,0.9999779556834278,1.005822383697738,0.9940326424842524,0.9982100417257554
60554.03473811431,1.0000142502790226,1.0006160817426588,1.000388764985031,1.0003505629581835,1.0004747947631512,1.002217159321626,1.0172634225516837,0.9924986013085207
60554.034915845536,0.9995469301749287,1.000500160472267,1.0008666991370851,1.001557707371141,1.0002960137839068,1.0024007111223967,0.8409374346252523,0.9994366923470842
60554.03509357675,0.9999692461892603,1.0002762051476168,1.0000825517209553,0.9993497903362898,1.0006972298272845,1.0034769481671264,0.8191559177789736,1.0009550300377328
60554.035271307956,0.9989329143615739,0.999261733343773,0.9983604048200998,0.9973253819699359,0.998544816341412,1.0016320365876867,1.0284004066231078,0.98785480173654
60554.035449039184,0.9997597147280803,1.0001098384364036,0.9996678524233321,0.9995273541269708,0.9984673826037406,1.0010735423034174,0.8460060208542758,0.9991856535788106
60554.0356267704,1.00065311921753,1.0003896225091484,1.0003501366419802,1.0001903134690462,1.0006831619298668,1.005283943191028,1.071883351774643,1.0002940666026272
60554.03580450161,1.0002773298947238,0.9999376690567318,1.0008961645835797,1.0018320318427028,1.0017553885833583,1.0045288017172338,0.8454407903899118,0.9989966767914108
60554.03598223284,1.0010146597760805,1.0003865853664127,0.9992077154527041,0.9997167834518478,0.9998207104256168,1.0020512940800645,0.9304954169882964,1.0024913945620042
60554.03615996405,0.9999964798489652,0.9997420819033187,1.0000003780837754,1.0006877061555774,1.0012897459499783,1.0046964865345176,0.9060862990357763,1.0003849079564204
60554.03633769527,0.9995753120731805,0.9995843525808814,0.9995049516281131,0.9995854295430573,1.000150510659696,1.0023588182312873,0.993968284899801,0.9861828864043696
60554.036515426495,1.0003425475479828,1.0004262051595365,0.9998742624487019,0.999574612724485,1.000630945475657,1.0063948249017365,1.060922763073867,1.0006368359441273
60554.03669315771,0.9998667175488282,0.9995580133113156,1.0000537792320492,0.9993713173199132,1.0008770877913977,1.005188694628821,0.9420070455304501,0.9975650265206556
60554.03687088892,0.9998910512945646,0.9997434586983477,1.0010507561597353,1.0003463804374024,0.9999542707965267,1.0045453516718117,0.9142374613788244,0.9954321585140804
60554.037048620135,0.9988527888789156,0.999769276024531,1.000874413888502,1.000427119924682,1.0000993175150592,1.004858833965438,0.8607709975856188,0.994034639299516
60554.03722635136,0.998693024353426,0.9988804078956696,0.9982465866097204,0.9981036154865613,0.9978493914236338,1.0010536842243754,0.8359501499537441,0.9870207157266067
60554.03740408257,1.0001590162203935,1.0009225626710265,1.0006777948413152,1.0010734044903484,1.0012486594990668,1.0045224832209607,0.9234372423215271,0.9949024974627252
60554.03758181378,1.0016832082413085,1.0015859790009782,1.0018312592520306,1.0031223308908013,1.0024590942408198,1.0080524826273982,0.9134486414595653,1.0020772211800608
60554.03775954501,1.0000259856569385,0.9998614785488849,0.9996372935914875,1.0009162334996542,0.9999620455968482,1.0047053270573516,1.1503954784237256,1.0003573492462117
60554.037937276225,1.0000646054802416,0.9999531675170799,1.0001477478482215,0.9992013708741735,0.9997663302274639,1.0034955652275181,0.853563745165444,0.99451206240985
60554.03811500744,1.0005614598214978,1.0006434984478847,1.0004350348735414,0.999941489418749,1.0014875077728447,1.0026746412696868,0.979275426629397,0.9973703671158922
60554.03829273867,0.9993555525278226,0.9991646086481566,0.9994218013235137,0.9999340946866334,1.0000352379921695,1.0001968484515937,0.8840981546220528,0.9919913720530547
60554.03847046988,0.9991547034503413,0.9987707049451875,0.9989856599326297,0.9991401287856936,0.9984373479624868,0.9986161038688497,0.89163411902659,0.9991689263316245
60554.038648201094,1.0005880549178778,1.0001252931864129,1.0009937211736204,1.0014224295235592,1.0007886633742664,1.0011041725110157,1.0879985309401674,1.006850300760783
60554.038825932315,1.0000037240983952,1.0001519798805911,0.999893024831555,1.0002449685146362,1.000668163494992,1.003051645624354,0.9419805635130547,0.9967126703956242
60554.03900366353,1.0002351530058118,1.0006087901807013,1.0010390907366657,1.0003569447458442,1.0011531209516125,1.0020964377290695,0.9200474135324425,1.0023497801206356
60554.03918139474,0.9995191767257708,0.9993041470501454,0.9989693156003399,0.9984634559523767,0.9981862824293428,1.0009803454005282,0.9722452482011125,0.9935771240625151
60554.03935912597,0.9991303796821567,0.9987715797971364,0.9987883318558641,0.9991785389688818,0.9991355258928097,1.0003790810358302,0.8749586892924477,0.9873812828774438
60554.039536857184,1.000948590750615,0.999787369201565,0.9994387922594191,0.9998569476938495,0.999969230134581,1.0017188704998141,1.0005826868192382,0.9923593072610588
60554.0397145884,1.000354651275248,1.0007624429898347,1.0007389753229674,1.0013811082800363,1.0004149920348129,1.0008802591460886,1.0816658770751637,1.0009394030672982
60554.03989231962,1.0001101147348255,0.9997178007294147,0.9994549454918222,0.9989214076256806,0.9992231474998079,1.001263550396073,1.0979124178806186,0.9992335594801786
60554.04007005084,1.0012441520816675,1.001264490264849,1.001336932649715,1.0014588525589367,1.000989884603076,1.0042947153976036,0.7898946230270394,1.0018822997267058
60554.04024778205,0.9999033716577184,0.999272716413208,0.9988311751764104,0.9991549169959544,0.9998052241088103,1.000128786172081,0.9853747532042225,0.99997802676303
60554.04042551327,1.000564242328382,1.0010480290858672,1.001455959655,1.0009728949646066,1.0012890422072118,1.004160620679721,0.8827166624350179,1.0002291440185849
60554.040603244495,0.9999071363384152,1.0007498173148968,1.0007539760760555,1.0000691482714281,1.00147792209395,1.0030394806724217,1.0827132131262154,1.0109905476863235
60554.0407809757,0.9996194844724823,0.9991520439418831,0.999159271729485,0.9983022312039085,0.9997691559667211,1.0044536313037231,1.0626765244054672,1.0061080942607845
60554.040958706915,1.0001681027632854,1.0004868646258969,0.9993724476708351,1.0003812842540931,1.000871681993326,1.0043241936184357,0.8189446406692105,0.9984737826675735
60554.04113643814,0.9994649338329404,0.9998072136954245,0.9993124744504658,0.9995062401617468,0.9990968506885941,1.0017074287013152,1.0155360324111908,0.999188323092
60554.04131416936,1.000518097927443,1.0003734066185885,0.9996390164304638,0.999655764504181,0.999843225886862,1.0036188082244852,0.9406740187418193,0.991287980750554
60554.04149190057,1.0004282739909331,0.9996597896902303,0.9998367417989933,0.9996632278747014,1.0001046547280308,1.0021691937266044,0.8813308510590927,0.9931542254262847
60554.0416696318,1.000331477522435,1.0010784279329967,1.0009251433623632,1.0003786260998797,1.0015883469214177,1.003776281964257,1.033261658729147,0.9970703403910599
60554.04184736301,1.0002983310014306,1.000136246577979,1.0012473641329285,1.0013767880864555,1.0008045746204977,1.005887973894359,0.9074635045227231,0.999137278026719
60554.042025094226,0.9996928946526427,1.0004309263600157,1.0004167571984004,1.0001747198135074,1.001282624530417,1.0043749318165018,0.9924490070953769,0.9968019984869951
60554.042202825454,1.0007166926248992,1.0007197065366427,1.0008021891074113,0.9982706234826031,1.000684477140277,1.0035699404897631,0.909767396616507,0.9915489722734566
60554.04238055667,1.0002820123735212,1.000512224525803,1.0005153315178361,1.0005660516453325,1.0014349957731794,1.0036375202808248,0.8296321284987097,0.9977839653366384
60554.04255828788,0.999168812255512,0.9998464634829488,0.9999439104193234,1.000119049645513,0.9998792673569677,1.0006182301160054,1.0142849842831496,0.9970826286333038
60554.0427360191,0.9992528389609825,0.9988432592689749,0.9981213941340985,0.9971299625582936,0.9972700288960205,1.0013269681074546,0.7921367687858943,0.9844309154274895
60554.04291375032,0.9983012201029904,0.9989045287445668,0.9980573152061685,0.9980178370164088,0.9980430374778361,0.9963788520103548,0.862081741306813,0.9918498410089684
60554.04309148153,0.999986325434657,1.000249048930204,1.0001633532609502,1.0003889533418318,1.0007036685434694,1.002175104263767,1.1176608844699196,1.0009337140851178
60554.04326921274,1.0001041267001896,0.9991754189730421,0.9988549869082638,0.9996412759929542,0.9999412775646754,0.999218651000643,1.0334227870954649,0.99628396199118
60554.04344694397,1.0000733285942205,0.9988416000503171,0.9984856265977045,0.9992924556209863,1.000245218068389,0.9996907893774616,1.0559207199844185,0.9871610111233852
60554.043624675185,0.998721123053217,0.9985965508580614,0.998371964599232,0.9967906248459094,0.9977277072088989,0.9979264412696405,0.9664971547268795,1.002459955786861
60554.0438024064,0.9997300121026439,0.9995594484943249,0.9990545963256737,0.9985859949080631,0.9986584374996076,0.9983118899230771,1.1933171889299337,0.9970661079335086
60554.04398013763,1.0000787019843207,1.0000530417704352,1.0008087855814922,1.0009659669076436,1.0007054807473588,1.0032509912951983,1.1330966095261261,1.0076300908117133
60554.04415786884,1.0004349094730154,1.0002317712493822,0.9995427522636554,0.9990285241258489,0.9993961940026267,0.9978322495266241,1.08073515487328,0.998829977153042
60554.044335600054,1.0003497455999804,1.0003098682376932,0.999910701571053,0.9994855436368201,1.000214690409604,0.9999328425704282,0.8769171482959154,0.9952195846237997
60554.04451333128,1.0000887720678129,1.0004421554009149,1.0005572470729338,1.0020769156525873,1.0023702810091233,1.0045461770939177,0.9423493751810721,1.0002963884149787
60554.044691062496,1.0002498312148378,0.9999124989984083,1.0000668748662689,0.9998792296339247,1.0004326175772178,1.0035454787328961,0.8270832167895603,1.0036842091272986
60554.04486879371,1.0008101412830217,1.0006270762638803,1.0004468731685079,1.002032082102705,1.0014783925811102,1.0056931617055982,0.9260205982336797,1.0018124639406998
60554.04504652494,1.0000032518731625,0.9999247030540628,1.0006664434100594,1.0005716335975852,1.0010220190417787,1.0013573749844715,0.8988177942926463,1.0056194335757593
60554.04522425615,1.000607549004204,1.0018247584209328,1.0021600581706878,1.002630538174104,1.0016814748848344,1.0023140309672602,1.054815473098899,1.008157872569137
60554.045401987365,1.0005023225977392,1.0005871716277366,1.0002584869984303,1.0012373419077631,1.002564243151178,1.002940351950532,1.0743974318442322,1.0027812605663717
60554.045579718586,1.0002651217448597,1.0005474100582736,1.0003049176068455,1.0004179502958221,0.9999960538666313,1.0046849254976544,0.9862007220951764,1.0061137308332464
60554.0457574498,1.0005447258267341,1.0005389376719946,0.9998485736259639,1.0002607519157645,1.0005384902757464,1.0002429486677429,1.1217679691523974,0.9897800249486542
60554.04593518101,1.000121819223334,1.0009325134667757,0.9993938625201123,0.9993010258517785,0.9993126333293457,1.0023546194447268,0.8953709455302685,1.0066738966320028
60554.04611291223,0.9999738526746483,0.9999972888299389,0.9995850087605503,1.0013210212307084,1.001305984714912,1.0022229320202694,0.8835330635255412,1.008642883595588
60554.046290643455,1.0006126926372516,1.000761671042669,1.0022534468232047,1.0016863894640355,1.000937326714346,1.0040141002644798,1.0188823392615778,1.0127078803493157
60554.04646837467,1.0009102019144736,1.0003937675718768,1.0006445787410494,1.0008241635937407,1.0007071087323314,1.0038733659562982,0.8175267701327237,1.0101503261750484
60554.04664610588,0.9996481681575107,0.9994513779879018,0.9999079817786689,0.9992885467958436,0.9987545076644201,1.0002369774601783,1.051346560492591,0.9971834959189317
60554.04682383711,1.0004452784730296,1.0012265206579882,1.000436341996765,1.000762359462325,1.0007271198434355,1.0005210832653086,0.999106929435344,1.0049958727125723
60554.047001568324,1.0007834007604048,1.0013541904932706,1.0006176947110215,1.0006472923909608,1.0006625264292885,0.9992191462968135,1.0218812312047145,1.0068956693552948
60554.04717929954,1.0000194833000013,1.0001280345182204,0.9996763912562591,1.0003736216342043,0.9995483763878668,0.9986731001073214,1.0428189677055935,0.9864105021747738
60554.047357030766,1.0000977474908455,0.9997102262599499,1.0008902775310773,1.000482684627128,0.9999919410799278,0.999629534754701,0.9649642404309086,0.9972030376880145
60554.04753476198,1.0004471094221514,1.0014367477103696,1.0017444224836212,1.00209967825949,1.0019914298379666,1.0011425053496088,1.0870552349645657,1.0047472255877807
60554.04771249319,1.0000989420635036,0.9999652557645302,0.9999207955650562,1.0003986611221827,0.9991957651470871,1.0020973335185444,0.7941626809190322,0.99676355441286
60554.04789022442,0.9995349681835723,1.0006798022230843,1.0008906744308412,1.0010677389840383,1.0012194226980111,1.0021418254756114,1.0697629400394555,1.0133217615994314
60554.048067955635,1.0007974953509813,1.0007463603270974,1.0015506326947534,1.0020792519982809,1.0017194309394861,1.0025904302154112,0.8172522886391705,1.002744632065262
60554.04824568685,1.000943477050223,1.0012087429695997,1.0014044699955904,1.0017977892646421,1.0029315387269537,1.0059315152912522,0.8117824213724861,1.0058104377936508
60554.04842341807,0.9989142298237437,0.9994326154458995,0.998853989954856,0.9995600988038488,0.9988195642764898,1.001444756474866,1.009191490984553,0.9920284149219097
60554.04860114928,1.0001541179257805,0.9995669078007566,0.9998723622298309,0.9998806806761965,0.9997408187238628,1.004722344182606,0.793351220859146,0.9970910699076592
60554.0487788805,0.9996714392256252,1.0003715398161444,1.000972363654309,1.000389942394842,1.0006063139818426,0.9998539098625775,1.1125969565885907,0.9975963257790191
60554.04895661171,1.001168859971195,1.001268775974867,1.0011837034687499,1.0021503702291983,1.0029907959221165,1.0055819759856175,0.9070897767220293,1.0111291272376604
60554.04913434294,0.9995296568456445,1.0004066771220785,1.000836176663219,1.000501934201688,1.000358868880529,0.9997074009034872,0.9260114333551231,0.9901010274175621
60554.04931207415,1.0008893331128395,1.0003285285200834,1.000696488820209,1.0012255514798214,1.001552280601638,1.0031878617253194,0.9432083074536429,1.000512094158726
60554.049489805366,0.9995820727530379,1.000183080028656,1.0005763035536124,1.0000798831199056,0.9996570373854771,1.0025800433696515,0.9059437958621278,1.0010186962433505
60554.049667536594,1.0005425412895723,0.9999497556912544,1.000482240465496,1.000106684040941,1.000886525200571,1.0021731820332094,1.0184550914728518,0.999743806640709
60554.04984526781,1.0005136840224755,1.0010430973983315,1.0011435792545882,1.0009036209948212,1.000298058249415,1.002230796624933,0.978882293904781,1.0043358181005348
60554.05002299902,1.0006738214077147,1.0000433516237919,0.9996805055878148,0.998879538528892,1.0001149542552257,1.0006030823814211,1.1271371542283375,0.9894157345255932
60554.05020073025,1.0020127144342001,1.0019357196162628,1.0023208381491668,1.0027461819400632,1.0044333955350058,1.0047980785433785,0.9574764250384961,1.0218074863791888
60554.05037846146,1.0008242956022309,1.0010221807914734,1.0010156520905908,1.0020777908582437,1.0020697357991941,1.0042896725458752,1.0209971201104402,1.004519783995129
60554.05055619268,1.0010899535266988,1.0012446689971473,1.0012130891432915,1.0016800561192485,1.0015664271896894,1.00295648862554,0.8538227978179236,1.0106860924312184
60554.050733923905,1.000642207055989,1.000520945625523,1.0010815155974606,0.9998007893352026,1.0019277386326486,1.0018024364912728,0.8733696656205461,1.0090008738322247
60554.05091165512,1.0002459254816254,1.0008183086739726,1.0001674746485016,1.0000996468885135,0.9993559310699098,1.0020186605907142,0.9362876903753801,0.9993237484948269
60554.05108938633,0.9997217095493132,0.9990667273281868,1.0002237865910464,0.998923595210832,0.9990430532981274,0.9992316388860792,1.1574263321332823,0.9975389068409225
60554.05126711756,0.9992574320518488,0.9995379481689556,1.000299623061991,0.9999343910857438,1.0010753028723172,1.0031904601262198,0.8907761893523823,1.0022828704044833
60554.051444848774,1.0000778994064434,1.0007653281947875,1.0006037118833286,1.0008361265416723,1.000109884424746,0.9999571041235499,1.0014230865074079,0.9968991512656608
60554.05162257999,0.9994141661351218,0.9996194632735098,0.9993980020376529,0.9984099775274371,0.9998058306065193,0.9996127758004568,0.9234607693760908,0.9930741507234957
60554.0518003112,1.0007567468921432,0.9999500632765543,1.0006941683775876,1.0005256237570446,1.0025048032280797,1.0041853902938256,0.998437423579439,0.9998948513398203
60554.05197804242,1.0011013519913883,1.0003118790745749,1.000799898848772,1.0015537089200817,1.0019927584672006,1.00525098785678,1.1069479497101902,1.0075727217010382
60554.052155773636,1.0004167495083955,1.0010227622518857,1.001192302669641,1.0024890267054172,1.002680423163133,1.0046389003042762,0.8692428942421045,1.0049191182618207
60554.05233350485,0.9995407207206466,0.9987730493355044,0.9984490294994471,0.9982685959437314,0.9974032607542406,1.0007280859141727,0.8834268266605221,0.9881755532498222
60554.05251123608,1.0002322323166666,1.0004109684773432,1.0003675492716353,1.0005804067076614,1.0014496744755828,1.0011437402969283,0.9662678821606691,0.9943336455805821
60554.05268896729,1.0007541236160535,1.0004985346412116,1.000671451305084,1.0011519338869994,1.0003692774149602,1.001744032969789,0.9258920142345205,0.9949073241395535
60554.052866698505,1.001155969110756,1.0020114168908387,1.002539251795405,1.002041386104441,1.0010766167574112,1.003069255122713,1.101020961049342,1.0200780453982252
60554.05304442973,0.9998907331063326,1.0010883932450945,1.0005698379094536,1.0008074479642812,1.0009194558228272,1.004065612782496,0.8758671108161424,0.9994424715278079
60554.05322216095,0.9999125396611713,0.9994525297795256,0.9996093609620826,0.9983578722665793,1.0001381393323514,1.0002839018541323,0.9423540456741133,0.997519518591216
60554.05339989216,0.9996925999731632,0.9985386069166665,0.9986899392283202,0.9993602862043223,0.9993449342608639,1.0039910611083995,0.8059408393963094,0.9904336752822379
60554.05357762339,1.0012607698994564,1.0016190232107214,1.0012624271159796,1.002456279190605,1.0021530169964752,1.0038656508179322,1.0595734918841373,0.9958469861627992
60554.0537553546,1.0001989991413072,1.0000600262309711,1.0003461519643475,1.0008065162639377,1.0006537412412242,1.0016849485152928,0.8353656712404293,1.0014773537285218
60554.053933085816,1.0015212855576647,1.0018606465446809,1.0025167643367652,1.0017688033323953,1.0042464723115945,1.0031162541747287,0.7617522656989639,1.0019710077394595
60554.054110817044,1.0002370086937953,1.0003956342130285,0.999636016848246,1.0003998564863976,1.000927740207129,1.0033350432291166,1.132521571998003,1.0012867083044343
60554.05428854826,0.9987102041944151,0.9984722262346933,0.9980602212964419,0.9983664681047765,0.9996127729925962,0.9996604973193952,0.8330078198006995,0.9953244471957278
60554.05446627947,0.9997626760108271,0.9989588248888233,0.9989660573962756,0.9991130354914542,0.9996629274208615,1.0016935254822967,1.0322420325900334,0.9996650781511847
60554.054644010685,1.0002961340264986,1.0002332744979374,1.0003132689658838,0.9998217907070437,1.0012359354720168,1.0006852407251592,0.9508812680280393,1.0068063791618602
60554.05482174191,1.000993021609516,1.0008648474427704,1.0008390780494953,1.0010021851497812,1.0004795624215956,1.0022315012211183,1.1439944350228275,1.0070349473997893
60554.05499947313,1.0002041862382114,1.000513530190723,1.0003399753220172,1.0009522692560338,1.0004472614900775,1.0031109787674282,1.0278421612512163,1.001930825233876
60554.05517720434,1.0003174843475233,1.0011081459633715,1.0011334878085834,1.0002711193507825,0.9994335377613119,0.9977130384511584,0.9624947140472122,1.0129482086224524
60554.05535493557,0.9998342388404103,1.0008112159859919,1.000826565808929,1.0012552197042086,1.0006274774551602,0.9990127137952631,0.8915170530668942,1.0024375862570634
60554.05553266678,0.9990574104277852,0.9994725652440173,0.9986126755842233,0.9983775522831342,1.0001246737910305,1.0001711595779226,1.0816306658935217,0.9920796080510099
60554.055710397995,1.0008888007489376,1.001430533906657,1.0016511990590062,1.0020795534792732,1.0021458067807458,1.000337120759384,1.0755764134326913,1.0024651140524488
60554.05588812922,0.9995618787346087,1.0004068951898948,0.9998721087039814,0.9997539778772949,0.9987384062353512,1.001362147994504,0.7664702549399239,0.9935015226255669
60554.05606586044,1.0001066942113312,0.9991833031246127,0.9996224217083229,0.9990089141996649,0.9989665028835327,1.0013529681851043,0.9881247126049477,0.9953381578835536
60554.05624359165,1.0009530080725524,1.001787659633702,1.0021624273192802,1.0011869629687784,1.0023074244215209,1.001896148835137,1.0319889548408216,1.0013871284889746
60554.05642132288,0.9990299144814749,0.9993148560831753,0.9987083038294096,0.9983686143748882,0.9993229883541459,1.0004393157608154,1.0565443908203624,1.0038711822704356
60554.05659905409,0.9994929099318534,0.9998905714085086,1.0003390218805837,0.9984923091617085,0.9993927733621749,0.9996139462157503,1.0531202486943845,1.0042843368452803
60554.056776785306,0.9995568063112125,0.9986043059754214,0.9997460704888621,0.998740240714751,1.0001978264268738,1.0025706064190079,1.0209341683498596,0.9954501888392598
60554.056954516534,1.000059641169771,0.999944373835616,0.9994193444649732,0.9998417788044374,0.9993086532399013,0.9981790652503844,1.0114732970691491,1.0109120092684079
60554.05713224775,0.9997636871605438,0.9995314935551474,1.0000953223873679,0.9990981222141007,0.9995994698024786,0.9976642359778799,1.0652386906350124,1.00263122900058
60554.05730997896,0.99978611724404,0.9994732394477684,0.9992565329477011,0.9976263219068437,0.9988082073128359,1.001753608767265,1.086313998084279,0.9948729583852972
60554.05748771018,1.000161363815356,0.999800648112195,0.9995898613256675,0.9995701201429112,0.9986051795127302,0.9987643787270903,1.25523270398264,0.9885708166889337
60554.057665441396,1.0002877312876122,1.0004981197962237,1.0005216125301049,1.0005708739552421,1.0026483967376794,1.00162193046053,1.0187197737971214,1.0051238167644965
60554.05784317261,1.0001140915410103,1.0019579241458372,1.0004811853981228,1.0004540709262288,1.0004784655569872,1.0029846158787084,0.9527317992306051,1.0067136633150253
60554.05802090382,1.0002352115043354,1.0006718206506846,1.0008378462882273,1.0007881941658194,1.001348079399928,1.0003852853996638,1.0498197492332946,0.995041541645673
60554.05819863505,1.0011724633709154,1.000385063730482,1.000994746547011,1.001107909280314,1.0013327832659593,1.0005605540815548,0.9953027882589467,0.994020354541604
60554.058376366265,0.9998792269387536,0.9992820533286993,1.0012660593858216,1.0010800313303132,1.0023149170952108,1.0044356733152617,1.0035915883497888,1.0090038332173468
60554.05855409748,0.9990273998650262,0.9997416701228936,0.9999267340675279,0.9995726522400548,1.000014369898643,0.9999927651045754,0.8021137717527388,0.9986953660102942
60554.05873182871,0.9995406450005948,0.9996232959121552,1.000443569394471,1.00021881853647,0.9991797293211573,0.999145504507119,1.026273529312649,0.9954945855808337
60554.05890955992,1.0002804920952975,1.0003374725264027,1.00050443510031,1.0008966988117212,1.0014424178737953,1.0023067552816929,0.9845218884431876,1.007428195447005
60554.059087291134,1.0007809812723967,1.0020738246094625,1.0008992538357442,1.0017633085641167,1.0024046550661072,1.0035167005386612,1.180269017973141,1.0082177874245966
60554.05926502236,1.0001288341257482,1.0001683288376808,0.9998441185486107,0.9996522305503247,1.0007111965036966,1.0010946728733443,1.0168520833452228,0.9940677890100995
60554.059442753576,0.9995236355980617,0.9993522282616402,0.9994764279610594,0.9994206554630903,0.9996432496267174,1.0025133267373427,0.9119110575814541,1.0082821468132965
60554.05962048479,0.9984398643378649,0.998588457832362,0.998587892868947,0.9989241480139825,0.9993537461209115,0.9949564083701261,1.2132374684506044,1.011193802212152
60554.05979821602,1.0001399981863064,0.9995262371852791,1.0001559453473514,1.0003053868762628,0.9998664542024204,1.000256167027765,1.1341784216617161,0.9990476060170297
60554.05997594723,0.9998310633819936,1.001059784263761,1.0010341928955757,1.0007687059408064,1.00132660398037,0.9993962854635021,0.8689929372397058,1.0049817691518959
60554.060153678445,0.9989854741917373,0.9994831204037508,0.9989099165616294,0.9987634590410608,0.9997244523972693,0.9968235211332624,0.9408529937840886,0.9823372338145158
60554.060331409666,1.0003237449196745,1.0001486587012984,0.9994391667171967,0.999052441705905,0.9996651652168331,1.0012084893031452,0.9392841817907581,1.0053682405243314
60554.06050914089,0.9998163322782745,1.0001059651519817,0.9995109942065232,0.9998487197970998,0.9998349854036506,1.0012569381160363,0.9905570632971868,0.9964582375070701
60554.0606868721,1.0010635302355622,0.9998654894160339,1.000322689602287,0.9994960090795597,0.9992318917687424,0.9996835969742495,0.9231926180371939,0.9953303319960365
60554.060864603314,0.9992462813858126,0.9992074138120659,0.9989347178968947,0.9995190069049948,0.9994345479833904,1.0009765133395165,0.8729395876624249,0.9993422833499249
60554.06104233454,1.00026645545653,0.9998289422500541,0.9995052884539131,1.0005271635672528,0.9999345244172823,0.9996027284987042,0.9542822893612979,0.9946388027476608
60554.061220065756,0.9997826692481083,0.9995525366155322,0.9991121840314603,0.9991087873681983,0.9992539594388627,0.9982339975796087,0.8948304809458231,0.9966447700594174
60554.06139779697,0.9995976801045042,0.9999466480635808,1.000477465124333,1.000086487388395,1.0002244647803562,0.9988581369599183,0.9426196565101318,1.0008291703359455
60554.0615755282,1.0004890605176961,1.001743210251362,1.0015511051524728,1.001821718988416,1.002039919503742,1.0009193971332628,1.1134893383602766,1.0053485122479375
60554.06175325941,0.9997741090552514,1.000002711170061,0.9993521061169203,0.9991419175421156,1.0005006268275463,0.9976101824684385,1.0694518017643795,1.002184405928044
60554.061930990625,1.0009620477346182,1.0019453342778926,1.0011909721244314,1.0020774231147915,1.0027524381809023,1.0000499816701434,0.8823775449249422,0.9938839903101447
60554.06210872185,1.0010720759404674,1.0009455099537767,1.0011752032478,1.0013200519112395,1.0009922065566101,1.0003448815721792,1.1206401027733401,0.9987625093697711
60554.06228645307,0.9997138553024264,1.000303264105493,1.0003134588897709,0.9999412192210296,0.9994151301168357,0.998705674449466,0.9775747571623608,1.0078490675256329
60554.06246418428,0.9997011179322729,0.9982538479299252,0.9982484420426181,0.9984988731051351,0.9986677372415872,0.9992298655211226,1.0974967795250892,0.99537379678298
60554.06264191551,1.0017642739373895,1.001594667035682,1.002105369009179,1.0023748173501164,1.0033214816329108,1.0053603390908792,0.9568993807954786,1.0115918096146217
60554.06281964672,0.9996961702966153,0.9996387966306021,0.9994925276854943,0.9989267146943224,1.0003409313918836,1.0004629710604402,0.9432832694438584,1.0026790916939359
60554.062997377936,1.0002843035201419,0.9997871171009757,0.9988306548947197,0.9991024760668991,1.0002635859533873,0.9995076714730421,0.9134293115331584,0.9963620219931104
60554.06317510916,0.9999766323112783,1.000768356143836,1.0003325691724172,1.0003837912058213,1.000596666510092,1.002469050323249,0.9854333405344966,0.9921614216216915
60554.06335284038,1.0001918304752502,1.0002481623038832,1.000366925208006,0.9990454692319742,0.9997164691910156,0.9988310297547,0.8664423576708323,0.9953346580709475
60554.06353057159,1.0006676108600023,1.0015146488892657,1.0015648089743312,1.0013985621023371,1.000442284100385,1.0016874628615133,0.895409405895764,1.008802955750478
60554.063708302805,1.0007752400796621,1.0006115344157789,1.0011191542390994,1.001008452892093,1.0008738101194035,1.0034296510835603,0.944819459036178,0.9969953856558478
60554.06388603403,1.0011646668024794,1.0006252212358078,1.0009811853150679,1.000215862663177,1.000400846937742,1.0022802684034453,1.087561628208149,1.0097044344024761
60554.06406376525,1.0008369072278942,1.0007894743666486,1.0003513628172518,1.0000388062687018,1.0011218991586017,0.9995862986406292,1.0793885174019637,1.0039473651242867
60554.06424149646,1.0009723727240607,1.0011221773047434,1.001369835542167,1.0008337913839507,1.001106628868294,0.9999407338417502,0.8506376223701912,0.9980251105976327
60554.06441922769,1.000710061106502,1.000548853951092,1.0009055767919879,0.9993050856814113,1.0001478924980485,0.9998464486045289,0.9338340698412458,0.995793616157314
60554.0645969589,0.9999362598558023,0.9996777249616488,0.9993856301330033,0.9982750184524456,0.9992637724094418,0.999311070086667,0.9134979133089847,0.9902915311062768
60554.064774690116,0.9996023947028182,0.9995247044201478,0.9993053635746904,0.999111365532271,0.9996739495765751,1.0007925304957064,1.1118066528116084,0.9912794159623863
60554.064952421344,0.9991265295772136,0.9997206393207589,0.999837450926572,0.9999706829161712,0.9988557107778843,1.0016092423229215,1.1184548937921541,0.999370341425458
60554.06513015256,0.9999246343676363,1.000022903088533,1.000171478632123,1.0002707593291507,1.0011614320078976,1.0022624906884592,1.042547184300791,0.9954258759672903
60554.06530788377,1.0008879637280044,1.00097883610327,1.0011746237741441,1.0016139156906265,1.0016322728617393,1.0012557031258098,1.1924653850649254,1.0029768502527279
60554.065485615,0.9994263305477717,1.00011982003907,1.0000063095302514,0.9990680053321419,0.9992011121342634,0.9997486946851036,0.9873057321464367,1.0030631222501352
60554.06566334621,0.9996417551885048,0.9994710563502149,0.9992793310661566,0.9988376158413491,0.9992341790983973,0.9979569299487233,1.0836564082954405,1.0048797727478045
60554.06584107743,1.0002817220677631,1.000823438751607,1.0001315559058412,0.9999934808982515,1.0009211126334217,0.9997542616021006,1.0326369874202757,0.999587347883124
60554.06601880865,1.0001160043607298,1.0015869191764966,0.9999996219162246,1.0016522924785909,1.0011711445857936,1.0005996862119326,1.0419490013856216,1.0062317683572952
60554.06619653987,0.998037530626511,0.9982873729533958,0.9977396737768823,0.9971305157574348,0.997796688412808,0.9974326993168753,1.1783406915746277,0.9924431213481505
60554.06637427108,0.9996659599094598,1.0001554891272457,0.9996771901517845,0.9987258628829513,0.9977224115777155,0.9962213507886931,0.9141397478144266,1.0044706526301597
60554.066552002296,0.998826257064817,0.9985581085021111,0.9988893557818448,0.9980013014307645,0.9981127404819412,0.9989543503703073,0.9879165793181562,0.9966465791948853
60554.066729733524,0.9995433135173655,0.999437163256658,0.9994296956108234,0.998334662058081,0.9979568253443445,0.9973631407010128,1.2064110181918934,0.9825901995946603
60554.06690746474,1.0010471516056627,1.0013825533418466,1.0012725954919384,1.0018774168097677,1.0021046747720987,1.004542739540693,0.8295321343418511,1.0045758428264757
60554.06708519595,1.0008592710221753,1.0007739712288106,1.000023372790114,1.002088024646368,1.0013104364511682,1.000896530935026,1.0061686265562655,1.0085358125414143
60554.06726292718,0.9992818487616131,0.9994858643162428,0.9986827480905925,0.9998035029281274,0.9983021832966268,0.9988598521216216,1.0097848910622247,0.9923822255471577
60554.06744065839,1.0004393252914858,0.9999931089279739,1.0005867356474145,1.0007812004403824,1.0015478063350107,1.0035644258763163,0.881447736053124,0.9971765512493642
60554.06761838961,0.999105824790132,0.9999161271178294,0.9990870012804217,0.9987814522688234,0.999734992800637,0.9988319832110913,1.1190493353332982,1.0017214426262637
60554.067796120835,0.9995303246582312,0.9995323406647412,0.9998290668355532,0.9989683467246212,0.9999739856995175,0.9978051979716968,1.0784680425326536,0.993877083756736
60554.06797385205,1.0006325709276673,1.0012750010690727,1.0005324851336452,1.0007602467194339,1.0016281854217033,1.0013165837717506,0.9340814046633101,1.007101785466292
60554.06815158326,0.9996986901068582,1.0000362795812852,1.0000108509455532,0.9996953253706224,0.9999090193745965,0.9979835683742551,1.054455977822637,0.9952608287807901
60554.06832931449,1.0015544171806803,1.0023247569552656,1.0024739936341756,1.0030886581434957,1.0032771940470007,1.0029008069696534,0.9118163751919379,1.0080037762859888
60554.06850704571,1.000615125246424,0.9998921611099851,0.9997384291394019,0.9999303666972873,0.9993473347393675,0.9988333240527192,1.137239833901995,1.0048398609469635
60554.068684776925,1.0001467605063092,1.0001885591438306,0.9994481501758594,0.9993684510725368,0.9995454525752295,0.9984096222603155,0.971117761364137,0.9958403901396994
60554.06886250815,1.0004863114971163,0.999729811233753,1.0005529477174882,1.000411818312355,1.0003194750237425,0.9996008617253564,1.0152961235576814,0.9969935770659357
60554.06904023937,1.0001763965691732,1.0003113660022946,1.0015808119728238,1.0009566018573262,1.0008073514887295,0.9982850193924961,0.9689016971298727,1.0078601169199752
60554.06921797058,1.0002267293550697,1.0013238816475032,1.0014772680763404,1.0008463158468301,1.002047680056917,1.0001947982725647,1.0742003526446633,1.007681248152359
60554.069395701794,0.9997872790137875,1.0005092059317346,0.9994193703369577,0.9992800545752379,0.9978469604628635,0.9975005537552092,0.9026119547268281,0.9890724351585376
60554.06957343302,1.0005030577929712,1.0011783571871842,1.001338992902491,1.0017952784190045,1.0010999829058278,0.9994174750304606,0.9467375484256623,1.0048777543007967
60554.069751164236,1.0006689769645467,1.0004331402644868,0.9997872321304075,0.9999054143272839,1.0002008779668348,1.001607934734166,1.0080911562844725,1.004220094423724
60554.06992889545,0.9998450014753508,1.0001530650583037,0.9995203509469642,1.0000979437321018,0.9997714250732819,0.99977837619898,0.9406797820124224,0.9941711501399791
60554.07010662668,0.9993717223125255,0.999488472420228,0.9994260686329783,1.0003515345875988,0.9997131590487808,0.9997278752333413,0.9933446678070159,0.9989899957707317
60554.07028435789,1.0008277833716914,1.0012901950086832,1.0001935135270315,1.0011664076805684,1.0001539864664237,1.0013601069975584,0.9517248157900515,0.9984531715001923
60554.070462089105,1.00047225203299,1.0014475296477285,1.0004132761424684,0.9993193916408815,1.0000927580294585,1.0005454901227562,0.7691953686050764,0.989972777454367
60554.07063982033,1.0004779043845085,1.0012812813254035,1.001212861685427,1.0010862930667646,1.0004007637741663,0.998193550051414,1.144365043594877,1.0100358781529641
60554.07081755155,1.0017349952895718,1.0013897603863964,1.0013558319384865,1.0009889017045435,1.0014755055459907,1.003096964290735,0.9615417670755555,1.0099156181440727
60554.07099528276,1.0012791337888365,1.00198833428346,1.0010718272252168,1.0014976154379267,0.9997381616310593,0.9993173702187728,1.0634233359998508,1.0122701674024333
60554.07117301399,1.0002120668641052,0.9999050177561607,0.999755321389366,1.0000193709084602,0.9996424546028154,0.9957988117741491,1.036680440506396,0.9969990974350318
60554.0713507452,1.000318231843847,1.0006479356118076,1.0006616069169325,0.9993230349541958,0.9999794680345846,0.9981350717431474,0.9372097541596613,1.003380154200972
60554.071528476416,0.9999630460291362,0.9997001099778255,1.0002358580278743,0.9987964574160416,0.9998844205166872,0.9986046267579456,1.0779443278993601,0.9953583269325892
60554.071706207644,1.000450689586477,1.0001047451335188,1.0009294611417978,1.0004097566522767,1.0000006555292538,0.9976216526284195,0.6775039659297183,0.9992737004507872
60554.07188393886,1.0002252406496477,1.000275494491701,0.9999111506067864,0.9988385742710713,0.9995152948452576,0.9997570069163365,1.0322445059898717,0.9992392059090134
60554.07206167007,0.9994833857434636,0.9997875716239831,0.9989668019018332,0.9996121315983908,0.9992920713838023,1.0005251634571086,0.8947106103219599,1.0044755042206988
60554.072239401285,0.9989554026702362,0.9992365834470449,0.999970518873515,0.9999991155172796,1.0013333384076755,1.0008265566582588,0.8726571455014321,1.00195211529078
60554.07241713251,0.9998141048239717,1.0000456571425527,0.999987214339596,1.0009728853288307,1.000438296556038,1.002777170237224,0.9785166576376364,0.995908398968751
60554.07259486373,1.0005580904158726,1.0009491629122838,1.0014537733742985,1.0015970790199804,1.0012434182058367,1.00112477571184,1.0197667703857356,0.9974699754407986
60554.07277259494,0.9992425551118568,0.9998645176271339,0.9995835041674443,0.9998665378649341,1.000493055628887,0.998664912091657,1.1074957418858828,0.9983729142180933
60554.07295032617,0.9995885111442996,1.0005310004551045,1.000208168634325,1.0003974323627443,0.9993380528891532,0.9970069206573308,0.9910385433985239,0.9947936318212356
60554.07312805738,1.0015394118993008,1.0006898457621725,0.9996610078133986,0.9995316462052052,1.0000087258750308,0.997001822820369,1.1353917593994154,0.9968015709168017
60554.073305788595,0.9999889827437665,1.00050616943417,1.0002116032382844,1.000856186379398,0.9998404882811149,0.9965986376640544,0.9570149908317489,1.0011281597775255
60554.073483519824,0.9995703001984898,1.0003050236482498,0.9998287979237129,1.0004552042518857,0.9993803410702969,0.99831469779562,1.0745834669764893,1.0126574283758298
60554.07366125104,0.9993312355935778,1.0007635075220735,1.0014846852019337,1.000079732313411,1.0019422182063311,1.0011107182853076,1.1699866548798727,1.0081375995735538
60554.07383898225,1.0001540607940445,0.9997504760626075,1.001004231569376,1.000383683958314,1.0002343479926803,0.9984161548407259,0.7662156301771871,1.0051269771687117
60554.07401671348,0.9999443546573662,1.0009854960427664,1.000771796385468,1.0004789144647621,1.0007516507789027,0.9998777634136822,1.0256415559177585,0.9979571412668142
60554.0741944447,0.999344644193288,0.999758245212438,0.9993723335989029,0.9989231318356027,0.9991355590257083,0.9970835344600368,0.8787570234749941,1.0056323249843935
60554.07437217591,0.999382787280958,0.9986260829178799,0.9988199394830858,0.998397097002834,0.9986967149433755,0.9953138989953345,0.9572860081688135,0.9982602858788869
60554.07454990714,1.000158713613544,1.0002505637918384,1.0006129456338428,0.9997193598999603,1.000592758484702,0.9988636514231908,1.0655086810830208,1.0032476411927354
60554.074727638355,1.000634600881113,1.0000790457123456,0.9995394669136073,1.0007860880887731,1.000661448284768,1.000841794690481,1.0692229409254193,0.9966407996140872
60554.07490536957,1.0000588547199913,1.0003039047603497,0.999156507935127,1.0004108809361436,0.9999992747157044,1.0005787848079302,0.997045490341552,0.9994437337982341
60554.07508310078,1.0006431269042715,1.001027882813247,1.0000280611073287,1.0005089330090067,1.0004845124766466,1.003334847702227,0.9875189394554109,1.0053068610700187
60554.07526083201,1.000061120307678,1.0005935731762254,1.000181797829992,1.0001743736515536,0.9999833349751805,0.9999850088613685,0.6765396937259758,0.9853111250446638
60554.075438563224,1.0012944103776218,1.0014508013101424,1.0015250623539451,1.001185086896386,1.0009587603864518,1.0013537357472124,1.0964054077871777,1.0053416047125285
60554.07561629444,1.0010756792035087,1.0010879832388895,1.0021325874150084,1.002062139256052,1.0021680416063397,1.0022712536570135,1.000058240732445,0.9999126166704073
60554.075794025666,1.0005378551204476,1.0004964699325465,1.000180350174852,1.0005944294677145,1.0001356999226918,1.0007836088573172,0.9241463243966477,0.9974983344812306
60554.07597175688,1.000627841021328,1.0013869995381641,1.0005319464279654,1.0005689334023486,1.000481931258181,1.0011683505117803,0.9254190765627258,1.0016838037923532
60554.07614948809,0.9998366350930236,1.0005303517356101,0.9998331841071071,1.0000056169601592,0.9989128873926794,0.9948688953056241,1.10615865338971,0.9955715183919311
60554.07632721932,1.0009568391791432,1.0009364015901316,1.002003807455518,1.0020595529741678,1.0019036970700939,1.0035768224613215,1.1396746558686366,1.0091756468949202
60554.076504950535,1.0002580544944677,1.000228300551698,0.9999769778536776,0.99927622686221,1.0007245596643606,0.9997893105157396,1.283764521282515,1.0133192979062255
60554.07668268175,1.0010581383938248,1.0012181021434923,1.001123835696318,1.0020327134440299,1.0013270277501432,1.0001354142847756,0.9118068975707061,1.0045773771473483
60554.07686041298,1.0000506519421806,0.9994476048662861,0.9995624184019716,0.9985427560131144,0.9996501639656621,0.9985040356819964,1.0093700819302356,0.9997940394826522
60554.07703814419,0.9996484754114393,0.9995113414759879,1.0000456133869007,1.0013926438219023,1.0001010258473113,0.9998403472173325,0.9620169774453359,1.0027787085658817
60554.077215875404,1.0007951909465174,1.0015880980653045,1.0001895958813591,1.0011972879007842,1.0007002848461999,1.0013518976571487,1.0755140762266497,0.9984127977591484
60554.07739360663,1.001703485633802,1.0012678204765362,1.0015983969843765,1.0024173265000274,1.0032236486322281,1.000919400737445,1.058189025301716,1.0063650603099712
60554.077571337846,1.00083149802795,1.0010638627125779,1.0022593941456714,1.0019612638348152,1.0004421262221233,1.0016076344500018,1.1265128463689633,0.9990958445618979
60554.07774906907,1.0003151080500141,1.001694675162031,1.000140150598735,1.0007273892511777,1.0008844060203763,1.0039932095443034,0.9913402908915967,0.9989344863503531
60554.07792680028,1.000314021726961,1.0007223148019206,1.0006440494433637,0.9991635882043994,0.9983893137084029,0.9976113415992088,0.9921540895379738,0.9970416933335846
60554.07810453151,1.0004252768983422,1.0016955743691873,1.0015497333492878,1.0014666554915643,1.0016200882382784,1.002380139179272,1.0466425059114375,0.9969189957090502
60554.07828226272,1.000661483823033,1.0009644804021514,1.0015814266284586,1.001181904516358,1.0004523606431723,0.9992388365453906,1.049383603763638,1.0001426687834913
60554.078459993936,1.0006918560378804,1.0014368641637448,1.0021809355882845,1.003000368035724,1.0024482367556122,1.0028748653097919,1.0991849884737648,0.9994085259969282
60554.078637725164,0.999798345895723,0.9998733666320158,1.0001998153152878,0.9985509684002245,0.9982648027604238,0.9958010438356633,1.0491403345963533,0.9948560184441257
60554.07881545638,1.0000258279296106,1.0004235231834655,1.0008914451023836,1.0003006085873305,1.0000391877650119,1.0015774363581165,0.87782279308974,1.0020825268911708
60554.07899318759,1.0000185499205183,1.0002064228012624,1.0011378157800124,1.0010181939356706,1.00012453512985,0.999478891948692,0.9135881228709757,0.9996893470513641
60554.07917091882,1.0005695445088307,1.0006957829487952,0.9997016948412261,0.9993008894329495,1.0004884579422122,0.9997014565342087,0.9323857463662876,1.003867547196384
60554.07934865003,1.0006244347124287,1.00004368420947,0.999951717388685,1.0005778123739646,1.000247784708379,0.9995295422519079,1.216021059530644,1.00867891678631
60554.07952638125,1.0004422127676844,0.9994637168843065,0.9999615122868659,0.9995333758270016,1.0000028842136781,1.000831966021001,1.0705095964770361,1.0038996001217728
60554.079704112475,1.0009439838551906,1.0013874372867242,1.0022002446148126,1.0018966694202571,1.001073568199411,0.9993767478563359,1.2064968982414497,1.0068425664902545
60554.07988184369,1.000569044537803,1.000831008382289,1.0015016976978262,1.0018087621695864,1.001240271077463,0.9999716318100582,1.0367482780362864,0.992772083874909
60554.0800595749,0.9999919995181038,0.9997952081911619,0.9997302775042447,0.999123171469852,0.9977475644176892,0.9993623614409016,1.085693183833859,1.0051459558879337
60554.08023730613,1.0010640047843344,1.0006026757333313,1.0009154961500943,1.0016418007684618,1.001415270267661,1.0003174847022624,0.9631339515739139,1.0035021113609295
60554.080415037344,0.9994757370614828,1.0005818583215225,1.00124574556589,1.0009883935823545,1.0015902802260512,1.000511061793529,0.9524798248861334,1.0008236258169168
60554.080592768565,0.9995923120448769,0.9996990606071066,0.9997514693056544,0.9988305301140508,0.9987005623355613,0.9997311562191709,1.0061914109228836,1.003261449134959
60554.080770499786,0.9999783464000317,0.9986889220946459,0.9988389794997738,0.9985836813318403,0.9979547769028884,0.9983990707377505,0.9948316811945207,0.9852407189710913
60554.08094823101,0.9999416292822174,0.9999175697203059,0.9999268935134333,1.000394358088203,1.0008822295202673,0.9982434628917345,1.1131429099588055,1.00278285755341
60554.08112596222,1.0002895681139223,0.9998278678789567,0.9998885718122006,1.000221507907958,0.9997521563047709,0.9997056017300109,0.9619767915297198,0.9920865461011681
60554.081303693434,1.0001043486665504,1.0000039640922476,0.9983771654561422,0.9991018713229557,0.9985943995585055,0.9976993473640121,0.981864810580709,0.9960566895207976
60554.08148142466,1.000065945479136,0.9995007121215831,0.9998132844349296,0.9995409964058676,0.999294012474667,0.9995922941764243,1.0645212647067666,1.010779672838369
60554.081659155876,1.001247401346633,1.0008379605842725,1.001471432865807,1.0020196404019015,1.0016649119144876,1.0031641353718148,1.081995609875909,0.9959957657146119
60554.08183688709,0.9995171747914777,0.9990808089929007,0.9997659882910287,0.9983428046848124,0.9987882437474412,0.995710796484007,0.9291317092323115,0.9923712116503066
60554.08201461832,0.9992830282996037,0.9994078173286884,0.9998054836395641,1.0001496030413255,1.0003158247723036,0.9967897047641545,0.9641585339253479,0.9929731753450968
60554.08219234953,1.0003411547910737,1.0006063609503908,1.000598978290141,1.000147872297555,1.0016072258813769,0.9986767906398176,1.0075175886469239,1.0007539424591756
60554.082370080745,0.9993345462273218,0.999505527033158,0.9987274763420189,0.9979457039930796,0.9996353832139313,0.9983177337614138,1.0137936124042608,0.9998211849525973
60554.08254781197,0.999937498302353,0.9993592827232356,0.9993151247608911,1.0002764808681586,0.9998255754947831,0.997673173127125,1.0142213839610597,0.9965256654647744
60554.08272554319,1.0006128360133064,0.9993895967303714,0.999836828136942,1.0006418891625541,1.0009322863721464,0.9991779068139196,1.0166870639134826,0.9996218078730362
60554.0829032744,1.0007297516002547,1.000042145960385,0.9998265735210343,0.9993387638405912,1.0008257606241864,0.9997555841653752,1.098724329747399,1.0026029406277974
60554.083081005636,1.0003692277952514,1.000251782036081,0.9998847503044709,1.000499630657232,0.998963092348615,1.0003604706474665,1.1023117757749075,1.003632345437493
60554.08325873685,0.9996771353143576,0.9994221141579489,0.9999244205829024,1.0000170747558326,0.9991352094736281,0.9989634343899809,0.9736134621843257,0.9868370036608982
60554.08343646806,1.0009258571035178,1.0013487437979411,1.002076474216346,1.0021170017348204,1.0027655294861333,1.0035357253007215,1.0325804851423819,1.0085802185938055
60554.083614199284,1.0000956729801131,1.0004225744594308,0.9999475103491846,0.9992289466171989,0.9994938243956344,1.001196306673557,0.9225181192292952,1.000904945477831
60554.083791930505,0.9998697440273596,1.000864448727059,1.0018722786956606,1.0014325037933913,1.0012967373229122,1.0028437962715455,0.9563463208793249,1.0021829998491334
60554.08396966172,0.9997644613092321,0.998793841585642,0.9988346229123621,0.9985960367066501,0.9984187951959146,0.9975763724495565,0.9856038618082538,1.00180871910084
60554.08414739293,0.9997198766866882,0.999893841457995,0.9999988717266702,1.0002216864338085,1.0012429919510966,0.9986074637428418,0.941362262742117,0.9983027108730217
60554.08432512416,0.9990393710138618,0.9981204662340105,0.9982351590325097,0.9989797203722505,0.9991344490736053,0.9990070372081479,1.110564738287856,0.9853989024848615
60554.084502855374,1.0001126450693356,1.001154327468698,1.000412277131062,0.9999667309280318,1.0002302522694195,0.9985159869145,0.9856283383252892,1.0032366161665478
60554.08468058659,0.9994675259462653,0.9990520745257975,0.9995320827159944,0.9988592873616131,0.999140911479813,0.9980705207309686,1.0057360484785434,0.9917395931475376
60554.084858317816,1.0005742674445512,1.0006321874702615,1.0009501160015264,0.9995170284029834,1.0008725850304778,0.998119213319594,1.1595453547444503,1.002554457746713
60554.08503604903,1.0000029547334648,1.0000638287078696,0.9990416953193384,0.9997422510718746,1.0000662175836914,1.0013823146387482,0.8155165534310178,0.998609032837907
60554.08521378025,1.0004287270811345,1.0012056979235182,1.0015326434334413,1.001103761870717,1.0004909901239878,0.99893478942177,1.0744954208043642,1.0086004282321857
60554.08539151148,1.0005938302803106,1.0003377651114755,1.0016130337656803,1.002345902894208,1.0018981386950245,0.99968981809324,1.1177259507353456,1.0143802502748724
60554.08556924269,0.999524191470716,0.9999173095550784,0.9990655935851401,0.9988319674286418,1.0002223212474812,0.998005950861193,0.9434916344031367,0.9975070041252054
60554.085746973906,0.9995681342496443,1.0004001046032605,1.000100710032167,1.0002371441985058,1.0004848328717761,0.9992436645835635,1.0197994507807762,0.9935536816064919
60554.085924705134,1.0003411627184438,1.000338005598986,1.0004328587848341,0.999523864722079,1.000491610703179,0.9997654094023009,0.8468052833425556,1.0016064026762361
60554.08610243635,0.9998307058302689,0.9996245835122859,0.9997764006868425,1.0001759731243753,1.0006568772700768,0.997989794577717,1.1167484394965244,1.0097141763543798
60554.08628016756,0.9994483630326566,0.9999215547806127,1.0006577644372157,1.0003771818554499,1.0007720407647023,1.0010096633639691,1.0627762878007403,1.0014151397194577
60554.08645789878,0.9993688273189935,0.9999778425679123,1.0003036200876163,1.000209514864726,0.9996164625065201,0.9959855918924898,0.8966871504065687,0.9907029757640516
60554.08663563,0.9998415789016749,1.0000371134648722,0.9998143242143117,0.9998229994689469,1.0007786468020257,0.9968303057704454,0.9288351933472936,1.0059402894356628
60554.08681336122,1.0005607758808133,1.0000317170928852,0.9993722435369563,0.9998586652379265,1.0004346017408507,1.0007761335043415,1.2208806735330584,0.9955405510132898
60554.08699109243,1.0007771009614401,1.0010588461850487,1.001238960637921,1.0013885810223386,1.002492500817164,1.0018696294763418,0.908126345012405,1.0084015558643948
60554.08716882366,0.9996288330286219,0.9998024516878762,0.9999597770018969,1.0000774260630176,0.9999737754712757,1.0003183594029799,1.0152994884259616,0.9999098101136242
60554.08734655488,0.9992873756419988,0.9989922753950372,0.9984386549316107,0.9972475228537047,0.9975956285412148,0.9968556815951402,1.181844920419826,1.0010829008033404
60554.08752428609,0.9995228814044773,1.0001485614417622,0.9993786189231687,0.9987573170918251,0.9995300313645687,0.9992686135700978,0.9209880481589671,1.0032926448104789
60554.08770201732,1.0000900006734907,0.9995921493117744,1.000491789187823,1.000962451631353,1.000811020294592,1.0004976616153824,0.9756115532756037,1.0055910746808088
60554.087879748535,0.9993091697590671,0.998620822193107,0.9981716523262396,0.9975450126548079,0.9978482822998532,0.9961235809722495,1.1212731264370794,0.9990361329441245
60554.08805747975,1.000067495416658,0.999659413394213,0.9995260041716056,0.9996138302669068,0.9998229086277747,0.9976230538401009,0.9988516284804341,0.9982978374238841
60554.08823521098,1.0003518076729427,1.0008274909097037,1.0020380368751818,1.000234495482073,1.0008535087641075,1.001567621290134,0.999941759267555,1.0054243996651877
60554.08841294219,0.9994476443755588,0.9998295651627065,0.9992096538915525,0.9996818533017693,0.999019325007129,0.997526341121743,0.9617403808396693,1.0003796354150973
60554.088590673404,1.0008468067362517,1.0009626411807697,1.0005841705969383,1.0014099410298436,1.0009441101783416,0.9995133102806036,0.9321894748322687,1.001663849837748
60554.08876840463,1.0004649730671462,1.0004656241431695,1.000082444313019,1.0004210658194048,1.0007092448103043,1.0019922144525983,0.9644182533573566,1.0011621826318342
60554.088946135846,1.0021530461054633,1.002140890463095,1.0037429529362742,1.00268309823039,1.0033981120634556,1.0014621256085914,1.1630595682791014,1.0106250979937539
60554.08912386707,1.0007184530477637,1.0000742683819848,1.0000828454267807,1.0014625093359382,1.0014338167389825,1.0012491309637546,1.0760881734013108,1.0004428106933185
60554.089301598295,1.0000657258363141,0.9993711716128303,1.0007855275493103,1.000759260966347,1.0012633552649128,0.9991553141044679,0.9416677148695412,1.005519817067517
60554.08947932951,1.00009803027927,0.9995239442473537,0.9995229246214352,0.9990528511603877,0.9997906593835784,1.0013840629031494,0.9761940158613803,0.995429992803402
60554.08965706072,0.9998721184113659,1.0002602666806097,1.0002562988557302,0.9997320824242362,1.0008536381480766,1.0016731584841332,0.934688606105609,0.9952527517194252
60554.089834791936,0.9994291459942455,1.000185495871667,0.9994943787083946,0.9996777924821596,0.9995070775550752,0.9962561230169807,0.8383708508295091,0.9925013836790009
60554.090012523164,1.0001265569203643,0.9999129244887182,1.0008852068180898,1.000034229077095,1.0015757164948063,1.0032948205332457,0.9982265008101635,1.001031208418027
60554.09019025438,1.0007585999832298,1.0001728579384788,1.000251711086456,0.9992881099519976,1.0007284819368973,0.9989509401487984,1.174247030840131,1.0007265989525085
60554.09036798559,1.000169328635387,1.000688862682779,1.0001395625010845,1.0006354788635563,0.9996910309111203,1.000512051956801,1.0462287771080296,1.0126940667333129
60554.09054571682,0.9987313561945104,0.9984561838951468,0.9980731389627674,0.9978116015121774,0.998421356534641,1.0002436669726928,1.0301410710201844,0.9931623676633715
60554.09072344803,0.9998208644103987,0.9993021318583587,0.9983859487989238,0.9982894781883415,0.9992231100596325,0.9957518251436901,1.0741644595018085,1.0001777512888366
60554.090901179254,1.0011682497003807,1.0010131445256933,1.0006016127245758,1.0007516172220192,1.0017844708194417,1.0006657088460684,1.0962713951217147,1.0018143451622616
60554.09107891048,1.0003428736635847,0.9999852823579196,0.9999877802892598,0.9995249532347775,1.0002758351860004,0.9985133749764625,1.0719856930197351,1.0071407379983468
60554.091256641696,0.9993381824299525,0.9993070720944107,0.9996478586712106,0.9995321958404294,0.9986710220371546,0.9966611789584413,1.0532821598282918,1.0028870318522571
60554.09143437291,1.000013098486827,0.9998777631501622,1.000081828089385,0.9984291410399976,0.9983956230406194,0.99932520680521,1.0586976699889283,0.9845394227479902
60554.09161210414,1.0009002124714697,1.0008610394819177,1.0006604848175993,1.00055318141649,0.9995140709159832,1.0014821176859825,0.9752574954710219,1.0001514490297934
60554.09178983535,0.9995195771946367,0.9990311582415248,0.999844484970393,0.9991679384932808,0.9994848442204617,1.0018488419258833,0.9662530791085796,0.9956995896310764
60554.091967566565,1.000592419345122,1.0010831871985681,1.000980144947686,1.0015828528526556,1.0008070054156037,0.9995523221428508,1.1662682434543674,1.003919521488517
60554.09214529779,0.9995430840336705,0.9993843535865097,1.0000562680385705,0.9994963600594015,1.0000185272490951,0.9976651630894149,1.1013393983741009,0.9839101995984822
60554.09232302901,0.9994633545094779,0.9995561086050719,0.9995932483996551,1.0001206405385341,1.001208258070834,1.0021441477060433,1.1603179663950165,1.0031876758188172
60554.09250076023,0.9992839794473298,0.9994825234592333,0.9992677712870244,0.9991421728241817,0.9986008709105959,0.9978234301998145,0.9006671000297386,1.0004393893316232
60554.09267849144,0.9999172669706132,1.0001796933645015,1.0001066826386187,0.9999890637529242,1.0012393079041007,1.002707821093004,1.0153089921596885,1.0040675770879053
60554.09285622267,0.9989847354428567,0.9989751327162584,0.9989650780828575,0.9982265657446876,0.9988289554652695,0.9974411500516849,1.012289254854521,0.9964475165008932
60554.09303395388,0.9995288818768836,0.9998270517375736,0.9999281958346595,0.9993568053132326,0.99999718651477,1.000259261604428,0.9292957418546389,0.9961126630272316
60554.093211685096,1.0012075914610723,1.0010180516967289,1.000701632837153,1.0008973758239847,1.001125783493969,1.0014586735742774,0.9622701575190927,1.0080610329394475
60554.093389416324,1.0000499809859815,1.0003570215319197,1.0001390783813722,0.9996438895982032,1.0005800791870652,0.9977544144424567,0.9891044403695265,0.9968199505431157
60554.09356714754,1.0006785494005506,1.0005120401681742,1.0005494525495646,0.9996648361913174,1.0010685709299791,1.000496549296075,0.9558100169869964,0.9981863991598988
60554.09374487875,1.0010844058711363,1.00034982384235,1.0010291065025974,1.001148266022256,1.001820662547243,1.0022996813659735,0.9447426755476039,1.0125781367637041
60554.09392260998,0.9983272813320019,0.9993163833643525,0.9987132922224459,0.9983565654969542,0.9993087857714956,1.0013387959396216,0.9659507556224437,0.9931010339629974
60554.0941003412,1.0005510316395656,1.0006324024735151,1.0015017150438161,1.0002357006140608,1.0007100883739026,1.0029493586948208,1.0552176119016645,1.006279252144027
60554.094278072414,1.0002063051695518,1.0005962019256844,1.000159928260985,0.9998826574622478,0.9997647161583084,1.001649324155334,0.9829921416536139,1.0064782911609012
60554.09445580364,0.999327388495568,0.999298316478039,0.9989687612146692,0.9986185729388146,0.9981210119444126,0.9984614468833556,1.108774285560495,0.9908609606228033
60554.094633534856,1.0007612136918043,1.0000921788143176,1.0009332231635628,0.9999795300765264,0.9991841439485669,0.9991529044940687,0.8511758312601365,0.9928817853077428
60554.09481126607,1.0009845385034988,1.0008812934981037,1.0006342432751896,1.0015204382354301,1.001485904637546,1.000258027643968,1.0136372070596082,1.016339863718509
60554.0949889973,1.0001287347602652,1.000441097804265,0.9999114600906025,0.9995220244208552,1.0003876254202189,1.0008025953249406,0.998593851392983,0.9979751711555492
60554.09516672851,1.0004165891841705,1.000698369600843,1.000027594431606,1.0005449819650793,1.0001988084859883,0.9996956263831834,1.1896482691846213,1.0030499766852818
60554.095344459725,1.0006236552332677,1.0006878104087902,1.000658714154651,1.0017159319613451,1.000421496519802,1.0023828072181231,0.8840976621282476,1.008523218787974
60554.095522190946,0.9995100077655662,1.0007567053223603,1.0002622209922118,1.000182921508866,1.0019277596720393,0.9982428782204243,1.0475674013832823,1.0014220981006587
60554.095699922174,0.9995769322636023,0.9999343204576695,1.0000890029591225,0.9996542462754711,1.00046734665321,0.9980516089857673,0.9042281569517534,1.0029071603846886
60554.09587765339,1.0008798231390443,1.0011226721509416,1.0004587191074703,1.0010533598322695,0.9992341943395308,1.0022818308379238,1.021557912361517,0.9958356159089596
60554.0960553846,1.0008125881067886,1.0011980511948952,1.0009507983751211,1.001407973681573,1.0006428895542738,1.0004531881297498,1.139615501957943,0.998556938850852
60554.09623311583,1.0011032940603695,1.0015960225400664,1.0010871832280936,1.0005263716516604,1.0020670498807687,1.0031956231817183,0.9827290288117607,1.0129008586787211
60554.09641084704,1.0000881009749354,1.0003294878894404,1.0000262794683872,1.0006220512116706,1.0012672036510855,1.0008301895023848,0.9751958772694999,0.9982521737928456
60554.09658857826,1.00012470697289,1.00106771793221,1.0010924366129723,1.0015155926280623,1.0015632928174816,1.0019033830511546,0.999821840365939,1.002964032566855
60554.096766309485,0.9998301290457591,0.9994296239490155,1.000329087136486,1.0012019471944829,1.0006002718664535,1.0012422172196127,1.030950635191464,0.9969058014442572
60554.096944040706,0.9997556872140628,0.9998469609098314,0.9988263590672718,0.9994450042771228,0.9997307160060854,0.9986923888757349,1.0062772621272413,0.9938201850605624
60554.09712177192,1.0005813904598913,1.0006221060273743,1.0000355791728621,0.9995271596954902,0.9999813065791281,1.0003357609099854,0.9073018317412431,0.9948320646205526
60554.09729950315,1.0005250787968376,1.0015020391823108,1.0014055639689403,1.0011458127272805,1.001935669323258,1.0040668049945112,1.0641227139430252,1.0003686398489178
60554.09747723436,1.0013523586325526,1.001166173454418,1.0021201866983758,1.0026205164390507,1.0013801197411987,1.0037234593903368,1.0957952146423735,1.0058019534567648
60554.097654965575,1.0004397483123528,1.000664894416836,1.000247379881029,1.0007747874354471,1.0022776732322147,1.0024739636818567,1.1413889029222888,1.0050207618732208
60554.0978326968,1.0006474583919265,1.0003178228742016,1.0005931615035968,1.000005954344317,1.0007908455069683,1.002040470291562,0.8877807800873877,1.0012864354174693
60554.09801042802,0.9996297148801996,0.9995844314530428,0.9997039131679081,0.9988398302218777,0.9999545966585845,1.0007775992051413,1.0402263567356855,0.9969152674177134
60554.09818815924,1.0000654285599377,0.999633682520951,0.9993632006903288,0.9992792330923327,0.9999242588513084,1.000591502551322,1.034594696144956,1.0027027651382456
60554.09836589045,1.0009437724130965,1.000991891623423,1.0008279831820868,1.0015620342965654,1.0018784821059352,1.0025365808142457,0.9768634789049383,1.0098678215720687
60554.09854362168,1.0003429798630075,0.9991322021900004,0.9988231458451807,0.9986771830084735,0.9994376425961198,0.997181493410237,1.1210282631930515,1.0069529309551253
60554.09872135289,1.0003922267358873,1.0000326100096237,1.0007926277430919,0.9996415207812643,1.0013857980573613,1.0009059431712766,0.9618384296156337,0.9990499965694005
60554.09889908411,0.9992673684634806,0.9984404573668311,0.9985035662710462,0.9983560714324382,0.9988295757131314,0.9973521075052281,1.0165117737693767,0.9889460035688872
60554.099076815335,1.000842687784121,1.000711370442749,1.0002499048495288,0.9998003763828013,0.9994348387245756,0.9974932480562428,1.1803714624536794,1.0014477826815298
60554.09925454655,1.000545737523166,1.0014552794424274,1.001052946262434,1.0020878788557568,1.001480880033473,1.0001633433722783,1.042522838042598,1.010004130847883
60554.09943227776,0.9994049779032071,0.9997125666179476,1.0001592423593924,0.9985796057285743,0.9989175329563924,0.9982448265813036,0.9646143776290479,1.0013488028367987
60554.099610009,0.9991185683108313,0.9994982924075457,0.9992546276328331,0.9984472100339993,0.9990426510647383,0.9966452339057918,1.225533009584717,1.0003442933343465
60554.09978774021,0.9998852369786754,1.000417487446964,1.000927837968762,1.0011302813742937,1.0007683479374887,1.0006952065895545,0.9290236290073095,0.9995153329657691
60554.099965471425,1.0011647617942412,1.0011682300984446,1.001406788184213,1.00100026472642,1.000509023035381,1.0013262378314705,1.0072897158319107,1.014940952318519
60554.10014320265,0.9995868600644703,0.9994255267902382,1.0001283221037625,0.9987678702465259,0.9999132885485813,0.9992976474896481,1.2468369082462487,1.0027989124941123
60554.10032093387,0.9998126955289285,0.9999663209419402,0.9983232513761731,0.998113010566181,0.9982521882376035,0.997800214395895,0.7543857877846523,0.9893650725859006
60554.10049866508,1.0006380047297945,1.0007642873725848,0.9999329687258239,1.0002913279490508,1.0007116520810524,1.0014203770778556,0.9760404118409246,1.0031425632354138
60554.10067639631,0.9997641019806831,0.9997091757601814,0.9991887275719851,0.9986680265133085,0.9995100661425291,0.9985124064597379,0.7823415764961204,1.0023545033601018
60554.10085412753,0.9996156919093113,0.9997841094748154,0.9993144387612988,1.000005855214621,1.000057707233021,1.0008259065967842,0.9950443304248178,1.0011252385449323
60554.10103185874,1.0008599851688729,1.002163085637689,1.002436301190569,1.0021111696483824,1.0020865671460193,1.002792525598452,1.0824806670854585,0.9980318099489836
60554.10120958996,1.0008521138371367,1.0014480185260946,1.001980922509114,1.0009175632367455,1.0016632161727372,1.0000674859177978,1.0816985684010165,0.9962225957029448
60554.101387321185,1.000248542197133,1.000077811983998,0.9992283140604662,1.000735866028142,1.000844324987273,1.00086545762754,0.9582806771387994,1.0028057719842485
60554.1015650524,0.9998172895765464,1.0003137410382366,1.0003506781896585,1.0000361289749333,1.000415676560498,1.0013597555468774,0.9027098692967123,1.0076830227723357
60554.10174278361,0.999689552036061,0.9993500477447709,0.9998151580958163,1.0003951734992498,0.9999283497702989,0.9999745515838798,1.0038212176855563,0.9955645796507356
60554.10192051484,0.9984501723791371,0.9981310825237014,0.9985188972839378,0.9985403730065053,0.9980898534352383,0.9988212256923453,1.098469043366905,1.000261670413587
60554.10209824606,1.000094772813577,1.000436434346595,1.001994367807126,0.9998937740458521,1.0009218844642946,1.0024412797554074,0.9947064572055029,1.0040541413237858
60554.102275977275,0.9988241508446042,0.9994064502112253,0.9983008153675025,0.9998653292350276,1.000172798994921,0.997731730684495,0.7438090160240043,0.9970639613900206
60554.1024537085,0.9994480646628496,1.0008521183791708,1.000556868205159,1.0002101408601753,0.9996932362368514,1.0017089277193483,1.017897208639557,0.9938240707265354
60554.10263143972,0.9999281794055117,1.0004422307246352,1.0002869212895371,1.000883302839099,1.0001486641632569,0.9982212814237734,1.2198610804900143,1.0005251990614938
60554.10280917093,0.9993244314498638,1.0009063748454077,1.0001958369096513,0.9997555210534251,1.0000248175298947,0.9985398068909301,1.105075269646268,1.0028791044913785
60554.10298690216,1.0005984639647785,1.0020638273613978,1.0005860762058063,1.0013629202248022,1.0015462668148771,1.0022914700732986,1.0207084407066929,1.0067414087507678
60554.10316463338,1.0005419881504938,1.0000547719579085,1.0003059772802159,0.9995131133079866,0.9994231035488843,0.9993137883909888,0.9645933737702437,0.9897724226298662
60554.10334236459,0.9997441375826274,0.9993576947959794,0.999007949725387,0.9991961579853427,0.9989660009201189,0.9989559120110076,0.8691134688740584,0.9919925207024122
60554.10352009582,0.9998857510276191,1.0006871128175883,1.0005499461752714,1.0001053741693877,0.9995883166061511,0.9997695098247193,0.9125221570727494,1.0018696455256932
60554.103697827035,1.0008956745988362,1.0001851484470545,1.0009915444969135,1.0004162408695565,1.0017278036229629,0.9996919075321119,1.1089264409447328,0.9941573154291558
60554.10387555825,1.0003344638174008,1.0000937915806594,0.9998185959337739,0.999204017412657,0.9988222869724325,0.9995825496903449,0.9889684744286941,0.9890256201503631
60554.10405328947,1.00023011406872,1.000897293740239,1.0013591863784936,1.001254894925758,1.001767721310876,0.99902415093836,1.1132217608890074,1.0086765025568212
60554.10423102069,1.0000221586507114,1.0001010537873343,1.0000802388243293,1.002078417975667,1.0012592747827855,1.0015298330048692,0.9918155055122483,0.9949484237970222
60554.10440875191,1.0000942214513224,0.9998355515436224,1.0008671020148459,1.0000330246050917,1.0012907631299655,0.9985708947224127,0.9973682972583897,0.9870379020771062
60554.104586483125,0.9999343910466543,0.9996651789653358,0.9997097612164337,1.000321896062521,1.0006162808547356,0.9992086519906423,0.9872043767998562,0.9905061741438757
60554.10476421435,1.000446649771368,1.0000604262370245,1.0011943623344173,1.0009042877113237,1.0006793070827789,1.0001252767497448,1.0759558000540073,1.002894514039678
60554.10494194557,1.0002188510527155,1.0003793046110698,1.0004287070173008,1.001247045860203,1.0007356528901417,0.9982622460663139,1.0964284529751143,1.0044562946586717
60554.10511967678,0.999898447667492,0.9999791474263687,0.999711825879207,0.9997282185440487,0.9989816413049039,0.9983802760212064,0.9817155722050944,0.9968647229907204
60554.10529740801,0.9999809862142554,1.000754942715041,1.0011746670901185,1.0004980125728429,1.0010536427368495,1.0009567839169105,0.8617128573739833,1.0094139088212581
60554.10547513923,0.9992741797144917,0.9997420412575425,0.9992109125048048,1.0000823799738683,0.9992614484679339,0.9975731508683745,0.9001027425121627,1.0061483435787568
60554.10565287044,1.0005785293627003,1.0005344905079205,1.0000268363040563,1.001735891547402,1.001203406586156,0.9999429374559684,1.2602882840636063,1.0088878224691227
60554.10583060167,0.9992040130587876,0.9991377866293496,0.9985473303990454,0.9993147158475664,0.9979484205219563,0.9962427652308827,1.0470951399036603,1.0030818463766933
60554.106008332885,1.0007441768168333,1.000511237736676,1.0007369329061806,1.000919003191275,1.0010796017002463,0.9994211887756071,1.037971755012975,1.0013689160572998
60554.1061860641,1.000119153713497,0.9994657573990571,0.998953127969957,0.9991239752651685,0.9991209740894083,0.9984164392064184,0.9186484062374187,0.9995009664472417
60554.10636379533,1.0000390900096534,1.000094654496944,1.0002110002446425,1.0005326195944322,0.9997020240755476,0.9977783141828737,1.1564936126291472,1.0068495384739777
60554.10654152655,0.9997222136207048,0.9996145478765434,0.999516030619531,0.9973313741026539,0.997352803491282,0.9961021408717146,0.9565867632171845,1.0008664268444158
60554.10671925776,1.0008774894853185,1.001344174535245,1.0026306041071316,1.0016681387102586,1.0027253541899337,1.0015769564226278,0.939165245751317,1.0055438476325933
60554.10689698898,0.9997532029403063,1.0002034821115988,1.0004451927635063,0.9998751133096052,0.999356637463308,0.9990048691852298,0.9819571030696445,0.9993297167287887
60554.1070747202,1.0002224072982517,0.9998606883756367,1.0002533375914897,1.0008904425531426,1.0007379408824544,1.0009373414987732,0.9890922801448608,1.0077601630400839
60554.10725245142,1.0004450451623286,1.0002315488266613,1.0004227238268553,1.0000558448946537,1.0003357727652358,1.0011167381707866,1.1745419565956432,1.0086558984816647
60554.10743018263,1.0003794813016849,1.0004683609587797,1.0019963399579543,1.002481230768627,1.0024570209496895,1.001587756397783,1.0065804148369177,1.0095638652822139
60554.107607913866,0.9992501946363584,0.9996953429702016,1.000617442949171,0.9988816153026191,0.9991387545281141,0.9998401141039704,0.8798367107821935,0.9969942028910733
60554.10778564508,1.0001726569006952,0.9997934571969218,0.9994771456146331,0.9989952480293234,1.0003837727267697,1.0030922910393196,0.9939662089564306,0.9909507525456372
60554.10796337629,1.0007520459617085,1.0007856202760659,1.0014273288740096,1.0013880876178076,1.002839136705345,1.0036534442661704,0.8333664090341038,0.9975328364789324
60554.10814110752,1.0000183257672963,1.0004799580697656,1.0002138756609344,1.0003546331495754,0.9998054099843715,1.0042752143042366,1.0113190208037584,1.004459024073878
60554.108318838735,1.00101407738774,1.0005379307212723,1.0007214061874055,1.0011913381390816,1.0012956180935975,1.001191999353912,0.9262168785730749,1.0081012921137926
60554.10849656995,0.999463864868094,0.9994898345376153,0.9989352773785624,0.9997784396147028,0.9988943551685042,0.9985481605488059,0.9729314891301195,0.9978304818167297
60554.108674301184,0.9995340991798013,0.9992224293618802,0.998826325061292,0.9990907511754341,0.9977317956429219,0.9984086498390601,1.087654240726968,0.9921424661795131
60554.1088520324,0.9998438242608997,1.0009347312422734,1.0012005427987456,1.0008812793261344,0.9999671015115104,1.0025915435644848,1.0005982106976494,1.0038362389181663
60554.10902976361,1.0001878061048448,1.0007106002698032,1.0012946337188453,1.0011152423698626,1.0017431852398098,1.003239517059059,1.1028004787138772,0.998809219267546
60554.10920749484,1.0000579257142297,0.9999539567225716,0.9983442171897172,0.9979878506794156,0.9991849901627973,0.9989927807792642,0.9910143799277976,0.9920052088006195
60554.10938522605,1.0012050771179812,1.0005921217026468,1.0006087309503469,1.000897822633599,1.0016621249407218,1.000527399852223,0.890100046975453,1.006843290842753
60554.109562957274,0.9996303764055617,0.9991799980745966,1.0000086217408777,0.9995647177724848,0.9996919761927174,1.0002991592802881,0.8329827017057292,1.0007040280762844
60554.109740688495,0.9999435466123372,0.9994945494476769,0.9992803402695571,0.999538618415142,0.9999047208779964,0.9999295962748532,0.9626467400835087,1.0092053121775686
60554.109918419716,1.0006755734931727,0.999886425216731,0.9997989188194643,0.9995046679462918,1.0004888870132493,1.000326101808701,1.1347082071465158,0.9992512438502984
60554.11009615093,1.0004341604732252,1.000629444686819,1.000036547314287,1.0012837316354732,1.0005905980540488,1.003095039378494,0.9284588436698991,1.0084325285167413
60554.11027388214,1.0002649160432753,0.9998011553779362,1.0008144414521323,0.9996776189721926,0.9994356630710928,0.9972171216318196,1.1543281386216775,1.0022501793971388
60554.11045161337,1.0002278804638713,1.0002059658588631,1.0004097298185752,1.0002793511414414,1.000655298984452,0.9978815450220058,1.1087415022336413,0.9975643392659452
60554.11062934459,1.0000895399292766,1.000623681373795,1.0002023749757671,1.0005003642301806,0.9999524980207871,1.000416945824155,0.9730391706841187,0.9976287380073969
60554.110807075805,1.000516309348747,0.999905768251389,1.001421401543531,0.9998117275249536,1.0001676824470545,1.0018827413628117,1.030889420519083,1.0000544339493882
60554.110984807034,0.9999141870506731,0.9995861450273618,0.9995566662953889,0.9996876092259777,0.9992833519645417,1.000151206910549,0.9923969363508297,1.0005980786846456
60554.11116253825,1.0003084706544287,0.9997213683640498,1.0001453254856607,1.0005683439040511,1.0006195517344856,0.9986400925982438,1.0076328300719244,0.9931590439925182
60554.11134026946,0.9998560816151294,0.9991997969226042,0.9992425650159996,0.9984261878066429,0.9983542796440792,0.9962412575456496,1.203480867696069,0.9943156684288991
60554.11151800069,0.9997172628414351,0.9998085779096179,0.9989263070518918,0.9994778176584037,0.9997831841046602,0.9988885268028831,0.9836394506740431,1.0020669658238657
60554.11169573191,0.999939548074224,1.0004515942534327,1.0008779428664054,1.0003194568912175,0.9991873977648741,0.9995606980050638,1.1945620022442898,1.0048863744446839
60554.11187346312,1.0007770881136335,1.0005790290851584,1.001001600368939,1.0011847812574903,1.0014014835028884,1.0007972023097393,1.1605837782365216,0.9983899519228475
60554.11205119435,1.000630766494231,0.9998059870639584,1.0004676719901515,0.9995539383750426,0.9997221943902295,0.9988079723202667,1.1173065828475042,1.0077982871276108
60554.112228925565,1.0000411118990506,1.00141170104101,1.0009954502845928,1.00050812749773,1.0010851565963614,1.0018025942171553,0.9467129750494876,1.0001790273072666
60554.11240665678,0.9996458761908172,0.9995808547860131,0.9996816670831247,1.0001053254625198,0.9993348187869205,1.0012246450502849,1.01922341642333,0.9963824377060665
60554.112584388015,0.9997774340402686,0.9995353534522698,0.9995727414218385,0.9991186501789456,0.9997080453172105,1.0001497578147314,1.011749886994875,0.9962651990210554
60554.11276211923,1.0000502414957624,0.9999883170812642,1.000493655596714,1.0000654796147026,0.9995346577112005,0.9991331443500993,1.0253311919085293,0.9983329094181893
60554.11293985044,1.0000200081465696,1.0009426755560444,1.0010545837434615,1.0004578479524353,0.9984123828203837,0.9955087830102994,0.9832663204244028,0.9915571014899474
60554.113117581655,0.9990212897762273,0.9994017932052661,0.9986716261752001,0.9987269758810806,0.9980949550733006,0.9987795775638303,0.9397614049481063,0.98940655464155
60554.11329531288,1.0001603924391682,1.0005751540265164,1.0005847033246218,1.001323061903275,1.0006936811281797,1.0023437486731337,0.9607278494047815,0.9968671380203571
60554.113473044104,1.0000300071570891,0.9999371082417933,0.9998391963055351,0.9999961791795323,1.0005995954583287,0.9981185776319416,1.0488556516189098,1.001469326458208
60554.11365077532,1.0002399336199832,1.0003020597324286,0.9998844083826741,1.0004071046359204,1.0008911079774412,1.0015584543313605,0.9783375207586235,0.9987535283589686
60554.113828506546,0.9997677504844054,0.9996112366974023,0.9988808253769128,0.999217408567391,0.9990570045677417,0.9973890436373682,1.036444413305665,0.9945180674142663
60554.11400623776,0.9998615072165289,1.0003271464023935,1.0005145652562917,1.0006478081029735,0.9999363513653113,1.000909315248523,0.9763594795091729,1.004109576439477
60554.11418396897,0.9998644452638809,0.9999858502697399,0.998980217407863,0.9983631706234236,0.9975046598487998,0.9984987638359714,1.0741038493640558,0.9878920195469255
60554.11436170021,0.9998310476639324,1.0006786563992927,0.9997420941412244,0.9998839918192318,0.9998988638098459,1.000717036606835,1.0032024839330116,0.9941877780232857
60554.11453943142,1.0007714546237887,1.0012132035209733,1.0013359699962867,1.000958407905346,1.0015725239743611,1.0035935238559162,1.0115314535432518,1.0059620665647029
60554.114717162636,0.9996786052947852,0.9997255022975772,0.9999054085941976,1.0002340774477898,0.9996694630507754,0.9984056954822511,1.0835719067427256,1.0040907882646786
60554.114894893864,1.0005562102623846,1.000585703057125,1.0005199310471036,1.0013745399807108,1.0010509354477046,1.0016255646776782,0.9294714118444604,0.9941906552840886
60554.11507262508,1.0004941702544032,0.9996870442962288,0.999859724745339,0.9984225217238579,0.9987579072654813,0.9981201506858859,1.0260058531604388,0.9944535422130016
60554.1152503563,1.001013303102373,1.000816155576873,1.000419459350795,1.0000103968330551,1.000096379455276,0.9984600618690413,0.8317178992762785,1.0027833697574788
60554.11542808753,0.9996444920446722,0.9995591081665939,1.0001184133296492,0.9994262614387841,1.0003159611141812,0.9989685765712573,1.0444610164426527,0.9969755980957336
60554.11560581874,1.0005762320655336,1.0004069455132372,0.9995079684583208,1.0000785648005488,1.0005968778979855,0.9987171265885355,1.108888988035739,0.9996618148551628
60554.115783549954,1.0003831889873247,1.0010915210343634,1.0009368740533937,1.0005587138038945,1.0001243417993866,1.0000173728308253,0.9616458417652434,1.0055421873247223
60554.11596128117,1.000187470558406,1.0001738921476782,0.9992225752818759,0.9990122696936693,0.9991374330224534,0.9965424691861164,1.2134156048566898,0.9848119105117304
60554.1161390124,0.9998667153619675,0.9993456957434271,0.9987386958653534,0.9998593361783311,0.9990211203132398,0.9958459268679627,1.2768387503264154,1.0031637115933152
60554.11631674362,1.0002232899699022,0.9997396152530871,1.000403559938241,0.9993087711017468,0.9986918230365616,0.9984485293652879,1.017338049026699,1.0006679749909648
60554.11649447483,1.0001667680948636,1.000216099560606,1.0017044780993523,1.0014903402290327,1.0007049469763623,1.000928319930139,0.9020621090766563,1.0038194746459326
60554.11667220606,0.9990531582138306,0.99863077556954,0.9987169694742613,0.9981363993665282,0.9981927971855304,0.9990968453429937,1.057783797937306,0.9828340200426233
60554.11684993727,1.000858547854677,1.0014709061305225,1.001573098985406,1.0012786678371768,0.9999649432344955,1.0032441902246605,0.8128115207301434,1.0047171315710868
60554.11702766849,0.9999841675498603,0.9993437216812953,0.9999301604394923,0.9987172369494538,0.9995684910392789,0.9984507064415687,1.0569674876332487,0.9956955835791437
60554.11720539972,1.0007310768378395,1.0008878284357081,1.0001880445422808,1.001506296018154,1.0015737964433322,1.002456666545963,1.04348544269025,0.9989725691938688
60554.117383130935,0.999083806929878,0.9992643990292747,0.998743655152407,0.9981040494924733,0.9984321721067316,0.9971997272259112,1.2041327576376084,0.9892960821930196
60554.11756086215,1.000940157942394,1.001281117290663,1.0016986276008282,1.0000945819022449,1.0003535464116975,1.0000507378833678,0.7836076213945298,0.994720532157282
60554.11773859338,1.0002489866765707,1.0004021196337545,1.0010978325877666,1.0012193510559448,1.00270461746835,1.003650163237434,1.0632907774360114,1.0049560236506374
60554.1179163246,1.0006903499742512,1.0009300643974552,1.0005263529832884,1.001583438061053,1.0006718622861275,1.0009010702309993,1.043613734593823,0.9889068647477434
60554.11809405581,0.9999470293246824,1.0002733865565754,1.0001097596407906,1.0002532526420786,1.000553440336589,1.0013723922176212,1.1607843273616185,0.9978039465326586
60554.11827178704,0.9994218448864373,0.9997147119729944,0.9998922735640012,0.9998875688700862,0.9995272824936363,0.9992456720916485,1.1522539153360376,1.0122754324514578
60554.11844951825,0.9991932155707546,0.9998507941936478,0.9993513079073943,1.0002470151270646,0.9995692612135071,0.9993570932634194,1.1769740440374945,1.0128435644910296
60554.11862724947,0.9992458530344728,0.9993519071277481,0.999174208390611,0.9974456174471646,0.9988091149885931,0.9951585645737433,0.9773307043165858,0.9971821598893739
60554.11880498069,1.0003655292670908,1.001140297901547,1.0006073884491444,0.9994385705486694,0.9993759285965257,0.9983495737299624,0.9729659928453211,0.9968852603989697
60554.118982711916,1.0004078016944793,1.0005947038384972,1.0005211160623997,1.0008155278264717,1.0001116732699415,0.9997077693238595,0.8702398981549774,0.995981791705231
60554.11916044313,0.999988503137879,0.9994080642679094,0.9991869058510673,1.0000703849506822,0.9991900106252579,1.0006064249386986,1.069901895253724,1.005441848937168
60554.11933817434,0.9994596319258494,0.9986943466928666,0.9974763295093378,0.9967812314162515,0.9979527508261389,0.9955987961973738,0.9725692326093045,0.9855090513461165
60554.11951590558,1.0010598356710867,1.001122456179931,1.0014357410910117,1.0013521245917374,1.0015704919336899,1.0024904478172005,0.9119672735328013,1.0033095144113342
60554.11969363679,0.9995525508169668,0.9996769138203413,1.0008306690664912,1.0001179094560158,1.0001869510499009,0.998446339116579,1.0875338454241312,0.9951118728690024
60554.119871368006,1.0001729004623061,1.0001258493238612,1.0006639902755166,1.000197806076887,1.0016329325377507,1.002212859596508,0.9258110661065916,0.999910588039693
60554.120049099234,0.9999116955329407,0.9996507656827002,0.9989966979600716,0.9999153524422809,0.9989171020630461,0.9979469776429184,1.088898003468842,0.9924228047808515
60554.12022683045,0.9997444811931152,1.000512066942773,1.0010009449453285,1.0012636277107718,1.0004071067362745,1.001386634615938,1.0486583950972803,1.0042102287761563
60554.12040456167,0.9994530378574417,1.0002889669536472,1.0006268986695532,1.0001997684092743,0.9990022254494894,0.9991637520315582,1.1685102030857855,0.9970594321865346
60554.1205822929,1.0002821899192744,1.0003472696101479,1.0001014872697054,1.0008651714765473,0.9999207429537733,0.9999989694684088,0.988927678816678,0.9964010234796973
60554.12076002411,0.9999425625250217,0.9996968650900103,1.000351598017112,0.9994122221791147,0.9988528661528748,1.0001670992734855,1.0857998664330992,1.0134243604061353
60554.120937755324,0.9996587190769997,0.9992901894195665,0.9993905854020593,0.9991835509583824,0.9995225910408587,0.9968875964362851,1.1309463345090454,1.0084865371497385
60554.12111548655,1.0003114360375394,1.0006144025236985,1.0004708379762706,1.0010872947914802,1.0014482520802455,1.002796402969184,0.9786695138083742,1.006529074504924
60554.12129321777,1.0002111936232916,0.9999812121350338,1.0004738883224582,1.0006832458472534,1.0009980470583113,1.002147613577843,1.1349033127272596,1.0056548528708282
60554.12147094899,1.000205616855146,1.0007456187029709,1.0001005224602786,1.0004268810102352,1.0009744365547673,0.999000012613947,0.9164737169482042,0.9897301400985119
60554.1216486802,0.9995135529401203,0.9996974276791694,0.9991627618014116,0.9978851494106191,0.9987564832134993,1.0019770464230358,0.9541867385794989,0.9889252597950987
60554.12182641143,1.0000979255833138,0.9997741635178493,0.9994158728170357,0.9995724593265389,0.9987570810966545,1.0008473005938208,0.9040623681123052,0.9932663221396388
60554.12200414265,1.0008326479066423,0.9998794134977178,0.9996219125006256,0.9989707511147332,1.0002844653120992,1.0026355523573165,1.0435725852485866,0.996739054742616
60554.12218187386,1.0013242133252929,1.0005918678278372,1.001100968095904,1.0017052452917479,1.0026659686047885,1.0070144838543833,0.9239355898802446,1.0040463778478417
60554.12235960509,1.0005484798464848,1.0000526825714506,0.9990514159335633,0.9991065701497356,0.9990458233741151,1.0000259697066454,0.9134991390780919,1.0029111926232954
60554.122537336305,1.0007074795174442,1.0001137844638615,1.0011374354422382,1.000430124174851,1.0006659051566233,1.001905912135906,1.0338652217292335,1.006847808480458
60554.12271506752,1.0010820219196146,1.0015771299960967,1.0001759736934521,1.0011718470761346,1.0011562649323607,1.0037103617275147,1.0594497620763867,1.020186167229063
60554.122892798754,0.999777055986725,0.9984893043963669,0.9981234607568706,0.997234959121738,0.9977044114678919,0.9964367079535714,0.9684788529401961,0.9839545336375201
60554.12307052997,1.0004098671844117,1.0005734878722699,1.0010014666970186,1.0016039180450131,1.0014611994230322,1.0005610147732849,1.0115722877167437,1.0068957562077634
60554.12324826118,0.999279107668403,0.9986995149968861,0.9978295708874736,0.9987891711194054,0.9996805589271882,0.9961794678305387,1.083906852629872,0.9992081248729329
60554.12342599241,0.9997698696891035,1.0004403700513163,0.9994247107457851,1.0005326261942789,0.9998917776768219,1.0013125078062834,1.0013762085058062,0.9951262098547807
60554.12360372363,1.0000171727449918,1.000036726846118,0.9995144102884936,1.0004029902255562,1.000371094257455,1.0000608206262462,1.0296013718962096,1.0041060767723524
60554.123781454844,0.9994359934651371,0.9999280335883354,0.9989159547300421,0.9994725270893785,0.9993769961385187,0.9969468153825599,0.9925416343404287,0.9889971209021142
60554.12395918607,1.0000099293156346,1.0007168174606638,1.0009143815967567,1.0008812424989901,1.0004891522421022,1.0020527428755335,0.9256298675549905,1.000670354232147
60554.124136917286,0.9994932125387029,0.9999016631892662,0.999884772256458,0.9990513362316009,0.999425659917676,0.9964817108463857,0.9623152276858503,1.0017463655022554
60554.12431464851,0.9997843800565706,0.9999033782152201,0.9992306504770783,0.9994012073651447,0.9991542953485388,0.9979279639293929,0.7197772840505788,0.9975344368484158
60554.12449237973,1.0011595278165106,1.0015177434522253,1.0016067354074225,1.001961045973879,1.001316791009791,0.9979002036163077,1.1749081193635633,1.0070239938413996
60554.12467011095,0.9999570303853839,1.0009706311403932,1.0014715728097237,1.00205944618865,1.001942212076745,1.000534448302678,1.1075747264148976,1.006136249263382
60554.12484784216,1.0006621148690242,1.000234080316584,1.0004998774170177,0.9992721149597876,0.999431462813537,1.0003773049033766,0.9602850236908521,0.9932119313266837
60554.12502557338,1.0009688070476876,1.001154061658224,1.002510760468332,1.0018910967737886,1.0015623821597637,1.000550760595759,1.0806520214938609,1.0016726975874766
60554.12520330461,1.0000908812949592,0.9990316790558579,0.9989390011803501,0.9987986773404414,0.9998052840793568,1.0001592056422823,0.9597825105818788,0.9989624791046829
60554.125381035825,0.9999542494313017,0.9995879863193446,1.0001085130089746,0.9994972565728065,0.9993598643031771,0.9988270770190999,1.079818765540453,1.0009279615289024
60554.12555876704,0.9994976492847639,0.9989250350114164,0.9985362532574014,0.9981545028710973,0.9978144099443851,0.9981384663500745,1.0416316114828301,0.9851418004585683
60554.12573649827,0.9998153454043488,0.9996932154107866,1.0004242599282347,1.0010890828312318,1.0001974185073503,1.0015056185502194,0.8969119847140913,1.0125448048190766
60554.12591422949,0.9994005471917659,1.0005001468770087,1.0007170928508038,1.0010600323655463,1.002774812151728,1.002400301933582,0.959807508691647,1.0106555522731966
60554.1260919607,0.999912969225329,0.9997979345285183,0.999889020535231,0.9991720201241757,0.9987216283385247,0.9991751716089299,0.799153630807911,0.9918349212460393
60554.12626969193,1.0003963390610469,0.9999343989452254,1.0008321018466435,0.9997447111923964,1.0003752729289372,0.9965169630611005,0.8975325085216335,1.003121116623624
60554.12644742314,1.0000675678742645,0.9997868286494269,1.0000442032801091,1.0001684552882157,0.9983873851354104,0.99829237594623,0.9007110232036315,1.0026090201994204
60554.126625154364,0.9992926520134486,0.999049948410689,0.9989945947313471,0.9983665163911549,0.9985254741382581,0.9945554908455372,1.1052852779165598,0.9993125066332624
60554.12680288559,1.0004697724454081,1.0009661443058901,0.9996328245681673,1.0002040908913261,0.9997188702008151,0.9997088030337258,1.0373559793573432,1.0026336176751727
60554.126980616806,1.0007426111667164,1.0005186252792633,1.000006309357668,1.0001641442652407,0.99972128054243,0.9967676236634568,1.0832729176510574,1.0029758123555654
60554.12715834802,0.9999869192803146,0.9998648114035151,0.9995980794816618,0.9991141586427478,0.9998658745356713,0.9987901927498883,1.0820343476785221,0.9987091999624291
60554.12733607925,1.000788721696285,1.001059269182609,1.0002011814680525,1.0010561246718435,1.0012294103032988,0.9983919338781031,0.9639286715153604,0.9966525039790461
60554.12751381047,0.999613157290354,0.9996734143347819,1.0002200257807299,1.0001833126027526,0.9999657704490087,1.0000379715336605,1.1487708714803104,1.0134181378251599
60554.12769154168,1.0001768811630916,0.9998040774376503,0.9994552476838988,0.9980113870460042,0.9994650433884935,0.9975585294210485,1.0929415221421461,1.0085801927208806
60554.127869272896,1.0007438196018987,1.0001617706110373,1.0000623639877857,1.0002246523681408,1.0008190391661351,0.9971351944117628,1.0143747888803079,1.0041126288184292
60554.12804700413,1.0001919858511021,1.0017086294169804,1.000960349711748,1.0018054084227537,1.0007735270927807,1.0013258387924067,0.9184894107499639,1.003587159694154
60554.128224735345,1.0000543319483637,1.0006216531938559,1.000631335700999,1.002054574172226,0.9994713005697291,0.9993683454241084,1.0577787385714639,0.9942235826273554
60554.12840246656,1.0001911252801368,1.0003281418731071,1.000234566400113,1.000984461488443,0.9996853313184625,0.99896250656226,0.9882603732825961,0.9983908977744718
60554.12858019779,1.0014191422792065,1.0012849949655265,1.0005779349399504,1.0014649177323658,1.0012058642921071,1.0000938368245818,1.0365361535439852,0.9896837790807269
60554.12875792901,1.0006940128270863,1.0013454812022264,1.0009822257577268,1.0014453586716838,1.0019121927800883,1.00127772778535,1.175132752149357,1.0059516805104334
60554.12893566022,1.0011885713155273,1.0016928668424632,1.0018614195957136,1.0029399157169678,1.0029591982330097,1.004196805526563,0.9751558275366253,1.0087883302194145
60554.12911339145,1.0003672369730485,1.0003333783773527,1.0004270307039507,1.0030726272836517,1.0019698821225747,1.0039259454110752,0.9731189891317736,0.9990854052290716
60554.12929112266,1.0008488598333034,1.0011765768449343,1.0013415225096667,1.001160437462129,1.0026113879754464,1.004873399357288,1.1429914753207189,1.0041323378517812
60554.129468853884,0.9999619942966229,1.0000912821480288,1.0004259510078644,1.0000008844827204,1.000778638322309,1.0007204906675404,1.0172206208843302,1.01137651833039
60554.12964658511,0.9995940616634839,0.9992098232334644,0.9994496011810685,1.0001095238061068,0.9992315180432627,0.9978604966383876,0.9832512991868645,0.9938190167953828
60554.129824316326,0.9999249166184321,1.0002436426807555,1.0007230986970312,0.9997442021962668,1.0001368523589522,0.9973293762964938,0.9716647367765995,1.0015761446643772
60554.13000204754,1.0007114704167177,0.999493473933508,1.000439457498295,1.0006075220023471,0.9994846352202688,0.9967811573338244,0.928243606750914,0.9965748022245768
60554.13017977877,0.9993200503185549,0.9986499474183212,0.9994915909518775,0.9990891915641908,0.9984584222146149,0.9998720637743059,0.9838372707990649,0.9979543822222977
60554.13035750999,1.000419795087278,1.0011896190758176,1.0006949918109773,1.0012883862321726,1.0017818945261123,1.0018192539968138,1.165037765016166,1.0060905654995758
60554.1305352412,1.0000982955611346,1.0000059550951288,0.9996430498329899,0.999648397997011,0.9986281746350523,0.9981477111686332,1.0969269218043363,0.9931519510620848
60554.130712972415,0.9996471417790666,0.9989857533329262,0.9996127006519782,0.9991661969629325,0.9998769487558846,1.000106791277344,0.9219007000104432,1.0008543511525771
60554.13089070365,0.9988578276201306,0.9998884026067149,0.9990751588937953,0.9987626432229166,0.9988000730231635,1.0022956855577507,0.9706880680164705,0.9980068679209182
60554.131068434865,0.9991700649368788,0.9998399291378388,0.9988807202101477,0.9996561766221188,0.9993707079416072,0.9994745177939737,1.060743717002115,1.0029579381714113
60554.13124616608,0.99883803735831,0.9982193352620605,0.9981390338708263,0.9987796429148346,0.9978038904787638,0.9972084678134198,0.9837859850621943,0.99030671846328
60554.13142389731,1.0001777227347937,1.0002912263567918,1.0016334013642474,1.001056794643279,1.0015625261072632,0.9978861348299815,1.1088887424532778,1.0084691972648487
60554.13160162853,0.9998330092521741,1.0000697492258188,0.999835115497902,0.9998899930890627,0.9993955329197158,0.9993287889215193,0.9482683203684085,1.014003838656806
60554.13177935974,0.9979166049166391,0.9988299621706009,0.9984263754148077,0.9986799733942194,0.997432049690098,0.9949387687051339,1.0197752966462172,0.9950158302138157
60554.13195709097,0.9989926308132023,1.0005776393337915,1.0004808920360286,1.0004182334566565,1.0000402276590168,0.998818521442583,0.8100366940034052,1.0010626735409023
60554.13213482219,0.9994941446723811,0.9991239799168559,1.0001888829476397,0.9995432570980071,0.9995281338442156,0.998134199721851,0.852785015681213,1.0076471959612037
60554.1323125534,1.0010251082115658,1.0015212824620392,1.0005621342178288,1.000833290561999,1.0018077831289556,0.9988504008703094,1.0719493336360495,1.013658854469889
60554.13249028463,1.0006651243782907,1.0008590227313627,1.0008720329629437,1.0008400980552277,1.0011062451762984,1.0003093645863783,0.9734160610352242,0.9948156734758328
60554.132668015845,0.9989743069118203,0.9986851346366356,0.9987649096247285,0.9982557934308637,0.9980683220653407,0.9944740889933109,1.1161716550047105,0.9947242514430429
60554.132845747066,0.9991491095691318,0.9996241168761256,0.999211938690234,0.9987826373591283,0.998517558822216,0.9979177293712833,1.016184934276111,1.0044483712454662
60554.13302347829,0.9985702259241873,0.9982787596180179,0.9978616826024485,0.9985547207460496,0.9979524797320842,0.993691484650749,1.020639929850431,1.0083633503343767
60554.13320120951,0.999648248383663,0.9998256589057447,0.9987617179654865,1.0008479374668287,1.0007217980906138,0.9991739447555225,0.8531482022744715,1.0064261484045742
60554.13337894072,0.9984994376747259,0.9980229919966969,0.9973896075863538,0.9972080718907392,0.9985261879147697,0.9969600954148818,1.1022635717188012,0.9911678984959781
60554.13355667194,0.9998753978396526,1.0011139208813769,1.000882403748613,1.0027669159054269,1.0024181307901274,1.0017790761772374,0.9739988785633229,1.0105497141140705
60554.13373440317,0.9996203775573007,0.9991306595725115,1.0001860063385808,0.9995937306774971,1.0014556317386385,0.997238012789114,1.11245292885313,1.0068359430144664
60554.133912134384,0.9991892904148317,0.9997616954289458,0.9998451744671846,1.000246582762061,0.9996348226438799,1.0013458554996635,1.0994383928355842,1.0022672385366165
60554.1340898656,0.99864024217479,0.997745517107315,0.9978387635100779,0.9979565494451088,0.998720589892261,0.9981605648487458,0.9275908946337269,0.9952262911364603
60554.13426759683,0.9996708855279606,0.9998129856880966,0.999361685815017,0.9986998691236328,0.9997292601298311,0.996929103965727,1.0841249592220945,1.0027043329976517
60554.13444532805,0.9993719438686111,0.9991313387310484,0.9997476015146034,0.9995330710373678,0.9998868695702382,0.9992998371322349,0.9222271135574194,0.9985054388562029
60554.13462305926,0.9993670871647427,0.9991949678702441,0.9996288589536078,1.0007248412541536,0.9998740944780778,1.0008293162955078,1.2443051374076173,1.0083093007884056
60554.134800790496,0.9979817629598344,0.9992436866490547,0.998442250514251,0.9992171327441726,1.0000248769087043,1.00183797854141,0.9694499817392926,1.012593124965263
60554.13497852171,0.9997006255264888,0.9996875037697448,0.998696127555177,1.0001057440874423,0.9996888023031508,1.0014893316531368,1.1378559853390038,0.9993624736816231
60554.13515625292,0.9988194808184617,0.9999829928917616,0.9992576924042879,0.999314449147697,0.9991905260023217,0.9994022359094257,1.0067788159455338,0.9959110139175946
60554.13533398415,0.9990914271211176,0.9996470523066796,0.9987206239563333,0.9978187437590966,0.9968532342534322,0.9954389937392688,1.1071540840310314,0.9970266181348727
60554.13551171537,0.9999381928665111,1.0002578124341588,0.9994386509578466,0.9998754999654806,0.9994161221170924,0.9978163398857817,0.9419429718304038,0.9996212904909613
60554.135689446586,1.000483959564662,1.000538757789795,1.0011358997895041,1.002039471071695,1.0008949302237835,1.0005073808918705,1.192876884244095,1.014468996112516
60554.135867177814,0.9990346157688413,0.9989515707402415,0.9982745619919964,0.9978866067636666,0.9962060339250127,0.9944137451728687,1.114356017257274,0.995172432667537
60554.13604490903,0.9978031082359794,0.9976389650195588,0.997930300728312,0.9976921179697864,0.9980563940961972,0.9989399700027364,1.0800659332580846,0.9954227692227227
60554.13622264025,0.9991619422732492,0.9986751649892927,0.998758752574012,0.998496930809202,0.9982695161009199,1.00020023183768,1.063739687923057,1.0044818981702137
60554.13640037146,0.9993242019993863,0.9996195743683619,0.99792021392878,0.9978767654238241,0.9987822650528996,0.9983766986829866,0.920680103010668,0.9978872740705254
60554.13657810269,0.999103166615803,0.9988663957762753,0.9989418736555459,0.9983790058704816,0.9975757924191266,0.9991861730234185,0.8952127229717037,0.9925411664726985
60554.13675583391,0.9998161905298699,0.9997227932408523,0.9986145772807561,0.9977754226576341,0.9982174344345172,0.9985290360113973,1.0734462518254597,0.9982098570758713
60554.136933565125,1.0000416618998136,0.9995216697380447,1.0008011268769947,1.0014511941750273,1.0008966797961938,1.0002705235910427,1.0542554945742806,1.0048871607964875
60554.13711129635,0.999126295964047,0.9993897050893692,0.9985538518724342,0.9978946189646691,0.9979086335789842,0.9972686946303833,1.1084836445417448,0.992182143873275
60554.13728902757,0.9991196054895184,0.9991747735887032,0.9998782512086306,1.0000221103209248,1.0006668268634158,1.0004634358261517,0.9910036179540131,0.9908785675192004
60554.13746675879,0.9994384587872792,1.000216514563114,0.998822319901575,0.9974318894085621,0.9970149040535166,0.9967977119538196,1.0175471997294676,0.9957090857679938
60554.137644490016,1.0001619927113055,0.9998739228692919,0.9998534889501969,1.0003892088631812,0.9998825115414053,1.0009529689035968,0.9037063783736741,0.999617908172445
60554.13782222123,0.9990428755278773,0.9998242997822608,1.0000870381497609,1.000228689686895,1.000946230695007,1.0004659024190012,1.1564248741339451,0.9996566706810945
60554.13799995245,0.9989797535496607,0.9992991299199192,0.999349897352521,0.999192394357471,0.9991469452170497,0.9983259006911519,0.9741943970101207,1.0037175444115483
60554.13817768368,0.9989201668013457,0.9994558450668701,0.9988233785289866,0.9995003624920047,0.9991538701246995,0.9991972315567025,0.9924448992831836,0.9960958660391672
60554.13835541489,0.9993987123276229,0.9996930067118679,0.99819314773302,0.998862109659884,0.9984504139701387,0.998887879355098,0.8354830476282996,1.000712211884739
60554.138533146106,0.9997521060134164,0.999967513367169,1.001124723592496,1.0007816930593902,0.9999842350472817,1.0000010305315912,1.231587099934586,1.0065654372396062
60554.13871087734,0.9986248935034289,0.9989185005095681,0.9979240311806716,0.997726234438572,0.9971891246585957,0.9955768943350041,0.9798974757406334,0.9965030140681667
60554.138888608555,0.9993390620206198,1.0004218907499165,0.999476697750672,1.000131028430573,1.002110029962336,1.0032018943948215,1.1311982008503525,1.0073151435413237
60554.13906633977,0.9994855347254774,0.9988503091862037,0.9987467296122662,1.0008811434582274,0.9986052118698799,0.9977110454601049,1.0798895201679446,0.9986838055316068
60554.13924407099,0.9986052145034835,0.9999443103697633,0.9990329237464205,1.0008835023833655,1.0003779426750585,0.9979012431802055,0.9303226370539451,1.004626316750661
60554.13942180222,0.9994972054674313,0.9995965179763016,0.9999332069358702,0.999717065878111,0.9982009865986081,1.0008048198794757,1.0836784693700885,0.9950711836695614
60554.13959953343,0.9995152539478324,1.0005023243454028,1.0008528166656647,1.001581716305948,1.0018684536354885,1.0017220075536735,1.1545608229339226,1.0029964039101087
60554.139777264645,0.9987432816060362,0.9991887933498385,0.9992258235348659,0.9991118074396724,0.9989146973479056,0.9978535940978223,0.917115374054674,1.0001227413759064
60554.13995499588,0.999626631732191,0.9994452754504564,0.9995745629208728,0.9999243712499715,0.9994243346053465,1.0015745749158866,0.8817995859923071,1.006406918228502
60554.140132727094,0.9982492667152335,0.998144025273414,0.9985651012708376,1.0001103855750986,0.9989092043001223,0.9978579726908919,1.1838338555237222,1.0054129603202753
60554.14031045831,1.0000471602047165,1.0002619835094573,1.0014242344030209,1.0007699724863015,1.0013965327330951,0.9989491328095109,0.9559584897717488,1.0080399467531984
60554.14048818954,0.9991761125802048,0.9997630922924197,0.9993837906766032,0.9994918087566086,1.000580630191498,1.0017806718371014,0.9411838903464836,1.002304513628734
60554.14066592076,0.9993651347511984,0.9985010191280129,0.9993085632584694,0.9998458892872503,0.9990606488251366,0.999156416403719,1.0230464133709762,1.0050823839614909
60554.14084365197,1.000106735881518,0.9999815558690676,1.0005390959649538,1.000965705852279,1.000390991914382,1.0001645329550026,1.0633288274492434,1.0080234722357166
60554.141021383206,0.9992724418542318,0.9990270012065483,0.9989458650424845,0.9988586835060878,0.998734554004565,0.9995312067190579,0.9168354986495953,0.9971523568775414
60554.14119911442,0.9988572348157662,0.9997887922578779,0.9987510956296402,0.9989094481479394,0.9988458753115211,0.9981756827402101,1.0089458092685764,0.9913488865301047
60554.14137684563,0.999940736170825,0.9996209151056967,1.000557231782196,1.0004574065564664,1.0018562180583197,1.0028374384647942,0.9074287087571159,0.9941825797494191
60554.14155457686,0.9994984055648073,0.999619168582829,0.9998188148112286,0.9996733921357874,0.999863373584692,0.9981045693895785,1.0151074193036758,0.9983890427620957
60554.14173230808,0.9994588866862593,0.9997308381487083,1.0001270401156044,0.9987600006274774,0.9984933318327838,0.9985845160291822,0.9419468145551844,1.0008954518983577
60554.141910039296,0.999535507709676,1.0001081077322627,0.9998157428024604,1.0001649773239993,1.0003050387447783,1.0021353983393297,0.9094358724822943,1.0125475355466615
60554.14208777051,0.999256768281793,0.9993200935166399,0.9995555038057066,0.9995559192347344,0.9997042471414321,0.9989662173328361,1.2617792970430188,0.9961982911982623
60554.142265501745,0.9987866946502156,0.9991269333129917,0.9982750410838611,1.0004041748145995,0.9987909165079106,1.0009070639813697,0.7723703798127757,1.0044735749268012
60554.14244323296,0.9980716338510577,0.9972409139266715,0.9971153253869289,0.9972876016119608,0.9962648104142255,0.9982928379352263,0.9506623071039842,0.9954838337712522
60554.14262096417,1.0002167667684347,0.9999605084057027,1.0004517153512662,1.0004716032716439,0.999715767616907,1.0019834223559119,0.9993345217623949,0.9978147921042556
60554.14279869541,0.9998696016973713,0.9999008156764835,1.000007127312218,0.9998794852758134,1.0003603902994005,1.001795165881541,0.9880452163773219,1.0031197201233715
60554.14297642662,0.9985736482519892,1.000177563184008,0.9992416270988086,0.9995579874275136,0.9982129380897439,0.9993179501798165,0.9170402509200587,0.9945199571044684
60554.143154157835,0.9989888295936091,0.9998422670818312,0.9998494242638689,0.9999342016997255,0.9996426541421185,0.9980673075016636,1.066124364895406,0.9934977290740475
60554.14333188906,1.0001741534702404,1.0019274760383976,1.0027294268493463,1.003187885140734,1.0030264396577737,1.002320353458815,0.9325700909343323,1.0118957405090485
60554.143509620284,0.9987305441716081,0.9980239946869424,0.9982771357021079,0.9979325038660279,0.9970763310737019,0.9966811699710971,0.9219621216963683,0.9909554964489012
60554.1436873515,0.9984499355715593,0.9981306316090348,0.9988345589397295,0.9984535772354761,0.9984892081956342,0.9994798146617327,1.1427913809816503,1.0000255905984528
60554.143865082726,0.9994964815818158,0.9997624687761757,0.9997417904801221,1.000271926901677,0.9999456495380554,1.0021023916515912,0.9301475981953813,1.0011471750905805
60554.14404281395,0.9999010275730106,0.999440936158023,0.9990676019031363,0.9997330685659401,0.9996426659031147,0.9982027050977499,0.9545588797430433,1.0045202707724987
60554.14422054516,0.9989788350241066,1.0003090667274217,1.000542316728365,1.0003447301123267,0.999133065916436,0.9980855980377545,0.9606856722518045,1.010606859399382
60554.14439827639,0.9988314722242475,0.9994885238661094,0.9983242862203018,0.9987993675048592,0.998781682303824,0.9980462774718117,0.9725132104081757,0.9947151344837715
60554.14457600761,0.9992321191291385,0.9992129695228823,0.9990500014262206,1.0000872795796403,0.9987571483689573,0.9983667102265963,1.1143772385523865,1.000150588908462
60554.14475373882,0.9996981263715431,0.9995010769286612,0.9997893490446496,0.9993471484529851,1.0010425325473162,1.0002370387263608,0.991949351559745,1.0025071711831188
60554.14493147004,0.9997141124066928,0.9995084420328522,1.0001899269739696,0.9998604812136341,1.0001236300176433,0.9989158851036118,0.9517226572957759,0.9976627874374485
60554.14510920127,1.0014688183828244,1.0006990782347596,1.00221185388311,1.0039748699815119,1.0028732392657318,1.002408971426075,1.1162123897172544,1.017817903805894
60554.145286932486,1.000345594761416,0.9995509638730579,0.9997209101495121,0.9994814460785365,1.0002762541208745,0.9974616513126633,0.8595070404639181,1.0001726608187853
60554.1454646637,0.9996364298848454,0.9996201893366594,0.9992815199975127,0.9995364033384027,0.9993436187232722,0.9968815037687996,1.0938326713672593,1.0071294357949288
60554.14564239493,0.9984341109618083,0.9985497366165674,0.998810102716046,0.9977761012751397,0.9978672938432421,0.9962240984442382,0.9443476257869838,0.9975259748881649
60554.14582012615,0.9990055110838214,0.9991262489934306,0.9991560578031875,0.9996694649059261,0.9991559712018105,0.9980697569846035,0.9687055806839474,0.9995039958251904
60554.14599785736,0.9993161381104572,0.9985841100058679,0.9990735898164915,0.9985522938403602,0.9992947734842262,0.9977221374627733,1.050353232262721,0.9885420722100984
60554.14617558859,0.999862696080101,1.0005222976705923,0.9991317179961814,0.9996221164517899,0.9991121101404056,0.9993717410550238,0.9239407711837613,0.9969704582611938
60554.14635331981,0.9988251737633036,0.9992526232851345,0.999160155023469,0.9980338045898769,0.998416025148756,0.9982866110216746,0.852573739318011,0.9994161447130615
60554.146531051025,0.9999181978500357,0.9989846008116949,0.998856933284365,0.9985694650016691,0.9990793560974848,0.9978294903306272,0.9821130377501442,1.0139303668022415
60554.14670878225,0.9999247990690306,1.000131811832868,0.9998998431704784,1.0005605214370334,1.0008607062219947,1.0003831716756995,0.9768703882032908,1.0055251289165894
60554.146886513474,0.9993598469417347,0.9998892491759764,1.0009294187413313,1.0002237396467357,0.9999635714740284,0.9978790124978351,0.9597975221818894,1.0017889338517507
60554.14706424469,0.999501316689399,0.9988161433668479,0.9983946239420014,0.9973491946976631,0.9982951517595223,0.9988553291674626,1.1311768737278198,1.000273375674522
60554.147241975916,0.9989570926221123,1.000293719937922,0.9989190348201273,0.999238530777774,0.9987545395812388,0.9994546282961063,0.9149026263835978,1.0045694912373389
60554.14741970714,0.9983932174386918,0.9978931449807904,0.9982799673319961,0.9974736839836399,0.9980315285343694,0.9993670278967571,1.0675104043110506,0.99118896100995
60554.14759743835,1.0001277054645417,0.999816330999513,0.9996439630375484,0.9994786215196211,0.9998971072688959,1.0013859426881786,0.9801857926361252,1.0119094919784226
60554.14777516957,0.9992314108256529,0.9996459049464725,0.9996255367665761,1.000164892513311,0.999709628542576,0.9982877585219806,1.111727506588507,1.0059007536001714
60554.1479529008,1.00072819277585,1.0001974900599793,1.0005923701179658,1.000259147085995,1.0000160984018056,1.0004112916189223,1.0293102740427957,1.0031670718182881
60554.14813063201,0.9987623153144426,0.9985191001313993,0.9982193877385022,0.9982295326098107,0.999475890505528,0.9991463383454343,0.9897484077632649,0.9931703202995729
60554.14830836323,0.999568649669889,0.998516763961509,0.9979647584968903,0.9984901480661739,0.9983694410026279,0.9981069161701795,1.0841359317262342,1.0014972449842028
60554.14848609446,0.9989804108695107,0.9989496285822976,0.9980062484991351,0.9972457247342152,0.9986719639709458,0.9995558727333153,0.9332027174950646,0.9895394262671796
60554.148663825676,0.9989026548109448,1.000016630996386,0.99975468637096,0.9991861396187266,0.9987519453705296,1.0007002708497919,0.976173186787466,0.9935161257538393
60554.14884155689,0.9988636275896019,0.9982643284264794,0.9984436397728655,0.998030207164691,0.9977934303150667,0.9984009873358324,0.8445197651306874,0.9961526201078713
60554.149019288125,1.0000606532357612,0.9997666038855864,0.9995980875171564,1.0003343358859986,0.9998305922098787,0.9995591630246504,1.0421507709201772,0.9924011979857061
60554.14919701934,1.0003255446607446,0.9998906949078987,1.000362731264438,0.9998110820568606,1.0003244816591519,1.0006563335457113,1.1642740984906306,1.000599904293521
60554.14937475055,0.9990899058131684,0.9987520958621227,0.9979458088408389,0.9985016573055481,0.9981930073425027,0.9971537694054585,1.36933038277018,1.0046557351185283
60554.14955248179,0.9981086276044434,0.9982935053094726,0.9968800835398338,0.9972882104669004,0.9967595390354196,0.992682635846799,0.956765119180245,0.9809364930070857
60554.149730213,1.000001875254664,0.9990913330514541,0.9993738878115014,0.9989377995359531,1.000118605918875,0.9983311406116434,0.963252798137003,1.004638349363704
60554.149907944215,0.9990009713532804,0.9996129527742291,1.0000617980733824,0.9990600389956771,0.9979795588459015,0.9970967112665388,1.0367780158615942,0.9969584561840829
60554.15008567545,0.9990165357141243,0.9994403769933002,0.999534708141771,0.9999413002553158,0.9995085496322406,0.9991284928385172,1.0660929899625062,0.9969211728665531
60554.150263406664,1.000305441936213,1.0004910715384019,1.0007626657662303,1.0013516318392817,1.0012980218012881,0.998495656121799,0.9968772636483705,1.0086584935109932
60554.15044113788,1.0000345311617713,0.9991112594435794,0.9991343278660184,0.9985353244426881,0.99832113478163,0.9962298743251391,1.0104801967694013,1.0080441215865177
60554.150618869106,0.9993425276776778,0.9988115832793453,0.9997364991069538,1.0001769142468429,0.9990448266410921,0.9981938834599968,0.8481333226145394,1.0090185581900424
60554.15079660033,1.0007111799603483,1.0007224439657119,1.0005730822851862,1.0006515337334128,1.0006196318080802,1.0007593407752962,1.0671590157978037,0.999314503224632
60554.15097433154,0.9987046483118729,0.9983822168653167,0.9983971027940796,0.9980078063849543,0.998009521557192,0.9973914653491416,0.9985556313372086,0.9951322014861044
60554.15115206276,0.9993130557191217,0.999216617238064,0.9992589009622685,0.9995720931279526,1.000112463697235,1.0015669100195062,0.9450250789521956,1.0049182664292804
60554.15132979399,0.9994895699503902,0.9988138818705276,0.9991982901087408,0.9988077477248476,0.9981516964294835,0.9916047696132437,1.3920796873750845,1.02441317844104
60554.1515075252,0.9992984005892281,0.9994153821527823,0.9989216199955178,0.9997134283245995,0.9998465793791645,0.9982112475094993,1.157898431911448,1.0049442001705209
60554.151685256424,0.9999882433513033,1.0007784752707782,0.9997559126658251,1.001323746481049,1.0014003959718516,0.9999907978194508,0.8959678766419373,0.9976583646407146
60554.15186298765,0.9988707009197969,0.9993236084967286,0.9995978031390439,0.9986027316475602,0.998962450305142,0.9989138701437609,1.1261317301704143,1.0022578353257294
60554.152040718865,0.9991372044118021,0.9988335634365642,0.9985121525553553,0.9989671055557117,0.9971228352119268,0.9985316029909586,1.0453853253385603,0.992251002327201
60554.15221845009,0.9997703576082481,0.9988293233325659,0.9988295643898908,0.9992839883165693,0.9993322821168916,0.9983947426262596,1.052484872212803,1.0003136013602147
60554.152396181315,0.9996549942157587,0.999787352815954,0.9995698235469832,1.00110691828793,1.00052539525295,0.9997193704182681,0.8935774547960408,1.0063828313834127
60554.15257391253,0.9981987044804895,0.9993501777722115,0.9993685659622501,0.9982054020880408,0.9989184986343724,0.998767128913556,0.8804600783140188,0.99991576023927
60554.15275164375,0.9993223559270444,0.9994656658509193,0.9988919400144128,0.9998292649403775,0.9986933877021038,0.9998927997195487,0.9555293699506858,0.9981777304729171
60554.15292937498,0.9999613788024903,1.0001271688464133,0.9999323824157333,1.0005527192497345,1.0009174288437288,1.0009213998770723,0.9606591202434827,1.002755616184718
60554.15310710619,0.9997099268278944,0.9995613251131169,0.9982825418260584,0.998265858842524,0.9987062807355211,0.9965921702899049,1.0450963182774988,1.0046678031809133
60554.15328483741,0.9998951380746349,0.9997678707557616,0.9993255254035366,0.9989854950209047,0.9988212713076213,1.000690975773554,1.1010765958160538,1.0059480852774927
60554.15346256863,0.9980184672136482,0.9981404138466842,0.9976005892954313,0.9971979133523233,0.9967306003590315,0.9967348441429997,1.0115863392790072,0.9957961316996409
60554.15364029985,0.9994033567591424,0.9993108157691123,0.9995336265838018,1.0007001451737954,0.9999698969021712,0.9999572584303333,0.8422244790860817,0.998021688766639
60554.153818031074,1.0003529455628724,1.0002250307369982,0.9999614451336644,1.0006158579359763,1.0005490388307157,0.9989012804022265,0.9074663848437217,1.0048127383245113
60554.15399576229,0.9992136701606609,0.9990545310776728,0.9987747658447641,0.9981325421829311,0.9992012997373663,1.0001820750290393,1.2101474401567736,0.9966745079751272
60554.154173493516,1.0005828519623785,1.0005493040203177,1.0010507193334248,1.0025566333154123,1.0026052831902168,0.9995775398178411,1.3238284599726928,1.0176346699067405
60554.15435122474,0.9986156948527214,0.9978222365394321,0.9979283015560616,0.9979356683937016,0.9973456807444341,0.9957562322154684,1.0735671238185014,0.9935019274917338
60554.15452895595,0.9990166614646466,0.9991788378953121,0.9994713645341358,0.9996209015139331,0.9995875301876187,1.0004074588919991,1.1473332483641354,1.011206189411091
60554.15470668718,0.9994111210337834,0.9986475802822855,0.9993928651018144,0.9998019995251745,1.0003818620684302,0.9937713566240661,1.2916959110089574,1.0025449757224394
60554.1548844184,0.9986751382181039,0.9986330818361495,0.9991895185824771,0.9986387774439984,0.9984027474810709,0.9981102782030647,0.9806066210160285,0.9988038879933077
60554.15506214961,0.9990065165412586,0.999382042903719,1.0004889228268852,1.000050880482336,0.9989576849482881,0.998173175430922,1.0706430752864151,1.00002197323697
60554.15523988084,0.9983140938431956,0.9986596749813696,0.9980050501325132,0.9984045133614229,0.9989365511008376,0.9993450324649213,0.9380841634166378,1.0059438344864977
60554.15541761206,0.9996642535547616,0.9999029349220725,0.9994379506938937,0.998262618216233,0.999514244439084,0.9991069470456679,1.0756467091817787,0.9971194712437621
60554.155595343276,0.9999024238138645,0.9997970624766994,1.0003966506548805,1.000611479856457,1.0007044221298977,0.9994777663611436,1.0186952671288763,0.9948808202672037
60554.155773074504,0.998209808524981,0.9980793395757819,0.9989736622680161,0.998052515411677,0.9972742164594689,0.9974368429302369,0.791139072912558,0.993432282855844
60554.155950805725,0.9999249632281365,0.99940068323311,1.0007236815643683,0.999693253610923,1.0012371031543015,0.9981851958713089,1.0220400775556275,1.0049095660907645
60554.15612853694,1.0002088453056408,1.000693939628693,1.000097099764877,1.0005756623558713,1.0004374945617767,0.9983765806932227,1.0697235423541682,1.001550179004171
60554.15630626817,0.9989634863527456,0.9983962496902946,0.9974004734368828,0.9971329051349141,0.9973197205817274,0.996369307780081,1.0124549611400497,0.994498022842411
60554.15648399939,0.9992002983695218,0.9974688141136248,0.9981568591456019,0.9985562720226351,0.9976606811357568,0.9962642949389168,1.041774035062329,0.9980574319303721
60554.1566617306,1.0005370377666494,1.0002275672191425,0.9993364760187339,1.0005047534925902,1.0001817232095458,0.9994041453796091,1.0322725491470615,0.992264260308253
60554.15683946182,0.9993478156238267,0.9996341455526835,1.0001661890451048,1.000635194970857,1.001483167377883,1.0022695171090503,1.0305574569034681,1.0043318329536397
60554.15701719305,0.9988337831634659,0.9981899829042424,0.9991285536772195,0.9992324306122836,0.9965048501917761,0.9949377328587796,0.9815552589287513,0.9840565334167902
60554.157194924264,0.9989397203241395,0.9992908066393169,0.9987394033970912,0.9979615013992839,0.9982785742213602,0.9985858447487296,0.9813682484576048,0.9970246929153301
60554.157372655485,0.998976037895097,0.9988152213176066,0.9985043559697669,0.9988433037973128,0.998273933266029,0.9994044259135132,1.0910262562651636,0.9995313343284908
60554.15755038671,0.9994700809430819,0.9999600640737698,0.9996711425099374,0.9991058473933188,0.9988280761205922,1.000728015597143,1.0164889572417202,0.9992355437828362
60554.15772811793,0.9993878436553049,0.9995858465909405,1.0008406796390934,1.0011834256466312,1.0011469130444308,1.0009677238634351,0.9260602650737548,1.0038347493984912
60554.15790584915,0.9991638472569769,0.9992560816552383,0.9992504701605729,1.0000327536332736,0.9986897015408808,0.9970735558343,0.9340196429661478,1.0060804786696051
60554.158083580376,1.000467065938786,1.0000420080752637,1.0002760219085276,1.0006734175969556,1.0010793002372254,1.0004897260811123,1.376376131802471,1.011751137439162
60554.15826131159,0.9996207485213415,0.9998487383611321,1.0004348468883062,0.9997134511607849,1.0015434769377882,0.9987560672713286,1.1663763376314247,1.0074368287209061
60554.15843904281,0.9995830597229491,0.9992722306614473,0.9994650734278515,0.9993316905995762,0.9992177778868286,0.9973929297043873,1.0527959377340186,1.0015843848165706
60554.15861677404,0.9983598917733679,0.9981252391450873,0.9974371956470258,0.9970147268861386,0.9969147364777335,0.9963144372438578,0.914832701601672,0.999644668931544
60554.15879450526,0.9983634881016209,0.9985270450444099,0.9984149028844392,0.997926361724197,0.9973085173218522,0.9961647685896207,0.970453527309481,0.9806577955954047
60554.15897223647,0.9998290717572866,0.9996980148407895,0.9998672001497512,0.9992570237318067,0.9999190817790979,0.9995938154155222,0.9539226779233743,0.9934521255339424
60554.1591499677,0.9986144366640715,0.9981810170761191,0.9997392439143031,0.9987990153260021,0.9979365621348881,0.9962187024119037,1.0729013958435214,0.995221100719533
60554.15932769892,0.9992206191071871,0.9996077311079284,0.9997246096128127,0.9995660651010474,0.9991273793919841,0.9955488967340663,1.1120551333385928,1.0064098096791811
60554.159505430136,0.9987195609569665,0.9988070320623531,0.9980369127303297,0.9986458076230339,0.998912142892676,0.9956511765137664,0.9089772521240854,1.0047688081825976
60554.15968316135,1.0004746738453858,1.0002733527620682,0.9995706181790002,1.0016285698220688,0.9999180603945609,0.9982550782518631,0.8784737217236154,0.9995196704759522
60554.159860892585,0.9987024274483006,0.9980303135547455,0.9984306600972976,0.9983087476404792,0.9980488697090407,1.0002067046364969,0.8139315291819027,0.9924520924674636
60554.1600386238,0.9996606402775253,0.9999411603708592,0.998387534773916,0.998513800216063,0.9986701479737549,0.9956544603513636,0.9693961271714038,0.9876349589292994
60554.16021635501,0.9992055432597853,0.9995506390510931,0.9990046372376652,0.9987647354398906,0.9987546850200361,1.0010265367972415,1.0827537524191253,0.9986433581965387
60554.16039408625,0.9984894738594272,0.9990531572775261,0.9989553369306949,0.9981729026983743,0.9997927403549037,0.9969828517445458,0.9568106560788524,0.9993311626683004
60554.16057181746,0.9984715709489241,0.9988038231955161,0.9984134677647095,0.9972606775515269,0.9964971806971181,0.994632191031867,1.0557563954734455,0.9907978201057757
60554.16074954868,0.9992262087179041,0.9996981466081903,0.9993440638774514,1.0005565586328835,0.9992790278294805,0.9979486053392698,1.0141071626179348,1.0068624648362665
60554.16092727991,0.9992128891405688,0.9989055895622398,0.9986177027941588,0.9985292062590515,0.9984957595674211,0.9943755813697392,1.0700347127878698,0.9980072468721986
60554.161105011124,0.9981223389219928,0.9979855116707884,0.997728047624198,0.9965466374265469,0.9973394835277138,0.9956016702128907,1.0940312588092527,0.9870904295237439
60554.161282742345,0.9992489405851495,1.0003600066820506,0.9997221136118133,0.9989890575318072,1.000385539450318,0.9988908013116781,1.1776566736088945,0.9986044173493113
60554.16146047357,0.9985582916528779,0.9983048992382307,0.9982652365065772,0.9971743270709686,0.9987646323380428,0.995742758847883,1.1022893484726473,0.9960363325455275
60554.16163820479,0.999443750970674,0.9992783563134044,0.9994433516241708,0.9995864756346373,0.9995745848094862,0.9977646136277564,1.0211930168878538,1.003467295133079
60554.16181593601,0.9988476345834992,0.9983154507910597,0.9986514756838163,0.9977978075312418,0.9986519931369291,0.9973478490809936,1.1541744653201929,1.0031892472013824
60554.161993667236,0.9997101255683939,0.9997934475017655,0.9981688015564145,0.9985447080688171,0.9985264549390761,0.9979309348551484,0.9609077283729509,0.9973534876353249
60554.16217139846,0.9990394463658079,0.9992653211789297,0.9989453192168172,0.998761102044413,0.9992990412349902,0.9990890450203029,0.8377698022139359,1.0048422219497395
60554.16234912967,0.9993494712934754,0.9985534665855733,0.9980618239393942,0.999467352522196,0.9981351715673322,0.9986079898386708,0.9738330549247569,0.9998990963553348
60554.162526860884,0.9989054945857835,0.998687980941518,0.9987776671482699,0.9989645816952357,0.999604302527632,0.9965280606384261,1.1048009579639786,0.9928654432941831
60554.16270459212,0.9996265538215413,1.0004428193484411,1.0005270791768197,0.9998039462109678,1.0002319762895224,0.9974975782202616,1.0139788897199518,1.0052202790623384
60554.16288232333,0.999448777574433,0.9997753918196546,0.998990966019596,0.9985351624773742,0.9992141813410831,0.996963882386734,1.0649752346471197,0.9996450240800836
60554.16306005455,0.9996135691233146,0.99960826608035,0.999640101394449,1.0003901908851482,1.0005036935647287,0.9977733879238052,0.9748440639204085,1.0142541996698538
60554.16323778578,0.9995175519019424,0.9988623385660745,0.9988439648780884,0.9990486476332595,0.9982479992756798,0.9954849342535381,1.0275280551918686,0.9977845750707242
60554.163415516996,0.9999496901547555,0.99927341221344,0.9989841029232904,0.9984969382672625,0.9987590364229556,0.998531183390798,1.20277011673713,0.9954529179780556
60554.16359324822,0.9994053695876115,0.9999538358464554,1.0005522610448596,1.0005771058535822,1.0001049214201123,1.0014367396079638,1.0130118860226023,0.9918582157583037
60554.163770979445,0.9998901683319817,0.9991516915528036,0.9997563241419429,0.9996996166565462,0.9996699257387175,0.9984007087316177,0.9636826624097479,0.999905508719082
60554.16394871066,0.9989539875410085,0.999072670626428,0.9989666012241616,0.9989252328359999,0.9990991896094481,0.997074148441803,0.9130350584804446,0.9988651708064192
60554.16412644188,0.9997201060593055,0.9992280377783536,0.9999396896201042,0.9980730851385585,0.999198533087263,1.0018355166012556,0.9825230537394403,0.9976415476039762
60554.16430417311,0.9987635070740122,0.9988218767809608,0.9983342949187464,0.9984442463437749,0.9976003255257541,0.9961205857433307,1.12182052234289,0.9959877759733404
60554.16448190433,0.9994054905541465,0.9997945926040245,0.9998261643489367,0.9997907771901279,0.9987624128227313,0.9954970019927472,1.0317676007769054,0.9974020886101782
60554.16465963554,0.999700573722741,0.9992342824564329,0.9993593184799244,0.9989580803124901,0.9984711616924912,0.9981872570150507,0.9477769782937575,1.0015984377873284
60554.16483736677,0.9996019325526981,0.9995616205817561,0.9995727730634563,1.0005581664059273,0.9996176418163109,0.9983839281557568,1.0200694252054727,0.9974233433658581
60554.16501509799,0.9989074620347164,0.9985116000341674,0.998550381616716,0.9983539937795595,0.9991748633371402,0.9994844612028456,1.0565284418838061,0.9981401377925481
60554.165192829205,0.9987573894477867,0.999078364526449,0.9989832072596283,0.9989151411561266,0.997547100061066,0.9962599712776616,1.051353407214316,0.9933109870730871
60554.16537056042,0.9982243512995165,0.9982929832396117,0.9980392730098662,0.9976623939026361,0.9977937929181727,0.9984995643424455,0.9575866010249967,0.9939549266239011
60554.165548291654,0.9991614116607191,0.9994758864530673,0.9985665325688079,0.9981901974126858,0.9978573041193901,0.9968704412474914,1.019682367361894,0.9934566771712
60554.16572602287,0.9996933500386606,1.0005599954046478,1.000648628575263,1.0013399528465305,1.0003642250467295,1.0000714114151465,0.8994265494437658,0.9972140200977584
60554.16590375409,0.9995608390589141,0.9993001274491405,1.0002964377483545,1.0000106128296462,0.9991079666255162,1.0013643344377272,1.0839337479818107,1.0070559676891135
60554.16608148532,1.0000873813725946,0.9996918277403872,0.9998978256733806,0.9999420789956337,1.000541289493802,1.0030211180598265,1.0201161981805513,0.9977610299017686
60554.16625921653,1.0001093206014933,1.0002171679165295,1.0006382350550238,1.0011537853341606,1.0002837289793292,1.0031573544059729,1.0242048073307877,1.0057210031629849
60554.16643694775,0.9985806682748977,0.997812885892437,0.9981861346081513,0.9974126831867428,0.9975915879338701,0.9973017767475223,1.1672135837971216,0.9983772487587907
60554.16661467898,0.9998047365708818,0.9997419030621696,1.0010658067584133,1.0023401099787668,1.0034943276980295,1.0038134389870348,1.0214682249072145,1.0082501612410448
60554.1667924102,0.9998655898456532,0.9990037570822304,0.9993343740509495,0.9978129524761121,0.9981045111473701,0.9954635723171719,1.242636640641815,1.0002823648851384
60554.166970141414,0.9993128445402553,0.9994582081708557,0.9992740327784649,0.9991120969180209,1.000147588988882,1.0004773329105676,1.145769492381707,0.9941618485812461
60554.16714787264,0.9996021902045836,0.9986002964295028,0.9985593199284889,0.9992382907998272,0.9983932936279581,1.0006257150625653,0.9146638986314883,1.002940145367882
60554.16732560386,0.9992587402413424,1.0005441173522127,0.9993146031085579,0.9993809743874137,0.9997675888849166,0.9997620048391933,0.9298513716913827,1.000794076753135
60554.16750333508,0.999108821835488,0.9988427586077032,0.9988074497289211,0.9995738016838142,0.9989092770195209,0.9962855182378462,1.2310875271094288,1.0067984187578785
60554.16768106631,0.9982943026245776,0.9982374865844024,0.9987857506598103,0.9986820642251824,0.9987745427165828,0.9975625348980224,1.0854959501005288,0.9957177644511107
60554.167858797526,0.9994551867505108,0.9989187056602826,0.9996707499466299,0.9993282633897712,0.9995657329205977,0.9973028067083249,1.0482315751626583,1.000631602556327
60554.16803652874,1.0006442938042683,1.0017147858738007,1.0021953016462593,1.001434514057702,1.0022521728645957,0.9991103308411572,0.9041813708742957,1.0028307348686656
60554.16821425996,1.0005388025112079,1.0000964860733086,1.0001968303457418,0.9997689004546428,0.9993176073753849,0.9974792499051477,1.1162499245989732,1.0065582568917093
60554.16839199119,0.9992111606176285,0.9991713155411632,0.9987442336112667,0.9969276142973975,0.9975034697470919,0.9944161775887811,1.1519947574577765,0.9995197093464829
60554.16856972241,0.9999250619149594,0.9996305475123605,0.9989326204895776,0.9993283613345658,0.9994103825853341,0.9988184441478164,1.1025724779946635,1.0054580925369958
60554.16874745362,0.9998174503587441,1.0006887769916077,1.0012958012315727,1.0018392140950179,1.0018280481535233,1.0007632647121876,0.9028731637142368,1.0052444934013132
60554.16892518485,0.9993514226135369,0.9992687216487927,0.998719595119048,0.9983893048580369,0.9977143386099929,0.9987054057728316,1.2254978012879816,1.0094528394146038
60554.16910291607,1.0004881019508896,0.9999519990056628,0.9997216615662473,0.9989943751289486,1.0000042199613641,0.9982572385601803,0.7804051946623078,0.9992517264801714
60554.169280647286,1.0007267810895515,1.0000816903844314,0.9993188702501512,0.9992805534507023,0.9991772899122426,0.9992705724974759,0.9357248475129065,1.0032895293494957
60554.16945837852,0.9991513978185821,0.9998872489565095,1.000156177308851,1.000887967055587,1.0014338203915516,1.000512550400153,0.9715265996651004,1.004331801216652
60554.169636109735,0.9998856082353236,1.0005350962043609,1.0005715903290318,1.0012637536443294,1.000974138379284,1.0024249343283682,0.9074923991755525,1.003303440559282
60554.16981384095,0.9999803474486699,1.0010538115607301,1.0007105063910975,0.9999855315701627,1.0004815250809145,1.0008662345701282,0.971729965504861,0.9916169242446281
60554.169991572184,1.0015461779171888,1.0011543241211214,1.0022297417759467,1.004145124236778,1.0033303068582544,1.0003433062942189,1.1837187851301645,1.0194068180631943
60554.1701693034,1.0002675110680654,1.0005226532974207,1.0007288357461661,1.0003541221205239,0.9994187960044093,1.0009212557078602,1.0798469345429644,0.999846891703755
60554.17034703462,0.999607969534567,0.9996059499094289,0.9992720658461866,1.0006548055119564,0.9994844768609404,0.9979058408144217,0.9666060445645607,1.0008736758480954
60554.17052476585,0.9999355177975195,0.9999316852141537,1.0010120795798967,1.0003657429668031,0.9996598712465629,1.0000207467433835,1.0146616431005577,0.9997057656902045
60554.17070249706,0.9992366100630093,0.9996227782354566,0.9982610303171499,0.9975803879733253,0.9977381680446266,0.9995485990921071,1.1375094378965347,0.9889648590037702
60554.17088022828,1.0000256877562894,0.9984461785680134,0.9993768514390868,0.9993158004426599,0.9998345066338153,0.9981535869645443,1.1248955676954522,0.9951235274252321
60554.1710579595,1.000633031341456,1.0011520429483962,1.000518666307996,1.0006197846378335,1.0013633991909894,1.0045381540736087,0.8463992610345467,1.0035164513596355
60554.17123569073,1.0001354146549866,1.000187325745252,1.0003360404873098,0.9998121141732341,0.9996488135911329,0.9996531545112062,0.9073146966377637,0.9894883320098192
60554.171413421944,1.0002757223038021,0.9995614478487252,0.9994378281036047,0.9997172699517666,0.9990456436162034,0.9994651823229123,1.1123328543779691,0.9981170543021357
60554.17159115316,0.9998199009903905,0.9992798339791645,0.9994760527552429,0.9988516636891362,0.9989434612658302,0.9979867205571176,1.1368967948770634,0.9894214906016058
60554.17176888439,1.000340835377517,0.9992400479656655,0.999224464458353,0.9982912279303424,0.9990212862619265,0.9965202415170096,1.196641479720474,1.0006629645963205
60554.17194661561,1.0000869990636698,0.9990511244790934,1.0007309361460492,0.9985138909667991,0.9992824315611487,1.000682458812259,1.1752986968642514,1.0031852731627438
60554.17212434683,1.0001490331631828,0.9999135403430921,0.999706138068688,0.9982745024706495,0.9991220962200051,0.9980827306056104,0.9650677298600054,0.9906024893552954
60554.172302078056,1.0000519968158386,0.9995497665154283,0.9998936346729981,1.0002305727481724,0.9999904150366274,0.9973513194123158,1.039605634875047,1.0012409965051572
60554.17247980928,0.9995019253492641,1.0006710777427348,1.0000400130636773,1.0007019260002432,1.0010062801878148,0.9973878112685411,1.0919646938784409,0.9935185451532211
60554.17265754049,1.0006627587649322,1.00085248468131,1.0011983685081707,1.0011004994718544,1.0011730217932435,1.0014551445746147,0.9607251492344285,0.9976714018458862
60554.17283527172,0.9999055258878906,1.0000960709334192,1.000973656784722,0.9995927649576622,0.9995895862085192,0.9991130823847543,0.9549900660960995,1.0077246754111764
60554.17301300294,1.000856586519473,1.0007033715618203,1.0003208164589137,1.0002374232077498,1.0009744295881742,1.0041886968231453,1.0423087181928554,1.001831545489243
60554.17319073415,1.0001402432016728,0.9994648296037063,0.9994121017818115,0.9982927194764433,0.9984395608897821,0.9992581402400077,1.0833167286782732,0.9902521204351923
60554.17336846539,0.9992781327487935,0.9982167650719764,0.9992347525372243,0.9983976350496193,0.9981141147461239,0.9972904224143498,0.9608746223840309,0.9868383909997986
60554.1735461966,0.9998066507125281,0.9996383883984757,0.999474823324575,0.999145422964394,0.9997690759055116,1.001053322060322,1.049756451614673,0.9941907803395647
60554.173723927815,1.0001785798886258,1.0013015463703459,1.0006010543317219,1.00083982468101,1.0011571673078719,1.0011524766228632,1.0159271280054216,1.009360224988244
60554.17390165904,1.0003570354619253,1.00089446719448,1.0004236051334217,1.0003905734242518,1.0018123165788433,1.0011061671949322,0.9718580865237215,1.0011259412987825
60554.174079390265,1.0007101406049441,1.0011190919051267,1.0000978646067678,1.0007637611759095,1.0012251890995758,1.0004607352477863,0.9792348219454778,0.9937358879796119
60554.174257121485,1.0012168442701903,1.0011178518077652,1.0015176312502825,1.0011382521081402,1.0010265331200907,1.0019828224799134,1.1200147067219846,1.0058160139866896
60554.1744348527,1.000340900166373,1.0004700932650186,1.000633604748274,1.00099695967984,1.0011386202169779,1.0015740688656576,0.8629957697780728,1.000736049346984
60554.174612583935,1.0017780691246676,1.0009134237978894,1.0014054239962107,1.0034605207466163,1.0023587521710424,1.0000327744737065,0.9261877636321965,1.006202474558665
60554.17479031515,1.000836909569808,1.0004497554424903,1.0008282680337939,1.0004358557316253,0.9998719710385093,0.9998706521424529,0.8345246900617069,0.9939900459301717
60554.17496804636,1.0005005769494446,1.0011534286834114,1.0011880470134011,1.0015330087687857,1.0021306618968535,1.0024606933744613,1.117376350138391,1.0067191750662263
60554.1751457776,0.999404374518261,0.9989555803722499,0.9988855169104314,0.9999878230427534,0.9982963662894323,0.9963764351937421,0.9919723585019676,0.988070866310527
60554.17532350881,1.0000777205887175,1.0001360603235305,1.0000970150002089,0.9992300009345718,1.0008315962657475,1.000090956978105,1.1947490442033613,1.0022151134822752
60554.17550124003,1.0004338794191483,0.9998305362349577,1.0006766316858442,0.99950947201791,0.9992956338590698,0.999705149939411,0.9443460054380347,1.0019868846871065
60554.17567897126,0.9997634585518748,0.9990042004464713,0.998851682284657,0.9990491624374359,0.9985491008199444,0.9977023551484112,0.9906416674372257,0.9911753563241442
60554.17585670248,1.0000553699369144,1.0005986484120384,0.999836274275014,0.9996789431108224,0.9994700663277272,0.9986826869434579,0.9926590409161725,0.9987048575272421
60554.176034433694,1.0003191946694234,1.0006631026699886,1.0007511995074672,1.0012345372532978,1.0013005182797756,1.0007924495435845,0.975897175455639,1.0062624052741906
60554.17621216492,1.0002488860488565,1.0005088248167469,1.0010529133174213,1.0002131549428623,1.0006079768265652,0.9976918951189023,0.9473154798566793,0.9865975407831145
60554.17638989614,0.9997807980453636,0.9996255851875292,0.9998318044821676,1.0000373660146935,0.9993688589804977,0.9975009033532043,0.9796967260035051,0.9933501186698018
60554.17656762736,1.0007536783061632,1.000638231855335,1.0026131423657356,1.0022735357006523,1.0013895153939547,0.9998383929090419,1.1038470582631097,1.0050366525635441
60554.176745358585,0.9998461145068798,0.9992905772963011,0.9991116220082354,0.998472049267339,0.9980347780479053,0.997991814292944,0.9291785358954708,0.9998604577374036
60554.176923089806,0.9999699633259189,0.9996811905468119,0.9998106475149583,0.9993728170512335,0.9988035092218069,0.9986748019338811,1.0549348630023196,1.0007897513874975
60554.17710082103,0.9999981247453358,0.9996243497673455,0.9994976190427057,0.9980669827290497,0.9983206418136796,0.9980080338224381,1.2155241907341938,0.9894387320113686
60554.17727855224,1.0000905308764374,0.9995238367231082,0.9988653468391454,0.9992233534926414,0.9979362270293224,0.9980928572277358,0.9276941184557465,0.9954574880315011
60554.17745628347,0.9999610213702992,1.0004484584125792,0.9996124802638408,1.000114361843358,0.9996715364982434,0.997951244639288,1.0626310206517768,1.0001037973786584
60554.17763401469,1.000703874811799,1.0015093316265065,1.0013761171756337,1.001415760005551,1.0008796444074217,1.0015775933569186,0.8578101099745641,1.007067605227613
60554.1778117459,1.0012413303572218,1.0009630507556886,1.0011473953484242,1.0016049619585394,1.0011581221019799,1.0023936846010562,0.7961280876799565,1.0159199580186455
60554.17798947714,0.9999611486243604,0.9995198138659752,1.000475550000047,0.9988348046443595,0.9990375729224942,0.9985051006202911,0.9729962155999214,1.0012823080544158
60554.17816720835,0.9992394893399144,0.9993163140340573,0.9991111458561858,0.9994695965404017,0.9996949599300391,0.997684740346539,0.9744938992845059,0.9944820442153627
60554.17834493957,0.999696304765879,0.9999741338323276,1.000801292878553,1.0004405044793405,1.0004219127327374,0.9981053729120932,0.9118073039482982,0.9954426237294002
60554.1785226708,1.0004412552340238,0.9995714787832314,1.0007849902320027,1.0010397738311896,1.0000515379273918,0.9996470157415615,1.2674369703205095,1.0005171280058043
60554.178700402015,1.0014909708408695,1.0006990238827227,1.0010028059332168,1.0006559986036359,1.0009454793164376,1.000222345066311,0.9559605224511665,0.9995049611828317
60554.178878133236,1.0003874562901838,0.999432634327928,1.0002209295778803,1.001090178044117,1.0014108549760137,1.0019595812622764,0.9363632491400237,1.0030738786286495
60554.179055864464,0.9995208097972679,0.9999350069783967,0.9991303205060846,0.9986788136328104,0.9980010789840984,1.0013819121252472,0.9457915241337213,0.998964887184493
60554.179233595685,1.000336015988749,1.0003450003588703,1.00055408676802,1.0000781257013756,1.0005301480205688,1.0001789063938775,0.9406693214403588,1.005570660866494
60554.1794113269,0.9998469838257081,0.9992425110644961,0.9987416648988408,0.9979472523456818,0.9977854051745116,0.9997765643215323,0.802051619261443,0.9909765115757654
60554.17958905813,1.0000954924179697,0.9999884674482512,1.0005846504575389,0.9986217855401436,0.9988731480676548,1.001007062525573,1.022889144674698,0.996040126498598
60554.17976678935,1.000745861270977,1.0009810090234665,1.0002532580383936,1.0003607935866492,1.000341933983519,1.001327914537462,1.0597426951261772,0.9975376891122529
60554.17994452057,1.0013502435680284,1.0008225554177483,1.0018154232489218,1.0027057290530201,1.0017765310149345,1.0027012763473528,1.0613893100141785,1.0088917952743974
60554.18012225178,0.9997186433893713,1.0001728006875847,0.9994722938096836,1.000480699267439,1.0013055057703732,1.001642653080074,0.995307557542095,0.9966178626929557
60554.18029998301,0.9998974499706507,0.9988936308238886,0.9994990166307962,0.9979804130607134,0.9981654408927613,0.9978408073993602,0.9005741407722709,0.9958118554481049
60554.18047771423,1.0000450145180868,1.000040422673122,0.9993432538604021,1.001401569494424,1.000483672042475,0.9986574544368224,1.0640553192722637,0.9983062440182766
60554.180655445445,0.9995021959862577,0.9989289575511401,0.9992846663836024,0.9987791829571028,0.9997234553328267,0.9965138875441553,0.915783920544539,0.999871134904463
60554.18083317668,1.000561365025304,1.0004900899760993,1.0006352505547513,1.0013436802267706,1.000346464286098,1.002161290177827,0.8949595246159914,0.9987371425603656
60554.181010907894,0.999570235630009,0.9999115912500218,1.0000406547273162,1.0006333660300188,1.0010552216682513,1.002570860479365,1.1681347828250417,0.9977570826139166
60554.181188639115,1.0000750436061312,1.0001825374437077,1.0008269370815117,1.0014651705144166,1.0009917860024458,1.002772989402455,1.004614676303108,1.0050052814246435
60554.18136637034,1.001053777280374,1.0007201053765913,1.0008196385985924,1.000866142196523,0.9982605131412077,1.0003395181431123,1.0793125341271896,0.9954327350736251
60554.181544101564,1.0001132228315603,1.00005904026175,1.0007180405491927,1.0001747873795879,0.9998517653158657,0.9982340891314186,0.9818568048617679,1.0003564508795326
60554.18172183278,0.9996435316455933,1.000540176910186,1.00091816199339,1.0010921025537305,1.001715688897247,1.0036306045958003,0.8625955237640425,1.002201480080319
60554.181899564006,0.9997682212162221,0.9992619828026399,0.9990637667183724,0.998636023043652,0.9991704579330272,0.9986421717713555,1.0049300621448982,1.0142311222211158
60554.18207729523,1.0001420366501548,1.0000217826662952,1.0004670979336887,1.0011486756387058,1.0002413327417095,1.0024993238192819,1.0079277528376684,0.997813145638829
60554.18225502644,0.9999320637587163,1.0009511433050158,1.0009417447980122,1.0007849968481939,1.000236197824541,1.0021683547479485,1.0637312421629495,0.9978743862330118
60554.182432757676,0.9999876458996371,1.00060128263108,1.000071657331227,0.9999025193306876,0.99965438200868,1.0021472181563797,0.8702526298754049,0.992202066366986
60554.18261048889,1.0000691947033042,1.0001813866965787,0.9995322958275075,0.9997092724688834,0.9996128646984609,0.999603975485591,0.8260261300010124,0.9928491656406543
60554.18278822011,1.0005215567838694,1.0005664307180608,1.0004103946823701,1.0015750633859732,1.001302932431291,1.0024441758152163,0.819046764344286,1.0020928937237061
60554.182965951324,1.000380868876409,1.000684356413042,1.000863192743001,1.0011391296512595,1.0016742249256303,1.001624440653507,1.0543461163938668,1.0006483465106442
60554.18314368256,0.9998371304521724,1.0002545596986152,1.0004650719111277,1.0000468766918533,1.0010751852137636,0.9991677952868242,1.1772073038481496,1.011356414477264
60554.18332141377,0.9994877081592332,0.9990730439942773,0.9985018926007149,0.9994203723510477,0.9990060657108109,0.9976065691153747,1.1671410804248767,0.9888737477168532
60554.183499144994,1.0006325251956036,1.001172115784585,0.9995028883672609,1.0013345380966008,0.9997638397775171,1.0017920129626243,1.1342616204355622,1.002786196191849
60554.18367687622,1.0001000696002964,1.0002023836786749,0.9995263041903863,0.9995113833934168,0.9999996283690872,1.0009234638724656,0.9838902101275039,0.9989703733522948
60554.183854607436,1.0001037374149877,1.0006217422215247,1.0011310026455384,1.0003959626979746,1.0011494492783983,1.0015529692383542,1.1886549099755852,1.011829438702418
60554.18403233866,0.9989600787869614,0.999623115637418,0.9986770603065225,0.9982899824342378,0.9990173327451014,0.9979194633040874,1.192626080271895,0.998019102784467
60554.184210069885,1.0009265513763839,1.0008924195581028,1.000823184897527,1.0010616182264123,1.0009691566863608,1.0008628787122478,1.0383166779362707,0.9965635623811064
60554.184387801106,0.9999509875721009,1.0009919134613297,1.0008689408654394,1.0014700740241986,1.0017086795092023,0.9998149547773594,0.959681544478314,1.0067151670340713
60554.18456553232,0.9998218267502914,0.9999127039345971,1.0004389069689235,0.9994329438030395,0.998986977614095,1.0008740400765168,0.9397969515502534,1.0004709023916227
60554.184743263555,0.9996253869387055,0.9996772036555668,0.9995372578433925,0.9991007101096402,1.0005959691808142,0.9986687724060769,1.1468133307510897,1.0032229250587998
60554.18492099477,1.0005053311393004,0.9998225848706664,1.0005091908920074,1.000593177907974,1.0003561521995987,0.9996849514554468,1.18082535823493,1.0075649686287467
60554.18509872599,1.0011263272673159,1.0014847643445925,1.002068345339915,1.0016853585307934,1.0030258386874364,0.9988282790867236,1.3157018055257932,1.0208044890174301
60554.18527645722,1.0004372051104076,1.0003543655212463,1.000818593102355,1.0013350236625402,1.0012149234064345,1.0008543344565735,1.1392545081205785,0.9987901770686632
60554.18545418844,0.9991646616282943,0.998740964016628,0.9992378340513945,0.9995936546448804,0.9990742594449655,0.9973682078149119,1.1224630305008938,0.9961216427332721
60554.18563191965,1.0000986799203397,0.999378271323955,0.9997227745802378,0.998231800124207,0.9999387221456882,0.9959236810888102,1.0827785297595507,1.0131448917142691
60554.18580965087,0.9996995744161447,1.000389582092886,0.9994672311541287,0.9996518677771613,1.001044265389295,0.9981900036486612,1.1281636459228308,0.9955821321392572
60554.1859873821,1.0001090375261328,1.0001124839582756,1.0002500991090928,0.9995631088050632,0.9999365564659224,0.9987600185454816,1.1066629792293867,1.0031809165332617
60554.186165113315,0.999221212458293,0.9989621806771574,0.9985422967332618,0.998985171618281,0.997914257819851,0.9964496498256474,1.0843208692608461,0.9890642565925367
60554.186342844536,1.0007836185487295,1.000950035297619,1.0011938867600763,0.9997832362329484,1.0005078009683905,1.001668355230139,1.2562265600399,1.00182076004519
60554.186520575764,0.9998115549828984,1.0003237050050588,1.0007435209064575,0.9996375955573713,0.9991518947742934,0.9999823747911296,1.195912650239879,0.9926549655203628
60554.186698306985,1.0005660257223803,0.9999498745990495,0.9997522701369432,1.000132955580208,1.000000371630913,1.0001308853532123,1.0371358330094174,1.0001380426803144
60554.1868760382,0.9999975219629409,0.9994464455514266,0.9996915106267662,0.9996520764048539,0.9991936267641036,1.0003006080005865,1.1250361824495005,0.994528419124411
60554.187053769434,0.9998300211737301,0.9994527979658873,0.9991878129997597,0.9991162525757357,0.9984258833482288,0.9987953653242325,1.0352341310359758,0.9976186910403054
60554.18723150065,1.0005292251053943,0.9997679675249665,1.00082771054686,1.0003131188918661,1.0005362811315777,0.9996690270182884,1.0499204173263053,0.9995699998063955
60554.18740923187,0.9991556949326262,0.9991361646113007,0.9989923541022845,0.9988962248746595,0.9997287655054024,0.9988775821699027,0.9908083200064228,0.996149440039861
60554.1875869631,1.000513135052693,0.9996690843967051,0.9994585144064194,0.999611937585209,1.0001734815672734,0.9994154140774703,0.8269043606563647,0.9965486808638735
60554.18776469432,1.0002057577202619,1.0004605166619298,0.9997813307970039,0.9991487488633768,0.9999719141614789,1.0000188940703802,1.024199270757322,0.9919664358293142
60554.18794242553,1.0000722966406452,0.9996059478127628,1.0002156970990075,1.0007857804065508,1.0011947952069766,0.9991929940882245,0.9571435845692228,0.9931876400327273
60554.18812015677,1.0008347253379097,1.0014077931512604,1.0006911706393322,1.0010946378982999,0.9996072535437731,1.003107290253438,1.0801057585257643,0.9973285296972711
60554.18829788798,1.0006990920547052,1.0004679059584218,1.0001694766403122,0.9998479406498929,0.9989226315478004,0.9999986777903951,0.9103479230804326,0.9911912037449528
60554.1884756192,0.9998969013156545,0.9998350068109456,0.9993213325412711,0.9981716620203088,0.9985250224166181,0.9984961078834433,1.0374080135106116,0.9888715928772925
60554.188653350415,0.9994214104335868,1.0002701101872913,1.0003653025247037,0.9993709861303792,0.9993602847173768,0.998058585221455,1.236980474871355,1.0011987220003682
60554.18883108165,1.0001514047906965,0.9995381021167422,0.9992821957630065,0.9999987027690201,1.0013401203697518,1.0028176177281793,1.0429868298059084,1.0052115351582556
60554.189008812864,1.000797020957387,1.0015740526448984,1.0020912608065133,1.0020674568167423,1.003342897418729,1.0068209368594996,1.1022172043646716,1.0157773018237004
60554.189186544085,0.9998996276416524,1.000719883452548,1.000590276773639,1.0002875378763285,1.0013273520691528,0.9993082273772834,1.1322617319643236,0.9906491055309627
60554.18936427531,1.0006197102605823,1.0013205795827094,1.0023417996874124,1.001755383712905,1.0022949325335604,1.0049116748679716,0.8884827095911491,1.008746228557464
60554.18954200653,1.000702194812158,1.0012037146394968,1.000455420694197,1.000699421081921,1.0010693093538388,1.0014484420570384,0.8864965710601279,0.9919854904692718
60554.18971973775,1.0000206678501125,0.9998895527087159,1.0001087837659437,0.9998100891448052,0.999631161992423,0.9982051484056848,1.0218155767295733,0.995279392285153
60554.189897468976,1.0003567042733215,1.000738326372761,1.000988316074641,1.0002657006751638,0.9997215121181003,1.001028690651821,0.8038295357855064,1.0002978443461465
60554.1900752002,1.000019562749055,1.0006483327862328,1.0001584504718672,0.9999373530932926,0.9994722790514775,1.0018262537508247,0.964687883529932,0.9953953280837509
60554.19025293141,0.9996989032910744,0.9999113648100822,0.9995434691826943,0.9998950669462267,1.0004583249423977,1.0013427623367839,1.1780654364429428,1.0079519610136412
60554.190430662646,0.9999317458285915,0.9998347292446094,0.9989275329435884,0.9988299769691927,0.9990101027141438,1.000318098251752,0.9933874162842915,1.0028666549879428
60554.19060839386,1.001304303211721,1.0010926360108958,1.0011981436123167,1.0012558766784239,1.0016212890133538,0.9993572855829239,1.0696007953554156,1.0166235430160513
60554.19078612508,1.0003204836122774,1.0006883110478855,1.0003153086173615,1.0002428556458232,1.0005864865049783,1.0005148375319222,0.997025198793126,1.0071757571296123
60554.19096385631,1.00010423768337,0.999425733232075,0.9998423756652316,0.9998773865907867,1.0015628381877801,0.999995555832267,1.0927653810925224,0.9965898049392515
60554.19114158753,1.0002368360050553,1.0008980749117236,1.001350173993481,1.00195307412676,1.0009115823034707,1.003270112268495,0.9522597460940064,0.9958428481088681
60554.19131931874,0.9989690866249199,0.9990774603795104,0.9992015776059546,0.9988131120503683,0.9969165869296737,0.9977540941209432,0.8801523053369886,0.9816580436144635
60554.191497049964,0.9997370186844452,0.9993581625218783,0.999777324025033,1.0001817085917393,0.9986207435076255,0.9986954065959465,0.861682260267773,0.990364803993249
60554.19167478119,1.0000039397501956,0.9990629511274799,0.9987863453844016,0.9995258798830263,0.9991064010878485,1.0033149061186568,0.829245437951361,0.9993790751834516
60554.19185251241,1.000042890291057,1.000979516519762,1.000549329069283,1.0013320362803038,1.000607182545207,1.002972975084255,0.9071213438408602,1.0040153418121396
60554.19203024363,1.0003433044616858,1.001473267034067,1.0015134350562265,1.0025178627528681,1.0019897048674289,1.0007045774011374,1.0030153982947978,0.995281614165461
60554.19220797486,1.0002267344109235,1.000166483916448,1.0003816773927112,1.0001184795507645,1.001859893783729,1.0053122700142731,1.0629066724143565,1.0083950223559353
60554.192385706076,1.0004890310012158,1.000875726063834,1.000891470432311,1.0017457086284114,0.9996901021416947,0.9985612676288138,0.9700493775750385,1.0007428994773466
60554.1925634373,0.9991811289325626,1.0001297630675166,0.999661575469712,0.9994087730869433,0.9998135452257585,0.9981326014461861,0.9229482522513355,1.0012671776274822
60554.192741168525,1.0006817516044189,1.0013604623654133,1.0006742719942707,0.9997162328193524,1.000380981484551,1.0009809615731071,1.1015505449863991,1.0007561739820139
60554.192918899746,1.0007793651739978,0.999764790269403,1.0002302576111395,1.0006450254866115,0.9997584729533826,0.9986871139502813,0.8909878264024916,1.004625985550445
60554.19309663096,1.0002138168252035,1.0006757387927747,1.0005045723445178,1.0002952166426258,1.0011627165102703,1.00197880553201,0.7346872515663836,1.0008873950345478
60554.193274362195,1.0005188582049973,1.0004652530306675,1.0010290771987327,1.0006259732440415,1.0000417814356883,0.9991659422064424,1.2316622056854465,1.0081143912081345
60554.19345209341,0.9998403795996353,0.9998911389172677,1.0002176707928605,0.9995604691796479,1.0006337176715414,1.000602685124437,0.911862388798073,0.9959903441944459
60554.19362982463,0.9995462263014793,0.9993833868666941,0.9993270567532134,0.999064122316805,0.9982345473464745,1.0004595869970456,0.9398875517163902,1.0020684405202238
60554.19380755586,1.0003341628087692,1.0001386780918071,1.0003735952530843,1.000459824024079,1.0004708863488534,1.000706832907447,0.918762360711049,0.9986523986158039
60554.19398528708,1.0000844129768411,1.0002237203206807,0.9987858654105924,0.9993825131238973,0.998937379836945,1.0006378619404657,1.0993332080040137,0.9987168410789786
60554.19416301829,1.0006432022350606,1.0010210622812534,1.0002106963755573,1.001544874609053,1.001874172958211,1.0004538748387652,1.1518971232754223,1.0044465379612801
60554.19434074952,1.0004583243638896,1.0000926196597237,1.0000791985448785,0.9994271447979923,0.9993498436031805,0.9975113105949976,1.080043754941515,0.9981356379826649
60554.19451848074,1.0000401884317367,0.9994225953293214,0.9994655818198733,0.9990887481065931,1.0001829370768645,0.9991431833681828,0.9474894506817366,1.0015638483286124
60554.19469621196,1.0002038567004092,1.0003697652112447,0.999895630513458,0.9992640970751924,0.9988769581334569,0.9981671105254856,1.0004172073345072,1.0019111876038362
60554.194873943175,1.00020787935027,1.000121841056551,1.0000895859894996,0.9995980603786239,0.9992590187308145,0.9987905763935099,1.0705645635394951,1.0039257145205651
60554.19505167441,1.000587559679215,1.0001854645508765,1.0000068442080257,1.0001948834866268,1.0002479483848556,0.9997662242757993,0.9315912287712966,0.9992475458235516
60554.195229405625,1.0000396766817852,1.0004243067544007,0.9995560179793647,1.0001100019799865,1.001229244821114,0.9989953541149762,1.080015361170102,0.9992117059566346
60554.195407136845,1.0000422674159157,1.0002822643994367,1.0007936033022335,1.0018913186137397,1.0022474538891353,1.0034154072610901,0.9783961051751066,1.0003223468657052
60554.195584868074,1.000433216358514,1.0003732247103225,1.0007140951213636,1.0013007724866618,1.001665134006919,1.0050157926121561,0.9235613350493092,1.0061741848192274
60554.195762599295,1.0007630759707409,1.000488764399273,1.0005217893715528,1.0003896654548854,1.0016717014465455,1.0023321324307803,0.9209882916729264,1.0074677784348278
60554.19594033051,1.0002831776695513,1.0010756264038907,1.0002865313554747,1.0014058593972277,1.0006419311536825,1.0010403306647349,1.1059860247034623,0.9979016978763388
60554.19611806174,0.9989707768759621,0.9987801357069573,0.9988763446873717,0.9980153796823962,0.9979770211211032,0.9970728421280893,1.0136427650584943,0.9847164230604798
60554.19629579296,1.000220720118823,1.0000108504879266,0.9991152855077984,0.9994186069027248,1.0002273585248878,1.0020483168762446,0.7652100529266506,0.9979708020371504
60554.19647352418,1.0010029567103178,1.0005341048038556,1.0008053170934266,1.0013909401081882,1.0014656214624904,1.0026435363849735,1.233856509497488,0.9973254384709891
60554.196651255406,0.9999053127954294,1.0002491551385173,1.0002410174323377,0.999649317252469,0.9991367295495539,0.9992814990400298,1.1255617845504182,0.9902874037401636
60554.19682898663,0.9995403840962349,1.000167864167875,1.0002537202753186,1.000117947850451,0.9998619625964522,1.002658190765131,0.920414868691982,0.9936804123073467
60554.19700671784,0.9999606110408774,0.9999232448428134,1.0002314753805408,1.0004830034121326,1.000710728177244,1.0000948021193607,1.019955862013968,1.0088305892560612
60554.19718444907,1.0000223270735802,1.001094875411581,1.0015199396910797,1.0020844846908887,1.0017785948212832,1.0032513109222754,0.8474903286263313,1.004750452775448
60554.19736218029,1.0000587127138423,1.0003029997821158,0.9999941840903573,1.0000079912883775,1.0005066397770828,0.9995342253101767,0.955530705145058,1.0000643396771154
60554.19753991151,0.9998327637652847,0.9994616578317312,0.9994876687485873,1.0003479319963033,1.0003188859097125,0.998496184792272,0.942691476061876,0.9903542338293366
60554.197717642724,1.0006966088919453,1.0001675459584727,0.9996317577092736,0.9999978184938461,1.0011096253859744,1.0004900657921465,0.9013184170915499,0.995557282405406
60554.19789537396,0.9997445115019804,0.9997518412595209,0.9998623330898933,0.9988786686662267,0.9987447812674092,0.9996573007697157,1.1493114013470884,0.9922660977051448
60554.19807310517,1.0008321493657968,1.0002573771340184,1.000176618921057,1.0013274035707187,0.999714101199709,1.001584818241317,0.9557892827055069,0.989161081265162
60554.198250836394,0.9998796154028229,0.9994182139422839,0.9998773721059269,0.9997143397259938,1.0002682531649032,1.002174635799998,1.0958582521133944,0.9991130382093995
60554.19842856762,1.0009579810792133,1.001294198362048,1.0006316564348245,1.0014970023746674,1.0023602454862552,1.0050444802913343,0.7712097668318927,1.003310930306414
60554.19860629884,1.0005082198474948,1.0000575779177807,1.0003516869671334,0.9998730267934158,1.0008673210369017,1.0016694395009675,1.0149042285213774,1.0020186625835472
60554.19878403006,1.0005835809053518,1.0000736919257938,1.0003321509159668,0.9997100147769056,1.000168429474021,0.999660249784824,0.9553389553133487,0.9948381079957994
60554.19896176129,0.9992811559553725,0.9997057068636113,0.9997364993029416,0.997518147158368,0.9992938256473272,0.9994707074300024,0.9083568873626524,0.9958618330511978
60554.199139492506,1.000148171362049,0.9997995671862884,0.9999638850821896,0.9994497667455232,0.9993191787107267,1.0002392600128518,1.0440173994906061,0.9933941356516841
60554.19931722373,0.9998518403928913,1.0002079750033386,1.0000829973739287,1.0017646711102535,1.00098283224014,0.9987737549940054,1.0403751444770966,1.013866544011032
60554.199494954955,0.9995944326275247,1.0002456619314997,1.0001049480912108,1.0015594652154258,0.9999604117416178,1.0003788942197767,1.020430271396353,1.0050366067414482
60554.199672686176,1.0011694207411461,1.0016493192486844,1.0012600689551618,1.0015893597619592,1.001254347921934,1.0008726445897285,1.0198328146117306,1.0064732733911232
60554.19985041739,1.00077669557242,1.0016942732215754,1.0013427026494346,1.001367443587562,1.0010190884095418,1.0023755203738334,0.9641447799524853,1.0016460231057822
60554.20002814862,1.001496824390998,1.001714166389607,1.0027901768541214,1.0036186557855598,1.003081171689501,0.9996625155828087,1.1457429175000233,1.013030447044557
60554.20020587984,1.0003474219711797,1.0000675474038416,0.9997711497274016,1.0003358862385767,0.9999975542925729,1.0008479046898218,0.9577687431298197,1.0007159313723542
60554.20038361106,0.9999305475081249,0.9996399726716432,0.9989488894262483,0.999020173022246,0.9994324675826408,0.9972414623441174,1.0354345565813232,0.997271076868902
60554.20056134227,1.000081106421531,1.0003429372394204,1.0014269378569713,1.0011095056409212,1.0014428258359813,1.00130037566649,1.2170720012386513,1.0144585335704759
60554.20073907351,1.0004966901648225,0.9997526481534084,1.0003895300307737,1.000290605647217,1.0009345503693734,0.9984816297482179,1.0853977248705056,0.997951200516484
60554.20091680473,0.9996784428609812,0.9990245161733645,0.9988145896578138,0.9981410779001811,1.0001271051435272,0.9996432780196618,1.2132539946326244,1.0018874038615382
60554.20109453594,1.0003956764104682,1.0007716932010475,0.9995311696823429,1.0000391442671206,0.9999031842252895,1.0018562687130041,1.0869506617528077,0.9961856909590024
60554.20127226718,0.9998481274720343,0.999258816030407,0.9989381278411608,0.9987221302462364,0.9994154398136692,1.0004272226170234,1.0640942768770858,0.9944565983575179
60554.20144999839,0.9997055505730325,0.9989824622122648,0.9985326614893265,0.9979303486845431,0.9980379170743366,0.9992491670144602,1.1563756341905531,1.002465613563018
60554.20162772961,1.0003540908494228,0.9993044370656843,0.9992109666893735,0.998578129749966,0.9991323976930785,1.002018212440817,0.9526634511702957,0.9882115779234552
60554.20180546084,0.9994890527330246,0.9994411993702605,0.9992177570742528,0.9994462256187944,0.9992041276771676,1.0011782480273237,0.8608973681774311,0.9895087542882961
60554.20198319206,1.0008938191988512,1.0004129539525548,0.9997953067759033,1.00043261952737,1.0009621542555251,1.0035635389608917,0.9809076515359593,1.0056572927250795
60554.202160923276,1.0008242475856932,1.0003252900846364,1.0010624241091848,1.0011276445680815,1.0008088591129232,1.0023543208744021,0.9981154438588208,0.9963805901301238
60554.20233865451,0.9998697625760286,1.000791931996423,1.0004449069355212,1.001248917449964,1.0016251461231405,0.9981382831153799,0.9270401269551898,1.0004756202113183
60554.202516385725,1.0008853565987554,1.0007520725996102,1.0007255010159233,1.0009030310178004,1.0000287474359655,1.0035909555539015,1.0194999016752462,1.010290838926145
60554.202694116946,1.0013409726107705,1.0011484653908882,1.0012274630740985,1.0017711685329669,1.0033929197512748,1.004826224335178,0.93351979383078,1.0069232647885793
60554.20287184817,0.999365120535922,0.9991230285142889,0.9994938316789339,0.9996504393275724,0.9981802764783136,0.9961861207703369,1.0623515048159453,0.9832706705697956
60554.203049579395,1.0002707751142317,1.000184053655868,1.0002497005681614,1.0003208922369309,0.9997363420716263,1.001523786979876,1.1170740304757898,0.9996850830010081
60554.20322731061,0.9992479602778167,0.998943882104342,0.998967247395517,0.9992786884075713,1.0001282168061332,0.9962439478045738,1.263655184140344,0.9961721693280201
60554.20340504183,1.0009949562433913,1.0012666309122158,1.0008893205455407,1.0022358984993032,1.000701069252114,1.000716590058445,1.1339134058299967,1.0089111002070899
60554.20358277306,0.9994589980848197,0.9996198150011182,0.9985666716220614,0.9972974661839916,0.9954861392108215,0.993655620951187,1.3259359816401475,1.005107654974738
60554.20376050428,0.9996569269466125,0.9996087037997206,0.9998062941387892,0.9998679474582074,0.9996251292640008,1.001544910942702,0.8733170260006737,0.9987709908585098
60554.20393823549,1.000790896770265,1.0011363224684833,1.00190995702067,1.0008303809943935,1.0009936198896026,1.0020800913503285,0.9717380431563325,0.9991180610244591
60554.20411596673,0.9994335982562209,0.9992381040336195,0.9987419243865189,0.9995926416026616,0.9998507533732552,1.0012498413345008,0.8248161611850374,0.9985953929441224
60554.20429369795,0.9992834914979538,0.9997618131648118,0.9997739321643839,1.0005195243464255,1.0003878033592486,0.9994936281048492,0.8556094549923989,1.0023879509338494
60554.20447142916,0.9992067583925499,0.9988526685807032,0.9991726249351014,0.998945004550407,0.9984752150949595,0.9972110560195604,1.155197680761608,1.00516264840493
60554.2046491604,1.0006319762672369,1.0009129385003266,1.0007707102762238,1.0006115328548872,1.0007059667959386,1.0004613739748573,1.0127884666490934,1.0058129262543878
60554.20482689161,1.0002217954224741,1.0008045368304992,0.9996754382657308,1.0013681535553218,1.0015554219686584,1.0009006019459292,1.0218398203582233,0.9987592328868767
60554.20500462283,1.0003823092666309,1.000827739344059,1.0012634295557772,1.0017644953508276,1.0019782036071025,1.000475475349019,1.0105033668749381,1.0040141004300545
60554.20518235406,1.0004555924337923,1.0005017019581328,1.0002749421144475,1.0004788279542574,1.0006184866846122,0.9996121021565579,0.9553991006656859,0.9935590438789161
60554.20536008528,1.0009657001110033,1.000241140067833,0.9994095228780266,1.000180703601586,1.0000660700461144,1.0010566714001414,1.2024746438341576,1.0056604020035929
60554.205537816495,0.9997027921259771,0.999795868667274,0.9992009092879923,0.9997010612762661,0.9988865667016456,0.9975215826727944,0.9766957442914405,1.0004530544851125
60554.20571554773,1.000150488452108,1.0002604714906296,0.9998987555368914,1.000377860467112,1.001112053617555,0.9994410031477579,1.0641717523082275,1.0019093785955344
60554.205893278944,0.999735443249097,0.9992557198996938,0.9993433383310889,1.000275663851995,0.9993389890319935,0.9968948116762703,1.2999288875509756,0.9890398590743654
60554.206071010165,1.0009443357806882,1.0010522835749835,1.0013123475887928,1.0018330454209716,1.0012789443060333,1.0011786930779385,0.9972068937999707,1.010531323767118
60554.20624874138,1.0003720970940506,0.9996263562768107,1.0011180488403435,1.0008292637373293,1.000751716573933,1.0006971770651238,0.9370807575264453,0.9933772710094642
60554.206426472614,1.001383090014514,1.0007004602602887,1.0013799846983633,1.0012433649569168,1.0006297701180382,1.0010533286427055,0.9628898826693264,1.0070746770801429
60554.206604203835,0.9990449278584128,0.999115431970416,0.9995210412354306,0.9986011917890673,1.0003656666798182,1.000399932761701,1.163698061846879,1.0005908694427867
60554.20678193505,1.0003147929910865,1.0005638034341455,1.001343887002938,1.0001022850653793,0.999814320457616,0.9981533245911582,0.8345630785772877,1.0095342654609112
60554.206959666284,1.0004391875947292,1.0002939108958198,1.000432485236856,0.9991728147706227,0.9993590296037478,1.000334239907573,0.9178254964800847,0.9978747779591578
60554.2071373975,1.0009776800352197,1.0005240114532121,1.0005550556330778,0.9998490505808978,0.9993399686732767,0.9983476898392298,1.064695774317313,1.0034540693985532
60554.20731512872,1.0002418693063966,0.9999873687952104,0.9999172384483013,0.9994033186706918,0.9996948328781512,1.0013186541956272,0.9211881292203865,1.0088244793035885
60554.20749285995,0.9997207892126865,0.9997311550678546,0.999912223221763,0.9997124526386839,0.9986223191498111,0.9959153501495381,0.9788791634330516,0.9982922412370899
60554.20767059117,1.0004545705741132,1.0006046479414652,1.000420171135423,1.000837440147664,1.001609777317214,1.0026378089821495,0.9330240582407967,1.0022186646401103
60554.20784832238,1.000410034113039,1.0002229589083196,0.999897184401717,1.0002876521892559,1.0002014396084913,1.0002608321995592,0.9831022664257212,1.0082122199633492
60554.20802605362,1.0005522040997532,1.0008299485850085,1.0005779718836265,1.0004835732607558,1.0009418035910278,1.0006720718322006,0.9068358360991743,1.0025265341668381
60554.20820378483,1.0000984422245154,1.0006955571259544,0.9998669985764302,0.9996751060376924,0.9998767778073212,1.0005661671530865,0.9373998598320591,0.9951948377434404
60554.20838151605,1.0001159697970463,0.9997200720908084,0.999791599277108,1.0002320048937912,0.9997361714543586,1.0017004820011177,0.9500495068682733,1.0098055520311824
60554.20855924729,1.0013350541351005,1.0009510191178697,1.0013339344549614,1.0009132142404167,1.0012677657276856,1.0050417311276871,0.9535598768225063,1.0030751502191062
60554.2087369785,1.0002411849228472,1.0000614398154695,1.000428312365333,0.9994645410973871,1.0007396913695117,1.000242243826686,0.9694755041413559,0.9973888215302193
60554.20891470972,0.9996390438554853,0.999782125020937,0.9995340305143942,1.0004901941704711,1.001029203528803,1.0019302369313603,1.0899681824303373,1.0085266877262975
60554.209092440935,0.998740262226647,0.9990711423181174,1.00008034556273,1.000417055413099,1.0001606513143846,1.0009219719869895,0.9194855398613258,1.0053514856294121
60554.20927017217,0.9999831026152768,1.0001362595068108,1.000036801315699,1.0000147574652714,1.0011047097865362,0.9976979234460113,1.006141023969753,0.9902039088935602
60554.209447903384,0.9994736631927437,0.9990282298528876,0.9986162534653228,0.9991034577119314,0.9991598624350506,0.9989234981342393,1.1791393121110278,0.9921960793589452
60554.209625634605,1.0002544559768831,0.9996884490435954,1.0001950861534528,1.0006845701034355,1.0015974221423098,1.0005813661558132,0.8830773584671249,1.0023698439268622
60554.20980336583,1.0007641660364097,1.0013455613593845,1.0010016311831094,1.0016160067521451,1.0018568080958998,1.0026630278951978,0.9493710951567134,0.9993719671172722
60554.209981097054,1.0004624821955619,1.0011967375798179,1.0018801294608481,1.0013141525112135,1.001571782011216,1.0035148011050723,0.962031658276108,1.0008092524562304
60554.210158828275,0.9998588691636621,0.9993875340722554,0.9999832746325711,0.9992011759267156,1.000152616566255,1.0016925531232772,0.971243904127002,1.0055098654636343
60554.2103365595,0.9997778318365755,0.9999603505106165,1.0005976600212267,1.0003173042498217,1.0003200224194935,1.003419422815329,1.0798389959615324,1.0102427421035327
60554.210514290724,1.0001776984048014,1.0000499716969875,1.0006886820858643,1.000548458981171,1.0011295034572045,1.0007281825795675,1.2204126514583606,1.0038299451755741
60554.21069202194,0.9997338302252776,1.0003937463943404,0.9999701041630044,0.9998611373909576,1.000632775135373,1.0015413450274497,1.135125973059871,0.9988436945105509
60554.21086975317,1.0005549749851754,1.000575294132109,1.0005863689754426,1.0003545425439346,0.9997658890068566,1.002160095121407,1.037053394363745,1.0037100996130173
60554.21104748439,0.9991983652286118,0.999248591557491,0.998591004569499,0.997654522150773,0.9984816679062857,1.000667452585467,0.8987837878489134,0.9991520666245082
60554.21122521561,1.0002167287699073,1.0002203217862018,1.0002850646817296,0.9998719912450145,1.0009563603912779,1.003677700179045,0.8971320331640288,0.9948134578555731
60554.211402946836,1.0000347031119419,1.0004444997456858,1.0013772336194087,0.9996225601073893,1.0001848612420903,1.0026522998104408,0.8141432312946123,1.003218577528225
60554.21158067806,0.9998707776014403,0.9994202228709793,0.9998305448693984,0.9996502491140291,1.0007764448137073,1.0002201033251166,0.8949409651702351,0.9978366529199355
60554.21175840928,0.9999331423428158,1.0000237374042358,0.9994960782856206,0.9994485717398283,1.0001301641620555,1.0016321464807365,0.9779586987925344,0.99880627700234
60554.21193614049,1.0006865316278057,1.0007636682921606,1.0009486641427798,1.0014575365624825,1.001173529669499,1.0016783333090906,1.0529849150093007,1.002077213249644
60554.21211387173,0.9992001712521461,0.999565232814896,0.9994221233174486,0.9992064813797585,0.9998573168373338,1.0026691692592022,0.9970800637536495,0.9978047402868794
60554.21229160294,1.0006624048865602,1.000943769652879,1.0004809643554797,0.9998010501074718,0.9992749901635563,1.002371491804914,1.0242214414494375,1.0021016288200468
60554.21246933416,0.999729462718278,0.999599073328441,0.9989782025184307,1.0001338381393683,0.9998061518660377,0.996778880097072,1.2115383875859018,1.014590347253023
60554.21264706539,1.001073608001058,1.000453080916219,1.0015379508601623,1.0012508082333038,1.001280731811797,1.0004462519452824,0.8507422213579293,0.9960765694410736
60554.21282479661,1.0005813512939168,1.0002436071987137,1.0010104751268183,1.00115781829688,1.0004942496504856,1.000839353358621,0.8393677288640315,1.0001541173190296
60554.21300252783,0.999328701817805,0.9995937234429437,0.9993598170725625,0.9990273052381095,0.9994064643514973,1.0000891829077687,0.9193473085115759,0.998672677786671
60554.21318025906,0.9996748416120557,0.9989797499327313,0.9981718352495927,0.9987850296145365,0.9982644598664718,0.9961653236325106,1.069627818250012,0.9896448326649684
60554.21335799028,0.9989344304643957,0.9996276008900687,0.9980898808485917,0.9976227114106938,0.9987040565820702,0.9974259720270502,1.072241911686354,0.987968142998446
60554.213535721494,1.0000700078444535,1.0003389295427962,0.9999406719103172,1.0008050771811048,1.0001217577001893,0.9984716448295907,1.0182934147948919,1.0044886041738887
60554.21371345273,1.0012050350659765,1.0008883108989413,1.0013951408170312,1.0002404911766405,0.9994804931962099,0.9977267177726702,1.2478984248232294,0.9993984618971206
60554.21389118394,1.0010100047537231,0.9999526607457428,1.001057923350286,1.0001034250266279,1.0000786345998791,0.99953866856927,1.0570379374782861,0.9957935817491408
60554.214068915164,0.9996977127616729,0.9995400879821102,0.9993875295334261,0.9991029781520407,0.9986774692766685,0.9982405736155747,1.0604760608518826,0.9976731813009381
60554.2142466464,1.0007395839962623,1.0006780770593309,1.0015164478767178,1.0020077644804606,1.0020260524744342,1.0022219714794407,1.0656297577246043,1.0065388094701329
60554.21442437761,0.9998884351617394,0.9990294859171682,0.9990859688878376,0.9993910347830333,0.9986854561525742,0.9974778174540939,0.9857167670079026,0.9958109412627169
60554.214602108834,0.9998160587651923,1.000216088778612,1.0000939370138167,1.0015423824288339,1.0005305366303843,1.0006114950125278,1.1338002656431956,1.0141984783634943
60554.21477984005,1.0007004414124836,1.0003757134529927,1.0003222264922211,1.0022358833191798,1.002210820870914,1.001532574848071,0.9917337274279339,1.004922992656366
60554.21495757128,1.0012785413036294,1.0013801948965644,1.0018107018079043,1.0015909480648453,1.0009411277478701,1.0015814715816211,0.9147359311174585,1.008276750685922
60554.2151353025,1.0000848502332769,1.0001396628797499,1.0003461029843705,1.0001112004177093,1.00112860647419,1.0024476505633824,1.0379193981397972,0.9975514259141889
60554.21531303372,0.99967858870425,0.9994906192419611,0.9984267579827439,0.9986530876140962,0.9984399475118239,0.999748451368072,0.9889415554157358,1.0029052155372513
60554.21549076495,1.0013238935028743,1.0005457903304849,0.9995538053765393,1.0001687513006172,0.9989725543259984,1.0019329051338317,0.9062576548490211,0.9983813024310639
60554.21566849617,0.9997017324044559,0.9994697677362363,0.999525872135563,0.9998225988202956,0.9987511436350188,0.9976283494940879,0.9563254544344187,1.0026091920595765
60554.21584622739,1.0002967080156966,1.000458288228421,0.9997632646533791,1.001518367276,1.000936306402049,1.006529454521776,1.1058295611495188,1.0054779590178353
60554.216023958616,0.9991892066267118,1.0004401825488876,0.9992684052864387,0.9989818505373371,0.9993224527401418,1.0008576892852863,0.8695150682602129,1.0001648751388008
60554.21620168984,1.0001072476314703,0.999509544717943,0.999262347013509,0.9998809708818659,1.0002294605958857,0.9995070005496979,0.8820689817379481,0.9983690274959285
60554.21637942105,0.9993777346801639,0.9998079232071382,1.0006634181969838,0.9996318147684721,1.000665970961064,1.0013200098021753,0.9547298114607642,0.9991456184474629
60554.216557152286,1.00017196076385,1.000115191238067,0.9986563364720688,0.9987922929074634,0.9974008037050469,0.9978031509972424,1.0773726086313504,0.9923631838803585
60554.21673488351,0.9997395015738342,0.999675400361432,0.999008483201751,0.9992242369098084,1.0009637729661471,1.001154630327356,0.9637856239505522,0.9971609230981674
60554.21691261472,0.9999671616862928,1.0003921311550272,1.0010762204653825,1.001109934578401,1.0006284321804928,0.9995333275973958,1.029676808686264,1.0127542307956388
